[0.256s] Invoking command in '/home/a/ws_nhk/build/stm32_mavlink_msgs': CMAKE_PREFIX_PATH=${CMAKE_PREFIX_PATH}:/home/a/ws_nhk/install/ikeyaMD_wizard:/home/a/ws_nhk/install/moveit_configs_utils:/home/a/ws_nhk/install/rogidrive:/home/a/ws_nhk/install/launch_param_builder:/home/a/ws_nhk/install/dynamixel_controller_gui:/home/a/ws_nhk/install/dynamixel_controller_client:/opt/ros/humble /usr/bin/cmake --build /home/a/ws_nhk/build/stm32_mavlink_msgs -- -j22 -l22
[0.594s] [  0%] Built target stm32_mavlink_msgs__cpp
[0.595s] [ 12%] Built target stm32_mavlink_msgs__rosidl_generator_c
[0.595s] [ 12%] Built target ament_cmake_python_copy_stm32_mavlink_msgs
[0.595s] [ 24%] Built target stm32_mavlink_msgs__rosidl_typesupport_cpp
[0.595s] [ 37%] Built target stm32_mavlink_msgs__rosidl_typesupport_introspection_c
[0.595s] [ 50%] Built target stm32_mavlink_msgs__rosidl_typesupport_introspection_cpp
[0.595s] [ 62%] Built target stm32_mavlink_msgs__rosidl_typesupport_c
[0.595s] [ 74%] Built target stm32_mavlink_msgs__rosidl_typesupport_fastrtps_cpp
[0.595s] [ 86%] Built target stm32_mavlink_msgs__rosidl_typesupport_fastrtps_c
[0.595s] [ 86%] Built target stm32_mavlink_msgs
[0.595s] [ 86%] Built target stm32_mavlink_msgs__py
[0.595s] [ 98%] Built target stm32_mavlink_msgs__rosidl_generator_py
[0.595s] [100%] Built target stm32_mavlink_msgs__rosidl_typesupport_introspection_c__pyext
[0.595s] [100%] Built target stm32_mavlink_msgs__rosidl_typesupport_c__pyext
[0.595s] [100%] Built target stm32_mavlink_msgs__rosidl_typesupport_fastrtps_c__pyext
[0.611s] running egg_info
[0.612s] writing stm32_mavlink_msgs.egg-info/PKG-INFO
[0.612s] writing dependency_links to stm32_mavlink_msgs.egg-info/dependency_links.txt
[0.612s] writing top-level names to stm32_mavlink_msgs.egg-info/top_level.txt
[0.615s] reading manifest file 'stm32_mavlink_msgs.egg-info/SOURCES.txt'
[0.615s] writing manifest file 'stm32_mavlink_msgs.egg-info/SOURCES.txt'
[0.640s] [100%] Built target ament_cmake_python_build_stm32_mavlink_msgs_egg
[0.824s] Invoked command in '/home/a/ws_nhk/build/stm32_mavlink_msgs' returned '0': CMAKE_PREFIX_PATH=${CMAKE_PREFIX_PATH}:/home/a/ws_nhk/install/ikeyaMD_wizard:/home/a/ws_nhk/install/moveit_configs_utils:/home/a/ws_nhk/install/rogidrive:/home/a/ws_nhk/install/launch_param_builder:/home/a/ws_nhk/install/dynamixel_controller_gui:/home/a/ws_nhk/install/dynamixel_controller_client:/opt/ros/humble /usr/bin/cmake --build /home/a/ws_nhk/build/stm32_mavlink_msgs -- -j22 -l22
[0.852s] Invoking command in '/home/a/ws_nhk/build/stm32_mavlink_msgs': CMAKE_PREFIX_PATH=${CMAKE_PREFIX_PATH}:/home/a/ws_nhk/install/ikeyaMD_wizard:/home/a/ws_nhk/install/moveit_configs_utils:/home/a/ws_nhk/install/rogidrive:/home/a/ws_nhk/install/launch_param_builder:/home/a/ws_nhk/install/dynamixel_controller_gui:/home/a/ws_nhk/install/dynamixel_controller_client:/opt/ros/humble /usr/bin/cmake --install /home/a/ws_nhk/build/stm32_mavlink_msgs
[0.893s] -- Install configuration: "Release"
[0.893s] -- Up-to-date: /home/a/ws_nhk/install/stm32_mavlink_msgs/share/ament_index/resource_index/rosidl_interfaces/stm32_mavlink_msgs
[0.893s] -- Up-to-date: /home/a/ws_nhk/install/stm32_mavlink_msgs/include/stm32_mavlink_msgs/stm32_mavlink_msgs
[0.893s] -- Up-to-date: /home/a/ws_nhk/install/stm32_mavlink_msgs/include/stm32_mavlink_msgs/stm32_mavlink_msgs/msg
[0.894s] -- Up-to-date: /home/a/ws_nhk/install/stm32_mavlink_msgs/include/stm32_mavlink_msgs/stm32_mavlink_msgs/msg/robomaster_motor_command.h
[0.894s] -- Up-to-date: /home/a/ws_nhk/install/stm32_mavlink_msgs/include/stm32_mavlink_msgs/stm32_mavlink_msgs/msg/rs485_motor_command.h
[0.894s] -- Up-to-date: /home/a/ws_nhk/install/stm32_mavlink_msgs/include/stm32_mavlink_msgs/stm32_mavlink_msgs/msg/servo_command.h
[0.894s] -- Up-to-date: /home/a/ws_nhk/install/stm32_mavlink_msgs/include/stm32_mavlink_msgs/stm32_mavlink_msgs/msg/rs485_write_request.h
[0.895s] -- Up-to-date: /home/a/ws_nhk/install/stm32_mavlink_msgs/include/stm32_mavlink_msgs/stm32_mavlink_msgs/msg/encoder_config.h
[0.895s] -- Up-to-date: /home/a/ws_nhk/install/stm32_mavlink_msgs/include/stm32_mavlink_msgs/stm32_mavlink_msgs/msg/rs485_flash_save_request.h
[0.895s] -- Up-to-date: /home/a/ws_nhk/install/stm32_mavlink_msgs/include/stm32_mavlink_msgs/stm32_mavlink_msgs/msg/dc_motor_command.h
[0.895s] -- Up-to-date: /home/a/ws_nhk/install/stm32_mavlink_msgs/include/stm32_mavlink_msgs/stm32_mavlink_msgs/msg/rs485_read_request.h
[0.895s] -- Up-to-date: /home/a/ws_nhk/install/stm32_mavlink_msgs/include/stm32_mavlink_msgs/stm32_mavlink_msgs/msg/solenoid_command.h
[0.895s] -- Up-to-date: /home/a/ws_nhk/install/stm32_mavlink_msgs/include/stm32_mavlink_msgs/stm32_mavlink_msgs/msg/dc_motor_config.h
[0.895s] -- Up-to-date: /home/a/ws_nhk/install/stm32_mavlink_msgs/include/stm32_mavlink_msgs/stm32_mavlink_msgs/msg/rs485_motor_state.h
[0.895s] -- Up-to-date: /home/a/ws_nhk/install/stm32_mavlink_msgs/include/stm32_mavlink_msgs/stm32_mavlink_msgs/msg/rosidl_generator_c__visibility_control.h
[0.895s] -- Up-to-date: /home/a/ws_nhk/install/stm32_mavlink_msgs/include/stm32_mavlink_msgs/stm32_mavlink_msgs/msg/wtt12_l_status.h
[0.895s] -- Up-to-date: /home/a/ws_nhk/install/stm32_mavlink_msgs/include/stm32_mavlink_msgs/stm32_mavlink_msgs/msg/rs485_motor_config.h
[0.896s] -- Up-to-date: /home/a/ws_nhk/install/stm32_mavlink_msgs/include/stm32_mavlink_msgs/stm32_mavlink_msgs/msg/dc_motor_state.h
[0.896s] -- Up-to-date: /home/a/ws_nhk/install/stm32_mavlink_msgs/include/stm32_mavlink_msgs/stm32_mavlink_msgs/msg/servo_state.h
[0.896s] -- Up-to-date: /home/a/ws_nhk/install/stm32_mavlink_msgs/include/stm32_mavlink_msgs/stm32_mavlink_msgs/msg/rs485_read_response.h
[0.896s] -- Up-to-date: /home/a/ws_nhk/install/stm32_mavlink_msgs/include/stm32_mavlink_msgs/stm32_mavlink_msgs/msg/robomaster_motor_config.h
[0.896s] -- Up-to-date: /home/a/ws_nhk/install/stm32_mavlink_msgs/include/stm32_mavlink_msgs/stm32_mavlink_msgs/msg/detail
[0.896s] -- Up-to-date: /home/a/ws_nhk/install/stm32_mavlink_msgs/include/stm32_mavlink_msgs/stm32_mavlink_msgs/msg/detail/rs485_write_request__type_support.h
[0.896s] -- Up-to-date: /home/a/ws_nhk/install/stm32_mavlink_msgs/include/stm32_mavlink_msgs/stm32_mavlink_msgs/msg/detail/dc_motor_state__functions.c
[0.896s] -- Up-to-date: /home/a/ws_nhk/install/stm32_mavlink_msgs/include/stm32_mavlink_msgs/stm32_mavlink_msgs/msg/detail/robomaster_motor_state__type_support.h
[0.896s] -- Up-to-date: /home/a/ws_nhk/install/stm32_mavlink_msgs/include/stm32_mavlink_msgs/stm32_mavlink_msgs/msg/detail/robomaster_motor_command__functions.c
[0.896s] -- Up-to-date: /home/a/ws_nhk/install/stm32_mavlink_msgs/include/stm32_mavlink_msgs/stm32_mavlink_msgs/msg/detail/encoder_config__functions.c
[0.897s] -- Up-to-date: /home/a/ws_nhk/install/stm32_mavlink_msgs/include/stm32_mavlink_msgs/stm32_mavlink_msgs/msg/detail/robomaster_motor_command__type_support.h
[0.897s] -- Up-to-date: /home/a/ws_nhk/install/stm32_mavlink_msgs/include/stm32_mavlink_msgs/stm32_mavlink_msgs/msg/detail/encoder_config__struct.h
[0.897s] -- Up-to-date: /home/a/ws_nhk/install/stm32_mavlink_msgs/include/stm32_mavlink_msgs/stm32_mavlink_msgs/msg/detail/solenoid_status__type_support.h
[0.897s] -- Up-to-date: /home/a/ws_nhk/install/stm32_mavlink_msgs/include/stm32_mavlink_msgs/stm32_mavlink_msgs/msg/detail/encoder_config__functions.h
[0.897s] -- Up-to-date: /home/a/ws_nhk/install/stm32_mavlink_msgs/include/stm32_mavlink_msgs/stm32_mavlink_msgs/msg/detail/dc_motor_command__type_support.h
[0.897s] -- Up-to-date: /home/a/ws_nhk/install/stm32_mavlink_msgs/include/stm32_mavlink_msgs/stm32_mavlink_msgs/msg/detail/dc_motor_command__struct.h
[0.898s] -- Up-to-date: /home/a/ws_nhk/install/stm32_mavlink_msgs/include/stm32_mavlink_msgs/stm32_mavlink_msgs/msg/detail/rs485_motor_state__functions.c
[0.898s] -- Up-to-date: /home/a/ws_nhk/install/stm32_mavlink_msgs/include/stm32_mavlink_msgs/stm32_mavlink_msgs/msg/detail/rs485_motor_config__functions.h
[0.898s] -- Up-to-date: /home/a/ws_nhk/install/stm32_mavlink_msgs/include/stm32_mavlink_msgs/stm32_mavlink_msgs/msg/detail/limit_switch_status__struct.h
[0.898s] -- Up-to-date: /home/a/ws_nhk/install/stm32_mavlink_msgs/include/stm32_mavlink_msgs/stm32_mavlink_msgs/msg/detail/robomaster_motor_state__struct.h
[0.898s] -- Up-to-date: /home/a/ws_nhk/install/stm32_mavlink_msgs/include/stm32_mavlink_msgs/stm32_mavlink_msgs/msg/detail/solenoid_command__functions.h
[0.898s] -- Up-to-date: /home/a/ws_nhk/install/stm32_mavlink_msgs/include/stm32_mavlink_msgs/stm32_mavlink_msgs/msg/detail/servo_command__functions.h
[0.898s] -- Up-to-date: /home/a/ws_nhk/install/stm32_mavlink_msgs/include/stm32_mavlink_msgs/stm32_mavlink_msgs/msg/detail/rs485_motor_state__type_support.h
[0.898s] -- Up-to-date: /home/a/ws_nhk/install/stm32_mavlink_msgs/include/stm32_mavlink_msgs/stm32_mavlink_msgs/msg/detail/dc_motor_command__functions.h
[0.898s] -- Up-to-date: /home/a/ws_nhk/install/stm32_mavlink_msgs/include/stm32_mavlink_msgs/stm32_mavlink_msgs/msg/detail/servo_state__type_support.h
[0.899s] -- Up-to-date: /home/a/ws_nhk/install/stm32_mavlink_msgs/include/stm32_mavlink_msgs/stm32_mavlink_msgs/msg/detail/rs485_motor_command__functions.h
[0.899s] -- Up-to-date: /home/a/ws_nhk/install/stm32_mavlink_msgs/include/stm32_mavlink_msgs/stm32_mavlink_msgs/msg/detail/rs485_read_request__type_support.h
[0.899s] -- Up-to-date: /home/a/ws_nhk/install/stm32_mavlink_msgs/include/stm32_mavlink_msgs/stm32_mavlink_msgs/msg/detail/rs485_write_request__struct.h
[0.899s] -- Up-to-date: /home/a/ws_nhk/install/stm32_mavlink_msgs/include/stm32_mavlink_msgs/stm32_mavlink_msgs/msg/detail/rs485_read_request__struct.h
[0.899s] -- Up-to-date: /home/a/ws_nhk/install/stm32_mavlink_msgs/include/stm32_mavlink_msgs/stm32_mavlink_msgs/msg/detail/rs485_write_response__type_support.h
[0.899s] -- Up-to-date: /home/a/ws_nhk/install/stm32_mavlink_msgs/include/stm32_mavlink_msgs/stm32_mavlink_msgs/msg/detail/rs485_write_request__functions.h
[0.899s] -- Up-to-date: /home/a/ws_nhk/install/stm32_mavlink_msgs/include/stm32_mavlink_msgs/stm32_mavlink_msgs/msg/detail/robomaster_motor_command__functions.h
[0.899s] -- Up-to-date: /home/a/ws_nhk/install/stm32_mavlink_msgs/include/stm32_mavlink_msgs/stm32_mavlink_msgs/msg/detail/wtt12_l_status__type_support.h
[0.899s] -- Up-to-date: /home/a/ws_nhk/install/stm32_mavlink_msgs/include/stm32_mavlink_msgs/stm32_mavlink_msgs/msg/detail/solenoid_command__functions.c
[0.899s] -- Up-to-date: /home/a/ws_nhk/install/stm32_mavlink_msgs/include/stm32_mavlink_msgs/stm32_mavlink_msgs/msg/detail/rs485_motor_config__functions.c
[0.900s] -- Up-to-date: /home/a/ws_nhk/install/stm32_mavlink_msgs/include/stm32_mavlink_msgs/stm32_mavlink_msgs/msg/detail/servo_command__type_support.h
[0.900s] -- Up-to-date: /home/a/ws_nhk/install/stm32_mavlink_msgs/include/stm32_mavlink_msgs/stm32_mavlink_msgs/msg/detail/encoder_config__type_support.h
[0.900s] -- Up-to-date: /home/a/ws_nhk/install/stm32_mavlink_msgs/include/stm32_mavlink_msgs/stm32_mavlink_msgs/msg/detail/solenoid_status__functions.h
[0.900s] -- Up-to-date: /home/a/ws_nhk/install/stm32_mavlink_msgs/include/stm32_mavlink_msgs/stm32_mavlink_msgs/msg/detail/servo_command__struct.h
[0.900s] -- Up-to-date: /home/a/ws_nhk/install/stm32_mavlink_msgs/include/stm32_mavlink_msgs/stm32_mavlink_msgs/msg/detail/solenoid_command__type_support.h
[0.900s] -- Up-to-date: /home/a/ws_nhk/install/stm32_mavlink_msgs/include/stm32_mavlink_msgs/stm32_mavlink_msgs/msg/detail/rs485_motor_config__struct.h
[0.900s] -- Up-to-date: /home/a/ws_nhk/install/stm32_mavlink_msgs/include/stm32_mavlink_msgs/stm32_mavlink_msgs/msg/detail/servo_state__functions.c
[0.900s] -- Up-to-date: /home/a/ws_nhk/install/stm32_mavlink_msgs/include/stm32_mavlink_msgs/stm32_mavlink_msgs/msg/detail/rs485_write_response__struct.h
[0.901s] -- Up-to-date: /home/a/ws_nhk/install/stm32_mavlink_msgs/include/stm32_mavlink_msgs/stm32_mavlink_msgs/msg/detail/rs485_read_response__type_support.h
[0.901s] -- Up-to-date: /home/a/ws_nhk/install/stm32_mavlink_msgs/include/stm32_mavlink_msgs/stm32_mavlink_msgs/msg/detail/servo_state__struct.h
[0.901s] -- Up-to-date: /home/a/ws_nhk/install/stm32_mavlink_msgs/include/stm32_mavlink_msgs/stm32_mavlink_msgs/msg/detail/dc_motor_config__functions.c
[0.901s] -- Up-to-date: /home/a/ws_nhk/install/stm32_mavlink_msgs/include/stm32_mavlink_msgs/stm32_mavlink_msgs/msg/detail/rs485_write_response__functions.c
[0.901s] -- Up-to-date: /home/a/ws_nhk/install/stm32_mavlink_msgs/include/stm32_mavlink_msgs/stm32_mavlink_msgs/msg/detail/rs485_read_request__functions.h
[0.901s] -- Up-to-date: /home/a/ws_nhk/install/stm32_mavlink_msgs/include/stm32_mavlink_msgs/stm32_mavlink_msgs/msg/detail/dc_motor_config__type_support.h
[0.901s] -- Up-to-date: /home/a/ws_nhk/install/stm32_mavlink_msgs/include/stm32_mavlink_msgs/stm32_mavlink_msgs/msg/detail/servo_command__functions.c
[0.901s] -- Up-to-date: /home/a/ws_nhk/install/stm32_mavlink_msgs/include/stm32_mavlink_msgs/stm32_mavlink_msgs/msg/detail/rs485_motor_command__type_support.h
[0.901s] -- Up-to-date: /home/a/ws_nhk/install/stm32_mavlink_msgs/include/stm32_mavlink_msgs/stm32_mavlink_msgs/msg/detail/dc_motor_state__functions.h
[0.901s] -- Up-to-date: /home/a/ws_nhk/install/stm32_mavlink_msgs/include/stm32_mavlink_msgs/stm32_mavlink_msgs/msg/detail/rs485_flash_save_request__type_support.h
[0.901s] -- Up-to-date: /home/a/ws_nhk/install/stm32_mavlink_msgs/include/stm32_mavlink_msgs/stm32_mavlink_msgs/msg/detail/encoder_state__struct.h
[0.901s] -- Up-to-date: /home/a/ws_nhk/install/stm32_mavlink_msgs/include/stm32_mavlink_msgs/stm32_mavlink_msgs/msg/detail/dc_motor_config__struct.h
[0.901s] -- Up-to-date: /home/a/ws_nhk/install/stm32_mavlink_msgs/include/stm32_mavlink_msgs/stm32_mavlink_msgs/msg/detail/rs485_motor_command__functions.c
[0.902s] -- Up-to-date: /home/a/ws_nhk/install/stm32_mavlink_msgs/include/stm32_mavlink_msgs/stm32_mavlink_msgs/msg/detail/rs485_motor_state__struct.h
[0.902s] -- Up-to-date: /home/a/ws_nhk/install/stm32_mavlink_msgs/include/stm32_mavlink_msgs/stm32_mavlink_msgs/msg/detail/limit_switch_status__functions.h
[0.902s] -- Up-to-date: /home/a/ws_nhk/install/stm32_mavlink_msgs/include/stm32_mavlink_msgs/stm32_mavlink_msgs/msg/detail/solenoid_status__functions.c
[0.902s] -- Up-to-date: /home/a/ws_nhk/install/stm32_mavlink_msgs/include/stm32_mavlink_msgs/stm32_mavlink_msgs/msg/detail/robomaster_motor_state__functions.c
[0.902s] -- Up-to-date: /home/a/ws_nhk/install/stm32_mavlink_msgs/include/stm32_mavlink_msgs/stm32_mavlink_msgs/msg/detail/wtt12_l_status__struct.h
[0.902s] -- Up-to-date: /home/a/ws_nhk/install/stm32_mavlink_msgs/include/stm32_mavlink_msgs/stm32_mavlink_msgs/msg/detail/dc_motor_command__functions.c
[0.902s] -- Up-to-date: /home/a/ws_nhk/install/stm32_mavlink_msgs/include/stm32_mavlink_msgs/stm32_mavlink_msgs/msg/detail/limit_switch_status__functions.c
[0.903s] -- Up-to-date: /home/a/ws_nhk/install/stm32_mavlink_msgs/include/stm32_mavlink_msgs/stm32_mavlink_msgs/msg/detail/robomaster_motor_config__functions.h
[0.903s] -- Up-to-date: /home/a/ws_nhk/install/stm32_mavlink_msgs/include/stm32_mavlink_msgs/stm32_mavlink_msgs/msg/detail/rs485_read_request__functions.c
[0.903s] -- Up-to-date: /home/a/ws_nhk/install/stm32_mavlink_msgs/include/stm32_mavlink_msgs/stm32_mavlink_msgs/msg/detail/limit_switch_status__type_support.h
[0.903s] -- Up-to-date: /home/a/ws_nhk/install/stm32_mavlink_msgs/include/stm32_mavlink_msgs/stm32_mavlink_msgs/msg/detail/solenoid_command__struct.h
[0.903s] -- Up-to-date: /home/a/ws_nhk/install/stm32_mavlink_msgs/include/stm32_mavlink_msgs/stm32_mavlink_msgs/msg/detail/robomaster_motor_config__functions.c
[0.903s] -- Up-to-date: /home/a/ws_nhk/install/stm32_mavlink_msgs/include/stm32_mavlink_msgs/stm32_mavlink_msgs/msg/detail/encoder_state__functions.c
[0.903s] -- Up-to-date: /home/a/ws_nhk/install/stm32_mavlink_msgs/include/stm32_mavlink_msgs/stm32_mavlink_msgs/msg/detail/robomaster_motor_config__struct.h
[0.903s] -- Up-to-date: /home/a/ws_nhk/install/stm32_mavlink_msgs/include/stm32_mavlink_msgs/stm32_mavlink_msgs/msg/detail/robomaster_motor_command__struct.h
[0.904s] -- Up-to-date: /home/a/ws_nhk/install/stm32_mavlink_msgs/include/stm32_mavlink_msgs/stm32_mavlink_msgs/msg/detail/rs485_motor_state__functions.h
[0.904s] -- Up-to-date: /home/a/ws_nhk/install/stm32_mavlink_msgs/include/stm32_mavlink_msgs/stm32_mavlink_msgs/msg/detail/rs485_flash_save_request__functions.c
[0.904s] -- Up-to-date: /home/a/ws_nhk/install/stm32_mavlink_msgs/include/stm32_mavlink_msgs/stm32_mavlink_msgs/msg/detail/solenoid_status__struct.h
[0.904s] -- Up-to-date: /home/a/ws_nhk/install/stm32_mavlink_msgs/include/stm32_mavlink_msgs/stm32_mavlink_msgs/msg/detail/dc_motor_config__functions.h
[0.904s] -- Up-to-date: /home/a/ws_nhk/install/stm32_mavlink_msgs/include/stm32_mavlink_msgs/stm32_mavlink_msgs/msg/detail/robomaster_motor_config__type_support.h
[0.904s] -- Up-to-date: /home/a/ws_nhk/install/stm32_mavlink_msgs/include/stm32_mavlink_msgs/stm32_mavlink_msgs/msg/detail/rs485_write_response__functions.h
[0.904s] -- Up-to-date: /home/a/ws_nhk/install/stm32_mavlink_msgs/include/stm32_mavlink_msgs/stm32_mavlink_msgs/msg/detail/encoder_state__functions.h
[0.904s] -- Up-to-date: /home/a/ws_nhk/install/stm32_mavlink_msgs/include/stm32_mavlink_msgs/stm32_mavlink_msgs/msg/detail/rs485_flash_save_request__functions.h
[0.904s] -- Up-to-date: /home/a/ws_nhk/install/stm32_mavlink_msgs/include/stm32_mavlink_msgs/stm32_mavlink_msgs/msg/detail/dc_motor_state__type_support.h
[0.904s] -- Up-to-date: /home/a/ws_nhk/install/stm32_mavlink_msgs/include/stm32_mavlink_msgs/stm32_mavlink_msgs/msg/detail/rs485_motor_config__type_support.h
[0.904s] -- Up-to-date: /home/a/ws_nhk/install/stm32_mavlink_msgs/include/stm32_mavlink_msgs/stm32_mavlink_msgs/msg/detail/rs485_flash_save_request__struct.h
[0.905s] -- Up-to-date: /home/a/ws_nhk/install/stm32_mavlink_msgs/include/stm32_mavlink_msgs/stm32_mavlink_msgs/msg/detail/robomaster_motor_state__functions.h
[0.905s] -- Up-to-date: /home/a/ws_nhk/install/stm32_mavlink_msgs/include/stm32_mavlink_msgs/stm32_mavlink_msgs/msg/detail/rs485_read_response__functions.c
[0.905s] -- Up-to-date: /home/a/ws_nhk/install/stm32_mavlink_msgs/include/stm32_mavlink_msgs/stm32_mavlink_msgs/msg/detail/wtt12_l_status__functions.h
[0.905s] -- Up-to-date: /home/a/ws_nhk/install/stm32_mavlink_msgs/include/stm32_mavlink_msgs/stm32_mavlink_msgs/msg/detail/rs485_read_response__functions.h
[0.905s] -- Up-to-date: /home/a/ws_nhk/install/stm32_mavlink_msgs/include/stm32_mavlink_msgs/stm32_mavlink_msgs/msg/detail/rs485_write_request__functions.c
[0.905s] -- Up-to-date: /home/a/ws_nhk/install/stm32_mavlink_msgs/include/stm32_mavlink_msgs/stm32_mavlink_msgs/msg/detail/rs485_motor_command__struct.h
[0.905s] -- Up-to-date: /home/a/ws_nhk/install/stm32_mavlink_msgs/include/stm32_mavlink_msgs/stm32_mavlink_msgs/msg/detail/wtt12_l_status__functions.c
[0.905s] -- Up-to-date: /home/a/ws_nhk/install/stm32_mavlink_msgs/include/stm32_mavlink_msgs/stm32_mavlink_msgs/msg/detail/dc_motor_state__struct.h
[0.905s] -- Up-to-date: /home/a/ws_nhk/install/stm32_mavlink_msgs/include/stm32_mavlink_msgs/stm32_mavlink_msgs/msg/detail/servo_state__functions.h
[0.905s] -- Up-to-date: /home/a/ws_nhk/install/stm32_mavlink_msgs/include/stm32_mavlink_msgs/stm32_mavlink_msgs/msg/detail/encoder_state__type_support.h
[0.905s] -- Up-to-date: /home/a/ws_nhk/install/stm32_mavlink_msgs/include/stm32_mavlink_msgs/stm32_mavlink_msgs/msg/detail/rs485_read_response__struct.h
[0.905s] -- Up-to-date: /home/a/ws_nhk/install/stm32_mavlink_msgs/include/stm32_mavlink_msgs/stm32_mavlink_msgs/msg/rs485_write_response.h
[0.905s] -- Up-to-date: /home/a/ws_nhk/install/stm32_mavlink_msgs/include/stm32_mavlink_msgs/stm32_mavlink_msgs/msg/limit_switch_status.h
[0.906s] -- Up-to-date: /home/a/ws_nhk/install/stm32_mavlink_msgs/include/stm32_mavlink_msgs/stm32_mavlink_msgs/msg/encoder_state.h
[0.906s] -- Up-to-date: /home/a/ws_nhk/install/stm32_mavlink_msgs/include/stm32_mavlink_msgs/stm32_mavlink_msgs/msg/solenoid_status.h
[0.906s] -- Up-to-date: /home/a/ws_nhk/install/stm32_mavlink_msgs/include/stm32_mavlink_msgs/stm32_mavlink_msgs/msg/robomaster_motor_state.h
[0.906s] -- Up-to-date: /home/a/ws_nhk/install/stm32_mavlink_msgs/include/stm32_mavlink_msgs/stm32_mavlink_msgs/srv
[0.906s] -- Up-to-date: /home/a/ws_nhk/install/stm32_mavlink_msgs/include/stm32_mavlink_msgs/stm32_mavlink_msgs/srv/set_robomaster_motor_config.h
[0.906s] -- Up-to-date: /home/a/ws_nhk/install/stm32_mavlink_msgs/include/stm32_mavlink_msgs/stm32_mavlink_msgs/srv/get_dc_motor_config.h
[0.906s] -- Up-to-date: /home/a/ws_nhk/install/stm32_mavlink_msgs/include/stm32_mavlink_msgs/stm32_mavlink_msgs/srv/write_rs485_param.h
[0.906s] -- Up-to-date: /home/a/ws_nhk/install/stm32_mavlink_msgs/include/stm32_mavlink_msgs/stm32_mavlink_msgs/srv/set_encoder_config.h
[0.906s] -- Up-to-date: /home/a/ws_nhk/install/stm32_mavlink_msgs/include/stm32_mavlink_msgs/stm32_mavlink_msgs/srv/set_dc_motor_config.h
[0.906s] -- Up-to-date: /home/a/ws_nhk/install/stm32_mavlink_msgs/include/stm32_mavlink_msgs/stm32_mavlink_msgs/srv/read_rs485_param.h
[0.906s] -- Up-to-date: /home/a/ws_nhk/install/stm32_mavlink_msgs/include/stm32_mavlink_msgs/stm32_mavlink_msgs/srv/flash_save_rs485.h
[0.906s] -- Up-to-date: /home/a/ws_nhk/install/stm32_mavlink_msgs/include/stm32_mavlink_msgs/stm32_mavlink_msgs/srv/detail
[0.906s] -- Up-to-date: /home/a/ws_nhk/install/stm32_mavlink_msgs/include/stm32_mavlink_msgs/stm32_mavlink_msgs/srv/detail/get_dc_motor_config__functions.c
[0.906s] -- Up-to-date: /home/a/ws_nhk/install/stm32_mavlink_msgs/include/stm32_mavlink_msgs/stm32_mavlink_msgs/srv/detail/get_robomaster_motor_config__functions.h
[0.907s] -- Up-to-date: /home/a/ws_nhk/install/stm32_mavlink_msgs/include/stm32_mavlink_msgs/stm32_mavlink_msgs/srv/detail/write_rs485_param__functions.c
[0.907s] -- Up-to-date: /home/a/ws_nhk/install/stm32_mavlink_msgs/include/stm32_mavlink_msgs/stm32_mavlink_msgs/srv/detail/read_rs485_param__type_support.h
[0.907s] -- Up-to-date: /home/a/ws_nhk/install/stm32_mavlink_msgs/include/stm32_mavlink_msgs/stm32_mavlink_msgs/srv/detail/get_robomaster_motor_config__struct.h
[0.907s] -- Up-to-date: /home/a/ws_nhk/install/stm32_mavlink_msgs/include/stm32_mavlink_msgs/stm32_mavlink_msgs/srv/detail/set_encoder_config__struct.h
[0.907s] -- Up-to-date: /home/a/ws_nhk/install/stm32_mavlink_msgs/include/stm32_mavlink_msgs/stm32_mavlink_msgs/srv/detail/set_dc_motor_config__type_support.h
[0.907s] -- Up-to-date: /home/a/ws_nhk/install/stm32_mavlink_msgs/include/stm32_mavlink_msgs/stm32_mavlink_msgs/srv/detail/set_dc_motor_config__functions.h
[0.907s] -- Up-to-date: /home/a/ws_nhk/install/stm32_mavlink_msgs/include/stm32_mavlink_msgs/stm32_mavlink_msgs/srv/detail/set_robomaster_motor_config__struct.h
[0.907s] -- Up-to-date: /home/a/ws_nhk/install/stm32_mavlink_msgs/include/stm32_mavlink_msgs/stm32_mavlink_msgs/srv/detail/read_rs485_param__functions.c
[0.907s] -- Up-to-date: /home/a/ws_nhk/install/stm32_mavlink_msgs/include/stm32_mavlink_msgs/stm32_mavlink_msgs/srv/detail/set_robomaster_motor_config__functions.c
[0.907s] -- Up-to-date: /home/a/ws_nhk/install/stm32_mavlink_msgs/include/stm32_mavlink_msgs/stm32_mavlink_msgs/srv/detail/get_robomaster_motor_config__functions.c
[0.907s] -- Up-to-date: /home/a/ws_nhk/install/stm32_mavlink_msgs/include/stm32_mavlink_msgs/stm32_mavlink_msgs/srv/detail/set_dc_motor_config__functions.c
[0.907s] -- Up-to-date: /home/a/ws_nhk/install/stm32_mavlink_msgs/include/stm32_mavlink_msgs/stm32_mavlink_msgs/srv/detail/set_robomaster_motor_config__type_support.h
[0.907s] -- Up-to-date: /home/a/ws_nhk/install/stm32_mavlink_msgs/include/stm32_mavlink_msgs/stm32_mavlink_msgs/srv/detail/get_dc_motor_config__functions.h
[0.907s] -- Up-to-date: /home/a/ws_nhk/install/stm32_mavlink_msgs/include/stm32_mavlink_msgs/stm32_mavlink_msgs/srv/detail/set_servo_config__struct.h
[0.908s] -- Up-to-date: /home/a/ws_nhk/install/stm32_mavlink_msgs/include/stm32_mavlink_msgs/stm32_mavlink_msgs/srv/detail/write_rs485_param__struct.h
[0.908s] -- Up-to-date: /home/a/ws_nhk/install/stm32_mavlink_msgs/include/stm32_mavlink_msgs/stm32_mavlink_msgs/srv/detail/set_servo_config__functions.c
[0.908s] -- Up-to-date: /home/a/ws_nhk/install/stm32_mavlink_msgs/include/stm32_mavlink_msgs/stm32_mavlink_msgs/srv/detail/flash_save_rs485__functions.c
[0.908s] -- Up-to-date: /home/a/ws_nhk/install/stm32_mavlink_msgs/include/stm32_mavlink_msgs/stm32_mavlink_msgs/srv/detail/write_rs485_param__functions.h
[0.908s] -- Up-to-date: /home/a/ws_nhk/install/stm32_mavlink_msgs/include/stm32_mavlink_msgs/stm32_mavlink_msgs/srv/detail/read_rs485_param__functions.h
[0.908s] -- Up-to-date: /home/a/ws_nhk/install/stm32_mavlink_msgs/include/stm32_mavlink_msgs/stm32_mavlink_msgs/srv/detail/write_rs485_param__type_support.h
[0.908s] -- Up-to-date: /home/a/ws_nhk/install/stm32_mavlink_msgs/include/stm32_mavlink_msgs/stm32_mavlink_msgs/srv/detail/set_robomaster_motor_config__functions.h
[0.908s] -- Up-to-date: /home/a/ws_nhk/install/stm32_mavlink_msgs/include/stm32_mavlink_msgs/stm32_mavlink_msgs/srv/detail/set_encoder_config__functions.h
[0.908s] -- Up-to-date: /home/a/ws_nhk/install/stm32_mavlink_msgs/include/stm32_mavlink_msgs/stm32_mavlink_msgs/srv/detail/flash_save_rs485__functions.h
[0.908s] -- Up-to-date: /home/a/ws_nhk/install/stm32_mavlink_msgs/include/stm32_mavlink_msgs/stm32_mavlink_msgs/srv/detail/get_dc_motor_config__type_support.h
[0.908s] -- Up-to-date: /home/a/ws_nhk/install/stm32_mavlink_msgs/include/stm32_mavlink_msgs/stm32_mavlink_msgs/srv/detail/set_encoder_config__type_support.h
[0.908s] -- Up-to-date: /home/a/ws_nhk/install/stm32_mavlink_msgs/include/stm32_mavlink_msgs/stm32_mavlink_msgs/srv/detail/set_servo_config__functions.h
[0.909s] -- Up-to-date: /home/a/ws_nhk/install/stm32_mavlink_msgs/include/stm32_mavlink_msgs/stm32_mavlink_msgs/srv/detail/get_robomaster_motor_config__type_support.h
[0.909s] -- Up-to-date: /home/a/ws_nhk/install/stm32_mavlink_msgs/include/stm32_mavlink_msgs/stm32_mavlink_msgs/srv/detail/set_servo_config__type_support.h
[0.909s] -- Up-to-date: /home/a/ws_nhk/install/stm32_mavlink_msgs/include/stm32_mavlink_msgs/stm32_mavlink_msgs/srv/detail/set_dc_motor_config__struct.h
[0.909s] -- Up-to-date: /home/a/ws_nhk/install/stm32_mavlink_msgs/include/stm32_mavlink_msgs/stm32_mavlink_msgs/srv/detail/flash_save_rs485__struct.h
[0.909s] -- Up-to-date: /home/a/ws_nhk/install/stm32_mavlink_msgs/include/stm32_mavlink_msgs/stm32_mavlink_msgs/srv/detail/set_encoder_config__functions.c
[0.909s] -- Up-to-date: /home/a/ws_nhk/install/stm32_mavlink_msgs/include/stm32_mavlink_msgs/stm32_mavlink_msgs/srv/detail/flash_save_rs485__type_support.h
[0.909s] -- Up-to-date: /home/a/ws_nhk/install/stm32_mavlink_msgs/include/stm32_mavlink_msgs/stm32_mavlink_msgs/srv/detail/get_dc_motor_config__struct.h
[0.909s] -- Up-to-date: /home/a/ws_nhk/install/stm32_mavlink_msgs/include/stm32_mavlink_msgs/stm32_mavlink_msgs/srv/detail/read_rs485_param__struct.h
[0.910s] -- Up-to-date: /home/a/ws_nhk/install/stm32_mavlink_msgs/include/stm32_mavlink_msgs/stm32_mavlink_msgs/srv/get_robomaster_motor_config.h
[0.910s] -- Up-to-date: /home/a/ws_nhk/install/stm32_mavlink_msgs/include/stm32_mavlink_msgs/stm32_mavlink_msgs/srv/set_servo_config.h
[0.910s] -- Up-to-date: /home/a/ws_nhk/install/stm32_mavlink_msgs/share/stm32_mavlink_msgs/environment/library_path.sh
[0.910s] -- Up-to-date: /home/a/ws_nhk/install/stm32_mavlink_msgs/share/stm32_mavlink_msgs/environment/library_path.dsv
[0.910s] -- Up-to-date: /home/a/ws_nhk/install/stm32_mavlink_msgs/lib/libstm32_mavlink_msgs__rosidl_generator_c.so
[0.912s] -- Up-to-date: /home/a/ws_nhk/install/stm32_mavlink_msgs/include/stm32_mavlink_msgs/stm32_mavlink_msgs
[0.912s] -- Up-to-date: /home/a/ws_nhk/install/stm32_mavlink_msgs/include/stm32_mavlink_msgs/stm32_mavlink_msgs/msg
[0.912s] -- Up-to-date: /home/a/ws_nhk/install/stm32_mavlink_msgs/include/stm32_mavlink_msgs/stm32_mavlink_msgs/msg/rosidl_typesupport_fastrtps_c__visibility_control.h
[0.912s] -- Up-to-date: /home/a/ws_nhk/install/stm32_mavlink_msgs/include/stm32_mavlink_msgs/stm32_mavlink_msgs/msg/detail
[0.912s] -- Up-to-date: /home/a/ws_nhk/install/stm32_mavlink_msgs/include/stm32_mavlink_msgs/stm32_mavlink_msgs/msg/detail/rs485_motor_state__rosidl_typesupport_fastrtps_c.h
[0.912s] -- Up-to-date: /home/a/ws_nhk/install/stm32_mavlink_msgs/include/stm32_mavlink_msgs/stm32_mavlink_msgs/msg/detail/encoder_state__rosidl_typesupport_fastrtps_c.h
[0.912s] -- Up-to-date: /home/a/ws_nhk/install/stm32_mavlink_msgs/include/stm32_mavlink_msgs/stm32_mavlink_msgs/msg/detail/solenoid_status__rosidl_typesupport_fastrtps_c.h
[0.913s] -- Up-to-date: /home/a/ws_nhk/install/stm32_mavlink_msgs/include/stm32_mavlink_msgs/stm32_mavlink_msgs/msg/detail/rs485_write_request__rosidl_typesupport_fastrtps_c.h
[0.913s] -- Up-to-date: /home/a/ws_nhk/install/stm32_mavlink_msgs/include/stm32_mavlink_msgs/stm32_mavlink_msgs/msg/detail/rs485_motor_command__rosidl_typesupport_fastrtps_c.h
[0.913s] -- Up-to-date: /home/a/ws_nhk/install/stm32_mavlink_msgs/include/stm32_mavlink_msgs/stm32_mavlink_msgs/msg/detail/rs485_read_request__rosidl_typesupport_fastrtps_c.h
[0.913s] -- Up-to-date: /home/a/ws_nhk/install/stm32_mavlink_msgs/include/stm32_mavlink_msgs/stm32_mavlink_msgs/msg/detail/robomaster_motor_config__rosidl_typesupport_fastrtps_c.h
[0.913s] -- Up-to-date: /home/a/ws_nhk/install/stm32_mavlink_msgs/include/stm32_mavlink_msgs/stm32_mavlink_msgs/msg/detail/encoder_config__rosidl_typesupport_fastrtps_c.h
[0.913s] -- Up-to-date: /home/a/ws_nhk/install/stm32_mavlink_msgs/include/stm32_mavlink_msgs/stm32_mavlink_msgs/msg/detail/servo_command__rosidl_typesupport_fastrtps_c.h
[0.913s] -- Up-to-date: /home/a/ws_nhk/install/stm32_mavlink_msgs/include/stm32_mavlink_msgs/stm32_mavlink_msgs/msg/detail/rs485_write_response__rosidl_typesupport_fastrtps_c.h
[0.913s] -- Up-to-date: /home/a/ws_nhk/install/stm32_mavlink_msgs/include/stm32_mavlink_msgs/stm32_mavlink_msgs/msg/detail/rs485_motor_config__rosidl_typesupport_fastrtps_c.h
[0.913s] -- Up-to-date: /home/a/ws_nhk/install/stm32_mavlink_msgs/include/stm32_mavlink_msgs/stm32_mavlink_msgs/msg/detail/solenoid_command__rosidl_typesupport_fastrtps_c.h
[0.913s] -- Up-to-date: /home/a/ws_nhk/install/stm32_mavlink_msgs/include/stm32_mavlink_msgs/stm32_mavlink_msgs/msg/detail/dc_motor_config__rosidl_typesupport_fastrtps_c.h
[0.913s] -- Up-to-date: /home/a/ws_nhk/install/stm32_mavlink_msgs/include/stm32_mavlink_msgs/stm32_mavlink_msgs/msg/detail/rs485_flash_save_request__rosidl_typesupport_fastrtps_c.h
[0.913s] -- Up-to-date: /home/a/ws_nhk/install/stm32_mavlink_msgs/include/stm32_mavlink_msgs/stm32_mavlink_msgs/msg/detail/robomaster_motor_state__rosidl_typesupport_fastrtps_c.h
[0.914s] -- Up-to-date: /home/a/ws_nhk/install/stm32_mavlink_msgs/include/stm32_mavlink_msgs/stm32_mavlink_msgs/msg/detail/robomaster_motor_command__rosidl_typesupport_fastrtps_c.h
[0.914s] -- Up-to-date: /home/a/ws_nhk/install/stm32_mavlink_msgs/include/stm32_mavlink_msgs/stm32_mavlink_msgs/msg/detail/servo_state__rosidl_typesupport_fastrtps_c.h
[0.914s] -- Up-to-date: /home/a/ws_nhk/install/stm32_mavlink_msgs/include/stm32_mavlink_msgs/stm32_mavlink_msgs/msg/detail/dc_motor_state__rosidl_typesupport_fastrtps_c.h
[0.914s] -- Up-to-date: /home/a/ws_nhk/install/stm32_mavlink_msgs/include/stm32_mavlink_msgs/stm32_mavlink_msgs/msg/detail/wtt12_l_status__rosidl_typesupport_fastrtps_c.h
[0.914s] -- Up-to-date: /home/a/ws_nhk/install/stm32_mavlink_msgs/include/stm32_mavlink_msgs/stm32_mavlink_msgs/msg/detail/limit_switch_status__rosidl_typesupport_fastrtps_c.h
[0.914s] -- Up-to-date: /home/a/ws_nhk/install/stm32_mavlink_msgs/include/stm32_mavlink_msgs/stm32_mavlink_msgs/msg/detail/dc_motor_command__rosidl_typesupport_fastrtps_c.h
[0.914s] -- Up-to-date: /home/a/ws_nhk/install/stm32_mavlink_msgs/include/stm32_mavlink_msgs/stm32_mavlink_msgs/msg/detail/rs485_read_response__rosidl_typesupport_fastrtps_c.h
[0.914s] -- Up-to-date: /home/a/ws_nhk/install/stm32_mavlink_msgs/include/stm32_mavlink_msgs/stm32_mavlink_msgs/srv
[0.914s] -- Up-to-date: /home/a/ws_nhk/install/stm32_mavlink_msgs/include/stm32_mavlink_msgs/stm32_mavlink_msgs/srv/detail
[0.914s] -- Up-to-date: /home/a/ws_nhk/install/stm32_mavlink_msgs/include/stm32_mavlink_msgs/stm32_mavlink_msgs/srv/detail/set_encoder_config__rosidl_typesupport_fastrtps_c.h
[0.915s] -- Up-to-date: /home/a/ws_nhk/install/stm32_mavlink_msgs/include/stm32_mavlink_msgs/stm32_mavlink_msgs/srv/detail/read_rs485_param__rosidl_typesupport_fastrtps_c.h
[0.915s] -- Up-to-date: /home/a/ws_nhk/install/stm32_mavlink_msgs/include/stm32_mavlink_msgs/stm32_mavlink_msgs/srv/detail/write_rs485_param__rosidl_typesupport_fastrtps_c.h
[0.915s] -- Up-to-date: /home/a/ws_nhk/install/stm32_mavlink_msgs/include/stm32_mavlink_msgs/stm32_mavlink_msgs/srv/detail/set_servo_config__rosidl_typesupport_fastrtps_c.h
[0.915s] -- Up-to-date: /home/a/ws_nhk/install/stm32_mavlink_msgs/include/stm32_mavlink_msgs/stm32_mavlink_msgs/srv/detail/flash_save_rs485__rosidl_typesupport_fastrtps_c.h
[0.915s] -- Up-to-date: /home/a/ws_nhk/install/stm32_mavlink_msgs/include/stm32_mavlink_msgs/stm32_mavlink_msgs/srv/detail/get_robomaster_motor_config__rosidl_typesupport_fastrtps_c.h
[0.915s] -- Up-to-date: /home/a/ws_nhk/install/stm32_mavlink_msgs/include/stm32_mavlink_msgs/stm32_mavlink_msgs/srv/detail/set_dc_motor_config__rosidl_typesupport_fastrtps_c.h
[0.915s] -- Up-to-date: /home/a/ws_nhk/install/stm32_mavlink_msgs/include/stm32_mavlink_msgs/stm32_mavlink_msgs/srv/detail/get_dc_motor_config__rosidl_typesupport_fastrtps_c.h
[0.915s] -- Up-to-date: /home/a/ws_nhk/install/stm32_mavlink_msgs/include/stm32_mavlink_msgs/stm32_mavlink_msgs/srv/detail/set_robomaster_motor_config__rosidl_typesupport_fastrtps_c.h
[0.915s] -- Up-to-date: /home/a/ws_nhk/install/stm32_mavlink_msgs/lib/libstm32_mavlink_msgs__rosidl_typesupport_fastrtps_c.so
[0.915s] -- Up-to-date: /home/a/ws_nhk/install/stm32_mavlink_msgs/include/stm32_mavlink_msgs/stm32_mavlink_msgs
[0.915s] -- Up-to-date: /home/a/ws_nhk/install/stm32_mavlink_msgs/include/stm32_mavlink_msgs/stm32_mavlink_msgs/msg
[0.915s] -- Up-to-date: /home/a/ws_nhk/install/stm32_mavlink_msgs/include/stm32_mavlink_msgs/stm32_mavlink_msgs/msg/rosidl_typesupport_introspection_c__visibility_control.h
[0.916s] -- Up-to-date: /home/a/ws_nhk/install/stm32_mavlink_msgs/include/stm32_mavlink_msgs/stm32_mavlink_msgs/msg/detail
[0.916s] -- Up-to-date: /home/a/ws_nhk/install/stm32_mavlink_msgs/include/stm32_mavlink_msgs/stm32_mavlink_msgs/msg/detail/rs485_motor_config__rosidl_typesupport_introspection_c.h
[0.916s] -- Up-to-date: /home/a/ws_nhk/install/stm32_mavlink_msgs/include/stm32_mavlink_msgs/stm32_mavlink_msgs/msg/detail/robomaster_motor_state__type_support.c
[0.916s] -- Up-to-date: /home/a/ws_nhk/install/stm32_mavlink_msgs/include/stm32_mavlink_msgs/stm32_mavlink_msgs/msg/detail/rs485_motor_state__rosidl_typesupport_introspection_c.h
[0.916s] -- Up-to-date: /home/a/ws_nhk/install/stm32_mavlink_msgs/include/stm32_mavlink_msgs/stm32_mavlink_msgs/msg/detail/rs485_motor_state__type_support.c
[0.916s] -- Up-to-date: /home/a/ws_nhk/install/stm32_mavlink_msgs/include/stm32_mavlink_msgs/stm32_mavlink_msgs/msg/detail/dc_motor_state__type_support.c
[0.916s] -- Up-to-date: /home/a/ws_nhk/install/stm32_mavlink_msgs/include/stm32_mavlink_msgs/stm32_mavlink_msgs/msg/detail/solenoid_status__type_support.c
[0.916s] -- Up-to-date: /home/a/ws_nhk/install/stm32_mavlink_msgs/include/stm32_mavlink_msgs/stm32_mavlink_msgs/msg/detail/dc_motor_config__type_support.c
[0.916s] -- Up-to-date: /home/a/ws_nhk/install/stm32_mavlink_msgs/include/stm32_mavlink_msgs/stm32_mavlink_msgs/msg/detail/rs485_read_response__type_support.c
[0.917s] -- Up-to-date: /home/a/ws_nhk/install/stm32_mavlink_msgs/include/stm32_mavlink_msgs/stm32_mavlink_msgs/msg/detail/robomaster_motor_command__rosidl_typesupport_introspection_c.h
[0.917s] -- Up-to-date: /home/a/ws_nhk/install/stm32_mavlink_msgs/include/stm32_mavlink_msgs/stm32_mavlink_msgs/msg/detail/rs485_write_response__rosidl_typesupport_introspection_c.h
[0.917s] -- Up-to-date: /home/a/ws_nhk/install/stm32_mavlink_msgs/include/stm32_mavlink_msgs/stm32_mavlink_msgs/msg/detail/robomaster_motor_config__rosidl_typesupport_introspection_c.h
[0.917s] -- Up-to-date: /home/a/ws_nhk/install/stm32_mavlink_msgs/include/stm32_mavlink_msgs/stm32_mavlink_msgs/msg/detail/robomaster_motor_state__rosidl_typesupport_introspection_c.h
[0.918s] -- Up-to-date: /home/a/ws_nhk/install/stm32_mavlink_msgs/include/stm32_mavlink_msgs/stm32_mavlink_msgs/msg/detail/rs485_flash_save_request__type_support.c
[0.918s] -- Up-to-date: /home/a/ws_nhk/install/stm32_mavlink_msgs/include/stm32_mavlink_msgs/stm32_mavlink_msgs/msg/detail/rs485_flash_save_request__rosidl_typesupport_introspection_c.h
[0.918s] -- Up-to-date: /home/a/ws_nhk/install/stm32_mavlink_msgs/include/stm32_mavlink_msgs/stm32_mavlink_msgs/msg/detail/servo_state__rosidl_typesupport_introspection_c.h
[0.918s] -- Up-to-date: /home/a/ws_nhk/install/stm32_mavlink_msgs/include/stm32_mavlink_msgs/stm32_mavlink_msgs/msg/detail/dc_motor_config__rosidl_typesupport_introspection_c.h
[0.918s] -- Up-to-date: /home/a/ws_nhk/install/stm32_mavlink_msgs/include/stm32_mavlink_msgs/stm32_mavlink_msgs/msg/detail/wtt12_l_status__rosidl_typesupport_introspection_c.h
[0.918s] -- Up-to-date: /home/a/ws_nhk/install/stm32_mavlink_msgs/include/stm32_mavlink_msgs/stm32_mavlink_msgs/msg/detail/rs485_read_response__rosidl_typesupport_introspection_c.h
[0.918s] -- Up-to-date: /home/a/ws_nhk/install/stm32_mavlink_msgs/include/stm32_mavlink_msgs/stm32_mavlink_msgs/msg/detail/encoder_state__type_support.c
[0.918s] -- Up-to-date: /home/a/ws_nhk/install/stm32_mavlink_msgs/include/stm32_mavlink_msgs/stm32_mavlink_msgs/msg/detail/servo_state__type_support.c
[0.918s] -- Up-to-date: /home/a/ws_nhk/install/stm32_mavlink_msgs/include/stm32_mavlink_msgs/stm32_mavlink_msgs/msg/detail/encoder_config__type_support.c
[0.918s] -- Up-to-date: /home/a/ws_nhk/install/stm32_mavlink_msgs/include/stm32_mavlink_msgs/stm32_mavlink_msgs/msg/detail/rs485_write_request__rosidl_typesupport_introspection_c.h
[0.918s] -- Up-to-date: /home/a/ws_nhk/install/stm32_mavlink_msgs/include/stm32_mavlink_msgs/stm32_mavlink_msgs/msg/detail/solenoid_status__rosidl_typesupport_introspection_c.h
[0.918s] -- Up-to-date: /home/a/ws_nhk/install/stm32_mavlink_msgs/include/stm32_mavlink_msgs/stm32_mavlink_msgs/msg/detail/dc_motor_command__rosidl_typesupport_introspection_c.h
[0.918s] -- Up-to-date: /home/a/ws_nhk/install/stm32_mavlink_msgs/include/stm32_mavlink_msgs/stm32_mavlink_msgs/msg/detail/limit_switch_status__rosidl_typesupport_introspection_c.h
[0.919s] -- Up-to-date: /home/a/ws_nhk/install/stm32_mavlink_msgs/include/stm32_mavlink_msgs/stm32_mavlink_msgs/msg/detail/limit_switch_status__type_support.c
[0.919s] -- Up-to-date: /home/a/ws_nhk/install/stm32_mavlink_msgs/include/stm32_mavlink_msgs/stm32_mavlink_msgs/msg/detail/rs485_motor_config__type_support.c
[0.919s] -- Up-to-date: /home/a/ws_nhk/install/stm32_mavlink_msgs/include/stm32_mavlink_msgs/stm32_mavlink_msgs/msg/detail/dc_motor_command__type_support.c
[0.919s] -- Up-to-date: /home/a/ws_nhk/install/stm32_mavlink_msgs/include/stm32_mavlink_msgs/stm32_mavlink_msgs/msg/detail/encoder_state__rosidl_typesupport_introspection_c.h
[0.919s] -- Up-to-date: /home/a/ws_nhk/install/stm32_mavlink_msgs/include/stm32_mavlink_msgs/stm32_mavlink_msgs/msg/detail/wtt12_l_status__type_support.c
[0.919s] -- Up-to-date: /home/a/ws_nhk/install/stm32_mavlink_msgs/include/stm32_mavlink_msgs/stm32_mavlink_msgs/msg/detail/rs485_motor_command__rosidl_typesupport_introspection_c.h
[0.919s] -- Up-to-date: /home/a/ws_nhk/install/stm32_mavlink_msgs/include/stm32_mavlink_msgs/stm32_mavlink_msgs/msg/detail/robomaster_motor_config__type_support.c
[0.919s] -- Up-to-date: /home/a/ws_nhk/install/stm32_mavlink_msgs/include/stm32_mavlink_msgs/stm32_mavlink_msgs/msg/detail/rs485_write_response__type_support.c
[0.919s] -- Up-to-date: /home/a/ws_nhk/install/stm32_mavlink_msgs/include/stm32_mavlink_msgs/stm32_mavlink_msgs/msg/detail/servo_command__type_support.c
[0.919s] -- Up-to-date: /home/a/ws_nhk/install/stm32_mavlink_msgs/include/stm32_mavlink_msgs/stm32_mavlink_msgs/msg/detail/dc_motor_state__rosidl_typesupport_introspection_c.h
[0.919s] -- Up-to-date: /home/a/ws_nhk/install/stm32_mavlink_msgs/include/stm32_mavlink_msgs/stm32_mavlink_msgs/msg/detail/rs485_read_request__type_support.c
[0.919s] -- Up-to-date: /home/a/ws_nhk/install/stm32_mavlink_msgs/include/stm32_mavlink_msgs/stm32_mavlink_msgs/msg/detail/encoder_config__rosidl_typesupport_introspection_c.h
[0.919s] -- Up-to-date: /home/a/ws_nhk/install/stm32_mavlink_msgs/include/stm32_mavlink_msgs/stm32_mavlink_msgs/msg/detail/servo_command__rosidl_typesupport_introspection_c.h
[0.919s] -- Up-to-date: /home/a/ws_nhk/install/stm32_mavlink_msgs/include/stm32_mavlink_msgs/stm32_mavlink_msgs/msg/detail/rs485_read_request__rosidl_typesupport_introspection_c.h
[0.919s] -- Up-to-date: /home/a/ws_nhk/install/stm32_mavlink_msgs/include/stm32_mavlink_msgs/stm32_mavlink_msgs/msg/detail/solenoid_command__rosidl_typesupport_introspection_c.h
[0.919s] -- Up-to-date: /home/a/ws_nhk/install/stm32_mavlink_msgs/include/stm32_mavlink_msgs/stm32_mavlink_msgs/msg/detail/rs485_motor_command__type_support.c
[0.919s] -- Up-to-date: /home/a/ws_nhk/install/stm32_mavlink_msgs/include/stm32_mavlink_msgs/stm32_mavlink_msgs/msg/detail/robomaster_motor_command__type_support.c
[0.919s] -- Up-to-date: /home/a/ws_nhk/install/stm32_mavlink_msgs/include/stm32_mavlink_msgs/stm32_mavlink_msgs/msg/detail/solenoid_command__type_support.c
[0.919s] -- Up-to-date: /home/a/ws_nhk/install/stm32_mavlink_msgs/include/stm32_mavlink_msgs/stm32_mavlink_msgs/msg/detail/rs485_write_request__type_support.c
[0.919s] -- Up-to-date: /home/a/ws_nhk/install/stm32_mavlink_msgs/include/stm32_mavlink_msgs/stm32_mavlink_msgs/srv
[0.919s] -- Up-to-date: /home/a/ws_nhk/install/stm32_mavlink_msgs/include/stm32_mavlink_msgs/stm32_mavlink_msgs/srv/detail
[0.919s] -- Up-to-date: /home/a/ws_nhk/install/stm32_mavlink_msgs/include/stm32_mavlink_msgs/stm32_mavlink_msgs/srv/detail/write_rs485_param__type_support.c
[0.919s] -- Up-to-date: /home/a/ws_nhk/install/stm32_mavlink_msgs/include/stm32_mavlink_msgs/stm32_mavlink_msgs/srv/detail/write_rs485_param__rosidl_typesupport_introspection_c.h
[0.919s] -- Up-to-date: /home/a/ws_nhk/install/stm32_mavlink_msgs/include/stm32_mavlink_msgs/stm32_mavlink_msgs/srv/detail/get_dc_motor_config__type_support.c
[0.920s] -- Up-to-date: /home/a/ws_nhk/install/stm32_mavlink_msgs/include/stm32_mavlink_msgs/stm32_mavlink_msgs/srv/detail/set_dc_motor_config__type_support.c
[0.920s] -- Up-to-date: /home/a/ws_nhk/install/stm32_mavlink_msgs/include/stm32_mavlink_msgs/stm32_mavlink_msgs/srv/detail/get_robomaster_motor_config__type_support.c
[0.920s] -- Up-to-date: /home/a/ws_nhk/install/stm32_mavlink_msgs/include/stm32_mavlink_msgs/stm32_mavlink_msgs/srv/detail/set_robomaster_motor_config__type_support.c
[0.920s] -- Up-to-date: /home/a/ws_nhk/install/stm32_mavlink_msgs/include/stm32_mavlink_msgs/stm32_mavlink_msgs/srv/detail/flash_save_rs485__rosidl_typesupport_introspection_c.h
[0.920s] -- Up-to-date: /home/a/ws_nhk/install/stm32_mavlink_msgs/include/stm32_mavlink_msgs/stm32_mavlink_msgs/srv/detail/get_dc_motor_config__rosidl_typesupport_introspection_c.h
[0.920s] -- Up-to-date: /home/a/ws_nhk/install/stm32_mavlink_msgs/include/stm32_mavlink_msgs/stm32_mavlink_msgs/srv/detail/get_robomaster_motor_config__rosidl_typesupport_introspection_c.h
[0.920s] -- Up-to-date: /home/a/ws_nhk/install/stm32_mavlink_msgs/include/stm32_mavlink_msgs/stm32_mavlink_msgs/srv/detail/flash_save_rs485__type_support.c
[0.920s] -- Up-to-date: /home/a/ws_nhk/install/stm32_mavlink_msgs/include/stm32_mavlink_msgs/stm32_mavlink_msgs/srv/detail/read_rs485_param__type_support.c
[0.920s] -- Up-to-date: /home/a/ws_nhk/install/stm32_mavlink_msgs/include/stm32_mavlink_msgs/stm32_mavlink_msgs/srv/detail/set_servo_config__type_support.c
[0.920s] -- Up-to-date: /home/a/ws_nhk/install/stm32_mavlink_msgs/include/stm32_mavlink_msgs/stm32_mavlink_msgs/srv/detail/set_robomaster_motor_config__rosidl_typesupport_introspection_c.h
[0.920s] -- Up-to-date: /home/a/ws_nhk/install/stm32_mavlink_msgs/include/stm32_mavlink_msgs/stm32_mavlink_msgs/srv/detail/set_servo_config__rosidl_typesupport_introspection_c.h
[0.920s] -- Up-to-date: /home/a/ws_nhk/install/stm32_mavlink_msgs/include/stm32_mavlink_msgs/stm32_mavlink_msgs/srv/detail/set_encoder_config__rosidl_typesupport_introspection_c.h
[0.920s] -- Up-to-date: /home/a/ws_nhk/install/stm32_mavlink_msgs/include/stm32_mavlink_msgs/stm32_mavlink_msgs/srv/detail/set_encoder_config__type_support.c
[0.920s] -- Up-to-date: /home/a/ws_nhk/install/stm32_mavlink_msgs/include/stm32_mavlink_msgs/stm32_mavlink_msgs/srv/detail/set_dc_motor_config__rosidl_typesupport_introspection_c.h
[0.920s] -- Up-to-date: /home/a/ws_nhk/install/stm32_mavlink_msgs/include/stm32_mavlink_msgs/stm32_mavlink_msgs/srv/detail/read_rs485_param__rosidl_typesupport_introspection_c.h
[0.920s] -- Up-to-date: /home/a/ws_nhk/install/stm32_mavlink_msgs/lib/libstm32_mavlink_msgs__rosidl_typesupport_introspection_c.so
[0.920s] -- Up-to-date: /home/a/ws_nhk/install/stm32_mavlink_msgs/lib/libstm32_mavlink_msgs__rosidl_typesupport_c.so
[0.920s] -- Up-to-date: /home/a/ws_nhk/install/stm32_mavlink_msgs/include/stm32_mavlink_msgs/stm32_mavlink_msgs
[0.920s] -- Up-to-date: /home/a/ws_nhk/install/stm32_mavlink_msgs/include/stm32_mavlink_msgs/stm32_mavlink_msgs/msg
[0.920s] -- Up-to-date: /home/a/ws_nhk/install/stm32_mavlink_msgs/include/stm32_mavlink_msgs/stm32_mavlink_msgs/msg/dc_motor_state.hpp
[0.920s] -- Up-to-date: /home/a/ws_nhk/install/stm32_mavlink_msgs/include/stm32_mavlink_msgs/stm32_mavlink_msgs/msg/servo_command.hpp
[0.920s] -- Up-to-date: /home/a/ws_nhk/install/stm32_mavlink_msgs/include/stm32_mavlink_msgs/stm32_mavlink_msgs/msg/dc_motor_command.hpp
[0.920s] -- Up-to-date: /home/a/ws_nhk/install/stm32_mavlink_msgs/include/stm32_mavlink_msgs/stm32_mavlink_msgs/msg/robomaster_motor_config.hpp
[0.920s] -- Up-to-date: /home/a/ws_nhk/install/stm32_mavlink_msgs/include/stm32_mavlink_msgs/stm32_mavlink_msgs/msg/encoder_config.hpp
[0.920s] -- Up-to-date: /home/a/ws_nhk/install/stm32_mavlink_msgs/include/stm32_mavlink_msgs/stm32_mavlink_msgs/msg/wtt12_l_status.hpp
[0.920s] -- Up-to-date: /home/a/ws_nhk/install/stm32_mavlink_msgs/include/stm32_mavlink_msgs/stm32_mavlink_msgs/msg/encoder_state.hpp
[0.920s] -- Up-to-date: /home/a/ws_nhk/install/stm32_mavlink_msgs/include/stm32_mavlink_msgs/stm32_mavlink_msgs/msg/solenoid_command.hpp
[0.921s] -- Up-to-date: /home/a/ws_nhk/install/stm32_mavlink_msgs/include/stm32_mavlink_msgs/stm32_mavlink_msgs/msg/robomaster_motor_state.hpp
[0.921s] -- Up-to-date: /home/a/ws_nhk/install/stm32_mavlink_msgs/include/stm32_mavlink_msgs/stm32_mavlink_msgs/msg/dc_motor_config.hpp
[0.921s] -- Up-to-date: /home/a/ws_nhk/install/stm32_mavlink_msgs/include/stm32_mavlink_msgs/stm32_mavlink_msgs/msg/robomaster_motor_command.hpp
[0.921s] -- Up-to-date: /home/a/ws_nhk/install/stm32_mavlink_msgs/include/stm32_mavlink_msgs/stm32_mavlink_msgs/msg/servo_state.hpp
[0.921s] -- Up-to-date: /home/a/ws_nhk/install/stm32_mavlink_msgs/include/stm32_mavlink_msgs/stm32_mavlink_msgs/msg/rs485_read_request.hpp
[0.921s] -- Up-to-date: /home/a/ws_nhk/install/stm32_mavlink_msgs/include/stm32_mavlink_msgs/stm32_mavlink_msgs/msg/rosidl_generator_cpp__visibility_control.hpp
[0.921s] -- Up-to-date: /home/a/ws_nhk/install/stm32_mavlink_msgs/include/stm32_mavlink_msgs/stm32_mavlink_msgs/msg/rs485_motor_state.hpp
[0.921s] -- Up-to-date: /home/a/ws_nhk/install/stm32_mavlink_msgs/include/stm32_mavlink_msgs/stm32_mavlink_msgs/msg/rs485_write_response.hpp
[0.921s] -- Up-to-date: /home/a/ws_nhk/install/stm32_mavlink_msgs/include/stm32_mavlink_msgs/stm32_mavlink_msgs/msg/rs485_read_response.hpp
[0.921s] -- Up-to-date: /home/a/ws_nhk/install/stm32_mavlink_msgs/include/stm32_mavlink_msgs/stm32_mavlink_msgs/msg/rs485_flash_save_request.hpp
[0.921s] -- Up-to-date: /home/a/ws_nhk/install/stm32_mavlink_msgs/include/stm32_mavlink_msgs/stm32_mavlink_msgs/msg/limit_switch_status.hpp
[0.921s] -- Up-to-date: /home/a/ws_nhk/install/stm32_mavlink_msgs/include/stm32_mavlink_msgs/stm32_mavlink_msgs/msg/rs485_write_request.hpp
[0.921s] -- Up-to-date: /home/a/ws_nhk/install/stm32_mavlink_msgs/include/stm32_mavlink_msgs/stm32_mavlink_msgs/msg/rs485_motor_config.hpp
[0.921s] -- Up-to-date: /home/a/ws_nhk/install/stm32_mavlink_msgs/include/stm32_mavlink_msgs/stm32_mavlink_msgs/msg/detail
[0.921s] -- Up-to-date: /home/a/ws_nhk/install/stm32_mavlink_msgs/include/stm32_mavlink_msgs/stm32_mavlink_msgs/msg/detail/wtt12_l_status__traits.hpp
[0.921s] -- Up-to-date: /home/a/ws_nhk/install/stm32_mavlink_msgs/include/stm32_mavlink_msgs/stm32_mavlink_msgs/msg/detail/solenoid_command__builder.hpp
[0.921s] -- Up-to-date: /home/a/ws_nhk/install/stm32_mavlink_msgs/include/stm32_mavlink_msgs/stm32_mavlink_msgs/msg/detail/limit_switch_status__struct.hpp
[0.921s] -- Up-to-date: /home/a/ws_nhk/install/stm32_mavlink_msgs/include/stm32_mavlink_msgs/stm32_mavlink_msgs/msg/detail/encoder_state__type_support.hpp
[0.921s] -- Up-to-date: /home/a/ws_nhk/install/stm32_mavlink_msgs/include/stm32_mavlink_msgs/stm32_mavlink_msgs/msg/detail/rs485_motor_command__builder.hpp
[0.921s] -- Up-to-date: /home/a/ws_nhk/install/stm32_mavlink_msgs/include/stm32_mavlink_msgs/stm32_mavlink_msgs/msg/detail/solenoid_command__traits.hpp
[0.921s] -- Up-to-date: /home/a/ws_nhk/install/stm32_mavlink_msgs/include/stm32_mavlink_msgs/stm32_mavlink_msgs/msg/detail/rs485_flash_save_request__traits.hpp
[0.921s] -- Up-to-date: /home/a/ws_nhk/install/stm32_mavlink_msgs/include/stm32_mavlink_msgs/stm32_mavlink_msgs/msg/detail/limit_switch_status__type_support.hpp
[0.921s] -- Up-to-date: /home/a/ws_nhk/install/stm32_mavlink_msgs/include/stm32_mavlink_msgs/stm32_mavlink_msgs/msg/detail/rs485_motor_command__type_support.hpp
[0.921s] -- Up-to-date: /home/a/ws_nhk/install/stm32_mavlink_msgs/include/stm32_mavlink_msgs/stm32_mavlink_msgs/msg/detail/dc_motor_state__struct.hpp
[0.922s] -- Up-to-date: /home/a/ws_nhk/install/stm32_mavlink_msgs/include/stm32_mavlink_msgs/stm32_mavlink_msgs/msg/detail/limit_switch_status__builder.hpp
[0.922s] -- Up-to-date: /home/a/ws_nhk/install/stm32_mavlink_msgs/include/stm32_mavlink_msgs/stm32_mavlink_msgs/msg/detail/robomaster_motor_state__traits.hpp
[0.922s] -- Up-to-date: /home/a/ws_nhk/install/stm32_mavlink_msgs/include/stm32_mavlink_msgs/stm32_mavlink_msgs/msg/detail/rs485_motor_config__builder.hpp
[0.922s] -- Up-to-date: /home/a/ws_nhk/install/stm32_mavlink_msgs/include/stm32_mavlink_msgs/stm32_mavlink_msgs/msg/detail/servo_state__struct.hpp
[0.922s] -- Up-to-date: /home/a/ws_nhk/install/stm32_mavlink_msgs/include/stm32_mavlink_msgs/stm32_mavlink_msgs/msg/detail/dc_motor_config__type_support.hpp
[0.922s] -- Up-to-date: /home/a/ws_nhk/install/stm32_mavlink_msgs/include/stm32_mavlink_msgs/stm32_mavlink_msgs/msg/detail/rs485_read_response__type_support.hpp
[0.922s] -- Up-to-date: /home/a/ws_nhk/install/stm32_mavlink_msgs/include/stm32_mavlink_msgs/stm32_mavlink_msgs/msg/detail/rs485_read_response__builder.hpp
[0.922s] -- Up-to-date: /home/a/ws_nhk/install/stm32_mavlink_msgs/include/stm32_mavlink_msgs/stm32_mavlink_msgs/msg/detail/encoder_state__builder.hpp
[0.922s] -- Up-to-date: /home/a/ws_nhk/install/stm32_mavlink_msgs/include/stm32_mavlink_msgs/stm32_mavlink_msgs/msg/detail/dc_motor_state__traits.hpp
[0.922s] -- Up-to-date: /home/a/ws_nhk/install/stm32_mavlink_msgs/include/stm32_mavlink_msgs/stm32_mavlink_msgs/msg/detail/rs485_write_response__struct.hpp
[0.922s] -- Up-to-date: /home/a/ws_nhk/install/stm32_mavlink_msgs/include/stm32_mavlink_msgs/stm32_mavlink_msgs/msg/detail/robomaster_motor_config__type_support.hpp
[0.922s] -- Up-to-date: /home/a/ws_nhk/install/stm32_mavlink_msgs/include/stm32_mavlink_msgs/stm32_mavlink_msgs/msg/detail/solenoid_status__struct.hpp
[0.922s] -- Up-to-date: /home/a/ws_nhk/install/stm32_mavlink_msgs/include/stm32_mavlink_msgs/stm32_mavlink_msgs/msg/detail/dc_motor_config__builder.hpp
[0.922s] -- Up-to-date: /home/a/ws_nhk/install/stm32_mavlink_msgs/include/stm32_mavlink_msgs/stm32_mavlink_msgs/msg/detail/rs485_read_response__struct.hpp
[0.922s] -- Up-to-date: /home/a/ws_nhk/install/stm32_mavlink_msgs/include/stm32_mavlink_msgs/stm32_mavlink_msgs/msg/detail/dc_motor_config__struct.hpp
[0.922s] -- Up-to-date: /home/a/ws_nhk/install/stm32_mavlink_msgs/include/stm32_mavlink_msgs/stm32_mavlink_msgs/msg/detail/rs485_motor_command__struct.hpp
[0.922s] -- Up-to-date: /home/a/ws_nhk/install/stm32_mavlink_msgs/include/stm32_mavlink_msgs/stm32_mavlink_msgs/msg/detail/wtt12_l_status__struct.hpp
[0.922s] -- Up-to-date: /home/a/ws_nhk/install/stm32_mavlink_msgs/include/stm32_mavlink_msgs/stm32_mavlink_msgs/msg/detail/dc_motor_command__builder.hpp
[0.922s] -- Up-to-date: /home/a/ws_nhk/install/stm32_mavlink_msgs/include/stm32_mavlink_msgs/stm32_mavlink_msgs/msg/detail/dc_motor_command__struct.hpp
[0.922s] -- Up-to-date: /home/a/ws_nhk/install/stm32_mavlink_msgs/include/stm32_mavlink_msgs/stm32_mavlink_msgs/msg/detail/solenoid_status__traits.hpp
[0.922s] -- Up-to-date: /home/a/ws_nhk/install/stm32_mavlink_msgs/include/stm32_mavlink_msgs/stm32_mavlink_msgs/msg/detail/servo_state__traits.hpp
[0.922s] -- Up-to-date: /home/a/ws_nhk/install/stm32_mavlink_msgs/include/stm32_mavlink_msgs/stm32_mavlink_msgs/msg/detail/rs485_write_request__builder.hpp
[0.922s] -- Up-to-date: /home/a/ws_nhk/install/stm32_mavlink_msgs/include/stm32_mavlink_msgs/stm32_mavlink_msgs/msg/detail/robomaster_motor_config__traits.hpp
[0.923s] -- Up-to-date: /home/a/ws_nhk/install/stm32_mavlink_msgs/include/stm32_mavlink_msgs/stm32_mavlink_msgs/msg/detail/robomaster_motor_state__builder.hpp
[0.923s] -- Up-to-date: /home/a/ws_nhk/install/stm32_mavlink_msgs/include/stm32_mavlink_msgs/stm32_mavlink_msgs/msg/detail/rs485_write_request__type_support.hpp
[0.923s] -- Up-to-date: /home/a/ws_nhk/install/stm32_mavlink_msgs/include/stm32_mavlink_msgs/stm32_mavlink_msgs/msg/detail/rs485_motor_state__type_support.hpp
[0.923s] -- Up-to-date: /home/a/ws_nhk/install/stm32_mavlink_msgs/include/stm32_mavlink_msgs/stm32_mavlink_msgs/msg/detail/rs485_write_request__traits.hpp
[0.923s] -- Up-to-date: /home/a/ws_nhk/install/stm32_mavlink_msgs/include/stm32_mavlink_msgs/stm32_mavlink_msgs/msg/detail/rs485_read_response__traits.hpp
[0.923s] -- Up-to-date: /home/a/ws_nhk/install/stm32_mavlink_msgs/include/stm32_mavlink_msgs/stm32_mavlink_msgs/msg/detail/robomaster_motor_command__struct.hpp
[0.923s] -- Up-to-date: /home/a/ws_nhk/install/stm32_mavlink_msgs/include/stm32_mavlink_msgs/stm32_mavlink_msgs/msg/detail/servo_command__struct.hpp
[0.923s] -- Up-to-date: /home/a/ws_nhk/install/stm32_mavlink_msgs/include/stm32_mavlink_msgs/stm32_mavlink_msgs/msg/detail/wtt12_l_status__builder.hpp
[0.923s] -- Up-to-date: /home/a/ws_nhk/install/stm32_mavlink_msgs/include/stm32_mavlink_msgs/stm32_mavlink_msgs/msg/detail/servo_state__type_support.hpp
[0.923s] -- Up-to-date: /home/a/ws_nhk/install/stm32_mavlink_msgs/include/stm32_mavlink_msgs/stm32_mavlink_msgs/msg/detail/encoder_state__struct.hpp
[0.923s] -- Up-to-date: /home/a/ws_nhk/install/stm32_mavlink_msgs/include/stm32_mavlink_msgs/stm32_mavlink_msgs/msg/detail/dc_motor_state__builder.hpp
[0.923s] -- Up-to-date: /home/a/ws_nhk/install/stm32_mavlink_msgs/include/stm32_mavlink_msgs/stm32_mavlink_msgs/msg/detail/rs485_flash_save_request__type_support.hpp
[0.923s] -- Up-to-date: /home/a/ws_nhk/install/stm32_mavlink_msgs/include/stm32_mavlink_msgs/stm32_mavlink_msgs/msg/detail/encoder_config__traits.hpp
[0.923s] -- Up-to-date: /home/a/ws_nhk/install/stm32_mavlink_msgs/include/stm32_mavlink_msgs/stm32_mavlink_msgs/msg/detail/dc_motor_state__type_support.hpp
[0.923s] -- Up-to-date: /home/a/ws_nhk/install/stm32_mavlink_msgs/include/stm32_mavlink_msgs/stm32_mavlink_msgs/msg/detail/dc_motor_config__traits.hpp
[0.923s] -- Up-to-date: /home/a/ws_nhk/install/stm32_mavlink_msgs/include/stm32_mavlink_msgs/stm32_mavlink_msgs/msg/detail/dc_motor_command__traits.hpp
[0.923s] -- Up-to-date: /home/a/ws_nhk/install/stm32_mavlink_msgs/include/stm32_mavlink_msgs/stm32_mavlink_msgs/msg/detail/rs485_motor_state__builder.hpp
[0.923s] -- Up-to-date: /home/a/ws_nhk/install/stm32_mavlink_msgs/include/stm32_mavlink_msgs/stm32_mavlink_msgs/msg/detail/rs485_write_response__type_support.hpp
[0.923s] -- Up-to-date: /home/a/ws_nhk/install/stm32_mavlink_msgs/include/stm32_mavlink_msgs/stm32_mavlink_msgs/msg/detail/encoder_config__builder.hpp
[0.923s] -- Up-to-date: /home/a/ws_nhk/install/stm32_mavlink_msgs/include/stm32_mavlink_msgs/stm32_mavlink_msgs/msg/detail/rs485_motor_state__struct.hpp
[0.923s] -- Up-to-date: /home/a/ws_nhk/install/stm32_mavlink_msgs/include/stm32_mavlink_msgs/stm32_mavlink_msgs/msg/detail/rs485_read_request__type_support.hpp
[0.923s] -- Up-to-date: /home/a/ws_nhk/install/stm32_mavlink_msgs/include/stm32_mavlink_msgs/stm32_mavlink_msgs/msg/detail/rs485_read_request__traits.hpp
[0.923s] -- Up-to-date: /home/a/ws_nhk/install/stm32_mavlink_msgs/include/stm32_mavlink_msgs/stm32_mavlink_msgs/msg/detail/rs485_write_request__struct.hpp
[0.923s] -- Up-to-date: /home/a/ws_nhk/install/stm32_mavlink_msgs/include/stm32_mavlink_msgs/stm32_mavlink_msgs/msg/detail/rs485_read_request__struct.hpp
[0.923s] -- Up-to-date: /home/a/ws_nhk/install/stm32_mavlink_msgs/include/stm32_mavlink_msgs/stm32_mavlink_msgs/msg/detail/robomaster_motor_state__struct.hpp
[0.923s] -- Up-to-date: /home/a/ws_nhk/install/stm32_mavlink_msgs/include/stm32_mavlink_msgs/stm32_mavlink_msgs/msg/detail/servo_command__builder.hpp
[0.923s] -- Up-to-date: /home/a/ws_nhk/install/stm32_mavlink_msgs/include/stm32_mavlink_msgs/stm32_mavlink_msgs/msg/detail/solenoid_status__type_support.hpp
[0.924s] -- Up-to-date: /home/a/ws_nhk/install/stm32_mavlink_msgs/include/stm32_mavlink_msgs/stm32_mavlink_msgs/msg/detail/rs485_motor_config__traits.hpp
[0.924s] -- Up-to-date: /home/a/ws_nhk/install/stm32_mavlink_msgs/include/stm32_mavlink_msgs/stm32_mavlink_msgs/msg/detail/encoder_state__traits.hpp
[0.924s] -- Up-to-date: /home/a/ws_nhk/install/stm32_mavlink_msgs/include/stm32_mavlink_msgs/stm32_mavlink_msgs/msg/detail/limit_switch_status__traits.hpp
[0.924s] -- Up-to-date: /home/a/ws_nhk/install/stm32_mavlink_msgs/include/stm32_mavlink_msgs/stm32_mavlink_msgs/msg/detail/rs485_flash_save_request__struct.hpp
[0.924s] -- Up-to-date: /home/a/ws_nhk/install/stm32_mavlink_msgs/include/stm32_mavlink_msgs/stm32_mavlink_msgs/msg/detail/wtt12_l_status__type_support.hpp
[0.924s] -- Up-to-date: /home/a/ws_nhk/install/stm32_mavlink_msgs/include/stm32_mavlink_msgs/stm32_mavlink_msgs/msg/detail/solenoid_command__type_support.hpp
[0.924s] -- Up-to-date: /home/a/ws_nhk/install/stm32_mavlink_msgs/include/stm32_mavlink_msgs/stm32_mavlink_msgs/msg/detail/solenoid_status__builder.hpp
[0.924s] -- Up-to-date: /home/a/ws_nhk/install/stm32_mavlink_msgs/include/stm32_mavlink_msgs/stm32_mavlink_msgs/msg/detail/robomaster_motor_state__type_support.hpp
[0.924s] -- Up-to-date: /home/a/ws_nhk/install/stm32_mavlink_msgs/include/stm32_mavlink_msgs/stm32_mavlink_msgs/msg/detail/rs485_motor_command__traits.hpp
[0.924s] -- Up-to-date: /home/a/ws_nhk/install/stm32_mavlink_msgs/include/stm32_mavlink_msgs/stm32_mavlink_msgs/msg/detail/encoder_config__type_support.hpp
[0.924s] -- Up-to-date: /home/a/ws_nhk/install/stm32_mavlink_msgs/include/stm32_mavlink_msgs/stm32_mavlink_msgs/msg/detail/solenoid_command__struct.hpp
[0.924s] -- Up-to-date: /home/a/ws_nhk/install/stm32_mavlink_msgs/include/stm32_mavlink_msgs/stm32_mavlink_msgs/msg/detail/servo_command__traits.hpp
[0.924s] -- Up-to-date: /home/a/ws_nhk/install/stm32_mavlink_msgs/include/stm32_mavlink_msgs/stm32_mavlink_msgs/msg/detail/rs485_write_response__traits.hpp
[0.924s] -- Up-to-date: /home/a/ws_nhk/install/stm32_mavlink_msgs/include/stm32_mavlink_msgs/stm32_mavlink_msgs/msg/detail/servo_state__builder.hpp
[0.924s] -- Up-to-date: /home/a/ws_nhk/install/stm32_mavlink_msgs/include/stm32_mavlink_msgs/stm32_mavlink_msgs/msg/detail/robomaster_motor_command__builder.hpp
[0.924s] -- Up-to-date: /home/a/ws_nhk/install/stm32_mavlink_msgs/include/stm32_mavlink_msgs/stm32_mavlink_msgs/msg/detail/robomaster_motor_command__traits.hpp
[0.924s] -- Up-to-date: /home/a/ws_nhk/install/stm32_mavlink_msgs/include/stm32_mavlink_msgs/stm32_mavlink_msgs/msg/detail/rs485_write_response__builder.hpp
[0.924s] -- Up-to-date: /home/a/ws_nhk/install/stm32_mavlink_msgs/include/stm32_mavlink_msgs/stm32_mavlink_msgs/msg/detail/dc_motor_command__type_support.hpp
[0.924s] -- Up-to-date: /home/a/ws_nhk/install/stm32_mavlink_msgs/include/stm32_mavlink_msgs/stm32_mavlink_msgs/msg/detail/robomaster_motor_command__type_support.hpp
[0.924s] -- Up-to-date: /home/a/ws_nhk/install/stm32_mavlink_msgs/include/stm32_mavlink_msgs/stm32_mavlink_msgs/msg/detail/rs485_motor_config__struct.hpp
[0.924s] -- Up-to-date: /home/a/ws_nhk/install/stm32_mavlink_msgs/include/stm32_mavlink_msgs/stm32_mavlink_msgs/msg/detail/robomaster_motor_config__builder.hpp
[0.924s] -- Up-to-date: /home/a/ws_nhk/install/stm32_mavlink_msgs/include/stm32_mavlink_msgs/stm32_mavlink_msgs/msg/detail/rs485_motor_config__type_support.hpp
[0.924s] -- Up-to-date: /home/a/ws_nhk/install/stm32_mavlink_msgs/include/stm32_mavlink_msgs/stm32_mavlink_msgs/msg/detail/robomaster_motor_config__struct.hpp
[0.924s] -- Up-to-date: /home/a/ws_nhk/install/stm32_mavlink_msgs/include/stm32_mavlink_msgs/stm32_mavlink_msgs/msg/detail/rs485_flash_save_request__builder.hpp
[0.924s] -- Up-to-date: /home/a/ws_nhk/install/stm32_mavlink_msgs/include/stm32_mavlink_msgs/stm32_mavlink_msgs/msg/detail/encoder_config__struct.hpp
[0.924s] -- Up-to-date: /home/a/ws_nhk/install/stm32_mavlink_msgs/include/stm32_mavlink_msgs/stm32_mavlink_msgs/msg/detail/servo_command__type_support.hpp
[0.924s] -- Up-to-date: /home/a/ws_nhk/install/stm32_mavlink_msgs/include/stm32_mavlink_msgs/stm32_mavlink_msgs/msg/detail/rs485_motor_state__traits.hpp
[0.924s] -- Up-to-date: /home/a/ws_nhk/install/stm32_mavlink_msgs/include/stm32_mavlink_msgs/stm32_mavlink_msgs/msg/detail/rs485_read_request__builder.hpp
[0.924s] -- Up-to-date: /home/a/ws_nhk/install/stm32_mavlink_msgs/include/stm32_mavlink_msgs/stm32_mavlink_msgs/msg/rs485_motor_command.hpp
[0.924s] -- Up-to-date: /home/a/ws_nhk/install/stm32_mavlink_msgs/include/stm32_mavlink_msgs/stm32_mavlink_msgs/msg/solenoid_status.hpp
[0.924s] -- Up-to-date: /home/a/ws_nhk/install/stm32_mavlink_msgs/include/stm32_mavlink_msgs/stm32_mavlink_msgs/srv
[0.924s] -- Up-to-date: /home/a/ws_nhk/install/stm32_mavlink_msgs/include/stm32_mavlink_msgs/stm32_mavlink_msgs/srv/set_robomaster_motor_config.hpp
[0.925s] -- Up-to-date: /home/a/ws_nhk/install/stm32_mavlink_msgs/include/stm32_mavlink_msgs/stm32_mavlink_msgs/srv/get_dc_motor_config.hpp
[0.925s] -- Up-to-date: /home/a/ws_nhk/install/stm32_mavlink_msgs/include/stm32_mavlink_msgs/stm32_mavlink_msgs/srv/set_encoder_config.hpp
[0.925s] -- Up-to-date: /home/a/ws_nhk/install/stm32_mavlink_msgs/include/stm32_mavlink_msgs/stm32_mavlink_msgs/srv/read_rs485_param.hpp
[0.925s] -- Up-to-date: /home/a/ws_nhk/install/stm32_mavlink_msgs/include/stm32_mavlink_msgs/stm32_mavlink_msgs/srv/set_dc_motor_config.hpp
[0.925s] -- Up-to-date: /home/a/ws_nhk/install/stm32_mavlink_msgs/include/stm32_mavlink_msgs/stm32_mavlink_msgs/srv/write_rs485_param.hpp
[0.925s] -- Up-to-date: /home/a/ws_nhk/install/stm32_mavlink_msgs/include/stm32_mavlink_msgs/stm32_mavlink_msgs/srv/flash_save_rs485.hpp
[0.925s] -- Up-to-date: /home/a/ws_nhk/install/stm32_mavlink_msgs/include/stm32_mavlink_msgs/stm32_mavlink_msgs/srv/get_robomaster_motor_config.hpp
[0.925s] -- Up-to-date: /home/a/ws_nhk/install/stm32_mavlink_msgs/include/stm32_mavlink_msgs/stm32_mavlink_msgs/srv/detail
[0.925s] -- Up-to-date: /home/a/ws_nhk/install/stm32_mavlink_msgs/include/stm32_mavlink_msgs/stm32_mavlink_msgs/srv/detail/set_robomaster_motor_config__builder.hpp
[0.925s] -- Up-to-date: /home/a/ws_nhk/install/stm32_mavlink_msgs/include/stm32_mavlink_msgs/stm32_mavlink_msgs/srv/detail/flash_save_rs485__builder.hpp
[0.925s] -- Up-to-date: /home/a/ws_nhk/install/stm32_mavlink_msgs/include/stm32_mavlink_msgs/stm32_mavlink_msgs/srv/detail/set_servo_config__builder.hpp
[0.925s] -- Up-to-date: /home/a/ws_nhk/install/stm32_mavlink_msgs/include/stm32_mavlink_msgs/stm32_mavlink_msgs/srv/detail/write_rs485_param__builder.hpp
[0.925s] -- Up-to-date: /home/a/ws_nhk/install/stm32_mavlink_msgs/include/stm32_mavlink_msgs/stm32_mavlink_msgs/srv/detail/write_rs485_param__struct.hpp
[0.925s] -- Up-to-date: /home/a/ws_nhk/install/stm32_mavlink_msgs/include/stm32_mavlink_msgs/stm32_mavlink_msgs/srv/detail/set_dc_motor_config__traits.hpp
[0.925s] -- Up-to-date: /home/a/ws_nhk/install/stm32_mavlink_msgs/include/stm32_mavlink_msgs/stm32_mavlink_msgs/srv/detail/set_servo_config__traits.hpp
[0.925s] -- Up-to-date: /home/a/ws_nhk/install/stm32_mavlink_msgs/include/stm32_mavlink_msgs/stm32_mavlink_msgs/srv/detail/read_rs485_param__struct.hpp
[0.925s] -- Up-to-date: /home/a/ws_nhk/install/stm32_mavlink_msgs/include/stm32_mavlink_msgs/stm32_mavlink_msgs/srv/detail/set_encoder_config__type_support.hpp
[0.925s] -- Up-to-date: /home/a/ws_nhk/install/stm32_mavlink_msgs/include/stm32_mavlink_msgs/stm32_mavlink_msgs/srv/detail/write_rs485_param__traits.hpp
[0.925s] -- Up-to-date: /home/a/ws_nhk/install/stm32_mavlink_msgs/include/stm32_mavlink_msgs/stm32_mavlink_msgs/srv/detail/get_robomaster_motor_config__struct.hpp
[0.925s] -- Up-to-date: /home/a/ws_nhk/install/stm32_mavlink_msgs/include/stm32_mavlink_msgs/stm32_mavlink_msgs/srv/detail/set_servo_config__type_support.hpp
[0.925s] -- Up-to-date: /home/a/ws_nhk/install/stm32_mavlink_msgs/include/stm32_mavlink_msgs/stm32_mavlink_msgs/srv/detail/get_dc_motor_config__struct.hpp
[0.925s] -- Up-to-date: /home/a/ws_nhk/install/stm32_mavlink_msgs/include/stm32_mavlink_msgs/stm32_mavlink_msgs/srv/detail/read_rs485_param__type_support.hpp
[0.925s] -- Up-to-date: /home/a/ws_nhk/install/stm32_mavlink_msgs/include/stm32_mavlink_msgs/stm32_mavlink_msgs/srv/detail/set_dc_motor_config__builder.hpp
[0.925s] -- Up-to-date: /home/a/ws_nhk/install/stm32_mavlink_msgs/include/stm32_mavlink_msgs/stm32_mavlink_msgs/srv/detail/set_encoder_config__traits.hpp
[0.925s] -- Up-to-date: /home/a/ws_nhk/install/stm32_mavlink_msgs/include/stm32_mavlink_msgs/stm32_mavlink_msgs/srv/detail/flash_save_rs485__traits.hpp
[0.925s] -- Up-to-date: /home/a/ws_nhk/install/stm32_mavlink_msgs/include/stm32_mavlink_msgs/stm32_mavlink_msgs/srv/detail/get_dc_motor_config__builder.hpp
[0.925s] -- Up-to-date: /home/a/ws_nhk/install/stm32_mavlink_msgs/include/stm32_mavlink_msgs/stm32_mavlink_msgs/srv/detail/set_robomaster_motor_config__struct.hpp
[0.925s] -- Up-to-date: /home/a/ws_nhk/install/stm32_mavlink_msgs/include/stm32_mavlink_msgs/stm32_mavlink_msgs/srv/detail/flash_save_rs485__struct.hpp
[0.925s] -- Up-to-date: /home/a/ws_nhk/install/stm32_mavlink_msgs/include/stm32_mavlink_msgs/stm32_mavlink_msgs/srv/detail/set_servo_config__struct.hpp
[0.925s] -- Up-to-date: /home/a/ws_nhk/install/stm32_mavlink_msgs/include/stm32_mavlink_msgs/stm32_mavlink_msgs/srv/detail/flash_save_rs485__type_support.hpp
[0.926s] -- Up-to-date: /home/a/ws_nhk/install/stm32_mavlink_msgs/include/stm32_mavlink_msgs/stm32_mavlink_msgs/srv/detail/get_robomaster_motor_config__type_support.hpp
[0.926s] -- Up-to-date: /home/a/ws_nhk/install/stm32_mavlink_msgs/include/stm32_mavlink_msgs/stm32_mavlink_msgs/srv/detail/get_dc_motor_config__type_support.hpp
[0.926s] -- Up-to-date: /home/a/ws_nhk/install/stm32_mavlink_msgs/include/stm32_mavlink_msgs/stm32_mavlink_msgs/srv/detail/get_robomaster_motor_config__builder.hpp
[0.926s] -- Up-to-date: /home/a/ws_nhk/install/stm32_mavlink_msgs/include/stm32_mavlink_msgs/stm32_mavlink_msgs/srv/detail/set_dc_motor_config__struct.hpp
[0.926s] -- Up-to-date: /home/a/ws_nhk/install/stm32_mavlink_msgs/include/stm32_mavlink_msgs/stm32_mavlink_msgs/srv/detail/set_robomaster_motor_config__traits.hpp
[0.926s] -- Up-to-date: /home/a/ws_nhk/install/stm32_mavlink_msgs/include/stm32_mavlink_msgs/stm32_mavlink_msgs/srv/detail/write_rs485_param__type_support.hpp
[0.926s] -- Up-to-date: /home/a/ws_nhk/install/stm32_mavlink_msgs/include/stm32_mavlink_msgs/stm32_mavlink_msgs/srv/detail/set_encoder_config__builder.hpp
[0.926s] -- Up-to-date: /home/a/ws_nhk/install/stm32_mavlink_msgs/include/stm32_mavlink_msgs/stm32_mavlink_msgs/srv/detail/set_encoder_config__struct.hpp
[0.926s] -- Up-to-date: /home/a/ws_nhk/install/stm32_mavlink_msgs/include/stm32_mavlink_msgs/stm32_mavlink_msgs/srv/detail/read_rs485_param__builder.hpp
[0.926s] -- Up-to-date: /home/a/ws_nhk/install/stm32_mavlink_msgs/include/stm32_mavlink_msgs/stm32_mavlink_msgs/srv/detail/get_dc_motor_config__traits.hpp
[0.926s] -- Up-to-date: /home/a/ws_nhk/install/stm32_mavlink_msgs/include/stm32_mavlink_msgs/stm32_mavlink_msgs/srv/detail/get_robomaster_motor_config__traits.hpp
[0.926s] -- Up-to-date: /home/a/ws_nhk/install/stm32_mavlink_msgs/include/stm32_mavlink_msgs/stm32_mavlink_msgs/srv/detail/set_robomaster_motor_config__type_support.hpp
[0.926s] -- Up-to-date: /home/a/ws_nhk/install/stm32_mavlink_msgs/include/stm32_mavlink_msgs/stm32_mavlink_msgs/srv/detail/read_rs485_param__traits.hpp
[0.926s] -- Up-to-date: /home/a/ws_nhk/install/stm32_mavlink_msgs/include/stm32_mavlink_msgs/stm32_mavlink_msgs/srv/detail/set_dc_motor_config__type_support.hpp
[0.926s] -- Up-to-date: /home/a/ws_nhk/install/stm32_mavlink_msgs/include/stm32_mavlink_msgs/stm32_mavlink_msgs/srv/set_servo_config.hpp
[0.926s] -- Up-to-date: /home/a/ws_nhk/install/stm32_mavlink_msgs/include/stm32_mavlink_msgs/stm32_mavlink_msgs
[0.926s] -- Up-to-date: /home/a/ws_nhk/install/stm32_mavlink_msgs/include/stm32_mavlink_msgs/stm32_mavlink_msgs/msg
[0.926s] -- Up-to-date: /home/a/ws_nhk/install/stm32_mavlink_msgs/include/stm32_mavlink_msgs/stm32_mavlink_msgs/msg/detail
[0.926s] -- Up-to-date: /home/a/ws_nhk/install/stm32_mavlink_msgs/include/stm32_mavlink_msgs/stm32_mavlink_msgs/msg/detail/rs485_read_response__rosidl_typesupport_fastrtps_cpp.hpp
[0.926s] -- Up-to-date: /home/a/ws_nhk/install/stm32_mavlink_msgs/include/stm32_mavlink_msgs/stm32_mavlink_msgs/msg/detail/rs485_motor_config__rosidl_typesupport_fastrtps_cpp.hpp
[0.926s] -- Up-to-date: /home/a/ws_nhk/install/stm32_mavlink_msgs/include/stm32_mavlink_msgs/stm32_mavlink_msgs/msg/detail/dc_motor_config__rosidl_typesupport_fastrtps_cpp.hpp
[0.926s] -- Up-to-date: /home/a/ws_nhk/install/stm32_mavlink_msgs/include/stm32_mavlink_msgs/stm32_mavlink_msgs/msg/detail/robomaster_motor_command__rosidl_typesupport_fastrtps_cpp.hpp
[0.926s] -- Up-to-date: /home/a/ws_nhk/install/stm32_mavlink_msgs/include/stm32_mavlink_msgs/stm32_mavlink_msgs/msg/detail/encoder_state__rosidl_typesupport_fastrtps_cpp.hpp
[0.926s] -- Up-to-date: /home/a/ws_nhk/install/stm32_mavlink_msgs/include/stm32_mavlink_msgs/stm32_mavlink_msgs/msg/detail/wtt12_l_status__rosidl_typesupport_fastrtps_cpp.hpp
[0.926s] -- Up-to-date: /home/a/ws_nhk/install/stm32_mavlink_msgs/include/stm32_mavlink_msgs/stm32_mavlink_msgs/msg/detail/limit_switch_status__rosidl_typesupport_fastrtps_cpp.hpp
[0.926s] -- Up-to-date: /home/a/ws_nhk/install/stm32_mavlink_msgs/include/stm32_mavlink_msgs/stm32_mavlink_msgs/msg/detail/dc_motor_state__rosidl_typesupport_fastrtps_cpp.hpp
[0.927s] -- Up-to-date: /home/a/ws_nhk/install/stm32_mavlink_msgs/include/stm32_mavlink_msgs/stm32_mavlink_msgs/msg/detail/rs485_motor_state__rosidl_typesupport_fastrtps_cpp.hpp
[0.927s] -- Up-to-date: /home/a/ws_nhk/install/stm32_mavlink_msgs/include/stm32_mavlink_msgs/stm32_mavlink_msgs/msg/detail/rs485_flash_save_request__rosidl_typesupport_fastrtps_cpp.hpp
[0.927s] -- Up-to-date: /home/a/ws_nhk/install/stm32_mavlink_msgs/include/stm32_mavlink_msgs/stm32_mavlink_msgs/msg/detail/encoder_config__rosidl_typesupport_fastrtps_cpp.hpp
[0.927s] -- Up-to-date: /home/a/ws_nhk/install/stm32_mavlink_msgs/include/stm32_mavlink_msgs/stm32_mavlink_msgs/msg/detail/dc_motor_command__rosidl_typesupport_fastrtps_cpp.hpp
[0.927s] -- Up-to-date: /home/a/ws_nhk/install/stm32_mavlink_msgs/include/stm32_mavlink_msgs/stm32_mavlink_msgs/msg/detail/robomaster_motor_config__rosidl_typesupport_fastrtps_cpp.hpp
[0.927s] -- Up-to-date: /home/a/ws_nhk/install/stm32_mavlink_msgs/include/stm32_mavlink_msgs/stm32_mavlink_msgs/msg/detail/solenoid_status__rosidl_typesupport_fastrtps_cpp.hpp
[0.927s] -- Up-to-date: /home/a/ws_nhk/install/stm32_mavlink_msgs/include/stm32_mavlink_msgs/stm32_mavlink_msgs/msg/detail/rs485_read_request__rosidl_typesupport_fastrtps_cpp.hpp
[0.927s] -- Up-to-date: /home/a/ws_nhk/install/stm32_mavlink_msgs/include/stm32_mavlink_msgs/stm32_mavlink_msgs/msg/detail/robomaster_motor_state__rosidl_typesupport_fastrtps_cpp.hpp
[0.927s] -- Up-to-date: /home/a/ws_nhk/install/stm32_mavlink_msgs/include/stm32_mavlink_msgs/stm32_mavlink_msgs/msg/detail/servo_state__rosidl_typesupport_fastrtps_cpp.hpp
[0.927s] -- Up-to-date: /home/a/ws_nhk/install/stm32_mavlink_msgs/include/stm32_mavlink_msgs/stm32_mavlink_msgs/msg/detail/servo_command__rosidl_typesupport_fastrtps_cpp.hpp
[0.927s] -- Up-to-date: /home/a/ws_nhk/install/stm32_mavlink_msgs/include/stm32_mavlink_msgs/stm32_mavlink_msgs/msg/detail/dds_fastrtps
[0.927s] -- Up-to-date: /home/a/ws_nhk/install/stm32_mavlink_msgs/include/stm32_mavlink_msgs/stm32_mavlink_msgs/msg/detail/solenoid_command__rosidl_typesupport_fastrtps_cpp.hpp
[0.927s] -- Up-to-date: /home/a/ws_nhk/install/stm32_mavlink_msgs/include/stm32_mavlink_msgs/stm32_mavlink_msgs/msg/detail/rs485_motor_command__rosidl_typesupport_fastrtps_cpp.hpp
[0.927s] -- Up-to-date: /home/a/ws_nhk/install/stm32_mavlink_msgs/include/stm32_mavlink_msgs/stm32_mavlink_msgs/msg/detail/rs485_write_request__rosidl_typesupport_fastrtps_cpp.hpp
[0.927s] -- Up-to-date: /home/a/ws_nhk/install/stm32_mavlink_msgs/include/stm32_mavlink_msgs/stm32_mavlink_msgs/msg/detail/rs485_write_response__rosidl_typesupport_fastrtps_cpp.hpp
[0.927s] -- Up-to-date: /home/a/ws_nhk/install/stm32_mavlink_msgs/include/stm32_mavlink_msgs/stm32_mavlink_msgs/msg/rosidl_typesupport_fastrtps_cpp__visibility_control.h
[0.927s] -- Up-to-date: /home/a/ws_nhk/install/stm32_mavlink_msgs/include/stm32_mavlink_msgs/stm32_mavlink_msgs/srv
[0.927s] -- Up-to-date: /home/a/ws_nhk/install/stm32_mavlink_msgs/include/stm32_mavlink_msgs/stm32_mavlink_msgs/srv/detail
[0.927s] -- Up-to-date: /home/a/ws_nhk/install/stm32_mavlink_msgs/include/stm32_mavlink_msgs/stm32_mavlink_msgs/srv/detail/set_encoder_config__rosidl_typesupport_fastrtps_cpp.hpp
[0.927s] -- Up-to-date: /home/a/ws_nhk/install/stm32_mavlink_msgs/include/stm32_mavlink_msgs/stm32_mavlink_msgs/srv/detail/set_servo_config__rosidl_typesupport_fastrtps_cpp.hpp
[0.927s] -- Up-to-date: /home/a/ws_nhk/install/stm32_mavlink_msgs/include/stm32_mavlink_msgs/stm32_mavlink_msgs/srv/detail/set_robomaster_motor_config__rosidl_typesupport_fastrtps_cpp.hpp
[0.927s] -- Up-to-date: /home/a/ws_nhk/install/stm32_mavlink_msgs/include/stm32_mavlink_msgs/stm32_mavlink_msgs/srv/detail/get_dc_motor_config__rosidl_typesupport_fastrtps_cpp.hpp
[0.927s] -- Up-to-date: /home/a/ws_nhk/install/stm32_mavlink_msgs/include/stm32_mavlink_msgs/stm32_mavlink_msgs/srv/detail/flash_save_rs485__rosidl_typesupport_fastrtps_cpp.hpp
[0.927s] -- Up-to-date: /home/a/ws_nhk/install/stm32_mavlink_msgs/include/stm32_mavlink_msgs/stm32_mavlink_msgs/srv/detail/get_robomaster_motor_config__rosidl_typesupport_fastrtps_cpp.hpp
[0.927s] -- Up-to-date: /home/a/ws_nhk/install/stm32_mavlink_msgs/include/stm32_mavlink_msgs/stm32_mavlink_msgs/srv/detail/read_rs485_param__rosidl_typesupport_fastrtps_cpp.hpp
[0.927s] -- Up-to-date: /home/a/ws_nhk/install/stm32_mavlink_msgs/include/stm32_mavlink_msgs/stm32_mavlink_msgs/srv/detail/write_rs485_param__rosidl_typesupport_fastrtps_cpp.hpp
[0.928s] -- Up-to-date: /home/a/ws_nhk/install/stm32_mavlink_msgs/include/stm32_mavlink_msgs/stm32_mavlink_msgs/srv/detail/dds_fastrtps
[0.928s] -- Up-to-date: /home/a/ws_nhk/install/stm32_mavlink_msgs/include/stm32_mavlink_msgs/stm32_mavlink_msgs/srv/detail/set_dc_motor_config__rosidl_typesupport_fastrtps_cpp.hpp
[0.928s] -- Up-to-date: /home/a/ws_nhk/install/stm32_mavlink_msgs/lib/libstm32_mavlink_msgs__rosidl_typesupport_fastrtps_cpp.so
[0.928s] -- Up-to-date: /home/a/ws_nhk/install/stm32_mavlink_msgs/include/stm32_mavlink_msgs/stm32_mavlink_msgs
[0.928s] -- Up-to-date: /home/a/ws_nhk/install/stm32_mavlink_msgs/include/stm32_mavlink_msgs/stm32_mavlink_msgs/msg
[0.928s] -- Up-to-date: /home/a/ws_nhk/install/stm32_mavlink_msgs/include/stm32_mavlink_msgs/stm32_mavlink_msgs/msg/detail
[0.928s] -- Up-to-date: /home/a/ws_nhk/install/stm32_mavlink_msgs/include/stm32_mavlink_msgs/stm32_mavlink_msgs/msg/detail/servo_state__rosidl_typesupport_introspection_cpp.hpp
[0.928s] -- Up-to-date: /home/a/ws_nhk/install/stm32_mavlink_msgs/include/stm32_mavlink_msgs/stm32_mavlink_msgs/msg/detail/rs485_write_request__rosidl_typesupport_introspection_cpp.hpp
[0.928s] -- Up-to-date: /home/a/ws_nhk/install/stm32_mavlink_msgs/include/stm32_mavlink_msgs/stm32_mavlink_msgs/msg/detail/solenoid_command__rosidl_typesupport_introspection_cpp.hpp
[0.928s] -- Up-to-date: /home/a/ws_nhk/install/stm32_mavlink_msgs/include/stm32_mavlink_msgs/stm32_mavlink_msgs/msg/detail/encoder_config__type_support.cpp
[0.928s] -- Up-to-date: /home/a/ws_nhk/install/stm32_mavlink_msgs/include/stm32_mavlink_msgs/stm32_mavlink_msgs/msg/detail/dc_motor_command__rosidl_typesupport_introspection_cpp.hpp
[0.928s] -- Up-to-date: /home/a/ws_nhk/install/stm32_mavlink_msgs/include/stm32_mavlink_msgs/stm32_mavlink_msgs/msg/detail/rs485_write_request__type_support.cpp
[0.928s] -- Up-to-date: /home/a/ws_nhk/install/stm32_mavlink_msgs/include/stm32_mavlink_msgs/stm32_mavlink_msgs/msg/detail/rs485_read_response__type_support.cpp
[0.928s] -- Up-to-date: /home/a/ws_nhk/install/stm32_mavlink_msgs/include/stm32_mavlink_msgs/stm32_mavlink_msgs/msg/detail/robomaster_motor_command__type_support.cpp
[0.928s] -- Up-to-date: /home/a/ws_nhk/install/stm32_mavlink_msgs/include/stm32_mavlink_msgs/stm32_mavlink_msgs/msg/detail/rs485_read_response__rosidl_typesupport_introspection_cpp.hpp
[0.928s] -- Up-to-date: /home/a/ws_nhk/install/stm32_mavlink_msgs/include/stm32_mavlink_msgs/stm32_mavlink_msgs/msg/detail/rs485_motor_command__type_support.cpp
[0.928s] -- Up-to-date: /home/a/ws_nhk/install/stm32_mavlink_msgs/include/stm32_mavlink_msgs/stm32_mavlink_msgs/msg/detail/limit_switch_status__type_support.cpp
[0.928s] -- Up-to-date: /home/a/ws_nhk/install/stm32_mavlink_msgs/include/stm32_mavlink_msgs/stm32_mavlink_msgs/msg/detail/solenoid_command__type_support.cpp
[0.928s] -- Up-to-date: /home/a/ws_nhk/install/stm32_mavlink_msgs/include/stm32_mavlink_msgs/stm32_mavlink_msgs/msg/detail/servo_command__type_support.cpp
[0.928s] -- Up-to-date: /home/a/ws_nhk/install/stm32_mavlink_msgs/include/stm32_mavlink_msgs/stm32_mavlink_msgs/msg/detail/wtt12_l_status__type_support.cpp
[0.928s] -- Up-to-date: /home/a/ws_nhk/install/stm32_mavlink_msgs/include/stm32_mavlink_msgs/stm32_mavlink_msgs/msg/detail/robomaster_motor_command__rosidl_typesupport_introspection_cpp.hpp
[0.928s] -- Up-to-date: /home/a/ws_nhk/install/stm32_mavlink_msgs/include/stm32_mavlink_msgs/stm32_mavlink_msgs/msg/detail/servo_state__type_support.cpp
[0.928s] -- Up-to-date: /home/a/ws_nhk/install/stm32_mavlink_msgs/include/stm32_mavlink_msgs/stm32_mavlink_msgs/msg/detail/solenoid_status__type_support.cpp
[0.928s] -- Up-to-date: /home/a/ws_nhk/install/stm32_mavlink_msgs/include/stm32_mavlink_msgs/stm32_mavlink_msgs/msg/detail/rs485_motor_state__rosidl_typesupport_introspection_cpp.hpp
[0.928s] -- Up-to-date: /home/a/ws_nhk/install/stm32_mavlink_msgs/include/stm32_mavlink_msgs/stm32_mavlink_msgs/msg/detail/dc_motor_config__rosidl_typesupport_introspection_cpp.hpp
[0.928s] -- Up-to-date: /home/a/ws_nhk/install/stm32_mavlink_msgs/include/stm32_mavlink_msgs/stm32_mavlink_msgs/msg/detail/wtt12_l_status__rosidl_typesupport_introspection_cpp.hpp
[0.928s] -- Up-to-date: /home/a/ws_nhk/install/stm32_mavlink_msgs/include/stm32_mavlink_msgs/stm32_mavlink_msgs/msg/detail/robomaster_motor_config__type_support.cpp
[0.928s] -- Up-to-date: /home/a/ws_nhk/install/stm32_mavlink_msgs/include/stm32_mavlink_msgs/stm32_mavlink_msgs/msg/detail/dc_motor_state__type_support.cpp
[0.928s] -- Up-to-date: /home/a/ws_nhk/install/stm32_mavlink_msgs/include/stm32_mavlink_msgs/stm32_mavlink_msgs/msg/detail/dc_motor_state__rosidl_typesupport_introspection_cpp.hpp
[0.928s] -- Up-to-date: /home/a/ws_nhk/install/stm32_mavlink_msgs/include/stm32_mavlink_msgs/stm32_mavlink_msgs/msg/detail/dc_motor_config__type_support.cpp
[0.929s] -- Up-to-date: /home/a/ws_nhk/install/stm32_mavlink_msgs/include/stm32_mavlink_msgs/stm32_mavlink_msgs/msg/detail/limit_switch_status__rosidl_typesupport_introspection_cpp.hpp
[0.929s] -- Up-to-date: /home/a/ws_nhk/install/stm32_mavlink_msgs/include/stm32_mavlink_msgs/stm32_mavlink_msgs/msg/detail/rs485_read_request__rosidl_typesupport_introspection_cpp.hpp
[0.929s] -- Up-to-date: /home/a/ws_nhk/install/stm32_mavlink_msgs/include/stm32_mavlink_msgs/stm32_mavlink_msgs/msg/detail/robomaster_motor_config__rosidl_typesupport_introspection_cpp.hpp
[0.929s] -- Up-to-date: /home/a/ws_nhk/install/stm32_mavlink_msgs/include/stm32_mavlink_msgs/stm32_mavlink_msgs/msg/detail/rs485_motor_command__rosidl_typesupport_introspection_cpp.hpp
[0.929s] -- Up-to-date: /home/a/ws_nhk/install/stm32_mavlink_msgs/include/stm32_mavlink_msgs/stm32_mavlink_msgs/msg/detail/solenoid_status__rosidl_typesupport_introspection_cpp.hpp
[0.929s] -- Up-to-date: /home/a/ws_nhk/install/stm32_mavlink_msgs/include/stm32_mavlink_msgs/stm32_mavlink_msgs/msg/detail/rs485_motor_state__type_support.cpp
[0.929s] -- Up-to-date: /home/a/ws_nhk/install/stm32_mavlink_msgs/include/stm32_mavlink_msgs/stm32_mavlink_msgs/msg/detail/servo_command__rosidl_typesupport_introspection_cpp.hpp
[0.929s] -- Up-to-date: /home/a/ws_nhk/install/stm32_mavlink_msgs/include/stm32_mavlink_msgs/stm32_mavlink_msgs/msg/detail/robomaster_motor_state__rosidl_typesupport_introspection_cpp.hpp
[0.929s] -- Up-to-date: /home/a/ws_nhk/install/stm32_mavlink_msgs/include/stm32_mavlink_msgs/stm32_mavlink_msgs/msg/detail/rs485_write_response__type_support.cpp
[0.929s] -- Up-to-date: /home/a/ws_nhk/install/stm32_mavlink_msgs/include/stm32_mavlink_msgs/stm32_mavlink_msgs/msg/detail/encoder_state__type_support.cpp
[0.929s] -- Up-to-date: /home/a/ws_nhk/install/stm32_mavlink_msgs/include/stm32_mavlink_msgs/stm32_mavlink_msgs/msg/detail/rs485_flash_save_request__rosidl_typesupport_introspection_cpp.hpp
[0.929s] -- Up-to-date: /home/a/ws_nhk/install/stm32_mavlink_msgs/include/stm32_mavlink_msgs/stm32_mavlink_msgs/msg/detail/encoder_config__rosidl_typesupport_introspection_cpp.hpp
[0.929s] -- Up-to-date: /home/a/ws_nhk/install/stm32_mavlink_msgs/include/stm32_mavlink_msgs/stm32_mavlink_msgs/msg/detail/robomaster_motor_state__type_support.cpp
[0.929s] -- Up-to-date: /home/a/ws_nhk/install/stm32_mavlink_msgs/include/stm32_mavlink_msgs/stm32_mavlink_msgs/msg/detail/rs485_motor_config__rosidl_typesupport_introspection_cpp.hpp
[0.929s] -- Up-to-date: /home/a/ws_nhk/install/stm32_mavlink_msgs/include/stm32_mavlink_msgs/stm32_mavlink_msgs/msg/detail/rs485_read_request__type_support.cpp
[0.929s] -- Up-to-date: /home/a/ws_nhk/install/stm32_mavlink_msgs/include/stm32_mavlink_msgs/stm32_mavlink_msgs/msg/detail/encoder_state__rosidl_typesupport_introspection_cpp.hpp
[0.929s] -- Up-to-date: /home/a/ws_nhk/install/stm32_mavlink_msgs/include/stm32_mavlink_msgs/stm32_mavlink_msgs/msg/detail/rs485_write_response__rosidl_typesupport_introspection_cpp.hpp
[0.929s] -- Up-to-date: /home/a/ws_nhk/install/stm32_mavlink_msgs/include/stm32_mavlink_msgs/stm32_mavlink_msgs/msg/detail/rs485_flash_save_request__type_support.cpp
[0.929s] -- Up-to-date: /home/a/ws_nhk/install/stm32_mavlink_msgs/include/stm32_mavlink_msgs/stm32_mavlink_msgs/msg/detail/rs485_motor_config__type_support.cpp
[0.929s] -- Up-to-date: /home/a/ws_nhk/install/stm32_mavlink_msgs/include/stm32_mavlink_msgs/stm32_mavlink_msgs/msg/detail/dc_motor_command__type_support.cpp
[0.929s] -- Up-to-date: /home/a/ws_nhk/install/stm32_mavlink_msgs/include/stm32_mavlink_msgs/stm32_mavlink_msgs/srv
[0.929s] -- Up-to-date: /home/a/ws_nhk/install/stm32_mavlink_msgs/include/stm32_mavlink_msgs/stm32_mavlink_msgs/srv/detail
[0.929s] -- Up-to-date: /home/a/ws_nhk/install/stm32_mavlink_msgs/include/stm32_mavlink_msgs/stm32_mavlink_msgs/srv/detail/set_dc_motor_config__rosidl_typesupport_introspection_cpp.hpp
[0.929s] -- Up-to-date: /home/a/ws_nhk/install/stm32_mavlink_msgs/include/stm32_mavlink_msgs/stm32_mavlink_msgs/srv/detail/flash_save_rs485__type_support.cpp
[0.929s] -- Up-to-date: /home/a/ws_nhk/install/stm32_mavlink_msgs/include/stm32_mavlink_msgs/stm32_mavlink_msgs/srv/detail/set_robomaster_motor_config__rosidl_typesupport_introspection_cpp.hpp
[0.929s] -- Up-to-date: /home/a/ws_nhk/install/stm32_mavlink_msgs/include/stm32_mavlink_msgs/stm32_mavlink_msgs/srv/detail/write_rs485_param__type_support.cpp
[0.929s] -- Up-to-date: /home/a/ws_nhk/install/stm32_mavlink_msgs/include/stm32_mavlink_msgs/stm32_mavlink_msgs/srv/detail/set_encoder_config__rosidl_typesupport_introspection_cpp.hpp
[0.930s] -- Up-to-date: /home/a/ws_nhk/install/stm32_mavlink_msgs/include/stm32_mavlink_msgs/stm32_mavlink_msgs/srv/detail/set_servo_config__rosidl_typesupport_introspection_cpp.hpp
[0.930s] -- Up-to-date: /home/a/ws_nhk/install/stm32_mavlink_msgs/include/stm32_mavlink_msgs/stm32_mavlink_msgs/srv/detail/set_encoder_config__type_support.cpp
[0.930s] -- Up-to-date: /home/a/ws_nhk/install/stm32_mavlink_msgs/include/stm32_mavlink_msgs/stm32_mavlink_msgs/srv/detail/get_dc_motor_config__rosidl_typesupport_introspection_cpp.hpp
[0.930s] -- Up-to-date: /home/a/ws_nhk/install/stm32_mavlink_msgs/include/stm32_mavlink_msgs/stm32_mavlink_msgs/srv/detail/get_robomaster_motor_config__type_support.cpp
[0.930s] -- Up-to-date: /home/a/ws_nhk/install/stm32_mavlink_msgs/include/stm32_mavlink_msgs/stm32_mavlink_msgs/srv/detail/write_rs485_param__rosidl_typesupport_introspection_cpp.hpp
[0.930s] -- Up-to-date: /home/a/ws_nhk/install/stm32_mavlink_msgs/include/stm32_mavlink_msgs/stm32_mavlink_msgs/srv/detail/get_robomaster_motor_config__rosidl_typesupport_introspection_cpp.hpp
[0.930s] -- Up-to-date: /home/a/ws_nhk/install/stm32_mavlink_msgs/include/stm32_mavlink_msgs/stm32_mavlink_msgs/srv/detail/set_dc_motor_config__type_support.cpp
[0.930s] -- Up-to-date: /home/a/ws_nhk/install/stm32_mavlink_msgs/include/stm32_mavlink_msgs/stm32_mavlink_msgs/srv/detail/read_rs485_param__type_support.cpp
[0.930s] -- Up-to-date: /home/a/ws_nhk/install/stm32_mavlink_msgs/include/stm32_mavlink_msgs/stm32_mavlink_msgs/srv/detail/get_dc_motor_config__type_support.cpp
[0.930s] -- Up-to-date: /home/a/ws_nhk/install/stm32_mavlink_msgs/include/stm32_mavlink_msgs/stm32_mavlink_msgs/srv/detail/set_robomaster_motor_config__type_support.cpp
[0.930s] -- Up-to-date: /home/a/ws_nhk/install/stm32_mavlink_msgs/include/stm32_mavlink_msgs/stm32_mavlink_msgs/srv/detail/flash_save_rs485__rosidl_typesupport_introspection_cpp.hpp
[0.930s] -- Up-to-date: /home/a/ws_nhk/install/stm32_mavlink_msgs/include/stm32_mavlink_msgs/stm32_mavlink_msgs/srv/detail/read_rs485_param__rosidl_typesupport_introspection_cpp.hpp
[0.930s] -- Up-to-date: /home/a/ws_nhk/install/stm32_mavlink_msgs/include/stm32_mavlink_msgs/stm32_mavlink_msgs/srv/detail/set_servo_config__type_support.cpp
[0.930s] -- Up-to-date: /home/a/ws_nhk/install/stm32_mavlink_msgs/lib/libstm32_mavlink_msgs__rosidl_typesupport_introspection_cpp.so
[0.930s] -- Up-to-date: /home/a/ws_nhk/install/stm32_mavlink_msgs/lib/libstm32_mavlink_msgs__rosidl_typesupport_cpp.so
[0.930s] -- Up-to-date: /home/a/ws_nhk/install/stm32_mavlink_msgs/share/stm32_mavlink_msgs/environment/pythonpath.sh
[0.930s] -- Up-to-date: /home/a/ws_nhk/install/stm32_mavlink_msgs/share/stm32_mavlink_msgs/environment/pythonpath.dsv
[0.930s] -- Up-to-date: /home/a/ws_nhk/install/stm32_mavlink_msgs/local/lib/python3.10/dist-packages/stm32_mavlink_msgs-1.0.0-py3.10.egg-info
[0.930s] -- Installing: /home/a/ws_nhk/install/stm32_mavlink_msgs/local/lib/python3.10/dist-packages/stm32_mavlink_msgs-1.0.0-py3.10.egg-info/top_level.txt
[0.930s] -- Installing: /home/a/ws_nhk/install/stm32_mavlink_msgs/local/lib/python3.10/dist-packages/stm32_mavlink_msgs-1.0.0-py3.10.egg-info/SOURCES.txt
[0.930s] -- Installing: /home/a/ws_nhk/install/stm32_mavlink_msgs/local/lib/python3.10/dist-packages/stm32_mavlink_msgs-1.0.0-py3.10.egg-info/PKG-INFO
[0.930s] -- Installing: /home/a/ws_nhk/install/stm32_mavlink_msgs/local/lib/python3.10/dist-packages/stm32_mavlink_msgs-1.0.0-py3.10.egg-info/dependency_links.txt
[0.930s] -- Up-to-date: /home/a/ws_nhk/install/stm32_mavlink_msgs/local/lib/python3.10/dist-packages/stm32_mavlink_msgs
[0.930s] -- Up-to-date: /home/a/ws_nhk/install/stm32_mavlink_msgs/local/lib/python3.10/dist-packages/stm32_mavlink_msgs/libstm32_mavlink_msgs__rosidl_generator_py.so
[0.930s] -- Up-to-date: /home/a/ws_nhk/install/stm32_mavlink_msgs/local/lib/python3.10/dist-packages/stm32_mavlink_msgs/stm32_mavlink_msgs_s__rosidl_typesupport_c.cpython-310-x86_64-linux-gnu.so
[0.930s] -- Up-to-date: /home/a/ws_nhk/install/stm32_mavlink_msgs/local/lib/python3.10/dist-packages/stm32_mavlink_msgs/_stm32_mavlink_msgs_s.ep.rosidl_typesupport_introspection_c.c
[0.930s] -- Up-to-date: /home/a/ws_nhk/install/stm32_mavlink_msgs/local/lib/python3.10/dist-packages/stm32_mavlink_msgs/msg
[0.930s] -- Up-to-date: /home/a/ws_nhk/install/stm32_mavlink_msgs/local/lib/python3.10/dist-packages/stm32_mavlink_msgs/msg/_servo_command_s.c
[0.930s] -- Up-to-date: /home/a/ws_nhk/install/stm32_mavlink_msgs/local/lib/python3.10/dist-packages/stm32_mavlink_msgs/msg/_rs485_write_response.py
[0.930s] -- Up-to-date: /home/a/ws_nhk/install/stm32_mavlink_msgs/local/lib/python3.10/dist-packages/stm32_mavlink_msgs/msg/_rs485_motor_state.py
[0.930s] -- Up-to-date: /home/a/ws_nhk/install/stm32_mavlink_msgs/local/lib/python3.10/dist-packages/stm32_mavlink_msgs/msg/_rs485_flash_save_request.py
[0.930s] -- Up-to-date: /home/a/ws_nhk/install/stm32_mavlink_msgs/local/lib/python3.10/dist-packages/stm32_mavlink_msgs/msg/_servo_command.py
[0.931s] -- Up-to-date: /home/a/ws_nhk/install/stm32_mavlink_msgs/local/lib/python3.10/dist-packages/stm32_mavlink_msgs/msg/_servo_state_s.c
[0.931s] -- Up-to-date: /home/a/ws_nhk/install/stm32_mavlink_msgs/local/lib/python3.10/dist-packages/stm32_mavlink_msgs/msg/_rs485_motor_config_s.c
[0.931s] -- Up-to-date: /home/a/ws_nhk/install/stm32_mavlink_msgs/local/lib/python3.10/dist-packages/stm32_mavlink_msgs/msg/_robomaster_motor_state.py
[0.931s] -- Up-to-date: /home/a/ws_nhk/install/stm32_mavlink_msgs/local/lib/python3.10/dist-packages/stm32_mavlink_msgs/msg/_robomaster_motor_config_s.c
[0.931s] -- Up-to-date: /home/a/ws_nhk/install/stm32_mavlink_msgs/local/lib/python3.10/dist-packages/stm32_mavlink_msgs/msg/_rs485_read_request_s.c
[0.931s] -- Up-to-date: /home/a/ws_nhk/install/stm32_mavlink_msgs/local/lib/python3.10/dist-packages/stm32_mavlink_msgs/msg/_limit_switch_status_s.c
[0.931s] -- Up-to-date: /home/a/ws_nhk/install/stm32_mavlink_msgs/local/lib/python3.10/dist-packages/stm32_mavlink_msgs/msg/_dc_motor_config.py
[0.931s] -- Up-to-date: /home/a/ws_nhk/install/stm32_mavlink_msgs/local/lib/python3.10/dist-packages/stm32_mavlink_msgs/msg/_dc_motor_state.py
[0.931s] -- Up-to-date: /home/a/ws_nhk/install/stm32_mavlink_msgs/local/lib/python3.10/dist-packages/stm32_mavlink_msgs/msg/_dc_motor_config_s.c
[0.931s] -- Up-to-date: /home/a/ws_nhk/install/stm32_mavlink_msgs/local/lib/python3.10/dist-packages/stm32_mavlink_msgs/msg/_robomaster_motor_state_s.c
[0.931s] -- Up-to-date: /home/a/ws_nhk/install/stm32_mavlink_msgs/local/lib/python3.10/dist-packages/stm32_mavlink_msgs/msg/_robomaster_motor_command_s.c
[0.931s] -- Up-to-date: /home/a/ws_nhk/install/stm32_mavlink_msgs/local/lib/python3.10/dist-packages/stm32_mavlink_msgs/msg/_solenoid_command_s.c
[0.931s] -- Up-to-date: /home/a/ws_nhk/install/stm32_mavlink_msgs/local/lib/python3.10/dist-packages/stm32_mavlink_msgs/msg/_encoder_config.py
[0.931s] -- Up-to-date: /home/a/ws_nhk/install/stm32_mavlink_msgs/local/lib/python3.10/dist-packages/stm32_mavlink_msgs/msg/_rs485_write_request.py
[0.931s] -- Up-to-date: /home/a/ws_nhk/install/stm32_mavlink_msgs/local/lib/python3.10/dist-packages/stm32_mavlink_msgs/msg/_dc_motor_command.py
[0.931s] -- Up-to-date: /home/a/ws_nhk/install/stm32_mavlink_msgs/local/lib/python3.10/dist-packages/stm32_mavlink_msgs/msg/_rs485_read_response_s.c
[0.931s] -- Up-to-date: /home/a/ws_nhk/install/stm32_mavlink_msgs/local/lib/python3.10/dist-packages/stm32_mavlink_msgs/msg/_limit_switch_status.py
[0.931s] -- Up-to-date: /home/a/ws_nhk/install/stm32_mavlink_msgs/local/lib/python3.10/dist-packages/stm32_mavlink_msgs/msg/__init__.py
[0.931s] -- Up-to-date: /home/a/ws_nhk/install/stm32_mavlink_msgs/local/lib/python3.10/dist-packages/stm32_mavlink_msgs/msg/_robomaster_motor_config.py
[0.931s] -- Up-to-date: /home/a/ws_nhk/install/stm32_mavlink_msgs/local/lib/python3.10/dist-packages/stm32_mavlink_msgs/msg/_wtt12_l_status.py
[0.931s] -- Up-to-date: /home/a/ws_nhk/install/stm32_mavlink_msgs/local/lib/python3.10/dist-packages/stm32_mavlink_msgs/msg/_rs485_motor_command.py
[0.931s] -- Up-to-date: /home/a/ws_nhk/install/stm32_mavlink_msgs/local/lib/python3.10/dist-packages/stm32_mavlink_msgs/msg/_rs485_flash_save_request_s.c
[0.931s] -- Up-to-date: /home/a/ws_nhk/install/stm32_mavlink_msgs/local/lib/python3.10/dist-packages/stm32_mavlink_msgs/msg/_dc_motor_state_s.c
[0.931s] -- Up-to-date: /home/a/ws_nhk/install/stm32_mavlink_msgs/local/lib/python3.10/dist-packages/stm32_mavlink_msgs/msg/_rs485_read_response.py
[0.931s] -- Up-to-date: /home/a/ws_nhk/install/stm32_mavlink_msgs/local/lib/python3.10/dist-packages/stm32_mavlink_msgs/msg/_servo_state.py
[0.931s] -- Up-to-date: /home/a/ws_nhk/install/stm32_mavlink_msgs/local/lib/python3.10/dist-packages/stm32_mavlink_msgs/msg/_wtt12_l_status_s.c
[0.931s] -- Up-to-date: /home/a/ws_nhk/install/stm32_mavlink_msgs/local/lib/python3.10/dist-packages/stm32_mavlink_msgs/msg/_rs485_motor_command_s.c
[0.931s] -- Up-to-date: /home/a/ws_nhk/install/stm32_mavlink_msgs/local/lib/python3.10/dist-packages/stm32_mavlink_msgs/msg/_rs485_write_response_s.c
[0.931s] -- Up-to-date: /home/a/ws_nhk/install/stm32_mavlink_msgs/local/lib/python3.10/dist-packages/stm32_mavlink_msgs/msg/_rs485_motor_config.py
[0.931s] -- Up-to-date: /home/a/ws_nhk/install/stm32_mavlink_msgs/local/lib/python3.10/dist-packages/stm32_mavlink_msgs/msg/_rs485_motor_state_s.c
[0.932s] -- Up-to-date: /home/a/ws_nhk/install/stm32_mavlink_msgs/local/lib/python3.10/dist-packages/stm32_mavlink_msgs/msg/_encoder_state.py
[0.932s] -- Up-to-date: /home/a/ws_nhk/install/stm32_mavlink_msgs/local/lib/python3.10/dist-packages/stm32_mavlink_msgs/msg/_rs485_read_request.py
[0.932s] -- Up-to-date: /home/a/ws_nhk/install/stm32_mavlink_msgs/local/lib/python3.10/dist-packages/stm32_mavlink_msgs/msg/_encoder_state_s.c
[0.932s] -- Up-to-date: /home/a/ws_nhk/install/stm32_mavlink_msgs/local/lib/python3.10/dist-packages/stm32_mavlink_msgs/msg/_encoder_config_s.c
[0.932s] -- Up-to-date: /home/a/ws_nhk/install/stm32_mavlink_msgs/local/lib/python3.10/dist-packages/stm32_mavlink_msgs/msg/_dc_motor_command_s.c
[0.932s] -- Up-to-date: /home/a/ws_nhk/install/stm32_mavlink_msgs/local/lib/python3.10/dist-packages/stm32_mavlink_msgs/msg/_robomaster_motor_command.py
[0.932s] -- Up-to-date: /home/a/ws_nhk/install/stm32_mavlink_msgs/local/lib/python3.10/dist-packages/stm32_mavlink_msgs/msg/_solenoid_command.py
[0.932s] -- Up-to-date: /home/a/ws_nhk/install/stm32_mavlink_msgs/local/lib/python3.10/dist-packages/stm32_mavlink_msgs/msg/_rs485_write_request_s.c
[0.932s] -- Up-to-date: /home/a/ws_nhk/install/stm32_mavlink_msgs/local/lib/python3.10/dist-packages/stm32_mavlink_msgs/msg/_solenoid_status_s.c
[0.932s] -- Up-to-date: /home/a/ws_nhk/install/stm32_mavlink_msgs/local/lib/python3.10/dist-packages/stm32_mavlink_msgs/msg/_solenoid_status.py
[0.932s] -- Up-to-date: /home/a/ws_nhk/install/stm32_mavlink_msgs/local/lib/python3.10/dist-packages/stm32_mavlink_msgs/_stm32_mavlink_msgs_s.ep.rosidl_typesupport_fastrtps_c.c
[0.932s] -- Up-to-date: /home/a/ws_nhk/install/stm32_mavlink_msgs/local/lib/python3.10/dist-packages/stm32_mavlink_msgs/stm32_mavlink_msgs_s__rosidl_typesupport_fastrtps_c.cpython-310-x86_64-linux-gnu.so
[0.932s] -- Up-to-date: /home/a/ws_nhk/install/stm32_mavlink_msgs/local/lib/python3.10/dist-packages/stm32_mavlink_msgs/stm32_mavlink_msgs_s__rosidl_typesupport_introspection_c.cpython-310-x86_64-linux-gnu.so
[0.932s] -- Up-to-date: /home/a/ws_nhk/install/stm32_mavlink_msgs/local/lib/python3.10/dist-packages/stm32_mavlink_msgs/__init__.py
[0.932s] -- Up-to-date: /home/a/ws_nhk/install/stm32_mavlink_msgs/local/lib/python3.10/dist-packages/stm32_mavlink_msgs/_stm32_mavlink_msgs_s.ep.rosidl_typesupport_c.c
[0.932s] -- Up-to-date: /home/a/ws_nhk/install/stm32_mavlink_msgs/local/lib/python3.10/dist-packages/stm32_mavlink_msgs/srv
[0.932s] -- Up-to-date: /home/a/ws_nhk/install/stm32_mavlink_msgs/local/lib/python3.10/dist-packages/stm32_mavlink_msgs/srv/_flash_save_rs485_s.c
[0.932s] -- Up-to-date: /home/a/ws_nhk/install/stm32_mavlink_msgs/local/lib/python3.10/dist-packages/stm32_mavlink_msgs/srv/_read_rs485_param_s.c
[0.932s] -- Up-to-date: /home/a/ws_nhk/install/stm32_mavlink_msgs/local/lib/python3.10/dist-packages/stm32_mavlink_msgs/srv/_read_rs485_param.py
[0.932s] -- Up-to-date: /home/a/ws_nhk/install/stm32_mavlink_msgs/local/lib/python3.10/dist-packages/stm32_mavlink_msgs/srv/_set_dc_motor_config_s.c
[0.932s] -- Up-to-date: /home/a/ws_nhk/install/stm32_mavlink_msgs/local/lib/python3.10/dist-packages/stm32_mavlink_msgs/srv/_set_encoder_config.py
[0.932s] -- Up-to-date: /home/a/ws_nhk/install/stm32_mavlink_msgs/local/lib/python3.10/dist-packages/stm32_mavlink_msgs/srv/_set_servo_config.py
[0.932s] -- Up-to-date: /home/a/ws_nhk/install/stm32_mavlink_msgs/local/lib/python3.10/dist-packages/stm32_mavlink_msgs/srv/_get_robomaster_motor_config.py
[0.932s] -- Up-to-date: /home/a/ws_nhk/install/stm32_mavlink_msgs/local/lib/python3.10/dist-packages/stm32_mavlink_msgs/srv/_set_robomaster_motor_config.py
[0.932s] -- Up-to-date: /home/a/ws_nhk/install/stm32_mavlink_msgs/local/lib/python3.10/dist-packages/stm32_mavlink_msgs/srv/_get_robomaster_motor_config_s.c
[0.932s] -- Up-to-date: /home/a/ws_nhk/install/stm32_mavlink_msgs/local/lib/python3.10/dist-packages/stm32_mavlink_msgs/srv/_set_robomaster_motor_config_s.c
[0.932s] -- Up-to-date: /home/a/ws_nhk/install/stm32_mavlink_msgs/local/lib/python3.10/dist-packages/stm32_mavlink_msgs/srv/_write_rs485_param_s.c
[0.932s] -- Up-to-date: /home/a/ws_nhk/install/stm32_mavlink_msgs/local/lib/python3.10/dist-packages/stm32_mavlink_msgs/srv/_write_rs485_param.py
[0.932s] -- Up-to-date: /home/a/ws_nhk/install/stm32_mavlink_msgs/local/lib/python3.10/dist-packages/stm32_mavlink_msgs/srv/__init__.py
[0.933s] -- Up-to-date: /home/a/ws_nhk/install/stm32_mavlink_msgs/local/lib/python3.10/dist-packages/stm32_mavlink_msgs/srv/_get_dc_motor_config_s.c
[0.933s] -- Up-to-date: /home/a/ws_nhk/install/stm32_mavlink_msgs/local/lib/python3.10/dist-packages/stm32_mavlink_msgs/srv/_flash_save_rs485.py
[0.933s] -- Up-to-date: /home/a/ws_nhk/install/stm32_mavlink_msgs/local/lib/python3.10/dist-packages/stm32_mavlink_msgs/srv/_get_dc_motor_config.py
[0.933s] -- Up-to-date: /home/a/ws_nhk/install/stm32_mavlink_msgs/local/lib/python3.10/dist-packages/stm32_mavlink_msgs/srv/_set_servo_config_s.c
[0.933s] -- Up-to-date: /home/a/ws_nhk/install/stm32_mavlink_msgs/local/lib/python3.10/dist-packages/stm32_mavlink_msgs/srv/_set_dc_motor_config.py
[0.933s] -- Up-to-date: /home/a/ws_nhk/install/stm32_mavlink_msgs/local/lib/python3.10/dist-packages/stm32_mavlink_msgs/srv/_set_encoder_config_s.c
[0.933s] Listing '/home/a/ws_nhk/install/stm32_mavlink_msgs/local/lib/python3.10/dist-packages/stm32_mavlink_msgs'...
[0.933s] Listing '/home/a/ws_nhk/install/stm32_mavlink_msgs/local/lib/python3.10/dist-packages/stm32_mavlink_msgs/msg'...
[0.933s] Listing '/home/a/ws_nhk/install/stm32_mavlink_msgs/local/lib/python3.10/dist-packages/stm32_mavlink_msgs/srv'...
[0.933s] -- Up-to-date: /home/a/ws_nhk/install/stm32_mavlink_msgs/local/lib/python3.10/dist-packages/stm32_mavlink_msgs/stm32_mavlink_msgs_s__rosidl_typesupport_fastrtps_c.cpython-310-x86_64-linux-gnu.so
[0.933s] -- Up-to-date: /home/a/ws_nhk/install/stm32_mavlink_msgs/local/lib/python3.10/dist-packages/stm32_mavlink_msgs/stm32_mavlink_msgs_s__rosidl_typesupport_introspection_c.cpython-310-x86_64-linux-gnu.so
[0.933s] -- Up-to-date: /home/a/ws_nhk/install/stm32_mavlink_msgs/local/lib/python3.10/dist-packages/stm32_mavlink_msgs/stm32_mavlink_msgs_s__rosidl_typesupport_c.cpython-310-x86_64-linux-gnu.so
[0.933s] -- Up-to-date: /home/a/ws_nhk/install/stm32_mavlink_msgs/lib/libstm32_mavlink_msgs__rosidl_generator_py.so
[0.933s] -- Up-to-date: /home/a/ws_nhk/install/stm32_mavlink_msgs/share/stm32_mavlink_msgs/msg/ServoCommand.idl
[0.933s] -- Up-to-date: /home/a/ws_nhk/install/stm32_mavlink_msgs/share/stm32_mavlink_msgs/msg/ServoState.idl
[0.933s] -- Up-to-date: /home/a/ws_nhk/install/stm32_mavlink_msgs/share/stm32_mavlink_msgs/msg/EncoderState.idl
[0.933s] -- Up-to-date: /home/a/ws_nhk/install/stm32_mavlink_msgs/share/stm32_mavlink_msgs/msg/EncoderConfig.idl
[0.933s] -- Up-to-date: /home/a/ws_nhk/install/stm32_mavlink_msgs/share/stm32_mavlink_msgs/msg/RobomasterMotorCommand.idl
[0.933s] -- Up-to-date: /home/a/ws_nhk/install/stm32_mavlink_msgs/share/stm32_mavlink_msgs/msg/RobomasterMotorState.idl
[0.933s] -- Up-to-date: /home/a/ws_nhk/install/stm32_mavlink_msgs/share/stm32_mavlink_msgs/msg/RobomasterMotorConfig.idl
[0.933s] -- Up-to-date: /home/a/ws_nhk/install/stm32_mavlink_msgs/share/stm32_mavlink_msgs/msg/DCMotorCommand.idl
[0.933s] -- Up-to-date: /home/a/ws_nhk/install/stm32_mavlink_msgs/share/stm32_mavlink_msgs/msg/DCMotorState.idl
[0.933s] -- Up-to-date: /home/a/ws_nhk/install/stm32_mavlink_msgs/share/stm32_mavlink_msgs/msg/DCMotorConfig.idl
[0.933s] -- Up-to-date: /home/a/ws_nhk/install/stm32_mavlink_msgs/share/stm32_mavlink_msgs/msg/RS485MotorCommand.idl
[0.934s] -- Up-to-date: /home/a/ws_nhk/install/stm32_mavlink_msgs/share/stm32_mavlink_msgs/msg/RS485MotorState.idl
[0.934s] -- Up-to-date: /home/a/ws_nhk/install/stm32_mavlink_msgs/share/stm32_mavlink_msgs/msg/RS485MotorConfig.idl
[0.934s] -- Up-to-date: /home/a/ws_nhk/install/stm32_mavlink_msgs/share/stm32_mavlink_msgs/msg/RS485ReadRequest.idl
[0.934s] -- Up-to-date: /home/a/ws_nhk/install/stm32_mavlink_msgs/share/stm32_mavlink_msgs/msg/RS485ReadResponse.idl
[0.934s] -- Up-to-date: /home/a/ws_nhk/install/stm32_mavlink_msgs/share/stm32_mavlink_msgs/msg/RS485WriteRequest.idl
[0.934s] -- Up-to-date: /home/a/ws_nhk/install/stm32_mavlink_msgs/share/stm32_mavlink_msgs/msg/RS485WriteResponse.idl
[0.934s] -- Up-to-date: /home/a/ws_nhk/install/stm32_mavlink_msgs/share/stm32_mavlink_msgs/msg/RS485FlashSaveRequest.idl
[0.934s] -- Up-to-date: /home/a/ws_nhk/install/stm32_mavlink_msgs/share/stm32_mavlink_msgs/msg/LimitSwitchStatus.idl
[0.934s] -- Up-to-date: /home/a/ws_nhk/install/stm32_mavlink_msgs/share/stm32_mavlink_msgs/msg/WTT12LStatus.idl
[0.934s] -- Up-to-date: /home/a/ws_nhk/install/stm32_mavlink_msgs/share/stm32_mavlink_msgs/msg/SolenoidCommand.idl
[0.934s] -- Up-to-date: /home/a/ws_nhk/install/stm32_mavlink_msgs/share/stm32_mavlink_msgs/msg/SolenoidStatus.idl
[0.934s] -- Up-to-date: /home/a/ws_nhk/install/stm32_mavlink_msgs/share/stm32_mavlink_msgs/srv/SetServoConfig.idl
[0.934s] -- Up-to-date: /home/a/ws_nhk/install/stm32_mavlink_msgs/share/stm32_mavlink_msgs/srv/SetEncoderConfig.idl
[0.934s] -- Up-to-date: /home/a/ws_nhk/install/stm32_mavlink_msgs/share/stm32_mavlink_msgs/srv/SetRobomasterMotorConfig.idl
[0.934s] -- Up-to-date: /home/a/ws_nhk/install/stm32_mavlink_msgs/share/stm32_mavlink_msgs/srv/GetRobomasterMotorConfig.idl
[0.934s] -- Up-to-date: /home/a/ws_nhk/install/stm32_mavlink_msgs/share/stm32_mavlink_msgs/srv/SetDCMotorConfig.idl
[0.934s] -- Up-to-date: /home/a/ws_nhk/install/stm32_mavlink_msgs/share/stm32_mavlink_msgs/srv/GetDCMotorConfig.idl
[0.934s] -- Up-to-date: /home/a/ws_nhk/install/stm32_mavlink_msgs/share/stm32_mavlink_msgs/srv/ReadRS485Param.idl
[0.935s] -- Up-to-date: /home/a/ws_nhk/install/stm32_mavlink_msgs/share/stm32_mavlink_msgs/srv/WriteRS485Param.idl
[0.935s] -- Up-to-date: /home/a/ws_nhk/install/stm32_mavlink_msgs/share/stm32_mavlink_msgs/srv/FlashSaveRS485.idl
[0.935s] -- Up-to-date: /home/a/ws_nhk/install/stm32_mavlink_msgs/share/stm32_mavlink_msgs/msg/ServoCommand.msg
[0.935s] -- Up-to-date: /home/a/ws_nhk/install/stm32_mavlink_msgs/share/stm32_mavlink_msgs/msg/ServoState.msg
[0.935s] -- Up-to-date: /home/a/ws_nhk/install/stm32_mavlink_msgs/share/stm32_mavlink_msgs/msg/EncoderState.msg
[0.936s] -- Up-to-date: /home/a/ws_nhk/install/stm32_mavlink_msgs/share/stm32_mavlink_msgs/msg/EncoderConfig.msg
[0.936s] -- Up-to-date: /home/a/ws_nhk/install/stm32_mavlink_msgs/share/stm32_mavlink_msgs/msg/RobomasterMotorCommand.msg
[0.936s] -- Up-to-date: /home/a/ws_nhk/install/stm32_mavlink_msgs/share/stm32_mavlink_msgs/msg/RobomasterMotorState.msg
[0.936s] -- Up-to-date: /home/a/ws_nhk/install/stm32_mavlink_msgs/share/stm32_mavlink_msgs/msg/RobomasterMotorConfig.msg
[0.936s] -- Up-to-date: /home/a/ws_nhk/install/stm32_mavlink_msgs/share/stm32_mavlink_msgs/msg/DCMotorCommand.msg
[0.936s] -- Up-to-date: /home/a/ws_nhk/install/stm32_mavlink_msgs/share/stm32_mavlink_msgs/msg/DCMotorState.msg
[0.937s] -- Up-to-date: /home/a/ws_nhk/install/stm32_mavlink_msgs/share/stm32_mavlink_msgs/msg/DCMotorConfig.msg
[0.937s] -- Up-to-date: /home/a/ws_nhk/install/stm32_mavlink_msgs/share/stm32_mavlink_msgs/msg/RS485MotorCommand.msg
[0.937s] -- Up-to-date: /home/a/ws_nhk/install/stm32_mavlink_msgs/share/stm32_mavlink_msgs/msg/RS485MotorState.msg
[0.937s] -- Up-to-date: /home/a/ws_nhk/install/stm32_mavlink_msgs/share/stm32_mavlink_msgs/msg/RS485MotorConfig.msg
[0.937s] -- Up-to-date: /home/a/ws_nhk/install/stm32_mavlink_msgs/share/stm32_mavlink_msgs/msg/RS485ReadRequest.msg
[0.937s] -- Up-to-date: /home/a/ws_nhk/install/stm32_mavlink_msgs/share/stm32_mavlink_msgs/msg/RS485ReadResponse.msg
[0.937s] -- Up-to-date: /home/a/ws_nhk/install/stm32_mavlink_msgs/share/stm32_mavlink_msgs/msg/RS485WriteRequest.msg
[0.937s] -- Up-to-date: /home/a/ws_nhk/install/stm32_mavlink_msgs/share/stm32_mavlink_msgs/msg/RS485WriteResponse.msg
[0.938s] -- Up-to-date: /home/a/ws_nhk/install/stm32_mavlink_msgs/share/stm32_mavlink_msgs/msg/RS485FlashSaveRequest.msg
[0.938s] -- Up-to-date: /home/a/ws_nhk/install/stm32_mavlink_msgs/share/stm32_mavlink_msgs/msg/LimitSwitchStatus.msg
[0.938s] -- Up-to-date: /home/a/ws_nhk/install/stm32_mavlink_msgs/share/stm32_mavlink_msgs/msg/WTT12LStatus.msg
[0.938s] -- Up-to-date: /home/a/ws_nhk/install/stm32_mavlink_msgs/share/stm32_mavlink_msgs/msg/SolenoidCommand.msg
[0.938s] -- Up-to-date: /home/a/ws_nhk/install/stm32_mavlink_msgs/share/stm32_mavlink_msgs/msg/SolenoidStatus.msg
[0.938s] -- Up-to-date: /home/a/ws_nhk/install/stm32_mavlink_msgs/share/stm32_mavlink_msgs/srv/SetServoConfig.srv
[0.939s] -- Up-to-date: /home/a/ws_nhk/install/stm32_mavlink_msgs/share/stm32_mavlink_msgs/srv/SetServoConfig_Request.msg
[0.939s] -- Up-to-date: /home/a/ws_nhk/install/stm32_mavlink_msgs/share/stm32_mavlink_msgs/srv/SetServoConfig_Response.msg
[0.939s] -- Up-to-date: /home/a/ws_nhk/install/stm32_mavlink_msgs/share/stm32_mavlink_msgs/srv/SetEncoderConfig.srv
[0.939s] -- Up-to-date: /home/a/ws_nhk/install/stm32_mavlink_msgs/share/stm32_mavlink_msgs/srv/SetEncoderConfig_Request.msg
[0.939s] -- Up-to-date: /home/a/ws_nhk/install/stm32_mavlink_msgs/share/stm32_mavlink_msgs/srv/SetEncoderConfig_Response.msg
[0.939s] -- Up-to-date: /home/a/ws_nhk/install/stm32_mavlink_msgs/share/stm32_mavlink_msgs/srv/SetRobomasterMotorConfig.srv
[0.939s] -- Up-to-date: /home/a/ws_nhk/install/stm32_mavlink_msgs/share/stm32_mavlink_msgs/srv/SetRobomasterMotorConfig_Request.msg
[0.940s] -- Up-to-date: /home/a/ws_nhk/install/stm32_mavlink_msgs/share/stm32_mavlink_msgs/srv/SetRobomasterMotorConfig_Response.msg
[0.940s] -- Up-to-date: /home/a/ws_nhk/install/stm32_mavlink_msgs/share/stm32_mavlink_msgs/srv/GetRobomasterMotorConfig.srv
[0.940s] -- Up-to-date: /home/a/ws_nhk/install/stm32_mavlink_msgs/share/stm32_mavlink_msgs/srv/GetRobomasterMotorConfig_Request.msg
[0.940s] -- Up-to-date: /home/a/ws_nhk/install/stm32_mavlink_msgs/share/stm32_mavlink_msgs/srv/GetRobomasterMotorConfig_Response.msg
[0.940s] -- Up-to-date: /home/a/ws_nhk/install/stm32_mavlink_msgs/share/stm32_mavlink_msgs/srv/SetDCMotorConfig.srv
[0.940s] -- Up-to-date: /home/a/ws_nhk/install/stm32_mavlink_msgs/share/stm32_mavlink_msgs/srv/SetDCMotorConfig_Request.msg
[0.940s] -- Up-to-date: /home/a/ws_nhk/install/stm32_mavlink_msgs/share/stm32_mavlink_msgs/srv/SetDCMotorConfig_Response.msg
[0.940s] -- Up-to-date: /home/a/ws_nhk/install/stm32_mavlink_msgs/share/stm32_mavlink_msgs/srv/GetDCMotorConfig.srv
[0.940s] -- Up-to-date: /home/a/ws_nhk/install/stm32_mavlink_msgs/share/stm32_mavlink_msgs/srv/GetDCMotorConfig_Request.msg
[0.940s] -- Up-to-date: /home/a/ws_nhk/install/stm32_mavlink_msgs/share/stm32_mavlink_msgs/srv/GetDCMotorConfig_Response.msg
[0.941s] -- Up-to-date: /home/a/ws_nhk/install/stm32_mavlink_msgs/share/stm32_mavlink_msgs/srv/ReadRS485Param.srv
[0.941s] -- Up-to-date: /home/a/ws_nhk/install/stm32_mavlink_msgs/share/stm32_mavlink_msgs/srv/ReadRS485Param_Request.msg
[0.941s] -- Up-to-date: /home/a/ws_nhk/install/stm32_mavlink_msgs/share/stm32_mavlink_msgs/srv/ReadRS485Param_Response.msg
[0.941s] -- Up-to-date: /home/a/ws_nhk/install/stm32_mavlink_msgs/share/stm32_mavlink_msgs/srv/WriteRS485Param.srv
[0.941s] -- Up-to-date: /home/a/ws_nhk/install/stm32_mavlink_msgs/share/stm32_mavlink_msgs/srv/WriteRS485Param_Request.msg
[0.941s] -- Up-to-date: /home/a/ws_nhk/install/stm32_mavlink_msgs/share/stm32_mavlink_msgs/srv/WriteRS485Param_Response.msg
[0.942s] -- Up-to-date: /home/a/ws_nhk/install/stm32_mavlink_msgs/share/stm32_mavlink_msgs/srv/FlashSaveRS485.srv
[0.943s] -- Up-to-date: /home/a/ws_nhk/install/stm32_mavlink_msgs/share/stm32_mavlink_msgs/srv/FlashSaveRS485_Request.msg
[0.943s] -- Up-to-date: /home/a/ws_nhk/install/stm32_mavlink_msgs/share/stm32_mavlink_msgs/srv/FlashSaveRS485_Response.msg
[0.943s] -- Up-to-date: /home/a/ws_nhk/install/stm32_mavlink_msgs/share/ament_index/resource_index/package_run_dependencies/stm32_mavlink_msgs
[0.943s] -- Up-to-date: /home/a/ws_nhk/install/stm32_mavlink_msgs/share/ament_index/resource_index/parent_prefix_path/stm32_mavlink_msgs
[0.943s] -- Up-to-date: /home/a/ws_nhk/install/stm32_mavlink_msgs/share/stm32_mavlink_msgs/environment/ament_prefix_path.sh
[0.943s] -- Up-to-date: /home/a/ws_nhk/install/stm32_mavlink_msgs/share/stm32_mavlink_msgs/environment/ament_prefix_path.dsv
[0.943s] -- Up-to-date: /home/a/ws_nhk/install/stm32_mavlink_msgs/share/stm32_mavlink_msgs/environment/path.sh
[0.944s] -- Up-to-date: /home/a/ws_nhk/install/stm32_mavlink_msgs/share/stm32_mavlink_msgs/environment/path.dsv
[0.944s] -- Up-to-date: /home/a/ws_nhk/install/stm32_mavlink_msgs/share/stm32_mavlink_msgs/local_setup.bash
[0.944s] -- Up-to-date: /home/a/ws_nhk/install/stm32_mavlink_msgs/share/stm32_mavlink_msgs/local_setup.sh
[0.944s] -- Up-to-date: /home/a/ws_nhk/install/stm32_mavlink_msgs/share/stm32_mavlink_msgs/local_setup.zsh
[0.944s] -- Up-to-date: /home/a/ws_nhk/install/stm32_mavlink_msgs/share/stm32_mavlink_msgs/local_setup.dsv
[0.944s] -- Installing: /home/a/ws_nhk/install/stm32_mavlink_msgs/share/stm32_mavlink_msgs/package.dsv
[0.944s] -- Up-to-date: /home/a/ws_nhk/install/stm32_mavlink_msgs/share/ament_index/resource_index/packages/stm32_mavlink_msgs
[0.944s] -- Up-to-date: /home/a/ws_nhk/install/stm32_mavlink_msgs/share/stm32_mavlink_msgs/cmake/export_stm32_mavlink_msgs__rosidl_generator_cExport.cmake
[0.944s] -- Up-to-date: /home/a/ws_nhk/install/stm32_mavlink_msgs/share/stm32_mavlink_msgs/cmake/export_stm32_mavlink_msgs__rosidl_generator_cExport-release.cmake
[0.944s] -- Up-to-date: /home/a/ws_nhk/install/stm32_mavlink_msgs/share/stm32_mavlink_msgs/cmake/export_stm32_mavlink_msgs__rosidl_typesupport_fastrtps_cExport.cmake
[0.944s] -- Up-to-date: /home/a/ws_nhk/install/stm32_mavlink_msgs/share/stm32_mavlink_msgs/cmake/export_stm32_mavlink_msgs__rosidl_typesupport_fastrtps_cExport-release.cmake
[0.944s] -- Up-to-date: /home/a/ws_nhk/install/stm32_mavlink_msgs/share/stm32_mavlink_msgs/cmake/stm32_mavlink_msgs__rosidl_typesupport_introspection_cExport.cmake
[0.944s] -- Up-to-date: /home/a/ws_nhk/install/stm32_mavlink_msgs/share/stm32_mavlink_msgs/cmake/stm32_mavlink_msgs__rosidl_typesupport_introspection_cExport-release.cmake
[0.944s] -- Up-to-date: /home/a/ws_nhk/install/stm32_mavlink_msgs/share/stm32_mavlink_msgs/cmake/stm32_mavlink_msgs__rosidl_typesupport_cExport.cmake
[0.945s] -- Up-to-date: /home/a/ws_nhk/install/stm32_mavlink_msgs/share/stm32_mavlink_msgs/cmake/stm32_mavlink_msgs__rosidl_typesupport_cExport-release.cmake
[0.945s] -- Up-to-date: /home/a/ws_nhk/install/stm32_mavlink_msgs/share/stm32_mavlink_msgs/cmake/export_stm32_mavlink_msgs__rosidl_generator_cppExport.cmake
[0.945s] -- Up-to-date: /home/a/ws_nhk/install/stm32_mavlink_msgs/share/stm32_mavlink_msgs/cmake/export_stm32_mavlink_msgs__rosidl_typesupport_fastrtps_cppExport.cmake
[0.945s] -- Up-to-date: /home/a/ws_nhk/install/stm32_mavlink_msgs/share/stm32_mavlink_msgs/cmake/export_stm32_mavlink_msgs__rosidl_typesupport_fastrtps_cppExport-release.cmake
[0.945s] -- Up-to-date: /home/a/ws_nhk/install/stm32_mavlink_msgs/share/stm32_mavlink_msgs/cmake/stm32_mavlink_msgs__rosidl_typesupport_introspection_cppExport.cmake
[0.945s] -- Up-to-date: /home/a/ws_nhk/install/stm32_mavlink_msgs/share/stm32_mavlink_msgs/cmake/stm32_mavlink_msgs__rosidl_typesupport_introspection_cppExport-release.cmake
[0.945s] -- Up-to-date: /home/a/ws_nhk/install/stm32_mavlink_msgs/share/stm32_mavlink_msgs/cmake/stm32_mavlink_msgs__rosidl_typesupport_cppExport.cmake
[0.945s] -- Up-to-date: /home/a/ws_nhk/install/stm32_mavlink_msgs/share/stm32_mavlink_msgs/cmake/stm32_mavlink_msgs__rosidl_typesupport_cppExport-release.cmake
[0.945s] -- Up-to-date: /home/a/ws_nhk/install/stm32_mavlink_msgs/share/stm32_mavlink_msgs/cmake/export_stm32_mavlink_msgs__rosidl_generator_pyExport.cmake
[0.946s] -- Up-to-date: /home/a/ws_nhk/install/stm32_mavlink_msgs/share/stm32_mavlink_msgs/cmake/export_stm32_mavlink_msgs__rosidl_generator_pyExport-release.cmake
[0.946s] -- Up-to-date: /home/a/ws_nhk/install/stm32_mavlink_msgs/share/stm32_mavlink_msgs/cmake/rosidl_cmake-extras.cmake
[0.946s] -- Up-to-date: /home/a/ws_nhk/install/stm32_mavlink_msgs/share/stm32_mavlink_msgs/cmake/ament_cmake_export_dependencies-extras.cmake
[0.946s] -- Up-to-date: /home/a/ws_nhk/install/stm32_mavlink_msgs/share/stm32_mavlink_msgs/cmake/ament_cmake_export_include_directories-extras.cmake
[0.946s] -- Up-to-date: /home/a/ws_nhk/install/stm32_mavlink_msgs/share/stm32_mavlink_msgs/cmake/ament_cmake_export_libraries-extras.cmake
[0.946s] -- Up-to-date: /home/a/ws_nhk/install/stm32_mavlink_msgs/share/stm32_mavlink_msgs/cmake/ament_cmake_export_targets-extras.cmake
[0.946s] -- Up-to-date: /home/a/ws_nhk/install/stm32_mavlink_msgs/share/stm32_mavlink_msgs/cmake/rosidl_cmake_export_typesupport_targets-extras.cmake
[0.946s] -- Up-to-date: /home/a/ws_nhk/install/stm32_mavlink_msgs/share/stm32_mavlink_msgs/cmake/rosidl_cmake_export_typesupport_libraries-extras.cmake
[0.946s] -- Up-to-date: /home/a/ws_nhk/install/stm32_mavlink_msgs/share/stm32_mavlink_msgs/cmake/stm32_mavlink_msgsConfig.cmake
[0.946s] -- Up-to-date: /home/a/ws_nhk/install/stm32_mavlink_msgs/share/stm32_mavlink_msgs/cmake/stm32_mavlink_msgsConfig-version.cmake
[0.946s] -- Up-to-date: /home/a/ws_nhk/install/stm32_mavlink_msgs/share/stm32_mavlink_msgs/package.xml
[1.008s] Invoked command in '/home/a/ws_nhk/build/stm32_mavlink_msgs' returned '0': CMAKE_PREFIX_PATH=${CMAKE_PREFIX_PATH}:/home/a/ws_nhk/install/ikeyaMD_wizard:/home/a/ws_nhk/install/moveit_configs_utils:/home/a/ws_nhk/install/rogidrive:/home/a/ws_nhk/install/launch_param_builder:/home/a/ws_nhk/install/dynamixel_controller_gui:/home/a/ws_nhk/install/dynamixel_controller_client:/opt/ros/humble /usr/bin/cmake --install /home/a/ws_nhk/build/stm32_mavlink_msgs
