[0.077s] [34mcolcon[0m [1;30mDEBUG[0m [32mCommand line arguments: ['/usr/bin/colcon', 'build'][0m
[0.077s] [34mcolcon[0m [1;30mDEBUG[0m [32mParsed command line arguments: Namespace(log_base=None, log_level=None, verb_name='build', build_base='build', install_base='install', merge_install=False, symlink_install=False, test_result_base=None, continue_on_error=False, executor='parallel', parallel_workers=22, event_handlers=None, ignore_user_meta=False, metas=['./colcon.meta'], base_paths=['.'], packages_ignore=None, packages_ignore_regex=None, paths=None, packages_up_to=None, packages_up_to_regex=None, packages_above=None, packages_above_and_dependencies=None, packages_above_depth=None, packages_select_by_dep=None, packages_skip_by_dep=None, packages_skip_up_to=None, packages_select_build_failed=False, packages_skip_build_finished=False, packages_select_test_failures=False, packages_skip_test_passed=False, packages_select=None, packages_skip=None, packages_select_regex=None, packages_skip_regex=None, packages_start=None, packages_end=None, allow_overriding=[], cmake_args=None, cmake_target=None, cmake_target_skip_unavailable=False, cmake_clean_cache=False, cmake_clean_first=False, cmake_force_configure=False, ament_cmake_args=None, catkin_cmake_args=None, catkin_skip_building_tests=False, mixin_files=None, mixin=None, verb_parser=<colcon_mixin.mixin.mixin_argument.MixinArgumentDecorator object at 0xa46f0e2d360>, verb_extension=<colcon_core.verb.build.BuildVerb object at 0xa46f0e2ce50>, main=<bound method BuildVerb.main of <colcon_core.verb.build.BuildVerb object at 0xa46f0e2ce50>>, mixin_verb=('build',))[0m
[0.201s] [34mcolcon.colcon_core.package_discovery[0m [1;30mLevel 1[0m discover_packages(colcon_meta) check parameters
[0.202s] [34mcolcon.colcon_core.package_discovery[0m [1;30mLevel 1[0m discover_packages(recursive) check parameters
[0.202s] [34mcolcon.colcon_core.package_discovery[0m [1;30mLevel 1[0m discover_packages(ignore) check parameters
[0.202s] [34mcolcon.colcon_core.package_discovery[0m [1;30mLevel 1[0m discover_packages(path) check parameters
[0.202s] [34mcolcon.colcon_core.package_discovery[0m [1;30mLevel 1[0m discover_packages(colcon_meta) discover
[0.202s] [34mcolcon.colcon_core.package_discovery[0m [1;30mLevel 1[0m discover_packages(recursive) discover
[0.202s] [34mcolcon.colcon_core.package_discovery[0m [1;30mINFO[0m Crawling recursively for packages in '/home/a/ws_nhk'
[0.202s] [34mcolcon.colcon_core.package_identification[0m [1;30mLevel 1[0m _identify(.) by extensions ['ignore', 'ignore_ament_install']
[0.202s] [34mcolcon.colcon_core.package_identification[0m [1;30mLevel 1[0m _identify(.) by extension 'ignore'
[0.202s] [34mcolcon.colcon_core.package_identification[0m [1;30mLevel 1[0m _identify(.) by extension 'ignore_ament_install'
[0.202s] [34mcolcon.colcon_core.package_identification[0m [1;30mLevel 1[0m _identify(.) by extensions ['colcon_pkg']
[0.202s] [34mcolcon.colcon_core.package_identification[0m [1;30mLevel 1[0m _identify(.) by extension 'colcon_pkg'
[0.202s] [34mcolcon.colcon_core.package_identification[0m [1;30mLevel 1[0m _identify(.) by extensions ['colcon_meta']
[0.202s] [34mcolcon.colcon_core.package_identification[0m [1;30mLevel 1[0m _identify(.) by extension 'colcon_meta'
[0.202s] [34mcolcon.colcon_core.package_identification[0m [1;30mLevel 1[0m _identify(.) by extensions ['ros']
[0.202s] [34mcolcon.colcon_core.package_identification[0m [1;30mLevel 1[0m _identify(.) by extension 'ros'
[0.208s] [34mcolcon.colcon_core.package_identification[0m [1;30mLevel 1[0m _identify(.) by extensions ['cmake', 'python']
[0.208s] [34mcolcon.colcon_core.package_identification[0m [1;30mLevel 1[0m _identify(.) by extension 'cmake'
[0.209s] [34mcolcon.colcon_core.package_identification[0m [1;30mLevel 1[0m _identify(.) by extension 'python'
[0.209s] [34mcolcon.colcon_core.package_identification[0m [1;30mLevel 1[0m _identify(.) by extensions ['python_setup_py']
[0.209s] [34mcolcon.colcon_core.package_identification[0m [1;30mLevel 1[0m _identify(.) by extension 'python_setup_py'
[0.209s] [34mcolcon.colcon_core.package_identification[0m [1;30mLevel 1[0m _identify(build) by extensions ['ignore', 'ignore_ament_install']
[0.209s] [34mcolcon.colcon_core.package_identification[0m [1;30mLevel 1[0m _identify(build) by extension 'ignore'
[0.209s] [34mcolcon.colcon_core.package_identification[0m [1;30mLevel 1[0m _identify(build) ignored
[0.209s] [34mcolcon.colcon_core.package_identification[0m [1;30mLevel 1[0m _identify(install) by extensions ['ignore', 'ignore_ament_install']
[0.209s] [34mcolcon.colcon_core.package_identification[0m [1;30mLevel 1[0m _identify(install) by extension 'ignore'
[0.209s] [34mcolcon.colcon_core.package_identification[0m [1;30mLevel 1[0m _identify(install) ignored
[0.209s] [34mcolcon.colcon_core.package_identification[0m [1;30mLevel 1[0m _identify(log) by extensions ['ignore', 'ignore_ament_install']
[0.209s] [34mcolcon.colcon_core.package_identification[0m [1;30mLevel 1[0m _identify(log) by extension 'ignore'
[0.209s] [34mcolcon.colcon_core.package_identification[0m [1;30mLevel 1[0m _identify(log) ignored
[0.209s] [34mcolcon.colcon_core.package_identification[0m [1;30mLevel 1[0m _identify(src) by extensions ['ignore', 'ignore_ament_install']
[0.209s] [34mcolcon.colcon_core.package_identification[0m [1;30mLevel 1[0m _identify(src) by extension 'ignore'
[0.209s] [34mcolcon.colcon_core.package_identification[0m [1;30mLevel 1[0m _identify(src) by extension 'ignore_ament_install'
[0.209s] [34mcolcon.colcon_core.package_identification[0m [1;30mLevel 1[0m _identify(src) by extensions ['colcon_pkg']
[0.209s] [34mcolcon.colcon_core.package_identification[0m [1;30mLevel 1[0m _identify(src) by extension 'colcon_pkg'
[0.209s] [34mcolcon.colcon_core.package_identification[0m [1;30mLevel 1[0m _identify(src) by extensions ['colcon_meta']
[0.209s] [34mcolcon.colcon_core.package_identification[0m [1;30mLevel 1[0m _identify(src) by extension 'colcon_meta'
[0.209s] [34mcolcon.colcon_core.package_identification[0m [1;30mLevel 1[0m _identify(src) by extensions ['ros']
[0.209s] [34mcolcon.colcon_core.package_identification[0m [1;30mLevel 1[0m _identify(src) by extension 'ros'
[0.209s] [34mcolcon.colcon_core.package_identification[0m [1;30mLevel 1[0m _identify(src) by extensions ['cmake', 'python']
[0.209s] [34mcolcon.colcon_core.package_identification[0m [1;30mLevel 1[0m _identify(src) by extension 'cmake'
[0.209s] [34mcolcon.colcon_core.package_identification[0m [1;30mLevel 1[0m _identify(src) by extension 'python'
[0.209s] [34mcolcon.colcon_core.package_identification[0m [1;30mLevel 1[0m _identify(src) by extensions ['python_setup_py']
[0.209s] [34mcolcon.colcon_core.package_identification[0m [1;30mLevel 1[0m _identify(src) by extension 'python_setup_py'
[0.210s] [34mcolcon.colcon_core.package_identification[0m [1;30mLevel 1[0m _identify(src/MAVLink_ros2) by extensions ['ignore', 'ignore_ament_install']
[0.210s] [34mcolcon.colcon_core.package_identification[0m [1;30mLevel 1[0m _identify(src/MAVLink_ros2) by extension 'ignore'
[0.210s] [34mcolcon.colcon_core.package_identification[0m [1;30mLevel 1[0m _identify(src/MAVLink_ros2) by extension 'ignore_ament_install'
[0.210s] [34mcolcon.colcon_core.package_identification[0m [1;30mLevel 1[0m _identify(src/MAVLink_ros2) by extensions ['colcon_pkg']
[0.210s] [34mcolcon.colcon_core.package_identification[0m [1;30mLevel 1[0m _identify(src/MAVLink_ros2) by extension 'colcon_pkg'
[0.210s] [34mcolcon.colcon_core.package_identification[0m [1;30mLevel 1[0m _identify(src/MAVLink_ros2) by extensions ['colcon_meta']
[0.210s] [34mcolcon.colcon_core.package_identification[0m [1;30mLevel 1[0m _identify(src/MAVLink_ros2) by extension 'colcon_meta'
[0.210s] [34mcolcon.colcon_core.package_identification[0m [1;30mLevel 1[0m _identify(src/MAVLink_ros2) by extensions ['ros']
[0.210s] [34mcolcon.colcon_core.package_identification[0m [1;30mLevel 1[0m _identify(src/MAVLink_ros2) by extension 'ros'
[0.210s] [34mcolcon.colcon_core.package_identification[0m [1;30mLevel 1[0m _identify(src/MAVLink_ros2) by extensions ['cmake', 'python']
[0.210s] [34mcolcon.colcon_core.package_identification[0m [1;30mLevel 1[0m _identify(src/MAVLink_ros2) by extension 'cmake'
[0.210s] [34mcolcon.colcon_core.package_identification[0m [1;30mLevel 1[0m _identify(src/MAVLink_ros2) by extension 'python'
[0.210s] [34mcolcon.colcon_core.package_identification[0m [1;30mLevel 1[0m _identify(src/MAVLink_ros2) by extensions ['python_setup_py']
[0.210s] [34mcolcon.colcon_core.package_identification[0m [1;30mLevel 1[0m _identify(src/MAVLink_ros2) by extension 'python_setup_py'
[0.210s] [34mcolcon.colcon_core.package_identification[0m [1;30mLevel 1[0m _identify(src/MAVLink_ros2/ikeyaMD_wizard) by extensions ['ignore', 'ignore_ament_install']
[0.210s] [34mcolcon.colcon_core.package_identification[0m [1;30mLevel 1[0m _identify(src/MAVLink_ros2/ikeyaMD_wizard) by extension 'ignore'
[0.210s] [34mcolcon.colcon_core.package_identification[0m [1;30mLevel 1[0m _identify(src/MAVLink_ros2/ikeyaMD_wizard) by extension 'ignore_ament_install'
[0.210s] [34mcolcon.colcon_core.package_identification[0m [1;30mLevel 1[0m _identify(src/MAVLink_ros2/ikeyaMD_wizard) by extensions ['colcon_pkg']
[0.210s] [34mcolcon.colcon_core.package_identification[0m [1;30mLevel 1[0m _identify(src/MAVLink_ros2/ikeyaMD_wizard) by extension 'colcon_pkg'
[0.210s] [34mcolcon.colcon_core.package_identification[0m [1;30mLevel 1[0m _identify(src/MAVLink_ros2/ikeyaMD_wizard) by extensions ['colcon_meta']
[0.210s] [34mcolcon.colcon_core.package_identification[0m [1;30mLevel 1[0m _identify(src/MAVLink_ros2/ikeyaMD_wizard) by extension 'colcon_meta'
[0.210s] [34mcolcon.colcon_core.package_identification[0m [1;30mLevel 1[0m _identify(src/MAVLink_ros2/ikeyaMD_wizard) by extensions ['ros']
[0.210s] [34mcolcon.colcon_core.package_identification[0m [1;30mLevel 1[0m _identify(src/MAVLink_ros2/ikeyaMD_wizard) by extension 'ros'
[0.212s] [34mcolcon.colcon_core.package_identification[0m [1;30mDEBUG[0m [32mPackage 'src/MAVLink_ros2/ikeyaMD_wizard' with type 'ros.ament_python' and name 'ikeyaMD_wizard'[0m
[0.212s] [34mcolcon.colcon_core.package_identification[0m [1;30mLevel 1[0m _identify(src/MAVLink_ros2/mavlink_SDK) by extensions ['ignore', 'ignore_ament_install']
[0.212s] [34mcolcon.colcon_core.package_identification[0m [1;30mLevel 1[0m _identify(src/MAVLink_ros2/mavlink_SDK) by extension 'ignore'
[0.212s] [34mcolcon.colcon_core.package_identification[0m [1;30mLevel 1[0m _identify(src/MAVLink_ros2/mavlink_SDK) ignored
[0.212s] [34mcolcon.colcon_core.package_identification[0m [1;30mLevel 1[0m _identify(src/MAVLink_ros2/mavlink_wizard) by extensions ['ignore', 'ignore_ament_install']
[0.212s] [34mcolcon.colcon_core.package_identification[0m [1;30mLevel 1[0m _identify(src/MAVLink_ros2/mavlink_wizard) by extension 'ignore'
[0.212s] [34mcolcon.colcon_core.package_identification[0m [1;30mLevel 1[0m _identify(src/MAVLink_ros2/mavlink_wizard) by extension 'ignore_ament_install'
[0.212s] [34mcolcon.colcon_core.package_identification[0m [1;30mLevel 1[0m _identify(src/MAVLink_ros2/mavlink_wizard) by extensions ['colcon_pkg']
[0.212s] [34mcolcon.colcon_core.package_identification[0m [1;30mLevel 1[0m _identify(src/MAVLink_ros2/mavlink_wizard) by extension 'colcon_pkg'
[0.212s] [34mcolcon.colcon_core.package_identification[0m [1;30mLevel 1[0m _identify(src/MAVLink_ros2/mavlink_wizard) by extensions ['colcon_meta']
[0.212s] [34mcolcon.colcon_core.package_identification[0m [1;30mLevel 1[0m _identify(src/MAVLink_ros2/mavlink_wizard) by extension 'colcon_meta'
[0.212s] [34mcolcon.colcon_core.package_identification[0m [1;30mLevel 1[0m _identify(src/MAVLink_ros2/mavlink_wizard) by extensions ['ros']
[0.212s] [34mcolcon.colcon_core.package_identification[0m [1;30mLevel 1[0m _identify(src/MAVLink_ros2/mavlink_wizard) by extension 'ros'
[0.213s] [34mcolcon.colcon_core.package_identification[0m [1;30mDEBUG[0m [32mPackage 'src/MAVLink_ros2/mavlink_wizard' with type 'ros.ament_cmake' and name 'mavlink_wizard'[0m
[0.213s] [34mcolcon.colcon_core.package_identification[0m [1;30mLevel 1[0m _identify(src/MAVLink_ros2/rs485_interface2) by extensions ['ignore', 'ignore_ament_install']
[0.213s] [34mcolcon.colcon_core.package_identification[0m [1;30mLevel 1[0m _identify(src/MAVLink_ros2/rs485_interface2) by extension 'ignore'
[0.213s] [34mcolcon.colcon_core.package_identification[0m [1;30mLevel 1[0m _identify(src/MAVLink_ros2/rs485_interface2) by extension 'ignore_ament_install'
[0.213s] [34mcolcon.colcon_core.package_identification[0m [1;30mLevel 1[0m _identify(src/MAVLink_ros2/rs485_interface2) by extensions ['colcon_pkg']
[0.213s] [34mcolcon.colcon_core.package_identification[0m [1;30mLevel 1[0m _identify(src/MAVLink_ros2/rs485_interface2) by extension 'colcon_pkg'
[0.213s] [34mcolcon.colcon_core.package_identification[0m [1;30mLevel 1[0m _identify(src/MAVLink_ros2/rs485_interface2) by extensions ['colcon_meta']
[0.213s] [34mcolcon.colcon_core.package_identification[0m [1;30mLevel 1[0m _identify(src/MAVLink_ros2/rs485_interface2) by extension 'colcon_meta'
[0.213s] [34mcolcon.colcon_core.package_identification[0m [1;30mLevel 1[0m _identify(src/MAVLink_ros2/rs485_interface2) by extensions ['ros']
[0.213s] [34mcolcon.colcon_core.package_identification[0m [1;30mLevel 1[0m _identify(src/MAVLink_ros2/rs485_interface2) by extension 'ros'
[0.213s] [34mcolcon.colcon_core.package_identification[0m [1;30mDEBUG[0m [32mPackage 'src/MAVLink_ros2/rs485_interface2' with type 'ros.ament_cmake' and name 'rs485_interface2'[0m
[0.213s] [34mcolcon.colcon_core.package_identification[0m [1;30mLevel 1[0m _identify(src/MAVLink_ros2/rs485_motor_interface) by extensions ['ignore', 'ignore_ament_install']
[0.214s] [34mcolcon.colcon_core.package_identification[0m [1;30mLevel 1[0m _identify(src/MAVLink_ros2/rs485_motor_interface) by extension 'ignore'
[0.214s] [34mcolcon.colcon_core.package_identification[0m [1;30mLevel 1[0m _identify(src/MAVLink_ros2/rs485_motor_interface) by extension 'ignore_ament_install'
[0.214s] [34mcolcon.colcon_core.package_identification[0m [1;30mLevel 1[0m _identify(src/MAVLink_ros2/rs485_motor_interface) by extensions ['colcon_pkg']
[0.214s] [34mcolcon.colcon_core.package_identification[0m [1;30mLevel 1[0m _identify(src/MAVLink_ros2/rs485_motor_interface) by extension 'colcon_pkg'
[0.214s] [34mcolcon.colcon_core.package_identification[0m [1;30mLevel 1[0m _identify(src/MAVLink_ros2/rs485_motor_interface) by extensions ['colcon_meta']
[0.214s] [34mcolcon.colcon_core.package_identification[0m [1;30mLevel 1[0m _identify(src/MAVLink_ros2/rs485_motor_interface) by extension 'colcon_meta'
[0.214s] [34mcolcon.colcon_core.package_identification[0m [1;30mLevel 1[0m _identify(src/MAVLink_ros2/rs485_motor_interface) by extensions ['ros']
[0.214s] [34mcolcon.colcon_core.package_identification[0m [1;30mLevel 1[0m _identify(src/MAVLink_ros2/rs485_motor_interface) by extension 'ros'
[0.214s] [34mcolcon.colcon_core.package_identification[0m [1;30mDEBUG[0m [32mPackage 'src/MAVLink_ros2/rs485_motor_interface' with type 'ros.ament_cmake' and name 'rs485_motor_interface'[0m
[0.214s] [34mcolcon.colcon_core.package_identification[0m [1;30mLevel 1[0m _identify(src/MAVLink_ros2/stm32_mavlink_msgs) by extensions ['ignore', 'ignore_ament_install']
[0.214s] [34mcolcon.colcon_core.package_identification[0m [1;30mLevel 1[0m _identify(src/MAVLink_ros2/stm32_mavlink_msgs) by extension 'ignore'
[0.214s] [34mcolcon.colcon_core.package_identification[0m [1;30mLevel 1[0m _identify(src/MAVLink_ros2/stm32_mavlink_msgs) by extension 'ignore_ament_install'
[0.214s] [34mcolcon.colcon_core.package_identification[0m [1;30mLevel 1[0m _identify(src/MAVLink_ros2/stm32_mavlink_msgs) by extensions ['colcon_pkg']
[0.214s] [34mcolcon.colcon_core.package_identification[0m [1;30mLevel 1[0m _identify(src/MAVLink_ros2/stm32_mavlink_msgs) by extension 'colcon_pkg'
[0.214s] [34mcolcon.colcon_core.package_identification[0m [1;30mLevel 1[0m _identify(src/MAVLink_ros2/stm32_mavlink_msgs) by extensions ['colcon_meta']
[0.214s] [34mcolcon.colcon_core.package_identification[0m [1;30mLevel 1[0m _identify(src/MAVLink_ros2/stm32_mavlink_msgs) by extension 'colcon_meta'
[0.214s] [34mcolcon.colcon_core.package_identification[0m [1;30mLevel 1[0m _identify(src/MAVLink_ros2/stm32_mavlink_msgs) by extensions ['ros']
[0.214s] [34mcolcon.colcon_core.package_identification[0m [1;30mLevel 1[0m _identify(src/MAVLink_ros2/stm32_mavlink_msgs) by extension 'ros'
[0.215s] [34mcolcon.colcon_core.package_identification[0m [1;30mDEBUG[0m [32mPackage 'src/MAVLink_ros2/stm32_mavlink_msgs' with type 'ros.ament_cmake' and name 'stm32_mavlink_msgs'[0m
[0.215s] [34mcolcon.colcon_core.package_identification[0m [1;30mLevel 1[0m _identify(src/MAVLink_ros2/stm32_mavlink_uart) by extensions ['ignore', 'ignore_ament_install']
[0.215s] [34mcolcon.colcon_core.package_identification[0m [1;30mLevel 1[0m _identify(src/MAVLink_ros2/stm32_mavlink_uart) by extension 'ignore'
[0.215s] [34mcolcon.colcon_core.package_identification[0m [1;30mLevel 1[0m _identify(src/MAVLink_ros2/stm32_mavlink_uart) by extension 'ignore_ament_install'
[0.215s] [34mcolcon.colcon_core.package_identification[0m [1;30mLevel 1[0m _identify(src/MAVLink_ros2/stm32_mavlink_uart) by extensions ['colcon_pkg']
[0.215s] [34mcolcon.colcon_core.package_identification[0m [1;30mLevel 1[0m _identify(src/MAVLink_ros2/stm32_mavlink_uart) by extension 'colcon_pkg'
[0.215s] [34mcolcon.colcon_core.package_identification[0m [1;30mLevel 1[0m _identify(src/MAVLink_ros2/stm32_mavlink_uart) by extensions ['colcon_meta']
[0.215s] [34mcolcon.colcon_core.package_identification[0m [1;30mLevel 1[0m _identify(src/MAVLink_ros2/stm32_mavlink_uart) by extension 'colcon_meta'
[0.215s] [34mcolcon.colcon_core.package_identification[0m [1;30mLevel 1[0m _identify(src/MAVLink_ros2/stm32_mavlink_uart) by extensions ['ros']
[0.215s] [34mcolcon.colcon_core.package_identification[0m [1;30mLevel 1[0m _identify(src/MAVLink_ros2/stm32_mavlink_uart) by extension 'ros'
[0.216s] [34mcolcon.colcon_core.package_identification[0m [1;30mDEBUG[0m [32mPackage 'src/MAVLink_ros2/stm32_mavlink_uart' with type 'ros.ament_cmake' and name 'stm32_mavlink_uart'[0m
[0.216s] [34mcolcon.colcon_core.package_identification[0m [1;30mLevel 1[0m _identify(src/MAVLink_ros2/stm32_mavlink_udp) by extensions ['ignore', 'ignore_ament_install']
[0.216s] [34mcolcon.colcon_core.package_identification[0m [1;30mLevel 1[0m _identify(src/MAVLink_ros2/stm32_mavlink_udp) by extension 'ignore'
[0.216s] [34mcolcon.colcon_core.package_identification[0m [1;30mLevel 1[0m _identify(src/MAVLink_ros2/stm32_mavlink_udp) by extension 'ignore_ament_install'
[0.216s] [34mcolcon.colcon_core.package_identification[0m [1;30mLevel 1[0m _identify(src/MAVLink_ros2/stm32_mavlink_udp) by extensions ['colcon_pkg']
[0.216s] [34mcolcon.colcon_core.package_identification[0m [1;30mLevel 1[0m _identify(src/MAVLink_ros2/stm32_mavlink_udp) by extension 'colcon_pkg'
[0.216s] [34mcolcon.colcon_core.package_identification[0m [1;30mLevel 1[0m _identify(src/MAVLink_ros2/stm32_mavlink_udp) by extensions ['colcon_meta']
[0.216s] [34mcolcon.colcon_core.package_identification[0m [1;30mLevel 1[0m _identify(src/MAVLink_ros2/stm32_mavlink_udp) by extension 'colcon_meta'
[0.216s] [34mcolcon.colcon_core.package_identification[0m [1;30mLevel 1[0m _identify(src/MAVLink_ros2/stm32_mavlink_udp) by extensions ['ros']
[0.216s] [34mcolcon.colcon_core.package_identification[0m [1;30mLevel 1[0m _identify(src/MAVLink_ros2/stm32_mavlink_udp) by extension 'ros'
[0.216s] [34mcolcon.colcon_core.package_identification[0m [1;30mDEBUG[0m [32mPackage 'src/MAVLink_ros2/stm32_mavlink_udp' with type 'ros.ament_cmake' and name 'stm32_mavlink_udp'[0m
[0.216s] [34mcolcon.colcon_core.package_identification[0m [1;30mLevel 1[0m _identify(src/a_r2_description-20251207T063721Z-3-001) by extensions ['ignore', 'ignore_ament_install']
[0.217s] [34mcolcon.colcon_core.package_identification[0m [1;30mLevel 1[0m _identify(src/a_r2_description-20251207T063721Z-3-001) by extension 'ignore'
[0.217s] [34mcolcon.colcon_core.package_identification[0m [1;30mLevel 1[0m _identify(src/a_r2_description-20251207T063721Z-3-001) by extension 'ignore_ament_install'
[0.217s] [34mcolcon.colcon_core.package_identification[0m [1;30mLevel 1[0m _identify(src/a_r2_description-20251207T063721Z-3-001) by extensions ['colcon_pkg']
[0.217s] [34mcolcon.colcon_core.package_identification[0m [1;30mLevel 1[0m _identify(src/a_r2_description-20251207T063721Z-3-001) by extension 'colcon_pkg'
[0.217s] [34mcolcon.colcon_core.package_identification[0m [1;30mLevel 1[0m _identify(src/a_r2_description-20251207T063721Z-3-001) by extensions ['colcon_meta']
[0.217s] [34mcolcon.colcon_core.package_identification[0m [1;30mLevel 1[0m _identify(src/a_r2_description-20251207T063721Z-3-001) by extension 'colcon_meta'
[0.217s] [34mcolcon.colcon_core.package_identification[0m [1;30mLevel 1[0m _identify(src/a_r2_description-20251207T063721Z-3-001) by extensions ['ros']
[0.217s] [34mcolcon.colcon_core.package_identification[0m [1;30mLevel 1[0m _identify(src/a_r2_description-20251207T063721Z-3-001) by extension 'ros'
[0.217s] [34mcolcon.colcon_core.package_identification[0m [1;30mLevel 1[0m _identify(src/a_r2_description-20251207T063721Z-3-001) by extensions ['cmake', 'python']
[0.217s] [34mcolcon.colcon_core.package_identification[0m [1;30mLevel 1[0m _identify(src/a_r2_description-20251207T063721Z-3-001) by extension 'cmake'
[0.217s] [34mcolcon.colcon_core.package_identification[0m [1;30mLevel 1[0m _identify(src/a_r2_description-20251207T063721Z-3-001) by extension 'python'
[0.217s] [34mcolcon.colcon_core.package_identification[0m [1;30mLevel 1[0m _identify(src/a_r2_description-20251207T063721Z-3-001) by extensions ['python_setup_py']
[0.217s] [34mcolcon.colcon_core.package_identification[0m [1;30mLevel 1[0m _identify(src/a_r2_description-20251207T063721Z-3-001) by extension 'python_setup_py'
[0.217s] [34mcolcon.colcon_core.package_identification[0m [1;30mLevel 1[0m _identify(src/a_r2_description-20251207T063721Z-3-001/a_r2_description) by extensions ['ignore', 'ignore_ament_install']
[0.217s] [34mcolcon.colcon_core.package_identification[0m [1;30mLevel 1[0m _identify(src/a_r2_description-20251207T063721Z-3-001/a_r2_description) by extension 'ignore'
[0.217s] [34mcolcon.colcon_core.package_identification[0m [1;30mLevel 1[0m _identify(src/a_r2_description-20251207T063721Z-3-001/a_r2_description) by extension 'ignore_ament_install'
[0.217s] [34mcolcon.colcon_core.package_identification[0m [1;30mLevel 1[0m _identify(src/a_r2_description-20251207T063721Z-3-001/a_r2_description) by extensions ['colcon_pkg']
[0.217s] [34mcolcon.colcon_core.package_identification[0m [1;30mLevel 1[0m _identify(src/a_r2_description-20251207T063721Z-3-001/a_r2_description) by extension 'colcon_pkg'
[0.217s] [34mcolcon.colcon_core.package_identification[0m [1;30mLevel 1[0m _identify(src/a_r2_description-20251207T063721Z-3-001/a_r2_description) by extensions ['colcon_meta']
[0.217s] [34mcolcon.colcon_core.package_identification[0m [1;30mLevel 1[0m _identify(src/a_r2_description-20251207T063721Z-3-001/a_r2_description) by extension 'colcon_meta'
[0.217s] [34mcolcon.colcon_core.package_identification[0m [1;30mLevel 1[0m _identify(src/a_r2_description-20251207T063721Z-3-001/a_r2_description) by extensions ['ros']
[0.217s] [34mcolcon.colcon_core.package_identification[0m [1;30mLevel 1[0m _identify(src/a_r2_description-20251207T063721Z-3-001/a_r2_description) by extension 'ros'
[0.217s] [34mcolcon.colcon_core.package_identification[0m [1;30mDEBUG[0m [32mPackage 'src/a_r2_description-20251207T063721Z-3-001/a_r2_description' with type 'ros.ament_cmake' and name 'a_r2_description'[0m
[0.217s] [34mcolcon.colcon_core.package_identification[0m [1;30mLevel 1[0m _identify(src/arm_module_description-20251221T061328Z-3-001) by extensions ['ignore', 'ignore_ament_install']
[0.217s] [34mcolcon.colcon_core.package_identification[0m [1;30mLevel 1[0m _identify(src/arm_module_description-20251221T061328Z-3-001) by extension 'ignore'
[0.217s] [34mcolcon.colcon_core.package_identification[0m [1;30mLevel 1[0m _identify(src/arm_module_description-20251221T061328Z-3-001) by extension 'ignore_ament_install'
[0.217s] [34mcolcon.colcon_core.package_identification[0m [1;30mLevel 1[0m _identify(src/arm_module_description-20251221T061328Z-3-001) by extensions ['colcon_pkg']
[0.218s] [34mcolcon.colcon_core.package_identification[0m [1;30mLevel 1[0m _identify(src/arm_module_description-20251221T061328Z-3-001) by extension 'colcon_pkg'
[0.218s] [34mcolcon.colcon_core.package_identification[0m [1;30mLevel 1[0m _identify(src/arm_module_description-20251221T061328Z-3-001) by extensions ['colcon_meta']
[0.218s] [34mcolcon.colcon_core.package_identification[0m [1;30mLevel 1[0m _identify(src/arm_module_description-20251221T061328Z-3-001) by extension 'colcon_meta'
[0.218s] [34mcolcon.colcon_core.package_identification[0m [1;30mLevel 1[0m _identify(src/arm_module_description-20251221T061328Z-3-001) by extensions ['ros']
[0.218s] [34mcolcon.colcon_core.package_identification[0m [1;30mLevel 1[0m _identify(src/arm_module_description-20251221T061328Z-3-001) by extension 'ros'
[0.218s] [34mcolcon.colcon_core.package_identification[0m [1;30mLevel 1[0m _identify(src/arm_module_description-20251221T061328Z-3-001) by extensions ['cmake', 'python']
[0.218s] [34mcolcon.colcon_core.package_identification[0m [1;30mLevel 1[0m _identify(src/arm_module_description-20251221T061328Z-3-001) by extension 'cmake'
[0.218s] [34mcolcon.colcon_core.package_identification[0m [1;30mLevel 1[0m _identify(src/arm_module_description-20251221T061328Z-3-001) by extension 'python'
[0.218s] [34mcolcon.colcon_core.package_identification[0m [1;30mLevel 1[0m _identify(src/arm_module_description-20251221T061328Z-3-001) by extensions ['python_setup_py']
[0.218s] [34mcolcon.colcon_core.package_identification[0m [1;30mLevel 1[0m _identify(src/arm_module_description-20251221T061328Z-3-001) by extension 'python_setup_py'
[0.218s] [34mcolcon.colcon_core.package_identification[0m [1;30mLevel 1[0m _identify(src/arm_module_description-20251221T061328Z-3-001/arm_module_description) by extensions ['ignore', 'ignore_ament_install']
[0.218s] [34mcolcon.colcon_core.package_identification[0m [1;30mLevel 1[0m _identify(src/arm_module_description-20251221T061328Z-3-001/arm_module_description) by extension 'ignore'
[0.218s] [34mcolcon.colcon_core.package_identification[0m [1;30mLevel 1[0m _identify(src/arm_module_description-20251221T061328Z-3-001/arm_module_description) by extension 'ignore_ament_install'
[0.218s] [34mcolcon.colcon_core.package_identification[0m [1;30mLevel 1[0m _identify(src/arm_module_description-20251221T061328Z-3-001/arm_module_description) by extensions ['colcon_pkg']
[0.218s] [34mcolcon.colcon_core.package_identification[0m [1;30mLevel 1[0m _identify(src/arm_module_description-20251221T061328Z-3-001/arm_module_description) by extension 'colcon_pkg'
[0.218s] [34mcolcon.colcon_core.package_identification[0m [1;30mLevel 1[0m _identify(src/arm_module_description-20251221T061328Z-3-001/arm_module_description) by extensions ['colcon_meta']
[0.218s] [34mcolcon.colcon_core.package_identification[0m [1;30mLevel 1[0m _identify(src/arm_module_description-20251221T061328Z-3-001/arm_module_description) by extension 'colcon_meta'
[0.218s] [34mcolcon.colcon_core.package_identification[0m [1;30mLevel 1[0m _identify(src/arm_module_description-20251221T061328Z-3-001/arm_module_description) by extensions ['ros']
[0.218s] [34mcolcon.colcon_core.package_identification[0m [1;30mLevel 1[0m _identify(src/arm_module_description-20251221T061328Z-3-001/arm_module_description) by extension 'ros'
[0.218s] [34mcolcon.colcon_core.package_identification[0m [1;30mDEBUG[0m [32mPackage 'src/arm_module_description-20251221T061328Z-3-001/arm_module_description' with type 'ros.ament_cmake' and name 'arm_module_description'[0m
[0.218s] [34mcolcon.colcon_core.package_identification[0m [1;30mLevel 1[0m _identify(src/arm_v20_description-20251026T114629Z-1-001) by extensions ['ignore', 'ignore_ament_install']
[0.218s] [34mcolcon.colcon_core.package_identification[0m [1;30mLevel 1[0m _identify(src/arm_v20_description-20251026T114629Z-1-001) by extension 'ignore'
[0.218s] [34mcolcon.colcon_core.package_identification[0m [1;30mLevel 1[0m _identify(src/arm_v20_description-20251026T114629Z-1-001) by extension 'ignore_ament_install'
[0.218s] [34mcolcon.colcon_core.package_identification[0m [1;30mLevel 1[0m _identify(src/arm_v20_description-20251026T114629Z-1-001) by extensions ['colcon_pkg']
[0.218s] [34mcolcon.colcon_core.package_identification[0m [1;30mLevel 1[0m _identify(src/arm_v20_description-20251026T114629Z-1-001) by extension 'colcon_pkg'
[0.218s] [34mcolcon.colcon_core.package_identification[0m [1;30mLevel 1[0m _identify(src/arm_v20_description-20251026T114629Z-1-001) by extensions ['colcon_meta']
[0.218s] [34mcolcon.colcon_core.package_identification[0m [1;30mLevel 1[0m _identify(src/arm_v20_description-20251026T114629Z-1-001) by extension 'colcon_meta'
[0.218s] [34mcolcon.colcon_core.package_identification[0m [1;30mLevel 1[0m _identify(src/arm_v20_description-20251026T114629Z-1-001) by extensions ['ros']
[0.218s] [34mcolcon.colcon_core.package_identification[0m [1;30mLevel 1[0m _identify(src/arm_v20_description-20251026T114629Z-1-001) by extension 'ros'
[0.218s] [34mcolcon.colcon_core.package_identification[0m [1;30mLevel 1[0m _identify(src/arm_v20_description-20251026T114629Z-1-001) by extensions ['cmake', 'python']
[0.219s] [34mcolcon.colcon_core.package_identification[0m [1;30mLevel 1[0m _identify(src/arm_v20_description-20251026T114629Z-1-001) by extension 'cmake'
[0.219s] [34mcolcon.colcon_core.package_identification[0m [1;30mLevel 1[0m _identify(src/arm_v20_description-20251026T114629Z-1-001) by extension 'python'
[0.219s] [34mcolcon.colcon_core.package_identification[0m [1;30mLevel 1[0m _identify(src/arm_v20_description-20251026T114629Z-1-001) by extensions ['python_setup_py']
[0.219s] [34mcolcon.colcon_core.package_identification[0m [1;30mLevel 1[0m _identify(src/arm_v20_description-20251026T114629Z-1-001) by extension 'python_setup_py'
[0.219s] [34mcolcon.colcon_core.package_identification[0m [1;30mLevel 1[0m _identify(src/arm_v20_description-20251026T114629Z-1-001/arm_v20_description) by extensions ['ignore', 'ignore_ament_install']
[0.219s] [34mcolcon.colcon_core.package_identification[0m [1;30mLevel 1[0m _identify(src/arm_v20_description-20251026T114629Z-1-001/arm_v20_description) by extension 'ignore'
[0.219s] [34mcolcon.colcon_core.package_identification[0m [1;30mLevel 1[0m _identify(src/arm_v20_description-20251026T114629Z-1-001/arm_v20_description) by extension 'ignore_ament_install'
[0.219s] [34mcolcon.colcon_core.package_identification[0m [1;30mLevel 1[0m _identify(src/arm_v20_description-20251026T114629Z-1-001/arm_v20_description) by extensions ['colcon_pkg']
[0.219s] [34mcolcon.colcon_core.package_identification[0m [1;30mLevel 1[0m _identify(src/arm_v20_description-20251026T114629Z-1-001/arm_v20_description) by extension 'colcon_pkg'
[0.219s] [34mcolcon.colcon_core.package_identification[0m [1;30mLevel 1[0m _identify(src/arm_v20_description-20251026T114629Z-1-001/arm_v20_description) by extensions ['colcon_meta']
[0.219s] [34mcolcon.colcon_core.package_identification[0m [1;30mLevel 1[0m _identify(src/arm_v20_description-20251026T114629Z-1-001/arm_v20_description) by extension 'colcon_meta'
[0.219s] [34mcolcon.colcon_core.package_identification[0m [1;30mLevel 1[0m _identify(src/arm_v20_description-20251026T114629Z-1-001/arm_v20_description) by extensions ['ros']
[0.219s] [34mcolcon.colcon_core.package_identification[0m [1;30mLevel 1[0m _identify(src/arm_v20_description-20251026T114629Z-1-001/arm_v20_description) by extension 'ros'
[0.219s] [34mcolcon.colcon_core.package_identification[0m [1;30mDEBUG[0m [32mPackage 'src/arm_v20_description-20251026T114629Z-1-001/arm_v20_description' with type 'ros.ament_cmake' and name 'arm_v20_description'[0m
[0.219s] [34mcolcon.colcon_core.package_identification[0m [1;30mLevel 1[0m _identify(src/dynamixel_ros2) by extensions ['ignore', 'ignore_ament_install']
[0.219s] [34mcolcon.colcon_core.package_identification[0m [1;30mLevel 1[0m _identify(src/dynamixel_ros2) by extension 'ignore'
[0.219s] [34mcolcon.colcon_core.package_identification[0m [1;30mLevel 1[0m _identify(src/dynamixel_ros2) by extension 'ignore_ament_install'
[0.219s] [34mcolcon.colcon_core.package_identification[0m [1;30mLevel 1[0m _identify(src/dynamixel_ros2) by extensions ['colcon_pkg']
[0.219s] [34mcolcon.colcon_core.package_identification[0m [1;30mLevel 1[0m _identify(src/dynamixel_ros2) by extension 'colcon_pkg'
[0.219s] [34mcolcon.colcon_core.package_identification[0m [1;30mLevel 1[0m _identify(src/dynamixel_ros2) by extensions ['colcon_meta']
[0.219s] [34mcolcon.colcon_core.package_identification[0m [1;30mLevel 1[0m _identify(src/dynamixel_ros2) by extension 'colcon_meta'
[0.219s] [34mcolcon.colcon_core.package_identification[0m [1;30mLevel 1[0m _identify(src/dynamixel_ros2) by extensions ['ros']
[0.219s] [34mcolcon.colcon_core.package_identification[0m [1;30mLevel 1[0m _identify(src/dynamixel_ros2) by extension 'ros'
[0.219s] [34mcolcon.colcon_core.package_identification[0m [1;30mLevel 1[0m _identify(src/dynamixel_ros2) by extensions ['cmake', 'python']
[0.219s] [34mcolcon.colcon_core.package_identification[0m [1;30mLevel 1[0m _identify(src/dynamixel_ros2) by extension 'cmake'
[0.219s] [34mcolcon.colcon_core.package_identification[0m [1;30mLevel 1[0m _identify(src/dynamixel_ros2) by extension 'python'
[0.219s] [34mcolcon.colcon_core.package_identification[0m [1;30mLevel 1[0m _identify(src/dynamixel_ros2) by extensions ['python_setup_py']
[0.219s] [34mcolcon.colcon_core.package_identification[0m [1;30mLevel 1[0m _identify(src/dynamixel_ros2) by extension 'python_setup_py'
[0.220s] [34mcolcon.colcon_core.package_identification[0m [1;30mLevel 1[0m _identify(src/dynamixel_ros2/DynamixelSDK) by extensions ['ignore', 'ignore_ament_install']
[0.220s] [34mcolcon.colcon_core.package_identification[0m [1;30mLevel 1[0m _identify(src/dynamixel_ros2/DynamixelSDK) by extension 'ignore'
[0.220s] [34mcolcon.colcon_core.package_identification[0m [1;30mLevel 1[0m _identify(src/dynamixel_ros2/DynamixelSDK) by extension 'ignore_ament_install'
[0.220s] [34mcolcon.colcon_core.package_identification[0m [1;30mLevel 1[0m _identify(src/dynamixel_ros2/DynamixelSDK) by extensions ['colcon_pkg']
[0.220s] [34mcolcon.colcon_core.package_identification[0m [1;30mLevel 1[0m _identify(src/dynamixel_ros2/DynamixelSDK) by extension 'colcon_pkg'
[0.220s] [34mcolcon.colcon_core.package_identification[0m [1;30mLevel 1[0m _identify(src/dynamixel_ros2/DynamixelSDK) by extensions ['colcon_meta']
[0.220s] [34mcolcon.colcon_core.package_identification[0m [1;30mLevel 1[0m _identify(src/dynamixel_ros2/DynamixelSDK) by extension 'colcon_meta'
[0.220s] [34mcolcon.colcon_core.package_identification[0m [1;30mLevel 1[0m _identify(src/dynamixel_ros2/DynamixelSDK) by extensions ['ros']
[0.220s] [34mcolcon.colcon_core.package_identification[0m [1;30mLevel 1[0m _identify(src/dynamixel_ros2/DynamixelSDK) by extension 'ros'
[0.220s] [34mcolcon.colcon_core.package_identification[0m [1;30mLevel 1[0m _identify(src/dynamixel_ros2/DynamixelSDK) by extensions ['cmake', 'python']
[0.220s] [34mcolcon.colcon_core.package_identification[0m [1;30mLevel 1[0m _identify(src/dynamixel_ros2/DynamixelSDK) by extension 'cmake'
[0.220s] [34mcolcon.colcon_core.package_identification[0m [1;30mLevel 1[0m _identify(src/dynamixel_ros2/DynamixelSDK) by extension 'python'
[0.220s] [34mcolcon.colcon_core.package_identification[0m [1;30mLevel 1[0m _identify(src/dynamixel_ros2/DynamixelSDK) by extensions ['python_setup_py']
[0.220s] [34mcolcon.colcon_core.package_identification[0m [1;30mLevel 1[0m _identify(src/dynamixel_ros2/DynamixelSDK) by extension 'python_setup_py'
[0.220s] [34mcolcon.colcon_core.package_identification[0m [1;30mLevel 1[0m _identify(src/dynamixel_ros2/DynamixelSDK/dynamixel_sdk) by extensions ['ignore', 'ignore_ament_install']
[0.220s] [34mcolcon.colcon_core.package_identification[0m [1;30mLevel 1[0m _identify(src/dynamixel_ros2/DynamixelSDK/dynamixel_sdk) by extension 'ignore'
[0.220s] [34mcolcon.colcon_core.package_identification[0m [1;30mLevel 1[0m _identify(src/dynamixel_ros2/DynamixelSDK/dynamixel_sdk) by extension 'ignore_ament_install'
[0.220s] [34mcolcon.colcon_core.package_identification[0m [1;30mLevel 1[0m _identify(src/dynamixel_ros2/DynamixelSDK/dynamixel_sdk) by extensions ['colcon_pkg']
[0.220s] [34mcolcon.colcon_core.package_identification[0m [1;30mLevel 1[0m _identify(src/dynamixel_ros2/DynamixelSDK/dynamixel_sdk) by extension 'colcon_pkg'
[0.220s] [34mcolcon.colcon_core.package_identification[0m [1;30mLevel 1[0m _identify(src/dynamixel_ros2/DynamixelSDK/dynamixel_sdk) by extensions ['colcon_meta']
[0.220s] [34mcolcon.colcon_core.package_identification[0m [1;30mLevel 1[0m _identify(src/dynamixel_ros2/DynamixelSDK/dynamixel_sdk) by extension 'colcon_meta'
[0.220s] [34mcolcon.colcon_core.package_identification[0m [1;30mLevel 1[0m _identify(src/dynamixel_ros2/DynamixelSDK/dynamixel_sdk) by extensions ['ros']
[0.220s] [34mcolcon.colcon_core.package_identification[0m [1;30mLevel 1[0m _identify(src/dynamixel_ros2/DynamixelSDK/dynamixel_sdk) by extension 'ros'
[0.220s] [34mcolcon.colcon_core.package_identification[0m [1;30mDEBUG[0m [32mPackage 'src/dynamixel_ros2/DynamixelSDK/dynamixel_sdk' with type 'ros.ament_cmake' and name 'dynamixel_sdk'[0m
[0.220s] [34mcolcon.colcon_core.package_identification[0m [1;30mLevel 1[0m _identify(src/dynamixel_ros2/DynamixelSDK/dynamixel_sdk_custom_interfaces) by extensions ['ignore', 'ignore_ament_install']
[0.221s] [34mcolcon.colcon_core.package_identification[0m [1;30mLevel 1[0m _identify(src/dynamixel_ros2/DynamixelSDK/dynamixel_sdk_custom_interfaces) by extension 'ignore'
[0.221s] [34mcolcon.colcon_core.package_identification[0m [1;30mLevel 1[0m _identify(src/dynamixel_ros2/DynamixelSDK/dynamixel_sdk_custom_interfaces) by extension 'ignore_ament_install'
[0.221s] [34mcolcon.colcon_core.package_identification[0m [1;30mLevel 1[0m _identify(src/dynamixel_ros2/DynamixelSDK/dynamixel_sdk_custom_interfaces) by extensions ['colcon_pkg']
[0.221s] [34mcolcon.colcon_core.package_identification[0m [1;30mLevel 1[0m _identify(src/dynamixel_ros2/DynamixelSDK/dynamixel_sdk_custom_interfaces) by extension 'colcon_pkg'
[0.221s] [34mcolcon.colcon_core.package_identification[0m [1;30mLevel 1[0m _identify(src/dynamixel_ros2/DynamixelSDK/dynamixel_sdk_custom_interfaces) by extensions ['colcon_meta']
[0.221s] [34mcolcon.colcon_core.package_identification[0m [1;30mLevel 1[0m _identify(src/dynamixel_ros2/DynamixelSDK/dynamixel_sdk_custom_interfaces) by extension 'colcon_meta'
[0.221s] [34mcolcon.colcon_core.package_identification[0m [1;30mLevel 1[0m _identify(src/dynamixel_ros2/DynamixelSDK/dynamixel_sdk_custom_interfaces) by extensions ['ros']
[0.221s] [34mcolcon.colcon_core.package_identification[0m [1;30mLevel 1[0m _identify(src/dynamixel_ros2/DynamixelSDK/dynamixel_sdk_custom_interfaces) by extension 'ros'
[0.221s] [34mcolcon.colcon_core.package_identification[0m [1;30mDEBUG[0m [32mPackage 'src/dynamixel_ros2/DynamixelSDK/dynamixel_sdk_custom_interfaces' with type 'ros.ament_cmake' and name 'dynamixel_sdk_custom_interfaces'[0m
[0.221s] [34mcolcon.colcon_core.package_identification[0m [1;30mLevel 1[0m _identify(src/dynamixel_ros2/DynamixelSDK/dynamixel_sdk_examples) by extensions ['ignore', 'ignore_ament_install']
[0.221s] [34mcolcon.colcon_core.package_identification[0m [1;30mLevel 1[0m _identify(src/dynamixel_ros2/DynamixelSDK/dynamixel_sdk_examples) by extension 'ignore'
[0.221s] [34mcolcon.colcon_core.package_identification[0m [1;30mLevel 1[0m _identify(src/dynamixel_ros2/DynamixelSDK/dynamixel_sdk_examples) by extension 'ignore_ament_install'
[0.221s] [34mcolcon.colcon_core.package_identification[0m [1;30mLevel 1[0m _identify(src/dynamixel_ros2/DynamixelSDK/dynamixel_sdk_examples) by extensions ['colcon_pkg']
[0.221s] [34mcolcon.colcon_core.package_identification[0m [1;30mLevel 1[0m _identify(src/dynamixel_ros2/DynamixelSDK/dynamixel_sdk_examples) by extension 'colcon_pkg'
[0.221s] [34mcolcon.colcon_core.package_identification[0m [1;30mLevel 1[0m _identify(src/dynamixel_ros2/DynamixelSDK/dynamixel_sdk_examples) by extensions ['colcon_meta']
[0.221s] [34mcolcon.colcon_core.package_identification[0m [1;30mLevel 1[0m _identify(src/dynamixel_ros2/DynamixelSDK/dynamixel_sdk_examples) by extension 'colcon_meta'
[0.221s] [34mcolcon.colcon_core.package_identification[0m [1;30mLevel 1[0m _identify(src/dynamixel_ros2/DynamixelSDK/dynamixel_sdk_examples) by extensions ['ros']
[0.221s] [34mcolcon.colcon_core.package_identification[0m [1;30mLevel 1[0m _identify(src/dynamixel_ros2/DynamixelSDK/dynamixel_sdk_examples) by extension 'ros'
[0.222s] [34mcolcon.colcon_core.package_identification[0m [1;30mDEBUG[0m [32mPackage 'src/dynamixel_ros2/DynamixelSDK/dynamixel_sdk_examples' with type 'ros.ament_cmake' and name 'dynamixel_sdk_examples'[0m
[0.222s] [34mcolcon.colcon_core.package_identification[0m [1;30mLevel 1[0m _identify(src/dynamixel_ros2/dynamixel_controller) by extensions ['ignore', 'ignore_ament_install']
[0.222s] [34mcolcon.colcon_core.package_identification[0m [1;30mLevel 1[0m _identify(src/dynamixel_ros2/dynamixel_controller) by extension 'ignore'
[0.222s] [34mcolcon.colcon_core.package_identification[0m [1;30mLevel 1[0m _identify(src/dynamixel_ros2/dynamixel_controller) by extension 'ignore_ament_install'
[0.222s] [34mcolcon.colcon_core.package_identification[0m [1;30mLevel 1[0m _identify(src/dynamixel_ros2/dynamixel_controller) by extensions ['colcon_pkg']
[0.222s] [34mcolcon.colcon_core.package_identification[0m [1;30mLevel 1[0m _identify(src/dynamixel_ros2/dynamixel_controller) by extension 'colcon_pkg'
[0.222s] [34mcolcon.colcon_core.package_identification[0m [1;30mLevel 1[0m _identify(src/dynamixel_ros2/dynamixel_controller) by extensions ['colcon_meta']
[0.222s] [34mcolcon.colcon_core.package_identification[0m [1;30mLevel 1[0m _identify(src/dynamixel_ros2/dynamixel_controller) by extension 'colcon_meta'
[0.222s] [34mcolcon.colcon_core.package_identification[0m [1;30mLevel 1[0m _identify(src/dynamixel_ros2/dynamixel_controller) by extensions ['ros']
[0.222s] [34mcolcon.colcon_core.package_identification[0m [1;30mLevel 1[0m _identify(src/dynamixel_ros2/dynamixel_controller) by extension 'ros'
[0.223s] [34mcolcon.colcon_core.package_identification[0m [1;30mDEBUG[0m [32mPackage 'src/dynamixel_ros2/dynamixel_controller' with type 'ros.ament_cmake' and name 'dynamixel_controller'[0m
[0.223s] [34mcolcon.colcon_core.package_identification[0m [1;30mLevel 1[0m _identify(src/dynamixel_ros2/dynamixel_controller_client) by extensions ['ignore', 'ignore_ament_install']
[0.223s] [34mcolcon.colcon_core.package_identification[0m [1;30mLevel 1[0m _identify(src/dynamixel_ros2/dynamixel_controller_client) by extension 'ignore'
[0.223s] [34mcolcon.colcon_core.package_identification[0m [1;30mLevel 1[0m _identify(src/dynamixel_ros2/dynamixel_controller_client) by extension 'ignore_ament_install'
[0.223s] [34mcolcon.colcon_core.package_identification[0m [1;30mLevel 1[0m _identify(src/dynamixel_ros2/dynamixel_controller_client) by extensions ['colcon_pkg']
[0.223s] [34mcolcon.colcon_core.package_identification[0m [1;30mLevel 1[0m _identify(src/dynamixel_ros2/dynamixel_controller_client) by extension 'colcon_pkg'
[0.223s] [34mcolcon.colcon_core.package_identification[0m [1;30mLevel 1[0m _identify(src/dynamixel_ros2/dynamixel_controller_client) by extensions ['colcon_meta']
[0.223s] [34mcolcon.colcon_core.package_identification[0m [1;30mLevel 1[0m _identify(src/dynamixel_ros2/dynamixel_controller_client) by extension 'colcon_meta'
[0.223s] [34mcolcon.colcon_core.package_identification[0m [1;30mLevel 1[0m _identify(src/dynamixel_ros2/dynamixel_controller_client) by extensions ['ros']
[0.223s] [34mcolcon.colcon_core.package_identification[0m [1;30mLevel 1[0m _identify(src/dynamixel_ros2/dynamixel_controller_client) by extension 'ros'
[0.223s] [34mcolcon.colcon_core.package_identification[0m [1;30mDEBUG[0m [32mPackage 'src/dynamixel_ros2/dynamixel_controller_client' with type 'ros.ament_python' and name 'dynamixel_controller_client'[0m
[0.223s] [34mcolcon.colcon_core.package_identification[0m [1;30mLevel 1[0m _identify(src/dynamixel_ros2/dynamixel_controller_gui) by extensions ['ignore', 'ignore_ament_install']
[0.223s] [34mcolcon.colcon_core.package_identification[0m [1;30mLevel 1[0m _identify(src/dynamixel_ros2/dynamixel_controller_gui) by extension 'ignore'
[0.223s] [34mcolcon.colcon_core.package_identification[0m [1;30mLevel 1[0m _identify(src/dynamixel_ros2/dynamixel_controller_gui) by extension 'ignore_ament_install'
[0.223s] [34mcolcon.colcon_core.package_identification[0m [1;30mLevel 1[0m _identify(src/dynamixel_ros2/dynamixel_controller_gui) by extensions ['colcon_pkg']
[0.223s] [34mcolcon.colcon_core.package_identification[0m [1;30mLevel 1[0m _identify(src/dynamixel_ros2/dynamixel_controller_gui) by extension 'colcon_pkg'
[0.223s] [34mcolcon.colcon_core.package_identification[0m [1;30mLevel 1[0m _identify(src/dynamixel_ros2/dynamixel_controller_gui) by extensions ['colcon_meta']
[0.223s] [34mcolcon.colcon_core.package_identification[0m [1;30mLevel 1[0m _identify(src/dynamixel_ros2/dynamixel_controller_gui) by extension 'colcon_meta'
[0.223s] [34mcolcon.colcon_core.package_identification[0m [1;30mLevel 1[0m _identify(src/dynamixel_ros2/dynamixel_controller_gui) by extensions ['ros']
[0.223s] [34mcolcon.colcon_core.package_identification[0m [1;30mLevel 1[0m _identify(src/dynamixel_ros2/dynamixel_controller_gui) by extension 'ros'
[0.224s] [34mcolcon.colcon_core.package_identification[0m [1;30mDEBUG[0m [32mPackage 'src/dynamixel_ros2/dynamixel_controller_gui' with type 'ros.ament_python' and name 'dynamixel_controller_gui'[0m
[0.224s] [34mcolcon.colcon_core.package_identification[0m [1;30mLevel 1[0m _identify(src/launch_param_builder) by extensions ['ignore', 'ignore_ament_install']
[0.224s] [34mcolcon.colcon_core.package_identification[0m [1;30mLevel 1[0m _identify(src/launch_param_builder) by extension 'ignore'
[0.224s] [34mcolcon.colcon_core.package_identification[0m [1;30mLevel 1[0m _identify(src/launch_param_builder) by extension 'ignore_ament_install'
[0.224s] [34mcolcon.colcon_core.package_identification[0m [1;30mLevel 1[0m _identify(src/launch_param_builder) by extensions ['colcon_pkg']
[0.224s] [34mcolcon.colcon_core.package_identification[0m [1;30mLevel 1[0m _identify(src/launch_param_builder) by extension 'colcon_pkg'
[0.224s] [34mcolcon.colcon_core.package_identification[0m [1;30mLevel 1[0m _identify(src/launch_param_builder) by extensions ['colcon_meta']
[0.224s] [34mcolcon.colcon_core.package_identification[0m [1;30mLevel 1[0m _identify(src/launch_param_builder) by extension 'colcon_meta'
[0.224s] [34mcolcon.colcon_core.package_identification[0m [1;30mLevel 1[0m _identify(src/launch_param_builder) by extensions ['ros']
[0.224s] [34mcolcon.colcon_core.package_identification[0m [1;30mLevel 1[0m _identify(src/launch_param_builder) by extension 'ros'
[0.224s] [34mcolcon.colcon_core.package_identification[0m [1;30mDEBUG[0m [32mPackage 'src/launch_param_builder' with type 'ros.ament_python' and name 'launch_param_builder'[0m
[0.224s] [34mcolcon.colcon_core.package_identification[0m [1;30mLevel 1[0m _identify(src/moveit2) by extensions ['ignore', 'ignore_ament_install']
[0.224s] [34mcolcon.colcon_core.package_identification[0m [1;30mLevel 1[0m _identify(src/moveit2) by extension 'ignore'
[0.225s] [34mcolcon.colcon_core.package_identification[0m [1;30mLevel 1[0m _identify(src/moveit2) by extension 'ignore_ament_install'
[0.225s] [34mcolcon.colcon_core.package_identification[0m [1;30mLevel 1[0m _identify(src/moveit2) by extensions ['colcon_pkg']
[0.225s] [34mcolcon.colcon_core.package_identification[0m [1;30mLevel 1[0m _identify(src/moveit2) by extension 'colcon_pkg'
[0.225s] [34mcolcon.colcon_core.package_identification[0m [1;30mLevel 1[0m _identify(src/moveit2) by extensions ['colcon_meta']
[0.225s] [34mcolcon.colcon_core.package_identification[0m [1;30mLevel 1[0m _identify(src/moveit2) by extension 'colcon_meta'
[0.225s] [34mcolcon.colcon_core.package_identification[0m [1;30mLevel 1[0m _identify(src/moveit2) by extensions ['ros']
[0.225s] [34mcolcon.colcon_core.package_identification[0m [1;30mLevel 1[0m _identify(src/moveit2) by extension 'ros'
[0.225s] [34mcolcon.colcon_core.package_identification[0m [1;30mLevel 1[0m _identify(src/moveit2) by extensions ['cmake', 'python']
[0.225s] [34mcolcon.colcon_core.package_identification[0m [1;30mLevel 1[0m _identify(src/moveit2) by extension 'cmake'
[0.225s] [34mcolcon.colcon_core.package_identification[0m [1;30mLevel 1[0m _identify(src/moveit2) by extension 'python'
[0.225s] [34mcolcon.colcon_core.package_identification[0m [1;30mLevel 1[0m _identify(src/moveit2) by extensions ['python_setup_py']
[0.225s] [34mcolcon.colcon_core.package_identification[0m [1;30mLevel 1[0m _identify(src/moveit2) by extension 'python_setup_py'
[0.225s] [34mcolcon.colcon_core.package_identification[0m [1;30mLevel 1[0m _identify(src/moveit2/doc) by extensions ['ignore', 'ignore_ament_install']
[0.225s] [34mcolcon.colcon_core.package_identification[0m [1;30mLevel 1[0m _identify(src/moveit2/doc) by extension 'ignore'
[0.225s] [34mcolcon.colcon_core.package_identification[0m [1;30mLevel 1[0m _identify(src/moveit2/doc) by extension 'ignore_ament_install'
[0.225s] [34mcolcon.colcon_core.package_identification[0m [1;30mLevel 1[0m _identify(src/moveit2/doc) by extensions ['colcon_pkg']
[0.225s] [34mcolcon.colcon_core.package_identification[0m [1;30mLevel 1[0m _identify(src/moveit2/doc) by extension 'colcon_pkg'
[0.225s] [34mcolcon.colcon_core.package_identification[0m [1;30mLevel 1[0m _identify(src/moveit2/doc) by extensions ['colcon_meta']
[0.225s] [34mcolcon.colcon_core.package_identification[0m [1;30mLevel 1[0m _identify(src/moveit2/doc) by extension 'colcon_meta'
[0.225s] [34mcolcon.colcon_core.package_identification[0m [1;30mLevel 1[0m _identify(src/moveit2/doc) by extensions ['ros']
[0.225s] [34mcolcon.colcon_core.package_identification[0m [1;30mLevel 1[0m _identify(src/moveit2/doc) by extension 'ros'
[0.225s] [34mcolcon.colcon_core.package_identification[0m [1;30mLevel 1[0m _identify(src/moveit2/doc) by extensions ['cmake', 'python']
[0.225s] [34mcolcon.colcon_core.package_identification[0m [1;30mLevel 1[0m _identify(src/moveit2/doc) by extension 'cmake'
[0.225s] [34mcolcon.colcon_core.package_identification[0m [1;30mLevel 1[0m _identify(src/moveit2/doc) by extension 'python'
[0.225s] [34mcolcon.colcon_core.package_identification[0m [1;30mLevel 1[0m _identify(src/moveit2/doc) by extensions ['python_setup_py']
[0.225s] [34mcolcon.colcon_core.package_identification[0m [1;30mLevel 1[0m _identify(src/moveit2/doc) by extension 'python_setup_py'
[0.225s] [34mcolcon.colcon_core.package_identification[0m [1;30mLevel 1[0m _identify(src/moveit2/moveit) by extensions ['ignore', 'ignore_ament_install']
[0.225s] [34mcolcon.colcon_core.package_identification[0m [1;30mLevel 1[0m _identify(src/moveit2/moveit) by extension 'ignore'
[0.225s] [34mcolcon.colcon_core.package_identification[0m [1;30mLevel 1[0m _identify(src/moveit2/moveit) by extension 'ignore_ament_install'
[0.225s] [34mcolcon.colcon_core.package_identification[0m [1;30mLevel 1[0m _identify(src/moveit2/moveit) by extensions ['colcon_pkg']
[0.225s] [34mcolcon.colcon_core.package_identification[0m [1;30mLevel 1[0m _identify(src/moveit2/moveit) by extension 'colcon_pkg'
[0.225s] [34mcolcon.colcon_core.package_identification[0m [1;30mLevel 1[0m _identify(src/moveit2/moveit) by extensions ['colcon_meta']
[0.225s] [34mcolcon.colcon_core.package_identification[0m [1;30mLevel 1[0m _identify(src/moveit2/moveit) by extension 'colcon_meta'
[0.225s] [34mcolcon.colcon_core.package_identification[0m [1;30mLevel 1[0m _identify(src/moveit2/moveit) by extensions ['ros']
[0.225s] [34mcolcon.colcon_core.package_identification[0m [1;30mLevel 1[0m _identify(src/moveit2/moveit) by extension 'ros'
[0.226s] [34mcolcon.colcon_core.package_identification[0m [1;30mDEBUG[0m [32mPackage 'src/moveit2/moveit' with type 'ros.ament_cmake' and name 'moveit'[0m
[0.226s] [34mcolcon.colcon_core.package_identification[0m [1;30mLevel 1[0m _identify(src/moveit2/moveit_commander) by extensions ['ignore', 'ignore_ament_install']
[0.226s] [34mcolcon.colcon_core.package_identification[0m [1;30mLevel 1[0m _identify(src/moveit2/moveit_commander) by extension 'ignore'
[0.226s] [34mcolcon.colcon_core.package_identification[0m [1;30mLevel 1[0m _identify(src/moveit2/moveit_commander) ignored
[0.226s] [34mcolcon.colcon_core.package_identification[0m [1;30mLevel 1[0m _identify(src/moveit2/moveit_common) by extensions ['ignore', 'ignore_ament_install']
[0.226s] [34mcolcon.colcon_core.package_identification[0m [1;30mLevel 1[0m _identify(src/moveit2/moveit_common) by extension 'ignore'
[0.226s] [34mcolcon.colcon_core.package_identification[0m [1;30mLevel 1[0m _identify(src/moveit2/moveit_common) by extension 'ignore_ament_install'
[0.226s] [34mcolcon.colcon_core.package_identification[0m [1;30mLevel 1[0m _identify(src/moveit2/moveit_common) by extensions ['colcon_pkg']
[0.226s] [34mcolcon.colcon_core.package_identification[0m [1;30mLevel 1[0m _identify(src/moveit2/moveit_common) by extension 'colcon_pkg'
[0.226s] [34mcolcon.colcon_core.package_identification[0m [1;30mLevel 1[0m _identify(src/moveit2/moveit_common) by extensions ['colcon_meta']
[0.226s] [34mcolcon.colcon_core.package_identification[0m [1;30mLevel 1[0m _identify(src/moveit2/moveit_common) by extension 'colcon_meta'
[0.226s] [34mcolcon.colcon_core.package_identification[0m [1;30mLevel 1[0m _identify(src/moveit2/moveit_common) by extensions ['ros']
[0.226s] [34mcolcon.colcon_core.package_identification[0m [1;30mLevel 1[0m _identify(src/moveit2/moveit_common) by extension 'ros'
[0.227s] [34mcolcon.colcon_core.package_identification[0m [1;30mDEBUG[0m [32mPackage 'src/moveit2/moveit_common' with type 'ros.ament_cmake' and name 'moveit_common'[0m
[0.227s] [34mcolcon.colcon_core.package_identification[0m [1;30mLevel 1[0m _identify(src/moveit2/moveit_configs_utils) by extensions ['ignore', 'ignore_ament_install']
[0.227s] [34mcolcon.colcon_core.package_identification[0m [1;30mLevel 1[0m _identify(src/moveit2/moveit_configs_utils) by extension 'ignore'
[0.227s] [34mcolcon.colcon_core.package_identification[0m [1;30mLevel 1[0m _identify(src/moveit2/moveit_configs_utils) by extension 'ignore_ament_install'
[0.227s] [34mcolcon.colcon_core.package_identification[0m [1;30mLevel 1[0m _identify(src/moveit2/moveit_configs_utils) by extensions ['colcon_pkg']
[0.227s] [34mcolcon.colcon_core.package_identification[0m [1;30mLevel 1[0m _identify(src/moveit2/moveit_configs_utils) by extension 'colcon_pkg'
[0.227s] [34mcolcon.colcon_core.package_identification[0m [1;30mLevel 1[0m _identify(src/moveit2/moveit_configs_utils) by extensions ['colcon_meta']
[0.227s] [34mcolcon.colcon_core.package_identification[0m [1;30mLevel 1[0m _identify(src/moveit2/moveit_configs_utils) by extension 'colcon_meta'
[0.227s] [34mcolcon.colcon_core.package_identification[0m [1;30mLevel 1[0m _identify(src/moveit2/moveit_configs_utils) by extensions ['ros']
[0.227s] [34mcolcon.colcon_core.package_identification[0m [1;30mLevel 1[0m _identify(src/moveit2/moveit_configs_utils) by extension 'ros'
[0.227s] [34mcolcon.colcon_core.package_identification[0m [1;30mDEBUG[0m [32mPackage 'src/moveit2/moveit_configs_utils' with type 'ros.ament_python' and name 'moveit_configs_utils'[0m
[0.227s] [34mcolcon.colcon_core.package_identification[0m [1;30mLevel 1[0m _identify(src/moveit2/moveit_core) by extensions ['ignore', 'ignore_ament_install']
[0.227s] [34mcolcon.colcon_core.package_identification[0m [1;30mLevel 1[0m _identify(src/moveit2/moveit_core) by extension 'ignore'
[0.227s] [34mcolcon.colcon_core.package_identification[0m [1;30mLevel 1[0m _identify(src/moveit2/moveit_core) by extension 'ignore_ament_install'
[0.227s] [34mcolcon.colcon_core.package_identification[0m [1;30mLevel 1[0m _identify(src/moveit2/moveit_core) by extensions ['colcon_pkg']
[0.227s] [34mcolcon.colcon_core.package_identification[0m [1;30mLevel 1[0m _identify(src/moveit2/moveit_core) by extension 'colcon_pkg'
[0.227s] [34mcolcon.colcon_core.package_identification[0m [1;30mLevel 1[0m _identify(src/moveit2/moveit_core) by extensions ['colcon_meta']
[0.227s] [34mcolcon.colcon_core.package_identification[0m [1;30mLevel 1[0m _identify(src/moveit2/moveit_core) by extension 'colcon_meta'
[0.227s] [34mcolcon.colcon_core.package_identification[0m [1;30mLevel 1[0m _identify(src/moveit2/moveit_core) by extensions ['ros']
[0.227s] [34mcolcon.colcon_core.package_identification[0m [1;30mLevel 1[0m _identify(src/moveit2/moveit_core) by extension 'ros'
[0.229s] [34mcolcon.colcon_core.package_identification[0m [1;30mDEBUG[0m [32mPackage 'src/moveit2/moveit_core' with type 'ros.ament_cmake' and name 'moveit_core'[0m
[0.230s] [34mcolcon.colcon_core.package_identification[0m [1;30mLevel 1[0m _identify(src/moveit2/moveit_experimental) by extensions ['ignore', 'ignore_ament_install']
[0.230s] [34mcolcon.colcon_core.package_identification[0m [1;30mLevel 1[0m _identify(src/moveit2/moveit_experimental) by extension 'ignore'
[0.230s] [34mcolcon.colcon_core.package_identification[0m [1;30mLevel 1[0m _identify(src/moveit2/moveit_experimental) ignored
[0.230s] [34mcolcon.colcon_core.package_identification[0m [1;30mLevel 1[0m _identify(src/moveit2/moveit_kinematics) by extensions ['ignore', 'ignore_ament_install']
[0.230s] [34mcolcon.colcon_core.package_identification[0m [1;30mLevel 1[0m _identify(src/moveit2/moveit_kinematics) by extension 'ignore'
[0.230s] [34mcolcon.colcon_core.package_identification[0m [1;30mLevel 1[0m _identify(src/moveit2/moveit_kinematics) by extension 'ignore_ament_install'
[0.230s] [34mcolcon.colcon_core.package_identification[0m [1;30mLevel 1[0m _identify(src/moveit2/moveit_kinematics) by extensions ['colcon_pkg']
[0.230s] [34mcolcon.colcon_core.package_identification[0m [1;30mLevel 1[0m _identify(src/moveit2/moveit_kinematics) by extension 'colcon_pkg'
[0.230s] [34mcolcon.colcon_core.package_identification[0m [1;30mLevel 1[0m _identify(src/moveit2/moveit_kinematics) by extensions ['colcon_meta']
[0.230s] [34mcolcon.colcon_core.package_identification[0m [1;30mLevel 1[0m _identify(src/moveit2/moveit_kinematics) by extension 'colcon_meta'
[0.230s] [34mcolcon.colcon_core.package_identification[0m [1;30mLevel 1[0m _identify(src/moveit2/moveit_kinematics) by extensions ['ros']
[0.230s] [34mcolcon.colcon_core.package_identification[0m [1;30mLevel 1[0m _identify(src/moveit2/moveit_kinematics) by extension 'ros'
[0.231s] [34mcolcon.colcon_core.package_identification[0m [1;30mDEBUG[0m [32mPackage 'src/moveit2/moveit_kinematics' with type 'ros.ament_cmake' and name 'moveit_kinematics'[0m
[0.231s] [34mcolcon.colcon_core.package_identification[0m [1;30mLevel 1[0m _identify(src/moveit2/moveit_planners) by extensions ['ignore', 'ignore_ament_install']
[0.231s] [34mcolcon.colcon_core.package_identification[0m [1;30mLevel 1[0m _identify(src/moveit2/moveit_planners) by extension 'ignore'
[0.231s] [34mcolcon.colcon_core.package_identification[0m [1;30mLevel 1[0m _identify(src/moveit2/moveit_planners) by extension 'ignore_ament_install'
[0.231s] [34mcolcon.colcon_core.package_identification[0m [1;30mLevel 1[0m _identify(src/moveit2/moveit_planners) by extensions ['colcon_pkg']
[0.231s] [34mcolcon.colcon_core.package_identification[0m [1;30mLevel 1[0m _identify(src/moveit2/moveit_planners) by extension 'colcon_pkg'
[0.231s] [34mcolcon.colcon_core.package_identification[0m [1;30mLevel 1[0m _identify(src/moveit2/moveit_planners) by extensions ['colcon_meta']
[0.231s] [34mcolcon.colcon_core.package_identification[0m [1;30mLevel 1[0m _identify(src/moveit2/moveit_planners) by extension 'colcon_meta'
[0.231s] [34mcolcon.colcon_core.package_identification[0m [1;30mLevel 1[0m _identify(src/moveit2/moveit_planners) by extensions ['ros']
[0.231s] [34mcolcon.colcon_core.package_identification[0m [1;30mLevel 1[0m _identify(src/moveit2/moveit_planners) by extension 'ros'
[0.231s] [34mcolcon.colcon_core.package_identification[0m [1;30mLevel 1[0m _identify(src/moveit2/moveit_planners) by extensions ['cmake', 'python']
[0.231s] [34mcolcon.colcon_core.package_identification[0m [1;30mLevel 1[0m _identify(src/moveit2/moveit_planners) by extension 'cmake'
[0.231s] [34mcolcon.colcon_core.package_identification[0m [1;30mLevel 1[0m _identify(src/moveit2/moveit_planners) by extension 'python'
[0.231s] [34mcolcon.colcon_core.package_identification[0m [1;30mLevel 1[0m _identify(src/moveit2/moveit_planners) by extensions ['python_setup_py']
[0.231s] [34mcolcon.colcon_core.package_identification[0m [1;30mLevel 1[0m _identify(src/moveit2/moveit_planners) by extension 'python_setup_py'
[0.231s] [34mcolcon.colcon_core.package_identification[0m [1;30mLevel 1[0m _identify(src/moveit2/moveit_planners/chomp) by extensions ['ignore', 'ignore_ament_install']
[0.231s] [34mcolcon.colcon_core.package_identification[0m [1;30mLevel 1[0m _identify(src/moveit2/moveit_planners/chomp) by extension 'ignore'
[0.231s] [34mcolcon.colcon_core.package_identification[0m [1;30mLevel 1[0m _identify(src/moveit2/moveit_planners/chomp) by extension 'ignore_ament_install'
[0.231s] [34mcolcon.colcon_core.package_identification[0m [1;30mLevel 1[0m _identify(src/moveit2/moveit_planners/chomp) by extensions ['colcon_pkg']
[0.231s] [34mcolcon.colcon_core.package_identification[0m [1;30mLevel 1[0m _identify(src/moveit2/moveit_planners/chomp) by extension 'colcon_pkg'
[0.231s] [34mcolcon.colcon_core.package_identification[0m [1;30mLevel 1[0m _identify(src/moveit2/moveit_planners/chomp) by extensions ['colcon_meta']
[0.231s] [34mcolcon.colcon_core.package_identification[0m [1;30mLevel 1[0m _identify(src/moveit2/moveit_planners/chomp) by extension 'colcon_meta'
[0.231s] [34mcolcon.colcon_core.package_identification[0m [1;30mLevel 1[0m _identify(src/moveit2/moveit_planners/chomp) by extensions ['ros']
[0.231s] [34mcolcon.colcon_core.package_identification[0m [1;30mLevel 1[0m _identify(src/moveit2/moveit_planners/chomp) by extension 'ros'
[0.232s] [34mcolcon.colcon_core.package_identification[0m [1;30mLevel 1[0m _identify(src/moveit2/moveit_planners/chomp) by extensions ['cmake', 'python']
[0.232s] [34mcolcon.colcon_core.package_identification[0m [1;30mLevel 1[0m _identify(src/moveit2/moveit_planners/chomp) by extension 'cmake'
[0.232s] [34mcolcon.colcon_core.package_identification[0m [1;30mLevel 1[0m _identify(src/moveit2/moveit_planners/chomp) by extension 'python'
[0.232s] [34mcolcon.colcon_core.package_identification[0m [1;30mLevel 1[0m _identify(src/moveit2/moveit_planners/chomp) by extensions ['python_setup_py']
[0.232s] [34mcolcon.colcon_core.package_identification[0m [1;30mLevel 1[0m _identify(src/moveit2/moveit_planners/chomp) by extension 'python_setup_py'
[0.232s] [34mcolcon.colcon_core.package_identification[0m [1;30mLevel 1[0m _identify(src/moveit2/moveit_planners/chomp/chomp_interface) by extensions ['ignore', 'ignore_ament_install']
[0.232s] [34mcolcon.colcon_core.package_identification[0m [1;30mLevel 1[0m _identify(src/moveit2/moveit_planners/chomp/chomp_interface) by extension 'ignore'
[0.232s] [34mcolcon.colcon_core.package_identification[0m [1;30mLevel 1[0m _identify(src/moveit2/moveit_planners/chomp/chomp_interface) by extension 'ignore_ament_install'
[0.232s] [34mcolcon.colcon_core.package_identification[0m [1;30mLevel 1[0m _identify(src/moveit2/moveit_planners/chomp/chomp_interface) by extensions ['colcon_pkg']
[0.232s] [34mcolcon.colcon_core.package_identification[0m [1;30mLevel 1[0m _identify(src/moveit2/moveit_planners/chomp/chomp_interface) by extension 'colcon_pkg'
[0.232s] [34mcolcon.colcon_core.package_identification[0m [1;30mLevel 1[0m _identify(src/moveit2/moveit_planners/chomp/chomp_interface) by extensions ['colcon_meta']
[0.232s] [34mcolcon.colcon_core.package_identification[0m [1;30mLevel 1[0m _identify(src/moveit2/moveit_planners/chomp/chomp_interface) by extension 'colcon_meta'
[0.232s] [34mcolcon.colcon_core.package_identification[0m [1;30mLevel 1[0m _identify(src/moveit2/moveit_planners/chomp/chomp_interface) by extensions ['ros']
[0.232s] [34mcolcon.colcon_core.package_identification[0m [1;30mLevel 1[0m _identify(src/moveit2/moveit_planners/chomp/chomp_interface) by extension 'ros'
[0.232s] [34mcolcon.colcon_core.package_identification[0m [1;30mDEBUG[0m [32mPackage 'src/moveit2/moveit_planners/chomp/chomp_interface' with type 'ros.ament_cmake' and name 'moveit_planners_chomp'[0m
[0.232s] [34mcolcon.colcon_core.package_identification[0m [1;30mLevel 1[0m _identify(src/moveit2/moveit_planners/chomp/chomp_motion_planner) by extensions ['ignore', 'ignore_ament_install']
[0.232s] [34mcolcon.colcon_core.package_identification[0m [1;30mLevel 1[0m _identify(src/moveit2/moveit_planners/chomp/chomp_motion_planner) by extension 'ignore'
[0.232s] [34mcolcon.colcon_core.package_identification[0m [1;30mLevel 1[0m _identify(src/moveit2/moveit_planners/chomp/chomp_motion_planner) by extension 'ignore_ament_install'
[0.233s] [34mcolcon.colcon_core.package_identification[0m [1;30mLevel 1[0m _identify(src/moveit2/moveit_planners/chomp/chomp_motion_planner) by extensions ['colcon_pkg']
[0.233s] [34mcolcon.colcon_core.package_identification[0m [1;30mLevel 1[0m _identify(src/moveit2/moveit_planners/chomp/chomp_motion_planner) by extension 'colcon_pkg'
[0.233s] [34mcolcon.colcon_core.package_identification[0m [1;30mLevel 1[0m _identify(src/moveit2/moveit_planners/chomp/chomp_motion_planner) by extensions ['colcon_meta']
[0.233s] [34mcolcon.colcon_core.package_identification[0m [1;30mLevel 1[0m _identify(src/moveit2/moveit_planners/chomp/chomp_motion_planner) by extension 'colcon_meta'
[0.233s] [34mcolcon.colcon_core.package_identification[0m [1;30mLevel 1[0m _identify(src/moveit2/moveit_planners/chomp/chomp_motion_planner) by extensions ['ros']
[0.233s] [34mcolcon.colcon_core.package_identification[0m [1;30mLevel 1[0m _identify(src/moveit2/moveit_planners/chomp/chomp_motion_planner) by extension 'ros'
[0.233s] [34mcolcon.colcon_core.package_identification[0m [1;30mDEBUG[0m [32mPackage 'src/moveit2/moveit_planners/chomp/chomp_motion_planner' with type 'ros.ament_cmake' and name 'chomp_motion_planner'[0m
[0.233s] [34mcolcon.colcon_core.package_identification[0m [1;30mLevel 1[0m _identify(src/moveit2/moveit_planners/chomp/chomp_optimizer_adapter) by extensions ['ignore', 'ignore_ament_install']
[0.233s] [34mcolcon.colcon_core.package_identification[0m [1;30mLevel 1[0m _identify(src/moveit2/moveit_planners/chomp/chomp_optimizer_adapter) by extension 'ignore'
[0.233s] [34mcolcon.colcon_core.package_identification[0m [1;30mLevel 1[0m _identify(src/moveit2/moveit_planners/chomp/chomp_optimizer_adapter) by extension 'ignore_ament_install'
[0.233s] [34mcolcon.colcon_core.package_identification[0m [1;30mLevel 1[0m _identify(src/moveit2/moveit_planners/chomp/chomp_optimizer_adapter) by extensions ['colcon_pkg']
[0.233s] [34mcolcon.colcon_core.package_identification[0m [1;30mLevel 1[0m _identify(src/moveit2/moveit_planners/chomp/chomp_optimizer_adapter) by extension 'colcon_pkg'
[0.233s] [34mcolcon.colcon_core.package_identification[0m [1;30mLevel 1[0m _identify(src/moveit2/moveit_planners/chomp/chomp_optimizer_adapter) by extensions ['colcon_meta']
[0.233s] [34mcolcon.colcon_core.package_identification[0m [1;30mLevel 1[0m _identify(src/moveit2/moveit_planners/chomp/chomp_optimizer_adapter) by extension 'colcon_meta'
[0.233s] [34mcolcon.colcon_core.package_identification[0m [1;30mLevel 1[0m _identify(src/moveit2/moveit_planners/chomp/chomp_optimizer_adapter) by extensions ['ros']
[0.233s] [34mcolcon.colcon_core.package_identification[0m [1;30mLevel 1[0m _identify(src/moveit2/moveit_planners/chomp/chomp_optimizer_adapter) by extension 'ros'
[0.234s] [34mcolcon.colcon_core.package_identification[0m [1;30mDEBUG[0m [32mPackage 'src/moveit2/moveit_planners/chomp/chomp_optimizer_adapter' with type 'ros.ament_cmake' and name 'moveit_chomp_optimizer_adapter'[0m
[0.234s] [34mcolcon.colcon_core.package_identification[0m [1;30mLevel 1[0m _identify(src/moveit2/moveit_planners/moveit_planners) by extensions ['ignore', 'ignore_ament_install']
[0.234s] [34mcolcon.colcon_core.package_identification[0m [1;30mLevel 1[0m _identify(src/moveit2/moveit_planners/moveit_planners) by extension 'ignore'
[0.234s] [34mcolcon.colcon_core.package_identification[0m [1;30mLevel 1[0m _identify(src/moveit2/moveit_planners/moveit_planners) by extension 'ignore_ament_install'
[0.234s] [34mcolcon.colcon_core.package_identification[0m [1;30mLevel 1[0m _identify(src/moveit2/moveit_planners/moveit_planners) by extensions ['colcon_pkg']
[0.234s] [34mcolcon.colcon_core.package_identification[0m [1;30mLevel 1[0m _identify(src/moveit2/moveit_planners/moveit_planners) by extension 'colcon_pkg'
[0.234s] [34mcolcon.colcon_core.package_identification[0m [1;30mLevel 1[0m _identify(src/moveit2/moveit_planners/moveit_planners) by extensions ['colcon_meta']
[0.234s] [34mcolcon.colcon_core.package_identification[0m [1;30mLevel 1[0m _identify(src/moveit2/moveit_planners/moveit_planners) by extension 'colcon_meta'
[0.234s] [34mcolcon.colcon_core.package_identification[0m [1;30mLevel 1[0m _identify(src/moveit2/moveit_planners/moveit_planners) by extensions ['ros']
[0.234s] [34mcolcon.colcon_core.package_identification[0m [1;30mLevel 1[0m _identify(src/moveit2/moveit_planners/moveit_planners) by extension 'ros'
[0.234s] [34mcolcon.colcon_core.package_identification[0m [1;30mDEBUG[0m [32mPackage 'src/moveit2/moveit_planners/moveit_planners' with type 'ros.ament_cmake' and name 'moveit_planners'[0m
[0.235s] [34mcolcon.colcon_core.package_identification[0m [1;30mLevel 1[0m _identify(src/moveit2/moveit_planners/ompl) by extensions ['ignore', 'ignore_ament_install']
[0.235s] [34mcolcon.colcon_core.package_identification[0m [1;30mLevel 1[0m _identify(src/moveit2/moveit_planners/ompl) by extension 'ignore'
[0.235s] [34mcolcon.colcon_core.package_identification[0m [1;30mLevel 1[0m _identify(src/moveit2/moveit_planners/ompl) by extension 'ignore_ament_install'
[0.235s] [34mcolcon.colcon_core.package_identification[0m [1;30mLevel 1[0m _identify(src/moveit2/moveit_planners/ompl) by extensions ['colcon_pkg']
[0.235s] [34mcolcon.colcon_core.package_identification[0m [1;30mLevel 1[0m _identify(src/moveit2/moveit_planners/ompl) by extension 'colcon_pkg'
[0.235s] [34mcolcon.colcon_core.package_identification[0m [1;30mLevel 1[0m _identify(src/moveit2/moveit_planners/ompl) by extensions ['colcon_meta']
[0.235s] [34mcolcon.colcon_core.package_identification[0m [1;30mLevel 1[0m _identify(src/moveit2/moveit_planners/ompl) by extension 'colcon_meta'
[0.235s] [34mcolcon.colcon_core.package_identification[0m [1;30mLevel 1[0m _identify(src/moveit2/moveit_planners/ompl) by extensions ['ros']
[0.235s] [34mcolcon.colcon_core.package_identification[0m [1;30mLevel 1[0m _identify(src/moveit2/moveit_planners/ompl) by extension 'ros'
[0.236s] [34mcolcon.colcon_core.package_identification[0m [1;30mDEBUG[0m [32mPackage 'src/moveit2/moveit_planners/ompl' with type 'ros.ament_cmake' and name 'moveit_planners_ompl'[0m
[0.236s] [34mcolcon.colcon_core.package_identification[0m [1;30mLevel 1[0m _identify(src/moveit2/moveit_planners/pilz_industrial_motion_planner) by extensions ['ignore', 'ignore_ament_install']
[0.236s] [34mcolcon.colcon_core.package_identification[0m [1;30mLevel 1[0m _identify(src/moveit2/moveit_planners/pilz_industrial_motion_planner) by extension 'ignore'
[0.236s] [34mcolcon.colcon_core.package_identification[0m [1;30mLevel 1[0m _identify(src/moveit2/moveit_planners/pilz_industrial_motion_planner) by extension 'ignore_ament_install'
[0.236s] [34mcolcon.colcon_core.package_identification[0m [1;30mLevel 1[0m _identify(src/moveit2/moveit_planners/pilz_industrial_motion_planner) by extensions ['colcon_pkg']
[0.236s] [34mcolcon.colcon_core.package_identification[0m [1;30mLevel 1[0m _identify(src/moveit2/moveit_planners/pilz_industrial_motion_planner) by extension 'colcon_pkg'
[0.236s] [34mcolcon.colcon_core.package_identification[0m [1;30mLevel 1[0m _identify(src/moveit2/moveit_planners/pilz_industrial_motion_planner) by extensions ['colcon_meta']
[0.236s] [34mcolcon.colcon_core.package_identification[0m [1;30mLevel 1[0m _identify(src/moveit2/moveit_planners/pilz_industrial_motion_planner) by extension 'colcon_meta'
[0.236s] [34mcolcon.colcon_core.package_identification[0m [1;30mLevel 1[0m _identify(src/moveit2/moveit_planners/pilz_industrial_motion_planner) by extensions ['ros']
[0.236s] [34mcolcon.colcon_core.package_identification[0m [1;30mLevel 1[0m _identify(src/moveit2/moveit_planners/pilz_industrial_motion_planner) by extension 'ros'
[0.237s] [34mcolcon.colcon_core.package_identification[0m [1;30mDEBUG[0m [32mPackage 'src/moveit2/moveit_planners/pilz_industrial_motion_planner' with type 'ros.ament_cmake' and name 'pilz_industrial_motion_planner'[0m
[0.237s] [34mcolcon.colcon_core.package_identification[0m [1;30mLevel 1[0m _identify(src/moveit2/moveit_planners/pilz_industrial_motion_planner_testutils) by extensions ['ignore', 'ignore_ament_install']
[0.237s] [34mcolcon.colcon_core.package_identification[0m [1;30mLevel 1[0m _identify(src/moveit2/moveit_planners/pilz_industrial_motion_planner_testutils) by extension 'ignore'
[0.237s] [34mcolcon.colcon_core.package_identification[0m [1;30mLevel 1[0m _identify(src/moveit2/moveit_planners/pilz_industrial_motion_planner_testutils) by extension 'ignore_ament_install'
[0.237s] [34mcolcon.colcon_core.package_identification[0m [1;30mLevel 1[0m _identify(src/moveit2/moveit_planners/pilz_industrial_motion_planner_testutils) by extensions ['colcon_pkg']
[0.237s] [34mcolcon.colcon_core.package_identification[0m [1;30mLevel 1[0m _identify(src/moveit2/moveit_planners/pilz_industrial_motion_planner_testutils) by extension 'colcon_pkg'
[0.237s] [34mcolcon.colcon_core.package_identification[0m [1;30mLevel 1[0m _identify(src/moveit2/moveit_planners/pilz_industrial_motion_planner_testutils) by extensions ['colcon_meta']
[0.237s] [34mcolcon.colcon_core.package_identification[0m [1;30mLevel 1[0m _identify(src/moveit2/moveit_planners/pilz_industrial_motion_planner_testutils) by extension 'colcon_meta'
[0.237s] [34mcolcon.colcon_core.package_identification[0m [1;30mLevel 1[0m _identify(src/moveit2/moveit_planners/pilz_industrial_motion_planner_testutils) by extensions ['ros']
[0.237s] [34mcolcon.colcon_core.package_identification[0m [1;30mLevel 1[0m _identify(src/moveit2/moveit_planners/pilz_industrial_motion_planner_testutils) by extension 'ros'
[0.238s] [34mcolcon.colcon_core.package_identification[0m [1;30mDEBUG[0m [32mPackage 'src/moveit2/moveit_planners/pilz_industrial_motion_planner_testutils' with type 'ros.ament_cmake' and name 'pilz_industrial_motion_planner_testutils'[0m
[0.238s] [34mcolcon.colcon_core.package_identification[0m [1;30mLevel 1[0m _identify(src/moveit2/moveit_planners/test_configs) by extensions ['ignore', 'ignore_ament_install']
[0.238s] [34mcolcon.colcon_core.package_identification[0m [1;30mLevel 1[0m _identify(src/moveit2/moveit_planners/test_configs) by extension 'ignore'
[0.238s] [34mcolcon.colcon_core.package_identification[0m [1;30mLevel 1[0m _identify(src/moveit2/moveit_planners/test_configs) by extension 'ignore_ament_install'
[0.238s] [34mcolcon.colcon_core.package_identification[0m [1;30mLevel 1[0m _identify(src/moveit2/moveit_planners/test_configs) by extensions ['colcon_pkg']
[0.238s] [34mcolcon.colcon_core.package_identification[0m [1;30mLevel 1[0m _identify(src/moveit2/moveit_planners/test_configs) by extension 'colcon_pkg'
[0.238s] [34mcolcon.colcon_core.package_identification[0m [1;30mLevel 1[0m _identify(src/moveit2/moveit_planners/test_configs) by extensions ['colcon_meta']
[0.238s] [34mcolcon.colcon_core.package_identification[0m [1;30mLevel 1[0m _identify(src/moveit2/moveit_planners/test_configs) by extension 'colcon_meta'
[0.238s] [34mcolcon.colcon_core.package_identification[0m [1;30mLevel 1[0m _identify(src/moveit2/moveit_planners/test_configs) by extensions ['ros']
[0.238s] [34mcolcon.colcon_core.package_identification[0m [1;30mLevel 1[0m _identify(src/moveit2/moveit_planners/test_configs) by extension 'ros'
[0.238s] [34mcolcon.colcon_core.package_identification[0m [1;30mLevel 1[0m _identify(src/moveit2/moveit_planners/test_configs) by extensions ['cmake', 'python']
[0.238s] [34mcolcon.colcon_core.package_identification[0m [1;30mLevel 1[0m _identify(src/moveit2/moveit_planners/test_configs) by extension 'cmake'
[0.238s] [34mcolcon.colcon_core.package_identification[0m [1;30mLevel 1[0m _identify(src/moveit2/moveit_planners/test_configs) by extension 'python'
[0.238s] [34mcolcon.colcon_core.package_identification[0m [1;30mLevel 1[0m _identify(src/moveit2/moveit_planners/test_configs) by extensions ['python_setup_py']
[0.238s] [34mcolcon.colcon_core.package_identification[0m [1;30mLevel 1[0m _identify(src/moveit2/moveit_planners/test_configs) by extension 'python_setup_py'
[0.238s] [34mcolcon.colcon_core.package_identification[0m [1;30mLevel 1[0m _identify(src/moveit2/moveit_planners/test_configs/prbt_ikfast_manipulator_plugin) by extensions ['ignore', 'ignore_ament_install']
[0.238s] [34mcolcon.colcon_core.package_identification[0m [1;30mLevel 1[0m _identify(src/moveit2/moveit_planners/test_configs/prbt_ikfast_manipulator_plugin) by extension 'ignore'
[0.238s] [34mcolcon.colcon_core.package_identification[0m [1;30mLevel 1[0m _identify(src/moveit2/moveit_planners/test_configs/prbt_ikfast_manipulator_plugin) by extension 'ignore_ament_install'
[0.238s] [34mcolcon.colcon_core.package_identification[0m [1;30mLevel 1[0m _identify(src/moveit2/moveit_planners/test_configs/prbt_ikfast_manipulator_plugin) by extensions ['colcon_pkg']
[0.238s] [34mcolcon.colcon_core.package_identification[0m [1;30mLevel 1[0m _identify(src/moveit2/moveit_planners/test_configs/prbt_ikfast_manipulator_plugin) by extension 'colcon_pkg'
[0.238s] [34mcolcon.colcon_core.package_identification[0m [1;30mLevel 1[0m _identify(src/moveit2/moveit_planners/test_configs/prbt_ikfast_manipulator_plugin) by extensions ['colcon_meta']
[0.238s] [34mcolcon.colcon_core.package_identification[0m [1;30mLevel 1[0m _identify(src/moveit2/moveit_planners/test_configs/prbt_ikfast_manipulator_plugin) by extension 'colcon_meta'
[0.238s] [34mcolcon.colcon_core.package_identification[0m [1;30mLevel 1[0m _identify(src/moveit2/moveit_planners/test_configs/prbt_ikfast_manipulator_plugin) by extensions ['ros']
[0.238s] [34mcolcon.colcon_core.package_identification[0m [1;30mLevel 1[0m _identify(src/moveit2/moveit_planners/test_configs/prbt_ikfast_manipulator_plugin) by extension 'ros'
[0.239s] [34mcolcon.colcon_core.package_identification[0m [1;30mDEBUG[0m [32mPackage 'src/moveit2/moveit_planners/test_configs/prbt_ikfast_manipulator_plugin' with type 'ros.ament_cmake' and name 'moveit_resources_prbt_ikfast_manipulator_plugin'[0m
[0.239s] [34mcolcon.colcon_core.package_identification[0m [1;30mLevel 1[0m _identify(src/moveit2/moveit_planners/test_configs/prbt_moveit_config) by extensions ['ignore', 'ignore_ament_install']
[0.239s] [34mcolcon.colcon_core.package_identification[0m [1;30mLevel 1[0m _identify(src/moveit2/moveit_planners/test_configs/prbt_moveit_config) by extension 'ignore'
[0.239s] [34mcolcon.colcon_core.package_identification[0m [1;30mLevel 1[0m _identify(src/moveit2/moveit_planners/test_configs/prbt_moveit_config) by extension 'ignore_ament_install'
[0.239s] [34mcolcon.colcon_core.package_identification[0m [1;30mLevel 1[0m _identify(src/moveit2/moveit_planners/test_configs/prbt_moveit_config) by extensions ['colcon_pkg']
[0.239s] [34mcolcon.colcon_core.package_identification[0m [1;30mLevel 1[0m _identify(src/moveit2/moveit_planners/test_configs/prbt_moveit_config) by extension 'colcon_pkg'
[0.239s] [34mcolcon.colcon_core.package_identification[0m [1;30mLevel 1[0m _identify(src/moveit2/moveit_planners/test_configs/prbt_moveit_config) by extensions ['colcon_meta']
[0.239s] [34mcolcon.colcon_core.package_identification[0m [1;30mLevel 1[0m _identify(src/moveit2/moveit_planners/test_configs/prbt_moveit_config) by extension 'colcon_meta'
[0.239s] [34mcolcon.colcon_core.package_identification[0m [1;30mLevel 1[0m _identify(src/moveit2/moveit_planners/test_configs/prbt_moveit_config) by extensions ['ros']
[0.239s] [34mcolcon.colcon_core.package_identification[0m [1;30mLevel 1[0m _identify(src/moveit2/moveit_planners/test_configs/prbt_moveit_config) by extension 'ros'
[0.240s] [34mcolcon.colcon_core.package_identification[0m [1;30mDEBUG[0m [32mPackage 'src/moveit2/moveit_planners/test_configs/prbt_moveit_config' with type 'ros.ament_cmake' and name 'moveit_resources_prbt_moveit_config'[0m
[0.240s] [34mcolcon.colcon_core.package_identification[0m [1;30mLevel 1[0m _identify(src/moveit2/moveit_planners/test_configs/prbt_pg70_support) by extensions ['ignore', 'ignore_ament_install']
[0.240s] [34mcolcon.colcon_core.package_identification[0m [1;30mLevel 1[0m _identify(src/moveit2/moveit_planners/test_configs/prbt_pg70_support) by extension 'ignore'
[0.240s] [34mcolcon.colcon_core.package_identification[0m [1;30mLevel 1[0m _identify(src/moveit2/moveit_planners/test_configs/prbt_pg70_support) by extension 'ignore_ament_install'
[0.240s] [34mcolcon.colcon_core.package_identification[0m [1;30mLevel 1[0m _identify(src/moveit2/moveit_planners/test_configs/prbt_pg70_support) by extensions ['colcon_pkg']
[0.240s] [34mcolcon.colcon_core.package_identification[0m [1;30mLevel 1[0m _identify(src/moveit2/moveit_planners/test_configs/prbt_pg70_support) by extension 'colcon_pkg'
[0.240s] [34mcolcon.colcon_core.package_identification[0m [1;30mLevel 1[0m _identify(src/moveit2/moveit_planners/test_configs/prbt_pg70_support) by extensions ['colcon_meta']
[0.240s] [34mcolcon.colcon_core.package_identification[0m [1;30mLevel 1[0m _identify(src/moveit2/moveit_planners/test_configs/prbt_pg70_support) by extension 'colcon_meta'
[0.240s] [34mcolcon.colcon_core.package_identification[0m [1;30mLevel 1[0m _identify(src/moveit2/moveit_planners/test_configs/prbt_pg70_support) by extensions ['ros']
[0.240s] [34mcolcon.colcon_core.package_identification[0m [1;30mLevel 1[0m _identify(src/moveit2/moveit_planners/test_configs/prbt_pg70_support) by extension 'ros'
[0.240s] [34mcolcon.colcon_core.package_identification[0m [1;30mDEBUG[0m [32mPackage 'src/moveit2/moveit_planners/test_configs/prbt_pg70_support' with type 'ros.ament_cmake' and name 'moveit_resources_prbt_pg70_support'[0m
[0.240s] [34mcolcon.colcon_core.package_identification[0m [1;30mLevel 1[0m _identify(src/moveit2/moveit_planners/test_configs/prbt_support) by extensions ['ignore', 'ignore_ament_install']
[0.240s] [34mcolcon.colcon_core.package_identification[0m [1;30mLevel 1[0m _identify(src/moveit2/moveit_planners/test_configs/prbt_support) by extension 'ignore'
[0.240s] [34mcolcon.colcon_core.package_identification[0m [1;30mLevel 1[0m _identify(src/moveit2/moveit_planners/test_configs/prbt_support) by extension 'ignore_ament_install'
[0.240s] [34mcolcon.colcon_core.package_identification[0m [1;30mLevel 1[0m _identify(src/moveit2/moveit_planners/test_configs/prbt_support) by extensions ['colcon_pkg']
[0.240s] [34mcolcon.colcon_core.package_identification[0m [1;30mLevel 1[0m _identify(src/moveit2/moveit_planners/test_configs/prbt_support) by extension 'colcon_pkg'
[0.240s] [34mcolcon.colcon_core.package_identification[0m [1;30mLevel 1[0m _identify(src/moveit2/moveit_planners/test_configs/prbt_support) by extensions ['colcon_meta']
[0.240s] [34mcolcon.colcon_core.package_identification[0m [1;30mLevel 1[0m _identify(src/moveit2/moveit_planners/test_configs/prbt_support) by extension 'colcon_meta'
[0.240s] [34mcolcon.colcon_core.package_identification[0m [1;30mLevel 1[0m _identify(src/moveit2/moveit_planners/test_configs/prbt_support) by extensions ['ros']
[0.240s] [34mcolcon.colcon_core.package_identification[0m [1;30mLevel 1[0m _identify(src/moveit2/moveit_planners/test_configs/prbt_support) by extension 'ros'
[0.241s] [34mcolcon.colcon_core.package_identification[0m [1;30mDEBUG[0m [32mPackage 'src/moveit2/moveit_planners/test_configs/prbt_support' with type 'ros.ament_cmake' and name 'moveit_resources_prbt_support'[0m
[0.241s] [34mcolcon.colcon_core.package_identification[0m [1;30mLevel 1[0m _identify(src/moveit2/moveit_planners/trajopt) by extensions ['ignore', 'ignore_ament_install']
[0.241s] [34mcolcon.colcon_core.package_identification[0m [1;30mLevel 1[0m _identify(src/moveit2/moveit_planners/trajopt) by extension 'ignore'
[0.241s] [34mcolcon.colcon_core.package_identification[0m [1;30mLevel 1[0m _identify(src/moveit2/moveit_planners/trajopt) ignored
[0.241s] [34mcolcon.colcon_core.package_identification[0m [1;30mLevel 1[0m _identify(src/moveit2/moveit_plugins) by extensions ['ignore', 'ignore_ament_install']
[0.241s] [34mcolcon.colcon_core.package_identification[0m [1;30mLevel 1[0m _identify(src/moveit2/moveit_plugins) by extension 'ignore'
[0.241s] [34mcolcon.colcon_core.package_identification[0m [1;30mLevel 1[0m _identify(src/moveit2/moveit_plugins) by extension 'ignore_ament_install'
[0.241s] [34mcolcon.colcon_core.package_identification[0m [1;30mLevel 1[0m _identify(src/moveit2/moveit_plugins) by extensions ['colcon_pkg']
[0.241s] [34mcolcon.colcon_core.package_identification[0m [1;30mLevel 1[0m _identify(src/moveit2/moveit_plugins) by extension 'colcon_pkg'
[0.241s] [34mcolcon.colcon_core.package_identification[0m [1;30mLevel 1[0m _identify(src/moveit2/moveit_plugins) by extensions ['colcon_meta']
[0.241s] [34mcolcon.colcon_core.package_identification[0m [1;30mLevel 1[0m _identify(src/moveit2/moveit_plugins) by extension 'colcon_meta'
[0.241s] [34mcolcon.colcon_core.package_identification[0m [1;30mLevel 1[0m _identify(src/moveit2/moveit_plugins) by extensions ['ros']
[0.241s] [34mcolcon.colcon_core.package_identification[0m [1;30mLevel 1[0m _identify(src/moveit2/moveit_plugins) by extension 'ros'
[0.241s] [34mcolcon.colcon_core.package_identification[0m [1;30mLevel 1[0m _identify(src/moveit2/moveit_plugins) by extensions ['cmake', 'python']
[0.241s] [34mcolcon.colcon_core.package_identification[0m [1;30mLevel 1[0m _identify(src/moveit2/moveit_plugins) by extension 'cmake'
[0.241s] [34mcolcon.colcon_core.package_identification[0m [1;30mLevel 1[0m _identify(src/moveit2/moveit_plugins) by extension 'python'
[0.241s] [34mcolcon.colcon_core.package_identification[0m [1;30mLevel 1[0m _identify(src/moveit2/moveit_plugins) by extensions ['python_setup_py']
[0.241s] [34mcolcon.colcon_core.package_identification[0m [1;30mLevel 1[0m _identify(src/moveit2/moveit_plugins) by extension 'python_setup_py'
[0.241s] [34mcolcon.colcon_core.package_identification[0m [1;30mLevel 1[0m _identify(src/moveit2/moveit_plugins/moveit_plugins) by extensions ['ignore', 'ignore_ament_install']
[0.241s] [34mcolcon.colcon_core.package_identification[0m [1;30mLevel 1[0m _identify(src/moveit2/moveit_plugins/moveit_plugins) by extension 'ignore'
[0.241s] [34mcolcon.colcon_core.package_identification[0m [1;30mLevel 1[0m _identify(src/moveit2/moveit_plugins/moveit_plugins) by extension 'ignore_ament_install'
[0.241s] [34mcolcon.colcon_core.package_identification[0m [1;30mLevel 1[0m _identify(src/moveit2/moveit_plugins/moveit_plugins) by extensions ['colcon_pkg']
[0.241s] [34mcolcon.colcon_core.package_identification[0m [1;30mLevel 1[0m _identify(src/moveit2/moveit_plugins/moveit_plugins) by extension 'colcon_pkg'
[0.241s] [34mcolcon.colcon_core.package_identification[0m [1;30mLevel 1[0m _identify(src/moveit2/moveit_plugins/moveit_plugins) by extensions ['colcon_meta']
[0.241s] [34mcolcon.colcon_core.package_identification[0m [1;30mLevel 1[0m _identify(src/moveit2/moveit_plugins/moveit_plugins) by extension 'colcon_meta'
[0.241s] [34mcolcon.colcon_core.package_identification[0m [1;30mLevel 1[0m _identify(src/moveit2/moveit_plugins/moveit_plugins) by extensions ['ros']
[0.242s] [34mcolcon.colcon_core.package_identification[0m [1;30mLevel 1[0m _identify(src/moveit2/moveit_plugins/moveit_plugins) by extension 'ros'
[0.242s] [34mcolcon.colcon_core.package_identification[0m [1;30mDEBUG[0m [32mPackage 'src/moveit2/moveit_plugins/moveit_plugins' with type 'ros.ament_cmake' and name 'moveit_plugins'[0m
[0.242s] [34mcolcon.colcon_core.package_identification[0m [1;30mLevel 1[0m _identify(src/moveit2/moveit_plugins/moveit_ros_control_interface) by extensions ['ignore', 'ignore_ament_install']
[0.242s] [34mcolcon.colcon_core.package_identification[0m [1;30mLevel 1[0m _identify(src/moveit2/moveit_plugins/moveit_ros_control_interface) by extension 'ignore'
[0.242s] [34mcolcon.colcon_core.package_identification[0m [1;30mLevel 1[0m _identify(src/moveit2/moveit_plugins/moveit_ros_control_interface) by extension 'ignore_ament_install'
[0.242s] [34mcolcon.colcon_core.package_identification[0m [1;30mLevel 1[0m _identify(src/moveit2/moveit_plugins/moveit_ros_control_interface) by extensions ['colcon_pkg']
[0.242s] [34mcolcon.colcon_core.package_identification[0m [1;30mLevel 1[0m _identify(src/moveit2/moveit_plugins/moveit_ros_control_interface) by extension 'colcon_pkg'
[0.242s] [34mcolcon.colcon_core.package_identification[0m [1;30mLevel 1[0m _identify(src/moveit2/moveit_plugins/moveit_ros_control_interface) by extensions ['colcon_meta']
[0.242s] [34mcolcon.colcon_core.package_identification[0m [1;30mLevel 1[0m _identify(src/moveit2/moveit_plugins/moveit_ros_control_interface) by extension 'colcon_meta'
[0.242s] [34mcolcon.colcon_core.package_identification[0m [1;30mLevel 1[0m _identify(src/moveit2/moveit_plugins/moveit_ros_control_interface) by extensions ['ros']
[0.242s] [34mcolcon.colcon_core.package_identification[0m [1;30mLevel 1[0m _identify(src/moveit2/moveit_plugins/moveit_ros_control_interface) by extension 'ros'
[0.243s] [34mcolcon.colcon_core.package_identification[0m [1;30mDEBUG[0m [32mPackage 'src/moveit2/moveit_plugins/moveit_ros_control_interface' with type 'ros.ament_cmake' and name 'moveit_ros_control_interface'[0m
[0.243s] [34mcolcon.colcon_core.package_identification[0m [1;30mLevel 1[0m _identify(src/moveit2/moveit_plugins/moveit_simple_controller_manager) by extensions ['ignore', 'ignore_ament_install']
[0.243s] [34mcolcon.colcon_core.package_identification[0m [1;30mLevel 1[0m _identify(src/moveit2/moveit_plugins/moveit_simple_controller_manager) by extension 'ignore'
[0.243s] [34mcolcon.colcon_core.package_identification[0m [1;30mLevel 1[0m _identify(src/moveit2/moveit_plugins/moveit_simple_controller_manager) by extension 'ignore_ament_install'
[0.243s] [34mcolcon.colcon_core.package_identification[0m [1;30mLevel 1[0m _identify(src/moveit2/moveit_plugins/moveit_simple_controller_manager) by extensions ['colcon_pkg']
[0.243s] [34mcolcon.colcon_core.package_identification[0m [1;30mLevel 1[0m _identify(src/moveit2/moveit_plugins/moveit_simple_controller_manager) by extension 'colcon_pkg'
[0.243s] [34mcolcon.colcon_core.package_identification[0m [1;30mLevel 1[0m _identify(src/moveit2/moveit_plugins/moveit_simple_controller_manager) by extensions ['colcon_meta']
[0.243s] [34mcolcon.colcon_core.package_identification[0m [1;30mLevel 1[0m _identify(src/moveit2/moveit_plugins/moveit_simple_controller_manager) by extension 'colcon_meta'
[0.243s] [34mcolcon.colcon_core.package_identification[0m [1;30mLevel 1[0m _identify(src/moveit2/moveit_plugins/moveit_simple_controller_manager) by extensions ['ros']
[0.243s] [34mcolcon.colcon_core.package_identification[0m [1;30mLevel 1[0m _identify(src/moveit2/moveit_plugins/moveit_simple_controller_manager) by extension 'ros'
[0.244s] [34mcolcon.colcon_core.package_identification[0m [1;30mDEBUG[0m [32mPackage 'src/moveit2/moveit_plugins/moveit_simple_controller_manager' with type 'ros.ament_cmake' and name 'moveit_simple_controller_manager'[0m
[0.244s] [34mcolcon.colcon_core.package_identification[0m [1;30mLevel 1[0m _identify(src/moveit2/moveit_ros) by extensions ['ignore', 'ignore_ament_install']
[0.244s] [34mcolcon.colcon_core.package_identification[0m [1;30mLevel 1[0m _identify(src/moveit2/moveit_ros) by extension 'ignore'
[0.244s] [34mcolcon.colcon_core.package_identification[0m [1;30mLevel 1[0m _identify(src/moveit2/moveit_ros) by extension 'ignore_ament_install'
[0.244s] [34mcolcon.colcon_core.package_identification[0m [1;30mLevel 1[0m _identify(src/moveit2/moveit_ros) by extensions ['colcon_pkg']
[0.244s] [34mcolcon.colcon_core.package_identification[0m [1;30mLevel 1[0m _identify(src/moveit2/moveit_ros) by extension 'colcon_pkg'
[0.244s] [34mcolcon.colcon_core.package_identification[0m [1;30mLevel 1[0m _identify(src/moveit2/moveit_ros) by extensions ['colcon_meta']
[0.244s] [34mcolcon.colcon_core.package_identification[0m [1;30mLevel 1[0m _identify(src/moveit2/moveit_ros) by extension 'colcon_meta'
[0.244s] [34mcolcon.colcon_core.package_identification[0m [1;30mLevel 1[0m _identify(src/moveit2/moveit_ros) by extensions ['ros']
[0.244s] [34mcolcon.colcon_core.package_identification[0m [1;30mLevel 1[0m _identify(src/moveit2/moveit_ros) by extension 'ros'
[0.244s] [34mcolcon.colcon_core.package_identification[0m [1;30mLevel 1[0m _identify(src/moveit2/moveit_ros) by extensions ['cmake', 'python']
[0.244s] [34mcolcon.colcon_core.package_identification[0m [1;30mLevel 1[0m _identify(src/moveit2/moveit_ros) by extension 'cmake'
[0.244s] [34mcolcon.colcon_core.package_identification[0m [1;30mLevel 1[0m _identify(src/moveit2/moveit_ros) by extension 'python'
[0.244s] [34mcolcon.colcon_core.package_identification[0m [1;30mLevel 1[0m _identify(src/moveit2/moveit_ros) by extensions ['python_setup_py']
[0.244s] [34mcolcon.colcon_core.package_identification[0m [1;30mLevel 1[0m _identify(src/moveit2/moveit_ros) by extension 'python_setup_py'
[0.244s] [34mcolcon.colcon_core.package_identification[0m [1;30mLevel 1[0m _identify(src/moveit2/moveit_ros/benchmarks) by extensions ['ignore', 'ignore_ament_install']
[0.244s] [34mcolcon.colcon_core.package_identification[0m [1;30mLevel 1[0m _identify(src/moveit2/moveit_ros/benchmarks) by extension 'ignore'
[0.244s] [34mcolcon.colcon_core.package_identification[0m [1;30mLevel 1[0m _identify(src/moveit2/moveit_ros/benchmarks) by extension 'ignore_ament_install'
[0.244s] [34mcolcon.colcon_core.package_identification[0m [1;30mLevel 1[0m _identify(src/moveit2/moveit_ros/benchmarks) by extensions ['colcon_pkg']
[0.244s] [34mcolcon.colcon_core.package_identification[0m [1;30mLevel 1[0m _identify(src/moveit2/moveit_ros/benchmarks) by extension 'colcon_pkg'
[0.244s] [34mcolcon.colcon_core.package_identification[0m [1;30mLevel 1[0m _identify(src/moveit2/moveit_ros/benchmarks) by extensions ['colcon_meta']
[0.244s] [34mcolcon.colcon_core.package_identification[0m [1;30mLevel 1[0m _identify(src/moveit2/moveit_ros/benchmarks) by extension 'colcon_meta'
[0.244s] [34mcolcon.colcon_core.package_identification[0m [1;30mLevel 1[0m _identify(src/moveit2/moveit_ros/benchmarks) by extensions ['ros']
[0.244s] [34mcolcon.colcon_core.package_identification[0m [1;30mLevel 1[0m _identify(src/moveit2/moveit_ros/benchmarks) by extension 'ros'
[0.245s] [34mcolcon.colcon_core.package_identification[0m [1;30mDEBUG[0m [32mPackage 'src/moveit2/moveit_ros/benchmarks' with type 'ros.ament_cmake' and name 'moveit_ros_benchmarks'[0m
[0.245s] [34mcolcon.colcon_core.package_identification[0m [1;30mLevel 1[0m _identify(src/moveit2/moveit_ros/hybrid_planning) by extensions ['ignore', 'ignore_ament_install']
[0.245s] [34mcolcon.colcon_core.package_identification[0m [1;30mLevel 1[0m _identify(src/moveit2/moveit_ros/hybrid_planning) by extension 'ignore'
[0.245s] [34mcolcon.colcon_core.package_identification[0m [1;30mLevel 1[0m _identify(src/moveit2/moveit_ros/hybrid_planning) by extension 'ignore_ament_install'
[0.245s] [34mcolcon.colcon_core.package_identification[0m [1;30mLevel 1[0m _identify(src/moveit2/moveit_ros/hybrid_planning) by extensions ['colcon_pkg']
[0.245s] [34mcolcon.colcon_core.package_identification[0m [1;30mLevel 1[0m _identify(src/moveit2/moveit_ros/hybrid_planning) by extension 'colcon_pkg'
[0.245s] [34mcolcon.colcon_core.package_identification[0m [1;30mLevel 1[0m _identify(src/moveit2/moveit_ros/hybrid_planning) by extensions ['colcon_meta']
[0.245s] [34mcolcon.colcon_core.package_identification[0m [1;30mLevel 1[0m _identify(src/moveit2/moveit_ros/hybrid_planning) by extension 'colcon_meta'
[0.245s] [34mcolcon.colcon_core.package_identification[0m [1;30mLevel 1[0m _identify(src/moveit2/moveit_ros/hybrid_planning) by extensions ['ros']
[0.245s] [34mcolcon.colcon_core.package_identification[0m [1;30mLevel 1[0m _identify(src/moveit2/moveit_ros/hybrid_planning) by extension 'ros'
[0.246s] [34mcolcon.colcon_core.package_identification[0m [1;30mDEBUG[0m [32mPackage 'src/moveit2/moveit_ros/hybrid_planning' with type 'ros.ament_cmake' and name 'moveit_hybrid_planning'[0m
[0.246s] [34mcolcon.colcon_core.package_identification[0m [1;30mLevel 1[0m _identify(src/moveit2/moveit_ros/move_group) by extensions ['ignore', 'ignore_ament_install']
[0.246s] [34mcolcon.colcon_core.package_identification[0m [1;30mLevel 1[0m _identify(src/moveit2/moveit_ros/move_group) by extension 'ignore'
[0.246s] [34mcolcon.colcon_core.package_identification[0m [1;30mLevel 1[0m _identify(src/moveit2/moveit_ros/move_group) by extension 'ignore_ament_install'
[0.246s] [34mcolcon.colcon_core.package_identification[0m [1;30mLevel 1[0m _identify(src/moveit2/moveit_ros/move_group) by extensions ['colcon_pkg']
[0.246s] [34mcolcon.colcon_core.package_identification[0m [1;30mLevel 1[0m _identify(src/moveit2/moveit_ros/move_group) by extension 'colcon_pkg'
[0.246s] [34mcolcon.colcon_core.package_identification[0m [1;30mLevel 1[0m _identify(src/moveit2/moveit_ros/move_group) by extensions ['colcon_meta']
[0.247s] [34mcolcon.colcon_core.package_identification[0m [1;30mLevel 1[0m _identify(src/moveit2/moveit_ros/move_group) by extension 'colcon_meta'
[0.247s] [34mcolcon.colcon_core.package_identification[0m [1;30mLevel 1[0m _identify(src/moveit2/moveit_ros/move_group) by extensions ['ros']
[0.247s] [34mcolcon.colcon_core.package_identification[0m [1;30mLevel 1[0m _identify(src/moveit2/moveit_ros/move_group) by extension 'ros'
[0.247s] [34mcolcon.colcon_core.package_identification[0m [1;30mDEBUG[0m [32mPackage 'src/moveit2/moveit_ros/move_group' with type 'ros.ament_cmake' and name 'moveit_ros_move_group'[0m
[0.248s] [34mcolcon.colcon_core.package_identification[0m [1;30mLevel 1[0m _identify(src/moveit2/moveit_ros/moveit_ros) by extensions ['ignore', 'ignore_ament_install']
[0.248s] [34mcolcon.colcon_core.package_identification[0m [1;30mLevel 1[0m _identify(src/moveit2/moveit_ros/moveit_ros) by extension 'ignore'
[0.248s] [34mcolcon.colcon_core.package_identification[0m [1;30mLevel 1[0m _identify(src/moveit2/moveit_ros/moveit_ros) by extension 'ignore_ament_install'
[0.248s] [34mcolcon.colcon_core.package_identification[0m [1;30mLevel 1[0m _identify(src/moveit2/moveit_ros/moveit_ros) by extensions ['colcon_pkg']
[0.248s] [34mcolcon.colcon_core.package_identification[0m [1;30mLevel 1[0m _identify(src/moveit2/moveit_ros/moveit_ros) by extension 'colcon_pkg'
[0.248s] [34mcolcon.colcon_core.package_identification[0m [1;30mLevel 1[0m _identify(src/moveit2/moveit_ros/moveit_ros) by extensions ['colcon_meta']
[0.248s] [34mcolcon.colcon_core.package_identification[0m [1;30mLevel 1[0m _identify(src/moveit2/moveit_ros/moveit_ros) by extension 'colcon_meta'
[0.248s] [34mcolcon.colcon_core.package_identification[0m [1;30mLevel 1[0m _identify(src/moveit2/moveit_ros/moveit_ros) by extensions ['ros']
[0.248s] [34mcolcon.colcon_core.package_identification[0m [1;30mLevel 1[0m _identify(src/moveit2/moveit_ros/moveit_ros) by extension 'ros'
[0.248s] [34mcolcon.colcon_core.package_identification[0m [1;30mDEBUG[0m [32mPackage 'src/moveit2/moveit_ros/moveit_ros' with type 'ros.ament_cmake' and name 'moveit_ros'[0m
[0.248s] [34mcolcon.colcon_core.package_identification[0m [1;30mLevel 1[0m _identify(src/moveit2/moveit_ros/moveit_servo) by extensions ['ignore', 'ignore_ament_install']
[0.248s] [34mcolcon.colcon_core.package_identification[0m [1;30mLevel 1[0m _identify(src/moveit2/moveit_ros/moveit_servo) by extension 'ignore'
[0.248s] [34mcolcon.colcon_core.package_identification[0m [1;30mLevel 1[0m _identify(src/moveit2/moveit_ros/moveit_servo) by extension 'ignore_ament_install'
[0.248s] [34mcolcon.colcon_core.package_identification[0m [1;30mLevel 1[0m _identify(src/moveit2/moveit_ros/moveit_servo) by extensions ['colcon_pkg']
[0.248s] [34mcolcon.colcon_core.package_identification[0m [1;30mLevel 1[0m _identify(src/moveit2/moveit_ros/moveit_servo) by extension 'colcon_pkg'
[0.248s] [34mcolcon.colcon_core.package_identification[0m [1;30mLevel 1[0m _identify(src/moveit2/moveit_ros/moveit_servo) by extensions ['colcon_meta']
[0.248s] [34mcolcon.colcon_core.package_identification[0m [1;30mLevel 1[0m _identify(src/moveit2/moveit_ros/moveit_servo) by extension 'colcon_meta'
[0.248s] [34mcolcon.colcon_core.package_identification[0m [1;30mLevel 1[0m _identify(src/moveit2/moveit_ros/moveit_servo) by extensions ['ros']
[0.248s] [34mcolcon.colcon_core.package_identification[0m [1;30mLevel 1[0m _identify(src/moveit2/moveit_ros/moveit_servo) by extension 'ros'
[0.250s] [34mcolcon.colcon_core.package_identification[0m [1;30mDEBUG[0m [32mPackage 'src/moveit2/moveit_ros/moveit_servo' with type 'ros.ament_cmake' and name 'moveit_servo'[0m
[0.250s] [34mcolcon.colcon_core.package_identification[0m [1;30mLevel 1[0m _identify(src/moveit2/moveit_ros/occupancy_map_monitor) by extensions ['ignore', 'ignore_ament_install']
[0.250s] [34mcolcon.colcon_core.package_identification[0m [1;30mLevel 1[0m _identify(src/moveit2/moveit_ros/occupancy_map_monitor) by extension 'ignore'
[0.250s] [34mcolcon.colcon_core.package_identification[0m [1;30mLevel 1[0m _identify(src/moveit2/moveit_ros/occupancy_map_monitor) by extension 'ignore_ament_install'
[0.250s] [34mcolcon.colcon_core.package_identification[0m [1;30mLevel 1[0m _identify(src/moveit2/moveit_ros/occupancy_map_monitor) by extensions ['colcon_pkg']
[0.250s] [34mcolcon.colcon_core.package_identification[0m [1;30mLevel 1[0m _identify(src/moveit2/moveit_ros/occupancy_map_monitor) by extension 'colcon_pkg'
[0.250s] [34mcolcon.colcon_core.package_identification[0m [1;30mLevel 1[0m _identify(src/moveit2/moveit_ros/occupancy_map_monitor) by extensions ['colcon_meta']
[0.250s] [34mcolcon.colcon_core.package_identification[0m [1;30mLevel 1[0m _identify(src/moveit2/moveit_ros/occupancy_map_monitor) by extension 'colcon_meta'
[0.250s] [34mcolcon.colcon_core.package_identification[0m [1;30mLevel 1[0m _identify(src/moveit2/moveit_ros/occupancy_map_monitor) by extensions ['ros']
[0.250s] [34mcolcon.colcon_core.package_identification[0m [1;30mLevel 1[0m _identify(src/moveit2/moveit_ros/occupancy_map_monitor) by extension 'ros'
[0.251s] [34mcolcon.colcon_core.package_identification[0m [1;30mDEBUG[0m [32mPackage 'src/moveit2/moveit_ros/occupancy_map_monitor' with type 'ros.ament_cmake' and name 'moveit_ros_occupancy_map_monitor'[0m
[0.251s] [34mcolcon.colcon_core.package_identification[0m [1;30mLevel 1[0m _identify(src/moveit2/moveit_ros/perception) by extensions ['ignore', 'ignore_ament_install']
[0.251s] [34mcolcon.colcon_core.package_identification[0m [1;30mLevel 1[0m _identify(src/moveit2/moveit_ros/perception) by extension 'ignore'
[0.251s] [34mcolcon.colcon_core.package_identification[0m [1;30mLevel 1[0m _identify(src/moveit2/moveit_ros/perception) by extension 'ignore_ament_install'
[0.251s] [34mcolcon.colcon_core.package_identification[0m [1;30mLevel 1[0m _identify(src/moveit2/moveit_ros/perception) by extensions ['colcon_pkg']
[0.251s] [34mcolcon.colcon_core.package_identification[0m [1;30mLevel 1[0m _identify(src/moveit2/moveit_ros/perception) by extension 'colcon_pkg'
[0.251s] [34mcolcon.colcon_core.package_identification[0m [1;30mLevel 1[0m _identify(src/moveit2/moveit_ros/perception) by extensions ['colcon_meta']
[0.251s] [34mcolcon.colcon_core.package_identification[0m [1;30mLevel 1[0m _identify(src/moveit2/moveit_ros/perception) by extension 'colcon_meta'
[0.251s] [34mcolcon.colcon_core.package_identification[0m [1;30mLevel 1[0m _identify(src/moveit2/moveit_ros/perception) by extensions ['ros']
[0.251s] [34mcolcon.colcon_core.package_identification[0m [1;30mLevel 1[0m _identify(src/moveit2/moveit_ros/perception) by extension 'ros'
[0.252s] [34mcolcon.colcon_core.package_identification[0m [1;30mDEBUG[0m [32mPackage 'src/moveit2/moveit_ros/perception' with type 'ros.ament_cmake' and name 'moveit_ros_perception'[0m
[0.253s] [34mcolcon.colcon_core.package_identification[0m [1;30mLevel 1[0m _identify(src/moveit2/moveit_ros/planning) by extensions ['ignore', 'ignore_ament_install']
[0.253s] [34mcolcon.colcon_core.package_identification[0m [1;30mLevel 1[0m _identify(src/moveit2/moveit_ros/planning) by extension 'ignore'
[0.253s] [34mcolcon.colcon_core.package_identification[0m [1;30mLevel 1[0m _identify(src/moveit2/moveit_ros/planning) by extension 'ignore_ament_install'
[0.253s] [34mcolcon.colcon_core.package_identification[0m [1;30mLevel 1[0m _identify(src/moveit2/moveit_ros/planning) by extensions ['colcon_pkg']
[0.253s] [34mcolcon.colcon_core.package_identification[0m [1;30mLevel 1[0m _identify(src/moveit2/moveit_ros/planning) by extension 'colcon_pkg'
[0.253s] [34mcolcon.colcon_core.package_identification[0m [1;30mLevel 1[0m _identify(src/moveit2/moveit_ros/planning) by extensions ['colcon_meta']
[0.253s] [34mcolcon.colcon_core.package_identification[0m [1;30mLevel 1[0m _identify(src/moveit2/moveit_ros/planning) by extension 'colcon_meta'
[0.253s] [34mcolcon.colcon_core.package_identification[0m [1;30mLevel 1[0m _identify(src/moveit2/moveit_ros/planning) by extensions ['ros']
[0.253s] [34mcolcon.colcon_core.package_identification[0m [1;30mLevel 1[0m _identify(src/moveit2/moveit_ros/planning) by extension 'ros'
[0.254s] [34mcolcon.colcon_core.package_identification[0m [1;30mDEBUG[0m [32mPackage 'src/moveit2/moveit_ros/planning' with type 'ros.ament_cmake' and name 'moveit_ros_planning'[0m
[0.254s] [34mcolcon.colcon_core.package_identification[0m [1;30mLevel 1[0m _identify(src/moveit2/moveit_ros/planning_interface) by extensions ['ignore', 'ignore_ament_install']
[0.254s] [34mcolcon.colcon_core.package_identification[0m [1;30mLevel 1[0m _identify(src/moveit2/moveit_ros/planning_interface) by extension 'ignore'
[0.254s] [34mcolcon.colcon_core.package_identification[0m [1;30mLevel 1[0m _identify(src/moveit2/moveit_ros/planning_interface) by extension 'ignore_ament_install'
[0.254s] [34mcolcon.colcon_core.package_identification[0m [1;30mLevel 1[0m _identify(src/moveit2/moveit_ros/planning_interface) by extensions ['colcon_pkg']
[0.254s] [34mcolcon.colcon_core.package_identification[0m [1;30mLevel 1[0m _identify(src/moveit2/moveit_ros/planning_interface) by extension 'colcon_pkg'
[0.254s] [34mcolcon.colcon_core.package_identification[0m [1;30mLevel 1[0m _identify(src/moveit2/moveit_ros/planning_interface) by extensions ['colcon_meta']
[0.254s] [34mcolcon.colcon_core.package_identification[0m [1;30mLevel 1[0m _identify(src/moveit2/moveit_ros/planning_interface) by extension 'colcon_meta'
[0.254s] [34mcolcon.colcon_core.package_identification[0m [1;30mLevel 1[0m _identify(src/moveit2/moveit_ros/planning_interface) by extensions ['ros']
[0.254s] [34mcolcon.colcon_core.package_identification[0m [1;30mLevel 1[0m _identify(src/moveit2/moveit_ros/planning_interface) by extension 'ros'
[0.255s] [34mcolcon.colcon_core.package_identification[0m [1;30mDEBUG[0m [32mPackage 'src/moveit2/moveit_ros/planning_interface' with type 'ros.ament_cmake' and name 'moveit_ros_planning_interface'[0m
[0.255s] [34mcolcon.colcon_core.package_identification[0m [1;30mLevel 1[0m _identify(src/moveit2/moveit_ros/robot_interaction) by extensions ['ignore', 'ignore_ament_install']
[0.255s] [34mcolcon.colcon_core.package_identification[0m [1;30mLevel 1[0m _identify(src/moveit2/moveit_ros/robot_interaction) by extension 'ignore'
[0.255s] [34mcolcon.colcon_core.package_identification[0m [1;30mLevel 1[0m _identify(src/moveit2/moveit_ros/robot_interaction) by extension 'ignore_ament_install'
[0.256s] [34mcolcon.colcon_core.package_identification[0m [1;30mLevel 1[0m _identify(src/moveit2/moveit_ros/robot_interaction) by extensions ['colcon_pkg']
[0.256s] [34mcolcon.colcon_core.package_identification[0m [1;30mLevel 1[0m _identify(src/moveit2/moveit_ros/robot_interaction) by extension 'colcon_pkg'
[0.256s] [34mcolcon.colcon_core.package_identification[0m [1;30mLevel 1[0m _identify(src/moveit2/moveit_ros/robot_interaction) by extensions ['colcon_meta']
[0.256s] [34mcolcon.colcon_core.package_identification[0m [1;30mLevel 1[0m _identify(src/moveit2/moveit_ros/robot_interaction) by extension 'colcon_meta'
[0.256s] [34mcolcon.colcon_core.package_identification[0m [1;30mLevel 1[0m _identify(src/moveit2/moveit_ros/robot_interaction) by extensions ['ros']
[0.256s] [34mcolcon.colcon_core.package_identification[0m [1;30mLevel 1[0m _identify(src/moveit2/moveit_ros/robot_interaction) by extension 'ros'
[0.256s] [34mcolcon.colcon_core.package_identification[0m [1;30mDEBUG[0m [32mPackage 'src/moveit2/moveit_ros/robot_interaction' with type 'ros.ament_cmake' and name 'moveit_ros_robot_interaction'[0m
[0.256s] [34mcolcon.colcon_core.package_identification[0m [1;30mLevel 1[0m _identify(src/moveit2/moveit_ros/visualization) by extensions ['ignore', 'ignore_ament_install']
[0.256s] [34mcolcon.colcon_core.package_identification[0m [1;30mLevel 1[0m _identify(src/moveit2/moveit_ros/visualization) by extension 'ignore'
[0.256s] [34mcolcon.colcon_core.package_identification[0m [1;30mLevel 1[0m _identify(src/moveit2/moveit_ros/visualization) by extension 'ignore_ament_install'
[0.256s] [34mcolcon.colcon_core.package_identification[0m [1;30mLevel 1[0m _identify(src/moveit2/moveit_ros/visualization) by extensions ['colcon_pkg']
[0.256s] [34mcolcon.colcon_core.package_identification[0m [1;30mLevel 1[0m _identify(src/moveit2/moveit_ros/visualization) by extension 'colcon_pkg'
[0.257s] [34mcolcon.colcon_core.package_identification[0m [1;30mLevel 1[0m _identify(src/moveit2/moveit_ros/visualization) by extensions ['colcon_meta']
[0.257s] [34mcolcon.colcon_core.package_identification[0m [1;30mLevel 1[0m _identify(src/moveit2/moveit_ros/visualization) by extension 'colcon_meta'
[0.257s] [34mcolcon.colcon_core.package_identification[0m [1;30mLevel 1[0m _identify(src/moveit2/moveit_ros/visualization) by extensions ['ros']
[0.257s] [34mcolcon.colcon_core.package_identification[0m [1;30mLevel 1[0m _identify(src/moveit2/moveit_ros/visualization) by extension 'ros'
[0.257s] [34mcolcon.colcon_core.package_identification[0m [1;30mDEBUG[0m [32mPackage 'src/moveit2/moveit_ros/visualization' with type 'ros.ament_cmake' and name 'moveit_ros_visualization'[0m
[0.258s] [34mcolcon.colcon_core.package_identification[0m [1;30mLevel 1[0m _identify(src/moveit2/moveit_ros/warehouse) by extensions ['ignore', 'ignore_ament_install']
[0.258s] [34mcolcon.colcon_core.package_identification[0m [1;30mLevel 1[0m _identify(src/moveit2/moveit_ros/warehouse) by extension 'ignore'
[0.258s] [34mcolcon.colcon_core.package_identification[0m [1;30mLevel 1[0m _identify(src/moveit2/moveit_ros/warehouse) by extension 'ignore_ament_install'
[0.258s] [34mcolcon.colcon_core.package_identification[0m [1;30mLevel 1[0m _identify(src/moveit2/moveit_ros/warehouse) by extensions ['colcon_pkg']
[0.258s] [34mcolcon.colcon_core.package_identification[0m [1;30mLevel 1[0m _identify(src/moveit2/moveit_ros/warehouse) by extension 'colcon_pkg'
[0.258s] [34mcolcon.colcon_core.package_identification[0m [1;30mLevel 1[0m _identify(src/moveit2/moveit_ros/warehouse) by extensions ['colcon_meta']
[0.258s] [34mcolcon.colcon_core.package_identification[0m [1;30mLevel 1[0m _identify(src/moveit2/moveit_ros/warehouse) by extension 'colcon_meta'
[0.258s] [34mcolcon.colcon_core.package_identification[0m [1;30mLevel 1[0m _identify(src/moveit2/moveit_ros/warehouse) by extensions ['ros']
[0.258s] [34mcolcon.colcon_core.package_identification[0m [1;30mLevel 1[0m _identify(src/moveit2/moveit_ros/warehouse) by extension 'ros'
[0.258s] [34mcolcon.colcon_core.package_identification[0m [1;30mDEBUG[0m [32mPackage 'src/moveit2/moveit_ros/warehouse' with type 'ros.ament_cmake' and name 'moveit_ros_warehouse'[0m
[0.258s] [34mcolcon.colcon_core.package_identification[0m [1;30mLevel 1[0m _identify(src/moveit2/moveit_runtime) by extensions ['ignore', 'ignore_ament_install']
[0.259s] [34mcolcon.colcon_core.package_identification[0m [1;30mLevel 1[0m _identify(src/moveit2/moveit_runtime) by extension 'ignore'
[0.259s] [34mcolcon.colcon_core.package_identification[0m [1;30mLevel 1[0m _identify(src/moveit2/moveit_runtime) by extension 'ignore_ament_install'
[0.259s] [34mcolcon.colcon_core.package_identification[0m [1;30mLevel 1[0m _identify(src/moveit2/moveit_runtime) by extensions ['colcon_pkg']
[0.259s] [34mcolcon.colcon_core.package_identification[0m [1;30mLevel 1[0m _identify(src/moveit2/moveit_runtime) by extension 'colcon_pkg'
[0.259s] [34mcolcon.colcon_core.package_identification[0m [1;30mLevel 1[0m _identify(src/moveit2/moveit_runtime) by extensions ['colcon_meta']
[0.259s] [34mcolcon.colcon_core.package_identification[0m [1;30mLevel 1[0m _identify(src/moveit2/moveit_runtime) by extension 'colcon_meta'
[0.259s] [34mcolcon.colcon_core.package_identification[0m [1;30mLevel 1[0m _identify(src/moveit2/moveit_runtime) by extensions ['ros']
[0.259s] [34mcolcon.colcon_core.package_identification[0m [1;30mLevel 1[0m _identify(src/moveit2/moveit_runtime) by extension 'ros'
[0.259s] [34mcolcon.colcon_core.package_identification[0m [1;30mDEBUG[0m [32mPackage 'src/moveit2/moveit_runtime' with type 'ros.ament_cmake' and name 'moveit_runtime'[0m
[0.259s] [34mcolcon.colcon_core.package_identification[0m [1;30mLevel 1[0m _identify(src/moveit2/moveit_setup_assistant) by extensions ['ignore', 'ignore_ament_install']
[0.259s] [34mcolcon.colcon_core.package_identification[0m [1;30mLevel 1[0m _identify(src/moveit2/moveit_setup_assistant) by extension 'ignore'
[0.259s] [34mcolcon.colcon_core.package_identification[0m [1;30mLevel 1[0m _identify(src/moveit2/moveit_setup_assistant) by extension 'ignore_ament_install'
[0.259s] [34mcolcon.colcon_core.package_identification[0m [1;30mLevel 1[0m _identify(src/moveit2/moveit_setup_assistant) by extensions ['colcon_pkg']
[0.259s] [34mcolcon.colcon_core.package_identification[0m [1;30mLevel 1[0m _identify(src/moveit2/moveit_setup_assistant) by extension 'colcon_pkg'
[0.259s] [34mcolcon.colcon_core.package_identification[0m [1;30mLevel 1[0m _identify(src/moveit2/moveit_setup_assistant) by extensions ['colcon_meta']
[0.259s] [34mcolcon.colcon_core.package_identification[0m [1;30mLevel 1[0m _identify(src/moveit2/moveit_setup_assistant) by extension 'colcon_meta'
[0.259s] [34mcolcon.colcon_core.package_identification[0m [1;30mLevel 1[0m _identify(src/moveit2/moveit_setup_assistant) by extensions ['ros']
[0.259s] [34mcolcon.colcon_core.package_identification[0m [1;30mLevel 1[0m _identify(src/moveit2/moveit_setup_assistant) by extension 'ros'
[0.260s] [34mcolcon.colcon_core.package_identification[0m [1;30mLevel 1[0m _identify(src/moveit2/moveit_setup_assistant) by extensions ['cmake', 'python']
[0.260s] [34mcolcon.colcon_core.package_identification[0m [1;30mLevel 1[0m _identify(src/moveit2/moveit_setup_assistant) by extension 'cmake'
[0.260s] [34mcolcon.colcon_core.package_identification[0m [1;30mLevel 1[0m _identify(src/moveit2/moveit_setup_assistant) by extension 'python'
[0.260s] [34mcolcon.colcon_core.package_identification[0m [1;30mLevel 1[0m _identify(src/moveit2/moveit_setup_assistant) by extensions ['python_setup_py']
[0.260s] [34mcolcon.colcon_core.package_identification[0m [1;30mLevel 1[0m _identify(src/moveit2/moveit_setup_assistant) by extension 'python_setup_py'
[0.260s] [34mcolcon.colcon_core.package_identification[0m [1;30mLevel 1[0m _identify(src/moveit2/moveit_setup_assistant/graphics) by extensions ['ignore', 'ignore_ament_install']
[0.260s] [34mcolcon.colcon_core.package_identification[0m [1;30mLevel 1[0m _identify(src/moveit2/moveit_setup_assistant/graphics) by extension 'ignore'
[0.260s] [34mcolcon.colcon_core.package_identification[0m [1;30mLevel 1[0m _identify(src/moveit2/moveit_setup_assistant/graphics) by extension 'ignore_ament_install'
[0.260s] [34mcolcon.colcon_core.package_identification[0m [1;30mLevel 1[0m _identify(src/moveit2/moveit_setup_assistant/graphics) by extensions ['colcon_pkg']
[0.260s] [34mcolcon.colcon_core.package_identification[0m [1;30mLevel 1[0m _identify(src/moveit2/moveit_setup_assistant/graphics) by extension 'colcon_pkg'
[0.260s] [34mcolcon.colcon_core.package_identification[0m [1;30mLevel 1[0m _identify(src/moveit2/moveit_setup_assistant/graphics) by extensions ['colcon_meta']
[0.260s] [34mcolcon.colcon_core.package_identification[0m [1;30mLevel 1[0m _identify(src/moveit2/moveit_setup_assistant/graphics) by extension 'colcon_meta'
[0.260s] [34mcolcon.colcon_core.package_identification[0m [1;30mLevel 1[0m _identify(src/moveit2/moveit_setup_assistant/graphics) by extensions ['ros']
[0.260s] [34mcolcon.colcon_core.package_identification[0m [1;30mLevel 1[0m _identify(src/moveit2/moveit_setup_assistant/graphics) by extension 'ros'
[0.260s] [34mcolcon.colcon_core.package_identification[0m [1;30mLevel 1[0m _identify(src/moveit2/moveit_setup_assistant/graphics) by extensions ['cmake', 'python']
[0.260s] [34mcolcon.colcon_core.package_identification[0m [1;30mLevel 1[0m _identify(src/moveit2/moveit_setup_assistant/graphics) by extension 'cmake'
[0.260s] [34mcolcon.colcon_core.package_identification[0m [1;30mLevel 1[0m _identify(src/moveit2/moveit_setup_assistant/graphics) by extension 'python'
[0.260s] [34mcolcon.colcon_core.package_identification[0m [1;30mLevel 1[0m _identify(src/moveit2/moveit_setup_assistant/graphics) by extensions ['python_setup_py']
[0.260s] [34mcolcon.colcon_core.package_identification[0m [1;30mLevel 1[0m _identify(src/moveit2/moveit_setup_assistant/graphics) by extension 'python_setup_py'
[0.260s] [34mcolcon.colcon_core.package_identification[0m [1;30mLevel 1[0m _identify(src/moveit2/moveit_setup_assistant/graphics/source) by extensions ['ignore', 'ignore_ament_install']
[0.260s] [34mcolcon.colcon_core.package_identification[0m [1;30mLevel 1[0m _identify(src/moveit2/moveit_setup_assistant/graphics/source) by extension 'ignore'
[0.260s] [34mcolcon.colcon_core.package_identification[0m [1;30mLevel 1[0m _identify(src/moveit2/moveit_setup_assistant/graphics/source) by extension 'ignore_ament_install'
[0.260s] [34mcolcon.colcon_core.package_identification[0m [1;30mLevel 1[0m _identify(src/moveit2/moveit_setup_assistant/graphics/source) by extensions ['colcon_pkg']
[0.260s] [34mcolcon.colcon_core.package_identification[0m [1;30mLevel 1[0m _identify(src/moveit2/moveit_setup_assistant/graphics/source) by extension 'colcon_pkg'
[0.260s] [34mcolcon.colcon_core.package_identification[0m [1;30mLevel 1[0m _identify(src/moveit2/moveit_setup_assistant/graphics/source) by extensions ['colcon_meta']
[0.260s] [34mcolcon.colcon_core.package_identification[0m [1;30mLevel 1[0m _identify(src/moveit2/moveit_setup_assistant/graphics/source) by extension 'colcon_meta'
[0.260s] [34mcolcon.colcon_core.package_identification[0m [1;30mLevel 1[0m _identify(src/moveit2/moveit_setup_assistant/graphics/source) by extensions ['ros']
[0.260s] [34mcolcon.colcon_core.package_identification[0m [1;30mLevel 1[0m _identify(src/moveit2/moveit_setup_assistant/graphics/source) by extension 'ros'
[0.260s] [34mcolcon.colcon_core.package_identification[0m [1;30mLevel 1[0m _identify(src/moveit2/moveit_setup_assistant/graphics/source) by extensions ['cmake', 'python']
[0.260s] [34mcolcon.colcon_core.package_identification[0m [1;30mLevel 1[0m _identify(src/moveit2/moveit_setup_assistant/graphics/source) by extension 'cmake'
[0.260s] [34mcolcon.colcon_core.package_identification[0m [1;30mLevel 1[0m _identify(src/moveit2/moveit_setup_assistant/graphics/source) by extension 'python'
[0.260s] [34mcolcon.colcon_core.package_identification[0m [1;30mLevel 1[0m _identify(src/moveit2/moveit_setup_assistant/graphics/source) by extensions ['python_setup_py']
[0.260s] [34mcolcon.colcon_core.package_identification[0m [1;30mLevel 1[0m _identify(src/moveit2/moveit_setup_assistant/graphics/source) by extension 'python_setup_py'
[0.260s] [34mcolcon.colcon_core.package_identification[0m [1;30mLevel 1[0m _identify(src/moveit2/moveit_setup_assistant/moveit_setup_app_plugins) by extensions ['ignore', 'ignore_ament_install']
[0.261s] [34mcolcon.colcon_core.package_identification[0m [1;30mLevel 1[0m _identify(src/moveit2/moveit_setup_assistant/moveit_setup_app_plugins) by extension 'ignore'
[0.261s] [34mcolcon.colcon_core.package_identification[0m [1;30mLevel 1[0m _identify(src/moveit2/moveit_setup_assistant/moveit_setup_app_plugins) by extension 'ignore_ament_install'
[0.261s] [34mcolcon.colcon_core.package_identification[0m [1;30mLevel 1[0m _identify(src/moveit2/moveit_setup_assistant/moveit_setup_app_plugins) by extensions ['colcon_pkg']
[0.261s] [34mcolcon.colcon_core.package_identification[0m [1;30mLevel 1[0m _identify(src/moveit2/moveit_setup_assistant/moveit_setup_app_plugins) by extension 'colcon_pkg'
[0.261s] [34mcolcon.colcon_core.package_identification[0m [1;30mLevel 1[0m _identify(src/moveit2/moveit_setup_assistant/moveit_setup_app_plugins) by extensions ['colcon_meta']
[0.261s] [34mcolcon.colcon_core.package_identification[0m [1;30mLevel 1[0m _identify(src/moveit2/moveit_setup_assistant/moveit_setup_app_plugins) by extension 'colcon_meta'
[0.261s] [34mcolcon.colcon_core.package_identification[0m [1;30mLevel 1[0m _identify(src/moveit2/moveit_setup_assistant/moveit_setup_app_plugins) by extensions ['ros']
[0.261s] [34mcolcon.colcon_core.package_identification[0m [1;30mLevel 1[0m _identify(src/moveit2/moveit_setup_assistant/moveit_setup_app_plugins) by extension 'ros'
[0.261s] [34mcolcon.colcon_core.package_identification[0m [1;30mDEBUG[0m [32mPackage 'src/moveit2/moveit_setup_assistant/moveit_setup_app_plugins' with type 'ros.ament_cmake' and name 'moveit_setup_app_plugins'[0m
[0.261s] [34mcolcon.colcon_core.package_identification[0m [1;30mLevel 1[0m _identify(src/moveit2/moveit_setup_assistant/moveit_setup_assistant) by extensions ['ignore', 'ignore_ament_install']
[0.261s] [34mcolcon.colcon_core.package_identification[0m [1;30mLevel 1[0m _identify(src/moveit2/moveit_setup_assistant/moveit_setup_assistant) by extension 'ignore'
[0.261s] [34mcolcon.colcon_core.package_identification[0m [1;30mLevel 1[0m _identify(src/moveit2/moveit_setup_assistant/moveit_setup_assistant) by extension 'ignore_ament_install'
[0.261s] [34mcolcon.colcon_core.package_identification[0m [1;30mLevel 1[0m _identify(src/moveit2/moveit_setup_assistant/moveit_setup_assistant) by extensions ['colcon_pkg']
[0.261s] [34mcolcon.colcon_core.package_identification[0m [1;30mLevel 1[0m _identify(src/moveit2/moveit_setup_assistant/moveit_setup_assistant) by extension 'colcon_pkg'
[0.261s] [34mcolcon.colcon_core.package_identification[0m [1;30mLevel 1[0m _identify(src/moveit2/moveit_setup_assistant/moveit_setup_assistant) by extensions ['colcon_meta']
[0.261s] [34mcolcon.colcon_core.package_identification[0m [1;30mLevel 1[0m _identify(src/moveit2/moveit_setup_assistant/moveit_setup_assistant) by extension 'colcon_meta'
[0.262s] [34mcolcon.colcon_core.package_identification[0m [1;30mLevel 1[0m _identify(src/moveit2/moveit_setup_assistant/moveit_setup_assistant) by extensions ['ros']
[0.262s] [34mcolcon.colcon_core.package_identification[0m [1;30mLevel 1[0m _identify(src/moveit2/moveit_setup_assistant/moveit_setup_assistant) by extension 'ros'
[0.262s] [34mcolcon.colcon_core.package_identification[0m [1;30mDEBUG[0m [32mPackage 'src/moveit2/moveit_setup_assistant/moveit_setup_assistant' with type 'ros.ament_cmake' and name 'moveit_setup_assistant'[0m
[0.262s] [34mcolcon.colcon_core.package_identification[0m [1;30mLevel 1[0m _identify(src/moveit2/moveit_setup_assistant/moveit_setup_controllers) by extensions ['ignore', 'ignore_ament_install']
[0.262s] [34mcolcon.colcon_core.package_identification[0m [1;30mLevel 1[0m _identify(src/moveit2/moveit_setup_assistant/moveit_setup_controllers) by extension 'ignore'
[0.262s] [34mcolcon.colcon_core.package_identification[0m [1;30mLevel 1[0m _identify(src/moveit2/moveit_setup_assistant/moveit_setup_controllers) by extension 'ignore_ament_install'
[0.262s] [34mcolcon.colcon_core.package_identification[0m [1;30mLevel 1[0m _identify(src/moveit2/moveit_setup_assistant/moveit_setup_controllers) by extensions ['colcon_pkg']
[0.262s] [34mcolcon.colcon_core.package_identification[0m [1;30mLevel 1[0m _identify(src/moveit2/moveit_setup_assistant/moveit_setup_controllers) by extension 'colcon_pkg'
[0.262s] [34mcolcon.colcon_core.package_identification[0m [1;30mLevel 1[0m _identify(src/moveit2/moveit_setup_assistant/moveit_setup_controllers) by extensions ['colcon_meta']
[0.262s] [34mcolcon.colcon_core.package_identification[0m [1;30mLevel 1[0m _identify(src/moveit2/moveit_setup_assistant/moveit_setup_controllers) by extension 'colcon_meta'
[0.263s] [34mcolcon.colcon_core.package_identification[0m [1;30mLevel 1[0m _identify(src/moveit2/moveit_setup_assistant/moveit_setup_controllers) by extensions ['ros']
[0.263s] [34mcolcon.colcon_core.package_identification[0m [1;30mLevel 1[0m _identify(src/moveit2/moveit_setup_assistant/moveit_setup_controllers) by extension 'ros'
[0.263s] [34mcolcon.colcon_core.package_identification[0m [1;30mDEBUG[0m [32mPackage 'src/moveit2/moveit_setup_assistant/moveit_setup_controllers' with type 'ros.ament_cmake' and name 'moveit_setup_controllers'[0m
[0.263s] [34mcolcon.colcon_core.package_identification[0m [1;30mLevel 1[0m _identify(src/moveit2/moveit_setup_assistant/moveit_setup_core_plugins) by extensions ['ignore', 'ignore_ament_install']
[0.263s] [34mcolcon.colcon_core.package_identification[0m [1;30mLevel 1[0m _identify(src/moveit2/moveit_setup_assistant/moveit_setup_core_plugins) by extension 'ignore'
[0.263s] [34mcolcon.colcon_core.package_identification[0m [1;30mLevel 1[0m _identify(src/moveit2/moveit_setup_assistant/moveit_setup_core_plugins) by extension 'ignore_ament_install'
[0.263s] [34mcolcon.colcon_core.package_identification[0m [1;30mLevel 1[0m _identify(src/moveit2/moveit_setup_assistant/moveit_setup_core_plugins) by extensions ['colcon_pkg']
[0.263s] [34mcolcon.colcon_core.package_identification[0m [1;30mLevel 1[0m _identify(src/moveit2/moveit_setup_assistant/moveit_setup_core_plugins) by extension 'colcon_pkg'
[0.263s] [34mcolcon.colcon_core.package_identification[0m [1;30mLevel 1[0m _identify(src/moveit2/moveit_setup_assistant/moveit_setup_core_plugins) by extensions ['colcon_meta']
[0.263s] [34mcolcon.colcon_core.package_identification[0m [1;30mLevel 1[0m _identify(src/moveit2/moveit_setup_assistant/moveit_setup_core_plugins) by extension 'colcon_meta'
[0.263s] [34mcolcon.colcon_core.package_identification[0m [1;30mLevel 1[0m _identify(src/moveit2/moveit_setup_assistant/moveit_setup_core_plugins) by extensions ['ros']
[0.263s] [34mcolcon.colcon_core.package_identification[0m [1;30mLevel 1[0m _identify(src/moveit2/moveit_setup_assistant/moveit_setup_core_plugins) by extension 'ros'
[0.264s] [34mcolcon.colcon_core.package_identification[0m [1;30mDEBUG[0m [32mPackage 'src/moveit2/moveit_setup_assistant/moveit_setup_core_plugins' with type 'ros.ament_cmake' and name 'moveit_setup_core_plugins'[0m
[0.264s] [34mcolcon.colcon_core.package_identification[0m [1;30mLevel 1[0m _identify(src/moveit2/moveit_setup_assistant/moveit_setup_framework) by extensions ['ignore', 'ignore_ament_install']
[0.264s] [34mcolcon.colcon_core.package_identification[0m [1;30mLevel 1[0m _identify(src/moveit2/moveit_setup_assistant/moveit_setup_framework) by extension 'ignore'
[0.264s] [34mcolcon.colcon_core.package_identification[0m [1;30mLevel 1[0m _identify(src/moveit2/moveit_setup_assistant/moveit_setup_framework) by extension 'ignore_ament_install'
[0.264s] [34mcolcon.colcon_core.package_identification[0m [1;30mLevel 1[0m _identify(src/moveit2/moveit_setup_assistant/moveit_setup_framework) by extensions ['colcon_pkg']
[0.264s] [34mcolcon.colcon_core.package_identification[0m [1;30mLevel 1[0m _identify(src/moveit2/moveit_setup_assistant/moveit_setup_framework) by extension 'colcon_pkg'
[0.264s] [34mcolcon.colcon_core.package_identification[0m [1;30mLevel 1[0m _identify(src/moveit2/moveit_setup_assistant/moveit_setup_framework) by extensions ['colcon_meta']
[0.264s] [34mcolcon.colcon_core.package_identification[0m [1;30mLevel 1[0m _identify(src/moveit2/moveit_setup_assistant/moveit_setup_framework) by extension 'colcon_meta'
[0.264s] [34mcolcon.colcon_core.package_identification[0m [1;30mLevel 1[0m _identify(src/moveit2/moveit_setup_assistant/moveit_setup_framework) by extensions ['ros']
[0.264s] [34mcolcon.colcon_core.package_identification[0m [1;30mLevel 1[0m _identify(src/moveit2/moveit_setup_assistant/moveit_setup_framework) by extension 'ros'
[0.265s] [34mcolcon.colcon_core.package_identification[0m [1;30mDEBUG[0m [32mPackage 'src/moveit2/moveit_setup_assistant/moveit_setup_framework' with type 'ros.ament_cmake' and name 'moveit_setup_framework'[0m
[0.265s] [34mcolcon.colcon_core.package_identification[0m [1;30mLevel 1[0m _identify(src/moveit2/moveit_setup_assistant/moveit_setup_simulation) by extensions ['ignore', 'ignore_ament_install']
[0.265s] [34mcolcon.colcon_core.package_identification[0m [1;30mLevel 1[0m _identify(src/moveit2/moveit_setup_assistant/moveit_setup_simulation) by extension 'ignore'
[0.265s] [34mcolcon.colcon_core.package_identification[0m [1;30mLevel 1[0m _identify(src/moveit2/moveit_setup_assistant/moveit_setup_simulation) ignored
[0.265s] [34mcolcon.colcon_core.package_identification[0m [1;30mLevel 1[0m _identify(src/moveit2/moveit_setup_assistant/moveit_setup_srdf_plugins) by extensions ['ignore', 'ignore_ament_install']
[0.265s] [34mcolcon.colcon_core.package_identification[0m [1;30mLevel 1[0m _identify(src/moveit2/moveit_setup_assistant/moveit_setup_srdf_plugins) by extension 'ignore'
[0.265s] [34mcolcon.colcon_core.package_identification[0m [1;30mLevel 1[0m _identify(src/moveit2/moveit_setup_assistant/moveit_setup_srdf_plugins) by extension 'ignore_ament_install'
[0.265s] [34mcolcon.colcon_core.package_identification[0m [1;30mLevel 1[0m _identify(src/moveit2/moveit_setup_assistant/moveit_setup_srdf_plugins) by extensions ['colcon_pkg']
[0.265s] [34mcolcon.colcon_core.package_identification[0m [1;30mLevel 1[0m _identify(src/moveit2/moveit_setup_assistant/moveit_setup_srdf_plugins) by extension 'colcon_pkg'
[0.265s] [34mcolcon.colcon_core.package_identification[0m [1;30mLevel 1[0m _identify(src/moveit2/moveit_setup_assistant/moveit_setup_srdf_plugins) by extensions ['colcon_meta']
[0.265s] [34mcolcon.colcon_core.package_identification[0m [1;30mLevel 1[0m _identify(src/moveit2/moveit_setup_assistant/moveit_setup_srdf_plugins) by extension 'colcon_meta'
[0.265s] [34mcolcon.colcon_core.package_identification[0m [1;30mLevel 1[0m _identify(src/moveit2/moveit_setup_assistant/moveit_setup_srdf_plugins) by extensions ['ros']
[0.265s] [34mcolcon.colcon_core.package_identification[0m [1;30mLevel 1[0m _identify(src/moveit2/moveit_setup_assistant/moveit_setup_srdf_plugins) by extension 'ros'
[0.266s] [34mcolcon.colcon_core.package_identification[0m [1;30mDEBUG[0m [32mPackage 'src/moveit2/moveit_setup_assistant/moveit_setup_srdf_plugins' with type 'ros.ament_cmake' and name 'moveit_setup_srdf_plugins'[0m
[0.266s] [34mcolcon.colcon_core.package_identification[0m [1;30mLevel 1[0m _identify(src/moveit2/moveit_setup_assistant/unported_templates) by extensions ['ignore', 'ignore_ament_install']
[0.266s] [34mcolcon.colcon_core.package_identification[0m [1;30mLevel 1[0m _identify(src/moveit2/moveit_setup_assistant/unported_templates) by extension 'ignore'
[0.266s] [34mcolcon.colcon_core.package_identification[0m [1;30mLevel 1[0m _identify(src/moveit2/moveit_setup_assistant/unported_templates) by extension 'ignore_ament_install'
[0.266s] [34mcolcon.colcon_core.package_identification[0m [1;30mLevel 1[0m _identify(src/moveit2/moveit_setup_assistant/unported_templates) by extensions ['colcon_pkg']
[0.266s] [34mcolcon.colcon_core.package_identification[0m [1;30mLevel 1[0m _identify(src/moveit2/moveit_setup_assistant/unported_templates) by extension 'colcon_pkg'
[0.266s] [34mcolcon.colcon_core.package_identification[0m [1;30mLevel 1[0m _identify(src/moveit2/moveit_setup_assistant/unported_templates) by extensions ['colcon_meta']
[0.266s] [34mcolcon.colcon_core.package_identification[0m [1;30mLevel 1[0m _identify(src/moveit2/moveit_setup_assistant/unported_templates) by extension 'colcon_meta'
[0.266s] [34mcolcon.colcon_core.package_identification[0m [1;30mLevel 1[0m _identify(src/moveit2/moveit_setup_assistant/unported_templates) by extensions ['ros']
[0.266s] [34mcolcon.colcon_core.package_identification[0m [1;30mLevel 1[0m _identify(src/moveit2/moveit_setup_assistant/unported_templates) by extension 'ros'
[0.266s] [34mcolcon.colcon_core.package_identification[0m [1;30mLevel 1[0m _identify(src/moveit2/moveit_setup_assistant/unported_templates) by extensions ['cmake', 'python']
[0.266s] [34mcolcon.colcon_core.package_identification[0m [1;30mLevel 1[0m _identify(src/moveit2/moveit_setup_assistant/unported_templates) by extension 'cmake'
[0.266s] [34mcolcon.colcon_core.package_identification[0m [1;30mLevel 1[0m _identify(src/moveit2/moveit_setup_assistant/unported_templates) by extension 'python'
[0.266s] [34mcolcon.colcon_core.package_identification[0m [1;30mLevel 1[0m _identify(src/moveit2/moveit_setup_assistant/unported_templates) by extensions ['python_setup_py']
[0.266s] [34mcolcon.colcon_core.package_identification[0m [1;30mLevel 1[0m _identify(src/moveit2/moveit_setup_assistant/unported_templates) by extension 'python_setup_py'
[0.266s] [34mcolcon.colcon_core.package_identification[0m [1;30mLevel 1[0m _identify(src/moveit2_tutorials) by extensions ['ignore', 'ignore_ament_install']
[0.266s] [34mcolcon.colcon_core.package_identification[0m [1;30mLevel 1[0m _identify(src/moveit2_tutorials) by extension 'ignore'
[0.266s] [34mcolcon.colcon_core.package_identification[0m [1;30mLevel 1[0m _identify(src/moveit2_tutorials) by extension 'ignore_ament_install'
[0.266s] [34mcolcon.colcon_core.package_identification[0m [1;30mLevel 1[0m _identify(src/moveit2_tutorials) by extensions ['colcon_pkg']
[0.266s] [34mcolcon.colcon_core.package_identification[0m [1;30mLevel 1[0m _identify(src/moveit2_tutorials) by extension 'colcon_pkg'
[0.266s] [34mcolcon.colcon_core.package_identification[0m [1;30mLevel 1[0m _identify(src/moveit2_tutorials) by extensions ['colcon_meta']
[0.266s] [34mcolcon.colcon_core.package_identification[0m [1;30mLevel 1[0m _identify(src/moveit2_tutorials) by extension 'colcon_meta'
[0.266s] [34mcolcon.colcon_core.package_identification[0m [1;30mLevel 1[0m _identify(src/moveit2_tutorials) by extensions ['ros']
[0.266s] [34mcolcon.colcon_core.package_identification[0m [1;30mLevel 1[0m _identify(src/moveit2_tutorials) by extension 'ros'
[0.268s] [34mcolcon.colcon_core.package_identification[0m [1;30mDEBUG[0m [32mPackage 'src/moveit2_tutorials' with type 'ros.ament_cmake' and name 'moveit2_tutorials'[0m
[0.268s] [34mcolcon.colcon_core.package_identification[0m [1;30mLevel 1[0m _identify(src/moveit_config) by extensions ['ignore', 'ignore_ament_install']
[0.268s] [34mcolcon.colcon_core.package_identification[0m [1;30mLevel 1[0m _identify(src/moveit_config) by extension 'ignore'
[0.268s] [34mcolcon.colcon_core.package_identification[0m [1;30mLevel 1[0m _identify(src/moveit_config) by extension 'ignore_ament_install'
[0.268s] [34mcolcon.colcon_core.package_identification[0m [1;30mLevel 1[0m _identify(src/moveit_config) by extensions ['colcon_pkg']
[0.268s] [34mcolcon.colcon_core.package_identification[0m [1;30mLevel 1[0m _identify(src/moveit_config) by extension 'colcon_pkg'
[0.268s] [34mcolcon.colcon_core.package_identification[0m [1;30mLevel 1[0m _identify(src/moveit_config) by extensions ['colcon_meta']
[0.268s] [34mcolcon.colcon_core.package_identification[0m [1;30mLevel 1[0m _identify(src/moveit_config) by extension 'colcon_meta'
[0.268s] [34mcolcon.colcon_core.package_identification[0m [1;30mLevel 1[0m _identify(src/moveit_config) by extensions ['ros']
[0.268s] [34mcolcon.colcon_core.package_identification[0m [1;30mLevel 1[0m _identify(src/moveit_config) by extension 'ros'
[0.268s] [34mcolcon.colcon_core.package_identification[0m [1;30mDEBUG[0m [32mPackage 'src/moveit_config' with type 'ros.ament_cmake' and name 'moveit_config'[0m
[0.268s] [34mcolcon.colcon_core.package_identification[0m [1;30mLevel 1[0m _identify(src/moveit_r2_config) by extensions ['ignore', 'ignore_ament_install']
[0.269s] [34mcolcon.colcon_core.package_identification[0m [1;30mLevel 1[0m _identify(src/moveit_r2_config) by extension 'ignore'
[0.269s] [34mcolcon.colcon_core.package_identification[0m [1;30mLevel 1[0m _identify(src/moveit_r2_config) by extension 'ignore_ament_install'
[0.269s] [34mcolcon.colcon_core.package_identification[0m [1;30mLevel 1[0m _identify(src/moveit_r2_config) by extensions ['colcon_pkg']
[0.269s] [34mcolcon.colcon_core.package_identification[0m [1;30mLevel 1[0m _identify(src/moveit_r2_config) by extension 'colcon_pkg'
[0.269s] [34mcolcon.colcon_core.package_identification[0m [1;30mLevel 1[0m _identify(src/moveit_r2_config) by extensions ['colcon_meta']
[0.269s] [34mcolcon.colcon_core.package_identification[0m [1;30mLevel 1[0m _identify(src/moveit_r2_config) by extension 'colcon_meta'
[0.269s] [34mcolcon.colcon_core.package_identification[0m [1;30mLevel 1[0m _identify(src/moveit_r2_config) by extensions ['ros']
[0.269s] [34mcolcon.colcon_core.package_identification[0m [1;30mLevel 1[0m _identify(src/moveit_r2_config) by extension 'ros'
[0.269s] [34mcolcon.colcon_core.package_identification[0m [1;30mDEBUG[0m [32mPackage 'src/moveit_r2_config' with type 'ros.ament_cmake' and name 'moveit_r2_config'[0m
[0.269s] [34mcolcon.colcon_core.package_identification[0m [1;30mLevel 1[0m _identify(src/moveit_resources) by extensions ['ignore', 'ignore_ament_install']
[0.269s] [34mcolcon.colcon_core.package_identification[0m [1;30mLevel 1[0m _identify(src/moveit_resources) by extension 'ignore'
[0.269s] [34mcolcon.colcon_core.package_identification[0m [1;30mLevel 1[0m _identify(src/moveit_resources) by extension 'ignore_ament_install'
[0.269s] [34mcolcon.colcon_core.package_identification[0m [1;30mLevel 1[0m _identify(src/moveit_resources) by extensions ['colcon_pkg']
[0.269s] [34mcolcon.colcon_core.package_identification[0m [1;30mLevel 1[0m _identify(src/moveit_resources) by extension 'colcon_pkg'
[0.269s] [34mcolcon.colcon_core.package_identification[0m [1;30mLevel 1[0m _identify(src/moveit_resources) by extensions ['colcon_meta']
[0.269s] [34mcolcon.colcon_core.package_identification[0m [1;30mLevel 1[0m _identify(src/moveit_resources) by extension 'colcon_meta'
[0.270s] [34mcolcon.colcon_core.package_identification[0m [1;30mLevel 1[0m _identify(src/moveit_resources) by extensions ['ros']
[0.270s] [34mcolcon.colcon_core.package_identification[0m [1;30mLevel 1[0m _identify(src/moveit_resources) by extension 'ros'
[0.270s] [34mcolcon.colcon_core.package_identification[0m [1;30mLevel 1[0m _identify(src/moveit_resources) by extensions ['cmake', 'python']
[0.270s] [34mcolcon.colcon_core.package_identification[0m [1;30mLevel 1[0m _identify(src/moveit_resources) by extension 'cmake'
[0.270s] [34mcolcon.colcon_core.package_identification[0m [1;30mLevel 1[0m _identify(src/moveit_resources) by extension 'python'
[0.270s] [34mcolcon.colcon_core.package_identification[0m [1;30mLevel 1[0m _identify(src/moveit_resources) by extensions ['python_setup_py']
[0.270s] [34mcolcon.colcon_core.package_identification[0m [1;30mLevel 1[0m _identify(src/moveit_resources) by extension 'python_setup_py'
[0.270s] [34mcolcon.colcon_core.package_identification[0m [1;30mLevel 1[0m _identify(src/moveit_resources/fanuc_description) by extensions ['ignore', 'ignore_ament_install']
[0.270s] [34mcolcon.colcon_core.package_identification[0m [1;30mLevel 1[0m _identify(src/moveit_resources/fanuc_description) by extension 'ignore'
[0.270s] [34mcolcon.colcon_core.package_identification[0m [1;30mLevel 1[0m _identify(src/moveit_resources/fanuc_description) by extension 'ignore_ament_install'
[0.270s] [34mcolcon.colcon_core.package_identification[0m [1;30mLevel 1[0m _identify(src/moveit_resources/fanuc_description) by extensions ['colcon_pkg']
[0.270s] [34mcolcon.colcon_core.package_identification[0m [1;30mLevel 1[0m _identify(src/moveit_resources/fanuc_description) by extension 'colcon_pkg'
[0.270s] [34mcolcon.colcon_core.package_identification[0m [1;30mLevel 1[0m _identify(src/moveit_resources/fanuc_description) by extensions ['colcon_meta']
[0.270s] [34mcolcon.colcon_core.package_identification[0m [1;30mLevel 1[0m _identify(src/moveit_resources/fanuc_description) by extension 'colcon_meta'
[0.270s] [34mcolcon.colcon_core.package_identification[0m [1;30mLevel 1[0m _identify(src/moveit_resources/fanuc_description) by extensions ['ros']
[0.270s] [34mcolcon.colcon_core.package_identification[0m [1;30mLevel 1[0m _identify(src/moveit_resources/fanuc_description) by extension 'ros'
[0.270s] [34mcolcon.colcon_core.package_identification[0m [1;30mDEBUG[0m [32mPackage 'src/moveit_resources/fanuc_description' with type 'ros.ament_cmake' and name 'moveit_resources_fanuc_description'[0m
[0.270s] [34mcolcon.colcon_core.package_identification[0m [1;30mLevel 1[0m _identify(src/moveit_resources/fanuc_moveit_config) by extensions ['ignore', 'ignore_ament_install']
[0.270s] [34mcolcon.colcon_core.package_identification[0m [1;30mLevel 1[0m _identify(src/moveit_resources/fanuc_moveit_config) by extension 'ignore'
[0.271s] [34mcolcon.colcon_core.package_identification[0m [1;30mLevel 1[0m _identify(src/moveit_resources/fanuc_moveit_config) by extension 'ignore_ament_install'
[0.271s] [34mcolcon.colcon_core.package_identification[0m [1;30mLevel 1[0m _identify(src/moveit_resources/fanuc_moveit_config) by extensions ['colcon_pkg']
[0.271s] [34mcolcon.colcon_core.package_identification[0m [1;30mLevel 1[0m _identify(src/moveit_resources/fanuc_moveit_config) by extension 'colcon_pkg'
[0.271s] [34mcolcon.colcon_core.package_identification[0m [1;30mLevel 1[0m _identify(src/moveit_resources/fanuc_moveit_config) by extensions ['colcon_meta']
[0.271s] [34mcolcon.colcon_core.package_identification[0m [1;30mLevel 1[0m _identify(src/moveit_resources/fanuc_moveit_config) by extension 'colcon_meta'
[0.271s] [34mcolcon.colcon_core.package_identification[0m [1;30mLevel 1[0m _identify(src/moveit_resources/fanuc_moveit_config) by extensions ['ros']
[0.271s] [34mcolcon.colcon_core.package_identification[0m [1;30mLevel 1[0m _identify(src/moveit_resources/fanuc_moveit_config) by extension 'ros'
[0.271s] [34mcolcon.colcon_core.package_identification[0m [1;30mDEBUG[0m [32mPackage 'src/moveit_resources/fanuc_moveit_config' with type 'ros.ament_cmake' and name 'moveit_resources_fanuc_moveit_config'[0m
[0.271s] [34mcolcon.colcon_core.package_identification[0m [1;30mLevel 1[0m _identify(src/moveit_resources/moveit_resources) by extensions ['ignore', 'ignore_ament_install']
[0.271s] [34mcolcon.colcon_core.package_identification[0m [1;30mLevel 1[0m _identify(src/moveit_resources/moveit_resources) by extension 'ignore'
[0.271s] [34mcolcon.colcon_core.package_identification[0m [1;30mLevel 1[0m _identify(src/moveit_resources/moveit_resources) by extension 'ignore_ament_install'
[0.271s] [34mcolcon.colcon_core.package_identification[0m [1;30mLevel 1[0m _identify(src/moveit_resources/moveit_resources) by extensions ['colcon_pkg']
[0.271s] [34mcolcon.colcon_core.package_identification[0m [1;30mLevel 1[0m _identify(src/moveit_resources/moveit_resources) by extension 'colcon_pkg'
[0.271s] [34mcolcon.colcon_core.package_identification[0m [1;30mLevel 1[0m _identify(src/moveit_resources/moveit_resources) by extensions ['colcon_meta']
[0.271s] [34mcolcon.colcon_core.package_identification[0m [1;30mLevel 1[0m _identify(src/moveit_resources/moveit_resources) by extension 'colcon_meta'
[0.271s] [34mcolcon.colcon_core.package_identification[0m [1;30mLevel 1[0m _identify(src/moveit_resources/moveit_resources) by extensions ['ros']
[0.271s] [34mcolcon.colcon_core.package_identification[0m [1;30mLevel 1[0m _identify(src/moveit_resources/moveit_resources) by extension 'ros'
[0.272s] [34mcolcon.colcon_core.package_identification[0m [1;30mDEBUG[0m [32mPackage 'src/moveit_resources/moveit_resources' with type 'ros.ament_cmake' and name 'moveit_resources'[0m
[0.272s] [34mcolcon.colcon_core.package_identification[0m [1;30mLevel 1[0m _identify(src/moveit_resources/panda_description) by extensions ['ignore', 'ignore_ament_install']
[0.272s] [34mcolcon.colcon_core.package_identification[0m [1;30mLevel 1[0m _identify(src/moveit_resources/panda_description) by extension 'ignore'
[0.272s] [34mcolcon.colcon_core.package_identification[0m [1;30mLevel 1[0m _identify(src/moveit_resources/panda_description) by extension 'ignore_ament_install'
[0.272s] [34mcolcon.colcon_core.package_identification[0m [1;30mLevel 1[0m _identify(src/moveit_resources/panda_description) by extensions ['colcon_pkg']
[0.272s] [34mcolcon.colcon_core.package_identification[0m [1;30mLevel 1[0m _identify(src/moveit_resources/panda_description) by extension 'colcon_pkg'
[0.272s] [34mcolcon.colcon_core.package_identification[0m [1;30mLevel 1[0m _identify(src/moveit_resources/panda_description) by extensions ['colcon_meta']
[0.272s] [34mcolcon.colcon_core.package_identification[0m [1;30mLevel 1[0m _identify(src/moveit_resources/panda_description) by extension 'colcon_meta'
[0.272s] [34mcolcon.colcon_core.package_identification[0m [1;30mLevel 1[0m _identify(src/moveit_resources/panda_description) by extensions ['ros']
[0.272s] [34mcolcon.colcon_core.package_identification[0m [1;30mLevel 1[0m _identify(src/moveit_resources/panda_description) by extension 'ros'
[0.273s] [34mcolcon.colcon_core.package_identification[0m [1;30mDEBUG[0m [32mPackage 'src/moveit_resources/panda_description' with type 'ros.ament_cmake' and name 'moveit_resources_panda_description'[0m
[0.273s] [34mcolcon.colcon_core.package_identification[0m [1;30mLevel 1[0m _identify(src/moveit_resources/panda_moveit_config) by extensions ['ignore', 'ignore_ament_install']
[0.273s] [34mcolcon.colcon_core.package_identification[0m [1;30mLevel 1[0m _identify(src/moveit_resources/panda_moveit_config) by extension 'ignore'
[0.273s] [34mcolcon.colcon_core.package_identification[0m [1;30mLevel 1[0m _identify(src/moveit_resources/panda_moveit_config) by extension 'ignore_ament_install'
[0.273s] [34mcolcon.colcon_core.package_identification[0m [1;30mLevel 1[0m _identify(src/moveit_resources/panda_moveit_config) by extensions ['colcon_pkg']
[0.273s] [34mcolcon.colcon_core.package_identification[0m [1;30mLevel 1[0m _identify(src/moveit_resources/panda_moveit_config) by extension 'colcon_pkg'
[0.273s] [34mcolcon.colcon_core.package_identification[0m [1;30mLevel 1[0m _identify(src/moveit_resources/panda_moveit_config) by extensions ['colcon_meta']
[0.273s] [34mcolcon.colcon_core.package_identification[0m [1;30mLevel 1[0m _identify(src/moveit_resources/panda_moveit_config) by extension 'colcon_meta'
[0.273s] [34mcolcon.colcon_core.package_identification[0m [1;30mLevel 1[0m _identify(src/moveit_resources/panda_moveit_config) by extensions ['ros']
[0.273s] [34mcolcon.colcon_core.package_identification[0m [1;30mLevel 1[0m _identify(src/moveit_resources/panda_moveit_config) by extension 'ros'
[0.273s] [34mcolcon.colcon_core.package_identification[0m [1;30mDEBUG[0m [32mPackage 'src/moveit_resources/panda_moveit_config' with type 'ros.ament_cmake' and name 'moveit_resources_panda_moveit_config'[0m
[0.273s] [34mcolcon.colcon_core.package_identification[0m [1;30mLevel 1[0m _identify(src/moveit_resources/pr2_description) by extensions ['ignore', 'ignore_ament_install']
[0.273s] [34mcolcon.colcon_core.package_identification[0m [1;30mLevel 1[0m _identify(src/moveit_resources/pr2_description) by extension 'ignore'
[0.273s] [34mcolcon.colcon_core.package_identification[0m [1;30mLevel 1[0m _identify(src/moveit_resources/pr2_description) by extension 'ignore_ament_install'
[0.273s] [34mcolcon.colcon_core.package_identification[0m [1;30mLevel 1[0m _identify(src/moveit_resources/pr2_description) by extensions ['colcon_pkg']
[0.273s] [34mcolcon.colcon_core.package_identification[0m [1;30mLevel 1[0m _identify(src/moveit_resources/pr2_description) by extension 'colcon_pkg'
[0.273s] [34mcolcon.colcon_core.package_identification[0m [1;30mLevel 1[0m _identify(src/moveit_resources/pr2_description) by extensions ['colcon_meta']
[0.273s] [34mcolcon.colcon_core.package_identification[0m [1;30mLevel 1[0m _identify(src/moveit_resources/pr2_description) by extension 'colcon_meta'
[0.273s] [34mcolcon.colcon_core.package_identification[0m [1;30mLevel 1[0m _identify(src/moveit_resources/pr2_description) by extensions ['ros']
[0.274s] [34mcolcon.colcon_core.package_identification[0m [1;30mLevel 1[0m _identify(src/moveit_resources/pr2_description) by extension 'ros'
[0.274s] [34mcolcon.colcon_core.package_identification[0m [1;30mDEBUG[0m [32mPackage 'src/moveit_resources/pr2_description' with type 'ros.ament_cmake' and name 'moveit_resources_pr2_description'[0m
[0.274s] [34mcolcon.colcon_core.package_identification[0m [1;30mLevel 1[0m _identify(src/moveit_task_constructor) by extensions ['ignore', 'ignore_ament_install']
[0.274s] [34mcolcon.colcon_core.package_identification[0m [1;30mLevel 1[0m _identify(src/moveit_task_constructor) by extension 'ignore'
[0.274s] [34mcolcon.colcon_core.package_identification[0m [1;30mLevel 1[0m _identify(src/moveit_task_constructor) by extension 'ignore_ament_install'
[0.274s] [34mcolcon.colcon_core.package_identification[0m [1;30mLevel 1[0m _identify(src/moveit_task_constructor) by extensions ['colcon_pkg']
[0.274s] [34mcolcon.colcon_core.package_identification[0m [1;30mLevel 1[0m _identify(src/moveit_task_constructor) by extension 'colcon_pkg'
[0.274s] [34mcolcon.colcon_core.package_identification[0m [1;30mLevel 1[0m _identify(src/moveit_task_constructor) by extensions ['colcon_meta']
[0.274s] [34mcolcon.colcon_core.package_identification[0m [1;30mLevel 1[0m _identify(src/moveit_task_constructor) by extension 'colcon_meta'
[0.274s] [34mcolcon.colcon_core.package_identification[0m [1;30mLevel 1[0m _identify(src/moveit_task_constructor) by extensions ['ros']
[0.274s] [34mcolcon.colcon_core.package_identification[0m [1;30mLevel 1[0m _identify(src/moveit_task_constructor) by extension 'ros'
[0.274s] [34mcolcon.colcon_core.package_identification[0m [1;30mLevel 1[0m _identify(src/moveit_task_constructor) by extensions ['cmake', 'python']
[0.274s] [34mcolcon.colcon_core.package_identification[0m [1;30mLevel 1[0m _identify(src/moveit_task_constructor) by extension 'cmake'
[0.274s] [34mcolcon.colcon_core.package_identification[0m [1;30mLevel 1[0m _identify(src/moveit_task_constructor) by extension 'python'
[0.274s] [34mcolcon.colcon_core.package_identification[0m [1;30mLevel 1[0m _identify(src/moveit_task_constructor) by extensions ['python_setup_py']
[0.274s] [34mcolcon.colcon_core.package_identification[0m [1;30mLevel 1[0m _identify(src/moveit_task_constructor) by extension 'python_setup_py'
[0.274s] [34mcolcon.colcon_core.package_identification[0m [1;30mLevel 1[0m _identify(src/moveit_task_constructor/capabilities) by extensions ['ignore', 'ignore_ament_install']
[0.274s] [34mcolcon.colcon_core.package_identification[0m [1;30mLevel 1[0m _identify(src/moveit_task_constructor/capabilities) by extension 'ignore'
[0.274s] [34mcolcon.colcon_core.package_identification[0m [1;30mLevel 1[0m _identify(src/moveit_task_constructor/capabilities) by extension 'ignore_ament_install'
[0.274s] [34mcolcon.colcon_core.package_identification[0m [1;30mLevel 1[0m _identify(src/moveit_task_constructor/capabilities) by extensions ['colcon_pkg']
[0.274s] [34mcolcon.colcon_core.package_identification[0m [1;30mLevel 1[0m _identify(src/moveit_task_constructor/capabilities) by extension 'colcon_pkg'
[0.274s] [34mcolcon.colcon_core.package_identification[0m [1;30mLevel 1[0m _identify(src/moveit_task_constructor/capabilities) by extensions ['colcon_meta']
[0.274s] [34mcolcon.colcon_core.package_identification[0m [1;30mLevel 1[0m _identify(src/moveit_task_constructor/capabilities) by extension 'colcon_meta'
[0.274s] [34mcolcon.colcon_core.package_identification[0m [1;30mLevel 1[0m _identify(src/moveit_task_constructor/capabilities) by extensions ['ros']
[0.275s] [34mcolcon.colcon_core.package_identification[0m [1;30mLevel 1[0m _identify(src/moveit_task_constructor/capabilities) by extension 'ros'
[0.275s] [34mcolcon.colcon_core.package_identification[0m [1;30mDEBUG[0m [32mPackage 'src/moveit_task_constructor/capabilities' with type 'ros.ament_cmake' and name 'moveit_task_constructor_capabilities'[0m
[0.275s] [34mcolcon.colcon_core.package_identification[0m [1;30mLevel 1[0m _identify(src/moveit_task_constructor/core) by extensions ['ignore', 'ignore_ament_install']
[0.275s] [34mcolcon.colcon_core.package_identification[0m [1;30mLevel 1[0m _identify(src/moveit_task_constructor/core) by extension 'ignore'
[0.275s] [34mcolcon.colcon_core.package_identification[0m [1;30mLevel 1[0m _identify(src/moveit_task_constructor/core) by extension 'ignore_ament_install'
[0.275s] [34mcolcon.colcon_core.package_identification[0m [1;30mLevel 1[0m _identify(src/moveit_task_constructor/core) by extensions ['colcon_pkg']
[0.275s] [34mcolcon.colcon_core.package_identification[0m [1;30mLevel 1[0m _identify(src/moveit_task_constructor/core) by extension 'colcon_pkg'
[0.275s] [34mcolcon.colcon_core.package_identification[0m [1;30mLevel 1[0m _identify(src/moveit_task_constructor/core) by extensions ['colcon_meta']
[0.275s] [34mcolcon.colcon_core.package_identification[0m [1;30mLevel 1[0m _identify(src/moveit_task_constructor/core) by extension 'colcon_meta'
[0.275s] [34mcolcon.colcon_core.package_identification[0m [1;30mLevel 1[0m _identify(src/moveit_task_constructor/core) by extensions ['ros']
[0.275s] [34mcolcon.colcon_core.package_identification[0m [1;30mLevel 1[0m _identify(src/moveit_task_constructor/core) by extension 'ros'
[0.276s] [34mcolcon.colcon_core.package_identification[0m [1;30mDEBUG[0m [32mPackage 'src/moveit_task_constructor/core' with type 'ros.ament_cmake' and name 'moveit_task_constructor_core'[0m
[0.276s] [34mcolcon.colcon_core.package_identification[0m [1;30mLevel 1[0m _identify(src/moveit_task_constructor/demo) by extensions ['ignore', 'ignore_ament_install']
[0.276s] [34mcolcon.colcon_core.package_identification[0m [1;30mLevel 1[0m _identify(src/moveit_task_constructor/demo) by extension 'ignore'
[0.276s] [34mcolcon.colcon_core.package_identification[0m [1;30mLevel 1[0m _identify(src/moveit_task_constructor/demo) by extension 'ignore_ament_install'
[0.277s] [34mcolcon.colcon_core.package_identification[0m [1;30mLevel 1[0m _identify(src/moveit_task_constructor/demo) by extensions ['colcon_pkg']
[0.277s] [34mcolcon.colcon_core.package_identification[0m [1;30mLevel 1[0m _identify(src/moveit_task_constructor/demo) by extension 'colcon_pkg'
[0.277s] [34mcolcon.colcon_core.package_identification[0m [1;30mLevel 1[0m _identify(src/moveit_task_constructor/demo) by extensions ['colcon_meta']
[0.277s] [34mcolcon.colcon_core.package_identification[0m [1;30mLevel 1[0m _identify(src/moveit_task_constructor/demo) by extension 'colcon_meta'
[0.277s] [34mcolcon.colcon_core.package_identification[0m [1;30mLevel 1[0m _identify(src/moveit_task_constructor/demo) by extensions ['ros']
[0.277s] [34mcolcon.colcon_core.package_identification[0m [1;30mLevel 1[0m _identify(src/moveit_task_constructor/demo) by extension 'ros'
[0.277s] [34mcolcon.colcon_core.package_identification[0m [1;30mDEBUG[0m [32mPackage 'src/moveit_task_constructor/demo' with type 'ros.ament_cmake' and name 'moveit_task_constructor_demo'[0m
[0.277s] [34mcolcon.colcon_core.package_identification[0m [1;30mLevel 1[0m _identify(src/moveit_task_constructor/msgs) by extensions ['ignore', 'ignore_ament_install']
[0.277s] [34mcolcon.colcon_core.package_identification[0m [1;30mLevel 1[0m _identify(src/moveit_task_constructor/msgs) by extension 'ignore'
[0.277s] [34mcolcon.colcon_core.package_identification[0m [1;30mLevel 1[0m _identify(src/moveit_task_constructor/msgs) by extension 'ignore_ament_install'
[0.277s] [34mcolcon.colcon_core.package_identification[0m [1;30mLevel 1[0m _identify(src/moveit_task_constructor/msgs) by extensions ['colcon_pkg']
[0.277s] [34mcolcon.colcon_core.package_identification[0m [1;30mLevel 1[0m _identify(src/moveit_task_constructor/msgs) by extension 'colcon_pkg'
[0.277s] [34mcolcon.colcon_core.package_identification[0m [1;30mLevel 1[0m _identify(src/moveit_task_constructor/msgs) by extensions ['colcon_meta']
[0.277s] [34mcolcon.colcon_core.package_identification[0m [1;30mLevel 1[0m _identify(src/moveit_task_constructor/msgs) by extension 'colcon_meta'
[0.277s] [34mcolcon.colcon_core.package_identification[0m [1;30mLevel 1[0m _identify(src/moveit_task_constructor/msgs) by extensions ['ros']
[0.277s] [34mcolcon.colcon_core.package_identification[0m [1;30mLevel 1[0m _identify(src/moveit_task_constructor/msgs) by extension 'ros'
[0.278s] [34mcolcon.colcon_core.package_identification[0m [1;30mDEBUG[0m [32mPackage 'src/moveit_task_constructor/msgs' with type 'ros.ament_cmake' and name 'moveit_task_constructor_msgs'[0m
[0.278s] [34mcolcon.colcon_core.package_identification[0m [1;30mLevel 1[0m _identify(src/moveit_task_constructor/rviz_marker_tools) by extensions ['ignore', 'ignore_ament_install']
[0.278s] [34mcolcon.colcon_core.package_identification[0m [1;30mLevel 1[0m _identify(src/moveit_task_constructor/rviz_marker_tools) by extension 'ignore'
[0.278s] [34mcolcon.colcon_core.package_identification[0m [1;30mLevel 1[0m _identify(src/moveit_task_constructor/rviz_marker_tools) by extension 'ignore_ament_install'
[0.278s] [34mcolcon.colcon_core.package_identification[0m [1;30mLevel 1[0m _identify(src/moveit_task_constructor/rviz_marker_tools) by extensions ['colcon_pkg']
[0.278s] [34mcolcon.colcon_core.package_identification[0m [1;30mLevel 1[0m _identify(src/moveit_task_constructor/rviz_marker_tools) by extension 'colcon_pkg'
[0.278s] [34mcolcon.colcon_core.package_identification[0m [1;30mLevel 1[0m _identify(src/moveit_task_constructor/rviz_marker_tools) by extensions ['colcon_meta']
[0.278s] [34mcolcon.colcon_core.package_identification[0m [1;30mLevel 1[0m _identify(src/moveit_task_constructor/rviz_marker_tools) by extension 'colcon_meta'
[0.278s] [34mcolcon.colcon_core.package_identification[0m [1;30mLevel 1[0m _identify(src/moveit_task_constructor/rviz_marker_tools) by extensions ['ros']
[0.278s] [34mcolcon.colcon_core.package_identification[0m [1;30mLevel 1[0m _identify(src/moveit_task_constructor/rviz_marker_tools) by extension 'ros'
[0.279s] [34mcolcon.colcon_core.package_identification[0m [1;30mDEBUG[0m [32mPackage 'src/moveit_task_constructor/rviz_marker_tools' with type 'ros.ament_cmake' and name 'rviz_marker_tools'[0m
[0.279s] [34mcolcon.colcon_core.package_identification[0m [1;30mLevel 1[0m _identify(src/moveit_task_constructor/visualization) by extensions ['ignore', 'ignore_ament_install']
[0.279s] [34mcolcon.colcon_core.package_identification[0m [1;30mLevel 1[0m _identify(src/moveit_task_constructor/visualization) by extension 'ignore'
[0.279s] [34mcolcon.colcon_core.package_identification[0m [1;30mLevel 1[0m _identify(src/moveit_task_constructor/visualization) by extension 'ignore_ament_install'
[0.279s] [34mcolcon.colcon_core.package_identification[0m [1;30mLevel 1[0m _identify(src/moveit_task_constructor/visualization) by extensions ['colcon_pkg']
[0.279s] [34mcolcon.colcon_core.package_identification[0m [1;30mLevel 1[0m _identify(src/moveit_task_constructor/visualization) by extension 'colcon_pkg'
[0.279s] [34mcolcon.colcon_core.package_identification[0m [1;30mLevel 1[0m _identify(src/moveit_task_constructor/visualization) by extensions ['colcon_meta']
[0.279s] [34mcolcon.colcon_core.package_identification[0m [1;30mLevel 1[0m _identify(src/moveit_task_constructor/visualization) by extension 'colcon_meta'
[0.279s] [34mcolcon.colcon_core.package_identification[0m [1;30mLevel 1[0m _identify(src/moveit_task_constructor/visualization) by extensions ['ros']
[0.279s] [34mcolcon.colcon_core.package_identification[0m [1;30mLevel 1[0m _identify(src/moveit_task_constructor/visualization) by extension 'ros'
[0.280s] [34mcolcon.colcon_core.package_identification[0m [1;30mDEBUG[0m [32mPackage 'src/moveit_task_constructor/visualization' with type 'ros.ament_cmake' and name 'moveit_task_constructor_visualization'[0m
[0.280s] [34mcolcon.colcon_core.package_identification[0m [1;30mLevel 1[0m _identify(src/moveit_visual_tools) by extensions ['ignore', 'ignore_ament_install']
[0.280s] [34mcolcon.colcon_core.package_identification[0m [1;30mLevel 1[0m _identify(src/moveit_visual_tools) by extension 'ignore'
[0.280s] [34mcolcon.colcon_core.package_identification[0m [1;30mLevel 1[0m _identify(src/moveit_visual_tools) by extension 'ignore_ament_install'
[0.280s] [34mcolcon.colcon_core.package_identification[0m [1;30mLevel 1[0m _identify(src/moveit_visual_tools) by extensions ['colcon_pkg']
[0.280s] [34mcolcon.colcon_core.package_identification[0m [1;30mLevel 1[0m _identify(src/moveit_visual_tools) by extension 'colcon_pkg'
[0.280s] [34mcolcon.colcon_core.package_identification[0m [1;30mLevel 1[0m _identify(src/moveit_visual_tools) by extensions ['colcon_meta']
[0.280s] [34mcolcon.colcon_core.package_identification[0m [1;30mLevel 1[0m _identify(src/moveit_visual_tools) by extension 'colcon_meta'
[0.280s] [34mcolcon.colcon_core.package_identification[0m [1;30mLevel 1[0m _identify(src/moveit_visual_tools) by extensions ['ros']
[0.280s] [34mcolcon.colcon_core.package_identification[0m [1;30mLevel 1[0m _identify(src/moveit_visual_tools) by extension 'ros'
[0.281s] [34mcolcon.colcon_core.package_identification[0m [1;30mDEBUG[0m [32mPackage 'src/moveit_visual_tools' with type 'ros.ament_cmake' and name 'moveit_visual_tools'[0m
[0.281s] [34mcolcon.colcon_core.package_identification[0m [1;30mLevel 1[0m _identify(src/nhk_bt) by extensions ['ignore', 'ignore_ament_install']
[0.281s] [34mcolcon.colcon_core.package_identification[0m [1;30mLevel 1[0m _identify(src/nhk_bt) by extension 'ignore'
[0.281s] [34mcolcon.colcon_core.package_identification[0m [1;30mLevel 1[0m _identify(src/nhk_bt) by extension 'ignore_ament_install'
[0.281s] [34mcolcon.colcon_core.package_identification[0m [1;30mLevel 1[0m _identify(src/nhk_bt) by extensions ['colcon_pkg']
[0.281s] [34mcolcon.colcon_core.package_identification[0m [1;30mLevel 1[0m _identify(src/nhk_bt) by extension 'colcon_pkg'
[0.281s] [34mcolcon.colcon_core.package_identification[0m [1;30mLevel 1[0m _identify(src/nhk_bt) by extensions ['colcon_meta']
[0.281s] [34mcolcon.colcon_core.package_identification[0m [1;30mLevel 1[0m _identify(src/nhk_bt) by extension 'colcon_meta'
[0.281s] [34mcolcon.colcon_core.package_identification[0m [1;30mLevel 1[0m _identify(src/nhk_bt) by extensions ['ros']
[0.281s] [34mcolcon.colcon_core.package_identification[0m [1;30mLevel 1[0m _identify(src/nhk_bt) by extension 'ros'
[0.282s] [34mcolcon.colcon_core.package_identification[0m [1;30mDEBUG[0m [32mPackage 'src/nhk_bt' with type 'ros.ament_cmake' and name 'nhk_bt'[0m
[0.282s] [34mcolcon.colcon_core.package_identification[0m [1;30mLevel 1[0m _identify(src/r2_odrive) by extensions ['ignore', 'ignore_ament_install']
[0.282s] [34mcolcon.colcon_core.package_identification[0m [1;30mLevel 1[0m _identify(src/r2_odrive) by extension 'ignore'
[0.282s] [34mcolcon.colcon_core.package_identification[0m [1;30mLevel 1[0m _identify(src/r2_odrive) by extension 'ignore_ament_install'
[0.282s] [34mcolcon.colcon_core.package_identification[0m [1;30mLevel 1[0m _identify(src/r2_odrive) by extensions ['colcon_pkg']
[0.282s] [34mcolcon.colcon_core.package_identification[0m [1;30mLevel 1[0m _identify(src/r2_odrive) by extension 'colcon_pkg'
[0.282s] [34mcolcon.colcon_core.package_identification[0m [1;30mLevel 1[0m _identify(src/r2_odrive) by extensions ['colcon_meta']
[0.282s] [34mcolcon.colcon_core.package_identification[0m [1;30mLevel 1[0m _identify(src/r2_odrive) by extension 'colcon_meta'
[0.282s] [34mcolcon.colcon_core.package_identification[0m [1;30mLevel 1[0m _identify(src/r2_odrive) by extensions ['ros']
[0.282s] [34mcolcon.colcon_core.package_identification[0m [1;30mLevel 1[0m _identify(src/r2_odrive) by extension 'ros'
[0.282s] [34mcolcon.colcon_core.package_identification[0m [1;30mDEBUG[0m [32mPackage 'src/r2_odrive' with type 'ros.ament_python' and name 'r2_odrive'[0m
[0.282s] [34mcolcon.colcon_core.package_identification[0m [1;30mLevel 1[0m _identify(src/rogidrive) by extensions ['ignore', 'ignore_ament_install']
[0.282s] [34mcolcon.colcon_core.package_identification[0m [1;30mLevel 1[0m _identify(src/rogidrive) by extension 'ignore'
[0.282s] [34mcolcon.colcon_core.package_identification[0m [1;30mLevel 1[0m _identify(src/rogidrive) by extension 'ignore_ament_install'
[0.282s] [34mcolcon.colcon_core.package_identification[0m [1;30mLevel 1[0m _identify(src/rogidrive) by extensions ['colcon_pkg']
[0.282s] [34mcolcon.colcon_core.package_identification[0m [1;30mLevel 1[0m _identify(src/rogidrive) by extension 'colcon_pkg'
[0.282s] [34mcolcon.colcon_core.package_identification[0m [1;30mLevel 1[0m _identify(src/rogidrive) by extensions ['colcon_meta']
[0.283s] [34mcolcon.colcon_core.package_identification[0m [1;30mLevel 1[0m _identify(src/rogidrive) by extension 'colcon_meta'
[0.283s] [34mcolcon.colcon_core.package_identification[0m [1;30mLevel 1[0m _identify(src/rogidrive) by extensions ['ros']
[0.283s] [34mcolcon.colcon_core.package_identification[0m [1;30mLevel 1[0m _identify(src/rogidrive) by extension 'ros'
[0.283s] [34mcolcon.colcon_core.package_identification[0m [1;30mLevel 1[0m _identify(src/rogidrive) by extensions ['cmake', 'python']
[0.283s] [34mcolcon.colcon_core.package_identification[0m [1;30mLevel 1[0m _identify(src/rogidrive) by extension 'cmake'
[0.283s] [34mcolcon.colcon_core.package_identification[0m [1;30mLevel 1[0m _identify(src/rogidrive) by extension 'python'
[0.283s] [34mcolcon.colcon_core.package_identification[0m [1;30mLevel 1[0m _identify(src/rogidrive) by extensions ['python_setup_py']
[0.283s] [34mcolcon.colcon_core.package_identification[0m [1;30mLevel 1[0m _identify(src/rogidrive) by extension 'python_setup_py'
[0.283s] [34mcolcon.colcon_core.package_identification[0m [1;30mLevel 1[0m _identify(src/rogidrive/rogidrive) by extensions ['ignore', 'ignore_ament_install']
[0.283s] [34mcolcon.colcon_core.package_identification[0m [1;30mLevel 1[0m _identify(src/rogidrive/rogidrive) by extension 'ignore'
[0.283s] [34mcolcon.colcon_core.package_identification[0m [1;30mLevel 1[0m _identify(src/rogidrive/rogidrive) by extension 'ignore_ament_install'
[0.283s] [34mcolcon.colcon_core.package_identification[0m [1;30mLevel 1[0m _identify(src/rogidrive/rogidrive) by extensions ['colcon_pkg']
[0.283s] [34mcolcon.colcon_core.package_identification[0m [1;30mLevel 1[0m _identify(src/rogidrive/rogidrive) by extension 'colcon_pkg'
[0.283s] [34mcolcon.colcon_core.package_identification[0m [1;30mLevel 1[0m _identify(src/rogidrive/rogidrive) by extensions ['colcon_meta']
[0.283s] [34mcolcon.colcon_core.package_identification[0m [1;30mLevel 1[0m _identify(src/rogidrive/rogidrive) by extension 'colcon_meta'
[0.283s] [34mcolcon.colcon_core.package_identification[0m [1;30mLevel 1[0m _identify(src/rogidrive/rogidrive) by extensions ['ros']
[0.283s] [34mcolcon.colcon_core.package_identification[0m [1;30mLevel 1[0m _identify(src/rogidrive/rogidrive) by extension 'ros'
[0.283s] [34mcolcon.colcon_core.package_identification[0m [1;30mDEBUG[0m [32mPackage 'src/rogidrive/rogidrive' with type 'ros.ament_python' and name 'rogidrive'[0m
[0.283s] [34mcolcon.colcon_core.package_identification[0m [1;30mLevel 1[0m _identify(src/rogidrive/rogidrive_msg) by extensions ['ignore', 'ignore_ament_install']
[0.283s] [34mcolcon.colcon_core.package_identification[0m [1;30mLevel 1[0m _identify(src/rogidrive/rogidrive_msg) by extension 'ignore'
[0.283s] [34mcolcon.colcon_core.package_identification[0m [1;30mLevel 1[0m _identify(src/rogidrive/rogidrive_msg) by extension 'ignore_ament_install'
[0.283s] [34mcolcon.colcon_core.package_identification[0m [1;30mLevel 1[0m _identify(src/rogidrive/rogidrive_msg) by extensions ['colcon_pkg']
[0.283s] [34mcolcon.colcon_core.package_identification[0m [1;30mLevel 1[0m _identify(src/rogidrive/rogidrive_msg) by extension 'colcon_pkg'
[0.284s] [34mcolcon.colcon_core.package_identification[0m [1;30mLevel 1[0m _identify(src/rogidrive/rogidrive_msg) by extensions ['colcon_meta']
[0.284s] [34mcolcon.colcon_core.package_identification[0m [1;30mLevel 1[0m _identify(src/rogidrive/rogidrive_msg) by extension 'colcon_meta'
[0.284s] [34mcolcon.colcon_core.package_identification[0m [1;30mLevel 1[0m _identify(src/rogidrive/rogidrive_msg) by extensions ['ros']
[0.284s] [34mcolcon.colcon_core.package_identification[0m [1;30mLevel 1[0m _identify(src/rogidrive/rogidrive_msg) by extension 'ros'
[0.284s] [34mcolcon.colcon_core.package_identification[0m [1;30mDEBUG[0m [32mPackage 'src/rogidrive/rogidrive_msg' with type 'ros.ament_cmake' and name 'rogidrive_msg'[0m
[0.284s] [34mcolcon.colcon_core.package_identification[0m [1;30mLevel 1[0m _identify(src/rosparam_shortcuts) by extensions ['ignore', 'ignore_ament_install']
[0.284s] [34mcolcon.colcon_core.package_identification[0m [1;30mLevel 1[0m _identify(src/rosparam_shortcuts) by extension 'ignore'
[0.284s] [34mcolcon.colcon_core.package_identification[0m [1;30mLevel 1[0m _identify(src/rosparam_shortcuts) by extension 'ignore_ament_install'
[0.284s] [34mcolcon.colcon_core.package_identification[0m [1;30mLevel 1[0m _identify(src/rosparam_shortcuts) by extensions ['colcon_pkg']
[0.284s] [34mcolcon.colcon_core.package_identification[0m [1;30mLevel 1[0m _identify(src/rosparam_shortcuts) by extension 'colcon_pkg'
[0.284s] [34mcolcon.colcon_core.package_identification[0m [1;30mLevel 1[0m _identify(src/rosparam_shortcuts) by extensions ['colcon_meta']
[0.284s] [34mcolcon.colcon_core.package_identification[0m [1;30mLevel 1[0m _identify(src/rosparam_shortcuts) by extension 'colcon_meta'
[0.284s] [34mcolcon.colcon_core.package_identification[0m [1;30mLevel 1[0m _identify(src/rosparam_shortcuts) by extensions ['ros']
[0.284s] [34mcolcon.colcon_core.package_identification[0m [1;30mLevel 1[0m _identify(src/rosparam_shortcuts) by extension 'ros'
[0.285s] [34mcolcon.colcon_core.package_identification[0m [1;30mDEBUG[0m [32mPackage 'src/rosparam_shortcuts' with type 'ros.ament_cmake' and name 'rosparam_shortcuts'[0m
[0.285s] [34mcolcon.colcon_core.package_identification[0m [1;30mLevel 1[0m _identify(src/sakai_r2_config) by extensions ['ignore', 'ignore_ament_install']
[0.285s] [34mcolcon.colcon_core.package_identification[0m [1;30mLevel 1[0m _identify(src/sakai_r2_config) by extension 'ignore'
[0.285s] [34mcolcon.colcon_core.package_identification[0m [1;30mLevel 1[0m _identify(src/sakai_r2_config) by extension 'ignore_ament_install'
[0.285s] [34mcolcon.colcon_core.package_identification[0m [1;30mLevel 1[0m _identify(src/sakai_r2_config) by extensions ['colcon_pkg']
[0.285s] [34mcolcon.colcon_core.package_identification[0m [1;30mLevel 1[0m _identify(src/sakai_r2_config) by extension 'colcon_pkg'
[0.285s] [34mcolcon.colcon_core.package_identification[0m [1;30mLevel 1[0m _identify(src/sakai_r2_config) by extensions ['colcon_meta']
[0.285s] [34mcolcon.colcon_core.package_identification[0m [1;30mLevel 1[0m _identify(src/sakai_r2_config) by extension 'colcon_meta'
[0.285s] [34mcolcon.colcon_core.package_identification[0m [1;30mLevel 1[0m _identify(src/sakai_r2_config) by extensions ['ros']
[0.285s] [34mcolcon.colcon_core.package_identification[0m [1;30mLevel 1[0m _identify(src/sakai_r2_config) by extension 'ros'
[0.285s] [34mcolcon.colcon_core.package_identification[0m [1;30mDEBUG[0m [32mPackage 'src/sakai_r2_config' with type 'ros.ament_cmake' and name 'sakai_r2_config'[0m
[0.285s] [34mcolcon.colcon_core.package_identification[0m [1;30mLevel 1[0m _identify(src/srdfdom) by extensions ['ignore', 'ignore_ament_install']
[0.286s] [34mcolcon.colcon_core.package_identification[0m [1;30mLevel 1[0m _identify(src/srdfdom) by extension 'ignore'
[0.286s] [34mcolcon.colcon_core.package_identification[0m [1;30mLevel 1[0m _identify(src/srdfdom) by extension 'ignore_ament_install'
[0.286s] [34mcolcon.colcon_core.package_identification[0m [1;30mLevel 1[0m _identify(src/srdfdom) by extensions ['colcon_pkg']
[0.286s] [34mcolcon.colcon_core.package_identification[0m [1;30mLevel 1[0m _identify(src/srdfdom) by extension 'colcon_pkg'
[0.286s] [34mcolcon.colcon_core.package_identification[0m [1;30mLevel 1[0m _identify(src/srdfdom) by extensions ['colcon_meta']
[0.286s] [34mcolcon.colcon_core.package_identification[0m [1;30mLevel 1[0m _identify(src/srdfdom) by extension 'colcon_meta'
[0.286s] [34mcolcon.colcon_core.package_identification[0m [1;30mLevel 1[0m _identify(src/srdfdom) by extensions ['ros']
[0.286s] [34mcolcon.colcon_core.package_identification[0m [1;30mLevel 1[0m _identify(src/srdfdom) by extension 'ros'
[0.286s] [34mcolcon.colcon_core.package_identification[0m [1;30mDEBUG[0m [32mPackage 'src/srdfdom' with type 'ros.ament_cmake' and name 'srdfdom'[0m
[0.286s] [34mcolcon.colcon_core.package_identification[0m [1;30mLevel 1[0m _identify(src/trac_ik) by extensions ['ignore', 'ignore_ament_install']
[0.286s] [34mcolcon.colcon_core.package_identification[0m [1;30mLevel 1[0m _identify(src/trac_ik) by extension 'ignore'
[0.286s] [34mcolcon.colcon_core.package_identification[0m [1;30mLevel 1[0m _identify(src/trac_ik) by extension 'ignore_ament_install'
[0.286s] [34mcolcon.colcon_core.package_identification[0m [1;30mLevel 1[0m _identify(src/trac_ik) by extensions ['colcon_pkg']
[0.286s] [34mcolcon.colcon_core.package_identification[0m [1;30mLevel 1[0m _identify(src/trac_ik) by extension 'colcon_pkg'
[0.286s] [34mcolcon.colcon_core.package_identification[0m [1;30mLevel 1[0m _identify(src/trac_ik) by extensions ['colcon_meta']
[0.286s] [34mcolcon.colcon_core.package_identification[0m [1;30mLevel 1[0m _identify(src/trac_ik) by extension 'colcon_meta'
[0.286s] [34mcolcon.colcon_core.package_identification[0m [1;30mLevel 1[0m _identify(src/trac_ik) by extensions ['ros']
[0.286s] [34mcolcon.colcon_core.package_identification[0m [1;30mLevel 1[0m _identify(src/trac_ik) by extension 'ros'
[0.286s] [34mcolcon.colcon_core.package_identification[0m [1;30mLevel 1[0m _identify(src/trac_ik) by extensions ['cmake', 'python']
[0.286s] [34mcolcon.colcon_core.package_identification[0m [1;30mLevel 1[0m _identify(src/trac_ik) by extension 'cmake'
[0.286s] [34mcolcon.colcon_core.package_identification[0m [1;30mLevel 1[0m _identify(src/trac_ik) by extension 'python'
[0.287s] [34mcolcon.colcon_core.package_identification[0m [1;30mLevel 1[0m _identify(src/trac_ik) by extensions ['python_setup_py']
[0.287s] [34mcolcon.colcon_core.package_identification[0m [1;30mLevel 1[0m _identify(src/trac_ik) by extension 'python_setup_py'
[0.287s] [34mcolcon.colcon_core.package_identification[0m [1;30mLevel 1[0m _identify(src/trac_ik/trac_ik) by extensions ['ignore', 'ignore_ament_install']
[0.287s] [34mcolcon.colcon_core.package_identification[0m [1;30mLevel 1[0m _identify(src/trac_ik/trac_ik) by extension 'ignore'
[0.287s] [34mcolcon.colcon_core.package_identification[0m [1;30mLevel 1[0m _identify(src/trac_ik/trac_ik) by extension 'ignore_ament_install'
[0.287s] [34mcolcon.colcon_core.package_identification[0m [1;30mLevel 1[0m _identify(src/trac_ik/trac_ik) by extensions ['colcon_pkg']
[0.287s] [34mcolcon.colcon_core.package_identification[0m [1;30mLevel 1[0m _identify(src/trac_ik/trac_ik) by extension 'colcon_pkg'
[0.287s] [34mcolcon.colcon_core.package_identification[0m [1;30mLevel 1[0m _identify(src/trac_ik/trac_ik) by extensions ['colcon_meta']
[0.287s] [34mcolcon.colcon_core.package_identification[0m [1;30mLevel 1[0m _identify(src/trac_ik/trac_ik) by extension 'colcon_meta'
[0.287s] [34mcolcon.colcon_core.package_identification[0m [1;30mLevel 1[0m _identify(src/trac_ik/trac_ik) by extensions ['ros']
[0.287s] [34mcolcon.colcon_core.package_identification[0m [1;30mLevel 1[0m _identify(src/trac_ik/trac_ik) by extension 'ros'
[0.287s] [34mcolcon.colcon_core.package_identification[0m [1;30mDEBUG[0m [32mPackage 'src/trac_ik/trac_ik' with type 'ros.ament_cmake' and name 'trac_ik'[0m
[0.287s] [34mcolcon.colcon_core.package_identification[0m [1;30mLevel 1[0m _identify(src/trac_ik/trac_ik_examples) by extensions ['ignore', 'ignore_ament_install']
[0.287s] [34mcolcon.colcon_core.package_identification[0m [1;30mLevel 1[0m _identify(src/trac_ik/trac_ik_examples) by extension 'ignore'
[0.287s] [34mcolcon.colcon_core.package_identification[0m [1;30mLevel 1[0m _identify(src/trac_ik/trac_ik_examples) ignored
[0.287s] [34mcolcon.colcon_core.package_identification[0m [1;30mLevel 1[0m _identify(src/trac_ik/trac_ik_kinematics_plugin) by extensions ['ignore', 'ignore_ament_install']
[0.287s] [34mcolcon.colcon_core.package_identification[0m [1;30mLevel 1[0m _identify(src/trac_ik/trac_ik_kinematics_plugin) by extension 'ignore'
[0.287s] [34mcolcon.colcon_core.package_identification[0m [1;30mLevel 1[0m _identify(src/trac_ik/trac_ik_kinematics_plugin) by extension 'ignore_ament_install'
[0.287s] [34mcolcon.colcon_core.package_identification[0m [1;30mLevel 1[0m _identify(src/trac_ik/trac_ik_kinematics_plugin) by extensions ['colcon_pkg']
[0.287s] [34mcolcon.colcon_core.package_identification[0m [1;30mLevel 1[0m _identify(src/trac_ik/trac_ik_kinematics_plugin) by extension 'colcon_pkg'
[0.287s] [34mcolcon.colcon_core.package_identification[0m [1;30mLevel 1[0m _identify(src/trac_ik/trac_ik_kinematics_plugin) by extensions ['colcon_meta']
[0.287s] [34mcolcon.colcon_core.package_identification[0m [1;30mLevel 1[0m _identify(src/trac_ik/trac_ik_kinematics_plugin) by extension 'colcon_meta'
[0.287s] [34mcolcon.colcon_core.package_identification[0m [1;30mLevel 1[0m _identify(src/trac_ik/trac_ik_kinematics_plugin) by extensions ['ros']
[0.287s] [34mcolcon.colcon_core.package_identification[0m [1;30mLevel 1[0m _identify(src/trac_ik/trac_ik_kinematics_plugin) by extension 'ros'
[0.288s] [34mcolcon.colcon_core.package_identification[0m [1;30mDEBUG[0m [32mPackage 'src/trac_ik/trac_ik_kinematics_plugin' with type 'ros.ament_cmake' and name 'trac_ik_kinematics_plugin'[0m
[0.288s] [34mcolcon.colcon_core.package_identification[0m [1;30mLevel 1[0m _identify(src/trac_ik/trac_ik_lib) by extensions ['ignore', 'ignore_ament_install']
[0.288s] [34mcolcon.colcon_core.package_identification[0m [1;30mLevel 1[0m _identify(src/trac_ik/trac_ik_lib) by extension 'ignore'
[0.288s] [34mcolcon.colcon_core.package_identification[0m [1;30mLevel 1[0m _identify(src/trac_ik/trac_ik_lib) by extension 'ignore_ament_install'
[0.288s] [34mcolcon.colcon_core.package_identification[0m [1;30mLevel 1[0m _identify(src/trac_ik/trac_ik_lib) by extensions ['colcon_pkg']
[0.288s] [34mcolcon.colcon_core.package_identification[0m [1;30mLevel 1[0m _identify(src/trac_ik/trac_ik_lib) by extension 'colcon_pkg'
[0.288s] [34mcolcon.colcon_core.package_identification[0m [1;30mLevel 1[0m _identify(src/trac_ik/trac_ik_lib) by extensions ['colcon_meta']
[0.288s] [34mcolcon.colcon_core.package_identification[0m [1;30mLevel 1[0m _identify(src/trac_ik/trac_ik_lib) by extension 'colcon_meta'
[0.288s] [34mcolcon.colcon_core.package_identification[0m [1;30mLevel 1[0m _identify(src/trac_ik/trac_ik_lib) by extensions ['ros']
[0.288s] [34mcolcon.colcon_core.package_identification[0m [1;30mLevel 1[0m _identify(src/trac_ik/trac_ik_lib) by extension 'ros'
[0.289s] [34mcolcon.colcon_core.package_identification[0m [1;30mDEBUG[0m [32mPackage 'src/trac_ik/trac_ik_lib' with type 'ros.ament_cmake' and name 'trac_ik_lib'[0m
[0.289s] [34mcolcon.colcon_core.package_identification[0m [1;30mLevel 1[0m _identify(src/trac_ik/trac_ik_python) by extensions ['ignore', 'ignore_ament_install']
[0.289s] [34mcolcon.colcon_core.package_identification[0m [1;30mLevel 1[0m _identify(src/trac_ik/trac_ik_python) by extension 'ignore'
[0.289s] [34mcolcon.colcon_core.package_identification[0m [1;30mLevel 1[0m _identify(src/trac_ik/trac_ik_python) ignored
[0.289s] [34mcolcon.colcon_core.package_discovery[0m [1;30mLevel 1[0m discover_packages(recursive) using defaults
[0.289s] [34mcolcon.colcon_core.package_discovery[0m [1;30mLevel 1[0m discover_packages(ignore) discover
[0.289s] [34mcolcon.colcon_core.package_discovery[0m [1;30mLevel 1[0m discover_packages(ignore) using defaults
[0.289s] [34mcolcon.colcon_core.package_discovery[0m [1;30mLevel 1[0m discover_packages(path) discover
[0.289s] [34mcolcon.colcon_core.package_discovery[0m [1;30mLevel 1[0m discover_packages(path) using defaults
[0.342s] [34mcolcon.colcon_core.package_discovery[0m [1;30mLevel 1[0m discover_packages(prefix_path) check parameters
[0.342s] [34mcolcon.colcon_core.package_discovery[0m [1;30mLevel 1[0m discover_packages(prefix_path) discover
[0.345s] [34mcolcon.colcon_installed_package_information.package_discovery[0m [1;30mDEBUG[0m [32mFound 75 installed packages in /home/a/ws_nhk/install[0m
[0.346s] [34mcolcon.colcon_installed_package_information.package_discovery[0m [1;30mDEBUG[0m [32mFound 1 installed packages in /home/a/install[0m
[0.346s] [34mcolcon.colcon_installed_package_information.package_discovery[0m [1;30mDEBUG[0m [32mFound 364 installed packages in /opt/ros/humble[0m
[0.348s] [34mcolcon.colcon_core.package_discovery[0m [1;30mLevel 1[0m discover_packages(prefix_path) using defaults
[0.373s] [34mcolcon.colcon_core.verb[0m [1;30mLevel 5[0m set package 'a_r2_description' build argument 'cmake_args' from command line to 'None'
[0.373s] [34mcolcon.colcon_core.verb[0m [1;30mLevel 5[0m set package 'a_r2_description' build argument 'cmake_target' from command line to 'None'
[0.373s] [34mcolcon.colcon_core.verb[0m [1;30mLevel 5[0m set package 'a_r2_description' build argument 'cmake_target_skip_unavailable' from command line to 'False'
[0.373s] [34mcolcon.colcon_core.verb[0m [1;30mLevel 5[0m set package 'a_r2_description' build argument 'cmake_clean_cache' from command line to 'False'
[0.373s] [34mcolcon.colcon_core.verb[0m [1;30mLevel 5[0m set package 'a_r2_description' build argument 'cmake_clean_first' from command line to 'False'
[0.373s] [34mcolcon.colcon_core.verb[0m [1;30mLevel 5[0m set package 'a_r2_description' build argument 'cmake_force_configure' from command line to 'False'
[0.373s] [34mcolcon.colcon_core.verb[0m [1;30mLevel 5[0m set package 'a_r2_description' build argument 'ament_cmake_args' from command line to 'None'
[0.373s] [34mcolcon.colcon_core.verb[0m [1;30mLevel 5[0m set package 'a_r2_description' build argument 'catkin_cmake_args' from command line to 'None'
[0.373s] [34mcolcon.colcon_core.verb[0m [1;30mLevel 5[0m set package 'a_r2_description' build argument 'catkin_skip_building_tests' from command line to 'False'
[0.374s] [34mcolcon.colcon_core.verb[0m [1;30mDEBUG[0m [32mBuilding package 'a_r2_description' with the following arguments: {'ament_cmake_args': None, 'build_base': '/home/a/ws_nhk/build/a_r2_description', 'catkin_cmake_args': None, 'catkin_skip_building_tests': False, 'cmake_args': None, 'cmake_clean_cache': False, 'cmake_clean_first': False, 'cmake_force_configure': False, 'cmake_target': None, 'cmake_target_skip_unavailable': False, 'install_base': '/home/a/ws_nhk/install/a_r2_description', 'merge_install': False, 'path': '/home/a/ws_nhk/src/a_r2_description-20251207T063721Z-3-001/a_r2_description', 'symlink_install': False, 'test_result_base': None}[0m
[0.374s] [34mcolcon.colcon_core.verb[0m [1;30mLevel 5[0m set package 'arm_module_description' build argument 'cmake_args' from command line to 'None'
[0.374s] [34mcolcon.colcon_core.verb[0m [1;30mLevel 5[0m set package 'arm_module_description' build argument 'cmake_target' from command line to 'None'
[0.374s] [34mcolcon.colcon_core.verb[0m [1;30mLevel 5[0m set package 'arm_module_description' build argument 'cmake_target_skip_unavailable' from command line to 'False'
[0.374s] [34mcolcon.colcon_core.verb[0m [1;30mLevel 5[0m set package 'arm_module_description' build argument 'cmake_clean_cache' from command line to 'False'
[0.374s] [34mcolcon.colcon_core.verb[0m [1;30mLevel 5[0m set package 'arm_module_description' build argument 'cmake_clean_first' from command line to 'False'
[0.374s] [34mcolcon.colcon_core.verb[0m [1;30mLevel 5[0m set package 'arm_module_description' build argument 'cmake_force_configure' from command line to 'False'
[0.374s] [34mcolcon.colcon_core.verb[0m [1;30mLevel 5[0m set package 'arm_module_description' build argument 'ament_cmake_args' from command line to 'None'
[0.374s] [34mcolcon.colcon_core.verb[0m [1;30mLevel 5[0m set package 'arm_module_description' build argument 'catkin_cmake_args' from command line to 'None'
[0.374s] [34mcolcon.colcon_core.verb[0m [1;30mLevel 5[0m set package 'arm_module_description' build argument 'catkin_skip_building_tests' from command line to 'False'
[0.374s] [34mcolcon.colcon_core.verb[0m [1;30mDEBUG[0m [32mBuilding package 'arm_module_description' with the following arguments: {'ament_cmake_args': None, 'build_base': '/home/a/ws_nhk/build/arm_module_description', 'catkin_cmake_args': None, 'catkin_skip_building_tests': False, 'cmake_args': None, 'cmake_clean_cache': False, 'cmake_clean_first': False, 'cmake_force_configure': False, 'cmake_target': None, 'cmake_target_skip_unavailable': False, 'install_base': '/home/a/ws_nhk/install/arm_module_description', 'merge_install': False, 'path': '/home/a/ws_nhk/src/arm_module_description-20251221T061328Z-3-001/arm_module_description', 'symlink_install': False, 'test_result_base': None}[0m
[0.374s] [34mcolcon.colcon_core.verb[0m [1;30mLevel 5[0m set package 'arm_v20_description' build argument 'cmake_args' from command line to 'None'
[0.374s] [34mcolcon.colcon_core.verb[0m [1;30mLevel 5[0m set package 'arm_v20_description' build argument 'cmake_target' from command line to 'None'
[0.374s] [34mcolcon.colcon_core.verb[0m [1;30mLevel 5[0m set package 'arm_v20_description' build argument 'cmake_target_skip_unavailable' from command line to 'False'
[0.374s] [34mcolcon.colcon_core.verb[0m [1;30mLevel 5[0m set package 'arm_v20_description' build argument 'cmake_clean_cache' from command line to 'False'
[0.374s] [34mcolcon.colcon_core.verb[0m [1;30mLevel 5[0m set package 'arm_v20_description' build argument 'cmake_clean_first' from command line to 'False'
[0.374s] [34mcolcon.colcon_core.verb[0m [1;30mLevel 5[0m set package 'arm_v20_description' build argument 'cmake_force_configure' from command line to 'False'
[0.374s] [34mcolcon.colcon_core.verb[0m [1;30mLevel 5[0m set package 'arm_v20_description' build argument 'ament_cmake_args' from command line to 'None'
[0.374s] [34mcolcon.colcon_core.verb[0m [1;30mLevel 5[0m set package 'arm_v20_description' build argument 'catkin_cmake_args' from command line to 'None'
[0.374s] [34mcolcon.colcon_core.verb[0m [1;30mLevel 5[0m set package 'arm_v20_description' build argument 'catkin_skip_building_tests' from command line to 'False'
[0.374s] [34mcolcon.colcon_core.verb[0m [1;30mDEBUG[0m [32mBuilding package 'arm_v20_description' with the following arguments: {'ament_cmake_args': None, 'build_base': '/home/a/ws_nhk/build/arm_v20_description', 'catkin_cmake_args': None, 'catkin_skip_building_tests': False, 'cmake_args': None, 'cmake_clean_cache': False, 'cmake_clean_first': False, 'cmake_force_configure': False, 'cmake_target': None, 'cmake_target_skip_unavailable': False, 'install_base': '/home/a/ws_nhk/install/arm_v20_description', 'merge_install': False, 'path': '/home/a/ws_nhk/src/arm_v20_description-20251026T114629Z-1-001/arm_v20_description', 'symlink_install': False, 'test_result_base': None}[0m
[0.374s] [34mcolcon.colcon_core.verb[0m [1;30mLevel 5[0m set package 'dynamixel_controller_client' build argument 'cmake_args' from command line to 'None'
[0.374s] [34mcolcon.colcon_core.verb[0m [1;30mLevel 5[0m set package 'dynamixel_controller_client' build argument 'cmake_target' from command line to 'None'
[0.374s] [34mcolcon.colcon_core.verb[0m [1;30mLevel 5[0m set package 'dynamixel_controller_client' build argument 'cmake_target_skip_unavailable' from command line to 'False'
[0.374s] [34mcolcon.colcon_core.verb[0m [1;30mLevel 5[0m set package 'dynamixel_controller_client' build argument 'cmake_clean_cache' from command line to 'False'
[0.374s] [34mcolcon.colcon_core.verb[0m [1;30mLevel 5[0m set package 'dynamixel_controller_client' build argument 'cmake_clean_first' from command line to 'False'
[0.374s] [34mcolcon.colcon_core.verb[0m [1;30mLevel 5[0m set package 'dynamixel_controller_client' build argument 'cmake_force_configure' from command line to 'False'
[0.374s] [34mcolcon.colcon_core.verb[0m [1;30mLevel 5[0m set package 'dynamixel_controller_client' build argument 'ament_cmake_args' from command line to 'None'
[0.374s] [34mcolcon.colcon_core.verb[0m [1;30mLevel 5[0m set package 'dynamixel_controller_client' build argument 'catkin_cmake_args' from command line to 'None'
[0.374s] [34mcolcon.colcon_core.verb[0m [1;30mLevel 5[0m set package 'dynamixel_controller_client' build argument 'catkin_skip_building_tests' from command line to 'False'
[0.374s] [34mcolcon.colcon_core.verb[0m [1;30mDEBUG[0m [32mBuilding package 'dynamixel_controller_client' with the following arguments: {'ament_cmake_args': None, 'build_base': '/home/a/ws_nhk/build/dynamixel_controller_client', 'catkin_cmake_args': None, 'catkin_skip_building_tests': False, 'cmake_args': None, 'cmake_clean_cache': False, 'cmake_clean_first': False, 'cmake_force_configure': False, 'cmake_target': None, 'cmake_target_skip_unavailable': False, 'install_base': '/home/a/ws_nhk/install/dynamixel_controller_client', 'merge_install': False, 'path': '/home/a/ws_nhk/src/dynamixel_ros2/dynamixel_controller_client', 'symlink_install': False, 'test_result_base': None}[0m
[0.375s] [34mcolcon.colcon_core.verb[0m [1;30mLevel 5[0m set package 'dynamixel_sdk' build argument 'cmake_args' from command line to 'None'
[0.375s] [34mcolcon.colcon_core.verb[0m [1;30mLevel 5[0m set package 'dynamixel_sdk' build argument 'cmake_target' from command line to 'None'
[0.375s] [34mcolcon.colcon_core.verb[0m [1;30mLevel 5[0m set package 'dynamixel_sdk' build argument 'cmake_target_skip_unavailable' from command line to 'False'
[0.375s] [34mcolcon.colcon_core.verb[0m [1;30mLevel 5[0m set package 'dynamixel_sdk' build argument 'cmake_clean_cache' from command line to 'False'
[0.375s] [34mcolcon.colcon_core.verb[0m [1;30mLevel 5[0m set package 'dynamixel_sdk' build argument 'cmake_clean_first' from command line to 'False'
[0.375s] [34mcolcon.colcon_core.verb[0m [1;30mLevel 5[0m set package 'dynamixel_sdk' build argument 'cmake_force_configure' from command line to 'False'
[0.375s] [34mcolcon.colcon_core.verb[0m [1;30mLevel 5[0m set package 'dynamixel_sdk' build argument 'ament_cmake_args' from command line to 'None'
[0.375s] [34mcolcon.colcon_core.verb[0m [1;30mLevel 5[0m set package 'dynamixel_sdk' build argument 'catkin_cmake_args' from command line to 'None'
[0.375s] [34mcolcon.colcon_core.verb[0m [1;30mLevel 5[0m set package 'dynamixel_sdk' build argument 'catkin_skip_building_tests' from command line to 'False'
[0.375s] [34mcolcon.colcon_core.verb[0m [1;30mDEBUG[0m [32mBuilding package 'dynamixel_sdk' with the following arguments: {'ament_cmake_args': None, 'build_base': '/home/a/ws_nhk/build/dynamixel_sdk', 'catkin_cmake_args': None, 'catkin_skip_building_tests': False, 'cmake_args': None, 'cmake_clean_cache': False, 'cmake_clean_first': False, 'cmake_force_configure': False, 'cmake_target': None, 'cmake_target_skip_unavailable': False, 'install_base': '/home/a/ws_nhk/install/dynamixel_sdk', 'merge_install': False, 'path': '/home/a/ws_nhk/src/dynamixel_ros2/DynamixelSDK/dynamixel_sdk', 'symlink_install': False, 'test_result_base': None}[0m
[0.375s] [34mcolcon.colcon_core.verb[0m [1;30mLevel 5[0m set package 'dynamixel_sdk_custom_interfaces' build argument 'cmake_args' from command line to 'None'
[0.375s] [34mcolcon.colcon_core.verb[0m [1;30mLevel 5[0m set package 'dynamixel_sdk_custom_interfaces' build argument 'cmake_target' from command line to 'None'
[0.375s] [34mcolcon.colcon_core.verb[0m [1;30mLevel 5[0m set package 'dynamixel_sdk_custom_interfaces' build argument 'cmake_target_skip_unavailable' from command line to 'False'
[0.375s] [34mcolcon.colcon_core.verb[0m [1;30mLevel 5[0m set package 'dynamixel_sdk_custom_interfaces' build argument 'cmake_clean_cache' from command line to 'False'
[0.375s] [34mcolcon.colcon_core.verb[0m [1;30mLevel 5[0m set package 'dynamixel_sdk_custom_interfaces' build argument 'cmake_clean_first' from command line to 'False'
[0.375s] [34mcolcon.colcon_core.verb[0m [1;30mLevel 5[0m set package 'dynamixel_sdk_custom_interfaces' build argument 'cmake_force_configure' from command line to 'False'
[0.375s] [34mcolcon.colcon_core.verb[0m [1;30mLevel 5[0m set package 'dynamixel_sdk_custom_interfaces' build argument 'ament_cmake_args' from command line to 'None'
[0.375s] [34mcolcon.colcon_core.verb[0m [1;30mLevel 5[0m set package 'dynamixel_sdk_custom_interfaces' build argument 'catkin_cmake_args' from command line to 'None'
[0.375s] [34mcolcon.colcon_core.verb[0m [1;30mLevel 5[0m set package 'dynamixel_sdk_custom_interfaces' build argument 'catkin_skip_building_tests' from command line to 'False'
[0.375s] [34mcolcon.colcon_core.verb[0m [1;30mDEBUG[0m [32mBuilding package 'dynamixel_sdk_custom_interfaces' with the following arguments: {'ament_cmake_args': None, 'build_base': '/home/a/ws_nhk/build/dynamixel_sdk_custom_interfaces', 'catkin_cmake_args': None, 'catkin_skip_building_tests': False, 'cmake_args': None, 'cmake_clean_cache': False, 'cmake_clean_first': False, 'cmake_force_configure': False, 'cmake_target': None, 'cmake_target_skip_unavailable': False, 'install_base': '/home/a/ws_nhk/install/dynamixel_sdk_custom_interfaces', 'merge_install': False, 'path': '/home/a/ws_nhk/src/dynamixel_ros2/DynamixelSDK/dynamixel_sdk_custom_interfaces', 'symlink_install': False, 'test_result_base': None}[0m
[0.375s] [34mcolcon.colcon_core.verb[0m [1;30mLevel 5[0m set package 'launch_param_builder' build argument 'cmake_args' from command line to 'None'
[0.375s] [34mcolcon.colcon_core.verb[0m [1;30mLevel 5[0m set package 'launch_param_builder' build argument 'cmake_target' from command line to 'None'
[0.375s] [34mcolcon.colcon_core.verb[0m [1;30mLevel 5[0m set package 'launch_param_builder' build argument 'cmake_target_skip_unavailable' from command line to 'False'
[0.375s] [34mcolcon.colcon_core.verb[0m [1;30mLevel 5[0m set package 'launch_param_builder' build argument 'cmake_clean_cache' from command line to 'False'
[0.375s] [34mcolcon.colcon_core.verb[0m [1;30mLevel 5[0m set package 'launch_param_builder' build argument 'cmake_clean_first' from command line to 'False'
[0.375s] [34mcolcon.colcon_core.verb[0m [1;30mLevel 5[0m set package 'launch_param_builder' build argument 'cmake_force_configure' from command line to 'False'
[0.375s] [34mcolcon.colcon_core.verb[0m [1;30mLevel 5[0m set package 'launch_param_builder' build argument 'ament_cmake_args' from command line to 'None'
[0.375s] [34mcolcon.colcon_core.verb[0m [1;30mLevel 5[0m set package 'launch_param_builder' build argument 'catkin_cmake_args' from command line to 'None'
[0.375s] [34mcolcon.colcon_core.verb[0m [1;30mLevel 5[0m set package 'launch_param_builder' build argument 'catkin_skip_building_tests' from command line to 'False'
[0.375s] [34mcolcon.colcon_core.verb[0m [1;30mDEBUG[0m [32mBuilding package 'launch_param_builder' with the following arguments: {'ament_cmake_args': None, 'build_base': '/home/a/ws_nhk/build/launch_param_builder', 'catkin_cmake_args': None, 'catkin_skip_building_tests': False, 'cmake_args': None, 'cmake_clean_cache': False, 'cmake_clean_first': False, 'cmake_force_configure': False, 'cmake_target': None, 'cmake_target_skip_unavailable': False, 'install_base': '/home/a/ws_nhk/install/launch_param_builder', 'merge_install': False, 'path': '/home/a/ws_nhk/src/launch_param_builder', 'symlink_install': False, 'test_result_base': None}[0m
[0.376s] [34mcolcon.colcon_core.verb[0m [1;30mLevel 5[0m set package 'moveit_common' build argument 'cmake_args' from command line to 'None'
[0.376s] [34mcolcon.colcon_core.verb[0m [1;30mLevel 5[0m set package 'moveit_common' build argument 'cmake_target' from command line to 'None'
[0.376s] [34mcolcon.colcon_core.verb[0m [1;30mLevel 5[0m set package 'moveit_common' build argument 'cmake_target_skip_unavailable' from command line to 'False'
[0.376s] [34mcolcon.colcon_core.verb[0m [1;30mLevel 5[0m set package 'moveit_common' build argument 'cmake_clean_cache' from command line to 'False'
[0.376s] [34mcolcon.colcon_core.verb[0m [1;30mLevel 5[0m set package 'moveit_common' build argument 'cmake_clean_first' from command line to 'False'
[0.376s] [34mcolcon.colcon_core.verb[0m [1;30mLevel 5[0m set package 'moveit_common' build argument 'cmake_force_configure' from command line to 'False'
[0.376s] [34mcolcon.colcon_core.verb[0m [1;30mLevel 5[0m set package 'moveit_common' build argument 'ament_cmake_args' from command line to 'None'
[0.376s] [34mcolcon.colcon_core.verb[0m [1;30mLevel 5[0m set package 'moveit_common' build argument 'catkin_cmake_args' from command line to 'None'
[0.376s] [34mcolcon.colcon_core.verb[0m [1;30mLevel 5[0m set package 'moveit_common' build argument 'catkin_skip_building_tests' from command line to 'False'
[0.376s] [34mcolcon.colcon_core.verb[0m [1;30mDEBUG[0m [32mBuilding package 'moveit_common' with the following arguments: {'ament_cmake_args': None, 'build_base': '/home/a/ws_nhk/build/moveit_common', 'catkin_cmake_args': None, 'catkin_skip_building_tests': False, 'cmake_args': None, 'cmake_clean_cache': False, 'cmake_clean_first': False, 'cmake_force_configure': False, 'cmake_target': None, 'cmake_target_skip_unavailable': False, 'install_base': '/home/a/ws_nhk/install/moveit_common', 'merge_install': False, 'path': '/home/a/ws_nhk/src/moveit2/moveit_common', 'symlink_install': False, 'test_result_base': None}[0m
[0.376s] [34mcolcon.colcon_core.verb[0m [1;30mLevel 5[0m set package 'moveit_resources_fanuc_description' build argument 'cmake_args' from command line to 'None'
[0.376s] [34mcolcon.colcon_core.verb[0m [1;30mLevel 5[0m set package 'moveit_resources_fanuc_description' build argument 'cmake_target' from command line to 'None'
[0.376s] [34mcolcon.colcon_core.verb[0m [1;30mLevel 5[0m set package 'moveit_resources_fanuc_description' build argument 'cmake_target_skip_unavailable' from command line to 'False'
[0.376s] [34mcolcon.colcon_core.verb[0m [1;30mLevel 5[0m set package 'moveit_resources_fanuc_description' build argument 'cmake_clean_cache' from command line to 'False'
[0.376s] [34mcolcon.colcon_core.verb[0m [1;30mLevel 5[0m set package 'moveit_resources_fanuc_description' build argument 'cmake_clean_first' from command line to 'False'
[0.376s] [34mcolcon.colcon_core.verb[0m [1;30mLevel 5[0m set package 'moveit_resources_fanuc_description' build argument 'cmake_force_configure' from command line to 'False'
[0.376s] [34mcolcon.colcon_core.verb[0m [1;30mLevel 5[0m set package 'moveit_resources_fanuc_description' build argument 'ament_cmake_args' from command line to 'None'
[0.376s] [34mcolcon.colcon_core.verb[0m [1;30mLevel 5[0m set package 'moveit_resources_fanuc_description' build argument 'catkin_cmake_args' from command line to 'None'
[0.376s] [34mcolcon.colcon_core.verb[0m [1;30mLevel 5[0m set package 'moveit_resources_fanuc_description' build argument 'catkin_skip_building_tests' from command line to 'False'
[0.376s] [34mcolcon.colcon_core.verb[0m [1;30mDEBUG[0m [32mBuilding package 'moveit_resources_fanuc_description' with the following arguments: {'ament_cmake_args': None, 'build_base': '/home/a/ws_nhk/build/moveit_resources_fanuc_description', 'catkin_cmake_args': None, 'catkin_skip_building_tests': False, 'cmake_args': None, 'cmake_clean_cache': False, 'cmake_clean_first': False, 'cmake_force_configure': False, 'cmake_target': None, 'cmake_target_skip_unavailable': False, 'install_base': '/home/a/ws_nhk/install/moveit_resources_fanuc_description', 'merge_install': False, 'path': '/home/a/ws_nhk/src/moveit_resources/fanuc_description', 'symlink_install': False, 'test_result_base': None}[0m
[0.376s] [34mcolcon.colcon_core.verb[0m [1;30mLevel 5[0m set package 'moveit_resources_panda_description' build argument 'cmake_args' from command line to 'None'
[0.376s] [34mcolcon.colcon_core.verb[0m [1;30mLevel 5[0m set package 'moveit_resources_panda_description' build argument 'cmake_target' from command line to 'None'
[0.376s] [34mcolcon.colcon_core.verb[0m [1;30mLevel 5[0m set package 'moveit_resources_panda_description' build argument 'cmake_target_skip_unavailable' from command line to 'False'
[0.376s] [34mcolcon.colcon_core.verb[0m [1;30mLevel 5[0m set package 'moveit_resources_panda_description' build argument 'cmake_clean_cache' from command line to 'False'
[0.376s] [34mcolcon.colcon_core.verb[0m [1;30mLevel 5[0m set package 'moveit_resources_panda_description' build argument 'cmake_clean_first' from command line to 'False'
[0.376s] [34mcolcon.colcon_core.verb[0m [1;30mLevel 5[0m set package 'moveit_resources_panda_description' build argument 'cmake_force_configure' from command line to 'False'
[0.376s] [34mcolcon.colcon_core.verb[0m [1;30mLevel 5[0m set package 'moveit_resources_panda_description' build argument 'ament_cmake_args' from command line to 'None'
[0.376s] [34mcolcon.colcon_core.verb[0m [1;30mLevel 5[0m set package 'moveit_resources_panda_description' build argument 'catkin_cmake_args' from command line to 'None'
[0.376s] [34mcolcon.colcon_core.verb[0m [1;30mLevel 5[0m set package 'moveit_resources_panda_description' build argument 'catkin_skip_building_tests' from command line to 'False'
[0.376s] [34mcolcon.colcon_core.verb[0m [1;30mDEBUG[0m [32mBuilding package 'moveit_resources_panda_description' with the following arguments: {'ament_cmake_args': None, 'build_base': '/home/a/ws_nhk/build/moveit_resources_panda_description', 'catkin_cmake_args': None, 'catkin_skip_building_tests': False, 'cmake_args': None, 'cmake_clean_cache': False, 'cmake_clean_first': False, 'cmake_force_configure': False, 'cmake_target': None, 'cmake_target_skip_unavailable': False, 'install_base': '/home/a/ws_nhk/install/moveit_resources_panda_description', 'merge_install': False, 'path': '/home/a/ws_nhk/src/moveit_resources/panda_description', 'symlink_install': False, 'test_result_base': None}[0m
[0.376s] [34mcolcon.colcon_core.verb[0m [1;30mLevel 5[0m set package 'moveit_resources_pr2_description' build argument 'cmake_args' from command line to 'None'
[0.376s] [34mcolcon.colcon_core.verb[0m [1;30mLevel 5[0m set package 'moveit_resources_pr2_description' build argument 'cmake_target' from command line to 'None'
[0.377s] [34mcolcon.colcon_core.verb[0m [1;30mLevel 5[0m set package 'moveit_resources_pr2_description' build argument 'cmake_target_skip_unavailable' from command line to 'False'
[0.377s] [34mcolcon.colcon_core.verb[0m [1;30mLevel 5[0m set package 'moveit_resources_pr2_description' build argument 'cmake_clean_cache' from command line to 'False'
[0.377s] [34mcolcon.colcon_core.verb[0m [1;30mLevel 5[0m set package 'moveit_resources_pr2_description' build argument 'cmake_clean_first' from command line to 'False'
[0.377s] [34mcolcon.colcon_core.verb[0m [1;30mLevel 5[0m set package 'moveit_resources_pr2_description' build argument 'cmake_force_configure' from command line to 'False'
[0.377s] [34mcolcon.colcon_core.verb[0m [1;30mLevel 5[0m set package 'moveit_resources_pr2_description' build argument 'ament_cmake_args' from command line to 'None'
[0.377s] [34mcolcon.colcon_core.verb[0m [1;30mLevel 5[0m set package 'moveit_resources_pr2_description' build argument 'catkin_cmake_args' from command line to 'None'
[0.377s] [34mcolcon.colcon_core.verb[0m [1;30mLevel 5[0m set package 'moveit_resources_pr2_description' build argument 'catkin_skip_building_tests' from command line to 'False'
[0.377s] [34mcolcon.colcon_core.verb[0m [1;30mDEBUG[0m [32mBuilding package 'moveit_resources_pr2_description' with the following arguments: {'ament_cmake_args': None, 'build_base': '/home/a/ws_nhk/build/moveit_resources_pr2_description', 'catkin_cmake_args': None, 'catkin_skip_building_tests': False, 'cmake_args': None, 'cmake_clean_cache': False, 'cmake_clean_first': False, 'cmake_force_configure': False, 'cmake_target': None, 'cmake_target_skip_unavailable': False, 'install_base': '/home/a/ws_nhk/install/moveit_resources_pr2_description', 'merge_install': False, 'path': '/home/a/ws_nhk/src/moveit_resources/pr2_description', 'symlink_install': False, 'test_result_base': None}[0m
[0.377s] [34mcolcon.colcon_core.verb[0m [1;30mLevel 5[0m set package 'moveit_resources_prbt_support' build argument 'cmake_args' from command line to 'None'
[0.377s] [34mcolcon.colcon_core.verb[0m [1;30mLevel 5[0m set package 'moveit_resources_prbt_support' build argument 'cmake_target' from command line to 'None'
[0.377s] [34mcolcon.colcon_core.verb[0m [1;30mLevel 5[0m set package 'moveit_resources_prbt_support' build argument 'cmake_target_skip_unavailable' from command line to 'False'
[0.377s] [34mcolcon.colcon_core.verb[0m [1;30mLevel 5[0m set package 'moveit_resources_prbt_support' build argument 'cmake_clean_cache' from command line to 'False'
[0.377s] [34mcolcon.colcon_core.verb[0m [1;30mLevel 5[0m set package 'moveit_resources_prbt_support' build argument 'cmake_clean_first' from command line to 'False'
[0.377s] [34mcolcon.colcon_core.verb[0m [1;30mLevel 5[0m set package 'moveit_resources_prbt_support' build argument 'cmake_force_configure' from command line to 'False'
[0.377s] [34mcolcon.colcon_core.verb[0m [1;30mLevel 5[0m set package 'moveit_resources_prbt_support' build argument 'ament_cmake_args' from command line to 'None'
[0.377s] [34mcolcon.colcon_core.verb[0m [1;30mLevel 5[0m set package 'moveit_resources_prbt_support' build argument 'catkin_cmake_args' from command line to 'None'
[0.377s] [34mcolcon.colcon_core.verb[0m [1;30mLevel 5[0m set package 'moveit_resources_prbt_support' build argument 'catkin_skip_building_tests' from command line to 'False'
[0.377s] [34mcolcon.colcon_core.verb[0m [1;30mDEBUG[0m [32mBuilding package 'moveit_resources_prbt_support' with the following arguments: {'ament_cmake_args': None, 'build_base': '/home/a/ws_nhk/build/moveit_resources_prbt_support', 'catkin_cmake_args': None, 'catkin_skip_building_tests': False, 'cmake_args': None, 'cmake_clean_cache': False, 'cmake_clean_first': False, 'cmake_force_configure': False, 'cmake_target': None, 'cmake_target_skip_unavailable': False, 'install_base': '/home/a/ws_nhk/install/moveit_resources_prbt_support', 'merge_install': False, 'path': '/home/a/ws_nhk/src/moveit2/moveit_planners/test_configs/prbt_support', 'symlink_install': False, 'test_result_base': None}[0m
[0.377s] [34mcolcon.colcon_core.verb[0m [1;30mLevel 5[0m set package 'moveit_task_constructor_msgs' build argument 'cmake_args' from command line to 'None'
[0.377s] [34mcolcon.colcon_core.verb[0m [1;30mLevel 5[0m set package 'moveit_task_constructor_msgs' build argument 'cmake_target' from command line to 'None'
[0.377s] [34mcolcon.colcon_core.verb[0m [1;30mLevel 5[0m set package 'moveit_task_constructor_msgs' build argument 'cmake_target_skip_unavailable' from command line to 'False'
[0.377s] [34mcolcon.colcon_core.verb[0m [1;30mLevel 5[0m set package 'moveit_task_constructor_msgs' build argument 'cmake_clean_cache' from command line to 'False'
[0.377s] [34mcolcon.colcon_core.verb[0m [1;30mLevel 5[0m set package 'moveit_task_constructor_msgs' build argument 'cmake_clean_first' from command line to 'False'
[0.377s] [34mcolcon.colcon_core.verb[0m [1;30mLevel 5[0m set package 'moveit_task_constructor_msgs' build argument 'cmake_force_configure' from command line to 'False'
[0.377s] [34mcolcon.colcon_core.verb[0m [1;30mLevel 5[0m set package 'moveit_task_constructor_msgs' build argument 'ament_cmake_args' from command line to 'None'
[0.377s] [34mcolcon.colcon_core.verb[0m [1;30mLevel 5[0m set package 'moveit_task_constructor_msgs' build argument 'catkin_cmake_args' from command line to 'None'
[0.377s] [34mcolcon.colcon_core.verb[0m [1;30mLevel 5[0m set package 'moveit_task_constructor_msgs' build argument 'catkin_skip_building_tests' from command line to 'False'
[0.377s] [34mcolcon.colcon_core.verb[0m [1;30mDEBUG[0m [32mBuilding package 'moveit_task_constructor_msgs' with the following arguments: {'ament_cmake_args': None, 'build_base': '/home/a/ws_nhk/build/moveit_task_constructor_msgs', 'catkin_cmake_args': None, 'catkin_skip_building_tests': False, 'cmake_args': None, 'cmake_clean_cache': False, 'cmake_clean_first': False, 'cmake_force_configure': False, 'cmake_target': None, 'cmake_target_skip_unavailable': False, 'install_base': '/home/a/ws_nhk/install/moveit_task_constructor_msgs', 'merge_install': False, 'path': '/home/a/ws_nhk/src/moveit_task_constructor/msgs', 'symlink_install': False, 'test_result_base': None}[0m
[0.377s] [34mcolcon.colcon_core.verb[0m [1;30mLevel 5[0m set package 'nhk_bt' build argument 'cmake_args' from command line to 'None'
[0.377s] [34mcolcon.colcon_core.verb[0m [1;30mLevel 5[0m set package 'nhk_bt' build argument 'cmake_target' from command line to 'None'
[0.377s] [34mcolcon.colcon_core.verb[0m [1;30mLevel 5[0m set package 'nhk_bt' build argument 'cmake_target_skip_unavailable' from command line to 'False'
[0.377s] [34mcolcon.colcon_core.verb[0m [1;30mLevel 5[0m set package 'nhk_bt' build argument 'cmake_clean_cache' from command line to 'False'
[0.377s] [34mcolcon.colcon_core.verb[0m [1;30mLevel 5[0m set package 'nhk_bt' build argument 'cmake_clean_first' from command line to 'False'
[0.377s] [34mcolcon.colcon_core.verb[0m [1;30mLevel 5[0m set package 'nhk_bt' build argument 'cmake_force_configure' from command line to 'False'
[0.377s] [34mcolcon.colcon_core.verb[0m [1;30mLevel 5[0m set package 'nhk_bt' build argument 'ament_cmake_args' from command line to 'None'
[0.377s] [34mcolcon.colcon_core.verb[0m [1;30mLevel 5[0m set package 'nhk_bt' build argument 'catkin_cmake_args' from command line to 'None'
[0.377s] [34mcolcon.colcon_core.verb[0m [1;30mLevel 5[0m set package 'nhk_bt' build argument 'catkin_skip_building_tests' from command line to 'False'
[0.377s] [34mcolcon.colcon_core.verb[0m [1;30mDEBUG[0m [32mBuilding package 'nhk_bt' with the following arguments: {'ament_cmake_args': None, 'build_base': '/home/a/ws_nhk/build/nhk_bt', 'catkin_cmake_args': None, 'catkin_skip_building_tests': False, 'cmake_args': None, 'cmake_clean_cache': False, 'cmake_clean_first': False, 'cmake_force_configure': False, 'cmake_target': None, 'cmake_target_skip_unavailable': False, 'install_base': '/home/a/ws_nhk/install/nhk_bt', 'merge_install': False, 'path': '/home/a/ws_nhk/src/nhk_bt', 'symlink_install': False, 'test_result_base': None}[0m
[0.378s] [34mcolcon.colcon_core.verb[0m [1;30mLevel 5[0m set package 'rogidrive_msg' build argument 'cmake_args' from command line to 'None'
[0.378s] [34mcolcon.colcon_core.verb[0m [1;30mLevel 5[0m set package 'rogidrive_msg' build argument 'cmake_target' from command line to 'None'
[0.378s] [34mcolcon.colcon_core.verb[0m [1;30mLevel 5[0m set package 'rogidrive_msg' build argument 'cmake_target_skip_unavailable' from command line to 'False'
[0.378s] [34mcolcon.colcon_core.verb[0m [1;30mLevel 5[0m set package 'rogidrive_msg' build argument 'cmake_clean_cache' from command line to 'False'
[0.378s] [34mcolcon.colcon_core.verb[0m [1;30mLevel 5[0m set package 'rogidrive_msg' build argument 'cmake_clean_first' from command line to 'False'
[0.378s] [34mcolcon.colcon_core.verb[0m [1;30mLevel 5[0m set package 'rogidrive_msg' build argument 'cmake_force_configure' from command line to 'False'
[0.378s] [34mcolcon.colcon_core.verb[0m [1;30mLevel 5[0m set package 'rogidrive_msg' build argument 'ament_cmake_args' from command line to 'None'
[0.378s] [34mcolcon.colcon_core.verb[0m [1;30mLevel 5[0m set package 'rogidrive_msg' build argument 'catkin_cmake_args' from command line to 'None'
[0.378s] [34mcolcon.colcon_core.verb[0m [1;30mLevel 5[0m set package 'rogidrive_msg' build argument 'catkin_skip_building_tests' from command line to 'False'
[0.378s] [34mcolcon.colcon_core.verb[0m [1;30mDEBUG[0m [32mBuilding package 'rogidrive_msg' with the following arguments: {'ament_cmake_args': None, 'build_base': '/home/a/ws_nhk/build/rogidrive_msg', 'catkin_cmake_args': None, 'catkin_skip_building_tests': False, 'cmake_args': None, 'cmake_clean_cache': False, 'cmake_clean_first': False, 'cmake_force_configure': False, 'cmake_target': None, 'cmake_target_skip_unavailable': False, 'install_base': '/home/a/ws_nhk/install/rogidrive_msg', 'merge_install': False, 'path': '/home/a/ws_nhk/src/rogidrive/rogidrive_msg', 'symlink_install': False, 'test_result_base': None}[0m
[0.378s] [34mcolcon.colcon_core.verb[0m [1;30mLevel 5[0m set package 'rosparam_shortcuts' build argument 'cmake_args' from command line to 'None'
[0.378s] [34mcolcon.colcon_core.verb[0m [1;30mLevel 5[0m set package 'rosparam_shortcuts' build argument 'cmake_target' from command line to 'None'
[0.378s] [34mcolcon.colcon_core.verb[0m [1;30mLevel 5[0m set package 'rosparam_shortcuts' build argument 'cmake_target_skip_unavailable' from command line to 'False'
[0.378s] [34mcolcon.colcon_core.verb[0m [1;30mLevel 5[0m set package 'rosparam_shortcuts' build argument 'cmake_clean_cache' from command line to 'False'
[0.378s] [34mcolcon.colcon_core.verb[0m [1;30mLevel 5[0m set package 'rosparam_shortcuts' build argument 'cmake_clean_first' from command line to 'False'
[0.378s] [34mcolcon.colcon_core.verb[0m [1;30mLevel 5[0m set package 'rosparam_shortcuts' build argument 'cmake_force_configure' from command line to 'False'
[0.378s] [34mcolcon.colcon_core.verb[0m [1;30mLevel 5[0m set package 'rosparam_shortcuts' build argument 'ament_cmake_args' from command line to 'None'
[0.378s] [34mcolcon.colcon_core.verb[0m [1;30mLevel 5[0m set package 'rosparam_shortcuts' build argument 'catkin_cmake_args' from command line to 'None'
[0.378s] [34mcolcon.colcon_core.verb[0m [1;30mLevel 5[0m set package 'rosparam_shortcuts' build argument 'catkin_skip_building_tests' from command line to 'False'
[0.378s] [34mcolcon.colcon_core.verb[0m [1;30mDEBUG[0m [32mBuilding package 'rosparam_shortcuts' with the following arguments: {'ament_cmake_args': None, 'build_base': '/home/a/ws_nhk/build/rosparam_shortcuts', 'catkin_cmake_args': None, 'catkin_skip_building_tests': False, 'cmake_args': None, 'cmake_clean_cache': False, 'cmake_clean_first': False, 'cmake_force_configure': False, 'cmake_target': None, 'cmake_target_skip_unavailable': False, 'install_base': '/home/a/ws_nhk/install/rosparam_shortcuts', 'merge_install': False, 'path': '/home/a/ws_nhk/src/rosparam_shortcuts', 'symlink_install': False, 'test_result_base': None}[0m
[0.378s] [34mcolcon.colcon_core.verb[0m [1;30mLevel 5[0m set package 'srdfdom' build argument 'cmake_args' from command line to 'None'
[0.378s] [34mcolcon.colcon_core.verb[0m [1;30mLevel 5[0m set package 'srdfdom' build argument 'cmake_target' from command line to 'None'
[0.378s] [34mcolcon.colcon_core.verb[0m [1;30mLevel 5[0m set package 'srdfdom' build argument 'cmake_target_skip_unavailable' from command line to 'False'
[0.378s] [34mcolcon.colcon_core.verb[0m [1;30mLevel 5[0m set package 'srdfdom' build argument 'cmake_clean_cache' from command line to 'False'
[0.378s] [34mcolcon.colcon_core.verb[0m [1;30mLevel 5[0m set package 'srdfdom' build argument 'cmake_clean_first' from command line to 'False'
[0.378s] [34mcolcon.colcon_core.verb[0m [1;30mLevel 5[0m set package 'srdfdom' build argument 'cmake_force_configure' from command line to 'False'
[0.378s] [34mcolcon.colcon_core.verb[0m [1;30mLevel 5[0m set package 'srdfdom' build argument 'ament_cmake_args' from command line to 'None'
[0.378s] [34mcolcon.colcon_core.verb[0m [1;30mLevel 5[0m set package 'srdfdom' build argument 'catkin_cmake_args' from command line to 'None'
[0.378s] [34mcolcon.colcon_core.verb[0m [1;30mLevel 5[0m set package 'srdfdom' build argument 'catkin_skip_building_tests' from command line to 'False'
[0.378s] [34mcolcon.colcon_core.verb[0m [1;30mDEBUG[0m [32mBuilding package 'srdfdom' with the following arguments: {'ament_cmake_args': None, 'build_base': '/home/a/ws_nhk/build/srdfdom', 'catkin_cmake_args': None, 'catkin_skip_building_tests': False, 'cmake_args': None, 'cmake_clean_cache': False, 'cmake_clean_first': False, 'cmake_force_configure': False, 'cmake_target': None, 'cmake_target_skip_unavailable': False, 'install_base': '/home/a/ws_nhk/install/srdfdom', 'merge_install': False, 'path': '/home/a/ws_nhk/src/srdfdom', 'symlink_install': False, 'test_result_base': None}[0m
[0.379s] [34mcolcon.colcon_core.verb[0m [1;30mLevel 5[0m set package 'stm32_mavlink_msgs' build argument 'cmake_args' from command line to 'None'
[0.379s] [34mcolcon.colcon_core.verb[0m [1;30mLevel 5[0m set package 'stm32_mavlink_msgs' build argument 'cmake_target' from command line to 'None'
[0.379s] [34mcolcon.colcon_core.verb[0m [1;30mLevel 5[0m set package 'stm32_mavlink_msgs' build argument 'cmake_target_skip_unavailable' from command line to 'False'
[0.379s] [34mcolcon.colcon_core.verb[0m [1;30mLevel 5[0m set package 'stm32_mavlink_msgs' build argument 'cmake_clean_cache' from command line to 'False'
[0.379s] [34mcolcon.colcon_core.verb[0m [1;30mLevel 5[0m set package 'stm32_mavlink_msgs' build argument 'cmake_clean_first' from command line to 'False'
[0.379s] [34mcolcon.colcon_core.verb[0m [1;30mLevel 5[0m set package 'stm32_mavlink_msgs' build argument 'cmake_force_configure' from command line to 'False'
[0.379s] [34mcolcon.colcon_core.verb[0m [1;30mLevel 5[0m set package 'stm32_mavlink_msgs' build argument 'ament_cmake_args' from command line to 'None'
[0.379s] [34mcolcon.colcon_core.verb[0m [1;30mLevel 5[0m set package 'stm32_mavlink_msgs' build argument 'catkin_cmake_args' from command line to 'None'
[0.379s] [34mcolcon.colcon_core.verb[0m [1;30mLevel 5[0m set package 'stm32_mavlink_msgs' build argument 'catkin_skip_building_tests' from command line to 'False'
[0.379s] [34mcolcon.colcon_core.verb[0m [1;30mDEBUG[0m [32mBuilding package 'stm32_mavlink_msgs' with the following arguments: {'ament_cmake_args': None, 'build_base': '/home/a/ws_nhk/build/stm32_mavlink_msgs', 'catkin_cmake_args': None, 'catkin_skip_building_tests': False, 'cmake_args': None, 'cmake_clean_cache': False, 'cmake_clean_first': False, 'cmake_force_configure': False, 'cmake_target': None, 'cmake_target_skip_unavailable': False, 'install_base': '/home/a/ws_nhk/install/stm32_mavlink_msgs', 'merge_install': False, 'path': '/home/a/ws_nhk/src/MAVLink_ros2/stm32_mavlink_msgs', 'symlink_install': False, 'test_result_base': None}[0m
[0.379s] [34mcolcon.colcon_core.verb[0m [1;30mLevel 5[0m set package 'trac_ik_lib' build argument 'cmake_args' from command line to 'None'
[0.379s] [34mcolcon.colcon_core.verb[0m [1;30mLevel 5[0m set package 'trac_ik_lib' build argument 'cmake_target' from command line to 'None'
[0.379s] [34mcolcon.colcon_core.verb[0m [1;30mLevel 5[0m set package 'trac_ik_lib' build argument 'cmake_target_skip_unavailable' from command line to 'False'
[0.379s] [34mcolcon.colcon_core.verb[0m [1;30mLevel 5[0m set package 'trac_ik_lib' build argument 'cmake_clean_cache' from command line to 'False'
[0.379s] [34mcolcon.colcon_core.verb[0m [1;30mLevel 5[0m set package 'trac_ik_lib' build argument 'cmake_clean_first' from command line to 'False'
[0.379s] [34mcolcon.colcon_core.verb[0m [1;30mLevel 5[0m set package 'trac_ik_lib' build argument 'cmake_force_configure' from command line to 'False'
[0.379s] [34mcolcon.colcon_core.verb[0m [1;30mLevel 5[0m set package 'trac_ik_lib' build argument 'ament_cmake_args' from command line to 'None'
[0.379s] [34mcolcon.colcon_core.verb[0m [1;30mLevel 5[0m set package 'trac_ik_lib' build argument 'catkin_cmake_args' from command line to 'None'
[0.379s] [34mcolcon.colcon_core.verb[0m [1;30mLevel 5[0m set package 'trac_ik_lib' build argument 'catkin_skip_building_tests' from command line to 'False'
[0.379s] [34mcolcon.colcon_core.verb[0m [1;30mDEBUG[0m [32mBuilding package 'trac_ik_lib' with the following arguments: {'ament_cmake_args': None, 'build_base': '/home/a/ws_nhk/build/trac_ik_lib', 'catkin_cmake_args': None, 'catkin_skip_building_tests': False, 'cmake_args': None, 'cmake_clean_cache': False, 'cmake_clean_first': False, 'cmake_force_configure': False, 'cmake_target': None, 'cmake_target_skip_unavailable': False, 'install_base': '/home/a/ws_nhk/install/trac_ik_lib', 'merge_install': False, 'path': '/home/a/ws_nhk/src/trac_ik/trac_ik_lib', 'symlink_install': False, 'test_result_base': None}[0m
[0.379s] [34mcolcon.colcon_core.verb[0m [1;30mLevel 5[0m set package 'dynamixel_controller' build argument 'cmake_args' from command line to 'None'
[0.379s] [34mcolcon.colcon_core.verb[0m [1;30mLevel 5[0m set package 'dynamixel_controller' build argument 'cmake_target' from command line to 'None'
[0.379s] [34mcolcon.colcon_core.verb[0m [1;30mLevel 5[0m set package 'dynamixel_controller' build argument 'cmake_target_skip_unavailable' from command line to 'False'
[0.379s] [34mcolcon.colcon_core.verb[0m [1;30mLevel 5[0m set package 'dynamixel_controller' build argument 'cmake_clean_cache' from command line to 'False'
[0.379s] [34mcolcon.colcon_core.verb[0m [1;30mLevel 5[0m set package 'dynamixel_controller' build argument 'cmake_clean_first' from command line to 'False'
[0.379s] [34mcolcon.colcon_core.verb[0m [1;30mLevel 5[0m set package 'dynamixel_controller' build argument 'cmake_force_configure' from command line to 'False'
[0.379s] [34mcolcon.colcon_core.verb[0m [1;30mLevel 5[0m set package 'dynamixel_controller' build argument 'ament_cmake_args' from command line to 'None'
[0.379s] [34mcolcon.colcon_core.verb[0m [1;30mLevel 5[0m set package 'dynamixel_controller' build argument 'catkin_cmake_args' from command line to 'None'
[0.379s] [34mcolcon.colcon_core.verb[0m [1;30mLevel 5[0m set package 'dynamixel_controller' build argument 'catkin_skip_building_tests' from command line to 'False'
[0.379s] [34mcolcon.colcon_core.verb[0m [1;30mDEBUG[0m [32mBuilding package 'dynamixel_controller' with the following arguments: {'ament_cmake_args': None, 'build_base': '/home/a/ws_nhk/build/dynamixel_controller', 'catkin_cmake_args': None, 'catkin_skip_building_tests': False, 'cmake_args': None, 'cmake_clean_cache': False, 'cmake_clean_first': False, 'cmake_force_configure': False, 'cmake_target': None, 'cmake_target_skip_unavailable': False, 'install_base': '/home/a/ws_nhk/install/dynamixel_controller', 'merge_install': False, 'path': '/home/a/ws_nhk/src/dynamixel_ros2/dynamixel_controller', 'symlink_install': False, 'test_result_base': None}[0m
[0.379s] [34mcolcon.colcon_core.verb[0m [1;30mLevel 5[0m set package 'dynamixel_sdk_examples' build argument 'cmake_args' from command line to 'None'
[0.379s] [34mcolcon.colcon_core.verb[0m [1;30mLevel 5[0m set package 'dynamixel_sdk_examples' build argument 'cmake_target' from command line to 'None'
[0.379s] [34mcolcon.colcon_core.verb[0m [1;30mLevel 5[0m set package 'dynamixel_sdk_examples' build argument 'cmake_target_skip_unavailable' from command line to 'False'
[0.380s] [34mcolcon.colcon_core.verb[0m [1;30mLevel 5[0m set package 'dynamixel_sdk_examples' build argument 'cmake_clean_cache' from command line to 'False'
[0.380s] [34mcolcon.colcon_core.verb[0m [1;30mLevel 5[0m set package 'dynamixel_sdk_examples' build argument 'cmake_clean_first' from command line to 'False'
[0.380s] [34mcolcon.colcon_core.verb[0m [1;30mLevel 5[0m set package 'dynamixel_sdk_examples' build argument 'cmake_force_configure' from command line to 'False'
[0.380s] [34mcolcon.colcon_core.verb[0m [1;30mLevel 5[0m set package 'dynamixel_sdk_examples' build argument 'ament_cmake_args' from command line to 'None'
[0.380s] [34mcolcon.colcon_core.verb[0m [1;30mLevel 5[0m set package 'dynamixel_sdk_examples' build argument 'catkin_cmake_args' from command line to 'None'
[0.380s] [34mcolcon.colcon_core.verb[0m [1;30mLevel 5[0m set package 'dynamixel_sdk_examples' build argument 'catkin_skip_building_tests' from command line to 'False'
[0.380s] [34mcolcon.colcon_core.verb[0m [1;30mDEBUG[0m [32mBuilding package 'dynamixel_sdk_examples' with the following arguments: {'ament_cmake_args': None, 'build_base': '/home/a/ws_nhk/build/dynamixel_sdk_examples', 'catkin_cmake_args': None, 'catkin_skip_building_tests': False, 'cmake_args': None, 'cmake_clean_cache': False, 'cmake_clean_first': False, 'cmake_force_configure': False, 'cmake_target': None, 'cmake_target_skip_unavailable': False, 'install_base': '/home/a/ws_nhk/install/dynamixel_sdk_examples', 'merge_install': False, 'path': '/home/a/ws_nhk/src/dynamixel_ros2/DynamixelSDK/dynamixel_sdk_examples', 'symlink_install': False, 'test_result_base': None}[0m
[0.380s] [34mcolcon.colcon_core.verb[0m [1;30mLevel 5[0m set package 'moveit_configs_utils' build argument 'cmake_args' from command line to 'None'
[0.380s] [34mcolcon.colcon_core.verb[0m [1;30mLevel 5[0m set package 'moveit_configs_utils' build argument 'cmake_target' from command line to 'None'
[0.380s] [34mcolcon.colcon_core.verb[0m [1;30mLevel 5[0m set package 'moveit_configs_utils' build argument 'cmake_target_skip_unavailable' from command line to 'False'
[0.380s] [34mcolcon.colcon_core.verb[0m [1;30mLevel 5[0m set package 'moveit_configs_utils' build argument 'cmake_clean_cache' from command line to 'False'
[0.380s] [34mcolcon.colcon_core.verb[0m [1;30mLevel 5[0m set package 'moveit_configs_utils' build argument 'cmake_clean_first' from command line to 'False'
[0.380s] [34mcolcon.colcon_core.verb[0m [1;30mLevel 5[0m set package 'moveit_configs_utils' build argument 'cmake_force_configure' from command line to 'False'
[0.380s] [34mcolcon.colcon_core.verb[0m [1;30mLevel 5[0m set package 'moveit_configs_utils' build argument 'ament_cmake_args' from command line to 'None'
[0.380s] [34mcolcon.colcon_core.verb[0m [1;30mLevel 5[0m set package 'moveit_configs_utils' build argument 'catkin_cmake_args' from command line to 'None'
[0.380s] [34mcolcon.colcon_core.verb[0m [1;30mLevel 5[0m set package 'moveit_configs_utils' build argument 'catkin_skip_building_tests' from command line to 'False'
[0.380s] [34mcolcon.colcon_core.verb[0m [1;30mDEBUG[0m [32mBuilding package 'moveit_configs_utils' with the following arguments: {'ament_cmake_args': None, 'build_base': '/home/a/ws_nhk/build/moveit_configs_utils', 'catkin_cmake_args': None, 'catkin_skip_building_tests': False, 'cmake_args': None, 'cmake_clean_cache': False, 'cmake_clean_first': False, 'cmake_force_configure': False, 'cmake_target': None, 'cmake_target_skip_unavailable': False, 'install_base': '/home/a/ws_nhk/install/moveit_configs_utils', 'merge_install': False, 'path': '/home/a/ws_nhk/src/moveit2/moveit_configs_utils', 'symlink_install': False, 'test_result_base': None}[0m
[0.380s] [34mcolcon.colcon_core.verb[0m [1;30mLevel 5[0m set package 'moveit_resources_fanuc_moveit_config' build argument 'cmake_args' from command line to 'None'
[0.380s] [34mcolcon.colcon_core.verb[0m [1;30mLevel 5[0m set package 'moveit_resources_fanuc_moveit_config' build argument 'cmake_target' from command line to 'None'
[0.380s] [34mcolcon.colcon_core.verb[0m [1;30mLevel 5[0m set package 'moveit_resources_fanuc_moveit_config' build argument 'cmake_target_skip_unavailable' from command line to 'False'
[0.380s] [34mcolcon.colcon_core.verb[0m [1;30mLevel 5[0m set package 'moveit_resources_fanuc_moveit_config' build argument 'cmake_clean_cache' from command line to 'False'
[0.380s] [34mcolcon.colcon_core.verb[0m [1;30mLevel 5[0m set package 'moveit_resources_fanuc_moveit_config' build argument 'cmake_clean_first' from command line to 'False'
[0.380s] [34mcolcon.colcon_core.verb[0m [1;30mLevel 5[0m set package 'moveit_resources_fanuc_moveit_config' build argument 'cmake_force_configure' from command line to 'False'
[0.380s] [34mcolcon.colcon_core.verb[0m [1;30mLevel 5[0m set package 'moveit_resources_fanuc_moveit_config' build argument 'ament_cmake_args' from command line to 'None'
[0.380s] [34mcolcon.colcon_core.verb[0m [1;30mLevel 5[0m set package 'moveit_resources_fanuc_moveit_config' build argument 'catkin_cmake_args' from command line to 'None'
[0.380s] [34mcolcon.colcon_core.verb[0m [1;30mLevel 5[0m set package 'moveit_resources_fanuc_moveit_config' build argument 'catkin_skip_building_tests' from command line to 'False'
[0.380s] [34mcolcon.colcon_core.verb[0m [1;30mDEBUG[0m [32mBuilding package 'moveit_resources_fanuc_moveit_config' with the following arguments: {'ament_cmake_args': None, 'build_base': '/home/a/ws_nhk/build/moveit_resources_fanuc_moveit_config', 'catkin_cmake_args': None, 'catkin_skip_building_tests': False, 'cmake_args': None, 'cmake_clean_cache': False, 'cmake_clean_first': False, 'cmake_force_configure': False, 'cmake_target': None, 'cmake_target_skip_unavailable': False, 'install_base': '/home/a/ws_nhk/install/moveit_resources_fanuc_moveit_config', 'merge_install': False, 'path': '/home/a/ws_nhk/src/moveit_resources/fanuc_moveit_config', 'symlink_install': False, 'test_result_base': None}[0m
[0.380s] [34mcolcon.colcon_core.verb[0m [1;30mLevel 5[0m set package 'moveit_resources_panda_moveit_config' build argument 'cmake_args' from command line to 'None'
[0.380s] [34mcolcon.colcon_core.verb[0m [1;30mLevel 5[0m set package 'moveit_resources_panda_moveit_config' build argument 'cmake_target' from command line to 'None'
[0.380s] [34mcolcon.colcon_core.verb[0m [1;30mLevel 5[0m set package 'moveit_resources_panda_moveit_config' build argument 'cmake_target_skip_unavailable' from command line to 'False'
[0.380s] [34mcolcon.colcon_core.verb[0m [1;30mLevel 5[0m set package 'moveit_resources_panda_moveit_config' build argument 'cmake_clean_cache' from command line to 'False'
[0.380s] [34mcolcon.colcon_core.verb[0m [1;30mLevel 5[0m set package 'moveit_resources_panda_moveit_config' build argument 'cmake_clean_first' from command line to 'False'
[0.380s] [34mcolcon.colcon_core.verb[0m [1;30mLevel 5[0m set package 'moveit_resources_panda_moveit_config' build argument 'cmake_force_configure' from command line to 'False'
[0.380s] [34mcolcon.colcon_core.verb[0m [1;30mLevel 5[0m set package 'moveit_resources_panda_moveit_config' build argument 'ament_cmake_args' from command line to 'None'
[0.380s] [34mcolcon.colcon_core.verb[0m [1;30mLevel 5[0m set package 'moveit_resources_panda_moveit_config' build argument 'catkin_cmake_args' from command line to 'None'
[0.381s] [34mcolcon.colcon_core.verb[0m [1;30mLevel 5[0m set package 'moveit_resources_panda_moveit_config' build argument 'catkin_skip_building_tests' from command line to 'False'
[0.381s] [34mcolcon.colcon_core.verb[0m [1;30mDEBUG[0m [32mBuilding package 'moveit_resources_panda_moveit_config' with the following arguments: {'ament_cmake_args': None, 'build_base': '/home/a/ws_nhk/build/moveit_resources_panda_moveit_config', 'catkin_cmake_args': None, 'catkin_skip_building_tests': False, 'cmake_args': None, 'cmake_clean_cache': False, 'cmake_clean_first': False, 'cmake_force_configure': False, 'cmake_target': None, 'cmake_target_skip_unavailable': False, 'install_base': '/home/a/ws_nhk/install/moveit_resources_panda_moveit_config', 'merge_install': False, 'path': '/home/a/ws_nhk/src/moveit_resources/panda_moveit_config', 'symlink_install': False, 'test_result_base': None}[0m
[0.381s] [34mcolcon.colcon_core.verb[0m [1;30mLevel 5[0m set package 'r2_odrive' build argument 'cmake_args' from command line to 'None'
[0.381s] [34mcolcon.colcon_core.verb[0m [1;30mLevel 5[0m set package 'r2_odrive' build argument 'cmake_target' from command line to 'None'
[0.381s] [34mcolcon.colcon_core.verb[0m [1;30mLevel 5[0m set package 'r2_odrive' build argument 'cmake_target_skip_unavailable' from command line to 'False'
[0.381s] [34mcolcon.colcon_core.verb[0m [1;30mLevel 5[0m set package 'r2_odrive' build argument 'cmake_clean_cache' from command line to 'False'
[0.381s] [34mcolcon.colcon_core.verb[0m [1;30mLevel 5[0m set package 'r2_odrive' build argument 'cmake_clean_first' from command line to 'False'
[0.381s] [34mcolcon.colcon_core.verb[0m [1;30mLevel 5[0m set package 'r2_odrive' build argument 'cmake_force_configure' from command line to 'False'
[0.381s] [34mcolcon.colcon_core.verb[0m [1;30mLevel 5[0m set package 'r2_odrive' build argument 'ament_cmake_args' from command line to 'None'
[0.381s] [34mcolcon.colcon_core.verb[0m [1;30mLevel 5[0m set package 'r2_odrive' build argument 'catkin_cmake_args' from command line to 'None'
[0.381s] [34mcolcon.colcon_core.verb[0m [1;30mLevel 5[0m set package 'r2_odrive' build argument 'catkin_skip_building_tests' from command line to 'False'
[0.381s] [34mcolcon.colcon_core.verb[0m [1;30mDEBUG[0m [32mBuilding package 'r2_odrive' with the following arguments: {'ament_cmake_args': None, 'build_base': '/home/a/ws_nhk/build/r2_odrive', 'catkin_cmake_args': None, 'catkin_skip_building_tests': False, 'cmake_args': None, 'cmake_clean_cache': False, 'cmake_clean_first': False, 'cmake_force_configure': False, 'cmake_target': None, 'cmake_target_skip_unavailable': False, 'install_base': '/home/a/ws_nhk/install/r2_odrive', 'merge_install': False, 'path': '/home/a/ws_nhk/src/r2_odrive', 'symlink_install': False, 'test_result_base': None}[0m
[0.381s] [34mcolcon.colcon_core.verb[0m [1;30mLevel 5[0m set package 'rogidrive' build argument 'cmake_args' from command line to 'None'
[0.381s] [34mcolcon.colcon_core.verb[0m [1;30mLevel 5[0m set package 'rogidrive' build argument 'cmake_target' from command line to 'None'
[0.381s] [34mcolcon.colcon_core.verb[0m [1;30mLevel 5[0m set package 'rogidrive' build argument 'cmake_target_skip_unavailable' from command line to 'False'
[0.381s] [34mcolcon.colcon_core.verb[0m [1;30mLevel 5[0m set package 'rogidrive' build argument 'cmake_clean_cache' from command line to 'False'
[0.381s] [34mcolcon.colcon_core.verb[0m [1;30mLevel 5[0m set package 'rogidrive' build argument 'cmake_clean_first' from command line to 'False'
[0.381s] [34mcolcon.colcon_core.verb[0m [1;30mLevel 5[0m set package 'rogidrive' build argument 'cmake_force_configure' from command line to 'False'
[0.381s] [34mcolcon.colcon_core.verb[0m [1;30mLevel 5[0m set package 'rogidrive' build argument 'ament_cmake_args' from command line to 'None'
[0.381s] [34mcolcon.colcon_core.verb[0m [1;30mLevel 5[0m set package 'rogidrive' build argument 'catkin_cmake_args' from command line to 'None'
[0.381s] [34mcolcon.colcon_core.verb[0m [1;30mLevel 5[0m set package 'rogidrive' build argument 'catkin_skip_building_tests' from command line to 'False'
[0.381s] [34mcolcon.colcon_core.verb[0m [1;30mDEBUG[0m [32mBuilding package 'rogidrive' with the following arguments: {'ament_cmake_args': None, 'build_base': '/home/a/ws_nhk/build/rogidrive', 'catkin_cmake_args': None, 'catkin_skip_building_tests': False, 'cmake_args': None, 'cmake_clean_cache': False, 'cmake_clean_first': False, 'cmake_force_configure': False, 'cmake_target': None, 'cmake_target_skip_unavailable': False, 'install_base': '/home/a/ws_nhk/install/rogidrive', 'merge_install': False, 'path': '/home/a/ws_nhk/src/rogidrive/rogidrive', 'symlink_install': False, 'test_result_base': None}[0m
[0.381s] [34mcolcon.colcon_core.verb[0m [1;30mLevel 5[0m set package 'rs485_interface2' build argument 'cmake_args' from command line to 'None'
[0.381s] [34mcolcon.colcon_core.verb[0m [1;30mLevel 5[0m set package 'rs485_interface2' build argument 'cmake_target' from command line to 'None'
[0.381s] [34mcolcon.colcon_core.verb[0m [1;30mLevel 5[0m set package 'rs485_interface2' build argument 'cmake_target_skip_unavailable' from command line to 'False'
[0.381s] [34mcolcon.colcon_core.verb[0m [1;30mLevel 5[0m set package 'rs485_interface2' build argument 'cmake_clean_cache' from command line to 'False'
[0.381s] [34mcolcon.colcon_core.verb[0m [1;30mLevel 5[0m set package 'rs485_interface2' build argument 'cmake_clean_first' from command line to 'False'
[0.381s] [34mcolcon.colcon_core.verb[0m [1;30mLevel 5[0m set package 'rs485_interface2' build argument 'cmake_force_configure' from command line to 'False'
[0.381s] [34mcolcon.colcon_core.verb[0m [1;30mLevel 5[0m set package 'rs485_interface2' build argument 'ament_cmake_args' from command line to 'None'
[0.381s] [34mcolcon.colcon_core.verb[0m [1;30mLevel 5[0m set package 'rs485_interface2' build argument 'catkin_cmake_args' from command line to 'None'
[0.381s] [34mcolcon.colcon_core.verb[0m [1;30mLevel 5[0m set package 'rs485_interface2' build argument 'catkin_skip_building_tests' from command line to 'False'
[0.381s] [34mcolcon.colcon_core.verb[0m [1;30mDEBUG[0m [32mBuilding package 'rs485_interface2' with the following arguments: {'ament_cmake_args': None, 'build_base': '/home/a/ws_nhk/build/rs485_interface2', 'catkin_cmake_args': None, 'catkin_skip_building_tests': False, 'cmake_args': None, 'cmake_clean_cache': False, 'cmake_clean_first': False, 'cmake_force_configure': False, 'cmake_target': None, 'cmake_target_skip_unavailable': False, 'install_base': '/home/a/ws_nhk/install/rs485_interface2', 'merge_install': False, 'path': '/home/a/ws_nhk/src/MAVLink_ros2/rs485_interface2', 'symlink_install': False, 'test_result_base': None}[0m
[0.382s] [34mcolcon.colcon_core.verb[0m [1;30mLevel 5[0m set package 'rs485_motor_interface' build argument 'cmake_args' from command line to 'None'
[0.382s] [34mcolcon.colcon_core.verb[0m [1;30mLevel 5[0m set package 'rs485_motor_interface' build argument 'cmake_target' from command line to 'None'
[0.382s] [34mcolcon.colcon_core.verb[0m [1;30mLevel 5[0m set package 'rs485_motor_interface' build argument 'cmake_target_skip_unavailable' from command line to 'False'
[0.382s] [34mcolcon.colcon_core.verb[0m [1;30mLevel 5[0m set package 'rs485_motor_interface' build argument 'cmake_clean_cache' from command line to 'False'
[0.382s] [34mcolcon.colcon_core.verb[0m [1;30mLevel 5[0m set package 'rs485_motor_interface' build argument 'cmake_clean_first' from command line to 'False'
[0.382s] [34mcolcon.colcon_core.verb[0m [1;30mLevel 5[0m set package 'rs485_motor_interface' build argument 'cmake_force_configure' from command line to 'False'
[0.382s] [34mcolcon.colcon_core.verb[0m [1;30mLevel 5[0m set package 'rs485_motor_interface' build argument 'ament_cmake_args' from command line to 'None'
[0.382s] [34mcolcon.colcon_core.verb[0m [1;30mLevel 5[0m set package 'rs485_motor_interface' build argument 'catkin_cmake_args' from command line to 'None'
[0.382s] [34mcolcon.colcon_core.verb[0m [1;30mLevel 5[0m set package 'rs485_motor_interface' build argument 'catkin_skip_building_tests' from command line to 'False'
[0.382s] [34mcolcon.colcon_core.verb[0m [1;30mDEBUG[0m [32mBuilding package 'rs485_motor_interface' with the following arguments: {'ament_cmake_args': None, 'build_base': '/home/a/ws_nhk/build/rs485_motor_interface', 'catkin_cmake_args': None, 'catkin_skip_building_tests': False, 'cmake_args': None, 'cmake_clean_cache': False, 'cmake_clean_first': False, 'cmake_force_configure': False, 'cmake_target': None, 'cmake_target_skip_unavailable': False, 'install_base': '/home/a/ws_nhk/install/rs485_motor_interface', 'merge_install': False, 'path': '/home/a/ws_nhk/src/MAVLink_ros2/rs485_motor_interface', 'symlink_install': False, 'test_result_base': None}[0m
[0.382s] [34mcolcon.colcon_core.verb[0m [1;30mLevel 5[0m set package 'rviz_marker_tools' build argument 'cmake_args' from command line to 'None'
[0.382s] [34mcolcon.colcon_core.verb[0m [1;30mLevel 5[0m set package 'rviz_marker_tools' build argument 'cmake_target' from command line to 'None'
[0.382s] [34mcolcon.colcon_core.verb[0m [1;30mLevel 5[0m set package 'rviz_marker_tools' build argument 'cmake_target_skip_unavailable' from command line to 'False'
[0.382s] [34mcolcon.colcon_core.verb[0m [1;30mLevel 5[0m set package 'rviz_marker_tools' build argument 'cmake_clean_cache' from command line to 'False'
[0.382s] [34mcolcon.colcon_core.verb[0m [1;30mLevel 5[0m set package 'rviz_marker_tools' build argument 'cmake_clean_first' from command line to 'False'
[0.382s] [34mcolcon.colcon_core.verb[0m [1;30mLevel 5[0m set package 'rviz_marker_tools' build argument 'cmake_force_configure' from command line to 'False'
[0.382s] [34mcolcon.colcon_core.verb[0m [1;30mLevel 5[0m set package 'rviz_marker_tools' build argument 'ament_cmake_args' from command line to 'None'
[0.382s] [34mcolcon.colcon_core.verb[0m [1;30mLevel 5[0m set package 'rviz_marker_tools' build argument 'catkin_cmake_args' from command line to 'None'
[0.382s] [34mcolcon.colcon_core.verb[0m [1;30mLevel 5[0m set package 'rviz_marker_tools' build argument 'catkin_skip_building_tests' from command line to 'False'
[0.382s] [34mcolcon.colcon_core.verb[0m [1;30mDEBUG[0m [32mBuilding package 'rviz_marker_tools' with the following arguments: {'ament_cmake_args': None, 'build_base': '/home/a/ws_nhk/build/rviz_marker_tools', 'catkin_cmake_args': None, 'catkin_skip_building_tests': False, 'cmake_args': None, 'cmake_clean_cache': False, 'cmake_clean_first': False, 'cmake_force_configure': False, 'cmake_target': None, 'cmake_target_skip_unavailable': False, 'install_base': '/home/a/ws_nhk/install/rviz_marker_tools', 'merge_install': False, 'path': '/home/a/ws_nhk/src/moveit_task_constructor/rviz_marker_tools', 'symlink_install': False, 'test_result_base': None}[0m
[0.382s] [34mcolcon.colcon_core.verb[0m [1;30mLevel 5[0m set package 'stm32_mavlink_uart' build argument 'cmake_args' from command line to 'None'
[0.382s] [34mcolcon.colcon_core.verb[0m [1;30mLevel 5[0m set package 'stm32_mavlink_uart' build argument 'cmake_target' from command line to 'None'
[0.382s] [34mcolcon.colcon_core.verb[0m [1;30mLevel 5[0m set package 'stm32_mavlink_uart' build argument 'cmake_target_skip_unavailable' from command line to 'False'
[0.382s] [34mcolcon.colcon_core.verb[0m [1;30mLevel 5[0m set package 'stm32_mavlink_uart' build argument 'cmake_clean_cache' from command line to 'False'
[0.382s] [34mcolcon.colcon_core.verb[0m [1;30mLevel 5[0m set package 'stm32_mavlink_uart' build argument 'cmake_clean_first' from command line to 'False'
[0.382s] [34mcolcon.colcon_core.verb[0m [1;30mLevel 5[0m set package 'stm32_mavlink_uart' build argument 'cmake_force_configure' from command line to 'False'
[0.382s] [34mcolcon.colcon_core.verb[0m [1;30mLevel 5[0m set package 'stm32_mavlink_uart' build argument 'ament_cmake_args' from command line to 'None'
[0.382s] [34mcolcon.colcon_core.verb[0m [1;30mLevel 5[0m set package 'stm32_mavlink_uart' build argument 'catkin_cmake_args' from command line to 'None'
[0.382s] [34mcolcon.colcon_core.verb[0m [1;30mLevel 5[0m set package 'stm32_mavlink_uart' build argument 'catkin_skip_building_tests' from command line to 'False'
[0.382s] [34mcolcon.colcon_core.verb[0m [1;30mDEBUG[0m [32mBuilding package 'stm32_mavlink_uart' with the following arguments: {'ament_cmake_args': None, 'build_base': '/home/a/ws_nhk/build/stm32_mavlink_uart', 'catkin_cmake_args': None, 'catkin_skip_building_tests': False, 'cmake_args': None, 'cmake_clean_cache': False, 'cmake_clean_first': False, 'cmake_force_configure': False, 'cmake_target': None, 'cmake_target_skip_unavailable': False, 'install_base': '/home/a/ws_nhk/install/stm32_mavlink_uart', 'merge_install': False, 'path': '/home/a/ws_nhk/src/MAVLink_ros2/stm32_mavlink_uart', 'symlink_install': False, 'test_result_base': None}[0m
[0.383s] [34mcolcon.colcon_core.verb[0m [1;30mLevel 5[0m set package 'stm32_mavlink_udp' build argument 'cmake_args' from command line to 'None'
[0.383s] [34mcolcon.colcon_core.verb[0m [1;30mLevel 5[0m set package 'stm32_mavlink_udp' build argument 'cmake_target' from command line to 'None'
[0.383s] [34mcolcon.colcon_core.verb[0m [1;30mLevel 5[0m set package 'stm32_mavlink_udp' build argument 'cmake_target_skip_unavailable' from command line to 'False'
[0.383s] [34mcolcon.colcon_core.verb[0m [1;30mLevel 5[0m set package 'stm32_mavlink_udp' build argument 'cmake_clean_cache' from command line to 'False'
[0.383s] [34mcolcon.colcon_core.verb[0m [1;30mLevel 5[0m set package 'stm32_mavlink_udp' build argument 'cmake_clean_first' from command line to 'False'
[0.383s] [34mcolcon.colcon_core.verb[0m [1;30mLevel 5[0m set package 'stm32_mavlink_udp' build argument 'cmake_force_configure' from command line to 'False'
[0.383s] [34mcolcon.colcon_core.verb[0m [1;30mLevel 5[0m set package 'stm32_mavlink_udp' build argument 'ament_cmake_args' from command line to 'None'
[0.383s] [34mcolcon.colcon_core.verb[0m [1;30mLevel 5[0m set package 'stm32_mavlink_udp' build argument 'catkin_cmake_args' from command line to 'None'
[0.383s] [34mcolcon.colcon_core.verb[0m [1;30mLevel 5[0m set package 'stm32_mavlink_udp' build argument 'catkin_skip_building_tests' from command line to 'False'
[0.383s] [34mcolcon.colcon_core.verb[0m [1;30mDEBUG[0m [32mBuilding package 'stm32_mavlink_udp' with the following arguments: {'ament_cmake_args': None, 'build_base': '/home/a/ws_nhk/build/stm32_mavlink_udp', 'catkin_cmake_args': None, 'catkin_skip_building_tests': False, 'cmake_args': None, 'cmake_clean_cache': False, 'cmake_clean_first': False, 'cmake_force_configure': False, 'cmake_target': None, 'cmake_target_skip_unavailable': False, 'install_base': '/home/a/ws_nhk/install/stm32_mavlink_udp', 'merge_install': False, 'path': '/home/a/ws_nhk/src/MAVLink_ros2/stm32_mavlink_udp', 'symlink_install': False, 'test_result_base': None}[0m
[0.383s] [34mcolcon.colcon_core.verb[0m [1;30mLevel 5[0m set package 'dynamixel_controller_gui' build argument 'cmake_args' from command line to 'None'
[0.383s] [34mcolcon.colcon_core.verb[0m [1;30mLevel 5[0m set package 'dynamixel_controller_gui' build argument 'cmake_target' from command line to 'None'
[0.383s] [34mcolcon.colcon_core.verb[0m [1;30mLevel 5[0m set package 'dynamixel_controller_gui' build argument 'cmake_target_skip_unavailable' from command line to 'False'
[0.383s] [34mcolcon.colcon_core.verb[0m [1;30mLevel 5[0m set package 'dynamixel_controller_gui' build argument 'cmake_clean_cache' from command line to 'False'
[0.383s] [34mcolcon.colcon_core.verb[0m [1;30mLevel 5[0m set package 'dynamixel_controller_gui' build argument 'cmake_clean_first' from command line to 'False'
[0.383s] [34mcolcon.colcon_core.verb[0m [1;30mLevel 5[0m set package 'dynamixel_controller_gui' build argument 'cmake_force_configure' from command line to 'False'
[0.383s] [34mcolcon.colcon_core.verb[0m [1;30mLevel 5[0m set package 'dynamixel_controller_gui' build argument 'ament_cmake_args' from command line to 'None'
[0.383s] [34mcolcon.colcon_core.verb[0m [1;30mLevel 5[0m set package 'dynamixel_controller_gui' build argument 'catkin_cmake_args' from command line to 'None'
[0.383s] [34mcolcon.colcon_core.verb[0m [1;30mLevel 5[0m set package 'dynamixel_controller_gui' build argument 'catkin_skip_building_tests' from command line to 'False'
[0.383s] [34mcolcon.colcon_core.verb[0m [1;30mDEBUG[0m [32mBuilding package 'dynamixel_controller_gui' with the following arguments: {'ament_cmake_args': None, 'build_base': '/home/a/ws_nhk/build/dynamixel_controller_gui', 'catkin_cmake_args': None, 'catkin_skip_building_tests': False, 'cmake_args': None, 'cmake_clean_cache': False, 'cmake_clean_first': False, 'cmake_force_configure': False, 'cmake_target': None, 'cmake_target_skip_unavailable': False, 'install_base': '/home/a/ws_nhk/install/dynamixel_controller_gui', 'merge_install': False, 'path': '/home/a/ws_nhk/src/dynamixel_ros2/dynamixel_controller_gui', 'symlink_install': False, 'test_result_base': None}[0m
[0.383s] [34mcolcon.colcon_core.verb[0m [1;30mLevel 5[0m set package 'ikeyaMD_wizard' build argument 'cmake_args' from command line to 'None'
[0.383s] [34mcolcon.colcon_core.verb[0m [1;30mLevel 5[0m set package 'ikeyaMD_wizard' build argument 'cmake_target' from command line to 'None'
[0.383s] [34mcolcon.colcon_core.verb[0m [1;30mLevel 5[0m set package 'ikeyaMD_wizard' build argument 'cmake_target_skip_unavailable' from command line to 'False'
[0.383s] [34mcolcon.colcon_core.verb[0m [1;30mLevel 5[0m set package 'ikeyaMD_wizard' build argument 'cmake_clean_cache' from command line to 'False'
[0.383s] [34mcolcon.colcon_core.verb[0m [1;30mLevel 5[0m set package 'ikeyaMD_wizard' build argument 'cmake_clean_first' from command line to 'False'
[0.383s] [34mcolcon.colcon_core.verb[0m [1;30mLevel 5[0m set package 'ikeyaMD_wizard' build argument 'cmake_force_configure' from command line to 'False'
[0.383s] [34mcolcon.colcon_core.verb[0m [1;30mLevel 5[0m set package 'ikeyaMD_wizard' build argument 'ament_cmake_args' from command line to 'None'
[0.383s] [34mcolcon.colcon_core.verb[0m [1;30mLevel 5[0m set package 'ikeyaMD_wizard' build argument 'catkin_cmake_args' from command line to 'None'
[0.383s] [34mcolcon.colcon_core.verb[0m [1;30mLevel 5[0m set package 'ikeyaMD_wizard' build argument 'catkin_skip_building_tests' from command line to 'False'
[0.383s] [34mcolcon.colcon_core.verb[0m [1;30mDEBUG[0m [32mBuilding package 'ikeyaMD_wizard' with the following arguments: {'ament_cmake_args': None, 'build_base': '/home/a/ws_nhk/build/ikeyaMD_wizard', 'catkin_cmake_args': None, 'catkin_skip_building_tests': False, 'cmake_args': None, 'cmake_clean_cache': False, 'cmake_clean_first': False, 'cmake_force_configure': False, 'cmake_target': None, 'cmake_target_skip_unavailable': False, 'install_base': '/home/a/ws_nhk/install/ikeyaMD_wizard', 'merge_install': False, 'path': '/home/a/ws_nhk/src/MAVLink_ros2/ikeyaMD_wizard', 'symlink_install': False, 'test_result_base': None}[0m
[0.383s] [34mcolcon.colcon_core.verb[0m [1;30mLevel 5[0m set package 'mavlink_wizard' build argument 'cmake_args' from command line to 'None'
[0.383s] [34mcolcon.colcon_core.verb[0m [1;30mLevel 5[0m set package 'mavlink_wizard' build argument 'cmake_target' from command line to 'None'
[0.383s] [34mcolcon.colcon_core.verb[0m [1;30mLevel 5[0m set package 'mavlink_wizard' build argument 'cmake_target_skip_unavailable' from command line to 'False'
[0.384s] [34mcolcon.colcon_core.verb[0m [1;30mLevel 5[0m set package 'mavlink_wizard' build argument 'cmake_clean_cache' from command line to 'False'
[0.384s] [34mcolcon.colcon_core.verb[0m [1;30mLevel 5[0m set package 'mavlink_wizard' build argument 'cmake_clean_first' from command line to 'False'
[0.384s] [34mcolcon.colcon_core.verb[0m [1;30mLevel 5[0m set package 'mavlink_wizard' build argument 'cmake_force_configure' from command line to 'False'
[0.384s] [34mcolcon.colcon_core.verb[0m [1;30mLevel 5[0m set package 'mavlink_wizard' build argument 'ament_cmake_args' from command line to 'None'
[0.384s] [34mcolcon.colcon_core.verb[0m [1;30mLevel 5[0m set package 'mavlink_wizard' build argument 'catkin_cmake_args' from command line to 'None'
[0.384s] [34mcolcon.colcon_core.verb[0m [1;30mLevel 5[0m set package 'mavlink_wizard' build argument 'catkin_skip_building_tests' from command line to 'False'
[0.384s] [34mcolcon.colcon_core.verb[0m [1;30mDEBUG[0m [32mBuilding package 'mavlink_wizard' with the following arguments: {'ament_cmake_args': None, 'build_base': '/home/a/ws_nhk/build/mavlink_wizard', 'catkin_cmake_args': None, 'catkin_skip_building_tests': False, 'cmake_args': None, 'cmake_clean_cache': False, 'cmake_clean_first': False, 'cmake_force_configure': False, 'cmake_target': None, 'cmake_target_skip_unavailable': False, 'install_base': '/home/a/ws_nhk/install/mavlink_wizard', 'merge_install': False, 'path': '/home/a/ws_nhk/src/MAVLink_ros2/mavlink_wizard', 'symlink_install': False, 'test_result_base': None}[0m
[0.384s] [34mcolcon.colcon_core.verb[0m [1;30mLevel 5[0m set package 'moveit_core' build argument 'cmake_args' from command line to 'None'
[0.384s] [34mcolcon.colcon_core.verb[0m [1;30mLevel 5[0m set package 'moveit_core' build argument 'cmake_target' from command line to 'None'
[0.384s] [34mcolcon.colcon_core.verb[0m [1;30mLevel 5[0m set package 'moveit_core' build argument 'cmake_target_skip_unavailable' from command line to 'False'
[0.384s] [34mcolcon.colcon_core.verb[0m [1;30mLevel 5[0m set package 'moveit_core' build argument 'cmake_clean_cache' from command line to 'False'
[0.384s] [34mcolcon.colcon_core.verb[0m [1;30mLevel 5[0m set package 'moveit_core' build argument 'cmake_clean_first' from command line to 'False'
[0.384s] [34mcolcon.colcon_core.verb[0m [1;30mLevel 5[0m set package 'moveit_core' build argument 'cmake_force_configure' from command line to 'False'
[0.384s] [34mcolcon.colcon_core.verb[0m [1;30mLevel 5[0m set package 'moveit_core' build argument 'ament_cmake_args' from command line to 'None'
[0.384s] [34mcolcon.colcon_core.verb[0m [1;30mLevel 5[0m set package 'moveit_core' build argument 'catkin_cmake_args' from command line to 'None'
[0.384s] [34mcolcon.colcon_core.verb[0m [1;30mLevel 5[0m set package 'moveit_core' build argument 'catkin_skip_building_tests' from command line to 'False'
[0.384s] [34mcolcon.colcon_core.verb[0m [1;30mDEBUG[0m [32mBuilding package 'moveit_core' with the following arguments: {'ament_cmake_args': None, 'build_base': '/home/a/ws_nhk/build/moveit_core', 'catkin_cmake_args': None, 'catkin_skip_building_tests': False, 'cmake_args': None, 'cmake_clean_cache': False, 'cmake_clean_first': False, 'cmake_force_configure': False, 'cmake_target': None, 'cmake_target_skip_unavailable': False, 'install_base': '/home/a/ws_nhk/install/moveit_core', 'merge_install': False, 'path': '/home/a/ws_nhk/src/moveit2/moveit_core', 'symlink_install': False, 'test_result_base': None}[0m
[0.384s] [34mcolcon.colcon_core.verb[0m [1;30mLevel 5[0m set package 'moveit_resources' build argument 'cmake_args' from command line to 'None'
[0.384s] [34mcolcon.colcon_core.verb[0m [1;30mLevel 5[0m set package 'moveit_resources' build argument 'cmake_target' from command line to 'None'
[0.384s] [34mcolcon.colcon_core.verb[0m [1;30mLevel 5[0m set package 'moveit_resources' build argument 'cmake_target_skip_unavailable' from command line to 'False'
[0.384s] [34mcolcon.colcon_core.verb[0m [1;30mLevel 5[0m set package 'moveit_resources' build argument 'cmake_clean_cache' from command line to 'False'
[0.384s] [34mcolcon.colcon_core.verb[0m [1;30mLevel 5[0m set package 'moveit_resources' build argument 'cmake_clean_first' from command line to 'False'
[0.384s] [34mcolcon.colcon_core.verb[0m [1;30mLevel 5[0m set package 'moveit_resources' build argument 'cmake_force_configure' from command line to 'False'
[0.384s] [34mcolcon.colcon_core.verb[0m [1;30mLevel 5[0m set package 'moveit_resources' build argument 'ament_cmake_args' from command line to 'None'
[0.384s] [34mcolcon.colcon_core.verb[0m [1;30mLevel 5[0m set package 'moveit_resources' build argument 'catkin_cmake_args' from command line to 'None'
[0.384s] [34mcolcon.colcon_core.verb[0m [1;30mLevel 5[0m set package 'moveit_resources' build argument 'catkin_skip_building_tests' from command line to 'False'
[0.384s] [34mcolcon.colcon_core.verb[0m [1;30mDEBUG[0m [32mBuilding package 'moveit_resources' with the following arguments: {'ament_cmake_args': None, 'build_base': '/home/a/ws_nhk/build/moveit_resources', 'catkin_cmake_args': None, 'catkin_skip_building_tests': False, 'cmake_args': None, 'cmake_clean_cache': False, 'cmake_clean_first': False, 'cmake_force_configure': False, 'cmake_target': None, 'cmake_target_skip_unavailable': False, 'install_base': '/home/a/ws_nhk/install/moveit_resources', 'merge_install': False, 'path': '/home/a/ws_nhk/src/moveit_resources/moveit_resources', 'symlink_install': False, 'test_result_base': None}[0m
[0.384s] [34mcolcon.colcon_core.verb[0m [1;30mLevel 5[0m set package 'chomp_motion_planner' build argument 'cmake_args' from command line to 'None'
[0.384s] [34mcolcon.colcon_core.verb[0m [1;30mLevel 5[0m set package 'chomp_motion_planner' build argument 'cmake_target' from command line to 'None'
[0.384s] [34mcolcon.colcon_core.verb[0m [1;30mLevel 5[0m set package 'chomp_motion_planner' build argument 'cmake_target_skip_unavailable' from command line to 'False'
[0.384s] [34mcolcon.colcon_core.verb[0m [1;30mLevel 5[0m set package 'chomp_motion_planner' build argument 'cmake_clean_cache' from command line to 'False'
[0.384s] [34mcolcon.colcon_core.verb[0m [1;30mLevel 5[0m set package 'chomp_motion_planner' build argument 'cmake_clean_first' from command line to 'False'
[0.384s] [34mcolcon.colcon_core.verb[0m [1;30mLevel 5[0m set package 'chomp_motion_planner' build argument 'cmake_force_configure' from command line to 'False'
[0.384s] [34mcolcon.colcon_core.verb[0m [1;30mLevel 5[0m set package 'chomp_motion_planner' build argument 'ament_cmake_args' from command line to 'None'
[0.384s] [34mcolcon.colcon_core.verb[0m [1;30mLevel 5[0m set package 'chomp_motion_planner' build argument 'catkin_cmake_args' from command line to 'None'
[0.384s] [34mcolcon.colcon_core.verb[0m [1;30mLevel 5[0m set package 'chomp_motion_planner' build argument 'catkin_skip_building_tests' from command line to 'False'
[0.384s] [34mcolcon.colcon_core.verb[0m [1;30mDEBUG[0m [32mBuilding package 'chomp_motion_planner' with the following arguments: {'ament_cmake_args': None, 'build_base': '/home/a/ws_nhk/build/chomp_motion_planner', 'catkin_cmake_args': None, 'catkin_skip_building_tests': False, 'cmake_args': None, 'cmake_clean_cache': False, 'cmake_clean_first': False, 'cmake_force_configure': False, 'cmake_target': None, 'cmake_target_skip_unavailable': False, 'install_base': '/home/a/ws_nhk/install/chomp_motion_planner', 'merge_install': False, 'path': '/home/a/ws_nhk/src/moveit2/moveit_planners/chomp/chomp_motion_planner', 'symlink_install': False, 'test_result_base': None}[0m
[0.385s] [34mcolcon.colcon_core.verb[0m [1;30mLevel 5[0m set package 'moveit_resources_prbt_ikfast_manipulator_plugin' build argument 'cmake_args' from command line to 'None'
[0.385s] [34mcolcon.colcon_core.verb[0m [1;30mLevel 5[0m set package 'moveit_resources_prbt_ikfast_manipulator_plugin' build argument 'cmake_target' from command line to 'None'
[0.385s] [34mcolcon.colcon_core.verb[0m [1;30mLevel 5[0m set package 'moveit_resources_prbt_ikfast_manipulator_plugin' build argument 'cmake_target_skip_unavailable' from command line to 'False'
[0.385s] [34mcolcon.colcon_core.verb[0m [1;30mLevel 5[0m set package 'moveit_resources_prbt_ikfast_manipulator_plugin' build argument 'cmake_clean_cache' from command line to 'False'
[0.385s] [34mcolcon.colcon_core.verb[0m [1;30mLevel 5[0m set package 'moveit_resources_prbt_ikfast_manipulator_plugin' build argument 'cmake_clean_first' from command line to 'False'
[0.385s] [34mcolcon.colcon_core.verb[0m [1;30mLevel 5[0m set package 'moveit_resources_prbt_ikfast_manipulator_plugin' build argument 'cmake_force_configure' from command line to 'False'
[0.385s] [34mcolcon.colcon_core.verb[0m [1;30mLevel 5[0m set package 'moveit_resources_prbt_ikfast_manipulator_plugin' build argument 'ament_cmake_args' from command line to 'None'
[0.385s] [34mcolcon.colcon_core.verb[0m [1;30mLevel 5[0m set package 'moveit_resources_prbt_ikfast_manipulator_plugin' build argument 'catkin_cmake_args' from command line to 'None'
[0.385s] [34mcolcon.colcon_core.verb[0m [1;30mLevel 5[0m set package 'moveit_resources_prbt_ikfast_manipulator_plugin' build argument 'catkin_skip_building_tests' from command line to 'False'
[0.385s] [34mcolcon.colcon_core.verb[0m [1;30mDEBUG[0m [32mBuilding package 'moveit_resources_prbt_ikfast_manipulator_plugin' with the following arguments: {'ament_cmake_args': None, 'build_base': '/home/a/ws_nhk/build/moveit_resources_prbt_ikfast_manipulator_plugin', 'catkin_cmake_args': None, 'catkin_skip_building_tests': False, 'cmake_args': None, 'cmake_clean_cache': False, 'cmake_clean_first': False, 'cmake_force_configure': False, 'cmake_target': None, 'cmake_target_skip_unavailable': False, 'install_base': '/home/a/ws_nhk/install/moveit_resources_prbt_ikfast_manipulator_plugin', 'merge_install': False, 'path': '/home/a/ws_nhk/src/moveit2/moveit_planners/test_configs/prbt_ikfast_manipulator_plugin', 'symlink_install': False, 'test_result_base': None}[0m
[0.385s] [34mcolcon.colcon_core.verb[0m [1;30mLevel 5[0m set package 'moveit_ros_occupancy_map_monitor' build argument 'cmake_args' from command line to 'None'
[0.385s] [34mcolcon.colcon_core.verb[0m [1;30mLevel 5[0m set package 'moveit_ros_occupancy_map_monitor' build argument 'cmake_target' from command line to 'None'
[0.385s] [34mcolcon.colcon_core.verb[0m [1;30mLevel 5[0m set package 'moveit_ros_occupancy_map_monitor' build argument 'cmake_target_skip_unavailable' from command line to 'False'
[0.385s] [34mcolcon.colcon_core.verb[0m [1;30mLevel 5[0m set package 'moveit_ros_occupancy_map_monitor' build argument 'cmake_clean_cache' from command line to 'False'
[0.385s] [34mcolcon.colcon_core.verb[0m [1;30mLevel 5[0m set package 'moveit_ros_occupancy_map_monitor' build argument 'cmake_clean_first' from command line to 'False'
[0.385s] [34mcolcon.colcon_core.verb[0m [1;30mLevel 5[0m set package 'moveit_ros_occupancy_map_monitor' build argument 'cmake_force_configure' from command line to 'False'
[0.385s] [34mcolcon.colcon_core.verb[0m [1;30mLevel 5[0m set package 'moveit_ros_occupancy_map_monitor' build argument 'ament_cmake_args' from command line to 'None'
[0.385s] [34mcolcon.colcon_core.verb[0m [1;30mLevel 5[0m set package 'moveit_ros_occupancy_map_monitor' build argument 'catkin_cmake_args' from command line to 'None'
[0.385s] [34mcolcon.colcon_core.verb[0m [1;30mLevel 5[0m set package 'moveit_ros_occupancy_map_monitor' build argument 'catkin_skip_building_tests' from command line to 'False'
[0.385s] [34mcolcon.colcon_core.verb[0m [1;30mDEBUG[0m [32mBuilding package 'moveit_ros_occupancy_map_monitor' with the following arguments: {'ament_cmake_args': None, 'build_base': '/home/a/ws_nhk/build/moveit_ros_occupancy_map_monitor', 'catkin_cmake_args': None, 'catkin_skip_building_tests': False, 'cmake_args': None, 'cmake_clean_cache': False, 'cmake_clean_first': False, 'cmake_force_configure': False, 'cmake_target': None, 'cmake_target_skip_unavailable': False, 'install_base': '/home/a/ws_nhk/install/moveit_ros_occupancy_map_monitor', 'merge_install': False, 'path': '/home/a/ws_nhk/src/moveit2/moveit_ros/occupancy_map_monitor', 'symlink_install': False, 'test_result_base': None}[0m
[0.385s] [34mcolcon.colcon_core.verb[0m [1;30mLevel 5[0m set package 'moveit_simple_controller_manager' build argument 'cmake_args' from command line to 'None'
[0.385s] [34mcolcon.colcon_core.verb[0m [1;30mLevel 5[0m set package 'moveit_simple_controller_manager' build argument 'cmake_target' from command line to 'None'
[0.385s] [34mcolcon.colcon_core.verb[0m [1;30mLevel 5[0m set package 'moveit_simple_controller_manager' build argument 'cmake_target_skip_unavailable' from command line to 'False'
[0.385s] [34mcolcon.colcon_core.verb[0m [1;30mLevel 5[0m set package 'moveit_simple_controller_manager' build argument 'cmake_clean_cache' from command line to 'False'
[0.385s] [34mcolcon.colcon_core.verb[0m [1;30mLevel 5[0m set package 'moveit_simple_controller_manager' build argument 'cmake_clean_first' from command line to 'False'
[0.385s] [34mcolcon.colcon_core.verb[0m [1;30mLevel 5[0m set package 'moveit_simple_controller_manager' build argument 'cmake_force_configure' from command line to 'False'
[0.385s] [34mcolcon.colcon_core.verb[0m [1;30mLevel 5[0m set package 'moveit_simple_controller_manager' build argument 'ament_cmake_args' from command line to 'None'
[0.385s] [34mcolcon.colcon_core.verb[0m [1;30mLevel 5[0m set package 'moveit_simple_controller_manager' build argument 'catkin_cmake_args' from command line to 'None'
[0.385s] [34mcolcon.colcon_core.verb[0m [1;30mLevel 5[0m set package 'moveit_simple_controller_manager' build argument 'catkin_skip_building_tests' from command line to 'False'
[0.385s] [34mcolcon.colcon_core.verb[0m [1;30mDEBUG[0m [32mBuilding package 'moveit_simple_controller_manager' with the following arguments: {'ament_cmake_args': None, 'build_base': '/home/a/ws_nhk/build/moveit_simple_controller_manager', 'catkin_cmake_args': None, 'catkin_skip_building_tests': False, 'cmake_args': None, 'cmake_clean_cache': False, 'cmake_clean_first': False, 'cmake_force_configure': False, 'cmake_target': None, 'cmake_target_skip_unavailable': False, 'install_base': '/home/a/ws_nhk/install/moveit_simple_controller_manager', 'merge_install': False, 'path': '/home/a/ws_nhk/src/moveit2/moveit_plugins/moveit_simple_controller_manager', 'symlink_install': False, 'test_result_base': None}[0m
[0.386s] [34mcolcon.colcon_core.verb[0m [1;30mLevel 5[0m set package 'pilz_industrial_motion_planner_testutils' build argument 'cmake_args' from command line to 'None'
[0.386s] [34mcolcon.colcon_core.verb[0m [1;30mLevel 5[0m set package 'pilz_industrial_motion_planner_testutils' build argument 'cmake_target' from command line to 'None'
[0.386s] [34mcolcon.colcon_core.verb[0m [1;30mLevel 5[0m set package 'pilz_industrial_motion_planner_testutils' build argument 'cmake_target_skip_unavailable' from command line to 'False'
[0.386s] [34mcolcon.colcon_core.verb[0m [1;30mLevel 5[0m set package 'pilz_industrial_motion_planner_testutils' build argument 'cmake_clean_cache' from command line to 'False'
[0.386s] [34mcolcon.colcon_core.verb[0m [1;30mLevel 5[0m set package 'pilz_industrial_motion_planner_testutils' build argument 'cmake_clean_first' from command line to 'False'
[0.386s] [34mcolcon.colcon_core.verb[0m [1;30mLevel 5[0m set package 'pilz_industrial_motion_planner_testutils' build argument 'cmake_force_configure' from command line to 'False'
[0.386s] [34mcolcon.colcon_core.verb[0m [1;30mLevel 5[0m set package 'pilz_industrial_motion_planner_testutils' build argument 'ament_cmake_args' from command line to 'None'
[0.386s] [34mcolcon.colcon_core.verb[0m [1;30mLevel 5[0m set package 'pilz_industrial_motion_planner_testutils' build argument 'catkin_cmake_args' from command line to 'None'
[0.386s] [34mcolcon.colcon_core.verb[0m [1;30mLevel 5[0m set package 'pilz_industrial_motion_planner_testutils' build argument 'catkin_skip_building_tests' from command line to 'False'
[0.386s] [34mcolcon.colcon_core.verb[0m [1;30mDEBUG[0m [32mBuilding package 'pilz_industrial_motion_planner_testutils' with the following arguments: {'ament_cmake_args': None, 'build_base': '/home/a/ws_nhk/build/pilz_industrial_motion_planner_testutils', 'catkin_cmake_args': None, 'catkin_skip_building_tests': False, 'cmake_args': None, 'cmake_clean_cache': False, 'cmake_clean_first': False, 'cmake_force_configure': False, 'cmake_target': None, 'cmake_target_skip_unavailable': False, 'install_base': '/home/a/ws_nhk/install/pilz_industrial_motion_planner_testutils', 'merge_install': False, 'path': '/home/a/ws_nhk/src/moveit2/moveit_planners/pilz_industrial_motion_planner_testutils', 'symlink_install': False, 'test_result_base': None}[0m
[0.386s] [34mcolcon.colcon_core.verb[0m [1;30mLevel 5[0m set package 'trac_ik_kinematics_plugin' build argument 'cmake_args' from command line to 'None'
[0.386s] [34mcolcon.colcon_core.verb[0m [1;30mLevel 5[0m set package 'trac_ik_kinematics_plugin' build argument 'cmake_target' from command line to 'None'
[0.386s] [34mcolcon.colcon_core.verb[0m [1;30mLevel 5[0m set package 'trac_ik_kinematics_plugin' build argument 'cmake_target_skip_unavailable' from command line to 'False'
[0.386s] [34mcolcon.colcon_core.verb[0m [1;30mLevel 5[0m set package 'trac_ik_kinematics_plugin' build argument 'cmake_clean_cache' from command line to 'False'
[0.386s] [34mcolcon.colcon_core.verb[0m [1;30mLevel 5[0m set package 'trac_ik_kinematics_plugin' build argument 'cmake_clean_first' from command line to 'False'
[0.386s] [34mcolcon.colcon_core.verb[0m [1;30mLevel 5[0m set package 'trac_ik_kinematics_plugin' build argument 'cmake_force_configure' from command line to 'False'
[0.386s] [34mcolcon.colcon_core.verb[0m [1;30mLevel 5[0m set package 'trac_ik_kinematics_plugin' build argument 'ament_cmake_args' from command line to 'None'
[0.386s] [34mcolcon.colcon_core.verb[0m [1;30mLevel 5[0m set package 'trac_ik_kinematics_plugin' build argument 'catkin_cmake_args' from command line to 'None'
[0.386s] [34mcolcon.colcon_core.verb[0m [1;30mLevel 5[0m set package 'trac_ik_kinematics_plugin' build argument 'catkin_skip_building_tests' from command line to 'False'
[0.386s] [34mcolcon.colcon_core.verb[0m [1;30mDEBUG[0m [32mBuilding package 'trac_ik_kinematics_plugin' with the following arguments: {'ament_cmake_args': None, 'build_base': '/home/a/ws_nhk/build/trac_ik_kinematics_plugin', 'catkin_cmake_args': None, 'catkin_skip_building_tests': False, 'cmake_args': None, 'cmake_clean_cache': False, 'cmake_clean_first': False, 'cmake_force_configure': False, 'cmake_target': None, 'cmake_target_skip_unavailable': False, 'install_base': '/home/a/ws_nhk/install/trac_ik_kinematics_plugin', 'merge_install': False, 'path': '/home/a/ws_nhk/src/trac_ik/trac_ik_kinematics_plugin', 'symlink_install': False, 'test_result_base': None}[0m
[0.386s] [34mcolcon.colcon_core.verb[0m [1;30mLevel 5[0m set package 'moveit_chomp_optimizer_adapter' build argument 'cmake_args' from command line to 'None'
[0.386s] [34mcolcon.colcon_core.verb[0m [1;30mLevel 5[0m set package 'moveit_chomp_optimizer_adapter' build argument 'cmake_target' from command line to 'None'
[0.386s] [34mcolcon.colcon_core.verb[0m [1;30mLevel 5[0m set package 'moveit_chomp_optimizer_adapter' build argument 'cmake_target_skip_unavailable' from command line to 'False'
[0.386s] [34mcolcon.colcon_core.verb[0m [1;30mLevel 5[0m set package 'moveit_chomp_optimizer_adapter' build argument 'cmake_clean_cache' from command line to 'False'
[0.386s] [34mcolcon.colcon_core.verb[0m [1;30mLevel 5[0m set package 'moveit_chomp_optimizer_adapter' build argument 'cmake_clean_first' from command line to 'False'
[0.386s] [34mcolcon.colcon_core.verb[0m [1;30mLevel 5[0m set package 'moveit_chomp_optimizer_adapter' build argument 'cmake_force_configure' from command line to 'False'
[0.386s] [34mcolcon.colcon_core.verb[0m [1;30mLevel 5[0m set package 'moveit_chomp_optimizer_adapter' build argument 'ament_cmake_args' from command line to 'None'
[0.386s] [34mcolcon.colcon_core.verb[0m [1;30mLevel 5[0m set package 'moveit_chomp_optimizer_adapter' build argument 'catkin_cmake_args' from command line to 'None'
[0.386s] [34mcolcon.colcon_core.verb[0m [1;30mLevel 5[0m set package 'moveit_chomp_optimizer_adapter' build argument 'catkin_skip_building_tests' from command line to 'False'
[0.386s] [34mcolcon.colcon_core.verb[0m [1;30mDEBUG[0m [32mBuilding package 'moveit_chomp_optimizer_adapter' with the following arguments: {'ament_cmake_args': None, 'build_base': '/home/a/ws_nhk/build/moveit_chomp_optimizer_adapter', 'catkin_cmake_args': None, 'catkin_skip_building_tests': False, 'cmake_args': None, 'cmake_clean_cache': False, 'cmake_clean_first': False, 'cmake_force_configure': False, 'cmake_target': None, 'cmake_target_skip_unavailable': False, 'install_base': '/home/a/ws_nhk/install/moveit_chomp_optimizer_adapter', 'merge_install': False, 'path': '/home/a/ws_nhk/src/moveit2/moveit_planners/chomp/chomp_optimizer_adapter', 'symlink_install': False, 'test_result_base': None}[0m
[0.386s] [34mcolcon.colcon_core.verb[0m [1;30mLevel 5[0m set package 'moveit_planners_chomp' build argument 'cmake_args' from command line to 'None'
[0.387s] [34mcolcon.colcon_core.verb[0m [1;30mLevel 5[0m set package 'moveit_planners_chomp' build argument 'cmake_target' from command line to 'None'
[0.387s] [34mcolcon.colcon_core.verb[0m [1;30mLevel 5[0m set package 'moveit_planners_chomp' build argument 'cmake_target_skip_unavailable' from command line to 'False'
[0.387s] [34mcolcon.colcon_core.verb[0m [1;30mLevel 5[0m set package 'moveit_planners_chomp' build argument 'cmake_clean_cache' from command line to 'False'
[0.387s] [34mcolcon.colcon_core.verb[0m [1;30mLevel 5[0m set package 'moveit_planners_chomp' build argument 'cmake_clean_first' from command line to 'False'
[0.387s] [34mcolcon.colcon_core.verb[0m [1;30mLevel 5[0m set package 'moveit_planners_chomp' build argument 'cmake_force_configure' from command line to 'False'
[0.387s] [34mcolcon.colcon_core.verb[0m [1;30mLevel 5[0m set package 'moveit_planners_chomp' build argument 'ament_cmake_args' from command line to 'None'
[0.387s] [34mcolcon.colcon_core.verb[0m [1;30mLevel 5[0m set package 'moveit_planners_chomp' build argument 'catkin_cmake_args' from command line to 'None'
[0.387s] [34mcolcon.colcon_core.verb[0m [1;30mLevel 5[0m set package 'moveit_planners_chomp' build argument 'catkin_skip_building_tests' from command line to 'False'
[0.387s] [34mcolcon.colcon_core.verb[0m [1;30mDEBUG[0m [32mBuilding package 'moveit_planners_chomp' with the following arguments: {'ament_cmake_args': None, 'build_base': '/home/a/ws_nhk/build/moveit_planners_chomp', 'catkin_cmake_args': None, 'catkin_skip_building_tests': False, 'cmake_args': None, 'cmake_clean_cache': False, 'cmake_clean_first': False, 'cmake_force_configure': False, 'cmake_target': None, 'cmake_target_skip_unavailable': False, 'install_base': '/home/a/ws_nhk/install/moveit_planners_chomp', 'merge_install': False, 'path': '/home/a/ws_nhk/src/moveit2/moveit_planners/chomp/chomp_interface', 'symlink_install': False, 'test_result_base': None}[0m
[0.387s] [34mcolcon.colcon_core.verb[0m [1;30mLevel 5[0m set package 'moveit_plugins' build argument 'cmake_args' from command line to 'None'
[0.387s] [34mcolcon.colcon_core.verb[0m [1;30mLevel 5[0m set package 'moveit_plugins' build argument 'cmake_target' from command line to 'None'
[0.387s] [34mcolcon.colcon_core.verb[0m [1;30mLevel 5[0m set package 'moveit_plugins' build argument 'cmake_target_skip_unavailable' from command line to 'False'
[0.387s] [34mcolcon.colcon_core.verb[0m [1;30mLevel 5[0m set package 'moveit_plugins' build argument 'cmake_clean_cache' from command line to 'False'
[0.387s] [34mcolcon.colcon_core.verb[0m [1;30mLevel 5[0m set package 'moveit_plugins' build argument 'cmake_clean_first' from command line to 'False'
[0.387s] [34mcolcon.colcon_core.verb[0m [1;30mLevel 5[0m set package 'moveit_plugins' build argument 'cmake_force_configure' from command line to 'False'
[0.387s] [34mcolcon.colcon_core.verb[0m [1;30mLevel 5[0m set package 'moveit_plugins' build argument 'ament_cmake_args' from command line to 'None'
[0.387s] [34mcolcon.colcon_core.verb[0m [1;30mLevel 5[0m set package 'moveit_plugins' build argument 'catkin_cmake_args' from command line to 'None'
[0.387s] [34mcolcon.colcon_core.verb[0m [1;30mLevel 5[0m set package 'moveit_plugins' build argument 'catkin_skip_building_tests' from command line to 'False'
[0.387s] [34mcolcon.colcon_core.verb[0m [1;30mDEBUG[0m [32mBuilding package 'moveit_plugins' with the following arguments: {'ament_cmake_args': None, 'build_base': '/home/a/ws_nhk/build/moveit_plugins', 'catkin_cmake_args': None, 'catkin_skip_building_tests': False, 'cmake_args': None, 'cmake_clean_cache': False, 'cmake_clean_first': False, 'cmake_force_configure': False, 'cmake_target': None, 'cmake_target_skip_unavailable': False, 'install_base': '/home/a/ws_nhk/install/moveit_plugins', 'merge_install': False, 'path': '/home/a/ws_nhk/src/moveit2/moveit_plugins/moveit_plugins', 'symlink_install': False, 'test_result_base': None}[0m
[0.387s] [34mcolcon.colcon_core.verb[0m [1;30mLevel 5[0m set package 'moveit_ros_control_interface' build argument 'cmake_args' from command line to 'None'
[0.387s] [34mcolcon.colcon_core.verb[0m [1;30mLevel 5[0m set package 'moveit_ros_control_interface' build argument 'cmake_target' from command line to 'None'
[0.387s] [34mcolcon.colcon_core.verb[0m [1;30mLevel 5[0m set package 'moveit_ros_control_interface' build argument 'cmake_target_skip_unavailable' from command line to 'False'
[0.387s] [34mcolcon.colcon_core.verb[0m [1;30mLevel 5[0m set package 'moveit_ros_control_interface' build argument 'cmake_clean_cache' from command line to 'False'
[0.387s] [34mcolcon.colcon_core.verb[0m [1;30mLevel 5[0m set package 'moveit_ros_control_interface' build argument 'cmake_clean_first' from command line to 'False'
[0.387s] [34mcolcon.colcon_core.verb[0m [1;30mLevel 5[0m set package 'moveit_ros_control_interface' build argument 'cmake_force_configure' from command line to 'False'
[0.387s] [34mcolcon.colcon_core.verb[0m [1;30mLevel 5[0m set package 'moveit_ros_control_interface' build argument 'ament_cmake_args' from command line to 'None'
[0.387s] [34mcolcon.colcon_core.verb[0m [1;30mLevel 5[0m set package 'moveit_ros_control_interface' build argument 'catkin_cmake_args' from command line to 'None'
[0.387s] [34mcolcon.colcon_core.verb[0m [1;30mLevel 5[0m set package 'moveit_ros_control_interface' build argument 'catkin_skip_building_tests' from command line to 'False'
[0.387s] [34mcolcon.colcon_core.verb[0m [1;30mDEBUG[0m [32mBuilding package 'moveit_ros_control_interface' with the following arguments: {'ament_cmake_args': None, 'build_base': '/home/a/ws_nhk/build/moveit_ros_control_interface', 'catkin_cmake_args': None, 'catkin_skip_building_tests': False, 'cmake_args': None, 'cmake_clean_cache': False, 'cmake_clean_first': False, 'cmake_force_configure': False, 'cmake_target': None, 'cmake_target_skip_unavailable': False, 'install_base': '/home/a/ws_nhk/install/moveit_ros_control_interface', 'merge_install': False, 'path': '/home/a/ws_nhk/src/moveit2/moveit_plugins/moveit_ros_control_interface', 'symlink_install': False, 'test_result_base': None}[0m
[0.387s] [34mcolcon.colcon_core.verb[0m [1;30mLevel 5[0m set package 'moveit_ros_planning' build argument 'cmake_args' from command line to 'None'
[0.387s] [34mcolcon.colcon_core.verb[0m [1;30mLevel 5[0m set package 'moveit_ros_planning' build argument 'cmake_target' from command line to 'None'
[0.387s] [34mcolcon.colcon_core.verb[0m [1;30mLevel 5[0m set package 'moveit_ros_planning' build argument 'cmake_target_skip_unavailable' from command line to 'False'
[0.387s] [34mcolcon.colcon_core.verb[0m [1;30mLevel 5[0m set package 'moveit_ros_planning' build argument 'cmake_clean_cache' from command line to 'False'
[0.387s] [34mcolcon.colcon_core.verb[0m [1;30mLevel 5[0m set package 'moveit_ros_planning' build argument 'cmake_clean_first' from command line to 'False'
[0.387s] [34mcolcon.colcon_core.verb[0m [1;30mLevel 5[0m set package 'moveit_ros_planning' build argument 'cmake_force_configure' from command line to 'False'
[0.387s] [34mcolcon.colcon_core.verb[0m [1;30mLevel 5[0m set package 'moveit_ros_planning' build argument 'ament_cmake_args' from command line to 'None'
[0.387s] [34mcolcon.colcon_core.verb[0m [1;30mLevel 5[0m set package 'moveit_ros_planning' build argument 'catkin_cmake_args' from command line to 'None'
[0.388s] [34mcolcon.colcon_core.verb[0m [1;30mLevel 5[0m set package 'moveit_ros_planning' build argument 'catkin_skip_building_tests' from command line to 'False'
[0.388s] [34mcolcon.colcon_core.verb[0m [1;30mDEBUG[0m [32mBuilding package 'moveit_ros_planning' with the following arguments: {'ament_cmake_args': None, 'build_base': '/home/a/ws_nhk/build/moveit_ros_planning', 'catkin_cmake_args': None, 'catkin_skip_building_tests': False, 'cmake_args': None, 'cmake_clean_cache': False, 'cmake_clean_first': False, 'cmake_force_configure': False, 'cmake_target': None, 'cmake_target_skip_unavailable': False, 'install_base': '/home/a/ws_nhk/install/moveit_ros_planning', 'merge_install': False, 'path': '/home/a/ws_nhk/src/moveit2/moveit_ros/planning', 'symlink_install': False, 'test_result_base': None}[0m
[0.388s] [34mcolcon.colcon_core.verb[0m [1;30mLevel 5[0m set package 'trac_ik' build argument 'cmake_args' from command line to 'None'
[0.388s] [34mcolcon.colcon_core.verb[0m [1;30mLevel 5[0m set package 'trac_ik' build argument 'cmake_target' from command line to 'None'
[0.388s] [34mcolcon.colcon_core.verb[0m [1;30mLevel 5[0m set package 'trac_ik' build argument 'cmake_target_skip_unavailable' from command line to 'False'
[0.388s] [34mcolcon.colcon_core.verb[0m [1;30mLevel 5[0m set package 'trac_ik' build argument 'cmake_clean_cache' from command line to 'False'
[0.388s] [34mcolcon.colcon_core.verb[0m [1;30mLevel 5[0m set package 'trac_ik' build argument 'cmake_clean_first' from command line to 'False'
[0.388s] [34mcolcon.colcon_core.verb[0m [1;30mLevel 5[0m set package 'trac_ik' build argument 'cmake_force_configure' from command line to 'False'
[0.388s] [34mcolcon.colcon_core.verb[0m [1;30mLevel 5[0m set package 'trac_ik' build argument 'ament_cmake_args' from command line to 'None'
[0.388s] [34mcolcon.colcon_core.verb[0m [1;30mLevel 5[0m set package 'trac_ik' build argument 'catkin_cmake_args' from command line to 'None'
[0.388s] [34mcolcon.colcon_core.verb[0m [1;30mLevel 5[0m set package 'trac_ik' build argument 'catkin_skip_building_tests' from command line to 'False'
[0.388s] [34mcolcon.colcon_core.verb[0m [1;30mDEBUG[0m [32mBuilding package 'trac_ik' with the following arguments: {'ament_cmake_args': None, 'build_base': '/home/a/ws_nhk/build/trac_ik', 'catkin_cmake_args': None, 'catkin_skip_building_tests': False, 'cmake_args': None, 'cmake_clean_cache': False, 'cmake_clean_first': False, 'cmake_force_configure': False, 'cmake_target': None, 'cmake_target_skip_unavailable': False, 'install_base': '/home/a/ws_nhk/install/trac_ik', 'merge_install': False, 'path': '/home/a/ws_nhk/src/trac_ik/trac_ik', 'symlink_install': False, 'test_result_base': None}[0m
[0.388s] [34mcolcon.colcon_core.verb[0m [1;30mLevel 5[0m set package 'moveit_kinematics' build argument 'cmake_args' from command line to 'None'
[0.388s] [34mcolcon.colcon_core.verb[0m [1;30mLevel 5[0m set package 'moveit_kinematics' build argument 'cmake_target' from command line to 'None'
[0.388s] [34mcolcon.colcon_core.verb[0m [1;30mLevel 5[0m set package 'moveit_kinematics' build argument 'cmake_target_skip_unavailable' from command line to 'False'
[0.388s] [34mcolcon.colcon_core.verb[0m [1;30mLevel 5[0m set package 'moveit_kinematics' build argument 'cmake_clean_cache' from command line to 'False'
[0.388s] [34mcolcon.colcon_core.verb[0m [1;30mLevel 5[0m set package 'moveit_kinematics' build argument 'cmake_clean_first' from command line to 'False'
[0.388s] [34mcolcon.colcon_core.verb[0m [1;30mLevel 5[0m set package 'moveit_kinematics' build argument 'cmake_force_configure' from command line to 'False'
[0.388s] [34mcolcon.colcon_core.verb[0m [1;30mLevel 5[0m set package 'moveit_kinematics' build argument 'ament_cmake_args' from command line to 'None'
[0.388s] [34mcolcon.colcon_core.verb[0m [1;30mLevel 5[0m set package 'moveit_kinematics' build argument 'catkin_cmake_args' from command line to 'None'
[0.388s] [34mcolcon.colcon_core.verb[0m [1;30mLevel 5[0m set package 'moveit_kinematics' build argument 'catkin_skip_building_tests' from command line to 'False'
[0.388s] [34mcolcon.colcon_core.verb[0m [1;30mDEBUG[0m [32mBuilding package 'moveit_kinematics' with the following arguments: {'ament_cmake_args': None, 'build_base': '/home/a/ws_nhk/build/moveit_kinematics', 'catkin_cmake_args': None, 'catkin_skip_building_tests': False, 'cmake_args': None, 'cmake_clean_cache': False, 'cmake_clean_first': False, 'cmake_force_configure': False, 'cmake_target': None, 'cmake_target_skip_unavailable': False, 'install_base': '/home/a/ws_nhk/install/moveit_kinematics', 'merge_install': False, 'path': '/home/a/ws_nhk/src/moveit2/moveit_kinematics', 'symlink_install': False, 'test_result_base': None}[0m
[0.388s] [34mcolcon.colcon_core.verb[0m [1;30mLevel 5[0m set package 'moveit_planners_ompl' build argument 'cmake_args' from command line to 'None'
[0.388s] [34mcolcon.colcon_core.verb[0m [1;30mLevel 5[0m set package 'moveit_planners_ompl' build argument 'cmake_target' from command line to 'None'
[0.388s] [34mcolcon.colcon_core.verb[0m [1;30mLevel 5[0m set package 'moveit_planners_ompl' build argument 'cmake_target_skip_unavailable' from command line to 'False'
[0.388s] [34mcolcon.colcon_core.verb[0m [1;30mLevel 5[0m set package 'moveit_planners_ompl' build argument 'cmake_clean_cache' from command line to 'False'
[0.388s] [34mcolcon.colcon_core.verb[0m [1;30mLevel 5[0m set package 'moveit_planners_ompl' build argument 'cmake_clean_first' from command line to 'False'
[0.388s] [34mcolcon.colcon_core.verb[0m [1;30mLevel 5[0m set package 'moveit_planners_ompl' build argument 'cmake_force_configure' from command line to 'False'
[0.388s] [34mcolcon.colcon_core.verb[0m [1;30mLevel 5[0m set package 'moveit_planners_ompl' build argument 'ament_cmake_args' from command line to 'None'
[0.388s] [34mcolcon.colcon_core.verb[0m [1;30mLevel 5[0m set package 'moveit_planners_ompl' build argument 'catkin_cmake_args' from command line to 'None'
[0.388s] [34mcolcon.colcon_core.verb[0m [1;30mLevel 5[0m set package 'moveit_planners_ompl' build argument 'catkin_skip_building_tests' from command line to 'False'
[0.388s] [34mcolcon.colcon_core.verb[0m [1;30mDEBUG[0m [32mBuilding package 'moveit_planners_ompl' with the following arguments: {'ament_cmake_args': None, 'build_base': '/home/a/ws_nhk/build/moveit_planners_ompl', 'catkin_cmake_args': None, 'catkin_skip_building_tests': False, 'cmake_args': None, 'cmake_clean_cache': False, 'cmake_clean_first': False, 'cmake_force_configure': False, 'cmake_target': None, 'cmake_target_skip_unavailable': False, 'install_base': '/home/a/ws_nhk/install/moveit_planners_ompl', 'merge_install': False, 'path': '/home/a/ws_nhk/src/moveit2/moveit_planners/ompl', 'symlink_install': False, 'test_result_base': None}[0m
[0.389s] [34mcolcon.colcon_core.verb[0m [1;30mLevel 5[0m set package 'moveit_ros_perception' build argument 'cmake_args' from command line to 'None'
[0.389s] [34mcolcon.colcon_core.verb[0m [1;30mLevel 5[0m set package 'moveit_ros_perception' build argument 'cmake_target' from command line to 'None'
[0.389s] [34mcolcon.colcon_core.verb[0m [1;30mLevel 5[0m set package 'moveit_ros_perception' build argument 'cmake_target_skip_unavailable' from command line to 'False'
[0.389s] [34mcolcon.colcon_core.verb[0m [1;30mLevel 5[0m set package 'moveit_ros_perception' build argument 'cmake_clean_cache' from command line to 'False'
[0.389s] [34mcolcon.colcon_core.verb[0m [1;30mLevel 5[0m set package 'moveit_ros_perception' build argument 'cmake_clean_first' from command line to 'False'
[0.389s] [34mcolcon.colcon_core.verb[0m [1;30mLevel 5[0m set package 'moveit_ros_perception' build argument 'cmake_force_configure' from command line to 'False'
[0.389s] [34mcolcon.colcon_core.verb[0m [1;30mLevel 5[0m set package 'moveit_ros_perception' build argument 'ament_cmake_args' from command line to 'None'
[0.389s] [34mcolcon.colcon_core.verb[0m [1;30mLevel 5[0m set package 'moveit_ros_perception' build argument 'catkin_cmake_args' from command line to 'None'
[0.389s] [34mcolcon.colcon_core.verb[0m [1;30mLevel 5[0m set package 'moveit_ros_perception' build argument 'catkin_skip_building_tests' from command line to 'False'
[0.389s] [34mcolcon.colcon_core.verb[0m [1;30mDEBUG[0m [32mBuilding package 'moveit_ros_perception' with the following arguments: {'ament_cmake_args': None, 'build_base': '/home/a/ws_nhk/build/moveit_ros_perception', 'catkin_cmake_args': None, 'catkin_skip_building_tests': False, 'cmake_args': None, 'cmake_clean_cache': False, 'cmake_clean_first': False, 'cmake_force_configure': False, 'cmake_target': None, 'cmake_target_skip_unavailable': False, 'install_base': '/home/a/ws_nhk/install/moveit_ros_perception', 'merge_install': False, 'path': '/home/a/ws_nhk/src/moveit2/moveit_ros/perception', 'symlink_install': False, 'test_result_base': None}[0m
[0.389s] [34mcolcon.colcon_core.verb[0m [1;30mLevel 5[0m set package 'moveit_ros_robot_interaction' build argument 'cmake_args' from command line to 'None'
[0.389s] [34mcolcon.colcon_core.verb[0m [1;30mLevel 5[0m set package 'moveit_ros_robot_interaction' build argument 'cmake_target' from command line to 'None'
[0.389s] [34mcolcon.colcon_core.verb[0m [1;30mLevel 5[0m set package 'moveit_ros_robot_interaction' build argument 'cmake_target_skip_unavailable' from command line to 'False'
[0.389s] [34mcolcon.colcon_core.verb[0m [1;30mLevel 5[0m set package 'moveit_ros_robot_interaction' build argument 'cmake_clean_cache' from command line to 'False'
[0.389s] [34mcolcon.colcon_core.verb[0m [1;30mLevel 5[0m set package 'moveit_ros_robot_interaction' build argument 'cmake_clean_first' from command line to 'False'
[0.389s] [34mcolcon.colcon_core.verb[0m [1;30mLevel 5[0m set package 'moveit_ros_robot_interaction' build argument 'cmake_force_configure' from command line to 'False'
[0.389s] [34mcolcon.colcon_core.verb[0m [1;30mLevel 5[0m set package 'moveit_ros_robot_interaction' build argument 'ament_cmake_args' from command line to 'None'
[0.389s] [34mcolcon.colcon_core.verb[0m [1;30mLevel 5[0m set package 'moveit_ros_robot_interaction' build argument 'catkin_cmake_args' from command line to 'None'
[0.389s] [34mcolcon.colcon_core.verb[0m [1;30mLevel 5[0m set package 'moveit_ros_robot_interaction' build argument 'catkin_skip_building_tests' from command line to 'False'
[0.389s] [34mcolcon.colcon_core.verb[0m [1;30mDEBUG[0m [32mBuilding package 'moveit_ros_robot_interaction' with the following arguments: {'ament_cmake_args': None, 'build_base': '/home/a/ws_nhk/build/moveit_ros_robot_interaction', 'catkin_cmake_args': None, 'catkin_skip_building_tests': False, 'cmake_args': None, 'cmake_clean_cache': False, 'cmake_clean_first': False, 'cmake_force_configure': False, 'cmake_target': None, 'cmake_target_skip_unavailable': False, 'install_base': '/home/a/ws_nhk/install/moveit_ros_robot_interaction', 'merge_install': False, 'path': '/home/a/ws_nhk/src/moveit2/moveit_ros/robot_interaction', 'symlink_install': False, 'test_result_base': None}[0m
[0.389s] [34mcolcon.colcon_core.verb[0m [1;30mLevel 5[0m set package 'moveit_ros_warehouse' build argument 'cmake_args' from command line to 'None'
[0.389s] [34mcolcon.colcon_core.verb[0m [1;30mLevel 5[0m set package 'moveit_ros_warehouse' build argument 'cmake_target' from command line to 'None'
[0.389s] [34mcolcon.colcon_core.verb[0m [1;30mLevel 5[0m set package 'moveit_ros_warehouse' build argument 'cmake_target_skip_unavailable' from command line to 'False'
[0.389s] [34mcolcon.colcon_core.verb[0m [1;30mLevel 5[0m set package 'moveit_ros_warehouse' build argument 'cmake_clean_cache' from command line to 'False'
[0.389s] [34mcolcon.colcon_core.verb[0m [1;30mLevel 5[0m set package 'moveit_ros_warehouse' build argument 'cmake_clean_first' from command line to 'False'
[0.389s] [34mcolcon.colcon_core.verb[0m [1;30mLevel 5[0m set package 'moveit_ros_warehouse' build argument 'cmake_force_configure' from command line to 'False'
[0.389s] [34mcolcon.colcon_core.verb[0m [1;30mLevel 5[0m set package 'moveit_ros_warehouse' build argument 'ament_cmake_args' from command line to 'None'
[0.389s] [34mcolcon.colcon_core.verb[0m [1;30mLevel 5[0m set package 'moveit_ros_warehouse' build argument 'catkin_cmake_args' from command line to 'None'
[0.389s] [34mcolcon.colcon_core.verb[0m [1;30mLevel 5[0m set package 'moveit_ros_warehouse' build argument 'catkin_skip_building_tests' from command line to 'False'
[0.389s] [34mcolcon.colcon_core.verb[0m [1;30mDEBUG[0m [32mBuilding package 'moveit_ros_warehouse' with the following arguments: {'ament_cmake_args': None, 'build_base': '/home/a/ws_nhk/build/moveit_ros_warehouse', 'catkin_cmake_args': None, 'catkin_skip_building_tests': False, 'cmake_args': None, 'cmake_clean_cache': False, 'cmake_clean_first': False, 'cmake_force_configure': False, 'cmake_target': None, 'cmake_target_skip_unavailable': False, 'install_base': '/home/a/ws_nhk/install/moveit_ros_warehouse', 'merge_install': False, 'path': '/home/a/ws_nhk/src/moveit2/moveit_ros/warehouse', 'symlink_install': False, 'test_result_base': None}[0m
[0.390s] [34mcolcon.colcon_core.verb[0m [1;30mLevel 5[0m set package 'moveit_visual_tools' build argument 'cmake_args' from command line to 'None'
[0.390s] [34mcolcon.colcon_core.verb[0m [1;30mLevel 5[0m set package 'moveit_visual_tools' build argument 'cmake_target' from command line to 'None'
[0.390s] [34mcolcon.colcon_core.verb[0m [1;30mLevel 5[0m set package 'moveit_visual_tools' build argument 'cmake_target_skip_unavailable' from command line to 'False'
[0.390s] [34mcolcon.colcon_core.verb[0m [1;30mLevel 5[0m set package 'moveit_visual_tools' build argument 'cmake_clean_cache' from command line to 'False'
[0.390s] [34mcolcon.colcon_core.verb[0m [1;30mLevel 5[0m set package 'moveit_visual_tools' build argument 'cmake_clean_first' from command line to 'False'
[0.390s] [34mcolcon.colcon_core.verb[0m [1;30mLevel 5[0m set package 'moveit_visual_tools' build argument 'cmake_force_configure' from command line to 'False'
[0.390s] [34mcolcon.colcon_core.verb[0m [1;30mLevel 5[0m set package 'moveit_visual_tools' build argument 'ament_cmake_args' from command line to 'None'
[0.390s] [34mcolcon.colcon_core.verb[0m [1;30mLevel 5[0m set package 'moveit_visual_tools' build argument 'catkin_cmake_args' from command line to 'None'
[0.390s] [34mcolcon.colcon_core.verb[0m [1;30mLevel 5[0m set package 'moveit_visual_tools' build argument 'catkin_skip_building_tests' from command line to 'False'
[0.390s] [34mcolcon.colcon_core.verb[0m [1;30mDEBUG[0m [32mBuilding package 'moveit_visual_tools' with the following arguments: {'ament_cmake_args': None, 'build_base': '/home/a/ws_nhk/build/moveit_visual_tools', 'catkin_cmake_args': None, 'catkin_skip_building_tests': False, 'cmake_args': None, 'cmake_clean_cache': False, 'cmake_clean_first': False, 'cmake_force_configure': False, 'cmake_target': None, 'cmake_target_skip_unavailable': False, 'install_base': '/home/a/ws_nhk/install/moveit_visual_tools', 'merge_install': False, 'path': '/home/a/ws_nhk/src/moveit_visual_tools', 'symlink_install': False, 'test_result_base': None}[0m
[0.390s] [34mcolcon.colcon_core.verb[0m [1;30mLevel 5[0m set package 'moveit_ros_benchmarks' build argument 'cmake_args' from command line to 'None'
[0.390s] [34mcolcon.colcon_core.verb[0m [1;30mLevel 5[0m set package 'moveit_ros_benchmarks' build argument 'cmake_target' from command line to 'None'
[0.390s] [34mcolcon.colcon_core.verb[0m [1;30mLevel 5[0m set package 'moveit_ros_benchmarks' build argument 'cmake_target_skip_unavailable' from command line to 'False'
[0.390s] [34mcolcon.colcon_core.verb[0m [1;30mLevel 5[0m set package 'moveit_ros_benchmarks' build argument 'cmake_clean_cache' from command line to 'False'
[0.390s] [34mcolcon.colcon_core.verb[0m [1;30mLevel 5[0m set package 'moveit_ros_benchmarks' build argument 'cmake_clean_first' from command line to 'False'
[0.390s] [34mcolcon.colcon_core.verb[0m [1;30mLevel 5[0m set package 'moveit_ros_benchmarks' build argument 'cmake_force_configure' from command line to 'False'
[0.390s] [34mcolcon.colcon_core.verb[0m [1;30mLevel 5[0m set package 'moveit_ros_benchmarks' build argument 'ament_cmake_args' from command line to 'None'
[0.390s] [34mcolcon.colcon_core.verb[0m [1;30mLevel 5[0m set package 'moveit_ros_benchmarks' build argument 'catkin_cmake_args' from command line to 'None'
[0.390s] [34mcolcon.colcon_core.verb[0m [1;30mLevel 5[0m set package 'moveit_ros_benchmarks' build argument 'catkin_skip_building_tests' from command line to 'False'
[0.390s] [34mcolcon.colcon_core.verb[0m [1;30mDEBUG[0m [32mBuilding package 'moveit_ros_benchmarks' with the following arguments: {'ament_cmake_args': None, 'build_base': '/home/a/ws_nhk/build/moveit_ros_benchmarks', 'catkin_cmake_args': None, 'catkin_skip_building_tests': False, 'cmake_args': None, 'cmake_clean_cache': False, 'cmake_clean_first': False, 'cmake_force_configure': False, 'cmake_target': None, 'cmake_target_skip_unavailable': False, 'install_base': '/home/a/ws_nhk/install/moveit_ros_benchmarks', 'merge_install': False, 'path': '/home/a/ws_nhk/src/moveit2/moveit_ros/benchmarks', 'symlink_install': False, 'test_result_base': None}[0m
[0.390s] [34mcolcon.colcon_core.verb[0m [1;30mLevel 5[0m set package 'moveit_ros_move_group' build argument 'cmake_args' from command line to 'None'
[0.390s] [34mcolcon.colcon_core.verb[0m [1;30mLevel 5[0m set package 'moveit_ros_move_group' build argument 'cmake_target' from command line to 'None'
[0.390s] [34mcolcon.colcon_core.verb[0m [1;30mLevel 5[0m set package 'moveit_ros_move_group' build argument 'cmake_target_skip_unavailable' from command line to 'False'
[0.390s] [34mcolcon.colcon_core.verb[0m [1;30mLevel 5[0m set package 'moveit_ros_move_group' build argument 'cmake_clean_cache' from command line to 'False'
[0.390s] [34mcolcon.colcon_core.verb[0m [1;30mLevel 5[0m set package 'moveit_ros_move_group' build argument 'cmake_clean_first' from command line to 'False'
[0.390s] [34mcolcon.colcon_core.verb[0m [1;30mLevel 5[0m set package 'moveit_ros_move_group' build argument 'cmake_force_configure' from command line to 'False'
[0.390s] [34mcolcon.colcon_core.verb[0m [1;30mLevel 5[0m set package 'moveit_ros_move_group' build argument 'ament_cmake_args' from command line to 'None'
[0.390s] [34mcolcon.colcon_core.verb[0m [1;30mLevel 5[0m set package 'moveit_ros_move_group' build argument 'catkin_cmake_args' from command line to 'None'
[0.390s] [34mcolcon.colcon_core.verb[0m [1;30mLevel 5[0m set package 'moveit_ros_move_group' build argument 'catkin_skip_building_tests' from command line to 'False'
[0.390s] [34mcolcon.colcon_core.verb[0m [1;30mDEBUG[0m [32mBuilding package 'moveit_ros_move_group' with the following arguments: {'ament_cmake_args': None, 'build_base': '/home/a/ws_nhk/build/moveit_ros_move_group', 'catkin_cmake_args': None, 'catkin_skip_building_tests': False, 'cmake_args': None, 'cmake_clean_cache': False, 'cmake_clean_first': False, 'cmake_force_configure': False, 'cmake_target': None, 'cmake_target_skip_unavailable': False, 'install_base': '/home/a/ws_nhk/install/moveit_ros_move_group', 'merge_install': False, 'path': '/home/a/ws_nhk/src/moveit2/moveit_ros/move_group', 'symlink_install': False, 'test_result_base': None}[0m
[0.390s] [34mcolcon.colcon_core.verb[0m [1;30mLevel 5[0m set package 'moveit_resources_prbt_moveit_config' build argument 'cmake_args' from command line to 'None'
[0.390s] [34mcolcon.colcon_core.verb[0m [1;30mLevel 5[0m set package 'moveit_resources_prbt_moveit_config' build argument 'cmake_target' from command line to 'None'
[0.391s] [34mcolcon.colcon_core.verb[0m [1;30mLevel 5[0m set package 'moveit_resources_prbt_moveit_config' build argument 'cmake_target_skip_unavailable' from command line to 'False'
[0.391s] [34mcolcon.colcon_core.verb[0m [1;30mLevel 5[0m set package 'moveit_resources_prbt_moveit_config' build argument 'cmake_clean_cache' from command line to 'False'
[0.391s] [34mcolcon.colcon_core.verb[0m [1;30mLevel 5[0m set package 'moveit_resources_prbt_moveit_config' build argument 'cmake_clean_first' from command line to 'False'
[0.391s] [34mcolcon.colcon_core.verb[0m [1;30mLevel 5[0m set package 'moveit_resources_prbt_moveit_config' build argument 'cmake_force_configure' from command line to 'False'
[0.391s] [34mcolcon.colcon_core.verb[0m [1;30mLevel 5[0m set package 'moveit_resources_prbt_moveit_config' build argument 'ament_cmake_args' from command line to 'None'
[0.391s] [34mcolcon.colcon_core.verb[0m [1;30mLevel 5[0m set package 'moveit_resources_prbt_moveit_config' build argument 'catkin_cmake_args' from command line to 'None'
[0.391s] [34mcolcon.colcon_core.verb[0m [1;30mLevel 5[0m set package 'moveit_resources_prbt_moveit_config' build argument 'catkin_skip_building_tests' from command line to 'False'
[0.391s] [34mcolcon.colcon_core.verb[0m [1;30mDEBUG[0m [32mBuilding package 'moveit_resources_prbt_moveit_config' with the following arguments: {'ament_cmake_args': None, 'build_base': '/home/a/ws_nhk/build/moveit_resources_prbt_moveit_config', 'catkin_cmake_args': None, 'catkin_skip_building_tests': False, 'cmake_args': None, 'cmake_clean_cache': False, 'cmake_clean_first': False, 'cmake_force_configure': False, 'cmake_target': None, 'cmake_target_skip_unavailable': False, 'install_base': '/home/a/ws_nhk/install/moveit_resources_prbt_moveit_config', 'merge_install': False, 'path': '/home/a/ws_nhk/src/moveit2/moveit_planners/test_configs/prbt_moveit_config', 'symlink_install': False, 'test_result_base': None}[0m
[0.391s] [34mcolcon.colcon_core.verb[0m [1;30mLevel 5[0m set package 'moveit_ros_planning_interface' build argument 'cmake_args' from command line to 'None'
[0.391s] [34mcolcon.colcon_core.verb[0m [1;30mLevel 5[0m set package 'moveit_ros_planning_interface' build argument 'cmake_target' from command line to 'None'
[0.391s] [34mcolcon.colcon_core.verb[0m [1;30mLevel 5[0m set package 'moveit_ros_planning_interface' build argument 'cmake_target_skip_unavailable' from command line to 'False'
[0.391s] [34mcolcon.colcon_core.verb[0m [1;30mLevel 5[0m set package 'moveit_ros_planning_interface' build argument 'cmake_clean_cache' from command line to 'False'
[0.391s] [34mcolcon.colcon_core.verb[0m [1;30mLevel 5[0m set package 'moveit_ros_planning_interface' build argument 'cmake_clean_first' from command line to 'False'
[0.391s] [34mcolcon.colcon_core.verb[0m [1;30mLevel 5[0m set package 'moveit_ros_planning_interface' build argument 'cmake_force_configure' from command line to 'False'
[0.391s] [34mcolcon.colcon_core.verb[0m [1;30mLevel 5[0m set package 'moveit_ros_planning_interface' build argument 'ament_cmake_args' from command line to 'None'
[0.391s] [34mcolcon.colcon_core.verb[0m [1;30mLevel 5[0m set package 'moveit_ros_planning_interface' build argument 'catkin_cmake_args' from command line to 'None'
[0.391s] [34mcolcon.colcon_core.verb[0m [1;30mLevel 5[0m set package 'moveit_ros_planning_interface' build argument 'catkin_skip_building_tests' from command line to 'False'
[0.391s] [34mcolcon.colcon_core.verb[0m [1;30mDEBUG[0m [32mBuilding package 'moveit_ros_planning_interface' with the following arguments: {'ament_cmake_args': None, 'build_base': '/home/a/ws_nhk/build/moveit_ros_planning_interface', 'catkin_cmake_args': None, 'catkin_skip_building_tests': False, 'cmake_args': None, 'cmake_clean_cache': False, 'cmake_clean_first': False, 'cmake_force_configure': False, 'cmake_target': None, 'cmake_target_skip_unavailable': False, 'install_base': '/home/a/ws_nhk/install/moveit_ros_planning_interface', 'merge_install': False, 'path': '/home/a/ws_nhk/src/moveit2/moveit_ros/planning_interface', 'symlink_install': False, 'test_result_base': None}[0m
[0.391s] [34mcolcon.colcon_core.verb[0m [1;30mLevel 5[0m set package 'moveit_hybrid_planning' build argument 'cmake_args' from command line to 'None'
[0.391s] [34mcolcon.colcon_core.verb[0m [1;30mLevel 5[0m set package 'moveit_hybrid_planning' build argument 'cmake_target' from command line to 'None'
[0.391s] [34mcolcon.colcon_core.verb[0m [1;30mLevel 5[0m set package 'moveit_hybrid_planning' build argument 'cmake_target_skip_unavailable' from command line to 'False'
[0.391s] [34mcolcon.colcon_core.verb[0m [1;30mLevel 5[0m set package 'moveit_hybrid_planning' build argument 'cmake_clean_cache' from command line to 'False'
[0.391s] [34mcolcon.colcon_core.verb[0m [1;30mLevel 5[0m set package 'moveit_hybrid_planning' build argument 'cmake_clean_first' from command line to 'False'
[0.391s] [34mcolcon.colcon_core.verb[0m [1;30mLevel 5[0m set package 'moveit_hybrid_planning' build argument 'cmake_force_configure' from command line to 'False'
[0.391s] [34mcolcon.colcon_core.verb[0m [1;30mLevel 5[0m set package 'moveit_hybrid_planning' build argument 'ament_cmake_args' from command line to 'None'
[0.391s] [34mcolcon.colcon_core.verb[0m [1;30mLevel 5[0m set package 'moveit_hybrid_planning' build argument 'catkin_cmake_args' from command line to 'None'
[0.391s] [34mcolcon.colcon_core.verb[0m [1;30mLevel 5[0m set package 'moveit_hybrid_planning' build argument 'catkin_skip_building_tests' from command line to 'False'
[0.391s] [34mcolcon.colcon_core.verb[0m [1;30mDEBUG[0m [32mBuilding package 'moveit_hybrid_planning' with the following arguments: {'ament_cmake_args': None, 'build_base': '/home/a/ws_nhk/build/moveit_hybrid_planning', 'catkin_cmake_args': None, 'catkin_skip_building_tests': False, 'cmake_args': None, 'cmake_clean_cache': False, 'cmake_clean_first': False, 'cmake_force_configure': False, 'cmake_target': None, 'cmake_target_skip_unavailable': False, 'install_base': '/home/a/ws_nhk/install/moveit_hybrid_planning', 'merge_install': False, 'path': '/home/a/ws_nhk/src/moveit2/moveit_ros/hybrid_planning', 'symlink_install': False, 'test_result_base': None}[0m
[0.391s] [34mcolcon.colcon_core.verb[0m [1;30mLevel 5[0m set package 'moveit_resources_prbt_pg70_support' build argument 'cmake_args' from command line to 'None'
[0.392s] [34mcolcon.colcon_core.verb[0m [1;30mLevel 5[0m set package 'moveit_resources_prbt_pg70_support' build argument 'cmake_target' from command line to 'None'
[0.392s] [34mcolcon.colcon_core.verb[0m [1;30mLevel 5[0m set package 'moveit_resources_prbt_pg70_support' build argument 'cmake_target_skip_unavailable' from command line to 'False'
[0.392s] [34mcolcon.colcon_core.verb[0m [1;30mLevel 5[0m set package 'moveit_resources_prbt_pg70_support' build argument 'cmake_clean_cache' from command line to 'False'
[0.392s] [34mcolcon.colcon_core.verb[0m [1;30mLevel 5[0m set package 'moveit_resources_prbt_pg70_support' build argument 'cmake_clean_first' from command line to 'False'
[0.392s] [34mcolcon.colcon_core.verb[0m [1;30mLevel 5[0m set package 'moveit_resources_prbt_pg70_support' build argument 'cmake_force_configure' from command line to 'False'
[0.392s] [34mcolcon.colcon_core.verb[0m [1;30mLevel 5[0m set package 'moveit_resources_prbt_pg70_support' build argument 'ament_cmake_args' from command line to 'None'
[0.392s] [34mcolcon.colcon_core.verb[0m [1;30mLevel 5[0m set package 'moveit_resources_prbt_pg70_support' build argument 'catkin_cmake_args' from command line to 'None'
[0.392s] [34mcolcon.colcon_core.verb[0m [1;30mLevel 5[0m set package 'moveit_resources_prbt_pg70_support' build argument 'catkin_skip_building_tests' from command line to 'False'
[0.392s] [34mcolcon.colcon_core.verb[0m [1;30mDEBUG[0m [32mBuilding package 'moveit_resources_prbt_pg70_support' with the following arguments: {'ament_cmake_args': None, 'build_base': '/home/a/ws_nhk/build/moveit_resources_prbt_pg70_support', 'catkin_cmake_args': None, 'catkin_skip_building_tests': False, 'cmake_args': None, 'cmake_clean_cache': False, 'cmake_clean_first': False, 'cmake_force_configure': False, 'cmake_target': None, 'cmake_target_skip_unavailable': False, 'install_base': '/home/a/ws_nhk/install/moveit_resources_prbt_pg70_support', 'merge_install': False, 'path': '/home/a/ws_nhk/src/moveit2/moveit_planners/test_configs/prbt_pg70_support', 'symlink_install': False, 'test_result_base': None}[0m
[0.392s] [34mcolcon.colcon_core.verb[0m [1;30mLevel 5[0m set package 'moveit_ros_visualization' build argument 'cmake_args' from command line to 'None'
[0.392s] [34mcolcon.colcon_core.verb[0m [1;30mLevel 5[0m set package 'moveit_ros_visualization' build argument 'cmake_target' from command line to 'None'
[0.392s] [34mcolcon.colcon_core.verb[0m [1;30mLevel 5[0m set package 'moveit_ros_visualization' build argument 'cmake_target_skip_unavailable' from command line to 'False'
[0.392s] [34mcolcon.colcon_core.verb[0m [1;30mLevel 5[0m set package 'moveit_ros_visualization' build argument 'cmake_clean_cache' from command line to 'False'
[0.392s] [34mcolcon.colcon_core.verb[0m [1;30mLevel 5[0m set package 'moveit_ros_visualization' build argument 'cmake_clean_first' from command line to 'False'
[0.392s] [34mcolcon.colcon_core.verb[0m [1;30mLevel 5[0m set package 'moveit_ros_visualization' build argument 'cmake_force_configure' from command line to 'False'
[0.392s] [34mcolcon.colcon_core.verb[0m [1;30mLevel 5[0m set package 'moveit_ros_visualization' build argument 'ament_cmake_args' from command line to 'None'
[0.392s] [34mcolcon.colcon_core.verb[0m [1;30mLevel 5[0m set package 'moveit_ros_visualization' build argument 'catkin_cmake_args' from command line to 'None'
[0.392s] [34mcolcon.colcon_core.verb[0m [1;30mLevel 5[0m set package 'moveit_ros_visualization' build argument 'catkin_skip_building_tests' from command line to 'False'
[0.392s] [34mcolcon.colcon_core.verb[0m [1;30mDEBUG[0m [32mBuilding package 'moveit_ros_visualization' with the following arguments: {'ament_cmake_args': None, 'build_base': '/home/a/ws_nhk/build/moveit_ros_visualization', 'catkin_cmake_args': None, 'catkin_skip_building_tests': False, 'cmake_args': None, 'cmake_clean_cache': False, 'cmake_clean_first': False, 'cmake_force_configure': False, 'cmake_target': None, 'cmake_target_skip_unavailable': False, 'install_base': '/home/a/ws_nhk/install/moveit_ros_visualization', 'merge_install': False, 'path': '/home/a/ws_nhk/src/moveit2/moveit_ros/visualization', 'symlink_install': False, 'test_result_base': None}[0m
[0.392s] [34mcolcon.colcon_core.verb[0m [1;30mLevel 5[0m set package 'moveit_servo' build argument 'cmake_args' from command line to 'None'
[0.392s] [34mcolcon.colcon_core.verb[0m [1;30mLevel 5[0m set package 'moveit_servo' build argument 'cmake_target' from command line to 'None'
[0.392s] [34mcolcon.colcon_core.verb[0m [1;30mLevel 5[0m set package 'moveit_servo' build argument 'cmake_target_skip_unavailable' from command line to 'False'
[0.392s] [34mcolcon.colcon_core.verb[0m [1;30mLevel 5[0m set package 'moveit_servo' build argument 'cmake_clean_cache' from command line to 'False'
[0.392s] [34mcolcon.colcon_core.verb[0m [1;30mLevel 5[0m set package 'moveit_servo' build argument 'cmake_clean_first' from command line to 'False'
[0.392s] [34mcolcon.colcon_core.verb[0m [1;30mLevel 5[0m set package 'moveit_servo' build argument 'cmake_force_configure' from command line to 'False'
[0.392s] [34mcolcon.colcon_core.verb[0m [1;30mLevel 5[0m set package 'moveit_servo' build argument 'ament_cmake_args' from command line to 'None'
[0.392s] [34mcolcon.colcon_core.verb[0m [1;30mLevel 5[0m set package 'moveit_servo' build argument 'catkin_cmake_args' from command line to 'None'
[0.392s] [34mcolcon.colcon_core.verb[0m [1;30mLevel 5[0m set package 'moveit_servo' build argument 'catkin_skip_building_tests' from command line to 'False'
[0.392s] [34mcolcon.colcon_core.verb[0m [1;30mDEBUG[0m [32mBuilding package 'moveit_servo' with the following arguments: {'ament_cmake_args': None, 'build_base': '/home/a/ws_nhk/build/moveit_servo', 'catkin_cmake_args': None, 'catkin_skip_building_tests': False, 'cmake_args': None, 'cmake_clean_cache': False, 'cmake_clean_first': False, 'cmake_force_configure': False, 'cmake_target': None, 'cmake_target_skip_unavailable': False, 'install_base': '/home/a/ws_nhk/install/moveit_servo', 'merge_install': False, 'path': '/home/a/ws_nhk/src/moveit2/moveit_ros/moveit_servo', 'symlink_install': False, 'test_result_base': None}[0m
[0.392s] [34mcolcon.colcon_core.verb[0m [1;30mLevel 5[0m set package 'moveit_ros' build argument 'cmake_args' from command line to 'None'
[0.392s] [34mcolcon.colcon_core.verb[0m [1;30mLevel 5[0m set package 'moveit_ros' build argument 'cmake_target' from command line to 'None'
[0.392s] [34mcolcon.colcon_core.verb[0m [1;30mLevel 5[0m set package 'moveit_ros' build argument 'cmake_target_skip_unavailable' from command line to 'False'
[0.392s] [34mcolcon.colcon_core.verb[0m [1;30mLevel 5[0m set package 'moveit_ros' build argument 'cmake_clean_cache' from command line to 'False'
[0.392s] [34mcolcon.colcon_core.verb[0m [1;30mLevel 5[0m set package 'moveit_ros' build argument 'cmake_clean_first' from command line to 'False'
[0.393s] [34mcolcon.colcon_core.verb[0m [1;30mLevel 5[0m set package 'moveit_ros' build argument 'cmake_force_configure' from command line to 'False'
[0.393s] [34mcolcon.colcon_core.verb[0m [1;30mLevel 5[0m set package 'moveit_ros' build argument 'ament_cmake_args' from command line to 'None'
[0.393s] [34mcolcon.colcon_core.verb[0m [1;30mLevel 5[0m set package 'moveit_ros' build argument 'catkin_cmake_args' from command line to 'None'
[0.393s] [34mcolcon.colcon_core.verb[0m [1;30mLevel 5[0m set package 'moveit_ros' build argument 'catkin_skip_building_tests' from command line to 'False'
[0.393s] [34mcolcon.colcon_core.verb[0m [1;30mDEBUG[0m [32mBuilding package 'moveit_ros' with the following arguments: {'ament_cmake_args': None, 'build_base': '/home/a/ws_nhk/build/moveit_ros', 'catkin_cmake_args': None, 'catkin_skip_building_tests': False, 'cmake_args': None, 'cmake_clean_cache': False, 'cmake_clean_first': False, 'cmake_force_configure': False, 'cmake_target': None, 'cmake_target_skip_unavailable': False, 'install_base': '/home/a/ws_nhk/install/moveit_ros', 'merge_install': False, 'path': '/home/a/ws_nhk/src/moveit2/moveit_ros/moveit_ros', 'symlink_install': False, 'test_result_base': None}[0m
[0.393s] [34mcolcon.colcon_core.verb[0m [1;30mLevel 5[0m set package 'moveit_setup_framework' build argument 'cmake_args' from command line to 'None'
[0.393s] [34mcolcon.colcon_core.verb[0m [1;30mLevel 5[0m set package 'moveit_setup_framework' build argument 'cmake_target' from command line to 'None'
[0.393s] [34mcolcon.colcon_core.verb[0m [1;30mLevel 5[0m set package 'moveit_setup_framework' build argument 'cmake_target_skip_unavailable' from command line to 'False'
[0.393s] [34mcolcon.colcon_core.verb[0m [1;30mLevel 5[0m set package 'moveit_setup_framework' build argument 'cmake_clean_cache' from command line to 'False'
[0.393s] [34mcolcon.colcon_core.verb[0m [1;30mLevel 5[0m set package 'moveit_setup_framework' build argument 'cmake_clean_first' from command line to 'False'
[0.393s] [34mcolcon.colcon_core.verb[0m [1;30mLevel 5[0m set package 'moveit_setup_framework' build argument 'cmake_force_configure' from command line to 'False'
[0.393s] [34mcolcon.colcon_core.verb[0m [1;30mLevel 5[0m set package 'moveit_setup_framework' build argument 'ament_cmake_args' from command line to 'None'
[0.393s] [34mcolcon.colcon_core.verb[0m [1;30mLevel 5[0m set package 'moveit_setup_framework' build argument 'catkin_cmake_args' from command line to 'None'
[0.393s] [34mcolcon.colcon_core.verb[0m [1;30mLevel 5[0m set package 'moveit_setup_framework' build argument 'catkin_skip_building_tests' from command line to 'False'
[0.393s] [34mcolcon.colcon_core.verb[0m [1;30mDEBUG[0m [32mBuilding package 'moveit_setup_framework' with the following arguments: {'ament_cmake_args': None, 'build_base': '/home/a/ws_nhk/build/moveit_setup_framework', 'catkin_cmake_args': None, 'catkin_skip_building_tests': False, 'cmake_args': None, 'cmake_clean_cache': False, 'cmake_clean_first': False, 'cmake_force_configure': False, 'cmake_target': None, 'cmake_target_skip_unavailable': False, 'install_base': '/home/a/ws_nhk/install/moveit_setup_framework', 'merge_install': False, 'path': '/home/a/ws_nhk/src/moveit2/moveit_setup_assistant/moveit_setup_framework', 'symlink_install': False, 'test_result_base': None}[0m
[0.393s] [34mcolcon.colcon_core.verb[0m [1;30mLevel 5[0m set package 'pilz_industrial_motion_planner' build argument 'cmake_args' from command line to 'None'
[0.393s] [34mcolcon.colcon_core.verb[0m [1;30mLevel 5[0m set package 'pilz_industrial_motion_planner' build argument 'cmake_target' from command line to 'None'
[0.393s] [34mcolcon.colcon_core.verb[0m [1;30mLevel 5[0m set package 'pilz_industrial_motion_planner' build argument 'cmake_target_skip_unavailable' from command line to 'False'
[0.393s] [34mcolcon.colcon_core.verb[0m [1;30mLevel 5[0m set package 'pilz_industrial_motion_planner' build argument 'cmake_clean_cache' from command line to 'False'
[0.393s] [34mcolcon.colcon_core.verb[0m [1;30mLevel 5[0m set package 'pilz_industrial_motion_planner' build argument 'cmake_clean_first' from command line to 'False'
[0.393s] [34mcolcon.colcon_core.verb[0m [1;30mLevel 5[0m set package 'pilz_industrial_motion_planner' build argument 'cmake_force_configure' from command line to 'False'
[0.393s] [34mcolcon.colcon_core.verb[0m [1;30mLevel 5[0m set package 'pilz_industrial_motion_planner' build argument 'ament_cmake_args' from command line to 'None'
[0.393s] [34mcolcon.colcon_core.verb[0m [1;30mLevel 5[0m set package 'pilz_industrial_motion_planner' build argument 'catkin_cmake_args' from command line to 'None'
[0.393s] [34mcolcon.colcon_core.verb[0m [1;30mLevel 5[0m set package 'pilz_industrial_motion_planner' build argument 'catkin_skip_building_tests' from command line to 'False'
[0.393s] [34mcolcon.colcon_core.verb[0m [1;30mDEBUG[0m [32mBuilding package 'pilz_industrial_motion_planner' with the following arguments: {'ament_cmake_args': None, 'build_base': '/home/a/ws_nhk/build/pilz_industrial_motion_planner', 'catkin_cmake_args': None, 'catkin_skip_building_tests': False, 'cmake_args': None, 'cmake_clean_cache': False, 'cmake_clean_first': False, 'cmake_force_configure': False, 'cmake_target': None, 'cmake_target_skip_unavailable': False, 'install_base': '/home/a/ws_nhk/install/pilz_industrial_motion_planner', 'merge_install': False, 'path': '/home/a/ws_nhk/src/moveit2/moveit_planners/pilz_industrial_motion_planner', 'symlink_install': False, 'test_result_base': None}[0m
[0.393s] [34mcolcon.colcon_core.verb[0m [1;30mLevel 5[0m set package 'moveit_planners' build argument 'cmake_args' from command line to 'None'
[0.393s] [34mcolcon.colcon_core.verb[0m [1;30mLevel 5[0m set package 'moveit_planners' build argument 'cmake_target' from command line to 'None'
[0.393s] [34mcolcon.colcon_core.verb[0m [1;30mLevel 5[0m set package 'moveit_planners' build argument 'cmake_target_skip_unavailable' from command line to 'False'
[0.393s] [34mcolcon.colcon_core.verb[0m [1;30mLevel 5[0m set package 'moveit_planners' build argument 'cmake_clean_cache' from command line to 'False'
[0.393s] [34mcolcon.colcon_core.verb[0m [1;30mLevel 5[0m set package 'moveit_planners' build argument 'cmake_clean_first' from command line to 'False'
[0.393s] [34mcolcon.colcon_core.verb[0m [1;30mLevel 5[0m set package 'moveit_planners' build argument 'cmake_force_configure' from command line to 'False'
[0.393s] [34mcolcon.colcon_core.verb[0m [1;30mLevel 5[0m set package 'moveit_planners' build argument 'ament_cmake_args' from command line to 'None'
[0.393s] [34mcolcon.colcon_core.verb[0m [1;30mLevel 5[0m set package 'moveit_planners' build argument 'catkin_cmake_args' from command line to 'None'
[0.393s] [34mcolcon.colcon_core.verb[0m [1;30mLevel 5[0m set package 'moveit_planners' build argument 'catkin_skip_building_tests' from command line to 'False'
[0.394s] [34mcolcon.colcon_core.verb[0m [1;30mDEBUG[0m [32mBuilding package 'moveit_planners' with the following arguments: {'ament_cmake_args': None, 'build_base': '/home/a/ws_nhk/build/moveit_planners', 'catkin_cmake_args': None, 'catkin_skip_building_tests': False, 'cmake_args': None, 'cmake_clean_cache': False, 'cmake_clean_first': False, 'cmake_force_configure': False, 'cmake_target': None, 'cmake_target_skip_unavailable': False, 'install_base': '/home/a/ws_nhk/install/moveit_planners', 'merge_install': False, 'path': '/home/a/ws_nhk/src/moveit2/moveit_planners/moveit_planners', 'symlink_install': False, 'test_result_base': None}[0m
[0.394s] [34mcolcon.colcon_core.verb[0m [1;30mLevel 5[0m set package 'moveit_setup_app_plugins' build argument 'cmake_args' from command line to 'None'
[0.394s] [34mcolcon.colcon_core.verb[0m [1;30mLevel 5[0m set package 'moveit_setup_app_plugins' build argument 'cmake_target' from command line to 'None'
[0.394s] [34mcolcon.colcon_core.verb[0m [1;30mLevel 5[0m set package 'moveit_setup_app_plugins' build argument 'cmake_target_skip_unavailable' from command line to 'False'
[0.394s] [34mcolcon.colcon_core.verb[0m [1;30mLevel 5[0m set package 'moveit_setup_app_plugins' build argument 'cmake_clean_cache' from command line to 'False'
[0.394s] [34mcolcon.colcon_core.verb[0m [1;30mLevel 5[0m set package 'moveit_setup_app_plugins' build argument 'cmake_clean_first' from command line to 'False'
[0.394s] [34mcolcon.colcon_core.verb[0m [1;30mLevel 5[0m set package 'moveit_setup_app_plugins' build argument 'cmake_force_configure' from command line to 'False'
[0.394s] [34mcolcon.colcon_core.verb[0m [1;30mLevel 5[0m set package 'moveit_setup_app_plugins' build argument 'ament_cmake_args' from command line to 'None'
[0.394s] [34mcolcon.colcon_core.verb[0m [1;30mLevel 5[0m set package 'moveit_setup_app_plugins' build argument 'catkin_cmake_args' from command line to 'None'
[0.394s] [34mcolcon.colcon_core.verb[0m [1;30mLevel 5[0m set package 'moveit_setup_app_plugins' build argument 'catkin_skip_building_tests' from command line to 'False'
[0.394s] [34mcolcon.colcon_core.verb[0m [1;30mDEBUG[0m [32mBuilding package 'moveit_setup_app_plugins' with the following arguments: {'ament_cmake_args': None, 'build_base': '/home/a/ws_nhk/build/moveit_setup_app_plugins', 'catkin_cmake_args': None, 'catkin_skip_building_tests': False, 'cmake_args': None, 'cmake_clean_cache': False, 'cmake_clean_first': False, 'cmake_force_configure': False, 'cmake_target': None, 'cmake_target_skip_unavailable': False, 'install_base': '/home/a/ws_nhk/install/moveit_setup_app_plugins', 'merge_install': False, 'path': '/home/a/ws_nhk/src/moveit2/moveit_setup_assistant/moveit_setup_app_plugins', 'symlink_install': False, 'test_result_base': None}[0m
[0.394s] [34mcolcon.colcon_core.verb[0m [1;30mLevel 5[0m set package 'moveit_setup_controllers' build argument 'cmake_args' from command line to 'None'
[0.394s] [34mcolcon.colcon_core.verb[0m [1;30mLevel 5[0m set package 'moveit_setup_controllers' build argument 'cmake_target' from command line to 'None'
[0.394s] [34mcolcon.colcon_core.verb[0m [1;30mLevel 5[0m set package 'moveit_setup_controllers' build argument 'cmake_target_skip_unavailable' from command line to 'False'
[0.394s] [34mcolcon.colcon_core.verb[0m [1;30mLevel 5[0m set package 'moveit_setup_controllers' build argument 'cmake_clean_cache' from command line to 'False'
[0.394s] [34mcolcon.colcon_core.verb[0m [1;30mLevel 5[0m set package 'moveit_setup_controllers' build argument 'cmake_clean_first' from command line to 'False'
[0.394s] [34mcolcon.colcon_core.verb[0m [1;30mLevel 5[0m set package 'moveit_setup_controllers' build argument 'cmake_force_configure' from command line to 'False'
[0.394s] [34mcolcon.colcon_core.verb[0m [1;30mLevel 5[0m set package 'moveit_setup_controllers' build argument 'ament_cmake_args' from command line to 'None'
[0.394s] [34mcolcon.colcon_core.verb[0m [1;30mLevel 5[0m set package 'moveit_setup_controllers' build argument 'catkin_cmake_args' from command line to 'None'
[0.394s] [34mcolcon.colcon_core.verb[0m [1;30mLevel 5[0m set package 'moveit_setup_controllers' build argument 'catkin_skip_building_tests' from command line to 'False'
[0.394s] [34mcolcon.colcon_core.verb[0m [1;30mDEBUG[0m [32mBuilding package 'moveit_setup_controllers' with the following arguments: {'ament_cmake_args': None, 'build_base': '/home/a/ws_nhk/build/moveit_setup_controllers', 'catkin_cmake_args': None, 'catkin_skip_building_tests': False, 'cmake_args': None, 'cmake_clean_cache': False, 'cmake_clean_first': False, 'cmake_force_configure': False, 'cmake_target': None, 'cmake_target_skip_unavailable': False, 'install_base': '/home/a/ws_nhk/install/moveit_setup_controllers', 'merge_install': False, 'path': '/home/a/ws_nhk/src/moveit2/moveit_setup_assistant/moveit_setup_controllers', 'symlink_install': False, 'test_result_base': None}[0m
[0.394s] [34mcolcon.colcon_core.verb[0m [1;30mLevel 5[0m set package 'moveit_setup_core_plugins' build argument 'cmake_args' from command line to 'None'
[0.394s] [34mcolcon.colcon_core.verb[0m [1;30mLevel 5[0m set package 'moveit_setup_core_plugins' build argument 'cmake_target' from command line to 'None'
[0.394s] [34mcolcon.colcon_core.verb[0m [1;30mLevel 5[0m set package 'moveit_setup_core_plugins' build argument 'cmake_target_skip_unavailable' from command line to 'False'
[0.394s] [34mcolcon.colcon_core.verb[0m [1;30mLevel 5[0m set package 'moveit_setup_core_plugins' build argument 'cmake_clean_cache' from command line to 'False'
[0.394s] [34mcolcon.colcon_core.verb[0m [1;30mLevel 5[0m set package 'moveit_setup_core_plugins' build argument 'cmake_clean_first' from command line to 'False'
[0.394s] [34mcolcon.colcon_core.verb[0m [1;30mLevel 5[0m set package 'moveit_setup_core_plugins' build argument 'cmake_force_configure' from command line to 'False'
[0.394s] [34mcolcon.colcon_core.verb[0m [1;30mLevel 5[0m set package 'moveit_setup_core_plugins' build argument 'ament_cmake_args' from command line to 'None'
[0.394s] [34mcolcon.colcon_core.verb[0m [1;30mLevel 5[0m set package 'moveit_setup_core_plugins' build argument 'catkin_cmake_args' from command line to 'None'
[0.394s] [34mcolcon.colcon_core.verb[0m [1;30mLevel 5[0m set package 'moveit_setup_core_plugins' build argument 'catkin_skip_building_tests' from command line to 'False'
[0.394s] [34mcolcon.colcon_core.verb[0m [1;30mDEBUG[0m [32mBuilding package 'moveit_setup_core_plugins' with the following arguments: {'ament_cmake_args': None, 'build_base': '/home/a/ws_nhk/build/moveit_setup_core_plugins', 'catkin_cmake_args': None, 'catkin_skip_building_tests': False, 'cmake_args': None, 'cmake_clean_cache': False, 'cmake_clean_first': False, 'cmake_force_configure': False, 'cmake_target': None, 'cmake_target_skip_unavailable': False, 'install_base': '/home/a/ws_nhk/install/moveit_setup_core_plugins', 'merge_install': False, 'path': '/home/a/ws_nhk/src/moveit2/moveit_setup_assistant/moveit_setup_core_plugins', 'symlink_install': False, 'test_result_base': None}[0m
[0.395s] [34mcolcon.colcon_core.verb[0m [1;30mLevel 5[0m set package 'moveit_setup_srdf_plugins' build argument 'cmake_args' from command line to 'None'
[0.395s] [34mcolcon.colcon_core.verb[0m [1;30mLevel 5[0m set package 'moveit_setup_srdf_plugins' build argument 'cmake_target' from command line to 'None'
[0.395s] [34mcolcon.colcon_core.verb[0m [1;30mLevel 5[0m set package 'moveit_setup_srdf_plugins' build argument 'cmake_target_skip_unavailable' from command line to 'False'
[0.395s] [34mcolcon.colcon_core.verb[0m [1;30mLevel 5[0m set package 'moveit_setup_srdf_plugins' build argument 'cmake_clean_cache' from command line to 'False'
[0.395s] [34mcolcon.colcon_core.verb[0m [1;30mLevel 5[0m set package 'moveit_setup_srdf_plugins' build argument 'cmake_clean_first' from command line to 'False'
[0.395s] [34mcolcon.colcon_core.verb[0m [1;30mLevel 5[0m set package 'moveit_setup_srdf_plugins' build argument 'cmake_force_configure' from command line to 'False'
[0.395s] [34mcolcon.colcon_core.verb[0m [1;30mLevel 5[0m set package 'moveit_setup_srdf_plugins' build argument 'ament_cmake_args' from command line to 'None'
[0.395s] [34mcolcon.colcon_core.verb[0m [1;30mLevel 5[0m set package 'moveit_setup_srdf_plugins' build argument 'catkin_cmake_args' from command line to 'None'
[0.395s] [34mcolcon.colcon_core.verb[0m [1;30mLevel 5[0m set package 'moveit_setup_srdf_plugins' build argument 'catkin_skip_building_tests' from command line to 'False'
[0.395s] [34mcolcon.colcon_core.verb[0m [1;30mDEBUG[0m [32mBuilding package 'moveit_setup_srdf_plugins' with the following arguments: {'ament_cmake_args': None, 'build_base': '/home/a/ws_nhk/build/moveit_setup_srdf_plugins', 'catkin_cmake_args': None, 'catkin_skip_building_tests': False, 'cmake_args': None, 'cmake_clean_cache': False, 'cmake_clean_first': False, 'cmake_force_configure': False, 'cmake_target': None, 'cmake_target_skip_unavailable': False, 'install_base': '/home/a/ws_nhk/install/moveit_setup_srdf_plugins', 'merge_install': False, 'path': '/home/a/ws_nhk/src/moveit2/moveit_setup_assistant/moveit_setup_srdf_plugins', 'symlink_install': False, 'test_result_base': None}[0m
[0.395s] [34mcolcon.colcon_core.verb[0m [1;30mLevel 5[0m set package 'moveit_runtime' build argument 'cmake_args' from command line to 'None'
[0.395s] [34mcolcon.colcon_core.verb[0m [1;30mLevel 5[0m set package 'moveit_runtime' build argument 'cmake_target' from command line to 'None'
[0.395s] [34mcolcon.colcon_core.verb[0m [1;30mLevel 5[0m set package 'moveit_runtime' build argument 'cmake_target_skip_unavailable' from command line to 'False'
[0.395s] [34mcolcon.colcon_core.verb[0m [1;30mLevel 5[0m set package 'moveit_runtime' build argument 'cmake_clean_cache' from command line to 'False'
[0.395s] [34mcolcon.colcon_core.verb[0m [1;30mLevel 5[0m set package 'moveit_runtime' build argument 'cmake_clean_first' from command line to 'False'
[0.395s] [34mcolcon.colcon_core.verb[0m [1;30mLevel 5[0m set package 'moveit_runtime' build argument 'cmake_force_configure' from command line to 'False'
[0.395s] [34mcolcon.colcon_core.verb[0m [1;30mLevel 5[0m set package 'moveit_runtime' build argument 'ament_cmake_args' from command line to 'None'
[0.395s] [34mcolcon.colcon_core.verb[0m [1;30mLevel 5[0m set package 'moveit_runtime' build argument 'catkin_cmake_args' from command line to 'None'
[0.395s] [34mcolcon.colcon_core.verb[0m [1;30mLevel 5[0m set package 'moveit_runtime' build argument 'catkin_skip_building_tests' from command line to 'False'
[0.395s] [34mcolcon.colcon_core.verb[0m [1;30mDEBUG[0m [32mBuilding package 'moveit_runtime' with the following arguments: {'ament_cmake_args': None, 'build_base': '/home/a/ws_nhk/build/moveit_runtime', 'catkin_cmake_args': None, 'catkin_skip_building_tests': False, 'cmake_args': None, 'cmake_clean_cache': False, 'cmake_clean_first': False, 'cmake_force_configure': False, 'cmake_target': None, 'cmake_target_skip_unavailable': False, 'install_base': '/home/a/ws_nhk/install/moveit_runtime', 'merge_install': False, 'path': '/home/a/ws_nhk/src/moveit2/moveit_runtime', 'symlink_install': False, 'test_result_base': None}[0m
[0.395s] [34mcolcon.colcon_core.verb[0m [1;30mLevel 5[0m set package 'moveit_setup_assistant' build argument 'cmake_args' from command line to 'None'
[0.395s] [34mcolcon.colcon_core.verb[0m [1;30mLevel 5[0m set package 'moveit_setup_assistant' build argument 'cmake_target' from command line to 'None'
[0.395s] [34mcolcon.colcon_core.verb[0m [1;30mLevel 5[0m set package 'moveit_setup_assistant' build argument 'cmake_target_skip_unavailable' from command line to 'False'
[0.395s] [34mcolcon.colcon_core.verb[0m [1;30mLevel 5[0m set package 'moveit_setup_assistant' build argument 'cmake_clean_cache' from command line to 'False'
[0.395s] [34mcolcon.colcon_core.verb[0m [1;30mLevel 5[0m set package 'moveit_setup_assistant' build argument 'cmake_clean_first' from command line to 'False'
[0.395s] [34mcolcon.colcon_core.verb[0m [1;30mLevel 5[0m set package 'moveit_setup_assistant' build argument 'cmake_force_configure' from command line to 'False'
[0.395s] [34mcolcon.colcon_core.verb[0m [1;30mLevel 5[0m set package 'moveit_setup_assistant' build argument 'ament_cmake_args' from command line to 'None'
[0.395s] [34mcolcon.colcon_core.verb[0m [1;30mLevel 5[0m set package 'moveit_setup_assistant' build argument 'catkin_cmake_args' from command line to 'None'
[0.395s] [34mcolcon.colcon_core.verb[0m [1;30mLevel 5[0m set package 'moveit_setup_assistant' build argument 'catkin_skip_building_tests' from command line to 'False'
[0.395s] [34mcolcon.colcon_core.verb[0m [1;30mDEBUG[0m [32mBuilding package 'moveit_setup_assistant' with the following arguments: {'ament_cmake_args': None, 'build_base': '/home/a/ws_nhk/build/moveit_setup_assistant', 'catkin_cmake_args': None, 'catkin_skip_building_tests': False, 'cmake_args': None, 'cmake_clean_cache': False, 'cmake_clean_first': False, 'cmake_force_configure': False, 'cmake_target': None, 'cmake_target_skip_unavailable': False, 'install_base': '/home/a/ws_nhk/install/moveit_setup_assistant', 'merge_install': False, 'path': '/home/a/ws_nhk/src/moveit2/moveit_setup_assistant/moveit_setup_assistant', 'symlink_install': False, 'test_result_base': None}[0m
[0.396s] [34mcolcon.colcon_core.verb[0m [1;30mLevel 5[0m set package 'moveit_task_constructor_core' build argument 'cmake_args' from command line to 'None'
[0.396s] [34mcolcon.colcon_core.verb[0m [1;30mLevel 5[0m set package 'moveit_task_constructor_core' build argument 'cmake_target' from command line to 'None'
[0.396s] [34mcolcon.colcon_core.verb[0m [1;30mLevel 5[0m set package 'moveit_task_constructor_core' build argument 'cmake_target_skip_unavailable' from command line to 'False'
[0.396s] [34mcolcon.colcon_core.verb[0m [1;30mLevel 5[0m set package 'moveit_task_constructor_core' build argument 'cmake_clean_cache' from command line to 'False'
[0.396s] [34mcolcon.colcon_core.verb[0m [1;30mLevel 5[0m set package 'moveit_task_constructor_core' build argument 'cmake_clean_first' from command line to 'False'
[0.396s] [34mcolcon.colcon_core.verb[0m [1;30mLevel 5[0m set package 'moveit_task_constructor_core' build argument 'cmake_force_configure' from command line to 'False'
[0.396s] [34mcolcon.colcon_core.verb[0m [1;30mLevel 5[0m set package 'moveit_task_constructor_core' build argument 'ament_cmake_args' from command line to 'None'
[0.396s] [34mcolcon.colcon_core.verb[0m [1;30mLevel 5[0m set package 'moveit_task_constructor_core' build argument 'catkin_cmake_args' from command line to 'None'
[0.396s] [34mcolcon.colcon_core.verb[0m [1;30mLevel 5[0m set package 'moveit_task_constructor_core' build argument 'catkin_skip_building_tests' from command line to 'False'
[0.396s] [34mcolcon.colcon_core.verb[0m [1;30mDEBUG[0m [32mBuilding package 'moveit_task_constructor_core' with the following arguments: {'ament_cmake_args': None, 'build_base': '/home/a/ws_nhk/build/moveit_task_constructor_core', 'catkin_cmake_args': None, 'catkin_skip_building_tests': False, 'cmake_args': None, 'cmake_clean_cache': False, 'cmake_clean_first': False, 'cmake_force_configure': False, 'cmake_target': None, 'cmake_target_skip_unavailable': False, 'install_base': '/home/a/ws_nhk/install/moveit_task_constructor_core', 'merge_install': False, 'path': '/home/a/ws_nhk/src/moveit_task_constructor/core', 'symlink_install': False, 'test_result_base': None}[0m
[0.396s] [34mcolcon.colcon_core.verb[0m [1;30mLevel 5[0m set package 'moveit' build argument 'cmake_args' from command line to 'None'
[0.396s] [34mcolcon.colcon_core.verb[0m [1;30mLevel 5[0m set package 'moveit' build argument 'cmake_target' from command line to 'None'
[0.396s] [34mcolcon.colcon_core.verb[0m [1;30mLevel 5[0m set package 'moveit' build argument 'cmake_target_skip_unavailable' from command line to 'False'
[0.396s] [34mcolcon.colcon_core.verb[0m [1;30mLevel 5[0m set package 'moveit' build argument 'cmake_clean_cache' from command line to 'False'
[0.396s] [34mcolcon.colcon_core.verb[0m [1;30mLevel 5[0m set package 'moveit' build argument 'cmake_clean_first' from command line to 'False'
[0.396s] [34mcolcon.colcon_core.verb[0m [1;30mLevel 5[0m set package 'moveit' build argument 'cmake_force_configure' from command line to 'False'
[0.396s] [34mcolcon.colcon_core.verb[0m [1;30mLevel 5[0m set package 'moveit' build argument 'ament_cmake_args' from command line to 'None'
[0.396s] [34mcolcon.colcon_core.verb[0m [1;30mLevel 5[0m set package 'moveit' build argument 'catkin_cmake_args' from command line to 'None'
[0.396s] [34mcolcon.colcon_core.verb[0m [1;30mLevel 5[0m set package 'moveit' build argument 'catkin_skip_building_tests' from command line to 'False'
[0.396s] [34mcolcon.colcon_core.verb[0m [1;30mDEBUG[0m [32mBuilding package 'moveit' with the following arguments: {'ament_cmake_args': None, 'build_base': '/home/a/ws_nhk/build/moveit', 'catkin_cmake_args': None, 'catkin_skip_building_tests': False, 'cmake_args': None, 'cmake_clean_cache': False, 'cmake_clean_first': False, 'cmake_force_configure': False, 'cmake_target': None, 'cmake_target_skip_unavailable': False, 'install_base': '/home/a/ws_nhk/install/moveit', 'merge_install': False, 'path': '/home/a/ws_nhk/src/moveit2/moveit', 'symlink_install': False, 'test_result_base': None}[0m
[0.396s] [34mcolcon.colcon_core.verb[0m [1;30mLevel 5[0m set package 'moveit_config' build argument 'cmake_args' from command line to 'None'
[0.396s] [34mcolcon.colcon_core.verb[0m [1;30mLevel 5[0m set package 'moveit_config' build argument 'cmake_target' from command line to 'None'
[0.396s] [34mcolcon.colcon_core.verb[0m [1;30mLevel 5[0m set package 'moveit_config' build argument 'cmake_target_skip_unavailable' from command line to 'False'
[0.396s] [34mcolcon.colcon_core.verb[0m [1;30mLevel 5[0m set package 'moveit_config' build argument 'cmake_clean_cache' from command line to 'False'
[0.396s] [34mcolcon.colcon_core.verb[0m [1;30mLevel 5[0m set package 'moveit_config' build argument 'cmake_clean_first' from command line to 'False'
[0.396s] [34mcolcon.colcon_core.verb[0m [1;30mLevel 5[0m set package 'moveit_config' build argument 'cmake_force_configure' from command line to 'False'
[0.396s] [34mcolcon.colcon_core.verb[0m [1;30mLevel 5[0m set package 'moveit_config' build argument 'ament_cmake_args' from command line to 'None'
[0.396s] [34mcolcon.colcon_core.verb[0m [1;30mLevel 5[0m set package 'moveit_config' build argument 'catkin_cmake_args' from command line to 'None'
[0.396s] [34mcolcon.colcon_core.verb[0m [1;30mLevel 5[0m set package 'moveit_config' build argument 'catkin_skip_building_tests' from command line to 'False'
[0.396s] [34mcolcon.colcon_core.verb[0m [1;30mDEBUG[0m [32mBuilding package 'moveit_config' with the following arguments: {'ament_cmake_args': None, 'build_base': '/home/a/ws_nhk/build/moveit_config', 'catkin_cmake_args': None, 'catkin_skip_building_tests': False, 'cmake_args': None, 'cmake_clean_cache': False, 'cmake_clean_first': False, 'cmake_force_configure': False, 'cmake_target': None, 'cmake_target_skip_unavailable': False, 'install_base': '/home/a/ws_nhk/install/moveit_config', 'merge_install': False, 'path': '/home/a/ws_nhk/src/moveit_config', 'symlink_install': False, 'test_result_base': None}[0m
[0.397s] [34mcolcon.colcon_core.verb[0m [1;30mLevel 5[0m set package 'moveit_r2_config' build argument 'cmake_args' from command line to 'None'
[0.397s] [34mcolcon.colcon_core.verb[0m [1;30mLevel 5[0m set package 'moveit_r2_config' build argument 'cmake_target' from command line to 'None'
[0.397s] [34mcolcon.colcon_core.verb[0m [1;30mLevel 5[0m set package 'moveit_r2_config' build argument 'cmake_target_skip_unavailable' from command line to 'False'
[0.397s] [34mcolcon.colcon_core.verb[0m [1;30mLevel 5[0m set package 'moveit_r2_config' build argument 'cmake_clean_cache' from command line to 'False'
[0.397s] [34mcolcon.colcon_core.verb[0m [1;30mLevel 5[0m set package 'moveit_r2_config' build argument 'cmake_clean_first' from command line to 'False'
[0.397s] [34mcolcon.colcon_core.verb[0m [1;30mLevel 5[0m set package 'moveit_r2_config' build argument 'cmake_force_configure' from command line to 'False'
[0.397s] [34mcolcon.colcon_core.verb[0m [1;30mLevel 5[0m set package 'moveit_r2_config' build argument 'ament_cmake_args' from command line to 'None'
[0.397s] [34mcolcon.colcon_core.verb[0m [1;30mLevel 5[0m set package 'moveit_r2_config' build argument 'catkin_cmake_args' from command line to 'None'
[0.397s] [34mcolcon.colcon_core.verb[0m [1;30mLevel 5[0m set package 'moveit_r2_config' build argument 'catkin_skip_building_tests' from command line to 'False'
[0.397s] [34mcolcon.colcon_core.verb[0m [1;30mDEBUG[0m [32mBuilding package 'moveit_r2_config' with the following arguments: {'ament_cmake_args': None, 'build_base': '/home/a/ws_nhk/build/moveit_r2_config', 'catkin_cmake_args': None, 'catkin_skip_building_tests': False, 'cmake_args': None, 'cmake_clean_cache': False, 'cmake_clean_first': False, 'cmake_force_configure': False, 'cmake_target': None, 'cmake_target_skip_unavailable': False, 'install_base': '/home/a/ws_nhk/install/moveit_r2_config', 'merge_install': False, 'path': '/home/a/ws_nhk/src/moveit_r2_config', 'symlink_install': False, 'test_result_base': None}[0m
[0.397s] [34mcolcon.colcon_core.verb[0m [1;30mLevel 5[0m set package 'moveit_task_constructor_capabilities' build argument 'cmake_args' from command line to 'None'
[0.397s] [34mcolcon.colcon_core.verb[0m [1;30mLevel 5[0m set package 'moveit_task_constructor_capabilities' build argument 'cmake_target' from command line to 'None'
[0.397s] [34mcolcon.colcon_core.verb[0m [1;30mLevel 5[0m set package 'moveit_task_constructor_capabilities' build argument 'cmake_target_skip_unavailable' from command line to 'False'
[0.397s] [34mcolcon.colcon_core.verb[0m [1;30mLevel 5[0m set package 'moveit_task_constructor_capabilities' build argument 'cmake_clean_cache' from command line to 'False'
[0.397s] [34mcolcon.colcon_core.verb[0m [1;30mLevel 5[0m set package 'moveit_task_constructor_capabilities' build argument 'cmake_clean_first' from command line to 'False'
[0.397s] [34mcolcon.colcon_core.verb[0m [1;30mLevel 5[0m set package 'moveit_task_constructor_capabilities' build argument 'cmake_force_configure' from command line to 'False'
[0.397s] [34mcolcon.colcon_core.verb[0m [1;30mLevel 5[0m set package 'moveit_task_constructor_capabilities' build argument 'ament_cmake_args' from command line to 'None'
[0.397s] [34mcolcon.colcon_core.verb[0m [1;30mLevel 5[0m set package 'moveit_task_constructor_capabilities' build argument 'catkin_cmake_args' from command line to 'None'
[0.397s] [34mcolcon.colcon_core.verb[0m [1;30mLevel 5[0m set package 'moveit_task_constructor_capabilities' build argument 'catkin_skip_building_tests' from command line to 'False'
[0.397s] [34mcolcon.colcon_core.verb[0m [1;30mDEBUG[0m [32mBuilding package 'moveit_task_constructor_capabilities' with the following arguments: {'ament_cmake_args': None, 'build_base': '/home/a/ws_nhk/build/moveit_task_constructor_capabilities', 'catkin_cmake_args': None, 'catkin_skip_building_tests': False, 'cmake_args': None, 'cmake_clean_cache': False, 'cmake_clean_first': False, 'cmake_force_configure': False, 'cmake_target': None, 'cmake_target_skip_unavailable': False, 'install_base': '/home/a/ws_nhk/install/moveit_task_constructor_capabilities', 'merge_install': False, 'path': '/home/a/ws_nhk/src/moveit_task_constructor/capabilities', 'symlink_install': False, 'test_result_base': None}[0m
[0.397s] [34mcolcon.colcon_core.verb[0m [1;30mLevel 5[0m set package 'moveit_task_constructor_visualization' build argument 'cmake_args' from command line to 'None'
[0.397s] [34mcolcon.colcon_core.verb[0m [1;30mLevel 5[0m set package 'moveit_task_constructor_visualization' build argument 'cmake_target' from command line to 'None'
[0.397s] [34mcolcon.colcon_core.verb[0m [1;30mLevel 5[0m set package 'moveit_task_constructor_visualization' build argument 'cmake_target_skip_unavailable' from command line to 'False'
[0.397s] [34mcolcon.colcon_core.verb[0m [1;30mLevel 5[0m set package 'moveit_task_constructor_visualization' build argument 'cmake_clean_cache' from command line to 'False'
[0.397s] [34mcolcon.colcon_core.verb[0m [1;30mLevel 5[0m set package 'moveit_task_constructor_visualization' build argument 'cmake_clean_first' from command line to 'False'
[0.397s] [34mcolcon.colcon_core.verb[0m [1;30mLevel 5[0m set package 'moveit_task_constructor_visualization' build argument 'cmake_force_configure' from command line to 'False'
[0.397s] [34mcolcon.colcon_core.verb[0m [1;30mLevel 5[0m set package 'moveit_task_constructor_visualization' build argument 'ament_cmake_args' from command line to 'None'
[0.397s] [34mcolcon.colcon_core.verb[0m [1;30mLevel 5[0m set package 'moveit_task_constructor_visualization' build argument 'catkin_cmake_args' from command line to 'None'
[0.397s] [34mcolcon.colcon_core.verb[0m [1;30mLevel 5[0m set package 'moveit_task_constructor_visualization' build argument 'catkin_skip_building_tests' from command line to 'False'
[0.397s] [34mcolcon.colcon_core.verb[0m [1;30mDEBUG[0m [32mBuilding package 'moveit_task_constructor_visualization' with the following arguments: {'ament_cmake_args': None, 'build_base': '/home/a/ws_nhk/build/moveit_task_constructor_visualization', 'catkin_cmake_args': None, 'catkin_skip_building_tests': False, 'cmake_args': None, 'cmake_clean_cache': False, 'cmake_clean_first': False, 'cmake_force_configure': False, 'cmake_target': None, 'cmake_target_skip_unavailable': False, 'install_base': '/home/a/ws_nhk/install/moveit_task_constructor_visualization', 'merge_install': False, 'path': '/home/a/ws_nhk/src/moveit_task_constructor/visualization', 'symlink_install': False, 'test_result_base': None}[0m
[0.398s] [34mcolcon.colcon_core.verb[0m [1;30mLevel 5[0m set package 'sakai_r2_config' build argument 'cmake_args' from command line to 'None'
[0.398s] [34mcolcon.colcon_core.verb[0m [1;30mLevel 5[0m set package 'sakai_r2_config' build argument 'cmake_target' from command line to 'None'
[0.398s] [34mcolcon.colcon_core.verb[0m [1;30mLevel 5[0m set package 'sakai_r2_config' build argument 'cmake_target_skip_unavailable' from command line to 'False'
[0.398s] [34mcolcon.colcon_core.verb[0m [1;30mLevel 5[0m set package 'sakai_r2_config' build argument 'cmake_clean_cache' from command line to 'False'
[0.398s] [34mcolcon.colcon_core.verb[0m [1;30mLevel 5[0m set package 'sakai_r2_config' build argument 'cmake_clean_first' from command line to 'False'
[0.398s] [34mcolcon.colcon_core.verb[0m [1;30mLevel 5[0m set package 'sakai_r2_config' build argument 'cmake_force_configure' from command line to 'False'
[0.398s] [34mcolcon.colcon_core.verb[0m [1;30mLevel 5[0m set package 'sakai_r2_config' build argument 'ament_cmake_args' from command line to 'None'
[0.398s] [34mcolcon.colcon_core.verb[0m [1;30mLevel 5[0m set package 'sakai_r2_config' build argument 'catkin_cmake_args' from command line to 'None'
[0.398s] [34mcolcon.colcon_core.verb[0m [1;30mLevel 5[0m set package 'sakai_r2_config' build argument 'catkin_skip_building_tests' from command line to 'False'
[0.398s] [34mcolcon.colcon_core.verb[0m [1;30mDEBUG[0m [32mBuilding package 'sakai_r2_config' with the following arguments: {'ament_cmake_args': None, 'build_base': '/home/a/ws_nhk/build/sakai_r2_config', 'catkin_cmake_args': None, 'catkin_skip_building_tests': False, 'cmake_args': None, 'cmake_clean_cache': False, 'cmake_clean_first': False, 'cmake_force_configure': False, 'cmake_target': None, 'cmake_target_skip_unavailable': False, 'install_base': '/home/a/ws_nhk/install/sakai_r2_config', 'merge_install': False, 'path': '/home/a/ws_nhk/src/sakai_r2_config', 'symlink_install': False, 'test_result_base': None}[0m
[0.398s] [34mcolcon.colcon_core.verb[0m [1;30mLevel 5[0m set package 'moveit2_tutorials' build argument 'cmake_args' from command line to 'None'
[0.398s] [34mcolcon.colcon_core.verb[0m [1;30mLevel 5[0m set package 'moveit2_tutorials' build argument 'cmake_target' from command line to 'None'
[0.398s] [34mcolcon.colcon_core.verb[0m [1;30mLevel 5[0m set package 'moveit2_tutorials' build argument 'cmake_target_skip_unavailable' from command line to 'False'
[0.398s] [34mcolcon.colcon_core.verb[0m [1;30mLevel 5[0m set package 'moveit2_tutorials' build argument 'cmake_clean_cache' from command line to 'False'
[0.398s] [34mcolcon.colcon_core.verb[0m [1;30mLevel 5[0m set package 'moveit2_tutorials' build argument 'cmake_clean_first' from command line to 'False'
[0.398s] [34mcolcon.colcon_core.verb[0m [1;30mLevel 5[0m set package 'moveit2_tutorials' build argument 'cmake_force_configure' from command line to 'False'
[0.398s] [34mcolcon.colcon_core.verb[0m [1;30mLevel 5[0m set package 'moveit2_tutorials' build argument 'ament_cmake_args' from command line to 'None'
[0.398s] [34mcolcon.colcon_core.verb[0m [1;30mLevel 5[0m set package 'moveit2_tutorials' build argument 'catkin_cmake_args' from command line to 'None'
[0.398s] [34mcolcon.colcon_core.verb[0m [1;30mLevel 5[0m set package 'moveit2_tutorials' build argument 'catkin_skip_building_tests' from command line to 'False'
[0.398s] [34mcolcon.colcon_core.verb[0m [1;30mDEBUG[0m [32mBuilding package 'moveit2_tutorials' with the following arguments: {'ament_cmake_args': None, 'build_base': '/home/a/ws_nhk/build/moveit2_tutorials', 'catkin_cmake_args': None, 'catkin_skip_building_tests': False, 'cmake_args': None, 'cmake_clean_cache': False, 'cmake_clean_first': False, 'cmake_force_configure': False, 'cmake_target': None, 'cmake_target_skip_unavailable': False, 'install_base': '/home/a/ws_nhk/install/moveit2_tutorials', 'merge_install': False, 'path': '/home/a/ws_nhk/src/moveit2_tutorials', 'symlink_install': False, 'test_result_base': None}[0m
[0.398s] [34mcolcon.colcon_core.verb[0m [1;30mLevel 5[0m set package 'moveit_task_constructor_demo' build argument 'cmake_args' from command line to 'None'
[0.398s] [34mcolcon.colcon_core.verb[0m [1;30mLevel 5[0m set package 'moveit_task_constructor_demo' build argument 'cmake_target' from command line to 'None'
[0.398s] [34mcolcon.colcon_core.verb[0m [1;30mLevel 5[0m set package 'moveit_task_constructor_demo' build argument 'cmake_target_skip_unavailable' from command line to 'False'
[0.398s] [34mcolcon.colcon_core.verb[0m [1;30mLevel 5[0m set package 'moveit_task_constructor_demo' build argument 'cmake_clean_cache' from command line to 'False'
[0.398s] [34mcolcon.colcon_core.verb[0m [1;30mLevel 5[0m set package 'moveit_task_constructor_demo' build argument 'cmake_clean_first' from command line to 'False'
[0.398s] [34mcolcon.colcon_core.verb[0m [1;30mLevel 5[0m set package 'moveit_task_constructor_demo' build argument 'cmake_force_configure' from command line to 'False'
[0.398s] [34mcolcon.colcon_core.verb[0m [1;30mLevel 5[0m set package 'moveit_task_constructor_demo' build argument 'ament_cmake_args' from command line to 'None'
[0.398s] [34mcolcon.colcon_core.verb[0m [1;30mLevel 5[0m set package 'moveit_task_constructor_demo' build argument 'catkin_cmake_args' from command line to 'None'
[0.398s] [34mcolcon.colcon_core.verb[0m [1;30mLevel 5[0m set package 'moveit_task_constructor_demo' build argument 'catkin_skip_building_tests' from command line to 'False'
[0.398s] [34mcolcon.colcon_core.verb[0m [1;30mDEBUG[0m [32mBuilding package 'moveit_task_constructor_demo' with the following arguments: {'ament_cmake_args': None, 'build_base': '/home/a/ws_nhk/build/moveit_task_constructor_demo', 'catkin_cmake_args': None, 'catkin_skip_building_tests': False, 'cmake_args': None, 'cmake_clean_cache': False, 'cmake_clean_first': False, 'cmake_force_configure': False, 'cmake_target': None, 'cmake_target_skip_unavailable': False, 'install_base': '/home/a/ws_nhk/install/moveit_task_constructor_demo', 'merge_install': False, 'path': '/home/a/ws_nhk/src/moveit_task_constructor/demo', 'symlink_install': False, 'test_result_base': None}[0m
[0.399s] [34mcolcon.colcon_core.executor[0m [1;30mINFO[0m Executing jobs using 'parallel' executor
[0.399s] [34mcolcon.colcon_parallel_executor.executor.parallel[0m [1;30mDEBUG[0m [32mrun_until_complete[0m
[0.400s] [34mcolcon.colcon_ros.task.ament_cmake.build[0m [1;30mINFO[0m Building ROS package in '/home/a/ws_nhk/src/moveit_resources/panda_description' with build type 'ament_cmake'
[0.401s] [34mcolcon.colcon_cmake.task.cmake.build[0m [1;30mINFO[0m Building CMake package in '/home/a/ws_nhk/src/moveit_resources/panda_description'
[0.404s] [34mcolcon.colcon_core.plugin_system[0m [1;30mINFO[0m Skipping extension 'colcon_core.shell.bat': Not used on non-Windows systems
[0.404s] [34mcolcon.colcon_core.shell[0m [1;30mINFO[0m Skip shell extension 'powershell' for command environment: Not usable outside of PowerShell
[0.404s] [34mcolcon.colcon_core.shell[0m [1;30mDEBUG[0m [32mSkip shell extension 'dsv' for command environment[0m
[0.409s] [34mcolcon.colcon_ros.task.ament_cmake.build[0m [1;30mINFO[0m Building ROS package in '/home/a/ws_nhk/src/moveit2/moveit_common' with build type 'ament_cmake'
[0.409s] [34mcolcon.colcon_cmake.task.cmake.build[0m [1;30mINFO[0m Building CMake package in '/home/a/ws_nhk/src/moveit2/moveit_common'
[0.409s] [34mcolcon.colcon_core.shell[0m [1;30mINFO[0m Skip shell extension 'powershell' for command environment: Not usable outside of PowerShell
[0.409s] [34mcolcon.colcon_core.shell[0m [1;30mDEBUG[0m [32mSkip shell extension 'dsv' for command environment[0m
[0.413s] [34mcolcon.colcon_ros.task.ament_cmake.build[0m [1;30mINFO[0m Building ROS package in '/home/a/ws_nhk/src/moveit_resources/pr2_description' with build type 'ament_cmake'
[0.413s] [34mcolcon.colcon_cmake.task.cmake.build[0m [1;30mINFO[0m Building CMake package in '/home/a/ws_nhk/src/moveit_resources/pr2_description'
[0.413s] [34mcolcon.colcon_core.shell[0m [1;30mINFO[0m Skip shell extension 'powershell' for command environment: Not usable outside of PowerShell
[0.413s] [34mcolcon.colcon_core.shell[0m [1;30mDEBUG[0m [32mSkip shell extension 'dsv' for command environment[0m
[0.417s] [34mcolcon.colcon_ros.task.ament_cmake.build[0m [1;30mINFO[0m Building ROS package in '/home/a/ws_nhk/src/srdfdom' with build type 'ament_cmake'
[0.417s] [34mcolcon.colcon_cmake.task.cmake.build[0m [1;30mINFO[0m Building CMake package in '/home/a/ws_nhk/src/srdfdom'
[0.417s] [34mcolcon.colcon_core.shell[0m [1;30mINFO[0m Skip shell extension 'powershell' for command environment: Not usable outside of PowerShell
[0.417s] [34mcolcon.colcon_core.shell[0m [1;30mDEBUG[0m [32mSkip shell extension 'dsv' for command environment[0m
[0.421s] [34mcolcon.colcon_ros.task.ament_python.build[0m [1;30mINFO[0m Building ROS package in '/home/a/ws_nhk/src/launch_param_builder' with build type 'ament_python'
[0.421s] [34mcolcon.colcon_core.shell[0m [1;30mLevel 1[0m create_environment_hook('launch_param_builder', 'ament_prefix_path')
[0.422s] [34mcolcon.colcon_core.shell[0m [1;30mINFO[0m Creating environment hook '/home/a/ws_nhk/install/launch_param_builder/share/launch_param_builder/hook/ament_prefix_path.ps1'
[0.422s] [34mcolcon.colcon_core.shell[0m [1;30mINFO[0m Creating environment descriptor '/home/a/ws_nhk/install/launch_param_builder/share/launch_param_builder/hook/ament_prefix_path.dsv'
[0.422s] [34mcolcon.colcon_core.shell[0m [1;30mINFO[0m Creating environment hook '/home/a/ws_nhk/install/launch_param_builder/share/launch_param_builder/hook/ament_prefix_path.sh'
[0.423s] [34mcolcon.colcon_core.shell[0m [1;30mINFO[0m Skip shell extension 'powershell' for command environment: Not usable outside of PowerShell
[0.423s] [34mcolcon.colcon_core.shell[0m [1;30mDEBUG[0m [32mSkip shell extension 'dsv' for command environment[0m
[0.426s] [34mcolcon.colcon_ros.task.ament_cmake.build[0m [1;30mINFO[0m Building ROS package in '/home/a/ws_nhk/src/moveit_resources/fanuc_description' with build type 'ament_cmake'
[0.426s] [34mcolcon.colcon_cmake.task.cmake.build[0m [1;30mINFO[0m Building CMake package in '/home/a/ws_nhk/src/moveit_resources/fanuc_description'
[0.426s] [34mcolcon.colcon_core.shell[0m [1;30mINFO[0m Skip shell extension 'powershell' for command environment: Not usable outside of PowerShell
[0.426s] [34mcolcon.colcon_core.shell[0m [1;30mDEBUG[0m [32mSkip shell extension 'dsv' for command environment[0m
[0.430s] [34mcolcon.colcon_ros.task.ament_cmake.build[0m [1;30mINFO[0m Building ROS package in '/home/a/ws_nhk/src/trac_ik/trac_ik_lib' with build type 'ament_cmake'
[0.430s] [34mcolcon.colcon_cmake.task.cmake.build[0m [1;30mINFO[0m Building CMake package in '/home/a/ws_nhk/src/trac_ik/trac_ik_lib'
[0.430s] [34mcolcon.colcon_core.shell[0m [1;30mINFO[0m Skip shell extension 'powershell' for command environment: Not usable outside of PowerShell
[0.430s] [34mcolcon.colcon_core.shell[0m [1;30mDEBUG[0m [32mSkip shell extension 'dsv' for command environment[0m
[0.434s] [34mcolcon.colcon_ros.task.ament_cmake.build[0m [1;30mINFO[0m Building ROS package in '/home/a/ws_nhk/src/moveit2/moveit_planners/test_configs/prbt_support' with build type 'ament_cmake'
[0.434s] [34mcolcon.colcon_cmake.task.cmake.build[0m [1;30mINFO[0m Building CMake package in '/home/a/ws_nhk/src/moveit2/moveit_planners/test_configs/prbt_support'
[0.434s] [34mcolcon.colcon_core.shell[0m [1;30mINFO[0m Skip shell extension 'powershell' for command environment: Not usable outside of PowerShell
[0.434s] [34mcolcon.colcon_core.shell[0m [1;30mDEBUG[0m [32mSkip shell extension 'dsv' for command environment[0m
[0.438s] [34mcolcon.colcon_ros.task.ament_cmake.build[0m [1;30mINFO[0m Building ROS package in '/home/a/ws_nhk/src/MAVLink_ros2/stm32_mavlink_msgs' with build type 'ament_cmake'
[0.438s] [34mcolcon.colcon_cmake.task.cmake.build[0m [1;30mINFO[0m Building CMake package in '/home/a/ws_nhk/src/MAVLink_ros2/stm32_mavlink_msgs'
[0.438s] [34mcolcon.colcon_core.shell[0m [1;30mINFO[0m Skip shell extension 'powershell' for command environment: Not usable outside of PowerShell
[0.438s] [34mcolcon.colcon_core.shell[0m [1;30mDEBUG[0m [32mSkip shell extension 'dsv' for command environment[0m
[0.442s] [34mcolcon.colcon_ros.task.ament_cmake.build[0m [1;30mINFO[0m Building ROS package in '/home/a/ws_nhk/src/moveit_task_constructor/msgs' with build type 'ament_cmake'
[0.442s] [34mcolcon.colcon_cmake.task.cmake.build[0m [1;30mINFO[0m Building CMake package in '/home/a/ws_nhk/src/moveit_task_constructor/msgs'
[0.442s] [34mcolcon.colcon_core.shell[0m [1;30mINFO[0m Skip shell extension 'powershell' for command environment: Not usable outside of PowerShell
[0.442s] [34mcolcon.colcon_core.shell[0m [1;30mDEBUG[0m [32mSkip shell extension 'dsv' for command environment[0m
[0.447s] [34mcolcon.colcon_ros.task.ament_cmake.build[0m [1;30mINFO[0m Building ROS package in '/home/a/ws_nhk/src/dynamixel_ros2/DynamixelSDK/dynamixel_sdk' with build type 'ament_cmake'
[0.447s] [34mcolcon.colcon_cmake.task.cmake.build[0m [1;30mINFO[0m Building CMake package in '/home/a/ws_nhk/src/dynamixel_ros2/DynamixelSDK/dynamixel_sdk'
[0.447s] [34mcolcon.colcon_core.shell[0m [1;30mINFO[0m Skip shell extension 'powershell' for command environment: Not usable outside of PowerShell
[0.447s] [34mcolcon.colcon_core.shell[0m [1;30mDEBUG[0m [32mSkip shell extension 'dsv' for command environment[0m
[0.451s] [34mcolcon.colcon_ros.task.ament_cmake.build[0m [1;30mINFO[0m Building ROS package in '/home/a/ws_nhk/src/rogidrive/rogidrive_msg' with build type 'ament_cmake'
[0.451s] [34mcolcon.colcon_cmake.task.cmake.build[0m [1;30mINFO[0m Building CMake package in '/home/a/ws_nhk/src/rogidrive/rogidrive_msg'
[0.451s] [34mcolcon.colcon_core.shell[0m [1;30mINFO[0m Skip shell extension 'powershell' for command environment: Not usable outside of PowerShell
[0.451s] [34mcolcon.colcon_core.shell[0m [1;30mDEBUG[0m [32mSkip shell extension 'dsv' for command environment[0m
[0.455s] [34mcolcon.colcon_ros.task.ament_cmake.build[0m [1;30mINFO[0m Building ROS package in '/home/a/ws_nhk/src/a_r2_description-20251207T063721Z-3-001/a_r2_description' with build type 'ament_cmake'
[0.455s] [34mcolcon.colcon_cmake.task.cmake.build[0m [1;30mINFO[0m Building CMake package in '/home/a/ws_nhk/src/a_r2_description-20251207T063721Z-3-001/a_r2_description'
[0.455s] [34mcolcon.colcon_core.shell[0m [1;30mINFO[0m Skip shell extension 'powershell' for command environment: Not usable outside of PowerShell
[0.455s] [34mcolcon.colcon_core.shell[0m [1;30mDEBUG[0m [32mSkip shell extension 'dsv' for command environment[0m
[0.459s] [34mcolcon.colcon_ros.task.ament_cmake.build[0m [1;30mINFO[0m Building ROS package in '/home/a/ws_nhk/src/arm_module_description-20251221T061328Z-3-001/arm_module_description' with build type 'ament_cmake'
[0.459s] [34mcolcon.colcon_cmake.task.cmake.build[0m [1;30mINFO[0m Building CMake package in '/home/a/ws_nhk/src/arm_module_description-20251221T061328Z-3-001/arm_module_description'
[0.459s] [34mcolcon.colcon_core.shell[0m [1;30mINFO[0m Skip shell extension 'powershell' for command environment: Not usable outside of PowerShell
[0.459s] [34mcolcon.colcon_core.shell[0m [1;30mDEBUG[0m [32mSkip shell extension 'dsv' for command environment[0m
[0.463s] [34mcolcon.colcon_ros.task.ament_cmake.build[0m [1;30mINFO[0m Building ROS package in '/home/a/ws_nhk/src/arm_v20_description-20251026T114629Z-1-001/arm_v20_description' with build type 'ament_cmake'
[0.463s] [34mcolcon.colcon_cmake.task.cmake.build[0m [1;30mINFO[0m Building CMake package in '/home/a/ws_nhk/src/arm_v20_description-20251026T114629Z-1-001/arm_v20_description'
[0.463s] [34mcolcon.colcon_core.shell[0m [1;30mINFO[0m Skip shell extension 'powershell' for command environment: Not usable outside of PowerShell
[0.463s] [34mcolcon.colcon_core.shell[0m [1;30mDEBUG[0m [32mSkip shell extension 'dsv' for command environment[0m
[0.467s] [34mcolcon.colcon_ros.task.ament_cmake.build[0m [1;30mINFO[0m Building ROS package in '/home/a/ws_nhk/src/dynamixel_ros2/DynamixelSDK/dynamixel_sdk_custom_interfaces' with build type 'ament_cmake'
[0.467s] [34mcolcon.colcon_cmake.task.cmake.build[0m [1;30mINFO[0m Building CMake package in '/home/a/ws_nhk/src/dynamixel_ros2/DynamixelSDK/dynamixel_sdk_custom_interfaces'
[0.467s] [34mcolcon.colcon_core.shell[0m [1;30mINFO[0m Skip shell extension 'powershell' for command environment: Not usable outside of PowerShell
[0.467s] [34mcolcon.colcon_core.shell[0m [1;30mDEBUG[0m [32mSkip shell extension 'dsv' for command environment[0m
[0.471s] [34mcolcon.colcon_ros.task.ament_python.build[0m [1;30mINFO[0m Building ROS package in '/home/a/ws_nhk/src/dynamixel_ros2/dynamixel_controller_client' with build type 'ament_python'
[0.471s] [34mcolcon.colcon_core.shell[0m [1;30mLevel 1[0m create_environment_hook('dynamixel_controller_client', 'ament_prefix_path')
[0.471s] [34mcolcon.colcon_core.shell[0m [1;30mINFO[0m Creating environment hook '/home/a/ws_nhk/install/dynamixel_controller_client/share/dynamixel_controller_client/hook/ament_prefix_path.ps1'
[0.471s] [34mcolcon.colcon_core.shell[0m [1;30mINFO[0m Creating environment descriptor '/home/a/ws_nhk/install/dynamixel_controller_client/share/dynamixel_controller_client/hook/ament_prefix_path.dsv'
[0.472s] [34mcolcon.colcon_core.shell[0m [1;30mINFO[0m Creating environment hook '/home/a/ws_nhk/install/dynamixel_controller_client/share/dynamixel_controller_client/hook/ament_prefix_path.sh'
[0.472s] [34mcolcon.colcon_core.shell[0m [1;30mINFO[0m Skip shell extension 'powershell' for command environment: Not usable outside of PowerShell
[0.472s] [34mcolcon.colcon_core.shell[0m [1;30mDEBUG[0m [32mSkip shell extension 'dsv' for command environment[0m
[0.476s] [34mcolcon.colcon_ros.task.ament_cmake.build[0m [1;30mINFO[0m Building ROS package in '/home/a/ws_nhk/src/nhk_bt' with build type 'ament_cmake'
[0.476s] [34mcolcon.colcon_cmake.task.cmake.build[0m [1;30mINFO[0m Building CMake package in '/home/a/ws_nhk/src/nhk_bt'
[0.476s] [34mcolcon.colcon_core.shell[0m [1;30mINFO[0m Skip shell extension 'powershell' for command environment: Not usable outside of PowerShell
[0.476s] [34mcolcon.colcon_core.shell[0m [1;30mDEBUG[0m [32mSkip shell extension 'dsv' for command environment[0m
[0.480s] [34mcolcon.colcon_ros.task.ament_cmake.build[0m [1;30mINFO[0m Building ROS package in '/home/a/ws_nhk/src/rosparam_shortcuts' with build type 'ament_cmake'
[0.480s] [34mcolcon.colcon_cmake.task.cmake.build[0m [1;30mINFO[0m Building CMake package in '/home/a/ws_nhk/src/rosparam_shortcuts'
[0.480s] [34mcolcon.colcon_core.shell[0m [1;30mINFO[0m Skip shell extension 'powershell' for command environment: Not usable outside of PowerShell
[0.480s] [34mcolcon.colcon_core.shell[0m [1;30mDEBUG[0m [32mSkip shell extension 'dsv' for command environment[0m
[0.489s] [34mcolcon.colcon_core.event_handler.log_command[0m [1;30mDEBUG[0m [32mInvoking command in '/home/a/ws_nhk/build/moveit_resources_panda_description': CMAKE_PREFIX_PATH=${CMAKE_PREFIX_PATH}:/home/a/ws_nhk/install/moveit_configs_utils:/home/a/ws_nhk/install/rogidrive:/home/a/ws_nhk/install/launch_param_builder:/home/a/ws_nhk/install/dynamixel_controller_gui:/home/a/ws_nhk/install/dynamixel_controller_client:/opt/ros/humble /usr/bin/cmake --build /home/a/ws_nhk/build/moveit_resources_panda_description -- -j22 -l22[0m
[0.490s] [34mcolcon.colcon_core.event_handler.log_command[0m [1;30mDEBUG[0m [32mInvoking command in '/home/a/ws_nhk/build/moveit_common': CMAKE_PREFIX_PATH=${CMAKE_PREFIX_PATH}:/home/a/ws_nhk/install/moveit_configs_utils:/home/a/ws_nhk/install/rogidrive:/home/a/ws_nhk/install/launch_param_builder:/home/a/ws_nhk/install/dynamixel_controller_gui:/home/a/ws_nhk/install/dynamixel_controller_client:/opt/ros/humble /usr/bin/cmake --build /home/a/ws_nhk/build/moveit_common -- -j22 -l22[0m
[0.492s] [34mcolcon.colcon_core.event_handler.log_command[0m [1;30mDEBUG[0m [32mInvoking command in '/home/a/ws_nhk/build/moveit_resources_pr2_description': CMAKE_PREFIX_PATH=${CMAKE_PREFIX_PATH}:/home/a/ws_nhk/install/moveit_configs_utils:/home/a/ws_nhk/install/rogidrive:/home/a/ws_nhk/install/launch_param_builder:/home/a/ws_nhk/install/dynamixel_controller_gui:/home/a/ws_nhk/install/dynamixel_controller_client:/opt/ros/humble /usr/bin/cmake --build /home/a/ws_nhk/build/moveit_resources_pr2_description -- -j22 -l22[0m
[0.494s] [34mcolcon.colcon_core.event_handler.log_command[0m [1;30mDEBUG[0m [32mInvoking command in '/home/a/ws_nhk/build/srdfdom': CMAKE_PREFIX_PATH=${CMAKE_PREFIX_PATH}:/home/a/ws_nhk/install/moveit_configs_utils:/home/a/ws_nhk/install/rogidrive:/home/a/ws_nhk/install/launch_param_builder:/home/a/ws_nhk/install/dynamixel_controller_gui:/home/a/ws_nhk/install/dynamixel_controller_client:/opt/ros/humble /usr/bin/cmake --build /home/a/ws_nhk/build/srdfdom -- -j22 -l22[0m
[0.680s] [34mcolcon.colcon_core.task.python.build[0m [1;30mINFO[0m Building Python package in '/home/a/ws_nhk/src/launch_param_builder'
[0.680s] [34mcolcon.colcon_core.shell[0m [1;30mINFO[0m Skip shell extension 'powershell' for command environment: Not usable outside of PowerShell
[0.680s] [34mcolcon.colcon_core.shell[0m [1;30mDEBUG[0m [32mSkip shell extension 'dsv' for command environment[0m
[0.687s] [34mcolcon.colcon_core.event_handler.log_command[0m [1;30mDEBUG[0m [32mInvoking command in '/home/a/ws_nhk/build/moveit_resources_fanuc_description': CMAKE_PREFIX_PATH=${CMAKE_PREFIX_PATH}:/home/a/ws_nhk/install/moveit_configs_utils:/home/a/ws_nhk/install/rogidrive:/home/a/ws_nhk/install/launch_param_builder:/home/a/ws_nhk/install/dynamixel_controller_gui:/home/a/ws_nhk/install/dynamixel_controller_client:/opt/ros/humble /usr/bin/cmake --build /home/a/ws_nhk/build/moveit_resources_fanuc_description -- -j22 -l22[0m
[0.689s] [34mcolcon.colcon_core.event_handler.log_command[0m [1;30mDEBUG[0m [32mInvoking command in '/home/a/ws_nhk/build/trac_ik_lib': CMAKE_PREFIX_PATH=${CMAKE_PREFIX_PATH}:/home/a/ws_nhk/install/moveit_configs_utils:/home/a/ws_nhk/install/rogidrive:/home/a/ws_nhk/install/launch_param_builder:/home/a/ws_nhk/install/dynamixel_controller_gui:/home/a/ws_nhk/install/dynamixel_controller_client:/opt/ros/humble /usr/bin/cmake --build /home/a/ws_nhk/build/trac_ik_lib -- -j22 -l22[0m
[0.691s] [34mcolcon.colcon_core.event_handler.log_command[0m [1;30mDEBUG[0m [32mInvoking command in '/home/a/ws_nhk/build/moveit_resources_prbt_support': CMAKE_PREFIX_PATH=${CMAKE_PREFIX_PATH}:/home/a/ws_nhk/install/moveit_configs_utils:/home/a/ws_nhk/install/rogidrive:/home/a/ws_nhk/install/launch_param_builder:/home/a/ws_nhk/install/dynamixel_controller_gui:/home/a/ws_nhk/install/dynamixel_controller_client:/opt/ros/humble /usr/bin/cmake --build /home/a/ws_nhk/build/moveit_resources_prbt_support -- -j22 -l22[0m
[0.692s] [34mcolcon.colcon_core.event_handler.log_command[0m [1;30mDEBUG[0m [32mInvoking command in '/home/a/ws_nhk/build/stm32_mavlink_msgs': CMAKE_PREFIX_PATH=${CMAKE_PREFIX_PATH}:/home/a/ws_nhk/install/moveit_configs_utils:/home/a/ws_nhk/install/rogidrive:/home/a/ws_nhk/install/launch_param_builder:/home/a/ws_nhk/install/dynamixel_controller_gui:/home/a/ws_nhk/install/dynamixel_controller_client:/opt/ros/humble /usr/bin/cmake --build /home/a/ws_nhk/build/stm32_mavlink_msgs -- -j22 -l22[0m
[0.694s] [34mcolcon.colcon_core.event_handler.log_command[0m [1;30mDEBUG[0m [32mInvoking command in '/home/a/ws_nhk/build/moveit_task_constructor_msgs': CMAKE_PREFIX_PATH=${CMAKE_PREFIX_PATH}:/home/a/ws_nhk/install/moveit_configs_utils:/home/a/ws_nhk/install/rogidrive:/home/a/ws_nhk/install/launch_param_builder:/home/a/ws_nhk/install/dynamixel_controller_gui:/home/a/ws_nhk/install/dynamixel_controller_client:/opt/ros/humble /usr/bin/cmake --build /home/a/ws_nhk/build/moveit_task_constructor_msgs -- -j22 -l22[0m
[0.696s] [34mcolcon.colcon_core.event_handler.log_command[0m [1;30mDEBUG[0m [32mInvoking command in '/home/a/ws_nhk/build/dynamixel_sdk': CMAKE_PREFIX_PATH=${CMAKE_PREFIX_PATH}:/home/a/ws_nhk/install/moveit_configs_utils:/home/a/ws_nhk/install/rogidrive:/home/a/ws_nhk/install/launch_param_builder:/home/a/ws_nhk/install/dynamixel_controller_gui:/home/a/ws_nhk/install/dynamixel_controller_client:/opt/ros/humble /usr/bin/cmake --build /home/a/ws_nhk/build/dynamixel_sdk -- -j22 -l22[0m
[0.698s] [34mcolcon.colcon_core.event_handler.log_command[0m [1;30mDEBUG[0m [32mInvoking command in '/home/a/ws_nhk/build/rogidrive_msg': CMAKE_PREFIX_PATH=${CMAKE_PREFIX_PATH}:/home/a/ws_nhk/install/moveit_configs_utils:/home/a/ws_nhk/install/rogidrive:/home/a/ws_nhk/install/launch_param_builder:/home/a/ws_nhk/install/dynamixel_controller_gui:/home/a/ws_nhk/install/dynamixel_controller_client:/opt/ros/humble /usr/bin/cmake --build /home/a/ws_nhk/build/rogidrive_msg -- -j22 -l22[0m
[0.701s] [34mcolcon.colcon_core.event_handler.log_command[0m [1;30mDEBUG[0m [32mInvoking command in '/home/a/ws_nhk/build/a_r2_description': CMAKE_PREFIX_PATH=${CMAKE_PREFIX_PATH}:/home/a/ws_nhk/install/moveit_configs_utils:/home/a/ws_nhk/install/rogidrive:/home/a/ws_nhk/install/launch_param_builder:/home/a/ws_nhk/install/dynamixel_controller_gui:/home/a/ws_nhk/install/dynamixel_controller_client:/opt/ros/humble /usr/bin/cmake --build /home/a/ws_nhk/build/a_r2_description -- -j22 -l22[0m
[0.705s] [34mcolcon.colcon_core.event_handler.log_command[0m [1;30mDEBUG[0m [32mInvoking command in '/home/a/ws_nhk/build/arm_module_description': CMAKE_PREFIX_PATH=${CMAKE_PREFIX_PATH}:/home/a/ws_nhk/install/moveit_configs_utils:/home/a/ws_nhk/install/rogidrive:/home/a/ws_nhk/install/launch_param_builder:/home/a/ws_nhk/install/dynamixel_controller_gui:/home/a/ws_nhk/install/dynamixel_controller_client:/opt/ros/humble /usr/bin/cmake --build /home/a/ws_nhk/build/arm_module_description -- -j22 -l22[0m
[0.708s] [34mcolcon.colcon_core.event_handler.log_command[0m [1;30mDEBUG[0m [32mInvoking command in '/home/a/ws_nhk/build/arm_v20_description': CMAKE_PREFIX_PATH=${CMAKE_PREFIX_PATH}:/home/a/ws_nhk/install/moveit_configs_utils:/home/a/ws_nhk/install/rogidrive:/home/a/ws_nhk/install/launch_param_builder:/home/a/ws_nhk/install/dynamixel_controller_gui:/home/a/ws_nhk/install/dynamixel_controller_client:/opt/ros/humble /usr/bin/cmake --build /home/a/ws_nhk/build/arm_v20_description -- -j22 -l22[0m
[0.711s] [34mcolcon.colcon_core.event_handler.log_command[0m [1;30mDEBUG[0m [32mInvoking command in '/home/a/ws_nhk/build/dynamixel_sdk_custom_interfaces': CMAKE_PREFIX_PATH=${CMAKE_PREFIX_PATH}:/home/a/ws_nhk/install/moveit_configs_utils:/home/a/ws_nhk/install/rogidrive:/home/a/ws_nhk/install/launch_param_builder:/home/a/ws_nhk/install/dynamixel_controller_gui:/home/a/ws_nhk/install/dynamixel_controller_client:/opt/ros/humble /usr/bin/cmake --build /home/a/ws_nhk/build/dynamixel_sdk_custom_interfaces -- -j22 -l22[0m
[1.286s] [34mcolcon.colcon_core.task.python.build[0m [1;30mINFO[0m Building Python package in '/home/a/ws_nhk/src/dynamixel_ros2/dynamixel_controller_client'
[1.286s] [34mcolcon.colcon_core.shell[0m [1;30mINFO[0m Skip shell extension 'powershell' for command environment: Not usable outside of PowerShell
[1.286s] [34mcolcon.colcon_core.shell[0m [1;30mDEBUG[0m [32mSkip shell extension 'dsv' for command environment[0m
[1.308s] [34mcolcon.colcon_core.event_handler.log_command[0m [1;30mDEBUG[0m [32mInvoking command in '/home/a/ws_nhk/build/nhk_bt': CMAKE_PREFIX_PATH=${CMAKE_PREFIX_PATH}:/home/a/ws_nhk/install/moveit_configs_utils:/home/a/ws_nhk/install/rogidrive:/home/a/ws_nhk/install/launch_param_builder:/home/a/ws_nhk/install/dynamixel_controller_gui:/home/a/ws_nhk/install/dynamixel_controller_client:/opt/ros/humble /usr/bin/cmake --build /home/a/ws_nhk/build/nhk_bt -- -j22 -l22[0m
[1.318s] [34mcolcon.colcon_core.event_handler.log_command[0m [1;30mDEBUG[0m [32mInvoking command in '/home/a/ws_nhk/build/rosparam_shortcuts': CMAKE_PREFIX_PATH=${CMAKE_PREFIX_PATH}:/home/a/ws_nhk/install/moveit_configs_utils:/home/a/ws_nhk/install/rogidrive:/home/a/ws_nhk/install/launch_param_builder:/home/a/ws_nhk/install/dynamixel_controller_gui:/home/a/ws_nhk/install/dynamixel_controller_client:/opt/ros/humble /usr/bin/cmake --build /home/a/ws_nhk/build/rosparam_shortcuts -- -j22 -l22[0m
[1.353s] [34mcolcon.colcon_core.event_handler.log_command[0m [1;30mDEBUG[0m [32mInvoked command in '/home/a/ws_nhk/build/moveit_resources_pr2_description' returned '0': CMAKE_PREFIX_PATH=${CMAKE_PREFIX_PATH}:/home/a/ws_nhk/install/moveit_configs_utils:/home/a/ws_nhk/install/rogidrive:/home/a/ws_nhk/install/launch_param_builder:/home/a/ws_nhk/install/dynamixel_controller_gui:/home/a/ws_nhk/install/dynamixel_controller_client:/opt/ros/humble /usr/bin/cmake --build /home/a/ws_nhk/build/moveit_resources_pr2_description -- -j22 -l22[0m
[1.374s] [34mcolcon.colcon_core.event_handler.log_command[0m [1;30mDEBUG[0m [32mInvoking command in '/home/a/ws_nhk/build/moveit_resources_pr2_description': CMAKE_PREFIX_PATH=${CMAKE_PREFIX_PATH}:/home/a/ws_nhk/install/moveit_configs_utils:/home/a/ws_nhk/install/rogidrive:/home/a/ws_nhk/install/launch_param_builder:/home/a/ws_nhk/install/dynamixel_controller_gui:/home/a/ws_nhk/install/dynamixel_controller_client:/opt/ros/humble /usr/bin/cmake --install /home/a/ws_nhk/build/moveit_resources_pr2_description[0m
[1.382s] [34mcolcon.colcon_core.event_handler.log_command[0m [1;30mDEBUG[0m [32mInvoked command in '/home/a/ws_nhk/build/moveit_common' returned '0': CMAKE_PREFIX_PATH=${CMAKE_PREFIX_PATH}:/home/a/ws_nhk/install/moveit_configs_utils:/home/a/ws_nhk/install/rogidrive:/home/a/ws_nhk/install/launch_param_builder:/home/a/ws_nhk/install/dynamixel_controller_gui:/home/a/ws_nhk/install/dynamixel_controller_client:/opt/ros/humble /usr/bin/cmake --build /home/a/ws_nhk/build/moveit_common -- -j22 -l22[0m
[1.383s] [34mcolcon.colcon_core.event_handler.log_command[0m [1;30mDEBUG[0m [32mInvoking command in '/home/a/ws_nhk/build/moveit_common': CMAKE_PREFIX_PATH=${CMAKE_PREFIX_PATH}:/home/a/ws_nhk/install/moveit_configs_utils:/home/a/ws_nhk/install/rogidrive:/home/a/ws_nhk/install/launch_param_builder:/home/a/ws_nhk/install/dynamixel_controller_gui:/home/a/ws_nhk/install/dynamixel_controller_client:/opt/ros/humble /usr/bin/cmake --install /home/a/ws_nhk/build/moveit_common[0m
[1.389s] [34mcolcon.colcon_core.event_handler.log_command[0m [1;30mDEBUG[0m [32mInvoked command in '/home/a/ws_nhk/build/moveit_resources_panda_description' returned '0': CMAKE_PREFIX_PATH=${CMAKE_PREFIX_PATH}:/home/a/ws_nhk/install/moveit_configs_utils:/home/a/ws_nhk/install/rogidrive:/home/a/ws_nhk/install/launch_param_builder:/home/a/ws_nhk/install/dynamixel_controller_gui:/home/a/ws_nhk/install/dynamixel_controller_client:/opt/ros/humble /usr/bin/cmake --build /home/a/ws_nhk/build/moveit_resources_panda_description -- -j22 -l22[0m
[1.389s] [34mcolcon.colcon_core.event_handler.log_command[0m [1;30mDEBUG[0m [32mInvoking command in '/home/a/ws_nhk/build/moveit_resources_panda_description': CMAKE_PREFIX_PATH=${CMAKE_PREFIX_PATH}:/home/a/ws_nhk/install/moveit_configs_utils:/home/a/ws_nhk/install/rogidrive:/home/a/ws_nhk/install/launch_param_builder:/home/a/ws_nhk/install/dynamixel_controller_gui:/home/a/ws_nhk/install/dynamixel_controller_client:/opt/ros/humble /usr/bin/cmake --install /home/a/ws_nhk/build/moveit_resources_panda_description[0m
[1.395s] [34mcolcon.colcon_core.event_handler.log_command[0m [1;30mDEBUG[0m [32mInvoked command in '/home/a/ws_nhk/build/moveit_resources_prbt_support' returned '0': CMAKE_PREFIX_PATH=${CMAKE_PREFIX_PATH}:/home/a/ws_nhk/install/moveit_configs_utils:/home/a/ws_nhk/install/rogidrive:/home/a/ws_nhk/install/launch_param_builder:/home/a/ws_nhk/install/dynamixel_controller_gui:/home/a/ws_nhk/install/dynamixel_controller_client:/opt/ros/humble /usr/bin/cmake --build /home/a/ws_nhk/build/moveit_resources_prbt_support -- -j22 -l22[0m
[1.395s] [34mcolcon.colcon_core.event_handler.log_command[0m [1;30mDEBUG[0m [32mInvoking command in '/home/a/ws_nhk/build/moveit_resources_prbt_support': CMAKE_PREFIX_PATH=${CMAKE_PREFIX_PATH}:/home/a/ws_nhk/install/moveit_configs_utils:/home/a/ws_nhk/install/rogidrive:/home/a/ws_nhk/install/launch_param_builder:/home/a/ws_nhk/install/dynamixel_controller_gui:/home/a/ws_nhk/install/dynamixel_controller_client:/opt/ros/humble /usr/bin/cmake --install /home/a/ws_nhk/build/moveit_resources_prbt_support[0m
[1.403s] [34mcolcon.colcon_core.event_handler.log_command[0m [1;30mDEBUG[0m [32mInvoked command in '/home/a/ws_nhk/build/moveit_resources_fanuc_description' returned '0': CMAKE_PREFIX_PATH=${CMAKE_PREFIX_PATH}:/home/a/ws_nhk/install/moveit_configs_utils:/home/a/ws_nhk/install/rogidrive:/home/a/ws_nhk/install/launch_param_builder:/home/a/ws_nhk/install/dynamixel_controller_gui:/home/a/ws_nhk/install/dynamixel_controller_client:/opt/ros/humble /usr/bin/cmake --build /home/a/ws_nhk/build/moveit_resources_fanuc_description -- -j22 -l22[0m
[1.404s] [34mcolcon.colcon_core.event_handler.log_command[0m [1;30mDEBUG[0m [32mInvoking command in '/home/a/ws_nhk/build/moveit_resources_fanuc_description': CMAKE_PREFIX_PATH=${CMAKE_PREFIX_PATH}:/home/a/ws_nhk/install/moveit_configs_utils:/home/a/ws_nhk/install/rogidrive:/home/a/ws_nhk/install/launch_param_builder:/home/a/ws_nhk/install/dynamixel_controller_gui:/home/a/ws_nhk/install/dynamixel_controller_client:/opt/ros/humble /usr/bin/cmake --install /home/a/ws_nhk/build/moveit_resources_fanuc_description[0m
[1.504s] [34mcolcon.colcon_core.event_handler.log_command[0m [1;30mDEBUG[0m [32mInvoked command in '/home/a/ws_nhk/build/arm_v20_description' returned '0': CMAKE_PREFIX_PATH=${CMAKE_PREFIX_PATH}:/home/a/ws_nhk/install/moveit_configs_utils:/home/a/ws_nhk/install/rogidrive:/home/a/ws_nhk/install/launch_param_builder:/home/a/ws_nhk/install/dynamixel_controller_gui:/home/a/ws_nhk/install/dynamixel_controller_client:/opt/ros/humble /usr/bin/cmake --build /home/a/ws_nhk/build/arm_v20_description -- -j22 -l22[0m
[1.541s] [34mcolcon.colcon_core.event_handler.log_command[0m [1;30mDEBUG[0m [32mInvoking command in '/home/a/ws_nhk/build/arm_v20_description': CMAKE_PREFIX_PATH=${CMAKE_PREFIX_PATH}:/home/a/ws_nhk/install/moveit_configs_utils:/home/a/ws_nhk/install/rogidrive:/home/a/ws_nhk/install/launch_param_builder:/home/a/ws_nhk/install/dynamixel_controller_gui:/home/a/ws_nhk/install/dynamixel_controller_client:/opt/ros/humble /usr/bin/cmake --install /home/a/ws_nhk/build/arm_v20_description[0m
[1.541s] [34mcolcon.colcon_core.event_handler.log_command[0m [1;30mDEBUG[0m [32mInvoked command in '/home/a/ws_nhk/build/dynamixel_sdk' returned '0': CMAKE_PREFIX_PATH=${CMAKE_PREFIX_PATH}:/home/a/ws_nhk/install/moveit_configs_utils:/home/a/ws_nhk/install/rogidrive:/home/a/ws_nhk/install/launch_param_builder:/home/a/ws_nhk/install/dynamixel_controller_gui:/home/a/ws_nhk/install/dynamixel_controller_client:/opt/ros/humble /usr/bin/cmake --build /home/a/ws_nhk/build/dynamixel_sdk -- -j22 -l22[0m
[1.542s] [34mcolcon.colcon_core.event_handler.log_command[0m [1;30mDEBUG[0m [32mInvoking command in '/home/a/ws_nhk/build/dynamixel_sdk': CMAKE_PREFIX_PATH=${CMAKE_PREFIX_PATH}:/home/a/ws_nhk/install/moveit_configs_utils:/home/a/ws_nhk/install/rogidrive:/home/a/ws_nhk/install/launch_param_builder:/home/a/ws_nhk/install/dynamixel_controller_gui:/home/a/ws_nhk/install/dynamixel_controller_client:/opt/ros/humble /usr/bin/cmake --install /home/a/ws_nhk/build/dynamixel_sdk[0m
[1.542s] [34mcolcon.colcon_core.event_handler.log_command[0m [1;30mDEBUG[0m [32mInvoked command in '/home/a/ws_nhk/build/arm_module_description' returned '0': CMAKE_PREFIX_PATH=${CMAKE_PREFIX_PATH}:/home/a/ws_nhk/install/moveit_configs_utils:/home/a/ws_nhk/install/rogidrive:/home/a/ws_nhk/install/launch_param_builder:/home/a/ws_nhk/install/dynamixel_controller_gui:/home/a/ws_nhk/install/dynamixel_controller_client:/opt/ros/humble /usr/bin/cmake --build /home/a/ws_nhk/build/arm_module_description -- -j22 -l22[0m
[1.546s] [34mcolcon.colcon_core.event_handler.log_command[0m [1;30mDEBUG[0m [32mInvoking command in '/home/a/ws_nhk/build/arm_module_description': CMAKE_PREFIX_PATH=${CMAKE_PREFIX_PATH}:/home/a/ws_nhk/install/moveit_configs_utils:/home/a/ws_nhk/install/rogidrive:/home/a/ws_nhk/install/launch_param_builder:/home/a/ws_nhk/install/dynamixel_controller_gui:/home/a/ws_nhk/install/dynamixel_controller_client:/opt/ros/humble /usr/bin/cmake --install /home/a/ws_nhk/build/arm_module_description[0m
[1.546s] [34mcolcon.colcon_core.event_handler.log_command[0m [1;30mDEBUG[0m [32mInvoked command in '/home/a/ws_nhk/build/a_r2_description' returned '0': CMAKE_PREFIX_PATH=${CMAKE_PREFIX_PATH}:/home/a/ws_nhk/install/moveit_configs_utils:/home/a/ws_nhk/install/rogidrive:/home/a/ws_nhk/install/launch_param_builder:/home/a/ws_nhk/install/dynamixel_controller_gui:/home/a/ws_nhk/install/dynamixel_controller_client:/opt/ros/humble /usr/bin/cmake --build /home/a/ws_nhk/build/a_r2_description -- -j22 -l22[0m
[1.547s] [34mcolcon.colcon_core.event_handler.log_command[0m [1;30mDEBUG[0m [32mInvoking command in '/home/a/ws_nhk/build/a_r2_description': CMAKE_PREFIX_PATH=${CMAKE_PREFIX_PATH}:/home/a/ws_nhk/install/moveit_configs_utils:/home/a/ws_nhk/install/rogidrive:/home/a/ws_nhk/install/launch_param_builder:/home/a/ws_nhk/install/dynamixel_controller_gui:/home/a/ws_nhk/install/dynamixel_controller_client:/opt/ros/humble /usr/bin/cmake --install /home/a/ws_nhk/build/a_r2_description[0m
[1.550s] [34mcolcon.colcon_core.environment[0m [1;30mLevel 1[0m create_environment_scripts_only(moveit_common)
[1.567s] [34mcolcon.colcon_core.event_handler.log_command[0m [1;30mDEBUG[0m [32mInvoked command in '/home/a/ws_nhk/build/dynamixel_sdk_custom_interfaces' returned '0': CMAKE_PREFIX_PATH=${CMAKE_PREFIX_PATH}:/home/a/ws_nhk/install/moveit_configs_utils:/home/a/ws_nhk/install/rogidrive:/home/a/ws_nhk/install/launch_param_builder:/home/a/ws_nhk/install/dynamixel_controller_gui:/home/a/ws_nhk/install/dynamixel_controller_client:/opt/ros/humble /usr/bin/cmake --build /home/a/ws_nhk/build/dynamixel_sdk_custom_interfaces -- -j22 -l22[0m
[1.568s] [34mcolcon.colcon_core.event_handler.log_command[0m [1;30mDEBUG[0m [32mInvoking command in '/home/a/ws_nhk/build/dynamixel_sdk_custom_interfaces': CMAKE_PREFIX_PATH=${CMAKE_PREFIX_PATH}:/home/a/ws_nhk/install/moveit_configs_utils:/home/a/ws_nhk/install/rogidrive:/home/a/ws_nhk/install/launch_param_builder:/home/a/ws_nhk/install/dynamixel_controller_gui:/home/a/ws_nhk/install/dynamixel_controller_client:/opt/ros/humble /usr/bin/cmake --install /home/a/ws_nhk/build/dynamixel_sdk_custom_interfaces[0m
[1.571s] [34mcolcon.colcon_core.environment[0m [1;30mLevel 1[0m checking '/home/a/ws_nhk/install/moveit_common' for CMake module files
[1.579s] [34mcolcon.colcon_core.event_handler.log_command[0m [1;30mDEBUG[0m [32mInvoked command in '/home/a/ws_nhk/build/rogidrive_msg' returned '0': CMAKE_PREFIX_PATH=${CMAKE_PREFIX_PATH}:/home/a/ws_nhk/install/moveit_configs_utils:/home/a/ws_nhk/install/rogidrive:/home/a/ws_nhk/install/launch_param_builder:/home/a/ws_nhk/install/dynamixel_controller_gui:/home/a/ws_nhk/install/dynamixel_controller_client:/opt/ros/humble /usr/bin/cmake --build /home/a/ws_nhk/build/rogidrive_msg -- -j22 -l22[0m
[1.580s] [34mcolcon.colcon_core.environment[0m [1;30mLevel 1[0m checking '/home/a/ws_nhk/install/moveit_common' for CMake config files
[1.580s] [34mcolcon.colcon_core.shell[0m [1;30mLevel 1[0m create_environment_hook('moveit_common', 'cmake_prefix_path')
[1.580s] [34mcolcon.colcon_core.shell[0m [1;30mINFO[0m Creating environment hook '/home/a/ws_nhk/install/moveit_common/share/moveit_common/hook/cmake_prefix_path.ps1'
[1.581s] [34mcolcon.colcon_core.shell[0m [1;30mINFO[0m Creating environment descriptor '/home/a/ws_nhk/install/moveit_common/share/moveit_common/hook/cmake_prefix_path.dsv'
[1.582s] [34mcolcon.colcon_core.shell[0m [1;30mINFO[0m Creating environment hook '/home/a/ws_nhk/install/moveit_common/share/moveit_common/hook/cmake_prefix_path.sh'
[1.582s] [34mcolcon.colcon_core.environment[0m [1;30mLevel 1[0m checking '/home/a/ws_nhk/install/moveit_common/bin'
[1.586s] [34mcolcon.colcon_core.environment[0m [1;30mLevel 1[0m checking '/home/a/ws_nhk/install/moveit_common/lib/pkgconfig/moveit_common.pc'
[1.586s] [34mcolcon.colcon_core.environment[0m [1;30mLevel 1[0m checking '/home/a/ws_nhk/install/moveit_common/lib/python3.10/site-packages'
[1.587s] [34mcolcon.colcon_core.environment[0m [1;30mLevel 1[0m checking '/home/a/ws_nhk/install/moveit_common/bin'
[1.587s] [34mcolcon.colcon_core.shell[0m [1;30mINFO[0m Creating package script '/home/a/ws_nhk/install/moveit_common/share/moveit_common/package.ps1'
[1.588s] [34mcolcon.colcon_core.event_handler.log_command[0m [1;30mDEBUG[0m [32mInvoking command in '/home/a/ws_nhk/build/rogidrive_msg': CMAKE_PREFIX_PATH=${CMAKE_PREFIX_PATH}:/home/a/ws_nhk/install/moveit_configs_utils:/home/a/ws_nhk/install/rogidrive:/home/a/ws_nhk/install/launch_param_builder:/home/a/ws_nhk/install/dynamixel_controller_gui:/home/a/ws_nhk/install/dynamixel_controller_client:/opt/ros/humble /usr/bin/cmake --install /home/a/ws_nhk/build/rogidrive_msg[0m
[1.589s] [34mcolcon.colcon_core.event_handler.log_command[0m [1;30mDEBUG[0m [32mInvoked command in '/home/a/ws_nhk/build/moveit_common' returned '0': CMAKE_PREFIX_PATH=${CMAKE_PREFIX_PATH}:/home/a/ws_nhk/install/moveit_configs_utils:/home/a/ws_nhk/install/rogidrive:/home/a/ws_nhk/install/launch_param_builder:/home/a/ws_nhk/install/dynamixel_controller_gui:/home/a/ws_nhk/install/dynamixel_controller_client:/opt/ros/humble /usr/bin/cmake --install /home/a/ws_nhk/build/moveit_common[0m
[1.592s] [34mcolcon.colcon_core.shell[0m [1;30mINFO[0m Creating package descriptor '/home/a/ws_nhk/install/moveit_common/share/moveit_common/package.dsv'
[1.593s] [34mcolcon.colcon_core.shell[0m [1;30mINFO[0m Creating package script '/home/a/ws_nhk/install/moveit_common/share/moveit_common/package.sh'
[1.598s] [34mcolcon.colcon_core.shell[0m [1;30mINFO[0m Creating package script '/home/a/ws_nhk/install/moveit_common/share/moveit_common/package.bash'
[1.599s] [34mcolcon.colcon_core.shell[0m [1;30mINFO[0m Creating package script '/home/a/ws_nhk/install/moveit_common/share/moveit_common/package.zsh'
[1.601s] [34mcolcon.colcon_core.environment[0m [1;30mLevel 1[0m create_file_with_runtime_dependencies(/home/a/ws_nhk/install/moveit_common/share/colcon-core/packages/moveit_common)
[1.605s] [34mcolcon.colcon_core.environment[0m [1;30mLevel 1[0m create_environment_scripts_only(moveit_common)
[1.605s] [34mcolcon.colcon_core.environment[0m [1;30mLevel 1[0m checking '/home/a/ws_nhk/install/moveit_common' for CMake module files
[1.606s] [34mcolcon.colcon_core.environment[0m [1;30mLevel 1[0m checking '/home/a/ws_nhk/install/moveit_common' for CMake config files
[1.606s] [34mcolcon.colcon_core.shell[0m [1;30mLevel 1[0m create_environment_hook('moveit_common', 'cmake_prefix_path')
[1.606s] [34mcolcon.colcon_core.shell[0m [1;30mINFO[0m Creating environment hook '/home/a/ws_nhk/install/moveit_common/share/moveit_common/hook/cmake_prefix_path.ps1'
[1.611s] [34mcolcon.colcon_core.shell[0m [1;30mINFO[0m Creating environment descriptor '/home/a/ws_nhk/install/moveit_common/share/moveit_common/hook/cmake_prefix_path.dsv'
[1.612s] [34mcolcon.colcon_core.shell[0m [1;30mINFO[0m Creating environment hook '/home/a/ws_nhk/install/moveit_common/share/moveit_common/hook/cmake_prefix_path.sh'
[1.614s] [34mcolcon.colcon_core.environment[0m [1;30mLevel 1[0m checking '/home/a/ws_nhk/install/moveit_common/bin'
[1.614s] [34mcolcon.colcon_core.environment[0m [1;30mLevel 1[0m checking '/home/a/ws_nhk/install/moveit_common/lib/pkgconfig/moveit_common.pc'
[1.614s] [34mcolcon.colcon_core.environment[0m [1;30mLevel 1[0m checking '/home/a/ws_nhk/install/moveit_common/lib/python3.10/site-packages'
[1.615s] [34mcolcon.colcon_core.environment[0m [1;30mLevel 1[0m checking '/home/a/ws_nhk/install/moveit_common/bin'
[1.618s] [34mcolcon.colcon_core.shell[0m [1;30mINFO[0m Creating package script '/home/a/ws_nhk/install/moveit_common/share/moveit_common/package.ps1'
[1.619s] [34mcolcon.colcon_core.shell[0m [1;30mINFO[0m Creating package descriptor '/home/a/ws_nhk/install/moveit_common/share/moveit_common/package.dsv'
[1.620s] [34mcolcon.colcon_core.shell[0m [1;30mINFO[0m Creating package script '/home/a/ws_nhk/install/moveit_common/share/moveit_common/package.sh'
[1.627s] [34mcolcon.colcon_core.shell[0m [1;30mINFO[0m Creating package script '/home/a/ws_nhk/install/moveit_common/share/moveit_common/package.bash'
[1.629s] [34mcolcon.colcon_core.shell[0m [1;30mINFO[0m Creating package script '/home/a/ws_nhk/install/moveit_common/share/moveit_common/package.zsh'
[1.630s] [34mcolcon.colcon_core.environment[0m [1;30mLevel 1[0m create_file_with_runtime_dependencies(/home/a/ws_nhk/install/moveit_common/share/colcon-core/packages/moveit_common)
[1.630s] [34mcolcon.colcon_core.environment[0m [1;30mLevel 1[0m create_environment_scripts_only(moveit_resources_fanuc_description)
[1.631s] [34mcolcon.colcon_core.environment[0m [1;30mLevel 1[0m checking '/home/a/ws_nhk/install/moveit_resources_fanuc_description' for CMake module files
[1.638s] [34mcolcon.colcon_core.environment[0m [1;30mLevel 1[0m checking '/home/a/ws_nhk/install/moveit_resources_fanuc_description' for CMake config files
[1.638s] [34mcolcon.colcon_core.shell[0m [1;30mLevel 1[0m create_environment_hook('moveit_resources_fanuc_description', 'cmake_prefix_path')
[1.639s] [34mcolcon.colcon_core.shell[0m [1;30mINFO[0m Creating environment hook '/home/a/ws_nhk/install/moveit_resources_fanuc_description/share/moveit_resources_fanuc_description/hook/cmake_prefix_path.ps1'
[1.640s] [34mcolcon.colcon_core.shell[0m [1;30mINFO[0m Creating environment descriptor '/home/a/ws_nhk/install/moveit_resources_fanuc_description/share/moveit_resources_fanuc_description/hook/cmake_prefix_path.dsv'
[1.644s] [34mcolcon.colcon_core.shell[0m [1;30mINFO[0m Creating environment hook '/home/a/ws_nhk/install/moveit_resources_fanuc_description/share/moveit_resources_fanuc_description/hook/cmake_prefix_path.sh'
[1.646s] [34mcolcon.colcon_core.environment[0m [1;30mLevel 1[0m checking '/home/a/ws_nhk/install/moveit_resources_fanuc_description/bin'
[1.646s] [34mcolcon.colcon_core.environment[0m [1;30mLevel 1[0m checking '/home/a/ws_nhk/install/moveit_resources_fanuc_description/lib/pkgconfig/moveit_resources_fanuc_description.pc'
[1.646s] [34mcolcon.colcon_core.environment[0m [1;30mLevel 1[0m checking '/home/a/ws_nhk/install/moveit_resources_fanuc_description/lib/python3.10/site-packages'
[1.647s] [34mcolcon.colcon_core.environment[0m [1;30mLevel 1[0m checking '/home/a/ws_nhk/install/moveit_resources_fanuc_description/bin'
[1.650s] [34mcolcon.colcon_core.shell[0m [1;30mINFO[0m Creating package script '/home/a/ws_nhk/install/moveit_resources_fanuc_description/share/moveit_resources_fanuc_description/package.ps1'
[1.651s] [34mcolcon.colcon_core.shell[0m [1;30mINFO[0m Creating package descriptor '/home/a/ws_nhk/install/moveit_resources_fanuc_description/share/moveit_resources_fanuc_description/package.dsv'
[1.652s] [34mcolcon.colcon_core.shell[0m [1;30mINFO[0m Creating package script '/home/a/ws_nhk/install/moveit_resources_fanuc_description/share/moveit_resources_fanuc_description/package.sh'
[1.656s] [34mcolcon.colcon_core.shell[0m [1;30mINFO[0m Creating package script '/home/a/ws_nhk/install/moveit_resources_fanuc_description/share/moveit_resources_fanuc_description/package.bash'
[1.658s] [34mcolcon.colcon_core.event_handler.log_command[0m [1;30mDEBUG[0m [32mInvoked command in '/home/a/ws_nhk/build/moveit_resources_fanuc_description' returned '0': CMAKE_PREFIX_PATH=${CMAKE_PREFIX_PATH}:/home/a/ws_nhk/install/moveit_configs_utils:/home/a/ws_nhk/install/rogidrive:/home/a/ws_nhk/install/launch_param_builder:/home/a/ws_nhk/install/dynamixel_controller_gui:/home/a/ws_nhk/install/dynamixel_controller_client:/opt/ros/humble /usr/bin/cmake --install /home/a/ws_nhk/build/moveit_resources_fanuc_description[0m
[1.660s] [34mcolcon.colcon_core.shell[0m [1;30mINFO[0m Creating package script '/home/a/ws_nhk/install/moveit_resources_fanuc_description/share/moveit_resources_fanuc_description/package.zsh'
[1.661s] [34mcolcon.colcon_core.environment[0m [1;30mLevel 1[0m create_file_with_runtime_dependencies(/home/a/ws_nhk/install/moveit_resources_fanuc_description/share/colcon-core/packages/moveit_resources_fanuc_description)
[1.661s] [34mcolcon.colcon_core.environment[0m [1;30mLevel 1[0m create_environment_scripts_only(moveit_resources_fanuc_description)
[1.662s] [34mcolcon.colcon_core.environment[0m [1;30mLevel 1[0m checking '/home/a/ws_nhk/install/moveit_resources_fanuc_description' for CMake module files
[1.662s] [34mcolcon.colcon_core.environment[0m [1;30mLevel 1[0m checking '/home/a/ws_nhk/install/moveit_resources_fanuc_description' for CMake config files
[1.667s] [34mcolcon.colcon_core.shell[0m [1;30mLevel 1[0m create_environment_hook('moveit_resources_fanuc_description', 'cmake_prefix_path')
[1.667s] [34mcolcon.colcon_core.shell[0m [1;30mINFO[0m Creating environment hook '/home/a/ws_nhk/install/moveit_resources_fanuc_description/share/moveit_resources_fanuc_description/hook/cmake_prefix_path.ps1'
[1.668s] [34mcolcon.colcon_core.shell[0m [1;30mINFO[0m Creating environment descriptor '/home/a/ws_nhk/install/moveit_resources_fanuc_description/share/moveit_resources_fanuc_description/hook/cmake_prefix_path.dsv'
[1.669s] [34mcolcon.colcon_core.shell[0m [1;30mINFO[0m Creating environment hook '/home/a/ws_nhk/install/moveit_resources_fanuc_description/share/moveit_resources_fanuc_description/hook/cmake_prefix_path.sh'
[1.676s] [34mcolcon.colcon_core.environment[0m [1;30mLevel 1[0m checking '/home/a/ws_nhk/install/moveit_resources_fanuc_description/bin'
[1.676s] [34mcolcon.colcon_core.environment[0m [1;30mLevel 1[0m checking '/home/a/ws_nhk/install/moveit_resources_fanuc_description/lib/pkgconfig/moveit_resources_fanuc_description.pc'
[1.678s] [34mcolcon.colcon_core.environment[0m [1;30mLevel 1[0m checking '/home/a/ws_nhk/install/moveit_resources_fanuc_description/lib/python3.10/site-packages'
[1.679s] [34mcolcon.colcon_core.environment[0m [1;30mLevel 1[0m checking '/home/a/ws_nhk/install/moveit_resources_fanuc_description/bin'
[1.679s] [34mcolcon.colcon_core.shell[0m [1;30mINFO[0m Creating package script '/home/a/ws_nhk/install/moveit_resources_fanuc_description/share/moveit_resources_fanuc_description/package.ps1'
[1.683s] [34mcolcon.colcon_core.shell[0m [1;30mINFO[0m Creating package descriptor '/home/a/ws_nhk/install/moveit_resources_fanuc_description/share/moveit_resources_fanuc_description/package.dsv'
[1.684s] [34mcolcon.colcon_core.shell[0m [1;30mINFO[0m Creating package script '/home/a/ws_nhk/install/moveit_resources_fanuc_description/share/moveit_resources_fanuc_description/package.sh'
[1.685s] [34mcolcon.colcon_core.shell[0m [1;30mINFO[0m Creating package script '/home/a/ws_nhk/install/moveit_resources_fanuc_description/share/moveit_resources_fanuc_description/package.bash'
[1.685s] [34mcolcon.colcon_core.shell[0m [1;30mINFO[0m Creating package script '/home/a/ws_nhk/install/moveit_resources_fanuc_description/share/moveit_resources_fanuc_description/package.zsh'
[1.686s] [34mcolcon.colcon_core.environment[0m [1;30mLevel 1[0m create_file_with_runtime_dependencies(/home/a/ws_nhk/install/moveit_resources_fanuc_description/share/colcon-core/packages/moveit_resources_fanuc_description)
[1.686s] [34mcolcon.colcon_core.environment[0m [1;30mLevel 1[0m create_environment_scripts_only(moveit_resources_prbt_support)
[1.691s] [34mcolcon.colcon_core.environment[0m [1;30mLevel 1[0m checking '/home/a/ws_nhk/install/moveit_resources_prbt_support' for CMake module files
[1.692s] [34mcolcon.colcon_core.environment[0m [1;30mLevel 1[0m checking '/home/a/ws_nhk/install/moveit_resources_prbt_support' for CMake config files
[1.693s] [34mcolcon.colcon_core.event_handler.log_command[0m [1;30mDEBUG[0m [32mInvoked command in '/home/a/ws_nhk/build/moveit_resources_prbt_support' returned '0': CMAKE_PREFIX_PATH=${CMAKE_PREFIX_PATH}:/home/a/ws_nhk/install/moveit_configs_utils:/home/a/ws_nhk/install/rogidrive:/home/a/ws_nhk/install/launch_param_builder:/home/a/ws_nhk/install/dynamixel_controller_gui:/home/a/ws_nhk/install/dynamixel_controller_client:/opt/ros/humble /usr/bin/cmake --install /home/a/ws_nhk/build/moveit_resources_prbt_support[0m
[1.693s] [34mcolcon.colcon_core.shell[0m [1;30mLevel 1[0m create_environment_hook('moveit_resources_prbt_support', 'cmake_prefix_path')
[1.694s] [34mcolcon.colcon_core.shell[0m [1;30mINFO[0m Creating environment hook '/home/a/ws_nhk/install/moveit_resources_prbt_support/share/moveit_resources_prbt_support/hook/cmake_prefix_path.ps1'
[1.695s] [34mcolcon.colcon_core.shell[0m [1;30mINFO[0m Creating environment descriptor '/home/a/ws_nhk/install/moveit_resources_prbt_support/share/moveit_resources_prbt_support/hook/cmake_prefix_path.dsv'
[1.695s] [34mcolcon.colcon_core.shell[0m [1;30mINFO[0m Creating environment hook '/home/a/ws_nhk/install/moveit_resources_prbt_support/share/moveit_resources_prbt_support/hook/cmake_prefix_path.sh'
[1.696s] [34mcolcon.colcon_core.environment[0m [1;30mLevel 1[0m checking '/home/a/ws_nhk/install/moveit_resources_prbt_support/bin'
[1.696s] [34mcolcon.colcon_core.environment[0m [1;30mLevel 1[0m checking '/home/a/ws_nhk/install/moveit_resources_prbt_support/lib/pkgconfig/moveit_resources_prbt_support.pc'
[1.696s] [34mcolcon.colcon_core.environment[0m [1;30mLevel 1[0m checking '/home/a/ws_nhk/install/moveit_resources_prbt_support/lib/python3.10/site-packages'
[1.699s] [34mcolcon.colcon_core.environment[0m [1;30mLevel 1[0m checking '/home/a/ws_nhk/install/moveit_resources_prbt_support/bin'
[1.700s] [34mcolcon.colcon_core.shell[0m [1;30mINFO[0m Creating package script '/home/a/ws_nhk/install/moveit_resources_prbt_support/share/moveit_resources_prbt_support/package.ps1'
[1.700s] [34mcolcon.colcon_core.shell[0m [1;30mINFO[0m Creating package descriptor '/home/a/ws_nhk/install/moveit_resources_prbt_support/share/moveit_resources_prbt_support/package.dsv'
[1.701s] [34mcolcon.colcon_core.shell[0m [1;30mINFO[0m Creating package script '/home/a/ws_nhk/install/moveit_resources_prbt_support/share/moveit_resources_prbt_support/package.sh'
[1.706s] [34mcolcon.colcon_core.shell[0m [1;30mINFO[0m Creating package script '/home/a/ws_nhk/install/moveit_resources_prbt_support/share/moveit_resources_prbt_support/package.bash'
[1.707s] [34mcolcon.colcon_core.shell[0m [1;30mINFO[0m Creating package script '/home/a/ws_nhk/install/moveit_resources_prbt_support/share/moveit_resources_prbt_support/package.zsh'
[1.707s] [34mcolcon.colcon_core.environment[0m [1;30mLevel 1[0m create_file_with_runtime_dependencies(/home/a/ws_nhk/install/moveit_resources_prbt_support/share/colcon-core/packages/moveit_resources_prbt_support)
[1.708s] [34mcolcon.colcon_core.environment[0m [1;30mLevel 1[0m create_environment_scripts_only(moveit_resources_prbt_support)
[1.708s] [34mcolcon.colcon_core.environment[0m [1;30mLevel 1[0m checking '/home/a/ws_nhk/install/moveit_resources_prbt_support' for CMake module files
[1.713s] [34mcolcon.colcon_core.environment[0m [1;30mLevel 1[0m checking '/home/a/ws_nhk/install/moveit_resources_prbt_support' for CMake config files
[1.713s] [34mcolcon.colcon_core.shell[0m [1;30mLevel 1[0m create_environment_hook('moveit_resources_prbt_support', 'cmake_prefix_path')
[1.714s] [34mcolcon.colcon_core.shell[0m [1;30mINFO[0m Creating environment hook '/home/a/ws_nhk/install/moveit_resources_prbt_support/share/moveit_resources_prbt_support/hook/cmake_prefix_path.ps1'
[1.715s] [34mcolcon.colcon_core.shell[0m [1;30mINFO[0m Creating environment descriptor '/home/a/ws_nhk/install/moveit_resources_prbt_support/share/moveit_resources_prbt_support/hook/cmake_prefix_path.dsv'
[1.715s] [34mcolcon.colcon_core.shell[0m [1;30mINFO[0m Creating environment hook '/home/a/ws_nhk/install/moveit_resources_prbt_support/share/moveit_resources_prbt_support/hook/cmake_prefix_path.sh'
[1.716s] [34mcolcon.colcon_core.environment[0m [1;30mLevel 1[0m checking '/home/a/ws_nhk/install/moveit_resources_prbt_support/bin'
[1.716s] [34mcolcon.colcon_core.environment[0m [1;30mLevel 1[0m checking '/home/a/ws_nhk/install/moveit_resources_prbt_support/lib/pkgconfig/moveit_resources_prbt_support.pc'
[1.716s] [34mcolcon.colcon_core.environment[0m [1;30mLevel 1[0m checking '/home/a/ws_nhk/install/moveit_resources_prbt_support/lib/python3.10/site-packages'
[1.719s] [34mcolcon.colcon_core.environment[0m [1;30mLevel 1[0m checking '/home/a/ws_nhk/install/moveit_resources_prbt_support/bin'
[1.721s] [34mcolcon.colcon_core.shell[0m [1;30mINFO[0m Creating package script '/home/a/ws_nhk/install/moveit_resources_prbt_support/share/moveit_resources_prbt_support/package.ps1'
[1.722s] [34mcolcon.colcon_core.shell[0m [1;30mINFO[0m Creating package descriptor '/home/a/ws_nhk/install/moveit_resources_prbt_support/share/moveit_resources_prbt_support/package.dsv'
[1.723s] [34mcolcon.colcon_core.shell[0m [1;30mINFO[0m Creating package script '/home/a/ws_nhk/install/moveit_resources_prbt_support/share/moveit_resources_prbt_support/package.sh'
[1.723s] [34mcolcon.colcon_core.shell[0m [1;30mINFO[0m Creating package script '/home/a/ws_nhk/install/moveit_resources_prbt_support/share/moveit_resources_prbt_support/package.bash'
[1.724s] [34mcolcon.colcon_core.shell[0m [1;30mINFO[0m Creating package script '/home/a/ws_nhk/install/moveit_resources_prbt_support/share/moveit_resources_prbt_support/package.zsh'
[1.732s] [34mcolcon.colcon_core.environment[0m [1;30mLevel 1[0m create_file_with_runtime_dependencies(/home/a/ws_nhk/install/moveit_resources_prbt_support/share/colcon-core/packages/moveit_resources_prbt_support)
[1.732s] [34mcolcon.colcon_core.environment[0m [1;30mLevel 1[0m create_environment_scripts_only(moveit_resources_panda_description)
[1.733s] [34mcolcon.colcon_core.environment[0m [1;30mLevel 1[0m checking '/home/a/ws_nhk/install/moveit_resources_panda_description' for CMake module files
[1.734s] [34mcolcon.colcon_core.environment[0m [1;30mLevel 1[0m checking '/home/a/ws_nhk/install/moveit_resources_panda_description' for CMake config files
[1.735s] [34mcolcon.colcon_core.event_handler.log_command[0m [1;30mDEBUG[0m [32mInvoked command in '/home/a/ws_nhk/build/moveit_resources_panda_description' returned '0': CMAKE_PREFIX_PATH=${CMAKE_PREFIX_PATH}:/home/a/ws_nhk/install/moveit_configs_utils:/home/a/ws_nhk/install/rogidrive:/home/a/ws_nhk/install/launch_param_builder:/home/a/ws_nhk/install/dynamixel_controller_gui:/home/a/ws_nhk/install/dynamixel_controller_client:/opt/ros/humble /usr/bin/cmake --install /home/a/ws_nhk/build/moveit_resources_panda_description[0m
[1.735s] [34mcolcon.colcon_core.shell[0m [1;30mLevel 1[0m create_environment_hook('moveit_resources_panda_description', 'cmake_prefix_path')
[1.739s] [34mcolcon.colcon_core.shell[0m [1;30mINFO[0m Creating environment hook '/home/a/ws_nhk/install/moveit_resources_panda_description/share/moveit_resources_panda_description/hook/cmake_prefix_path.ps1'
[1.740s] [34mcolcon.colcon_core.shell[0m [1;30mINFO[0m Creating environment descriptor '/home/a/ws_nhk/install/moveit_resources_panda_description/share/moveit_resources_panda_description/hook/cmake_prefix_path.dsv'
[1.740s] [34mcolcon.colcon_core.shell[0m [1;30mINFO[0m Creating environment hook '/home/a/ws_nhk/install/moveit_resources_panda_description/share/moveit_resources_panda_description/hook/cmake_prefix_path.sh'
[1.741s] [34mcolcon.colcon_core.environment[0m [1;30mLevel 1[0m checking '/home/a/ws_nhk/install/moveit_resources_panda_description/bin'
[1.741s] [34mcolcon.colcon_core.environment[0m [1;30mLevel 1[0m checking '/home/a/ws_nhk/install/moveit_resources_panda_description/lib/pkgconfig/moveit_resources_panda_description.pc'
[1.741s] [34mcolcon.colcon_core.environment[0m [1;30mLevel 1[0m checking '/home/a/ws_nhk/install/moveit_resources_panda_description/lib/python3.10/site-packages'
[1.745s] [34mcolcon.colcon_core.environment[0m [1;30mLevel 1[0m checking '/home/a/ws_nhk/install/moveit_resources_panda_description/bin'
[1.746s] [34mcolcon.colcon_core.shell[0m [1;30mINFO[0m Creating package script '/home/a/ws_nhk/install/moveit_resources_panda_description/share/moveit_resources_panda_description/package.ps1'
[1.746s] [34mcolcon.colcon_core.shell[0m [1;30mINFO[0m Creating package descriptor '/home/a/ws_nhk/install/moveit_resources_panda_description/share/moveit_resources_panda_description/package.dsv'
[1.747s] [34mcolcon.colcon_core.shell[0m [1;30mINFO[0m Creating package script '/home/a/ws_nhk/install/moveit_resources_panda_description/share/moveit_resources_panda_description/package.sh'
[1.748s] [34mcolcon.colcon_core.shell[0m [1;30mINFO[0m Creating package script '/home/a/ws_nhk/install/moveit_resources_panda_description/share/moveit_resources_panda_description/package.bash'
[1.748s] [34mcolcon.colcon_core.shell[0m [1;30mINFO[0m Creating package script '/home/a/ws_nhk/install/moveit_resources_panda_description/share/moveit_resources_panda_description/package.zsh'
[1.753s] [34mcolcon.colcon_core.environment[0m [1;30mLevel 1[0m create_file_with_runtime_dependencies(/home/a/ws_nhk/install/moveit_resources_panda_description/share/colcon-core/packages/moveit_resources_panda_description)
[1.754s] [34mcolcon.colcon_core.environment[0m [1;30mLevel 1[0m create_environment_scripts_only(moveit_resources_panda_description)
[1.754s] [34mcolcon.colcon_core.environment[0m [1;30mLevel 1[0m checking '/home/a/ws_nhk/install/moveit_resources_panda_description' for CMake module files
[1.755s] [34mcolcon.colcon_core.environment[0m [1;30mLevel 1[0m checking '/home/a/ws_nhk/install/moveit_resources_panda_description' for CMake config files
[1.755s] [34mcolcon.colcon_core.shell[0m [1;30mLevel 1[0m create_environment_hook('moveit_resources_panda_description', 'cmake_prefix_path')
[1.755s] [34mcolcon.colcon_core.shell[0m [1;30mINFO[0m Creating environment hook '/home/a/ws_nhk/install/moveit_resources_panda_description/share/moveit_resources_panda_description/hook/cmake_prefix_path.ps1'
[1.757s] [34mcolcon.colcon_core.shell[0m [1;30mINFO[0m Creating environment descriptor '/home/a/ws_nhk/install/moveit_resources_panda_description/share/moveit_resources_panda_description/hook/cmake_prefix_path.dsv'
[1.758s] [34mcolcon.colcon_core.shell[0m [1;30mINFO[0m Creating environment hook '/home/a/ws_nhk/install/moveit_resources_panda_description/share/moveit_resources_panda_description/hook/cmake_prefix_path.sh'
[1.759s] [34mcolcon.colcon_core.environment[0m [1;30mLevel 1[0m checking '/home/a/ws_nhk/install/moveit_resources_panda_description/bin'
[1.759s] [34mcolcon.colcon_core.environment[0m [1;30mLevel 1[0m checking '/home/a/ws_nhk/install/moveit_resources_panda_description/lib/pkgconfig/moveit_resources_panda_description.pc'
[1.759s] [34mcolcon.colcon_core.environment[0m [1;30mLevel 1[0m checking '/home/a/ws_nhk/install/moveit_resources_panda_description/lib/python3.10/site-packages'
[1.760s] [34mcolcon.colcon_core.environment[0m [1;30mLevel 1[0m checking '/home/a/ws_nhk/install/moveit_resources_panda_description/bin'
[1.760s] [34mcolcon.colcon_core.shell[0m [1;30mINFO[0m Creating package script '/home/a/ws_nhk/install/moveit_resources_panda_description/share/moveit_resources_panda_description/package.ps1'
[1.761s] [34mcolcon.colcon_core.shell[0m [1;30mINFO[0m Creating package descriptor '/home/a/ws_nhk/install/moveit_resources_panda_description/share/moveit_resources_panda_description/package.dsv'
[1.761s] [34mcolcon.colcon_core.shell[0m [1;30mINFO[0m Creating package script '/home/a/ws_nhk/install/moveit_resources_panda_description/share/moveit_resources_panda_description/package.sh'
[1.762s] [34mcolcon.colcon_core.shell[0m [1;30mINFO[0m Creating package script '/home/a/ws_nhk/install/moveit_resources_panda_description/share/moveit_resources_panda_description/package.bash'
[1.763s] [34mcolcon.colcon_core.shell[0m [1;30mINFO[0m Creating package script '/home/a/ws_nhk/install/moveit_resources_panda_description/share/moveit_resources_panda_description/package.zsh'
[1.763s] [34mcolcon.colcon_core.environment[0m [1;30mLevel 1[0m create_file_with_runtime_dependencies(/home/a/ws_nhk/install/moveit_resources_panda_description/share/colcon-core/packages/moveit_resources_panda_description)
[1.763s] [34mcolcon.colcon_core.environment[0m [1;30mLevel 1[0m create_environment_scripts_only(moveit_resources_pr2_description)
[1.764s] [34mcolcon.colcon_core.event_handler.log_command[0m [1;30mDEBUG[0m [32mInvoked command in '/home/a/ws_nhk/build/moveit_resources_pr2_description' returned '0': CMAKE_PREFIX_PATH=${CMAKE_PREFIX_PATH}:/home/a/ws_nhk/install/moveit_configs_utils:/home/a/ws_nhk/install/rogidrive:/home/a/ws_nhk/install/launch_param_builder:/home/a/ws_nhk/install/dynamixel_controller_gui:/home/a/ws_nhk/install/dynamixel_controller_client:/opt/ros/humble /usr/bin/cmake --install /home/a/ws_nhk/build/moveit_resources_pr2_description[0m
[1.765s] [34mcolcon.colcon_core.environment[0m [1;30mLevel 1[0m checking '/home/a/ws_nhk/install/moveit_resources_pr2_description' for CMake module files
[1.765s] [34mcolcon.colcon_core.environment[0m [1;30mLevel 1[0m checking '/home/a/ws_nhk/install/moveit_resources_pr2_description' for CMake config files
[1.766s] [34mcolcon.colcon_core.shell[0m [1;30mLevel 1[0m create_environment_hook('moveit_resources_pr2_description', 'cmake_prefix_path')
[1.767s] [34mcolcon.colcon_core.shell[0m [1;30mINFO[0m Creating environment hook '/home/a/ws_nhk/install/moveit_resources_pr2_description/share/moveit_resources_pr2_description/hook/cmake_prefix_path.ps1'
[1.768s] [34mcolcon.colcon_core.shell[0m [1;30mINFO[0m Creating environment descriptor '/home/a/ws_nhk/install/moveit_resources_pr2_description/share/moveit_resources_pr2_description/hook/cmake_prefix_path.dsv'
[1.768s] [34mcolcon.colcon_core.shell[0m [1;30mINFO[0m Creating environment hook '/home/a/ws_nhk/install/moveit_resources_pr2_description/share/moveit_resources_pr2_description/hook/cmake_prefix_path.sh'
[1.769s] [34mcolcon.colcon_core.environment[0m [1;30mLevel 1[0m checking '/home/a/ws_nhk/install/moveit_resources_pr2_description/bin'
[1.770s] [34mcolcon.colcon_core.environment[0m [1;30mLevel 1[0m checking '/home/a/ws_nhk/install/moveit_resources_pr2_description/lib/pkgconfig/moveit_resources_pr2_description.pc'
[1.770s] [34mcolcon.colcon_core.environment[0m [1;30mLevel 1[0m checking '/home/a/ws_nhk/install/moveit_resources_pr2_description/lib/python3.10/site-packages'
[1.770s] [34mcolcon.colcon_core.environment[0m [1;30mLevel 1[0m checking '/home/a/ws_nhk/install/moveit_resources_pr2_description/bin'
[1.771s] [34mcolcon.colcon_core.shell[0m [1;30mINFO[0m Creating package script '/home/a/ws_nhk/install/moveit_resources_pr2_description/share/moveit_resources_pr2_description/package.ps1'
[1.772s] [34mcolcon.colcon_core.shell[0m [1;30mINFO[0m Creating package descriptor '/home/a/ws_nhk/install/moveit_resources_pr2_description/share/moveit_resources_pr2_description/package.dsv'
[1.772s] [34mcolcon.colcon_core.shell[0m [1;30mINFO[0m Creating package script '/home/a/ws_nhk/install/moveit_resources_pr2_description/share/moveit_resources_pr2_description/package.sh'
[1.773s] [34mcolcon.colcon_core.shell[0m [1;30mINFO[0m Creating package script '/home/a/ws_nhk/install/moveit_resources_pr2_description/share/moveit_resources_pr2_description/package.bash'
[1.774s] [34mcolcon.colcon_core.shell[0m [1;30mINFO[0m Creating package script '/home/a/ws_nhk/install/moveit_resources_pr2_description/share/moveit_resources_pr2_description/package.zsh'
[1.774s] [34mcolcon.colcon_core.environment[0m [1;30mLevel 1[0m create_file_with_runtime_dependencies(/home/a/ws_nhk/install/moveit_resources_pr2_description/share/colcon-core/packages/moveit_resources_pr2_description)
[1.775s] [34mcolcon.colcon_core.environment[0m [1;30mLevel 1[0m create_environment_scripts_only(moveit_resources_pr2_description)
[1.775s] [34mcolcon.colcon_core.environment[0m [1;30mLevel 1[0m checking '/home/a/ws_nhk/install/moveit_resources_pr2_description' for CMake module files
[1.776s] [34mcolcon.colcon_core.environment[0m [1;30mLevel 1[0m checking '/home/a/ws_nhk/install/moveit_resources_pr2_description' for CMake config files
[1.777s] [34mcolcon.colcon_core.shell[0m [1;30mLevel 1[0m create_environment_hook('moveit_resources_pr2_description', 'cmake_prefix_path')
[1.777s] [34mcolcon.colcon_core.shell[0m [1;30mINFO[0m Creating environment hook '/home/a/ws_nhk/install/moveit_resources_pr2_description/share/moveit_resources_pr2_description/hook/cmake_prefix_path.ps1'
[1.778s] [34mcolcon.colcon_core.shell[0m [1;30mINFO[0m Creating environment descriptor '/home/a/ws_nhk/install/moveit_resources_pr2_description/share/moveit_resources_pr2_description/hook/cmake_prefix_path.dsv'
[1.778s] [34mcolcon.colcon_core.shell[0m [1;30mINFO[0m Creating environment hook '/home/a/ws_nhk/install/moveit_resources_pr2_description/share/moveit_resources_pr2_description/hook/cmake_prefix_path.sh'
[1.779s] [34mcolcon.colcon_core.environment[0m [1;30mLevel 1[0m checking '/home/a/ws_nhk/install/moveit_resources_pr2_description/bin'
[1.779s] [34mcolcon.colcon_core.environment[0m [1;30mLevel 1[0m checking '/home/a/ws_nhk/install/moveit_resources_pr2_description/lib/pkgconfig/moveit_resources_pr2_description.pc'
[1.780s] [34mcolcon.colcon_core.environment[0m [1;30mLevel 1[0m checking '/home/a/ws_nhk/install/moveit_resources_pr2_description/lib/python3.10/site-packages'
[1.780s] [34mcolcon.colcon_core.environment[0m [1;30mLevel 1[0m checking '/home/a/ws_nhk/install/moveit_resources_pr2_description/bin'
[1.780s] [34mcolcon.colcon_core.shell[0m [1;30mINFO[0m Creating package script '/home/a/ws_nhk/install/moveit_resources_pr2_description/share/moveit_resources_pr2_description/package.ps1'
[1.781s] [34mcolcon.colcon_core.shell[0m [1;30mINFO[0m Creating package descriptor '/home/a/ws_nhk/install/moveit_resources_pr2_description/share/moveit_resources_pr2_description/package.dsv'
[1.782s] [34mcolcon.colcon_core.shell[0m [1;30mINFO[0m Creating package script '/home/a/ws_nhk/install/moveit_resources_pr2_description/share/moveit_resources_pr2_description/package.sh'
[1.782s] [34mcolcon.colcon_core.shell[0m [1;30mINFO[0m Creating package script '/home/a/ws_nhk/install/moveit_resources_pr2_description/share/moveit_resources_pr2_description/package.bash'
[1.783s] [34mcolcon.colcon_core.shell[0m [1;30mINFO[0m Creating package script '/home/a/ws_nhk/install/moveit_resources_pr2_description/share/moveit_resources_pr2_description/package.zsh'
[1.783s] [34mcolcon.colcon_core.environment[0m [1;30mLevel 1[0m create_file_with_runtime_dependencies(/home/a/ws_nhk/install/moveit_resources_pr2_description/share/colcon-core/packages/moveit_resources_pr2_description)
[1.784s] [34mcolcon.colcon_core.environment[0m [1;30mLevel 1[0m create_environment_scripts_only(arm_v20_description)
[1.785s] [34mcolcon.colcon_core.event_handler.log_command[0m [1;30mDEBUG[0m [32mInvoked command in '/home/a/ws_nhk/build/arm_v20_description' returned '0': CMAKE_PREFIX_PATH=${CMAKE_PREFIX_PATH}:/home/a/ws_nhk/install/moveit_configs_utils:/home/a/ws_nhk/install/rogidrive:/home/a/ws_nhk/install/launch_param_builder:/home/a/ws_nhk/install/dynamixel_controller_gui:/home/a/ws_nhk/install/dynamixel_controller_client:/opt/ros/humble /usr/bin/cmake --install /home/a/ws_nhk/build/arm_v20_description[0m
[1.785s] [34mcolcon.colcon_core.environment[0m [1;30mLevel 1[0m checking '/home/a/ws_nhk/install/arm_v20_description' for CMake module files
[1.786s] [34mcolcon.colcon_core.environment[0m [1;30mLevel 1[0m checking '/home/a/ws_nhk/install/arm_v20_description' for CMake config files
[1.786s] [34mcolcon.colcon_core.shell[0m [1;30mLevel 1[0m create_environment_hook('arm_v20_description', 'cmake_prefix_path')
[1.786s] [34mcolcon.colcon_core.shell[0m [1;30mINFO[0m Creating environment hook '/home/a/ws_nhk/install/arm_v20_description/share/arm_v20_description/hook/cmake_prefix_path.ps1'
[1.787s] [34mcolcon.colcon_core.shell[0m [1;30mINFO[0m Creating environment descriptor '/home/a/ws_nhk/install/arm_v20_description/share/arm_v20_description/hook/cmake_prefix_path.dsv'
[1.788s] [34mcolcon.colcon_core.shell[0m [1;30mINFO[0m Creating environment hook '/home/a/ws_nhk/install/arm_v20_description/share/arm_v20_description/hook/cmake_prefix_path.sh'
[1.788s] [34mcolcon.colcon_core.environment[0m [1;30mLevel 1[0m checking '/home/a/ws_nhk/install/arm_v20_description/bin'
[1.789s] [34mcolcon.colcon_core.environment[0m [1;30mLevel 1[0m checking '/home/a/ws_nhk/install/arm_v20_description/lib/pkgconfig/arm_v20_description.pc'
[1.789s] [34mcolcon.colcon_core.environment[0m [1;30mLevel 1[0m checking '/home/a/ws_nhk/install/arm_v20_description/lib/python3.10/site-packages'
[1.789s] [34mcolcon.colcon_core.environment[0m [1;30mLevel 1[0m checking '/home/a/ws_nhk/install/arm_v20_description/bin'
[1.790s] [34mcolcon.colcon_core.shell[0m [1;30mINFO[0m Creating package script '/home/a/ws_nhk/install/arm_v20_description/share/arm_v20_description/package.ps1'
[1.790s] [34mcolcon.colcon_core.shell[0m [1;30mINFO[0m Creating package descriptor '/home/a/ws_nhk/install/arm_v20_description/share/arm_v20_description/package.dsv'
[1.791s] [34mcolcon.colcon_core.shell[0m [1;30mINFO[0m Creating package script '/home/a/ws_nhk/install/arm_v20_description/share/arm_v20_description/package.sh'
[1.791s] [34mcolcon.colcon_core.shell[0m [1;30mINFO[0m Creating package script '/home/a/ws_nhk/install/arm_v20_description/share/arm_v20_description/package.bash'
[1.792s] [34mcolcon.colcon_core.shell[0m [1;30mINFO[0m Creating package script '/home/a/ws_nhk/install/arm_v20_description/share/arm_v20_description/package.zsh'
[1.792s] [34mcolcon.colcon_core.environment[0m [1;30mLevel 1[0m create_file_with_runtime_dependencies(/home/a/ws_nhk/install/arm_v20_description/share/colcon-core/packages/arm_v20_description)
[1.793s] [34mcolcon.colcon_core.environment[0m [1;30mLevel 1[0m create_environment_scripts_only(arm_v20_description)
[1.794s] [34mcolcon.colcon_core.environment[0m [1;30mLevel 1[0m checking '/home/a/ws_nhk/install/arm_v20_description' for CMake module files
[1.794s] [34mcolcon.colcon_core.environment[0m [1;30mLevel 1[0m checking '/home/a/ws_nhk/install/arm_v20_description' for CMake config files
[1.795s] [34mcolcon.colcon_core.shell[0m [1;30mLevel 1[0m create_environment_hook('arm_v20_description', 'cmake_prefix_path')
[1.795s] [34mcolcon.colcon_core.shell[0m [1;30mINFO[0m Creating environment hook '/home/a/ws_nhk/install/arm_v20_description/share/arm_v20_description/hook/cmake_prefix_path.ps1'
[1.795s] [34mcolcon.colcon_core.shell[0m [1;30mINFO[0m Creating environment descriptor '/home/a/ws_nhk/install/arm_v20_description/share/arm_v20_description/hook/cmake_prefix_path.dsv'
[1.796s] [34mcolcon.colcon_core.shell[0m [1;30mINFO[0m Creating environment hook '/home/a/ws_nhk/install/arm_v20_description/share/arm_v20_description/hook/cmake_prefix_path.sh'
[1.797s] [34mcolcon.colcon_core.environment[0m [1;30mLevel 1[0m checking '/home/a/ws_nhk/install/arm_v20_description/bin'
[1.797s] [34mcolcon.colcon_core.environment[0m [1;30mLevel 1[0m checking '/home/a/ws_nhk/install/arm_v20_description/lib/pkgconfig/arm_v20_description.pc'
[1.797s] [34mcolcon.colcon_core.environment[0m [1;30mLevel 1[0m checking '/home/a/ws_nhk/install/arm_v20_description/lib/python3.10/site-packages'
[1.798s] [34mcolcon.colcon_core.environment[0m [1;30mLevel 1[0m checking '/home/a/ws_nhk/install/arm_v20_description/bin'
[1.798s] [34mcolcon.colcon_core.shell[0m [1;30mINFO[0m Creating package script '/home/a/ws_nhk/install/arm_v20_description/share/arm_v20_description/package.ps1'
[1.799s] [34mcolcon.colcon_core.shell[0m [1;30mINFO[0m Creating package descriptor '/home/a/ws_nhk/install/arm_v20_description/share/arm_v20_description/package.dsv'
[1.799s] [34mcolcon.colcon_core.shell[0m [1;30mINFO[0m Creating package script '/home/a/ws_nhk/install/arm_v20_description/share/arm_v20_description/package.sh'
[1.800s] [34mcolcon.colcon_core.shell[0m [1;30mINFO[0m Creating package script '/home/a/ws_nhk/install/arm_v20_description/share/arm_v20_description/package.bash'
[1.800s] [34mcolcon.colcon_core.shell[0m [1;30mINFO[0m Creating package script '/home/a/ws_nhk/install/arm_v20_description/share/arm_v20_description/package.zsh'
[1.801s] [34mcolcon.colcon_core.environment[0m [1;30mLevel 1[0m create_file_with_runtime_dependencies(/home/a/ws_nhk/install/arm_v20_description/share/colcon-core/packages/arm_v20_description)
[1.801s] [34mcolcon.colcon_core.environment[0m [1;30mLevel 1[0m create_environment_scripts_only(dynamixel_sdk)
[1.802s] [34mcolcon.colcon_core.event_handler.log_command[0m [1;30mDEBUG[0m [32mInvoked command in '/home/a/ws_nhk/build/dynamixel_sdk' returned '0': CMAKE_PREFIX_PATH=${CMAKE_PREFIX_PATH}:/home/a/ws_nhk/install/moveit_configs_utils:/home/a/ws_nhk/install/rogidrive:/home/a/ws_nhk/install/launch_param_builder:/home/a/ws_nhk/install/dynamixel_controller_gui:/home/a/ws_nhk/install/dynamixel_controller_client:/opt/ros/humble /usr/bin/cmake --install /home/a/ws_nhk/build/dynamixel_sdk[0m
[1.803s] [34mcolcon.colcon_core.environment[0m [1;30mLevel 1[0m checking '/home/a/ws_nhk/install/dynamixel_sdk' for CMake module files
[1.803s] [34mcolcon.colcon_core.environment[0m [1;30mLevel 1[0m checking '/home/a/ws_nhk/install/dynamixel_sdk' for CMake config files
[1.804s] [34mcolcon.colcon_core.shell[0m [1;30mLevel 1[0m create_environment_hook('dynamixel_sdk', 'cmake_prefix_path')
[1.804s] [34mcolcon.colcon_core.shell[0m [1;30mINFO[0m Creating environment hook '/home/a/ws_nhk/install/dynamixel_sdk/share/dynamixel_sdk/hook/cmake_prefix_path.ps1'
[1.805s] [34mcolcon.colcon_core.shell[0m [1;30mINFO[0m Creating environment descriptor '/home/a/ws_nhk/install/dynamixel_sdk/share/dynamixel_sdk/hook/cmake_prefix_path.dsv'
[1.805s] [34mcolcon.colcon_core.shell[0m [1;30mINFO[0m Creating environment hook '/home/a/ws_nhk/install/dynamixel_sdk/share/dynamixel_sdk/hook/cmake_prefix_path.sh'
[1.806s] [34mcolcon.colcon_core.environment[0m [1;30mLevel 1[0m checking '/home/a/ws_nhk/install/dynamixel_sdk/lib'
[1.806s] [34mcolcon.colcon_core.shell[0m [1;30mLevel 1[0m create_environment_hook('dynamixel_sdk', 'ld_library_path_lib')
[1.807s] [34mcolcon.colcon_core.shell[0m [1;30mINFO[0m Creating environment hook '/home/a/ws_nhk/install/dynamixel_sdk/share/dynamixel_sdk/hook/ld_library_path_lib.ps1'
[1.807s] [34mcolcon.colcon_core.shell[0m [1;30mINFO[0m Creating environment descriptor '/home/a/ws_nhk/install/dynamixel_sdk/share/dynamixel_sdk/hook/ld_library_path_lib.dsv'
[1.808s] [34mcolcon.colcon_core.shell[0m [1;30mINFO[0m Creating environment hook '/home/a/ws_nhk/install/dynamixel_sdk/share/dynamixel_sdk/hook/ld_library_path_lib.sh'
[1.808s] [34mcolcon.colcon_core.environment[0m [1;30mLevel 1[0m checking '/home/a/ws_nhk/install/dynamixel_sdk/bin'
[1.808s] [34mcolcon.colcon_core.environment[0m [1;30mLevel 1[0m checking '/home/a/ws_nhk/install/dynamixel_sdk/lib/pkgconfig/dynamixel_sdk.pc'
[1.808s] [34mcolcon.colcon_core.environment[0m [1;30mLevel 1[0m checking '/home/a/ws_nhk/install/dynamixel_sdk/lib/python3.10/site-packages'
[1.809s] [34mcolcon.colcon_core.environment[0m [1;30mLevel 1[0m checking '/home/a/ws_nhk/install/dynamixel_sdk/bin'
[1.809s] [34mcolcon.colcon_core.shell[0m [1;30mINFO[0m Creating package script '/home/a/ws_nhk/install/dynamixel_sdk/share/dynamixel_sdk/package.ps1'
[1.810s] [34mcolcon.colcon_core.shell[0m [1;30mINFO[0m Creating package descriptor '/home/a/ws_nhk/install/dynamixel_sdk/share/dynamixel_sdk/package.dsv'
[1.811s] [34mcolcon.colcon_core.shell[0m [1;30mINFO[0m Creating package script '/home/a/ws_nhk/install/dynamixel_sdk/share/dynamixel_sdk/package.sh'
[1.811s] [34mcolcon.colcon_core.shell[0m [1;30mINFO[0m Creating package script '/home/a/ws_nhk/install/dynamixel_sdk/share/dynamixel_sdk/package.bash'
[1.812s] [34mcolcon.colcon_core.shell[0m [1;30mINFO[0m Creating package script '/home/a/ws_nhk/install/dynamixel_sdk/share/dynamixel_sdk/package.zsh'
[1.812s] [34mcolcon.colcon_core.environment[0m [1;30mLevel 1[0m create_file_with_runtime_dependencies(/home/a/ws_nhk/install/dynamixel_sdk/share/colcon-core/packages/dynamixel_sdk)
[1.813s] [34mcolcon.colcon_core.environment[0m [1;30mLevel 1[0m create_environment_scripts_only(dynamixel_sdk)
[1.813s] [34mcolcon.colcon_core.environment[0m [1;30mLevel 1[0m checking '/home/a/ws_nhk/install/dynamixel_sdk' for CMake module files
[1.814s] [34mcolcon.colcon_core.environment[0m [1;30mLevel 1[0m checking '/home/a/ws_nhk/install/dynamixel_sdk' for CMake config files
[1.814s] [34mcolcon.colcon_core.shell[0m [1;30mLevel 1[0m create_environment_hook('dynamixel_sdk', 'cmake_prefix_path')
[1.814s] [34mcolcon.colcon_core.shell[0m [1;30mINFO[0m Creating environment hook '/home/a/ws_nhk/install/dynamixel_sdk/share/dynamixel_sdk/hook/cmake_prefix_path.ps1'
[1.815s] [34mcolcon.colcon_core.shell[0m [1;30mINFO[0m Creating environment descriptor '/home/a/ws_nhk/install/dynamixel_sdk/share/dynamixel_sdk/hook/cmake_prefix_path.dsv'
[1.815s] [34mcolcon.colcon_core.shell[0m [1;30mINFO[0m Creating environment hook '/home/a/ws_nhk/install/dynamixel_sdk/share/dynamixel_sdk/hook/cmake_prefix_path.sh'
[1.816s] [34mcolcon.colcon_core.environment[0m [1;30mLevel 1[0m checking '/home/a/ws_nhk/install/dynamixel_sdk/lib'
[1.816s] [34mcolcon.colcon_core.shell[0m [1;30mLevel 1[0m create_environment_hook('dynamixel_sdk', 'ld_library_path_lib')
[1.817s] [34mcolcon.colcon_core.shell[0m [1;30mINFO[0m Creating environment hook '/home/a/ws_nhk/install/dynamixel_sdk/share/dynamixel_sdk/hook/ld_library_path_lib.ps1'
[1.818s] [34mcolcon.colcon_core.shell[0m [1;30mINFO[0m Creating environment descriptor '/home/a/ws_nhk/install/dynamixel_sdk/share/dynamixel_sdk/hook/ld_library_path_lib.dsv'
[1.818s] [34mcolcon.colcon_core.shell[0m [1;30mINFO[0m Creating environment hook '/home/a/ws_nhk/install/dynamixel_sdk/share/dynamixel_sdk/hook/ld_library_path_lib.sh'
[1.819s] [34mcolcon.colcon_core.environment[0m [1;30mLevel 1[0m checking '/home/a/ws_nhk/install/dynamixel_sdk/bin'
[1.819s] [34mcolcon.colcon_core.environment[0m [1;30mLevel 1[0m checking '/home/a/ws_nhk/install/dynamixel_sdk/lib/pkgconfig/dynamixel_sdk.pc'
[1.819s] [34mcolcon.colcon_core.environment[0m [1;30mLevel 1[0m checking '/home/a/ws_nhk/install/dynamixel_sdk/lib/python3.10/site-packages'
[1.820s] [34mcolcon.colcon_core.environment[0m [1;30mLevel 1[0m checking '/home/a/ws_nhk/install/dynamixel_sdk/bin'
[1.821s] [34mcolcon.colcon_core.shell[0m [1;30mINFO[0m Creating package script '/home/a/ws_nhk/install/dynamixel_sdk/share/dynamixel_sdk/package.ps1'
[1.822s] [34mcolcon.colcon_core.shell[0m [1;30mINFO[0m Creating package descriptor '/home/a/ws_nhk/install/dynamixel_sdk/share/dynamixel_sdk/package.dsv'
[1.822s] [34mcolcon.colcon_core.shell[0m [1;30mINFO[0m Creating package script '/home/a/ws_nhk/install/dynamixel_sdk/share/dynamixel_sdk/package.sh'
[1.823s] [34mcolcon.colcon_core.shell[0m [1;30mINFO[0m Creating package script '/home/a/ws_nhk/install/dynamixel_sdk/share/dynamixel_sdk/package.bash'
[1.823s] [34mcolcon.colcon_core.shell[0m [1;30mINFO[0m Creating package script '/home/a/ws_nhk/install/dynamixel_sdk/share/dynamixel_sdk/package.zsh'
[1.824s] [34mcolcon.colcon_core.environment[0m [1;30mLevel 1[0m create_file_with_runtime_dependencies(/home/a/ws_nhk/install/dynamixel_sdk/share/colcon-core/packages/dynamixel_sdk)
[1.827s] [34mcolcon.colcon_ros.task.ament_cmake.build[0m [1;30mINFO[0m Building ROS package in '/home/a/ws_nhk/src/moveit_resources/panda_moveit_config' with build type 'ament_cmake'
[1.828s] [34mcolcon.colcon_cmake.task.cmake.build[0m [1;30mINFO[0m Building CMake package in '/home/a/ws_nhk/src/moveit_resources/panda_moveit_config'
[1.828s] [34mcolcon.colcon_core.shell[0m [1;30mINFO[0m Skip shell extension 'powershell' for command environment: Not usable outside of PowerShell
[1.828s] [34mcolcon.colcon_core.shell[0m [1;30mDEBUG[0m [32mSkip shell extension 'dsv' for command environment[0m
[1.854s] [34mcolcon.colcon_ros.task.ament_cmake.build[0m [1;30mINFO[0m Building ROS package in '/home/a/ws_nhk/src/moveit_resources/fanuc_moveit_config' with build type 'ament_cmake'
[1.854s] [34mcolcon.colcon_cmake.task.cmake.build[0m [1;30mINFO[0m Building CMake package in '/home/a/ws_nhk/src/moveit_resources/fanuc_moveit_config'
[1.855s] [34mcolcon.colcon_core.shell[0m [1;30mINFO[0m Skip shell extension 'powershell' for command environment: Not usable outside of PowerShell
[1.855s] [34mcolcon.colcon_core.shell[0m [1;30mDEBUG[0m [32mSkip shell extension 'dsv' for command environment[0m
[1.869s] [34mcolcon.colcon_ros.task.ament_cmake.build[0m [1;30mINFO[0m Building ROS package in '/home/a/ws_nhk/src/moveit_task_constructor/rviz_marker_tools' with build type 'ament_cmake'
[1.869s] [34mcolcon.colcon_cmake.task.cmake.build[0m [1;30mINFO[0m Building CMake package in '/home/a/ws_nhk/src/moveit_task_constructor/rviz_marker_tools'
[1.870s] [34mcolcon.colcon_core.shell[0m [1;30mINFO[0m Skip shell extension 'powershell' for command environment: Not usable outside of PowerShell
[1.870s] [34mcolcon.colcon_core.shell[0m [1;30mDEBUG[0m [32mSkip shell extension 'dsv' for command environment[0m
[1.885s] [34mcolcon.colcon_ros.task.ament_cmake.build[0m [1;30mINFO[0m Building ROS package in '/home/a/ws_nhk/src/dynamixel_ros2/dynamixel_controller' with build type 'ament_cmake'
[1.885s] [34mcolcon.colcon_cmake.task.cmake.build[0m [1;30mINFO[0m Building CMake package in '/home/a/ws_nhk/src/dynamixel_ros2/dynamixel_controller'
[1.885s] [34mcolcon.colcon_core.shell[0m [1;30mINFO[0m Skip shell extension 'powershell' for command environment: Not usable outside of PowerShell
[1.885s] [34mcolcon.colcon_core.shell[0m [1;30mDEBUG[0m [32mSkip shell extension 'dsv' for command environment[0m
[1.907s] [34mcolcon.colcon_core.environment[0m [1;30mLevel 1[0m create_environment_scripts_only(arm_module_description)
[1.908s] [34mcolcon.colcon_core.environment[0m [1;30mLevel 1[0m checking '/home/a/ws_nhk/install/arm_module_description' for CMake module files
[1.909s] [34mcolcon.colcon_core.environment[0m [1;30mLevel 1[0m checking '/home/a/ws_nhk/install/arm_module_description' for CMake config files
[1.909s] [34mcolcon.colcon_core.shell[0m [1;30mLevel 1[0m create_environment_hook('arm_module_description', 'cmake_prefix_path')
[1.909s] [34mcolcon.colcon_core.shell[0m [1;30mINFO[0m Creating environment hook '/home/a/ws_nhk/install/arm_module_description/share/arm_module_description/hook/cmake_prefix_path.ps1'
[1.910s] [34mcolcon.colcon_core.shell[0m [1;30mINFO[0m Creating environment descriptor '/home/a/ws_nhk/install/arm_module_description/share/arm_module_description/hook/cmake_prefix_path.dsv'
[1.910s] [34mcolcon.colcon_core.shell[0m [1;30mINFO[0m Creating environment hook '/home/a/ws_nhk/install/arm_module_description/share/arm_module_description/hook/cmake_prefix_path.sh'
[1.911s] [34mcolcon.colcon_core.environment[0m [1;30mLevel 1[0m checking '/home/a/ws_nhk/install/arm_module_description/bin'
[1.911s] [34mcolcon.colcon_core.event_handler.log_command[0m [1;30mDEBUG[0m [32mInvoked command in '/home/a/ws_nhk/build/arm_module_description' returned '0': CMAKE_PREFIX_PATH=${CMAKE_PREFIX_PATH}:/home/a/ws_nhk/install/moveit_configs_utils:/home/a/ws_nhk/install/rogidrive:/home/a/ws_nhk/install/launch_param_builder:/home/a/ws_nhk/install/dynamixel_controller_gui:/home/a/ws_nhk/install/dynamixel_controller_client:/opt/ros/humble /usr/bin/cmake --install /home/a/ws_nhk/build/arm_module_description[0m
[1.911s] [34mcolcon.colcon_core.environment[0m [1;30mLevel 1[0m checking '/home/a/ws_nhk/install/arm_module_description/lib/pkgconfig/arm_module_description.pc'
[1.911s] [34mcolcon.colcon_core.environment[0m [1;30mLevel 1[0m checking '/home/a/ws_nhk/install/arm_module_description/lib/python3.10/site-packages'
[1.912s] [34mcolcon.colcon_core.environment[0m [1;30mLevel 1[0m checking '/home/a/ws_nhk/install/arm_module_description/bin'
[1.912s] [34mcolcon.colcon_core.shell[0m [1;30mINFO[0m Creating package script '/home/a/ws_nhk/install/arm_module_description/share/arm_module_description/package.ps1'
[1.913s] [34mcolcon.colcon_core.shell[0m [1;30mINFO[0m Creating package descriptor '/home/a/ws_nhk/install/arm_module_description/share/arm_module_description/package.dsv'
[1.913s] [34mcolcon.colcon_core.shell[0m [1;30mINFO[0m Creating package script '/home/a/ws_nhk/install/arm_module_description/share/arm_module_description/package.sh'
[1.913s] [34mcolcon.colcon_core.shell[0m [1;30mINFO[0m Creating package script '/home/a/ws_nhk/install/arm_module_description/share/arm_module_description/package.bash'
[1.914s] [34mcolcon.colcon_core.shell[0m [1;30mINFO[0m Creating package script '/home/a/ws_nhk/install/arm_module_description/share/arm_module_description/package.zsh'
[1.914s] [34mcolcon.colcon_core.environment[0m [1;30mLevel 1[0m create_file_with_runtime_dependencies(/home/a/ws_nhk/install/arm_module_description/share/colcon-core/packages/arm_module_description)
[1.915s] [34mcolcon.colcon_core.environment[0m [1;30mLevel 1[0m create_environment_scripts_only(arm_module_description)
[1.915s] [34mcolcon.colcon_core.environment[0m [1;30mLevel 1[0m checking '/home/a/ws_nhk/install/arm_module_description' for CMake module files
[1.916s] [34mcolcon.colcon_core.environment[0m [1;30mLevel 1[0m checking '/home/a/ws_nhk/install/arm_module_description' for CMake config files
[1.916s] [34mcolcon.colcon_core.shell[0m [1;30mLevel 1[0m create_environment_hook('arm_module_description', 'cmake_prefix_path')
[1.916s] [34mcolcon.colcon_core.shell[0m [1;30mINFO[0m Creating environment hook '/home/a/ws_nhk/install/arm_module_description/share/arm_module_description/hook/cmake_prefix_path.ps1'
[1.917s] [34mcolcon.colcon_core.shell[0m [1;30mINFO[0m Creating environment descriptor '/home/a/ws_nhk/install/arm_module_description/share/arm_module_description/hook/cmake_prefix_path.dsv'
[1.917s] [34mcolcon.colcon_core.shell[0m [1;30mINFO[0m Creating environment hook '/home/a/ws_nhk/install/arm_module_description/share/arm_module_description/hook/cmake_prefix_path.sh'
[1.918s] [34mcolcon.colcon_core.environment[0m [1;30mLevel 1[0m checking '/home/a/ws_nhk/install/arm_module_description/bin'
[1.918s] [34mcolcon.colcon_core.environment[0m [1;30mLevel 1[0m checking '/home/a/ws_nhk/install/arm_module_description/lib/pkgconfig/arm_module_description.pc'
[1.918s] [34mcolcon.colcon_core.environment[0m [1;30mLevel 1[0m checking '/home/a/ws_nhk/install/arm_module_description/lib/python3.10/site-packages'
[1.919s] [34mcolcon.colcon_core.environment[0m [1;30mLevel 1[0m checking '/home/a/ws_nhk/install/arm_module_description/bin'
[1.919s] [34mcolcon.colcon_core.shell[0m [1;30mINFO[0m Creating package script '/home/a/ws_nhk/install/arm_module_description/share/arm_module_description/package.ps1'
[1.920s] [34mcolcon.colcon_core.shell[0m [1;30mINFO[0m Creating package descriptor '/home/a/ws_nhk/install/arm_module_description/share/arm_module_description/package.dsv'
[1.921s] [34mcolcon.colcon_core.shell[0m [1;30mINFO[0m Creating package script '/home/a/ws_nhk/install/arm_module_description/share/arm_module_description/package.sh'
[1.921s] [34mcolcon.colcon_core.shell[0m [1;30mINFO[0m Creating package script '/home/a/ws_nhk/install/arm_module_description/share/arm_module_description/package.bash'
[1.922s] [34mcolcon.colcon_core.shell[0m [1;30mINFO[0m Creating package script '/home/a/ws_nhk/install/arm_module_description/share/arm_module_description/package.zsh'
[1.922s] [34mcolcon.colcon_core.environment[0m [1;30mLevel 1[0m create_file_with_runtime_dependencies(/home/a/ws_nhk/install/arm_module_description/share/colcon-core/packages/arm_module_description)
[1.924s] [34mcolcon.colcon_core.environment[0m [1;30mLevel 1[0m create_environment_scripts_only(a_r2_description)
[1.925s] [34mcolcon.colcon_core.environment[0m [1;30mLevel 1[0m checking '/home/a/ws_nhk/install/a_r2_description' for CMake module files
[1.925s] [34mcolcon.colcon_core.environment[0m [1;30mLevel 1[0m checking '/home/a/ws_nhk/install/a_r2_description' for CMake config files
[1.925s] [34mcolcon.colcon_core.event_handler.log_command[0m [1;30mDEBUG[0m [32mInvoked command in '/home/a/ws_nhk/build/a_r2_description' returned '0': CMAKE_PREFIX_PATH=${CMAKE_PREFIX_PATH}:/home/a/ws_nhk/install/moveit_configs_utils:/home/a/ws_nhk/install/rogidrive:/home/a/ws_nhk/install/launch_param_builder:/home/a/ws_nhk/install/dynamixel_controller_gui:/home/a/ws_nhk/install/dynamixel_controller_client:/opt/ros/humble /usr/bin/cmake --install /home/a/ws_nhk/build/a_r2_description[0m
[1.926s] [34mcolcon.colcon_core.shell[0m [1;30mLevel 1[0m create_environment_hook('a_r2_description', 'cmake_prefix_path')
[1.926s] [34mcolcon.colcon_core.shell[0m [1;30mINFO[0m Creating environment hook '/home/a/ws_nhk/install/a_r2_description/share/a_r2_description/hook/cmake_prefix_path.ps1'
[1.927s] [34mcolcon.colcon_core.shell[0m [1;30mINFO[0m Creating environment descriptor '/home/a/ws_nhk/install/a_r2_description/share/a_r2_description/hook/cmake_prefix_path.dsv'
[1.927s] [34mcolcon.colcon_core.shell[0m [1;30mINFO[0m Creating environment hook '/home/a/ws_nhk/install/a_r2_description/share/a_r2_description/hook/cmake_prefix_path.sh'
[1.928s] [34mcolcon.colcon_core.environment[0m [1;30mLevel 1[0m checking '/home/a/ws_nhk/install/a_r2_description/bin'
[1.928s] [34mcolcon.colcon_core.environment[0m [1;30mLevel 1[0m checking '/home/a/ws_nhk/install/a_r2_description/lib/pkgconfig/a_r2_description.pc'
[1.928s] [34mcolcon.colcon_core.environment[0m [1;30mLevel 1[0m checking '/home/a/ws_nhk/install/a_r2_description/lib/python3.10/site-packages'
[1.929s] [34mcolcon.colcon_core.environment[0m [1;30mLevel 1[0m checking '/home/a/ws_nhk/install/a_r2_description/bin'
[1.929s] [34mcolcon.colcon_core.shell[0m [1;30mINFO[0m Creating package script '/home/a/ws_nhk/install/a_r2_description/share/a_r2_description/package.ps1'
[1.929s] [34mcolcon.colcon_core.shell[0m [1;30mINFO[0m Creating package descriptor '/home/a/ws_nhk/install/a_r2_description/share/a_r2_description/package.dsv'
[1.930s] [34mcolcon.colcon_core.shell[0m [1;30mINFO[0m Creating package script '/home/a/ws_nhk/install/a_r2_description/share/a_r2_description/package.sh'
[1.930s] [34mcolcon.colcon_core.shell[0m [1;30mINFO[0m Creating package script '/home/a/ws_nhk/install/a_r2_description/share/a_r2_description/package.bash'
[1.931s] [34mcolcon.colcon_core.shell[0m [1;30mINFO[0m Creating package script '/home/a/ws_nhk/install/a_r2_description/share/a_r2_description/package.zsh'
[1.931s] [34mcolcon.colcon_core.environment[0m [1;30mLevel 1[0m create_file_with_runtime_dependencies(/home/a/ws_nhk/install/a_r2_description/share/colcon-core/packages/a_r2_description)
[1.932s] [34mcolcon.colcon_core.environment[0m [1;30mLevel 1[0m create_environment_scripts_only(a_r2_description)
[1.932s] [34mcolcon.colcon_core.environment[0m [1;30mLevel 1[0m checking '/home/a/ws_nhk/install/a_r2_description' for CMake module files
[1.932s] [34mcolcon.colcon_core.environment[0m [1;30mLevel 1[0m checking '/home/a/ws_nhk/install/a_r2_description' for CMake config files
[1.933s] [34mcolcon.colcon_core.shell[0m [1;30mLevel 1[0m create_environment_hook('a_r2_description', 'cmake_prefix_path')
[1.933s] [34mcolcon.colcon_core.shell[0m [1;30mINFO[0m Creating environment hook '/home/a/ws_nhk/install/a_r2_description/share/a_r2_description/hook/cmake_prefix_path.ps1'
[1.933s] [34mcolcon.colcon_core.shell[0m [1;30mINFO[0m Creating environment descriptor '/home/a/ws_nhk/install/a_r2_description/share/a_r2_description/hook/cmake_prefix_path.dsv'
[1.934s] [34mcolcon.colcon_core.shell[0m [1;30mINFO[0m Creating environment hook '/home/a/ws_nhk/install/a_r2_description/share/a_r2_description/hook/cmake_prefix_path.sh'
[1.934s] [34mcolcon.colcon_core.environment[0m [1;30mLevel 1[0m checking '/home/a/ws_nhk/install/a_r2_description/bin'
[1.934s] [34mcolcon.colcon_core.environment[0m [1;30mLevel 1[0m checking '/home/a/ws_nhk/install/a_r2_description/lib/pkgconfig/a_r2_description.pc'
[1.935s] [34mcolcon.colcon_core.environment[0m [1;30mLevel 1[0m checking '/home/a/ws_nhk/install/a_r2_description/lib/python3.10/site-packages'
[1.935s] [34mcolcon.colcon_core.environment[0m [1;30mLevel 1[0m checking '/home/a/ws_nhk/install/a_r2_description/bin'
[1.935s] [34mcolcon.colcon_core.shell[0m [1;30mINFO[0m Creating package script '/home/a/ws_nhk/install/a_r2_description/share/a_r2_description/package.ps1'
[1.936s] [34mcolcon.colcon_core.shell[0m [1;30mINFO[0m Creating package descriptor '/home/a/ws_nhk/install/a_r2_description/share/a_r2_description/package.dsv'
[1.937s] [34mcolcon.colcon_core.shell[0m [1;30mINFO[0m Creating package script '/home/a/ws_nhk/install/a_r2_description/share/a_r2_description/package.sh'
[1.937s] [34mcolcon.colcon_core.shell[0m [1;30mINFO[0m Creating package script '/home/a/ws_nhk/install/a_r2_description/share/a_r2_description/package.bash'
[1.938s] [34mcolcon.colcon_core.shell[0m [1;30mINFO[0m Creating package script '/home/a/ws_nhk/install/a_r2_description/share/a_r2_description/package.zsh'
[1.938s] [34mcolcon.colcon_core.environment[0m [1;30mLevel 1[0m create_file_with_runtime_dependencies(/home/a/ws_nhk/install/a_r2_description/share/colcon-core/packages/a_r2_description)
[1.940s] [34mcolcon.colcon_core.environment[0m [1;30mLevel 1[0m create_environment_scripts_only(rogidrive_msg)
[1.940s] [34mcolcon.colcon_core.event_handler.log_command[0m [1;30mDEBUG[0m [32mInvoked command in '/home/a/ws_nhk/build/rogidrive_msg' returned '0': CMAKE_PREFIX_PATH=${CMAKE_PREFIX_PATH}:/home/a/ws_nhk/install/moveit_configs_utils:/home/a/ws_nhk/install/rogidrive:/home/a/ws_nhk/install/launch_param_builder:/home/a/ws_nhk/install/dynamixel_controller_gui:/home/a/ws_nhk/install/dynamixel_controller_client:/opt/ros/humble /usr/bin/cmake --install /home/a/ws_nhk/build/rogidrive_msg[0m
[1.940s] [34mcolcon.colcon_core.environment[0m [1;30mLevel 1[0m checking '/home/a/ws_nhk/install/rogidrive_msg' for CMake module files
[1.941s] [34mcolcon.colcon_core.environment[0m [1;30mLevel 1[0m checking '/home/a/ws_nhk/install/rogidrive_msg' for CMake config files
[1.941s] [34mcolcon.colcon_core.shell[0m [1;30mLevel 1[0m create_environment_hook('rogidrive_msg', 'cmake_prefix_path')
[1.941s] [34mcolcon.colcon_core.shell[0m [1;30mINFO[0m Creating environment hook '/home/a/ws_nhk/install/rogidrive_msg/share/rogidrive_msg/hook/cmake_prefix_path.ps1'
[1.942s] [34mcolcon.colcon_core.shell[0m [1;30mINFO[0m Creating environment descriptor '/home/a/ws_nhk/install/rogidrive_msg/share/rogidrive_msg/hook/cmake_prefix_path.dsv'
[1.942s] [34mcolcon.colcon_core.shell[0m [1;30mINFO[0m Creating environment hook '/home/a/ws_nhk/install/rogidrive_msg/share/rogidrive_msg/hook/cmake_prefix_path.sh'
[1.943s] [34mcolcon.colcon_core.environment[0m [1;30mLevel 1[0m checking '/home/a/ws_nhk/install/rogidrive_msg/lib'
[1.943s] [34mcolcon.colcon_core.shell[0m [1;30mLevel 1[0m create_environment_hook('rogidrive_msg', 'ld_library_path_lib')
[1.943s] [34mcolcon.colcon_core.shell[0m [1;30mINFO[0m Creating environment hook '/home/a/ws_nhk/install/rogidrive_msg/share/rogidrive_msg/hook/ld_library_path_lib.ps1'
[1.944s] [34mcolcon.colcon_core.shell[0m [1;30mINFO[0m Creating environment descriptor '/home/a/ws_nhk/install/rogidrive_msg/share/rogidrive_msg/hook/ld_library_path_lib.dsv'
[1.944s] [34mcolcon.colcon_core.shell[0m [1;30mINFO[0m Creating environment hook '/home/a/ws_nhk/install/rogidrive_msg/share/rogidrive_msg/hook/ld_library_path_lib.sh'
[1.944s] [34mcolcon.colcon_core.environment[0m [1;30mLevel 1[0m checking '/home/a/ws_nhk/install/rogidrive_msg/bin'
[1.945s] [34mcolcon.colcon_core.environment[0m [1;30mLevel 1[0m checking '/home/a/ws_nhk/install/rogidrive_msg/lib/pkgconfig/rogidrive_msg.pc'
[1.945s] [34mcolcon.colcon_core.environment[0m [1;30mLevel 1[0m checking '/home/a/ws_nhk/install/rogidrive_msg/lib/python3.10/site-packages'
[1.945s] [34mcolcon.colcon_core.environment[0m [1;30mLevel 1[0m checking '/home/a/ws_nhk/install/rogidrive_msg/bin'
[1.946s] [34mcolcon.colcon_core.shell[0m [1;30mINFO[0m Creating package script '/home/a/ws_nhk/install/rogidrive_msg/share/rogidrive_msg/package.ps1'
[1.946s] [34mcolcon.colcon_core.shell[0m [1;30mINFO[0m Creating package descriptor '/home/a/ws_nhk/install/rogidrive_msg/share/rogidrive_msg/package.dsv'
[1.947s] [34mcolcon.colcon_core.shell[0m [1;30mINFO[0m Creating package script '/home/a/ws_nhk/install/rogidrive_msg/share/rogidrive_msg/package.sh'
[1.947s] [34mcolcon.colcon_core.shell[0m [1;30mINFO[0m Creating package script '/home/a/ws_nhk/install/rogidrive_msg/share/rogidrive_msg/package.bash'
[1.948s] [34mcolcon.colcon_core.shell[0m [1;30mINFO[0m Creating package script '/home/a/ws_nhk/install/rogidrive_msg/share/rogidrive_msg/package.zsh'
[1.948s] [34mcolcon.colcon_core.environment[0m [1;30mLevel 1[0m create_file_with_runtime_dependencies(/home/a/ws_nhk/install/rogidrive_msg/share/colcon-core/packages/rogidrive_msg)
[1.949s] [34mcolcon.colcon_core.environment[0m [1;30mLevel 1[0m create_environment_scripts_only(rogidrive_msg)
[1.949s] [34mcolcon.colcon_core.environment[0m [1;30mLevel 1[0m checking '/home/a/ws_nhk/install/rogidrive_msg' for CMake module files
[1.951s] [34mcolcon.colcon_core.environment[0m [1;30mLevel 1[0m checking '/home/a/ws_nhk/install/rogidrive_msg' for CMake config files
[1.952s] [34mcolcon.colcon_core.shell[0m [1;30mLevel 1[0m create_environment_hook('rogidrive_msg', 'cmake_prefix_path')
[1.952s] [34mcolcon.colcon_core.shell[0m [1;30mINFO[0m Creating environment hook '/home/a/ws_nhk/install/rogidrive_msg/share/rogidrive_msg/hook/cmake_prefix_path.ps1'
[1.954s] [34mcolcon.colcon_core.shell[0m [1;30mINFO[0m Creating environment descriptor '/home/a/ws_nhk/install/rogidrive_msg/share/rogidrive_msg/hook/cmake_prefix_path.dsv'
[1.955s] [34mcolcon.colcon_core.shell[0m [1;30mINFO[0m Creating environment hook '/home/a/ws_nhk/install/rogidrive_msg/share/rogidrive_msg/hook/cmake_prefix_path.sh'
[1.957s] [34mcolcon.colcon_core.environment[0m [1;30mLevel 1[0m checking '/home/a/ws_nhk/install/rogidrive_msg/lib'
[1.957s] [34mcolcon.colcon_core.shell[0m [1;30mLevel 1[0m create_environment_hook('rogidrive_msg', 'ld_library_path_lib')
[1.958s] [34mcolcon.colcon_core.shell[0m [1;30mINFO[0m Creating environment hook '/home/a/ws_nhk/install/rogidrive_msg/share/rogidrive_msg/hook/ld_library_path_lib.ps1'
[1.959s] [34mcolcon.colcon_core.shell[0m [1;30mINFO[0m Creating environment descriptor '/home/a/ws_nhk/install/rogidrive_msg/share/rogidrive_msg/hook/ld_library_path_lib.dsv'
[1.960s] [34mcolcon.colcon_core.shell[0m [1;30mINFO[0m Creating environment hook '/home/a/ws_nhk/install/rogidrive_msg/share/rogidrive_msg/hook/ld_library_path_lib.sh'
[1.962s] [34mcolcon.colcon_core.environment[0m [1;30mLevel 1[0m checking '/home/a/ws_nhk/install/rogidrive_msg/bin'
[1.962s] [34mcolcon.colcon_core.environment[0m [1;30mLevel 1[0m checking '/home/a/ws_nhk/install/rogidrive_msg/lib/pkgconfig/rogidrive_msg.pc'
[1.963s] [34mcolcon.colcon_core.environment[0m [1;30mLevel 1[0m checking '/home/a/ws_nhk/install/rogidrive_msg/lib/python3.10/site-packages'
[1.963s] [34mcolcon.colcon_core.environment[0m [1;30mLevel 1[0m checking '/home/a/ws_nhk/install/rogidrive_msg/bin'
[1.973s] [34mcolcon.colcon_core.shell[0m [1;30mINFO[0m Creating package script '/home/a/ws_nhk/install/rogidrive_msg/share/rogidrive_msg/package.ps1'
[1.979s] [34mcolcon.colcon_core.shell[0m [1;30mINFO[0m Creating package descriptor '/home/a/ws_nhk/install/rogidrive_msg/share/rogidrive_msg/package.dsv'
[1.980s] [34mcolcon.colcon_core.shell[0m [1;30mINFO[0m Creating package script '/home/a/ws_nhk/install/rogidrive_msg/share/rogidrive_msg/package.sh'
[1.981s] [34mcolcon.colcon_core.shell[0m [1;30mINFO[0m Creating package script '/home/a/ws_nhk/install/rogidrive_msg/share/rogidrive_msg/package.bash'
[1.981s] [34mcolcon.colcon_core.shell[0m [1;30mINFO[0m Creating package script '/home/a/ws_nhk/install/rogidrive_msg/share/rogidrive_msg/package.zsh'
[1.982s] [34mcolcon.colcon_core.environment[0m [1;30mLevel 1[0m create_file_with_runtime_dependencies(/home/a/ws_nhk/install/rogidrive_msg/share/colcon-core/packages/rogidrive_msg)
[1.982s] [34mcolcon.colcon_core.environment[0m [1;30mLevel 1[0m create_environment_scripts_only(dynamixel_sdk_custom_interfaces)
[1.982s] [34mcolcon.colcon_core.environment[0m [1;30mLevel 1[0m checking '/home/a/ws_nhk/install/dynamixel_sdk_custom_interfaces' for CMake module files
[1.983s] [34mcolcon.colcon_core.environment[0m [1;30mLevel 1[0m checking '/home/a/ws_nhk/install/dynamixel_sdk_custom_interfaces' for CMake config files
[1.983s] [34mcolcon.colcon_core.event_handler.log_command[0m [1;30mDEBUG[0m [32mInvoked command in '/home/a/ws_nhk/build/dynamixel_sdk_custom_interfaces' returned '0': CMAKE_PREFIX_PATH=${CMAKE_PREFIX_PATH}:/home/a/ws_nhk/install/moveit_configs_utils:/home/a/ws_nhk/install/rogidrive:/home/a/ws_nhk/install/launch_param_builder:/home/a/ws_nhk/install/dynamixel_controller_gui:/home/a/ws_nhk/install/dynamixel_controller_client:/opt/ros/humble /usr/bin/cmake --install /home/a/ws_nhk/build/dynamixel_sdk_custom_interfaces[0m
[1.984s] [34mcolcon.colcon_core.shell[0m [1;30mLevel 1[0m create_environment_hook('dynamixel_sdk_custom_interfaces', 'cmake_prefix_path')
[1.985s] [34mcolcon.colcon_core.shell[0m [1;30mINFO[0m Creating environment hook '/home/a/ws_nhk/install/dynamixel_sdk_custom_interfaces/share/dynamixel_sdk_custom_interfaces/hook/cmake_prefix_path.ps1'
[1.986s] [34mcolcon.colcon_core.shell[0m [1;30mINFO[0m Creating environment descriptor '/home/a/ws_nhk/install/dynamixel_sdk_custom_interfaces/share/dynamixel_sdk_custom_interfaces/hook/cmake_prefix_path.dsv'
[1.987s] [34mcolcon.colcon_core.shell[0m [1;30mINFO[0m Creating environment hook '/home/a/ws_nhk/install/dynamixel_sdk_custom_interfaces/share/dynamixel_sdk_custom_interfaces/hook/cmake_prefix_path.sh'
[1.989s] [34mcolcon.colcon_core.environment[0m [1;30mLevel 1[0m checking '/home/a/ws_nhk/install/dynamixel_sdk_custom_interfaces/lib'
[1.989s] [34mcolcon.colcon_core.shell[0m [1;30mLevel 1[0m create_environment_hook('dynamixel_sdk_custom_interfaces', 'ld_library_path_lib')
[1.989s] [34mcolcon.colcon_core.shell[0m [1;30mINFO[0m Creating environment hook '/home/a/ws_nhk/install/dynamixel_sdk_custom_interfaces/share/dynamixel_sdk_custom_interfaces/hook/ld_library_path_lib.ps1'
[1.991s] [34mcolcon.colcon_core.shell[0m [1;30mINFO[0m Creating environment descriptor '/home/a/ws_nhk/install/dynamixel_sdk_custom_interfaces/share/dynamixel_sdk_custom_interfaces/hook/ld_library_path_lib.dsv'
[1.992s] [34mcolcon.colcon_core.shell[0m [1;30mINFO[0m Creating environment hook '/home/a/ws_nhk/install/dynamixel_sdk_custom_interfaces/share/dynamixel_sdk_custom_interfaces/hook/ld_library_path_lib.sh'
[1.993s] [34mcolcon.colcon_core.environment[0m [1;30mLevel 1[0m checking '/home/a/ws_nhk/install/dynamixel_sdk_custom_interfaces/bin'
[1.993s] [34mcolcon.colcon_core.environment[0m [1;30mLevel 1[0m checking '/home/a/ws_nhk/install/dynamixel_sdk_custom_interfaces/lib/pkgconfig/dynamixel_sdk_custom_interfaces.pc'
[1.993s] [34mcolcon.colcon_core.environment[0m [1;30mLevel 1[0m checking '/home/a/ws_nhk/install/dynamixel_sdk_custom_interfaces/lib/python3.10/site-packages'
[1.994s] [34mcolcon.colcon_core.environment[0m [1;30mLevel 1[0m checking '/home/a/ws_nhk/install/dynamixel_sdk_custom_interfaces/bin'
[1.995s] [34mcolcon.colcon_core.shell[0m [1;30mINFO[0m Creating package script '/home/a/ws_nhk/install/dynamixel_sdk_custom_interfaces/share/dynamixel_sdk_custom_interfaces/package.ps1'
[1.996s] [34mcolcon.colcon_core.shell[0m [1;30mINFO[0m Creating package descriptor '/home/a/ws_nhk/install/dynamixel_sdk_custom_interfaces/share/dynamixel_sdk_custom_interfaces/package.dsv'
[1.997s] [34mcolcon.colcon_core.shell[0m [1;30mINFO[0m Creating package script '/home/a/ws_nhk/install/dynamixel_sdk_custom_interfaces/share/dynamixel_sdk_custom_interfaces/package.sh'
[1.999s] [34mcolcon.colcon_core.shell[0m [1;30mINFO[0m Creating package script '/home/a/ws_nhk/install/dynamixel_sdk_custom_interfaces/share/dynamixel_sdk_custom_interfaces/package.bash'
[2.000s] [34mcolcon.colcon_core.shell[0m [1;30mINFO[0m Creating package script '/home/a/ws_nhk/install/dynamixel_sdk_custom_interfaces/share/dynamixel_sdk_custom_interfaces/package.zsh'
[2.001s] [34mcolcon.colcon_core.environment[0m [1;30mLevel 1[0m create_file_with_runtime_dependencies(/home/a/ws_nhk/install/dynamixel_sdk_custom_interfaces/share/colcon-core/packages/dynamixel_sdk_custom_interfaces)
[2.002s] [34mcolcon.colcon_core.environment[0m [1;30mLevel 1[0m create_environment_scripts_only(dynamixel_sdk_custom_interfaces)
[2.003s] [34mcolcon.colcon_core.environment[0m [1;30mLevel 1[0m checking '/home/a/ws_nhk/install/dynamixel_sdk_custom_interfaces' for CMake module files
[2.004s] [34mcolcon.colcon_core.environment[0m [1;30mLevel 1[0m checking '/home/a/ws_nhk/install/dynamixel_sdk_custom_interfaces' for CMake config files
[2.005s] [34mcolcon.colcon_core.shell[0m [1;30mLevel 1[0m create_environment_hook('dynamixel_sdk_custom_interfaces', 'cmake_prefix_path')
[2.005s] [34mcolcon.colcon_core.shell[0m [1;30mINFO[0m Creating environment hook '/home/a/ws_nhk/install/dynamixel_sdk_custom_interfaces/share/dynamixel_sdk_custom_interfaces/hook/cmake_prefix_path.ps1'
[2.006s] [34mcolcon.colcon_core.shell[0m [1;30mINFO[0m Creating environment descriptor '/home/a/ws_nhk/install/dynamixel_sdk_custom_interfaces/share/dynamixel_sdk_custom_interfaces/hook/cmake_prefix_path.dsv'
[2.007s] [34mcolcon.colcon_core.shell[0m [1;30mINFO[0m Creating environment hook '/home/a/ws_nhk/install/dynamixel_sdk_custom_interfaces/share/dynamixel_sdk_custom_interfaces/hook/cmake_prefix_path.sh'
[2.009s] [34mcolcon.colcon_core.environment[0m [1;30mLevel 1[0m checking '/home/a/ws_nhk/install/dynamixel_sdk_custom_interfaces/lib'
[2.009s] [34mcolcon.colcon_core.shell[0m [1;30mLevel 1[0m create_environment_hook('dynamixel_sdk_custom_interfaces', 'ld_library_path_lib')
[2.010s] [34mcolcon.colcon_core.shell[0m [1;30mINFO[0m Creating environment hook '/home/a/ws_nhk/install/dynamixel_sdk_custom_interfaces/share/dynamixel_sdk_custom_interfaces/hook/ld_library_path_lib.ps1'
[2.011s] [34mcolcon.colcon_core.shell[0m [1;30mINFO[0m Creating environment descriptor '/home/a/ws_nhk/install/dynamixel_sdk_custom_interfaces/share/dynamixel_sdk_custom_interfaces/hook/ld_library_path_lib.dsv'
[2.012s] [34mcolcon.colcon_core.shell[0m [1;30mINFO[0m Creating environment hook '/home/a/ws_nhk/install/dynamixel_sdk_custom_interfaces/share/dynamixel_sdk_custom_interfaces/hook/ld_library_path_lib.sh'
[2.013s] [34mcolcon.colcon_core.environment[0m [1;30mLevel 1[0m checking '/home/a/ws_nhk/install/dynamixel_sdk_custom_interfaces/bin'
[2.013s] [34mcolcon.colcon_core.environment[0m [1;30mLevel 1[0m checking '/home/a/ws_nhk/install/dynamixel_sdk_custom_interfaces/lib/pkgconfig/dynamixel_sdk_custom_interfaces.pc'
[2.014s] [34mcolcon.colcon_core.environment[0m [1;30mLevel 1[0m checking '/home/a/ws_nhk/install/dynamixel_sdk_custom_interfaces/lib/python3.10/site-packages'
[2.014s] [34mcolcon.colcon_core.environment[0m [1;30mLevel 1[0m checking '/home/a/ws_nhk/install/dynamixel_sdk_custom_interfaces/bin'
[2.015s] [34mcolcon.colcon_core.shell[0m [1;30mINFO[0m Creating package script '/home/a/ws_nhk/install/dynamixel_sdk_custom_interfaces/share/dynamixel_sdk_custom_interfaces/package.ps1'
[2.016s] [34mcolcon.colcon_core.shell[0m [1;30mINFO[0m Creating package descriptor '/home/a/ws_nhk/install/dynamixel_sdk_custom_interfaces/share/dynamixel_sdk_custom_interfaces/package.dsv'
[2.018s] [34mcolcon.colcon_core.shell[0m [1;30mINFO[0m Creating package script '/home/a/ws_nhk/install/dynamixel_sdk_custom_interfaces/share/dynamixel_sdk_custom_interfaces/package.sh'
[2.019s] [34mcolcon.colcon_core.shell[0m [1;30mINFO[0m Creating package script '/home/a/ws_nhk/install/dynamixel_sdk_custom_interfaces/share/dynamixel_sdk_custom_interfaces/package.bash'
[2.021s] [34mcolcon.colcon_core.shell[0m [1;30mINFO[0m Creating package script '/home/a/ws_nhk/install/dynamixel_sdk_custom_interfaces/share/dynamixel_sdk_custom_interfaces/package.zsh'
[2.022s] [34mcolcon.colcon_core.environment[0m [1;30mLevel 1[0m create_file_with_runtime_dependencies(/home/a/ws_nhk/install/dynamixel_sdk_custom_interfaces/share/colcon-core/packages/dynamixel_sdk_custom_interfaces)
[2.025s] [34mcolcon.colcon_ros.task.ament_cmake.build[0m [1;30mINFO[0m Building ROS package in '/home/a/ws_nhk/src/dynamixel_ros2/DynamixelSDK/dynamixel_sdk_examples' with build type 'ament_cmake'
[2.025s] [34mcolcon.colcon_cmake.task.cmake.build[0m [1;30mINFO[0m Building CMake package in '/home/a/ws_nhk/src/dynamixel_ros2/DynamixelSDK/dynamixel_sdk_examples'
[2.026s] [34mcolcon.colcon_core.shell[0m [1;30mINFO[0m Skip shell extension 'powershell' for command environment: Not usable outside of PowerShell
[2.026s] [34mcolcon.colcon_core.shell[0m [1;30mDEBUG[0m [32mSkip shell extension 'dsv' for command environment[0m
[2.042s] [34mcolcon.colcon_ros.task.ament_python.build[0m [1;30mINFO[0m Building ROS package in '/home/a/ws_nhk/src/r2_odrive' with build type 'ament_python'
[2.043s] [34mcolcon.colcon_core.shell[0m [1;30mLevel 1[0m create_environment_hook('r2_odrive', 'ament_prefix_path')
[2.044s] [34mcolcon.colcon_core.shell[0m [1;30mINFO[0m Creating environment hook '/home/a/ws_nhk/install/r2_odrive/share/r2_odrive/hook/ament_prefix_path.ps1'
[2.045s] [34mcolcon.colcon_core.shell[0m [1;30mINFO[0m Creating environment descriptor '/home/a/ws_nhk/install/r2_odrive/share/r2_odrive/hook/ament_prefix_path.dsv'
[2.046s] [34mcolcon.colcon_core.shell[0m [1;30mINFO[0m Creating environment hook '/home/a/ws_nhk/install/r2_odrive/share/r2_odrive/hook/ament_prefix_path.sh'
[2.048s] [34mcolcon.colcon_core.shell[0m [1;30mINFO[0m Skip shell extension 'powershell' for command environment: Not usable outside of PowerShell
[2.048s] [34mcolcon.colcon_core.shell[0m [1;30mDEBUG[0m [32mSkip shell extension 'dsv' for command environment[0m
[2.059s] [34mcolcon.colcon_ros.task.ament_python.build[0m [1;30mINFO[0m Building ROS package in '/home/a/ws_nhk/src/rogidrive/rogidrive' with build type 'ament_python'
[2.060s] [34mcolcon.colcon_core.shell[0m [1;30mLevel 1[0m create_environment_hook('rogidrive', 'ament_prefix_path')
[2.060s] [34mcolcon.colcon_core.shell[0m [1;30mINFO[0m Creating environment hook '/home/a/ws_nhk/install/rogidrive/share/rogidrive/hook/ament_prefix_path.ps1'
[2.061s] [34mcolcon.colcon_core.shell[0m [1;30mINFO[0m Creating environment descriptor '/home/a/ws_nhk/install/rogidrive/share/rogidrive/hook/ament_prefix_path.dsv'
[2.061s] [34mcolcon.colcon_core.shell[0m [1;30mINFO[0m Creating environment hook '/home/a/ws_nhk/install/rogidrive/share/rogidrive/hook/ament_prefix_path.sh'
[2.062s] [34mcolcon.colcon_core.shell[0m [1;30mINFO[0m Skip shell extension 'powershell' for command environment: Not usable outside of PowerShell
[2.062s] [34mcolcon.colcon_core.shell[0m [1;30mDEBUG[0m [32mSkip shell extension 'dsv' for command environment[0m
[2.074s] [34mcolcon.colcon_core.event_handler.log_command[0m [1;30mDEBUG[0m [32mInvoking command in '/home/a/ws_nhk/build/moveit_resources_panda_moveit_config': CMAKE_PREFIX_PATH=/home/a/ws_nhk/install/moveit_resources_panda_description:/home/a/ws_nhk/install/sakai_r2_config:/home/a/ws_nhk/install/moveit_runtime:/home/a/ws_nhk/install/moveit_r2_config:/home/a/ws_nhk/install/moveit_config:/home/a/ws_nhk/install/moveit2_tutorials:/home/a/ws_nhk/install/moveit:/home/a/ws_nhk/install/moveit_planners:/home/a/ws_nhk/install/pilz_industrial_motion_planner:/home/a/ws_nhk/install/moveit_task_constructor_visualization:/home/a/ws_nhk/install/moveit_task_constructor_demo:/home/a/ws_nhk/install/moveit_task_constructor_capabilities:/home/a/ws_nhk/install/moveit_task_constructor_core:/home/a/ws_nhk/install/moveit_setup_assistant:/home/a/ws_nhk/install/moveit_setup_srdf_plugins:/home/a/ws_nhk/install/moveit_setup_core_plugins:/home/a/ws_nhk/install/moveit_setup_controllers:/home/a/ws_nhk/install/moveit_setup_app_plugins:/home/a/ws_nhk/install/moveit_setup_framework:/home/a/ws_nhk/install/moveit_servo:/home/a/ws_nhk/install/moveit_ros:/home/a/ws_nhk/install/moveit_ros_visualization:/home/a/ws_nhk/install/moveit_hybrid_planning:/home/a/ws_nhk/install/moveit_ros_planning_interface:/home/a/ws_nhk/install/moveit_resources_prbt_pg70_support:/home/a/ws_nhk/install/moveit_resources_prbt_moveit_config:/home/a/ws_nhk/install/moveit_ros_move_group:/home/a/ws_nhk/install/moveit_kinematics:/home/a/ws_nhk/install/trac_ik:/home/a/ws_nhk/install/trac_ik_kinematics_plugin:/home/a/ws_nhk/install/trac_ik_lib:/home/a/ws_nhk/install/pilz_industrial_motion_planner_testutils:/home/a/ws_nhk/install/moveit_visual_tools:/home/a/ws_nhk/install/moveit_ros_control_interface:/home/a/ws_nhk/install/moveit_plugins:/home/a/ws_nhk/install/moveit_simple_controller_manager:/home/a/ws_nhk/install/moveit_ros_benchmarks:/home/a/ws_nhk/install/moveit_ros_warehouse:/home/a/ws_nhk/install/moveit_ros_robot_interaction:/home/a/ws_nhk/install/moveit_ros_perception:/home/a/ws_nhk/install/moveit_planners_ompl:/home/a/ws_nhk/install/moveit_ros_planning:/home/a/ws_nhk/install/moveit_ros_occupancy_map_monitor:/home/a/ws_nhk/install/moveit_resources_prbt_ikfast_manipulator_plugin:/home/a/ws_nhk/install/moveit_planners_chomp:/home/a/ws_nhk/install/moveit_chomp_optimizer_adapter:/home/a/ws_nhk/install/chomp_motion_planner:/home/a/ws_nhk/install/moveit_core:/home/a/ws_nhk/install/srdfdom:/home/a/ws_nhk/install/rviz_marker_tools:/home/a/ws_nhk/install/rosparam_shortcuts:/home/a/ws_nhk/install/r2_odrive:/home/a/ws_nhk/install/rogidrive_msg:/home/a/ws_nhk/install/nhk_bt:/home/a/ws_nhk/install/moveit_task_constructor_msgs:/home/a/ws_nhk/install/moveit_resources_prbt_support:/home/a/ws_nhk/install/moveit_resources:/home/a/ws_nhk/install/moveit_resources_pr2_description:/home/a/ws_nhk/install/moveit_resources_panda_moveit_config:/home/a/ws_nhk/install/moveit_resources_fanuc_moveit_config:/home/a/ws_nhk/install/moveit_resources_fanuc_description:/home/a/ws_nhk/install/moveit_common:/home/a/ws_nhk/install/dynamixel_sdk_examples:/home/a/ws_nhk/install/dynamixel_sdk_custom_interfaces:/home/a/ws_nhk/install/dynamixel_controller:/home/a/ws_nhk/install/dynamixel_sdk:/home/a/ws_nhk/install/arm_v20_description:/home/a/ws_nhk/install/arm_module_description:/home/a/ws_nhk/install/a_r2_description:/home/a/install/field_description_test:/home/a/ws_nhk/install/moveit_configs_utils:/home/a/ws_nhk/install/rogidrive:/home/a/ws_nhk/install/launch_param_builder:/home/a/ws_nhk/install/dynamixel_controller_gui:/home/a/ws_nhk/install/dynamixel_controller_client:/opt/ros/humble /usr/bin/cmake --build /home/a/ws_nhk/build/moveit_resources_panda_moveit_config -- -j22 -l22[0m
[2.077s] [34mcolcon.colcon_core.event_handler.log_command[0m [1;30mDEBUG[0m [32mInvoking command in '/home/a/ws_nhk/build/moveit_resources_fanuc_moveit_config': CMAKE_PREFIX_PATH=/home/a/ws_nhk/install/moveit_resources_fanuc_description:/home/a/ws_nhk/install/sakai_r2_config:/home/a/ws_nhk/install/moveit_runtime:/home/a/ws_nhk/install/moveit_r2_config:/home/a/ws_nhk/install/moveit_config:/home/a/ws_nhk/install/moveit2_tutorials:/home/a/ws_nhk/install/moveit:/home/a/ws_nhk/install/moveit_planners:/home/a/ws_nhk/install/pilz_industrial_motion_planner:/home/a/ws_nhk/install/moveit_task_constructor_visualization:/home/a/ws_nhk/install/moveit_task_constructor_demo:/home/a/ws_nhk/install/moveit_task_constructor_capabilities:/home/a/ws_nhk/install/moveit_task_constructor_core:/home/a/ws_nhk/install/moveit_setup_assistant:/home/a/ws_nhk/install/moveit_setup_srdf_plugins:/home/a/ws_nhk/install/moveit_setup_core_plugins:/home/a/ws_nhk/install/moveit_setup_controllers:/home/a/ws_nhk/install/moveit_setup_app_plugins:/home/a/ws_nhk/install/moveit_setup_framework:/home/a/ws_nhk/install/moveit_servo:/home/a/ws_nhk/install/moveit_ros:/home/a/ws_nhk/install/moveit_ros_visualization:/home/a/ws_nhk/install/moveit_hybrid_planning:/home/a/ws_nhk/install/moveit_ros_planning_interface:/home/a/ws_nhk/install/moveit_resources_prbt_pg70_support:/home/a/ws_nhk/install/moveit_resources_prbt_moveit_config:/home/a/ws_nhk/install/moveit_ros_move_group:/home/a/ws_nhk/install/moveit_kinematics:/home/a/ws_nhk/install/trac_ik:/home/a/ws_nhk/install/trac_ik_kinematics_plugin:/home/a/ws_nhk/install/trac_ik_lib:/home/a/ws_nhk/install/pilz_industrial_motion_planner_testutils:/home/a/ws_nhk/install/moveit_visual_tools:/home/a/ws_nhk/install/moveit_ros_control_interface:/home/a/ws_nhk/install/moveit_plugins:/home/a/ws_nhk/install/moveit_simple_controller_manager:/home/a/ws_nhk/install/moveit_ros_benchmarks:/home/a/ws_nhk/install/moveit_ros_warehouse:/home/a/ws_nhk/install/moveit_ros_robot_interaction:/home/a/ws_nhk/install/moveit_ros_perception:/home/a/ws_nhk/install/moveit_planners_ompl:/home/a/ws_nhk/install/moveit_ros_planning:/home/a/ws_nhk/install/moveit_ros_occupancy_map_monitor:/home/a/ws_nhk/install/moveit_resources_prbt_ikfast_manipulator_plugin:/home/a/ws_nhk/install/moveit_planners_chomp:/home/a/ws_nhk/install/moveit_chomp_optimizer_adapter:/home/a/ws_nhk/install/chomp_motion_planner:/home/a/ws_nhk/install/moveit_core:/home/a/ws_nhk/install/srdfdom:/home/a/ws_nhk/install/rviz_marker_tools:/home/a/ws_nhk/install/rosparam_shortcuts:/home/a/ws_nhk/install/r2_odrive:/home/a/ws_nhk/install/rogidrive_msg:/home/a/ws_nhk/install/nhk_bt:/home/a/ws_nhk/install/moveit_task_constructor_msgs:/home/a/ws_nhk/install/moveit_resources_prbt_support:/home/a/ws_nhk/install/moveit_resources:/home/a/ws_nhk/install/moveit_resources_pr2_description:/home/a/ws_nhk/install/moveit_resources_panda_moveit_config:/home/a/ws_nhk/install/moveit_resources_panda_description:/home/a/ws_nhk/install/moveit_resources_fanuc_moveit_config:/home/a/ws_nhk/install/moveit_common:/home/a/ws_nhk/install/dynamixel_sdk_examples:/home/a/ws_nhk/install/dynamixel_sdk_custom_interfaces:/home/a/ws_nhk/install/dynamixel_controller:/home/a/ws_nhk/install/dynamixel_sdk:/home/a/ws_nhk/install/arm_v20_description:/home/a/ws_nhk/install/arm_module_description:/home/a/ws_nhk/install/a_r2_description:/home/a/install/field_description_test:/home/a/ws_nhk/install/moveit_configs_utils:/home/a/ws_nhk/install/rogidrive:/home/a/ws_nhk/install/launch_param_builder:/home/a/ws_nhk/install/dynamixel_controller_gui:/home/a/ws_nhk/install/dynamixel_controller_client:/opt/ros/humble /usr/bin/cmake --build /home/a/ws_nhk/build/moveit_resources_fanuc_moveit_config -- -j22 -l22[0m
[2.081s] [34mcolcon.colcon_core.event_handler.log_command[0m [1;30mDEBUG[0m [32mInvoking command in '/home/a/ws_nhk/build/rviz_marker_tools': CMAKE_PREFIX_PATH=/home/a/ws_nhk/install/moveit_common:/home/a/ws_nhk/install/sakai_r2_config:/home/a/ws_nhk/install/moveit_runtime:/home/a/ws_nhk/install/moveit_r2_config:/home/a/ws_nhk/install/moveit_config:/home/a/ws_nhk/install/moveit2_tutorials:/home/a/ws_nhk/install/moveit:/home/a/ws_nhk/install/moveit_planners:/home/a/ws_nhk/install/pilz_industrial_motion_planner:/home/a/ws_nhk/install/moveit_task_constructor_visualization:/home/a/ws_nhk/install/moveit_task_constructor_demo:/home/a/ws_nhk/install/moveit_task_constructor_capabilities:/home/a/ws_nhk/install/moveit_task_constructor_core:/home/a/ws_nhk/install/moveit_setup_assistant:/home/a/ws_nhk/install/moveit_setup_srdf_plugins:/home/a/ws_nhk/install/moveit_setup_core_plugins:/home/a/ws_nhk/install/moveit_setup_controllers:/home/a/ws_nhk/install/moveit_setup_app_plugins:/home/a/ws_nhk/install/moveit_setup_framework:/home/a/ws_nhk/install/moveit_servo:/home/a/ws_nhk/install/moveit_ros:/home/a/ws_nhk/install/moveit_ros_visualization:/home/a/ws_nhk/install/moveit_hybrid_planning:/home/a/ws_nhk/install/moveit_ros_planning_interface:/home/a/ws_nhk/install/moveit_resources_prbt_pg70_support:/home/a/ws_nhk/install/moveit_resources_prbt_moveit_config:/home/a/ws_nhk/install/moveit_ros_move_group:/home/a/ws_nhk/install/moveit_kinematics:/home/a/ws_nhk/install/trac_ik:/home/a/ws_nhk/install/trac_ik_kinematics_plugin:/home/a/ws_nhk/install/trac_ik_lib:/home/a/ws_nhk/install/pilz_industrial_motion_planner_testutils:/home/a/ws_nhk/install/moveit_visual_tools:/home/a/ws_nhk/install/moveit_ros_control_interface:/home/a/ws_nhk/install/moveit_plugins:/home/a/ws_nhk/install/moveit_simple_controller_manager:/home/a/ws_nhk/install/moveit_ros_benchmarks:/home/a/ws_nhk/install/moveit_ros_warehouse:/home/a/ws_nhk/install/moveit_ros_robot_interaction:/home/a/ws_nhk/install/moveit_ros_perception:/home/a/ws_nhk/install/moveit_planners_ompl:/home/a/ws_nhk/install/moveit_ros_planning:/home/a/ws_nhk/install/moveit_ros_occupancy_map_monitor:/home/a/ws_nhk/install/moveit_resources_prbt_ikfast_manipulator_plugin:/home/a/ws_nhk/install/moveit_planners_chomp:/home/a/ws_nhk/install/moveit_chomp_optimizer_adapter:/home/a/ws_nhk/install/chomp_motion_planner:/home/a/ws_nhk/install/moveit_core:/home/a/ws_nhk/install/srdfdom:/home/a/ws_nhk/install/rviz_marker_tools:/home/a/ws_nhk/install/rosparam_shortcuts:/home/a/ws_nhk/install/r2_odrive:/home/a/ws_nhk/install/rogidrive_msg:/home/a/ws_nhk/install/nhk_bt:/home/a/ws_nhk/install/moveit_task_constructor_msgs:/home/a/ws_nhk/install/moveit_resources_prbt_support:/home/a/ws_nhk/install/moveit_resources:/home/a/ws_nhk/install/moveit_resources_pr2_description:/home/a/ws_nhk/install/moveit_resources_panda_moveit_config:/home/a/ws_nhk/install/moveit_resources_panda_description:/home/a/ws_nhk/install/moveit_resources_fanuc_moveit_config:/home/a/ws_nhk/install/moveit_resources_fanuc_description:/home/a/ws_nhk/install/dynamixel_sdk_examples:/home/a/ws_nhk/install/dynamixel_sdk_custom_interfaces:/home/a/ws_nhk/install/dynamixel_controller:/home/a/ws_nhk/install/dynamixel_sdk:/home/a/ws_nhk/install/arm_v20_description:/home/a/ws_nhk/install/arm_module_description:/home/a/ws_nhk/install/a_r2_description:/home/a/install/field_description_test:/home/a/ws_nhk/install/moveit_configs_utils:/home/a/ws_nhk/install/rogidrive:/home/a/ws_nhk/install/launch_param_builder:/home/a/ws_nhk/install/dynamixel_controller_gui:/home/a/ws_nhk/install/dynamixel_controller_client:/opt/ros/humble /usr/bin/cmake --build /home/a/ws_nhk/build/rviz_marker_tools -- -j22 -l22[0m
[2.098s] [34mcolcon.colcon_core.event_handler.log_command[0m [1;30mDEBUG[0m [32mInvoking command in '/home/a/ws_nhk/build/dynamixel_controller': CMAKE_PREFIX_PATH=/home/a/ws_nhk/install/dynamixel_sdk:/home/a/ws_nhk/install/sakai_r2_config:/home/a/ws_nhk/install/moveit_runtime:/home/a/ws_nhk/install/moveit_r2_config:/home/a/ws_nhk/install/moveit_config:/home/a/ws_nhk/install/moveit2_tutorials:/home/a/ws_nhk/install/moveit:/home/a/ws_nhk/install/moveit_planners:/home/a/ws_nhk/install/pilz_industrial_motion_planner:/home/a/ws_nhk/install/moveit_task_constructor_visualization:/home/a/ws_nhk/install/moveit_task_constructor_demo:/home/a/ws_nhk/install/moveit_task_constructor_capabilities:/home/a/ws_nhk/install/moveit_task_constructor_core:/home/a/ws_nhk/install/moveit_setup_assistant:/home/a/ws_nhk/install/moveit_setup_srdf_plugins:/home/a/ws_nhk/install/moveit_setup_core_plugins:/home/a/ws_nhk/install/moveit_setup_controllers:/home/a/ws_nhk/install/moveit_setup_app_plugins:/home/a/ws_nhk/install/moveit_setup_framework:/home/a/ws_nhk/install/moveit_servo:/home/a/ws_nhk/install/moveit_ros:/home/a/ws_nhk/install/moveit_ros_visualization:/home/a/ws_nhk/install/moveit_hybrid_planning:/home/a/ws_nhk/install/moveit_ros_planning_interface:/home/a/ws_nhk/install/moveit_resources_prbt_pg70_support:/home/a/ws_nhk/install/moveit_resources_prbt_moveit_config:/home/a/ws_nhk/install/moveit_ros_move_group:/home/a/ws_nhk/install/moveit_kinematics:/home/a/ws_nhk/install/trac_ik:/home/a/ws_nhk/install/trac_ik_kinematics_plugin:/home/a/ws_nhk/install/trac_ik_lib:/home/a/ws_nhk/install/pilz_industrial_motion_planner_testutils:/home/a/ws_nhk/install/moveit_visual_tools:/home/a/ws_nhk/install/moveit_ros_control_interface:/home/a/ws_nhk/install/moveit_plugins:/home/a/ws_nhk/install/moveit_simple_controller_manager:/home/a/ws_nhk/install/moveit_ros_benchmarks:/home/a/ws_nhk/install/moveit_ros_warehouse:/home/a/ws_nhk/install/moveit_ros_robot_interaction:/home/a/ws_nhk/install/moveit_ros_perception:/home/a/ws_nhk/install/moveit_planners_ompl:/home/a/ws_nhk/install/moveit_ros_planning:/home/a/ws_nhk/install/moveit_ros_occupancy_map_monitor:/home/a/ws_nhk/install/moveit_resources_prbt_ikfast_manipulator_plugin:/home/a/ws_nhk/install/moveit_planners_chomp:/home/a/ws_nhk/install/moveit_chomp_optimizer_adapter:/home/a/ws_nhk/install/chomp_motion_planner:/home/a/ws_nhk/install/moveit_core:/home/a/ws_nhk/install/srdfdom:/home/a/ws_nhk/install/rviz_marker_tools:/home/a/ws_nhk/install/rosparam_shortcuts:/home/a/ws_nhk/install/r2_odrive:/home/a/ws_nhk/install/rogidrive_msg:/home/a/ws_nhk/install/nhk_bt:/home/a/ws_nhk/install/moveit_task_constructor_msgs:/home/a/ws_nhk/install/moveit_resources_prbt_support:/home/a/ws_nhk/install/moveit_resources:/home/a/ws_nhk/install/moveit_resources_pr2_description:/home/a/ws_nhk/install/moveit_resources_panda_moveit_config:/home/a/ws_nhk/install/moveit_resources_panda_description:/home/a/ws_nhk/install/moveit_resources_fanuc_moveit_config:/home/a/ws_nhk/install/moveit_resources_fanuc_description:/home/a/ws_nhk/install/moveit_common:/home/a/ws_nhk/install/dynamixel_sdk_examples:/home/a/ws_nhk/install/dynamixel_sdk_custom_interfaces:/home/a/ws_nhk/install/dynamixel_controller:/home/a/ws_nhk/install/arm_v20_description:/home/a/ws_nhk/install/arm_module_description:/home/a/ws_nhk/install/a_r2_description:/home/a/install/field_description_test:/home/a/ws_nhk/install/moveit_configs_utils:/home/a/ws_nhk/install/rogidrive:/home/a/ws_nhk/install/launch_param_builder:/home/a/ws_nhk/install/dynamixel_controller_gui:/home/a/ws_nhk/install/dynamixel_controller_client:/opt/ros/humble LD_LIBRARY_PATH=/home/a/ws_nhk/install/dynamixel_sdk/lib:/home/a/ws_nhk/install/pilz_industrial_motion_planner/lib:/home/a/ws_nhk/install/moveit_task_constructor_visualization/lib:/home/a/ws_nhk/install/moveit_task_constructor_demo/lib:/home/a/ws_nhk/install/moveit_task_constructor_capabilities/lib:/home/a/ws_nhk/install/moveit_task_constructor_core/lib:/home/a/ws_nhk/install/moveit_setup_assistant/lib:/home/a/ws_nhk/install/moveit_setup_srdf_plugins/lib:/home/a/ws_nhk/install/moveit_setup_core_plugins/lib:/home/a/ws_nhk/install/moveit_setup_controllers/lib:/home/a/ws_nhk/install/moveit_setup_app_plugins/lib:/home/a/ws_nhk/install/moveit_setup_framework/lib:/home/a/ws_nhk/install/moveit_servo/lib:/home/a/ws_nhk/install/moveit_ros_visualization/lib:/home/a/ws_nhk/install/moveit_hybrid_planning/lib:/home/a/ws_nhk/install/moveit_ros_planning_interface/lib:/home/a/ws_nhk/install/moveit_ros_move_group/lib:/home/a/ws_nhk/install/moveit_kinematics/lib:/home/a/ws_nhk/install/trac_ik_kinematics_plugin/lib:/home/a/ws_nhk/install/trac_ik_lib/lib:/home/a/ws_nhk/install/pilz_industrial_motion_planner_testutils/lib:/home/a/ws_nhk/install/moveit_visual_tools/lib:/home/a/ws_nhk/install/moveit_ros_control_interface/lib:/home/a/ws_nhk/install/moveit_simple_controller_manager/lib:/home/a/ws_nhk/install/moveit_ros_benchmarks/lib:/home/a/ws_nhk/install/moveit_ros_warehouse/lib:/home/a/ws_nhk/install/moveit_ros_robot_interaction/lib:/home/a/ws_nhk/install/moveit_ros_perception/lib:/home/a/ws_nhk/install/moveit_planners_ompl/lib:/home/a/ws_nhk/install/moveit_ros_planning/lib:/home/a/ws_nhk/install/moveit_ros_occupancy_map_monitor/lib:/home/a/ws_nhk/install/moveit_resources_prbt_ikfast_manipulator_plugin/lib:/home/a/ws_nhk/install/moveit_planners_chomp/lib:/home/a/ws_nhk/install/moveit_chomp_optimizer_adapter/lib:/home/a/ws_nhk/install/chomp_motion_planner/lib:/home/a/ws_nhk/install/moveit_core/lib:/home/a/ws_nhk/install/srdfdom/lib:/home/a/ws_nhk/install/rviz_marker_tools/lib:/home/a/ws_nhk/install/rosparam_shortcuts/lib:/home/a/ws_nhk/install/rogidrive_msg/lib:/home/a/ws_nhk/install/moveit_task_constructor_msgs/lib:/home/a/ws_nhk/install/dynamixel_sdk_custom_interfaces/lib:/home/a/ws_nhk/install/dynamixel_controller/lib:/usr/local/lib:/usr/lib/x86_64-linux-gnu/gazebo-11/plugins:/opt/ros/humble/opt/rviz_ogre_vendor/lib:/opt/ros/humble/lib/x86_64-linux-gnu:/opt/ros/humble/lib /usr/bin/cmake --build /home/a/ws_nhk/build/dynamixel_controller -- -j22 -l22[0m
[2.099s] [34mcolcon.colcon_core.event_handler.log_command[0m [1;30mDEBUG[0m [32mInvoking command in '/home/a/ws_nhk/src/launch_param_builder': PYTHONPATH=/home/a/ws_nhk/build/launch_param_builder/prefix_override:/usr/lib/python3/dist-packages/colcon_core/task/python/colcon_distutils_commands:/home/a/ws_nhk/install/launch_param_builder/lib/python3.10/site-packages:${PYTHONPATH} /usr/bin/python3 -W ignore:setup.py install is deprecated -W ignore:easy_install command is deprecated setup.py egg_info --egg-base ../../build/launch_param_builder build --build-base /home/a/ws_nhk/build/launch_param_builder/build install --record /home/a/ws_nhk/build/launch_param_builder/install.log --single-version-externally-managed install_data[0m
[2.106s] [34mcolcon.colcon_core.event_handler.log_command[0m [1;30mDEBUG[0m [32mInvoking command in '/home/a/ws_nhk/build/dynamixel_sdk_examples': CMAKE_PREFIX_PATH=/home/a/ws_nhk/install/dynamixel_sdk_custom_interfaces:/home/a/ws_nhk/install/dynamixel_sdk:/home/a/ws_nhk/install/sakai_r2_config:/home/a/ws_nhk/install/moveit_runtime:/home/a/ws_nhk/install/moveit_r2_config:/home/a/ws_nhk/install/moveit_config:/home/a/ws_nhk/install/moveit2_tutorials:/home/a/ws_nhk/install/moveit:/home/a/ws_nhk/install/moveit_planners:/home/a/ws_nhk/install/pilz_industrial_motion_planner:/home/a/ws_nhk/install/moveit_task_constructor_visualization:/home/a/ws_nhk/install/moveit_task_constructor_demo:/home/a/ws_nhk/install/moveit_task_constructor_capabilities:/home/a/ws_nhk/install/moveit_task_constructor_core:/home/a/ws_nhk/install/moveit_setup_assistant:/home/a/ws_nhk/install/moveit_setup_srdf_plugins:/home/a/ws_nhk/install/moveit_setup_core_plugins:/home/a/ws_nhk/install/moveit_setup_controllers:/home/a/ws_nhk/install/moveit_setup_app_plugins:/home/a/ws_nhk/install/moveit_setup_framework:/home/a/ws_nhk/install/moveit_servo:/home/a/ws_nhk/install/moveit_ros:/home/a/ws_nhk/install/moveit_ros_visualization:/home/a/ws_nhk/install/moveit_hybrid_planning:/home/a/ws_nhk/install/moveit_ros_planning_interface:/home/a/ws_nhk/install/moveit_resources_prbt_pg70_support:/home/a/ws_nhk/install/moveit_resources_prbt_moveit_config:/home/a/ws_nhk/install/moveit_ros_move_group:/home/a/ws_nhk/install/moveit_kinematics:/home/a/ws_nhk/install/trac_ik:/home/a/ws_nhk/install/trac_ik_kinematics_plugin:/home/a/ws_nhk/install/trac_ik_lib:/home/a/ws_nhk/install/pilz_industrial_motion_planner_testutils:/home/a/ws_nhk/install/moveit_visual_tools:/home/a/ws_nhk/install/moveit_ros_control_interface:/home/a/ws_nhk/install/moveit_plugins:/home/a/ws_nhk/install/moveit_simple_controller_manager:/home/a/ws_nhk/install/moveit_ros_benchmarks:/home/a/ws_nhk/install/moveit_ros_warehouse:/home/a/ws_nhk/install/moveit_ros_robot_interaction:/home/a/ws_nhk/install/moveit_ros_perception:/home/a/ws_nhk/install/moveit_planners_ompl:/home/a/ws_nhk/install/moveit_ros_planning:/home/a/ws_nhk/install/moveit_ros_occupancy_map_monitor:/home/a/ws_nhk/install/moveit_resources_prbt_ikfast_manipulator_plugin:/home/a/ws_nhk/install/moveit_planners_chomp:/home/a/ws_nhk/install/moveit_chomp_optimizer_adapter:/home/a/ws_nhk/install/chomp_motion_planner:/home/a/ws_nhk/install/moveit_core:/home/a/ws_nhk/install/srdfdom:/home/a/ws_nhk/install/rviz_marker_tools:/home/a/ws_nhk/install/rosparam_shortcuts:/home/a/ws_nhk/install/r2_odrive:/home/a/ws_nhk/install/rogidrive_msg:/home/a/ws_nhk/install/nhk_bt:/home/a/ws_nhk/install/moveit_task_constructor_msgs:/home/a/ws_nhk/install/moveit_resources_prbt_support:/home/a/ws_nhk/install/moveit_resources:/home/a/ws_nhk/install/moveit_resources_pr2_description:/home/a/ws_nhk/install/moveit_resources_panda_moveit_config:/home/a/ws_nhk/install/moveit_resources_panda_description:/home/a/ws_nhk/install/moveit_resources_fanuc_moveit_config:/home/a/ws_nhk/install/moveit_resources_fanuc_description:/home/a/ws_nhk/install/moveit_common:/home/a/ws_nhk/install/dynamixel_sdk_examples:/home/a/ws_nhk/install/dynamixel_controller:/home/a/ws_nhk/install/arm_v20_description:/home/a/ws_nhk/install/arm_module_description:/home/a/ws_nhk/install/a_r2_description:/home/a/install/field_description_test:/home/a/ws_nhk/install/moveit_configs_utils:/home/a/ws_nhk/install/rogidrive:/home/a/ws_nhk/install/launch_param_builder:/home/a/ws_nhk/install/dynamixel_controller_gui:/home/a/ws_nhk/install/dynamixel_controller_client:/opt/ros/humble LD_LIBRARY_PATH=/home/a/ws_nhk/install/dynamixel_sdk_custom_interfaces/lib:/home/a/ws_nhk/install/dynamixel_sdk/lib:/home/a/ws_nhk/install/pilz_industrial_motion_planner/lib:/home/a/ws_nhk/install/moveit_task_constructor_visualization/lib:/home/a/ws_nhk/install/moveit_task_constructor_demo/lib:/home/a/ws_nhk/install/moveit_task_constructor_capabilities/lib:/home/a/ws_nhk/install/moveit_task_constructor_core/lib:/home/a/ws_nhk/install/moveit_setup_assistant/lib:/home/a/ws_nhk/install/moveit_setup_srdf_plugins/lib:/home/a/ws_nhk/install/moveit_setup_core_plugins/lib:/home/a/ws_nhk/install/moveit_setup_controllers/lib:/home/a/ws_nhk/install/moveit_setup_app_plugins/lib:/home/a/ws_nhk/install/moveit_setup_framework/lib:/home/a/ws_nhk/install/moveit_servo/lib:/home/a/ws_nhk/install/moveit_ros_visualization/lib:/home/a/ws_nhk/install/moveit_hybrid_planning/lib:/home/a/ws_nhk/install/moveit_ros_planning_interface/lib:/home/a/ws_nhk/install/moveit_ros_move_group/lib:/home/a/ws_nhk/install/moveit_kinematics/lib:/home/a/ws_nhk/install/trac_ik_kinematics_plugin/lib:/home/a/ws_nhk/install/trac_ik_lib/lib:/home/a/ws_nhk/install/pilz_industrial_motion_planner_testutils/lib:/home/a/ws_nhk/install/moveit_visual_tools/lib:/home/a/ws_nhk/install/moveit_ros_control_interface/lib:/home/a/ws_nhk/install/moveit_simple_controller_manager/lib:/home/a/ws_nhk/install/moveit_ros_benchmarks/lib:/home/a/ws_nhk/install/moveit_ros_warehouse/lib:/home/a/ws_nhk/install/moveit_ros_robot_interaction/lib:/home/a/ws_nhk/install/moveit_ros_perception/lib:/home/a/ws_nhk/install/moveit_planners_ompl/lib:/home/a/ws_nhk/install/moveit_ros_planning/lib:/home/a/ws_nhk/install/moveit_ros_occupancy_map_monitor/lib:/home/a/ws_nhk/install/moveit_resources_prbt_ikfast_manipulator_plugin/lib:/home/a/ws_nhk/install/moveit_planners_chomp/lib:/home/a/ws_nhk/install/moveit_chomp_optimizer_adapter/lib:/home/a/ws_nhk/install/chomp_motion_planner/lib:/home/a/ws_nhk/install/moveit_core/lib:/home/a/ws_nhk/install/srdfdom/lib:/home/a/ws_nhk/install/rviz_marker_tools/lib:/home/a/ws_nhk/install/rosparam_shortcuts/lib:/home/a/ws_nhk/install/rogidrive_msg/lib:/home/a/ws_nhk/install/moveit_task_constructor_msgs/lib:/home/a/ws_nhk/install/dynamixel_controller/lib:/usr/local/lib:/usr/lib/x86_64-linux-gnu/gazebo-11/plugins:/opt/ros/humble/opt/rviz_ogre_vendor/lib:/opt/ros/humble/lib/x86_64-linux-gnu:/opt/ros/humble/lib /usr/bin/cmake --build /home/a/ws_nhk/build/dynamixel_sdk_examples -- -j22 -l22[0m
[2.913s] [34mcolcon.colcon_core.task.python.build[0m [1;30mINFO[0m Building Python package in '/home/a/ws_nhk/src/r2_odrive'
[2.914s] [34mcolcon.colcon_core.shell[0m [1;30mINFO[0m Skip shell extension 'powershell' for command environment: Not usable outside of PowerShell
[2.914s] [34mcolcon.colcon_core.shell[0m [1;30mDEBUG[0m [32mSkip shell extension 'dsv' for command environment[0m
[7.126s] [34mcolcon.colcon_core.task.python.build[0m [1;30mINFO[0m Building Python package in '/home/a/ws_nhk/src/rogidrive/rogidrive'
[7.128s] [34mcolcon.colcon_core.shell[0m [1;30mINFO[0m Skip shell extension 'powershell' for command environment: Not usable outside of PowerShell
[7.129s] [34mcolcon.colcon_core.shell[0m [1;30mDEBUG[0m [32mSkip shell extension 'dsv' for command environment[0m
[7.258s] [34mcolcon.colcon_core.event_handler.log_command[0m [1;30mDEBUG[0m [32mInvoking command in '/home/a/ws_nhk/src/dynamixel_ros2/dynamixel_controller_client': PYTHONPATH=/home/a/ws_nhk/build/dynamixel_controller_client/prefix_override:/usr/lib/python3/dist-packages/colcon_core/task/python/colcon_distutils_commands:/home/a/ws_nhk/install/dynamixel_controller_client/lib/python3.10/site-packages:${PYTHONPATH} /usr/bin/python3 -W ignore:setup.py install is deprecated -W ignore:easy_install command is deprecated setup.py egg_info --egg-base ../../../build/dynamixel_controller_client build --build-base /home/a/ws_nhk/build/dynamixel_controller_client/build install --record /home/a/ws_nhk/build/dynamixel_controller_client/install.log --single-version-externally-managed install_data[0m
[7.275s] [34mcolcon.colcon_core.event_handler.log_command[0m [1;30mDEBUG[0m [32mInvoked command in '/home/a/ws_nhk/build/moveit_resources_panda_moveit_config' returned '0': CMAKE_PREFIX_PATH=/home/a/ws_nhk/install/moveit_resources_panda_description:/home/a/ws_nhk/install/sakai_r2_config:/home/a/ws_nhk/install/moveit_runtime:/home/a/ws_nhk/install/moveit_r2_config:/home/a/ws_nhk/install/moveit_config:/home/a/ws_nhk/install/moveit2_tutorials:/home/a/ws_nhk/install/moveit:/home/a/ws_nhk/install/moveit_planners:/home/a/ws_nhk/install/pilz_industrial_motion_planner:/home/a/ws_nhk/install/moveit_task_constructor_visualization:/home/a/ws_nhk/install/moveit_task_constructor_demo:/home/a/ws_nhk/install/moveit_task_constructor_capabilities:/home/a/ws_nhk/install/moveit_task_constructor_core:/home/a/ws_nhk/install/moveit_setup_assistant:/home/a/ws_nhk/install/moveit_setup_srdf_plugins:/home/a/ws_nhk/install/moveit_setup_core_plugins:/home/a/ws_nhk/install/moveit_setup_controllers:/home/a/ws_nhk/install/moveit_setup_app_plugins:/home/a/ws_nhk/install/moveit_setup_framework:/home/a/ws_nhk/install/moveit_servo:/home/a/ws_nhk/install/moveit_ros:/home/a/ws_nhk/install/moveit_ros_visualization:/home/a/ws_nhk/install/moveit_hybrid_planning:/home/a/ws_nhk/install/moveit_ros_planning_interface:/home/a/ws_nhk/install/moveit_resources_prbt_pg70_support:/home/a/ws_nhk/install/moveit_resources_prbt_moveit_config:/home/a/ws_nhk/install/moveit_ros_move_group:/home/a/ws_nhk/install/moveit_kinematics:/home/a/ws_nhk/install/trac_ik:/home/a/ws_nhk/install/trac_ik_kinematics_plugin:/home/a/ws_nhk/install/trac_ik_lib:/home/a/ws_nhk/install/pilz_industrial_motion_planner_testutils:/home/a/ws_nhk/install/moveit_visual_tools:/home/a/ws_nhk/install/moveit_ros_control_interface:/home/a/ws_nhk/install/moveit_plugins:/home/a/ws_nhk/install/moveit_simple_controller_manager:/home/a/ws_nhk/install/moveit_ros_benchmarks:/home/a/ws_nhk/install/moveit_ros_warehouse:/home/a/ws_nhk/install/moveit_ros_robot_interaction:/home/a/ws_nhk/install/moveit_ros_perception:/home/a/ws_nhk/install/moveit_planners_ompl:/home/a/ws_nhk/install/moveit_ros_planning:/home/a/ws_nhk/install/moveit_ros_occupancy_map_monitor:/home/a/ws_nhk/install/moveit_resources_prbt_ikfast_manipulator_plugin:/home/a/ws_nhk/install/moveit_planners_chomp:/home/a/ws_nhk/install/moveit_chomp_optimizer_adapter:/home/a/ws_nhk/install/chomp_motion_planner:/home/a/ws_nhk/install/moveit_core:/home/a/ws_nhk/install/srdfdom:/home/a/ws_nhk/install/rviz_marker_tools:/home/a/ws_nhk/install/rosparam_shortcuts:/home/a/ws_nhk/install/r2_odrive:/home/a/ws_nhk/install/rogidrive_msg:/home/a/ws_nhk/install/nhk_bt:/home/a/ws_nhk/install/moveit_task_constructor_msgs:/home/a/ws_nhk/install/moveit_resources_prbt_support:/home/a/ws_nhk/install/moveit_resources:/home/a/ws_nhk/install/moveit_resources_pr2_description:/home/a/ws_nhk/install/moveit_resources_panda_moveit_config:/home/a/ws_nhk/install/moveit_resources_fanuc_moveit_config:/home/a/ws_nhk/install/moveit_resources_fanuc_description:/home/a/ws_nhk/install/moveit_common:/home/a/ws_nhk/install/dynamixel_sdk_examples:/home/a/ws_nhk/install/dynamixel_sdk_custom_interfaces:/home/a/ws_nhk/install/dynamixel_controller:/home/a/ws_nhk/install/dynamixel_sdk:/home/a/ws_nhk/install/arm_v20_description:/home/a/ws_nhk/install/arm_module_description:/home/a/ws_nhk/install/a_r2_description:/home/a/install/field_description_test:/home/a/ws_nhk/install/moveit_configs_utils:/home/a/ws_nhk/install/rogidrive:/home/a/ws_nhk/install/launch_param_builder:/home/a/ws_nhk/install/dynamixel_controller_gui:/home/a/ws_nhk/install/dynamixel_controller_client:/opt/ros/humble /usr/bin/cmake --build /home/a/ws_nhk/build/moveit_resources_panda_moveit_config -- -j22 -l22[0m
[7.294s] [34mcolcon.colcon_core.event_handler.log_command[0m [1;30mDEBUG[0m [32mInvoking command in '/home/a/ws_nhk/build/moveit_resources_panda_moveit_config': CMAKE_PREFIX_PATH=/home/a/ws_nhk/install/moveit_resources_panda_description:/home/a/ws_nhk/install/sakai_r2_config:/home/a/ws_nhk/install/moveit_runtime:/home/a/ws_nhk/install/moveit_r2_config:/home/a/ws_nhk/install/moveit_config:/home/a/ws_nhk/install/moveit2_tutorials:/home/a/ws_nhk/install/moveit:/home/a/ws_nhk/install/moveit_planners:/home/a/ws_nhk/install/pilz_industrial_motion_planner:/home/a/ws_nhk/install/moveit_task_constructor_visualization:/home/a/ws_nhk/install/moveit_task_constructor_demo:/home/a/ws_nhk/install/moveit_task_constructor_capabilities:/home/a/ws_nhk/install/moveit_task_constructor_core:/home/a/ws_nhk/install/moveit_setup_assistant:/home/a/ws_nhk/install/moveit_setup_srdf_plugins:/home/a/ws_nhk/install/moveit_setup_core_plugins:/home/a/ws_nhk/install/moveit_setup_controllers:/home/a/ws_nhk/install/moveit_setup_app_plugins:/home/a/ws_nhk/install/moveit_setup_framework:/home/a/ws_nhk/install/moveit_servo:/home/a/ws_nhk/install/moveit_ros:/home/a/ws_nhk/install/moveit_ros_visualization:/home/a/ws_nhk/install/moveit_hybrid_planning:/home/a/ws_nhk/install/moveit_ros_planning_interface:/home/a/ws_nhk/install/moveit_resources_prbt_pg70_support:/home/a/ws_nhk/install/moveit_resources_prbt_moveit_config:/home/a/ws_nhk/install/moveit_ros_move_group:/home/a/ws_nhk/install/moveit_kinematics:/home/a/ws_nhk/install/trac_ik:/home/a/ws_nhk/install/trac_ik_kinematics_plugin:/home/a/ws_nhk/install/trac_ik_lib:/home/a/ws_nhk/install/pilz_industrial_motion_planner_testutils:/home/a/ws_nhk/install/moveit_visual_tools:/home/a/ws_nhk/install/moveit_ros_control_interface:/home/a/ws_nhk/install/moveit_plugins:/home/a/ws_nhk/install/moveit_simple_controller_manager:/home/a/ws_nhk/install/moveit_ros_benchmarks:/home/a/ws_nhk/install/moveit_ros_warehouse:/home/a/ws_nhk/install/moveit_ros_robot_interaction:/home/a/ws_nhk/install/moveit_ros_perception:/home/a/ws_nhk/install/moveit_planners_ompl:/home/a/ws_nhk/install/moveit_ros_planning:/home/a/ws_nhk/install/moveit_ros_occupancy_map_monitor:/home/a/ws_nhk/install/moveit_resources_prbt_ikfast_manipulator_plugin:/home/a/ws_nhk/install/moveit_planners_chomp:/home/a/ws_nhk/install/moveit_chomp_optimizer_adapter:/home/a/ws_nhk/install/chomp_motion_planner:/home/a/ws_nhk/install/moveit_core:/home/a/ws_nhk/install/srdfdom:/home/a/ws_nhk/install/rviz_marker_tools:/home/a/ws_nhk/install/rosparam_shortcuts:/home/a/ws_nhk/install/r2_odrive:/home/a/ws_nhk/install/rogidrive_msg:/home/a/ws_nhk/install/nhk_bt:/home/a/ws_nhk/install/moveit_task_constructor_msgs:/home/a/ws_nhk/install/moveit_resources_prbt_support:/home/a/ws_nhk/install/moveit_resources:/home/a/ws_nhk/install/moveit_resources_pr2_description:/home/a/ws_nhk/install/moveit_resources_panda_moveit_config:/home/a/ws_nhk/install/moveit_resources_fanuc_moveit_config:/home/a/ws_nhk/install/moveit_resources_fanuc_description:/home/a/ws_nhk/install/moveit_common:/home/a/ws_nhk/install/dynamixel_sdk_examples:/home/a/ws_nhk/install/dynamixel_sdk_custom_interfaces:/home/a/ws_nhk/install/dynamixel_controller:/home/a/ws_nhk/install/dynamixel_sdk:/home/a/ws_nhk/install/arm_v20_description:/home/a/ws_nhk/install/arm_module_description:/home/a/ws_nhk/install/a_r2_description:/home/a/install/field_description_test:/home/a/ws_nhk/install/moveit_configs_utils:/home/a/ws_nhk/install/rogidrive:/home/a/ws_nhk/install/launch_param_builder:/home/a/ws_nhk/install/dynamixel_controller_gui:/home/a/ws_nhk/install/dynamixel_controller_client:/opt/ros/humble /usr/bin/cmake --install /home/a/ws_nhk/build/moveit_resources_panda_moveit_config[0m
[7.316s] [34mcolcon.colcon_core.event_handler.log_command[0m [1;30mDEBUG[0m [32mInvoked command in '/home/a/ws_nhk/build/moveit_resources_fanuc_moveit_config' returned '0': CMAKE_PREFIX_PATH=/home/a/ws_nhk/install/moveit_resources_fanuc_description:/home/a/ws_nhk/install/sakai_r2_config:/home/a/ws_nhk/install/moveit_runtime:/home/a/ws_nhk/install/moveit_r2_config:/home/a/ws_nhk/install/moveit_config:/home/a/ws_nhk/install/moveit2_tutorials:/home/a/ws_nhk/install/moveit:/home/a/ws_nhk/install/moveit_planners:/home/a/ws_nhk/install/pilz_industrial_motion_planner:/home/a/ws_nhk/install/moveit_task_constructor_visualization:/home/a/ws_nhk/install/moveit_task_constructor_demo:/home/a/ws_nhk/install/moveit_task_constructor_capabilities:/home/a/ws_nhk/install/moveit_task_constructor_core:/home/a/ws_nhk/install/moveit_setup_assistant:/home/a/ws_nhk/install/moveit_setup_srdf_plugins:/home/a/ws_nhk/install/moveit_setup_core_plugins:/home/a/ws_nhk/install/moveit_setup_controllers:/home/a/ws_nhk/install/moveit_setup_app_plugins:/home/a/ws_nhk/install/moveit_setup_framework:/home/a/ws_nhk/install/moveit_servo:/home/a/ws_nhk/install/moveit_ros:/home/a/ws_nhk/install/moveit_ros_visualization:/home/a/ws_nhk/install/moveit_hybrid_planning:/home/a/ws_nhk/install/moveit_ros_planning_interface:/home/a/ws_nhk/install/moveit_resources_prbt_pg70_support:/home/a/ws_nhk/install/moveit_resources_prbt_moveit_config:/home/a/ws_nhk/install/moveit_ros_move_group:/home/a/ws_nhk/install/moveit_kinematics:/home/a/ws_nhk/install/trac_ik:/home/a/ws_nhk/install/trac_ik_kinematics_plugin:/home/a/ws_nhk/install/trac_ik_lib:/home/a/ws_nhk/install/pilz_industrial_motion_planner_testutils:/home/a/ws_nhk/install/moveit_visual_tools:/home/a/ws_nhk/install/moveit_ros_control_interface:/home/a/ws_nhk/install/moveit_plugins:/home/a/ws_nhk/install/moveit_simple_controller_manager:/home/a/ws_nhk/install/moveit_ros_benchmarks:/home/a/ws_nhk/install/moveit_ros_warehouse:/home/a/ws_nhk/install/moveit_ros_robot_interaction:/home/a/ws_nhk/install/moveit_ros_perception:/home/a/ws_nhk/install/moveit_planners_ompl:/home/a/ws_nhk/install/moveit_ros_planning:/home/a/ws_nhk/install/moveit_ros_occupancy_map_monitor:/home/a/ws_nhk/install/moveit_resources_prbt_ikfast_manipulator_plugin:/home/a/ws_nhk/install/moveit_planners_chomp:/home/a/ws_nhk/install/moveit_chomp_optimizer_adapter:/home/a/ws_nhk/install/chomp_motion_planner:/home/a/ws_nhk/install/moveit_core:/home/a/ws_nhk/install/srdfdom:/home/a/ws_nhk/install/rviz_marker_tools:/home/a/ws_nhk/install/rosparam_shortcuts:/home/a/ws_nhk/install/r2_odrive:/home/a/ws_nhk/install/rogidrive_msg:/home/a/ws_nhk/install/nhk_bt:/home/a/ws_nhk/install/moveit_task_constructor_msgs:/home/a/ws_nhk/install/moveit_resources_prbt_support:/home/a/ws_nhk/install/moveit_resources:/home/a/ws_nhk/install/moveit_resources_pr2_description:/home/a/ws_nhk/install/moveit_resources_panda_moveit_config:/home/a/ws_nhk/install/moveit_resources_panda_description:/home/a/ws_nhk/install/moveit_resources_fanuc_moveit_config:/home/a/ws_nhk/install/moveit_common:/home/a/ws_nhk/install/dynamixel_sdk_examples:/home/a/ws_nhk/install/dynamixel_sdk_custom_interfaces:/home/a/ws_nhk/install/dynamixel_controller:/home/a/ws_nhk/install/dynamixel_sdk:/home/a/ws_nhk/install/arm_v20_description:/home/a/ws_nhk/install/arm_module_description:/home/a/ws_nhk/install/a_r2_description:/home/a/install/field_description_test:/home/a/ws_nhk/install/moveit_configs_utils:/home/a/ws_nhk/install/rogidrive:/home/a/ws_nhk/install/launch_param_builder:/home/a/ws_nhk/install/dynamixel_controller_gui:/home/a/ws_nhk/install/dynamixel_controller_client:/opt/ros/humble /usr/bin/cmake --build /home/a/ws_nhk/build/moveit_resources_fanuc_moveit_config -- -j22 -l22[0m
[7.328s] [34mcolcon.colcon_core.event_handler.log_command[0m [1;30mDEBUG[0m [32mInvoking command in '/home/a/ws_nhk/build/moveit_resources_fanuc_moveit_config': CMAKE_PREFIX_PATH=/home/a/ws_nhk/install/moveit_resources_fanuc_description:/home/a/ws_nhk/install/sakai_r2_config:/home/a/ws_nhk/install/moveit_runtime:/home/a/ws_nhk/install/moveit_r2_config:/home/a/ws_nhk/install/moveit_config:/home/a/ws_nhk/install/moveit2_tutorials:/home/a/ws_nhk/install/moveit:/home/a/ws_nhk/install/moveit_planners:/home/a/ws_nhk/install/pilz_industrial_motion_planner:/home/a/ws_nhk/install/moveit_task_constructor_visualization:/home/a/ws_nhk/install/moveit_task_constructor_demo:/home/a/ws_nhk/install/moveit_task_constructor_capabilities:/home/a/ws_nhk/install/moveit_task_constructor_core:/home/a/ws_nhk/install/moveit_setup_assistant:/home/a/ws_nhk/install/moveit_setup_srdf_plugins:/home/a/ws_nhk/install/moveit_setup_core_plugins:/home/a/ws_nhk/install/moveit_setup_controllers:/home/a/ws_nhk/install/moveit_setup_app_plugins:/home/a/ws_nhk/install/moveit_setup_framework:/home/a/ws_nhk/install/moveit_servo:/home/a/ws_nhk/install/moveit_ros:/home/a/ws_nhk/install/moveit_ros_visualization:/home/a/ws_nhk/install/moveit_hybrid_planning:/home/a/ws_nhk/install/moveit_ros_planning_interface:/home/a/ws_nhk/install/moveit_resources_prbt_pg70_support:/home/a/ws_nhk/install/moveit_resources_prbt_moveit_config:/home/a/ws_nhk/install/moveit_ros_move_group:/home/a/ws_nhk/install/moveit_kinematics:/home/a/ws_nhk/install/trac_ik:/home/a/ws_nhk/install/trac_ik_kinematics_plugin:/home/a/ws_nhk/install/trac_ik_lib:/home/a/ws_nhk/install/pilz_industrial_motion_planner_testutils:/home/a/ws_nhk/install/moveit_visual_tools:/home/a/ws_nhk/install/moveit_ros_control_interface:/home/a/ws_nhk/install/moveit_plugins:/home/a/ws_nhk/install/moveit_simple_controller_manager:/home/a/ws_nhk/install/moveit_ros_benchmarks:/home/a/ws_nhk/install/moveit_ros_warehouse:/home/a/ws_nhk/install/moveit_ros_robot_interaction:/home/a/ws_nhk/install/moveit_ros_perception:/home/a/ws_nhk/install/moveit_planners_ompl:/home/a/ws_nhk/install/moveit_ros_planning:/home/a/ws_nhk/install/moveit_ros_occupancy_map_monitor:/home/a/ws_nhk/install/moveit_resources_prbt_ikfast_manipulator_plugin:/home/a/ws_nhk/install/moveit_planners_chomp:/home/a/ws_nhk/install/moveit_chomp_optimizer_adapter:/home/a/ws_nhk/install/chomp_motion_planner:/home/a/ws_nhk/install/moveit_core:/home/a/ws_nhk/install/srdfdom:/home/a/ws_nhk/install/rviz_marker_tools:/home/a/ws_nhk/install/rosparam_shortcuts:/home/a/ws_nhk/install/r2_odrive:/home/a/ws_nhk/install/rogidrive_msg:/home/a/ws_nhk/install/nhk_bt:/home/a/ws_nhk/install/moveit_task_constructor_msgs:/home/a/ws_nhk/install/moveit_resources_prbt_support:/home/a/ws_nhk/install/moveit_resources:/home/a/ws_nhk/install/moveit_resources_pr2_description:/home/a/ws_nhk/install/moveit_resources_panda_moveit_config:/home/a/ws_nhk/install/moveit_resources_panda_description:/home/a/ws_nhk/install/moveit_resources_fanuc_moveit_config:/home/a/ws_nhk/install/moveit_common:/home/a/ws_nhk/install/dynamixel_sdk_examples:/home/a/ws_nhk/install/dynamixel_sdk_custom_interfaces:/home/a/ws_nhk/install/dynamixel_controller:/home/a/ws_nhk/install/dynamixel_sdk:/home/a/ws_nhk/install/arm_v20_description:/home/a/ws_nhk/install/arm_module_description:/home/a/ws_nhk/install/a_r2_description:/home/a/install/field_description_test:/home/a/ws_nhk/install/moveit_configs_utils:/home/a/ws_nhk/install/rogidrive:/home/a/ws_nhk/install/launch_param_builder:/home/a/ws_nhk/install/dynamixel_controller_gui:/home/a/ws_nhk/install/dynamixel_controller_client:/opt/ros/humble /usr/bin/cmake --install /home/a/ws_nhk/build/moveit_resources_fanuc_moveit_config[0m
[7.332s] [34mcolcon.colcon_core.environment[0m [1;30mLevel 1[0m checking '/home/a/ws_nhk/install/launch_param_builder' for CMake module files
[7.342s] [34mcolcon.colcon_core.event_handler.log_command[0m [1;30mDEBUG[0m [32mInvoked command in '/home/a/ws_nhk/src/launch_param_builder' returned '0': PYTHONPATH=/home/a/ws_nhk/build/launch_param_builder/prefix_override:/usr/lib/python3/dist-packages/colcon_core/task/python/colcon_distutils_commands:/home/a/ws_nhk/install/launch_param_builder/lib/python3.10/site-packages:${PYTHONPATH} /usr/bin/python3 -W ignore:setup.py install is deprecated -W ignore:easy_install command is deprecated setup.py egg_info --egg-base ../../build/launch_param_builder build --build-base /home/a/ws_nhk/build/launch_param_builder/build install --record /home/a/ws_nhk/build/launch_param_builder/install.log --single-version-externally-managed install_data[0m
[7.343s] [34mcolcon.colcon_core.environment[0m [1;30mLevel 1[0m checking '/home/a/ws_nhk/install/launch_param_builder' for CMake config files
[7.355s] [34mcolcon.colcon_core.environment[0m [1;30mLevel 1[0m checking '/home/a/ws_nhk/install/launch_param_builder/lib'
[7.356s] [34mcolcon.colcon_core.environment[0m [1;30mLevel 1[0m checking '/home/a/ws_nhk/install/launch_param_builder/bin'
[7.357s] [34mcolcon.colcon_core.environment[0m [1;30mLevel 1[0m checking '/home/a/ws_nhk/install/launch_param_builder/lib/pkgconfig/launch_param_builder.pc'
[7.366s] [34mcolcon.colcon_core.environment[0m [1;30mLevel 1[0m checking '/home/a/ws_nhk/install/launch_param_builder/lib/python3.10/site-packages'
[7.366s] [34mcolcon.colcon_core.shell[0m [1;30mLevel 1[0m create_environment_hook('launch_param_builder', 'pythonpath')
[7.368s] [34mcolcon.colcon_core.shell[0m [1;30mINFO[0m Creating environment hook '/home/a/ws_nhk/install/launch_param_builder/share/launch_param_builder/hook/pythonpath.ps1'
[7.378s] [34mcolcon.colcon_core.shell[0m [1;30mINFO[0m Creating environment descriptor '/home/a/ws_nhk/install/launch_param_builder/share/launch_param_builder/hook/pythonpath.dsv'
[7.392s] [34mcolcon.colcon_core.shell[0m [1;30mINFO[0m Creating environment hook '/home/a/ws_nhk/install/launch_param_builder/share/launch_param_builder/hook/pythonpath.sh'
[7.407s] [34mcolcon.colcon_core.environment[0m [1;30mLevel 1[0m checking '/home/a/ws_nhk/install/launch_param_builder/bin'
[7.413s] [34mcolcon.colcon_core.environment[0m [1;30mLevel 1[0m create_environment_scripts_only(launch_param_builder)
[7.416s] [34mcolcon.colcon_core.shell[0m [1;30mINFO[0m Creating package script '/home/a/ws_nhk/install/launch_param_builder/share/launch_param_builder/package.ps1'
[7.439s] [34mcolcon.colcon_core.shell[0m [1;30mINFO[0m Creating package descriptor '/home/a/ws_nhk/install/launch_param_builder/share/launch_param_builder/package.dsv'
[7.447s] [34mcolcon.colcon_core.shell[0m [1;30mINFO[0m Creating package script '/home/a/ws_nhk/install/launch_param_builder/share/launch_param_builder/package.sh'
[7.457s] [34mcolcon.colcon_core.shell[0m [1;30mINFO[0m Creating package script '/home/a/ws_nhk/install/launch_param_builder/share/launch_param_builder/package.bash'
[7.468s] [34mcolcon.colcon_core.shell[0m [1;30mINFO[0m Creating package script '/home/a/ws_nhk/install/launch_param_builder/share/launch_param_builder/package.zsh'
[7.483s] [34mcolcon.colcon_core.environment[0m [1;30mLevel 1[0m create_file_with_runtime_dependencies(/home/a/ws_nhk/install/launch_param_builder/share/colcon-core/packages/launch_param_builder)
[7.604s] [34mcolcon.colcon_core.environment[0m [1;30mLevel 1[0m create_environment_scripts_only(moveit_resources_panda_moveit_config)
[7.614s] [34mcolcon.colcon_core.environment[0m [1;30mLevel 1[0m checking '/home/a/ws_nhk/install/moveit_resources_panda_moveit_config' for CMake module files
[7.628s] [34mcolcon.colcon_core.environment[0m [1;30mLevel 1[0m checking '/home/a/ws_nhk/install/moveit_resources_panda_moveit_config' for CMake config files
[7.637s] [34mcolcon.colcon_core.shell[0m [1;30mLevel 1[0m create_environment_hook('moveit_resources_panda_moveit_config', 'cmake_prefix_path')
[7.639s] [34mcolcon.colcon_core.shell[0m [1;30mINFO[0m Creating environment hook '/home/a/ws_nhk/install/moveit_resources_panda_moveit_config/share/moveit_resources_panda_moveit_config/hook/cmake_prefix_path.ps1'
[7.650s] [34mcolcon.colcon_core.shell[0m [1;30mINFO[0m Creating environment descriptor '/home/a/ws_nhk/install/moveit_resources_panda_moveit_config/share/moveit_resources_panda_moveit_config/hook/cmake_prefix_path.dsv'
[7.660s] [34mcolcon.colcon_core.shell[0m [1;30mINFO[0m Creating environment hook '/home/a/ws_nhk/install/moveit_resources_panda_moveit_config/share/moveit_resources_panda_moveit_config/hook/cmake_prefix_path.sh'
[7.671s] [34mcolcon.colcon_core.environment[0m [1;30mLevel 1[0m checking '/home/a/ws_nhk/install/moveit_resources_panda_moveit_config/bin'
[7.674s] [34mcolcon.colcon_core.environment[0m [1;30mLevel 1[0m checking '/home/a/ws_nhk/install/moveit_resources_panda_moveit_config/lib/pkgconfig/moveit_resources_panda_moveit_config.pc'
[7.676s] [34mcolcon.colcon_core.environment[0m [1;30mLevel 1[0m checking '/home/a/ws_nhk/install/moveit_resources_panda_moveit_config/lib/python3.10/site-packages'
[7.686s] [34mcolcon.colcon_core.environment[0m [1;30mLevel 1[0m checking '/home/a/ws_nhk/install/moveit_resources_panda_moveit_config/bin'
[7.692s] [34mcolcon.colcon_core.shell[0m [1;30mINFO[0m Creating package script '/home/a/ws_nhk/install/moveit_resources_panda_moveit_config/share/moveit_resources_panda_moveit_config/package.ps1'
[7.698s] [34mcolcon.colcon_core.event_handler.log_command[0m [1;30mDEBUG[0m [32mInvoked command in '/home/a/ws_nhk/build/moveit_resources_panda_moveit_config' returned '0': CMAKE_PREFIX_PATH=/home/a/ws_nhk/install/moveit_resources_panda_description:/home/a/ws_nhk/install/sakai_r2_config:/home/a/ws_nhk/install/moveit_runtime:/home/a/ws_nhk/install/moveit_r2_config:/home/a/ws_nhk/install/moveit_config:/home/a/ws_nhk/install/moveit2_tutorials:/home/a/ws_nhk/install/moveit:/home/a/ws_nhk/install/moveit_planners:/home/a/ws_nhk/install/pilz_industrial_motion_planner:/home/a/ws_nhk/install/moveit_task_constructor_visualization:/home/a/ws_nhk/install/moveit_task_constructor_demo:/home/a/ws_nhk/install/moveit_task_constructor_capabilities:/home/a/ws_nhk/install/moveit_task_constructor_core:/home/a/ws_nhk/install/moveit_setup_assistant:/home/a/ws_nhk/install/moveit_setup_srdf_plugins:/home/a/ws_nhk/install/moveit_setup_core_plugins:/home/a/ws_nhk/install/moveit_setup_controllers:/home/a/ws_nhk/install/moveit_setup_app_plugins:/home/a/ws_nhk/install/moveit_setup_framework:/home/a/ws_nhk/install/moveit_servo:/home/a/ws_nhk/install/moveit_ros:/home/a/ws_nhk/install/moveit_ros_visualization:/home/a/ws_nhk/install/moveit_hybrid_planning:/home/a/ws_nhk/install/moveit_ros_planning_interface:/home/a/ws_nhk/install/moveit_resources_prbt_pg70_support:/home/a/ws_nhk/install/moveit_resources_prbt_moveit_config:/home/a/ws_nhk/install/moveit_ros_move_group:/home/a/ws_nhk/install/moveit_kinematics:/home/a/ws_nhk/install/trac_ik:/home/a/ws_nhk/install/trac_ik_kinematics_plugin:/home/a/ws_nhk/install/trac_ik_lib:/home/a/ws_nhk/install/pilz_industrial_motion_planner_testutils:/home/a/ws_nhk/install/moveit_visual_tools:/home/a/ws_nhk/install/moveit_ros_control_interface:/home/a/ws_nhk/install/moveit_plugins:/home/a/ws_nhk/install/moveit_simple_controller_manager:/home/a/ws_nhk/install/moveit_ros_benchmarks:/home/a/ws_nhk/install/moveit_ros_warehouse:/home/a/ws_nhk/install/moveit_ros_robot_interaction:/home/a/ws_nhk/install/moveit_ros_perception:/home/a/ws_nhk/install/moveit_planners_ompl:/home/a/ws_nhk/install/moveit_ros_planning:/home/a/ws_nhk/install/moveit_ros_occupancy_map_monitor:/home/a/ws_nhk/install/moveit_resources_prbt_ikfast_manipulator_plugin:/home/a/ws_nhk/install/moveit_planners_chomp:/home/a/ws_nhk/install/moveit_chomp_optimizer_adapter:/home/a/ws_nhk/install/chomp_motion_planner:/home/a/ws_nhk/install/moveit_core:/home/a/ws_nhk/install/srdfdom:/home/a/ws_nhk/install/rviz_marker_tools:/home/a/ws_nhk/install/rosparam_shortcuts:/home/a/ws_nhk/install/r2_odrive:/home/a/ws_nhk/install/rogidrive_msg:/home/a/ws_nhk/install/nhk_bt:/home/a/ws_nhk/install/moveit_task_constructor_msgs:/home/a/ws_nhk/install/moveit_resources_prbt_support:/home/a/ws_nhk/install/moveit_resources:/home/a/ws_nhk/install/moveit_resources_pr2_description:/home/a/ws_nhk/install/moveit_resources_panda_moveit_config:/home/a/ws_nhk/install/moveit_resources_fanuc_moveit_config:/home/a/ws_nhk/install/moveit_resources_fanuc_description:/home/a/ws_nhk/install/moveit_common:/home/a/ws_nhk/install/dynamixel_sdk_examples:/home/a/ws_nhk/install/dynamixel_sdk_custom_interfaces:/home/a/ws_nhk/install/dynamixel_controller:/home/a/ws_nhk/install/dynamixel_sdk:/home/a/ws_nhk/install/arm_v20_description:/home/a/ws_nhk/install/arm_module_description:/home/a/ws_nhk/install/a_r2_description:/home/a/install/field_description_test:/home/a/ws_nhk/install/moveit_configs_utils:/home/a/ws_nhk/install/rogidrive:/home/a/ws_nhk/install/launch_param_builder:/home/a/ws_nhk/install/dynamixel_controller_gui:/home/a/ws_nhk/install/dynamixel_controller_client:/opt/ros/humble /usr/bin/cmake --install /home/a/ws_nhk/build/moveit_resources_panda_moveit_config[0m
[7.701s] [34mcolcon.colcon_core.shell[0m [1;30mINFO[0m Creating package descriptor '/home/a/ws_nhk/install/moveit_resources_panda_moveit_config/share/moveit_resources_panda_moveit_config/package.dsv'
[7.707s] [34mcolcon.colcon_core.shell[0m [1;30mINFO[0m Creating package script '/home/a/ws_nhk/install/moveit_resources_panda_moveit_config/share/moveit_resources_panda_moveit_config/package.sh'
[7.714s] [34mcolcon.colcon_core.shell[0m [1;30mINFO[0m Creating package script '/home/a/ws_nhk/install/moveit_resources_panda_moveit_config/share/moveit_resources_panda_moveit_config/package.bash'
[7.721s] [34mcolcon.colcon_core.shell[0m [1;30mINFO[0m Creating package script '/home/a/ws_nhk/install/moveit_resources_panda_moveit_config/share/moveit_resources_panda_moveit_config/package.zsh'
[7.729s] [34mcolcon.colcon_core.environment[0m [1;30mLevel 1[0m create_file_with_runtime_dependencies(/home/a/ws_nhk/install/moveit_resources_panda_moveit_config/share/colcon-core/packages/moveit_resources_panda_moveit_config)
[7.736s] [34mcolcon.colcon_core.environment[0m [1;30mLevel 1[0m create_environment_scripts_only(moveit_resources_panda_moveit_config)
[7.742s] [34mcolcon.colcon_core.environment[0m [1;30mLevel 1[0m checking '/home/a/ws_nhk/install/moveit_resources_panda_moveit_config' for CMake module files
[7.750s] [34mcolcon.colcon_core.environment[0m [1;30mLevel 1[0m checking '/home/a/ws_nhk/install/moveit_resources_panda_moveit_config' for CMake config files
[7.751s] [34mcolcon.colcon_core.shell[0m [1;30mLevel 1[0m create_environment_hook('moveit_resources_panda_moveit_config', 'cmake_prefix_path')
[7.753s] [34mcolcon.colcon_core.shell[0m [1;30mINFO[0m Creating environment hook '/home/a/ws_nhk/install/moveit_resources_panda_moveit_config/share/moveit_resources_panda_moveit_config/hook/cmake_prefix_path.ps1'
[7.766s] [34mcolcon.colcon_core.shell[0m [1;30mINFO[0m Creating environment descriptor '/home/a/ws_nhk/install/moveit_resources_panda_moveit_config/share/moveit_resources_panda_moveit_config/hook/cmake_prefix_path.dsv'
[7.773s] [34mcolcon.colcon_core.shell[0m [1;30mINFO[0m Creating environment hook '/home/a/ws_nhk/install/moveit_resources_panda_moveit_config/share/moveit_resources_panda_moveit_config/hook/cmake_prefix_path.sh'
[7.782s] [34mcolcon.colcon_core.environment[0m [1;30mLevel 1[0m checking '/home/a/ws_nhk/install/moveit_resources_panda_moveit_config/bin'
[7.782s] [34mcolcon.colcon_core.environment[0m [1;30mLevel 1[0m checking '/home/a/ws_nhk/install/moveit_resources_panda_moveit_config/lib/pkgconfig/moveit_resources_panda_moveit_config.pc'
[7.788s] [34mcolcon.colcon_core.environment[0m [1;30mLevel 1[0m checking '/home/a/ws_nhk/install/moveit_resources_panda_moveit_config/lib/python3.10/site-packages'
[7.794s] [34mcolcon.colcon_core.environment[0m [1;30mLevel 1[0m checking '/home/a/ws_nhk/install/moveit_resources_panda_moveit_config/bin'
[7.805s] [34mcolcon.colcon_core.shell[0m [1;30mINFO[0m Creating package script '/home/a/ws_nhk/install/moveit_resources_panda_moveit_config/share/moveit_resources_panda_moveit_config/package.ps1'
[7.814s] [34mcolcon.colcon_core.shell[0m [1;30mINFO[0m Creating package descriptor '/home/a/ws_nhk/install/moveit_resources_panda_moveit_config/share/moveit_resources_panda_moveit_config/package.dsv'
[7.818s] [34mcolcon.colcon_core.shell[0m [1;30mINFO[0m Creating package script '/home/a/ws_nhk/install/moveit_resources_panda_moveit_config/share/moveit_resources_panda_moveit_config/package.sh'
[7.830s] [34mcolcon.colcon_core.shell[0m [1;30mINFO[0m Creating package script '/home/a/ws_nhk/install/moveit_resources_panda_moveit_config/share/moveit_resources_panda_moveit_config/package.bash'
[7.839s] [34mcolcon.colcon_core.shell[0m [1;30mINFO[0m Creating package script '/home/a/ws_nhk/install/moveit_resources_panda_moveit_config/share/moveit_resources_panda_moveit_config/package.zsh'
[7.852s] [34mcolcon.colcon_core.environment[0m [1;30mLevel 1[0m create_file_with_runtime_dependencies(/home/a/ws_nhk/install/moveit_resources_panda_moveit_config/share/colcon-core/packages/moveit_resources_panda_moveit_config)
[7.854s] [34mcolcon.colcon_core.environment[0m [1;30mLevel 1[0m create_environment_scripts_only(moveit_resources_fanuc_moveit_config)
[7.860s] [34mcolcon.colcon_core.environment[0m [1;30mLevel 1[0m checking '/home/a/ws_nhk/install/moveit_resources_fanuc_moveit_config' for CMake module files
[7.869s] [34mcolcon.colcon_core.event_handler.log_command[0m [1;30mDEBUG[0m [32mInvoked command in '/home/a/ws_nhk/build/moveit_resources_fanuc_moveit_config' returned '0': CMAKE_PREFIX_PATH=/home/a/ws_nhk/install/moveit_resources_fanuc_description:/home/a/ws_nhk/install/sakai_r2_config:/home/a/ws_nhk/install/moveit_runtime:/home/a/ws_nhk/install/moveit_r2_config:/home/a/ws_nhk/install/moveit_config:/home/a/ws_nhk/install/moveit2_tutorials:/home/a/ws_nhk/install/moveit:/home/a/ws_nhk/install/moveit_planners:/home/a/ws_nhk/install/pilz_industrial_motion_planner:/home/a/ws_nhk/install/moveit_task_constructor_visualization:/home/a/ws_nhk/install/moveit_task_constructor_demo:/home/a/ws_nhk/install/moveit_task_constructor_capabilities:/home/a/ws_nhk/install/moveit_task_constructor_core:/home/a/ws_nhk/install/moveit_setup_assistant:/home/a/ws_nhk/install/moveit_setup_srdf_plugins:/home/a/ws_nhk/install/moveit_setup_core_plugins:/home/a/ws_nhk/install/moveit_setup_controllers:/home/a/ws_nhk/install/moveit_setup_app_plugins:/home/a/ws_nhk/install/moveit_setup_framework:/home/a/ws_nhk/install/moveit_servo:/home/a/ws_nhk/install/moveit_ros:/home/a/ws_nhk/install/moveit_ros_visualization:/home/a/ws_nhk/install/moveit_hybrid_planning:/home/a/ws_nhk/install/moveit_ros_planning_interface:/home/a/ws_nhk/install/moveit_resources_prbt_pg70_support:/home/a/ws_nhk/install/moveit_resources_prbt_moveit_config:/home/a/ws_nhk/install/moveit_ros_move_group:/home/a/ws_nhk/install/moveit_kinematics:/home/a/ws_nhk/install/trac_ik:/home/a/ws_nhk/install/trac_ik_kinematics_plugin:/home/a/ws_nhk/install/trac_ik_lib:/home/a/ws_nhk/install/pilz_industrial_motion_planner_testutils:/home/a/ws_nhk/install/moveit_visual_tools:/home/a/ws_nhk/install/moveit_ros_control_interface:/home/a/ws_nhk/install/moveit_plugins:/home/a/ws_nhk/install/moveit_simple_controller_manager:/home/a/ws_nhk/install/moveit_ros_benchmarks:/home/a/ws_nhk/install/moveit_ros_warehouse:/home/a/ws_nhk/install/moveit_ros_robot_interaction:/home/a/ws_nhk/install/moveit_ros_perception:/home/a/ws_nhk/install/moveit_planners_ompl:/home/a/ws_nhk/install/moveit_ros_planning:/home/a/ws_nhk/install/moveit_ros_occupancy_map_monitor:/home/a/ws_nhk/install/moveit_resources_prbt_ikfast_manipulator_plugin:/home/a/ws_nhk/install/moveit_planners_chomp:/home/a/ws_nhk/install/moveit_chomp_optimizer_adapter:/home/a/ws_nhk/install/chomp_motion_planner:/home/a/ws_nhk/install/moveit_core:/home/a/ws_nhk/install/srdfdom:/home/a/ws_nhk/install/rviz_marker_tools:/home/a/ws_nhk/install/rosparam_shortcuts:/home/a/ws_nhk/install/r2_odrive:/home/a/ws_nhk/install/rogidrive_msg:/home/a/ws_nhk/install/nhk_bt:/home/a/ws_nhk/install/moveit_task_constructor_msgs:/home/a/ws_nhk/install/moveit_resources_prbt_support:/home/a/ws_nhk/install/moveit_resources:/home/a/ws_nhk/install/moveit_resources_pr2_description:/home/a/ws_nhk/install/moveit_resources_panda_moveit_config:/home/a/ws_nhk/install/moveit_resources_panda_description:/home/a/ws_nhk/install/moveit_resources_fanuc_moveit_config:/home/a/ws_nhk/install/moveit_common:/home/a/ws_nhk/install/dynamixel_sdk_examples:/home/a/ws_nhk/install/dynamixel_sdk_custom_interfaces:/home/a/ws_nhk/install/dynamixel_controller:/home/a/ws_nhk/install/dynamixel_sdk:/home/a/ws_nhk/install/arm_v20_description:/home/a/ws_nhk/install/arm_module_description:/home/a/ws_nhk/install/a_r2_description:/home/a/install/field_description_test:/home/a/ws_nhk/install/moveit_configs_utils:/home/a/ws_nhk/install/rogidrive:/home/a/ws_nhk/install/launch_param_builder:/home/a/ws_nhk/install/dynamixel_controller_gui:/home/a/ws_nhk/install/dynamixel_controller_client:/opt/ros/humble /usr/bin/cmake --install /home/a/ws_nhk/build/moveit_resources_fanuc_moveit_config[0m
[7.877s] [34mcolcon.colcon_core.environment[0m [1;30mLevel 1[0m checking '/home/a/ws_nhk/install/moveit_resources_fanuc_moveit_config' for CMake config files
[7.880s] [34mcolcon.colcon_core.shell[0m [1;30mLevel 1[0m create_environment_hook('moveit_resources_fanuc_moveit_config', 'cmake_prefix_path')
[7.887s] [34mcolcon.colcon_core.shell[0m [1;30mINFO[0m Creating environment hook '/home/a/ws_nhk/install/moveit_resources_fanuc_moveit_config/share/moveit_resources_fanuc_moveit_config/hook/cmake_prefix_path.ps1'
[7.895s] [34mcolcon.colcon_core.shell[0m [1;30mINFO[0m Creating environment descriptor '/home/a/ws_nhk/install/moveit_resources_fanuc_moveit_config/share/moveit_resources_fanuc_moveit_config/hook/cmake_prefix_path.dsv'
[7.902s] [34mcolcon.colcon_core.shell[0m [1;30mINFO[0m Creating environment hook '/home/a/ws_nhk/install/moveit_resources_fanuc_moveit_config/share/moveit_resources_fanuc_moveit_config/hook/cmake_prefix_path.sh'
[7.915s] [34mcolcon.colcon_core.environment[0m [1;30mLevel 1[0m checking '/home/a/ws_nhk/install/moveit_resources_fanuc_moveit_config/bin'
[7.916s] [34mcolcon.colcon_core.environment[0m [1;30mLevel 1[0m checking '/home/a/ws_nhk/install/moveit_resources_fanuc_moveit_config/lib/pkgconfig/moveit_resources_fanuc_moveit_config.pc'
[7.918s] [34mcolcon.colcon_core.environment[0m [1;30mLevel 1[0m checking '/home/a/ws_nhk/install/moveit_resources_fanuc_moveit_config/lib/python3.10/site-packages'
[7.932s] [34mcolcon.colcon_core.environment[0m [1;30mLevel 1[0m checking '/home/a/ws_nhk/install/moveit_resources_fanuc_moveit_config/bin'
[7.935s] [34mcolcon.colcon_core.shell[0m [1;30mINFO[0m Creating package script '/home/a/ws_nhk/install/moveit_resources_fanuc_moveit_config/share/moveit_resources_fanuc_moveit_config/package.ps1'
[7.942s] [34mcolcon.colcon_core.shell[0m [1;30mINFO[0m Creating package descriptor '/home/a/ws_nhk/install/moveit_resources_fanuc_moveit_config/share/moveit_resources_fanuc_moveit_config/package.dsv'
[7.956s] [34mcolcon.colcon_core.shell[0m [1;30mINFO[0m Creating package script '/home/a/ws_nhk/install/moveit_resources_fanuc_moveit_config/share/moveit_resources_fanuc_moveit_config/package.sh'
[7.969s] [34mcolcon.colcon_core.shell[0m [1;30mINFO[0m Creating package script '/home/a/ws_nhk/install/moveit_resources_fanuc_moveit_config/share/moveit_resources_fanuc_moveit_config/package.bash'
[7.978s] [34mcolcon.colcon_core.shell[0m [1;30mINFO[0m Creating package script '/home/a/ws_nhk/install/moveit_resources_fanuc_moveit_config/share/moveit_resources_fanuc_moveit_config/package.zsh'
[7.985s] [34mcolcon.colcon_core.environment[0m [1;30mLevel 1[0m create_file_with_runtime_dependencies(/home/a/ws_nhk/install/moveit_resources_fanuc_moveit_config/share/colcon-core/packages/moveit_resources_fanuc_moveit_config)
[7.994s] [34mcolcon.colcon_core.environment[0m [1;30mLevel 1[0m create_environment_scripts_only(moveit_resources_fanuc_moveit_config)
[8.001s] [34mcolcon.colcon_core.environment[0m [1;30mLevel 1[0m checking '/home/a/ws_nhk/install/moveit_resources_fanuc_moveit_config' for CMake module files
[8.008s] [34mcolcon.colcon_core.environment[0m [1;30mLevel 1[0m checking '/home/a/ws_nhk/install/moveit_resources_fanuc_moveit_config' for CMake config files
[8.010s] [34mcolcon.colcon_core.shell[0m [1;30mLevel 1[0m create_environment_hook('moveit_resources_fanuc_moveit_config', 'cmake_prefix_path')
[8.017s] [34mcolcon.colcon_core.shell[0m [1;30mINFO[0m Creating environment hook '/home/a/ws_nhk/install/moveit_resources_fanuc_moveit_config/share/moveit_resources_fanuc_moveit_config/hook/cmake_prefix_path.ps1'
[8.025s] [34mcolcon.colcon_core.shell[0m [1;30mINFO[0m Creating environment descriptor '/home/a/ws_nhk/install/moveit_resources_fanuc_moveit_config/share/moveit_resources_fanuc_moveit_config/hook/cmake_prefix_path.dsv'
[8.036s] [34mcolcon.colcon_core.shell[0m [1;30mINFO[0m Creating environment hook '/home/a/ws_nhk/install/moveit_resources_fanuc_moveit_config/share/moveit_resources_fanuc_moveit_config/hook/cmake_prefix_path.sh'
[8.045s] [34mcolcon.colcon_core.environment[0m [1;30mLevel 1[0m checking '/home/a/ws_nhk/install/moveit_resources_fanuc_moveit_config/bin'
[8.046s] [34mcolcon.colcon_core.environment[0m [1;30mLevel 1[0m checking '/home/a/ws_nhk/install/moveit_resources_fanuc_moveit_config/lib/pkgconfig/moveit_resources_fanuc_moveit_config.pc'
[8.052s] [34mcolcon.colcon_core.environment[0m [1;30mLevel 1[0m checking '/home/a/ws_nhk/install/moveit_resources_fanuc_moveit_config/lib/python3.10/site-packages'
[8.056s] [34mcolcon.colcon_core.environment[0m [1;30mLevel 1[0m checking '/home/a/ws_nhk/install/moveit_resources_fanuc_moveit_config/bin'
[8.061s] [34mcolcon.colcon_core.shell[0m [1;30mINFO[0m Creating package script '/home/a/ws_nhk/install/moveit_resources_fanuc_moveit_config/share/moveit_resources_fanuc_moveit_config/package.ps1'
[8.066s] [34mcolcon.colcon_core.shell[0m [1;30mINFO[0m Creating package descriptor '/home/a/ws_nhk/install/moveit_resources_fanuc_moveit_config/share/moveit_resources_fanuc_moveit_config/package.dsv'
[8.074s] [34mcolcon.colcon_core.shell[0m [1;30mINFO[0m Creating package script '/home/a/ws_nhk/install/moveit_resources_fanuc_moveit_config/share/moveit_resources_fanuc_moveit_config/package.sh'
[8.078s] [34mcolcon.colcon_core.shell[0m [1;30mINFO[0m Creating package script '/home/a/ws_nhk/install/moveit_resources_fanuc_moveit_config/share/moveit_resources_fanuc_moveit_config/package.bash'
[8.082s] [34mcolcon.colcon_core.shell[0m [1;30mINFO[0m Creating package script '/home/a/ws_nhk/install/moveit_resources_fanuc_moveit_config/share/moveit_resources_fanuc_moveit_config/package.zsh'
[8.086s] [34mcolcon.colcon_core.environment[0m [1;30mLevel 1[0m create_file_with_runtime_dependencies(/home/a/ws_nhk/install/moveit_resources_fanuc_moveit_config/share/colcon-core/packages/moveit_resources_fanuc_moveit_config)
[8.097s] [34mcolcon.colcon_ros.task.ament_cmake.build[0m [1;30mINFO[0m Building ROS package in '/home/a/ws_nhk/src/moveit_resources/moveit_resources' with build type 'ament_cmake'
[8.098s] [34mcolcon.colcon_cmake.task.cmake.build[0m [1;30mINFO[0m Building CMake package in '/home/a/ws_nhk/src/moveit_resources/moveit_resources'
[8.100s] [34mcolcon.colcon_core.shell[0m [1;30mINFO[0m Skip shell extension 'powershell' for command environment: Not usable outside of PowerShell
[8.101s] [34mcolcon.colcon_core.shell[0m [1;30mDEBUG[0m [32mSkip shell extension 'dsv' for command environment[0m
[8.529s] [34mcolcon.colcon_core.event_handler.log_command[0m [1;30mDEBUG[0m [32mInvoking command in '/home/a/ws_nhk/build/moveit_resources': CMAKE_PREFIX_PATH=/home/a/ws_nhk/install/moveit_resources_panda_moveit_config:/home/a/ws_nhk/install/moveit_resources_fanuc_moveit_config:/home/a/ws_nhk/install/moveit_resources_pr2_description:/home/a/ws_nhk/install/moveit_resources_panda_description:/home/a/ws_nhk/install/moveit_resources_fanuc_description:/home/a/ws_nhk/install/sakai_r2_config:/home/a/ws_nhk/install/moveit_runtime:/home/a/ws_nhk/install/moveit_r2_config:/home/a/ws_nhk/install/moveit_config:/home/a/ws_nhk/install/moveit2_tutorials:/home/a/ws_nhk/install/moveit:/home/a/ws_nhk/install/moveit_planners:/home/a/ws_nhk/install/pilz_industrial_motion_planner:/home/a/ws_nhk/install/moveit_task_constructor_visualization:/home/a/ws_nhk/install/moveit_task_constructor_demo:/home/a/ws_nhk/install/moveit_task_constructor_capabilities:/home/a/ws_nhk/install/moveit_task_constructor_core:/home/a/ws_nhk/install/moveit_setup_assistant:/home/a/ws_nhk/install/moveit_setup_srdf_plugins:/home/a/ws_nhk/install/moveit_setup_core_plugins:/home/a/ws_nhk/install/moveit_setup_controllers:/home/a/ws_nhk/install/moveit_setup_app_plugins:/home/a/ws_nhk/install/moveit_setup_framework:/home/a/ws_nhk/install/moveit_servo:/home/a/ws_nhk/install/moveit_ros:/home/a/ws_nhk/install/moveit_ros_visualization:/home/a/ws_nhk/install/moveit_hybrid_planning:/home/a/ws_nhk/install/moveit_ros_planning_interface:/home/a/ws_nhk/install/moveit_resources_prbt_pg70_support:/home/a/ws_nhk/install/moveit_resources_prbt_moveit_config:/home/a/ws_nhk/install/moveit_ros_move_group:/home/a/ws_nhk/install/moveit_kinematics:/home/a/ws_nhk/install/trac_ik:/home/a/ws_nhk/install/trac_ik_kinematics_plugin:/home/a/ws_nhk/install/trac_ik_lib:/home/a/ws_nhk/install/pilz_industrial_motion_planner_testutils:/home/a/ws_nhk/install/moveit_visual_tools:/home/a/ws_nhk/install/moveit_ros_control_interface:/home/a/ws_nhk/install/moveit_plugins:/home/a/ws_nhk/install/moveit_simple_controller_manager:/home/a/ws_nhk/install/moveit_ros_benchmarks:/home/a/ws_nhk/install/moveit_ros_warehouse:/home/a/ws_nhk/install/moveit_ros_robot_interaction:/home/a/ws_nhk/install/moveit_ros_perception:/home/a/ws_nhk/install/moveit_planners_ompl:/home/a/ws_nhk/install/moveit_ros_planning:/home/a/ws_nhk/install/moveit_ros_occupancy_map_monitor:/home/a/ws_nhk/install/moveit_resources_prbt_ikfast_manipulator_plugin:/home/a/ws_nhk/install/moveit_planners_chomp:/home/a/ws_nhk/install/moveit_chomp_optimizer_adapter:/home/a/ws_nhk/install/chomp_motion_planner:/home/a/ws_nhk/install/moveit_core:/home/a/ws_nhk/install/srdfdom:/home/a/ws_nhk/install/rviz_marker_tools:/home/a/ws_nhk/install/rosparam_shortcuts:/home/a/ws_nhk/install/r2_odrive:/home/a/ws_nhk/install/rogidrive_msg:/home/a/ws_nhk/install/nhk_bt:/home/a/ws_nhk/install/moveit_task_constructor_msgs:/home/a/ws_nhk/install/moveit_resources_prbt_support:/home/a/ws_nhk/install/moveit_resources:/home/a/ws_nhk/install/moveit_common:/home/a/ws_nhk/install/dynamixel_sdk_examples:/home/a/ws_nhk/install/dynamixel_sdk_custom_interfaces:/home/a/ws_nhk/install/dynamixel_controller:/home/a/ws_nhk/install/dynamixel_sdk:/home/a/ws_nhk/install/arm_v20_description:/home/a/ws_nhk/install/arm_module_description:/home/a/ws_nhk/install/a_r2_description:/home/a/install/field_description_test:/home/a/ws_nhk/install/moveit_configs_utils:/home/a/ws_nhk/install/rogidrive:/home/a/ws_nhk/install/launch_param_builder:/home/a/ws_nhk/install/dynamixel_controller_gui:/home/a/ws_nhk/install/dynamixel_controller_client:/opt/ros/humble /usr/bin/cmake --build /home/a/ws_nhk/build/moveit_resources -- -j22 -l22[0m
[9.860s] [34mcolcon.colcon_core.event_handler.log_command[0m [1;30mDEBUG[0m [32mInvoked command in '/home/a/ws_nhk/build/moveit_resources' returned '0': CMAKE_PREFIX_PATH=/home/a/ws_nhk/install/moveit_resources_panda_moveit_config:/home/a/ws_nhk/install/moveit_resources_fanuc_moveit_config:/home/a/ws_nhk/install/moveit_resources_pr2_description:/home/a/ws_nhk/install/moveit_resources_panda_description:/home/a/ws_nhk/install/moveit_resources_fanuc_description:/home/a/ws_nhk/install/sakai_r2_config:/home/a/ws_nhk/install/moveit_runtime:/home/a/ws_nhk/install/moveit_r2_config:/home/a/ws_nhk/install/moveit_config:/home/a/ws_nhk/install/moveit2_tutorials:/home/a/ws_nhk/install/moveit:/home/a/ws_nhk/install/moveit_planners:/home/a/ws_nhk/install/pilz_industrial_motion_planner:/home/a/ws_nhk/install/moveit_task_constructor_visualization:/home/a/ws_nhk/install/moveit_task_constructor_demo:/home/a/ws_nhk/install/moveit_task_constructor_capabilities:/home/a/ws_nhk/install/moveit_task_constructor_core:/home/a/ws_nhk/install/moveit_setup_assistant:/home/a/ws_nhk/install/moveit_setup_srdf_plugins:/home/a/ws_nhk/install/moveit_setup_core_plugins:/home/a/ws_nhk/install/moveit_setup_controllers:/home/a/ws_nhk/install/moveit_setup_app_plugins:/home/a/ws_nhk/install/moveit_setup_framework:/home/a/ws_nhk/install/moveit_servo:/home/a/ws_nhk/install/moveit_ros:/home/a/ws_nhk/install/moveit_ros_visualization:/home/a/ws_nhk/install/moveit_hybrid_planning:/home/a/ws_nhk/install/moveit_ros_planning_interface:/home/a/ws_nhk/install/moveit_resources_prbt_pg70_support:/home/a/ws_nhk/install/moveit_resources_prbt_moveit_config:/home/a/ws_nhk/install/moveit_ros_move_group:/home/a/ws_nhk/install/moveit_kinematics:/home/a/ws_nhk/install/trac_ik:/home/a/ws_nhk/install/trac_ik_kinematics_plugin:/home/a/ws_nhk/install/trac_ik_lib:/home/a/ws_nhk/install/pilz_industrial_motion_planner_testutils:/home/a/ws_nhk/install/moveit_visual_tools:/home/a/ws_nhk/install/moveit_ros_control_interface:/home/a/ws_nhk/install/moveit_plugins:/home/a/ws_nhk/install/moveit_simple_controller_manager:/home/a/ws_nhk/install/moveit_ros_benchmarks:/home/a/ws_nhk/install/moveit_ros_warehouse:/home/a/ws_nhk/install/moveit_ros_robot_interaction:/home/a/ws_nhk/install/moveit_ros_perception:/home/a/ws_nhk/install/moveit_planners_ompl:/home/a/ws_nhk/install/moveit_ros_planning:/home/a/ws_nhk/install/moveit_ros_occupancy_map_monitor:/home/a/ws_nhk/install/moveit_resources_prbt_ikfast_manipulator_plugin:/home/a/ws_nhk/install/moveit_planners_chomp:/home/a/ws_nhk/install/moveit_chomp_optimizer_adapter:/home/a/ws_nhk/install/chomp_motion_planner:/home/a/ws_nhk/install/moveit_core:/home/a/ws_nhk/install/srdfdom:/home/a/ws_nhk/install/rviz_marker_tools:/home/a/ws_nhk/install/rosparam_shortcuts:/home/a/ws_nhk/install/r2_odrive:/home/a/ws_nhk/install/rogidrive_msg:/home/a/ws_nhk/install/nhk_bt:/home/a/ws_nhk/install/moveit_task_constructor_msgs:/home/a/ws_nhk/install/moveit_resources_prbt_support:/home/a/ws_nhk/install/moveit_resources:/home/a/ws_nhk/install/moveit_common:/home/a/ws_nhk/install/dynamixel_sdk_examples:/home/a/ws_nhk/install/dynamixel_sdk_custom_interfaces:/home/a/ws_nhk/install/dynamixel_controller:/home/a/ws_nhk/install/dynamixel_sdk:/home/a/ws_nhk/install/arm_v20_description:/home/a/ws_nhk/install/arm_module_description:/home/a/ws_nhk/install/a_r2_description:/home/a/install/field_description_test:/home/a/ws_nhk/install/moveit_configs_utils:/home/a/ws_nhk/install/rogidrive:/home/a/ws_nhk/install/launch_param_builder:/home/a/ws_nhk/install/dynamixel_controller_gui:/home/a/ws_nhk/install/dynamixel_controller_client:/opt/ros/humble /usr/bin/cmake --build /home/a/ws_nhk/build/moveit_resources -- -j22 -l22[0m
[9.891s] [34mcolcon.colcon_core.event_handler.log_command[0m [1;30mDEBUG[0m [32mInvoking command in '/home/a/ws_nhk/build/moveit_resources': CMAKE_PREFIX_PATH=/home/a/ws_nhk/install/moveit_resources_panda_moveit_config:/home/a/ws_nhk/install/moveit_resources_fanuc_moveit_config:/home/a/ws_nhk/install/moveit_resources_pr2_description:/home/a/ws_nhk/install/moveit_resources_panda_description:/home/a/ws_nhk/install/moveit_resources_fanuc_description:/home/a/ws_nhk/install/sakai_r2_config:/home/a/ws_nhk/install/moveit_runtime:/home/a/ws_nhk/install/moveit_r2_config:/home/a/ws_nhk/install/moveit_config:/home/a/ws_nhk/install/moveit2_tutorials:/home/a/ws_nhk/install/moveit:/home/a/ws_nhk/install/moveit_planners:/home/a/ws_nhk/install/pilz_industrial_motion_planner:/home/a/ws_nhk/install/moveit_task_constructor_visualization:/home/a/ws_nhk/install/moveit_task_constructor_demo:/home/a/ws_nhk/install/moveit_task_constructor_capabilities:/home/a/ws_nhk/install/moveit_task_constructor_core:/home/a/ws_nhk/install/moveit_setup_assistant:/home/a/ws_nhk/install/moveit_setup_srdf_plugins:/home/a/ws_nhk/install/moveit_setup_core_plugins:/home/a/ws_nhk/install/moveit_setup_controllers:/home/a/ws_nhk/install/moveit_setup_app_plugins:/home/a/ws_nhk/install/moveit_setup_framework:/home/a/ws_nhk/install/moveit_servo:/home/a/ws_nhk/install/moveit_ros:/home/a/ws_nhk/install/moveit_ros_visualization:/home/a/ws_nhk/install/moveit_hybrid_planning:/home/a/ws_nhk/install/moveit_ros_planning_interface:/home/a/ws_nhk/install/moveit_resources_prbt_pg70_support:/home/a/ws_nhk/install/moveit_resources_prbt_moveit_config:/home/a/ws_nhk/install/moveit_ros_move_group:/home/a/ws_nhk/install/moveit_kinematics:/home/a/ws_nhk/install/trac_ik:/home/a/ws_nhk/install/trac_ik_kinematics_plugin:/home/a/ws_nhk/install/trac_ik_lib:/home/a/ws_nhk/install/pilz_industrial_motion_planner_testutils:/home/a/ws_nhk/install/moveit_visual_tools:/home/a/ws_nhk/install/moveit_ros_control_interface:/home/a/ws_nhk/install/moveit_plugins:/home/a/ws_nhk/install/moveit_simple_controller_manager:/home/a/ws_nhk/install/moveit_ros_benchmarks:/home/a/ws_nhk/install/moveit_ros_warehouse:/home/a/ws_nhk/install/moveit_ros_robot_interaction:/home/a/ws_nhk/install/moveit_ros_perception:/home/a/ws_nhk/install/moveit_planners_ompl:/home/a/ws_nhk/install/moveit_ros_planning:/home/a/ws_nhk/install/moveit_ros_occupancy_map_monitor:/home/a/ws_nhk/install/moveit_resources_prbt_ikfast_manipulator_plugin:/home/a/ws_nhk/install/moveit_planners_chomp:/home/a/ws_nhk/install/moveit_chomp_optimizer_adapter:/home/a/ws_nhk/install/chomp_motion_planner:/home/a/ws_nhk/install/moveit_core:/home/a/ws_nhk/install/srdfdom:/home/a/ws_nhk/install/rviz_marker_tools:/home/a/ws_nhk/install/rosparam_shortcuts:/home/a/ws_nhk/install/r2_odrive:/home/a/ws_nhk/install/rogidrive_msg:/home/a/ws_nhk/install/nhk_bt:/home/a/ws_nhk/install/moveit_task_constructor_msgs:/home/a/ws_nhk/install/moveit_resources_prbt_support:/home/a/ws_nhk/install/moveit_resources:/home/a/ws_nhk/install/moveit_common:/home/a/ws_nhk/install/dynamixel_sdk_examples:/home/a/ws_nhk/install/dynamixel_sdk_custom_interfaces:/home/a/ws_nhk/install/dynamixel_controller:/home/a/ws_nhk/install/dynamixel_sdk:/home/a/ws_nhk/install/arm_v20_description:/home/a/ws_nhk/install/arm_module_description:/home/a/ws_nhk/install/a_r2_description:/home/a/install/field_description_test:/home/a/ws_nhk/install/moveit_configs_utils:/home/a/ws_nhk/install/rogidrive:/home/a/ws_nhk/install/launch_param_builder:/home/a/ws_nhk/install/dynamixel_controller_gui:/home/a/ws_nhk/install/dynamixel_controller_client:/opt/ros/humble /usr/bin/cmake --install /home/a/ws_nhk/build/moveit_resources[0m
[10.200s] [34mcolcon.colcon_core.environment[0m [1;30mLevel 1[0m create_environment_scripts_only(moveit_resources)
[10.233s] [34mcolcon.colcon_core.environment[0m [1;30mLevel 1[0m checking '/home/a/ws_nhk/install/moveit_resources' for CMake module files
[10.238s] [34mcolcon.colcon_core.event_handler.log_command[0m [1;30mDEBUG[0m [32mInvoked command in '/home/a/ws_nhk/build/moveit_resources' returned '0': CMAKE_PREFIX_PATH=/home/a/ws_nhk/install/moveit_resources_panda_moveit_config:/home/a/ws_nhk/install/moveit_resources_fanuc_moveit_config:/home/a/ws_nhk/install/moveit_resources_pr2_description:/home/a/ws_nhk/install/moveit_resources_panda_description:/home/a/ws_nhk/install/moveit_resources_fanuc_description:/home/a/ws_nhk/install/sakai_r2_config:/home/a/ws_nhk/install/moveit_runtime:/home/a/ws_nhk/install/moveit_r2_config:/home/a/ws_nhk/install/moveit_config:/home/a/ws_nhk/install/moveit2_tutorials:/home/a/ws_nhk/install/moveit:/home/a/ws_nhk/install/moveit_planners:/home/a/ws_nhk/install/pilz_industrial_motion_planner:/home/a/ws_nhk/install/moveit_task_constructor_visualization:/home/a/ws_nhk/install/moveit_task_constructor_demo:/home/a/ws_nhk/install/moveit_task_constructor_capabilities:/home/a/ws_nhk/install/moveit_task_constructor_core:/home/a/ws_nhk/install/moveit_setup_assistant:/home/a/ws_nhk/install/moveit_setup_srdf_plugins:/home/a/ws_nhk/install/moveit_setup_core_plugins:/home/a/ws_nhk/install/moveit_setup_controllers:/home/a/ws_nhk/install/moveit_setup_app_plugins:/home/a/ws_nhk/install/moveit_setup_framework:/home/a/ws_nhk/install/moveit_servo:/home/a/ws_nhk/install/moveit_ros:/home/a/ws_nhk/install/moveit_ros_visualization:/home/a/ws_nhk/install/moveit_hybrid_planning:/home/a/ws_nhk/install/moveit_ros_planning_interface:/home/a/ws_nhk/install/moveit_resources_prbt_pg70_support:/home/a/ws_nhk/install/moveit_resources_prbt_moveit_config:/home/a/ws_nhk/install/moveit_ros_move_group:/home/a/ws_nhk/install/moveit_kinematics:/home/a/ws_nhk/install/trac_ik:/home/a/ws_nhk/install/trac_ik_kinematics_plugin:/home/a/ws_nhk/install/trac_ik_lib:/home/a/ws_nhk/install/pilz_industrial_motion_planner_testutils:/home/a/ws_nhk/install/moveit_visual_tools:/home/a/ws_nhk/install/moveit_ros_control_interface:/home/a/ws_nhk/install/moveit_plugins:/home/a/ws_nhk/install/moveit_simple_controller_manager:/home/a/ws_nhk/install/moveit_ros_benchmarks:/home/a/ws_nhk/install/moveit_ros_warehouse:/home/a/ws_nhk/install/moveit_ros_robot_interaction:/home/a/ws_nhk/install/moveit_ros_perception:/home/a/ws_nhk/install/moveit_planners_ompl:/home/a/ws_nhk/install/moveit_ros_planning:/home/a/ws_nhk/install/moveit_ros_occupancy_map_monitor:/home/a/ws_nhk/install/moveit_resources_prbt_ikfast_manipulator_plugin:/home/a/ws_nhk/install/moveit_planners_chomp:/home/a/ws_nhk/install/moveit_chomp_optimizer_adapter:/home/a/ws_nhk/install/chomp_motion_planner:/home/a/ws_nhk/install/moveit_core:/home/a/ws_nhk/install/srdfdom:/home/a/ws_nhk/install/rviz_marker_tools:/home/a/ws_nhk/install/rosparam_shortcuts:/home/a/ws_nhk/install/r2_odrive:/home/a/ws_nhk/install/rogidrive_msg:/home/a/ws_nhk/install/nhk_bt:/home/a/ws_nhk/install/moveit_task_constructor_msgs:/home/a/ws_nhk/install/moveit_resources_prbt_support:/home/a/ws_nhk/install/moveit_resources:/home/a/ws_nhk/install/moveit_common:/home/a/ws_nhk/install/dynamixel_sdk_examples:/home/a/ws_nhk/install/dynamixel_sdk_custom_interfaces:/home/a/ws_nhk/install/dynamixel_controller:/home/a/ws_nhk/install/dynamixel_sdk:/home/a/ws_nhk/install/arm_v20_description:/home/a/ws_nhk/install/arm_module_description:/home/a/ws_nhk/install/a_r2_description:/home/a/install/field_description_test:/home/a/ws_nhk/install/moveit_configs_utils:/home/a/ws_nhk/install/rogidrive:/home/a/ws_nhk/install/launch_param_builder:/home/a/ws_nhk/install/dynamixel_controller_gui:/home/a/ws_nhk/install/dynamixel_controller_client:/opt/ros/humble /usr/bin/cmake --install /home/a/ws_nhk/build/moveit_resources[0m
[10.241s] [34mcolcon.colcon_core.environment[0m [1;30mLevel 1[0m checking '/home/a/ws_nhk/install/moveit_resources' for CMake config files
[10.247s] [34mcolcon.colcon_core.shell[0m [1;30mLevel 1[0m create_environment_hook('moveit_resources', 'cmake_prefix_path')
[10.253s] [34mcolcon.colcon_core.shell[0m [1;30mINFO[0m Creating environment hook '/home/a/ws_nhk/install/moveit_resources/share/moveit_resources/hook/cmake_prefix_path.ps1'
[10.276s] [34mcolcon.colcon_core.shell[0m [1;30mINFO[0m Creating environment descriptor '/home/a/ws_nhk/install/moveit_resources/share/moveit_resources/hook/cmake_prefix_path.dsv'
[10.294s] [34mcolcon.colcon_core.shell[0m [1;30mINFO[0m Creating environment hook '/home/a/ws_nhk/install/moveit_resources/share/moveit_resources/hook/cmake_prefix_path.sh'
[10.314s] [34mcolcon.colcon_core.environment[0m [1;30mLevel 1[0m checking '/home/a/ws_nhk/install/moveit_resources/bin'
[10.315s] [34mcolcon.colcon_core.environment[0m [1;30mLevel 1[0m checking '/home/a/ws_nhk/install/moveit_resources/lib/pkgconfig/moveit_resources.pc'
[10.335s] [34mcolcon.colcon_core.environment[0m [1;30mLevel 1[0m checking '/home/a/ws_nhk/install/moveit_resources/lib/python3.10/site-packages'
[10.351s] [34mcolcon.colcon_core.environment[0m [1;30mLevel 1[0m checking '/home/a/ws_nhk/install/moveit_resources/bin'
[10.363s] [34mcolcon.colcon_core.shell[0m [1;30mINFO[0m Creating package script '/home/a/ws_nhk/install/moveit_resources/share/moveit_resources/package.ps1'
[10.389s] [34mcolcon.colcon_core.shell[0m [1;30mINFO[0m Creating package descriptor '/home/a/ws_nhk/install/moveit_resources/share/moveit_resources/package.dsv'
[10.400s] [34mcolcon.colcon_core.shell[0m [1;30mINFO[0m Creating package script '/home/a/ws_nhk/install/moveit_resources/share/moveit_resources/package.sh'
[10.417s] [34mcolcon.colcon_core.shell[0m [1;30mINFO[0m Creating package script '/home/a/ws_nhk/install/moveit_resources/share/moveit_resources/package.bash'
[10.429s] [34mcolcon.colcon_core.shell[0m [1;30mINFO[0m Creating package script '/home/a/ws_nhk/install/moveit_resources/share/moveit_resources/package.zsh'
[10.442s] [34mcolcon.colcon_core.environment[0m [1;30mLevel 1[0m create_file_with_runtime_dependencies(/home/a/ws_nhk/install/moveit_resources/share/colcon-core/packages/moveit_resources)
[10.460s] [34mcolcon.colcon_core.environment[0m [1;30mLevel 1[0m create_environment_scripts_only(moveit_resources)
[10.462s] [34mcolcon.colcon_core.environment[0m [1;30mLevel 1[0m checking '/home/a/ws_nhk/install/moveit_resources' for CMake module files
[10.483s] [34mcolcon.colcon_core.environment[0m [1;30mLevel 1[0m checking '/home/a/ws_nhk/install/moveit_resources' for CMake config files
[10.489s] [34mcolcon.colcon_core.shell[0m [1;30mLevel 1[0m create_environment_hook('moveit_resources', 'cmake_prefix_path')
[10.492s] [34mcolcon.colcon_core.shell[0m [1;30mINFO[0m Creating environment hook '/home/a/ws_nhk/install/moveit_resources/share/moveit_resources/hook/cmake_prefix_path.ps1'
[10.506s] [34mcolcon.colcon_core.shell[0m [1;30mINFO[0m Creating environment descriptor '/home/a/ws_nhk/install/moveit_resources/share/moveit_resources/hook/cmake_prefix_path.dsv'
[10.515s] [34mcolcon.colcon_core.shell[0m [1;30mINFO[0m Creating environment hook '/home/a/ws_nhk/install/moveit_resources/share/moveit_resources/hook/cmake_prefix_path.sh'
[10.525s] [34mcolcon.colcon_core.environment[0m [1;30mLevel 1[0m checking '/home/a/ws_nhk/install/moveit_resources/bin'
[10.526s] [34mcolcon.colcon_core.environment[0m [1;30mLevel 1[0m checking '/home/a/ws_nhk/install/moveit_resources/lib/pkgconfig/moveit_resources.pc'
[10.533s] [34mcolcon.colcon_core.environment[0m [1;30mLevel 1[0m checking '/home/a/ws_nhk/install/moveit_resources/lib/python3.10/site-packages'
[10.541s] [34mcolcon.colcon_core.environment[0m [1;30mLevel 1[0m checking '/home/a/ws_nhk/install/moveit_resources/bin'
[10.546s] [34mcolcon.colcon_core.shell[0m [1;30mINFO[0m Creating package script '/home/a/ws_nhk/install/moveit_resources/share/moveit_resources/package.ps1'
[10.552s] [34mcolcon.colcon_core.shell[0m [1;30mINFO[0m Creating package descriptor '/home/a/ws_nhk/install/moveit_resources/share/moveit_resources/package.dsv'
[10.560s] [34mcolcon.colcon_core.shell[0m [1;30mINFO[0m Creating package script '/home/a/ws_nhk/install/moveit_resources/share/moveit_resources/package.sh'
[10.567s] [34mcolcon.colcon_core.shell[0m [1;30mINFO[0m Creating package script '/home/a/ws_nhk/install/moveit_resources/share/moveit_resources/package.bash'
[10.575s] [34mcolcon.colcon_core.shell[0m [1;30mINFO[0m Creating package script '/home/a/ws_nhk/install/moveit_resources/share/moveit_resources/package.zsh'
[10.587s] [34mcolcon.colcon_core.environment[0m [1;30mLevel 1[0m create_file_with_runtime_dependencies(/home/a/ws_nhk/install/moveit_resources/share/colcon-core/packages/moveit_resources)
[10.998s] [34mcolcon.colcon_core.event_handler.log_command[0m [1;30mDEBUG[0m [32mInvoking command in '/home/a/ws_nhk/src/rogidrive/rogidrive': CMAKE_PREFIX_PATH=/home/a/ws_nhk/install/rogidrive_msg:/home/a/ws_nhk/install/sakai_r2_config:/home/a/ws_nhk/install/moveit_runtime:/home/a/ws_nhk/install/moveit_r2_config:/home/a/ws_nhk/install/moveit_config:/home/a/ws_nhk/install/moveit2_tutorials:/home/a/ws_nhk/install/moveit:/home/a/ws_nhk/install/moveit_planners:/home/a/ws_nhk/install/pilz_industrial_motion_planner:/home/a/ws_nhk/install/moveit_task_constructor_visualization:/home/a/ws_nhk/install/moveit_task_constructor_demo:/home/a/ws_nhk/install/moveit_task_constructor_capabilities:/home/a/ws_nhk/install/moveit_task_constructor_core:/home/a/ws_nhk/install/moveit_setup_assistant:/home/a/ws_nhk/install/moveit_setup_srdf_plugins:/home/a/ws_nhk/install/moveit_setup_core_plugins:/home/a/ws_nhk/install/moveit_setup_controllers:/home/a/ws_nhk/install/moveit_setup_app_plugins:/home/a/ws_nhk/install/moveit_setup_framework:/home/a/ws_nhk/install/moveit_servo:/home/a/ws_nhk/install/moveit_ros:/home/a/ws_nhk/install/moveit_ros_visualization:/home/a/ws_nhk/install/moveit_hybrid_planning:/home/a/ws_nhk/install/moveit_ros_planning_interface:/home/a/ws_nhk/install/moveit_resources_prbt_pg70_support:/home/a/ws_nhk/install/moveit_resources_prbt_moveit_config:/home/a/ws_nhk/install/moveit_ros_move_group:/home/a/ws_nhk/install/moveit_kinematics:/home/a/ws_nhk/install/trac_ik:/home/a/ws_nhk/install/trac_ik_kinematics_plugin:/home/a/ws_nhk/install/trac_ik_lib:/home/a/ws_nhk/install/pilz_industrial_motion_planner_testutils:/home/a/ws_nhk/install/moveit_visual_tools:/home/a/ws_nhk/install/moveit_ros_control_interface:/home/a/ws_nhk/install/moveit_plugins:/home/a/ws_nhk/install/moveit_simple_controller_manager:/home/a/ws_nhk/install/moveit_ros_benchmarks:/home/a/ws_nhk/install/moveit_ros_warehouse:/home/a/ws_nhk/install/moveit_ros_robot_interaction:/home/a/ws_nhk/install/moveit_ros_perception:/home/a/ws_nhk/install/moveit_planners_ompl:/home/a/ws_nhk/install/moveit_ros_planning:/home/a/ws_nhk/install/moveit_ros_occupancy_map_monitor:/home/a/ws_nhk/install/moveit_resources_prbt_ikfast_manipulator_plugin:/home/a/ws_nhk/install/moveit_planners_chomp:/home/a/ws_nhk/install/moveit_chomp_optimizer_adapter:/home/a/ws_nhk/install/chomp_motion_planner:/home/a/ws_nhk/install/moveit_core:/home/a/ws_nhk/install/srdfdom:/home/a/ws_nhk/install/rviz_marker_tools:/home/a/ws_nhk/install/rosparam_shortcuts:/home/a/ws_nhk/install/r2_odrive:/home/a/ws_nhk/install/nhk_bt:/home/a/ws_nhk/install/moveit_task_constructor_msgs:/home/a/ws_nhk/install/moveit_resources_prbt_support:/home/a/ws_nhk/install/moveit_resources:/home/a/ws_nhk/install/moveit_resources_pr2_description:/home/a/ws_nhk/install/moveit_resources_panda_moveit_config:/home/a/ws_nhk/install/moveit_resources_panda_description:/home/a/ws_nhk/install/moveit_resources_fanuc_moveit_config:/home/a/ws_nhk/install/moveit_resources_fanuc_description:/home/a/ws_nhk/install/moveit_common:/home/a/ws_nhk/install/dynamixel_sdk_examples:/home/a/ws_nhk/install/dynamixel_sdk_custom_interfaces:/home/a/ws_nhk/install/dynamixel_controller:/home/a/ws_nhk/install/dynamixel_sdk:/home/a/ws_nhk/install/arm_v20_description:/home/a/ws_nhk/install/arm_module_description:/home/a/ws_nhk/install/a_r2_description:/home/a/install/field_description_test LD_LIBRARY_PATH=/home/a/ws_nhk/install/rogidrive_msg/lib:/home/a/ws_nhk/install/pilz_industrial_motion_planner/lib:/home/a/ws_nhk/install/moveit_task_constructor_visualization/lib:/home/a/ws_nhk/install/moveit_task_constructor_demo/lib:/home/a/ws_nhk/install/moveit_task_constructor_capabilities/lib:/home/a/ws_nhk/install/moveit_task_constructor_core/lib:/home/a/ws_nhk/install/moveit_setup_assistant/lib:/home/a/ws_nhk/install/moveit_setup_srdf_plugins/lib:/home/a/ws_nhk/install/moveit_setup_core_plugins/lib:/home/a/ws_nhk/install/moveit_setup_controllers/lib:/home/a/ws_nhk/install/moveit_setup_app_plugins/lib:/home/a/ws_nhk/install/moveit_setup_framework/lib:/home/a/ws_nhk/install/moveit_servo/lib:/home/a/ws_nhk/install/moveit_ros_visualization/lib:/home/a/ws_nhk/install/moveit_hybrid_planning/lib:/home/a/ws_nhk/install/moveit_ros_planning_interface/lib:/home/a/ws_nhk/install/moveit_ros_move_group/lib:/home/a/ws_nhk/install/moveit_kinematics/lib:/home/a/ws_nhk/install/trac_ik_kinematics_plugin/lib:/home/a/ws_nhk/install/trac_ik_lib/lib:/home/a/ws_nhk/install/pilz_industrial_motion_planner_testutils/lib:/home/a/ws_nhk/install/moveit_visual_tools/lib:/home/a/ws_nhk/install/moveit_ros_control_interface/lib:/home/a/ws_nhk/install/moveit_simple_controller_manager/lib:/home/a/ws_nhk/install/moveit_ros_benchmarks/lib:/home/a/ws_nhk/install/moveit_ros_warehouse/lib:/home/a/ws_nhk/install/moveit_ros_robot_interaction/lib:/home/a/ws_nhk/install/moveit_ros_perception/lib:/home/a/ws_nhk/install/moveit_planners_ompl/lib:/home/a/ws_nhk/install/moveit_ros_planning/lib:/home/a/ws_nhk/install/moveit_ros_occupancy_map_monitor/lib:/home/a/ws_nhk/install/moveit_resources_prbt_ikfast_manipulator_plugin/lib:/home/a/ws_nhk/install/moveit_planners_chomp/lib:/home/a/ws_nhk/install/moveit_chomp_optimizer_adapter/lib:/home/a/ws_nhk/install/chomp_motion_planner/lib:/home/a/ws_nhk/install/moveit_core/lib:/home/a/ws_nhk/install/srdfdom/lib:/home/a/ws_nhk/install/rviz_marker_tools/lib:/home/a/ws_nhk/install/rosparam_shortcuts/lib:/home/a/ws_nhk/install/moveit_task_constructor_msgs/lib:/home/a/ws_nhk/install/dynamixel_sdk_custom_interfaces/lib:/home/a/ws_nhk/install/dynamixel_controller/lib:/home/a/ws_nhk/install/dynamixel_sdk/lib:/usr/local/lib:/usr/lib/x86_64-linux-gnu/gazebo-11/plugins:/opt/ros/humble/opt/rviz_ogre_vendor/lib:/opt/ros/humble/lib/x86_64-linux-gnu:/opt/ros/humble/lib PYTHONPATH=/home/a/ws_nhk/build/rogidrive/prefix_override:/usr/lib/python3/dist-packages/colcon_core/task/python/colcon_distutils_commands:/home/a/ws_nhk/install/rogidrive/lib/python3.10/site-packages:${PYTHONPATH} /usr/bin/python3 -W ignore:setup.py install is deprecated -W ignore:easy_install command is deprecated setup.py egg_info --egg-base ../../../build/rogidrive build --build-base /home/a/ws_nhk/build/rogidrive/build install --record /home/a/ws_nhk/build/rogidrive/install.log --single-version-externally-managed install_data[0m
[13.183s] [34mcolcon.colcon_core.environment[0m [1;30mLevel 1[0m checking '/home/a/ws_nhk/install/dynamixel_controller_client' for CMake module files
[13.190s] [34mcolcon.colcon_core.environment[0m [1;30mLevel 1[0m checking '/home/a/ws_nhk/install/dynamixel_controller_client' for CMake config files
[13.197s] [34mcolcon.colcon_core.event_handler.log_command[0m [1;30mDEBUG[0m [32mInvoked command in '/home/a/ws_nhk/src/dynamixel_ros2/dynamixel_controller_client' returned '0': PYTHONPATH=/home/a/ws_nhk/build/dynamixel_controller_client/prefix_override:/usr/lib/python3/dist-packages/colcon_core/task/python/colcon_distutils_commands:/home/a/ws_nhk/install/dynamixel_controller_client/lib/python3.10/site-packages:${PYTHONPATH} /usr/bin/python3 -W ignore:setup.py install is deprecated -W ignore:easy_install command is deprecated setup.py egg_info --egg-base ../../../build/dynamixel_controller_client build --build-base /home/a/ws_nhk/build/dynamixel_controller_client/build install --record /home/a/ws_nhk/build/dynamixel_controller_client/install.log --single-version-externally-managed install_data[0m
[13.202s] [34mcolcon.colcon_core.environment[0m [1;30mLevel 1[0m checking '/home/a/ws_nhk/install/dynamixel_controller_client/lib'
[13.208s] [34mcolcon.colcon_core.environment[0m [1;30mLevel 1[0m checking '/home/a/ws_nhk/install/dynamixel_controller_client/bin'
[13.208s] [34mcolcon.colcon_core.environment[0m [1;30mLevel 1[0m checking '/home/a/ws_nhk/install/dynamixel_controller_client/lib/pkgconfig/dynamixel_controller_client.pc'
[13.210s] [34mcolcon.colcon_core.environment[0m [1;30mLevel 1[0m checking '/home/a/ws_nhk/install/dynamixel_controller_client/lib/python3.10/site-packages'
[13.216s] [34mcolcon.colcon_core.shell[0m [1;30mLevel 1[0m create_environment_hook('dynamixel_controller_client', 'pythonpath')
[13.218s] [34mcolcon.colcon_core.shell[0m [1;30mINFO[0m Creating environment hook '/home/a/ws_nhk/install/dynamixel_controller_client/share/dynamixel_controller_client/hook/pythonpath.ps1'
[13.227s] [34mcolcon.colcon_core.shell[0m [1;30mINFO[0m Creating environment descriptor '/home/a/ws_nhk/install/dynamixel_controller_client/share/dynamixel_controller_client/hook/pythonpath.dsv'
[13.234s] [34mcolcon.colcon_core.shell[0m [1;30mINFO[0m Creating environment hook '/home/a/ws_nhk/install/dynamixel_controller_client/share/dynamixel_controller_client/hook/pythonpath.sh'
[13.245s] [34mcolcon.colcon_core.environment[0m [1;30mLevel 1[0m checking '/home/a/ws_nhk/install/dynamixel_controller_client/bin'
[13.246s] [34mcolcon.colcon_core.environment[0m [1;30mLevel 1[0m create_environment_scripts_only(dynamixel_controller_client)
[13.249s] [34mcolcon.colcon_core.shell[0m [1;30mINFO[0m Creating package script '/home/a/ws_nhk/install/dynamixel_controller_client/share/dynamixel_controller_client/package.ps1'
[13.253s] [34mcolcon.colcon_core.shell[0m [1;30mINFO[0m Creating package descriptor '/home/a/ws_nhk/install/dynamixel_controller_client/share/dynamixel_controller_client/package.dsv'
[13.259s] [34mcolcon.colcon_core.shell[0m [1;30mINFO[0m Creating package script '/home/a/ws_nhk/install/dynamixel_controller_client/share/dynamixel_controller_client/package.sh'
[13.264s] [34mcolcon.colcon_core.shell[0m [1;30mINFO[0m Creating package script '/home/a/ws_nhk/install/dynamixel_controller_client/share/dynamixel_controller_client/package.bash'
[13.269s] [34mcolcon.colcon_core.shell[0m [1;30mINFO[0m Creating package script '/home/a/ws_nhk/install/dynamixel_controller_client/share/dynamixel_controller_client/package.zsh'
[13.273s] [34mcolcon.colcon_core.environment[0m [1;30mLevel 1[0m create_file_with_runtime_dependencies(/home/a/ws_nhk/install/dynamixel_controller_client/share/colcon-core/packages/dynamixel_controller_client)
[14.175s] [34mcolcon.colcon_core.environment[0m [1;30mLevel 1[0m checking '/home/a/ws_nhk/install/rogidrive' for CMake module files
[14.182s] [34mcolcon.colcon_core.event_handler.log_command[0m [1;30mDEBUG[0m [32mInvoked command in '/home/a/ws_nhk/src/rogidrive/rogidrive' returned '0': CMAKE_PREFIX_PATH=/home/a/ws_nhk/install/rogidrive_msg:/home/a/ws_nhk/install/sakai_r2_config:/home/a/ws_nhk/install/moveit_runtime:/home/a/ws_nhk/install/moveit_r2_config:/home/a/ws_nhk/install/moveit_config:/home/a/ws_nhk/install/moveit2_tutorials:/home/a/ws_nhk/install/moveit:/home/a/ws_nhk/install/moveit_planners:/home/a/ws_nhk/install/pilz_industrial_motion_planner:/home/a/ws_nhk/install/moveit_task_constructor_visualization:/home/a/ws_nhk/install/moveit_task_constructor_demo:/home/a/ws_nhk/install/moveit_task_constructor_capabilities:/home/a/ws_nhk/install/moveit_task_constructor_core:/home/a/ws_nhk/install/moveit_setup_assistant:/home/a/ws_nhk/install/moveit_setup_srdf_plugins:/home/a/ws_nhk/install/moveit_setup_core_plugins:/home/a/ws_nhk/install/moveit_setup_controllers:/home/a/ws_nhk/install/moveit_setup_app_plugins:/home/a/ws_nhk/install/moveit_setup_framework:/home/a/ws_nhk/install/moveit_servo:/home/a/ws_nhk/install/moveit_ros:/home/a/ws_nhk/install/moveit_ros_visualization:/home/a/ws_nhk/install/moveit_hybrid_planning:/home/a/ws_nhk/install/moveit_ros_planning_interface:/home/a/ws_nhk/install/moveit_resources_prbt_pg70_support:/home/a/ws_nhk/install/moveit_resources_prbt_moveit_config:/home/a/ws_nhk/install/moveit_ros_move_group:/home/a/ws_nhk/install/moveit_kinematics:/home/a/ws_nhk/install/trac_ik:/home/a/ws_nhk/install/trac_ik_kinematics_plugin:/home/a/ws_nhk/install/trac_ik_lib:/home/a/ws_nhk/install/pilz_industrial_motion_planner_testutils:/home/a/ws_nhk/install/moveit_visual_tools:/home/a/ws_nhk/install/moveit_ros_control_interface:/home/a/ws_nhk/install/moveit_plugins:/home/a/ws_nhk/install/moveit_simple_controller_manager:/home/a/ws_nhk/install/moveit_ros_benchmarks:/home/a/ws_nhk/install/moveit_ros_warehouse:/home/a/ws_nhk/install/moveit_ros_robot_interaction:/home/a/ws_nhk/install/moveit_ros_perception:/home/a/ws_nhk/install/moveit_planners_ompl:/home/a/ws_nhk/install/moveit_ros_planning:/home/a/ws_nhk/install/moveit_ros_occupancy_map_monitor:/home/a/ws_nhk/install/moveit_resources_prbt_ikfast_manipulator_plugin:/home/a/ws_nhk/install/moveit_planners_chomp:/home/a/ws_nhk/install/moveit_chomp_optimizer_adapter:/home/a/ws_nhk/install/chomp_motion_planner:/home/a/ws_nhk/install/moveit_core:/home/a/ws_nhk/install/srdfdom:/home/a/ws_nhk/install/rviz_marker_tools:/home/a/ws_nhk/install/rosparam_shortcuts:/home/a/ws_nhk/install/r2_odrive:/home/a/ws_nhk/install/nhk_bt:/home/a/ws_nhk/install/moveit_task_constructor_msgs:/home/a/ws_nhk/install/moveit_resources_prbt_support:/home/a/ws_nhk/install/moveit_resources:/home/a/ws_nhk/install/moveit_resources_pr2_description:/home/a/ws_nhk/install/moveit_resources_panda_moveit_config:/home/a/ws_nhk/install/moveit_resources_panda_description:/home/a/ws_nhk/install/moveit_resources_fanuc_moveit_config:/home/a/ws_nhk/install/moveit_resources_fanuc_description:/home/a/ws_nhk/install/moveit_common:/home/a/ws_nhk/install/dynamixel_sdk_examples:/home/a/ws_nhk/install/dynamixel_sdk_custom_interfaces:/home/a/ws_nhk/install/dynamixel_controller:/home/a/ws_nhk/install/dynamixel_sdk:/home/a/ws_nhk/install/arm_v20_description:/home/a/ws_nhk/install/arm_module_description:/home/a/ws_nhk/install/a_r2_description:/home/a/install/field_description_test LD_LIBRARY_PATH=/home/a/ws_nhk/install/rogidrive_msg/lib:/home/a/ws_nhk/install/pilz_industrial_motion_planner/lib:/home/a/ws_nhk/install/moveit_task_constructor_visualization/lib:/home/a/ws_nhk/install/moveit_task_constructor_demo/lib:/home/a/ws_nhk/install/moveit_task_constructor_capabilities/lib:/home/a/ws_nhk/install/moveit_task_constructor_core/lib:/home/a/ws_nhk/install/moveit_setup_assistant/lib:/home/a/ws_nhk/install/moveit_setup_srdf_plugins/lib:/home/a/ws_nhk/install/moveit_setup_core_plugins/lib:/home/a/ws_nhk/install/moveit_setup_controllers/lib:/home/a/ws_nhk/install/moveit_setup_app_plugins/lib:/home/a/ws_nhk/install/moveit_setup_framework/lib:/home/a/ws_nhk/install/moveit_servo/lib:/home/a/ws_nhk/install/moveit_ros_visualization/lib:/home/a/ws_nhk/install/moveit_hybrid_planning/lib:/home/a/ws_nhk/install/moveit_ros_planning_interface/lib:/home/a/ws_nhk/install/moveit_ros_move_group/lib:/home/a/ws_nhk/install/moveit_kinematics/lib:/home/a/ws_nhk/install/trac_ik_kinematics_plugin/lib:/home/a/ws_nhk/install/trac_ik_lib/lib:/home/a/ws_nhk/install/pilz_industrial_motion_planner_testutils/lib:/home/a/ws_nhk/install/moveit_visual_tools/lib:/home/a/ws_nhk/install/moveit_ros_control_interface/lib:/home/a/ws_nhk/install/moveit_simple_controller_manager/lib:/home/a/ws_nhk/install/moveit_ros_benchmarks/lib:/home/a/ws_nhk/install/moveit_ros_warehouse/lib:/home/a/ws_nhk/install/moveit_ros_robot_interaction/lib:/home/a/ws_nhk/install/moveit_ros_perception/lib:/home/a/ws_nhk/install/moveit_planners_ompl/lib:/home/a/ws_nhk/install/moveit_ros_planning/lib:/home/a/ws_nhk/install/moveit_ros_occupancy_map_monitor/lib:/home/a/ws_nhk/install/moveit_resources_prbt_ikfast_manipulator_plugin/lib:/home/a/ws_nhk/install/moveit_planners_chomp/lib:/home/a/ws_nhk/install/moveit_chomp_optimizer_adapter/lib:/home/a/ws_nhk/install/chomp_motion_planner/lib:/home/a/ws_nhk/install/moveit_core/lib:/home/a/ws_nhk/install/srdfdom/lib:/home/a/ws_nhk/install/rviz_marker_tools/lib:/home/a/ws_nhk/install/rosparam_shortcuts/lib:/home/a/ws_nhk/install/moveit_task_constructor_msgs/lib:/home/a/ws_nhk/install/dynamixel_sdk_custom_interfaces/lib:/home/a/ws_nhk/install/dynamixel_controller/lib:/home/a/ws_nhk/install/dynamixel_sdk/lib:/usr/local/lib:/usr/lib/x86_64-linux-gnu/gazebo-11/plugins:/opt/ros/humble/opt/rviz_ogre_vendor/lib:/opt/ros/humble/lib/x86_64-linux-gnu:/opt/ros/humble/lib PYTHONPATH=/home/a/ws_nhk/build/rogidrive/prefix_override:/usr/lib/python3/dist-packages/colcon_core/task/python/colcon_distutils_commands:/home/a/ws_nhk/install/rogidrive/lib/python3.10/site-packages:${PYTHONPATH} /usr/bin/python3 -W ignore:setup.py install is deprecated -W ignore:easy_install command is deprecated setup.py egg_info --egg-base ../../../build/rogidrive build --build-base /home/a/ws_nhk/build/rogidrive/build install --record /home/a/ws_nhk/build/rogidrive/install.log --single-version-externally-managed install_data[0m
[14.185s] [34mcolcon.colcon_core.environment[0m [1;30mLevel 1[0m checking '/home/a/ws_nhk/install/rogidrive' for CMake config files
[14.194s] [34mcolcon.colcon_core.environment[0m [1;30mLevel 1[0m checking '/home/a/ws_nhk/install/rogidrive/lib'
[14.199s] [34mcolcon.colcon_core.environment[0m [1;30mLevel 1[0m checking '/home/a/ws_nhk/install/rogidrive/bin'
[14.200s] [34mcolcon.colcon_core.environment[0m [1;30mLevel 1[0m checking '/home/a/ws_nhk/install/rogidrive/lib/pkgconfig/rogidrive.pc'
[14.206s] [34mcolcon.colcon_core.environment[0m [1;30mLevel 1[0m checking '/home/a/ws_nhk/install/rogidrive/lib/python3.10/site-packages'
[14.207s] [34mcolcon.colcon_core.shell[0m [1;30mLevel 1[0m create_environment_hook('rogidrive', 'pythonpath')
[14.209s] [34mcolcon.colcon_core.shell[0m [1;30mINFO[0m Creating environment hook '/home/a/ws_nhk/install/rogidrive/share/rogidrive/hook/pythonpath.ps1'
[14.217s] [34mcolcon.colcon_core.shell[0m [1;30mINFO[0m Creating environment descriptor '/home/a/ws_nhk/install/rogidrive/share/rogidrive/hook/pythonpath.dsv'
[14.225s] [34mcolcon.colcon_core.shell[0m [1;30mINFO[0m Creating environment hook '/home/a/ws_nhk/install/rogidrive/share/rogidrive/hook/pythonpath.sh'
[14.238s] [34mcolcon.colcon_core.environment[0m [1;30mLevel 1[0m checking '/home/a/ws_nhk/install/rogidrive/bin'
[14.239s] [34mcolcon.colcon_core.environment[0m [1;30mLevel 1[0m create_environment_scripts_only(rogidrive)
[14.245s] [34mcolcon.colcon_core.shell[0m [1;30mINFO[0m Creating package script '/home/a/ws_nhk/install/rogidrive/share/rogidrive/package.ps1'
[14.254s] [34mcolcon.colcon_core.shell[0m [1;30mINFO[0m Creating package descriptor '/home/a/ws_nhk/install/rogidrive/share/rogidrive/package.dsv'
[14.266s] [34mcolcon.colcon_core.shell[0m [1;30mINFO[0m Creating package script '/home/a/ws_nhk/install/rogidrive/share/rogidrive/package.sh'
[14.275s] [34mcolcon.colcon_core.shell[0m [1;30mINFO[0m Creating package script '/home/a/ws_nhk/install/rogidrive/share/rogidrive/package.bash'
[14.286s] [34mcolcon.colcon_core.shell[0m [1;30mINFO[0m Creating package script '/home/a/ws_nhk/install/rogidrive/share/rogidrive/package.zsh'
[14.294s] [34mcolcon.colcon_core.environment[0m [1;30mLevel 1[0m create_file_with_runtime_dependencies(/home/a/ws_nhk/install/rogidrive/share/colcon-core/packages/rogidrive)
[14.460s] [34mcolcon.colcon_core.event_handler.log_command[0m [1;30mDEBUG[0m [32mInvoking command in '/home/a/ws_nhk/src/r2_odrive': CMAKE_PREFIX_PATH=/home/a/ws_nhk/install/rogidrive_msg:/home/a/ws_nhk/install/sakai_r2_config:/home/a/ws_nhk/install/moveit_runtime:/home/a/ws_nhk/install/moveit_r2_config:/home/a/ws_nhk/install/moveit_config:/home/a/ws_nhk/install/moveit2_tutorials:/home/a/ws_nhk/install/moveit:/home/a/ws_nhk/install/moveit_planners:/home/a/ws_nhk/install/pilz_industrial_motion_planner:/home/a/ws_nhk/install/moveit_task_constructor_visualization:/home/a/ws_nhk/install/moveit_task_constructor_demo:/home/a/ws_nhk/install/moveit_task_constructor_capabilities:/home/a/ws_nhk/install/moveit_task_constructor_core:/home/a/ws_nhk/install/moveit_setup_assistant:/home/a/ws_nhk/install/moveit_setup_srdf_plugins:/home/a/ws_nhk/install/moveit_setup_core_plugins:/home/a/ws_nhk/install/moveit_setup_controllers:/home/a/ws_nhk/install/moveit_setup_app_plugins:/home/a/ws_nhk/install/moveit_setup_framework:/home/a/ws_nhk/install/moveit_servo:/home/a/ws_nhk/install/moveit_ros:/home/a/ws_nhk/install/moveit_ros_visualization:/home/a/ws_nhk/install/moveit_hybrid_planning:/home/a/ws_nhk/install/moveit_ros_planning_interface:/home/a/ws_nhk/install/moveit_resources_prbt_pg70_support:/home/a/ws_nhk/install/moveit_resources_prbt_moveit_config:/home/a/ws_nhk/install/moveit_ros_move_group:/home/a/ws_nhk/install/moveit_kinematics:/home/a/ws_nhk/install/trac_ik:/home/a/ws_nhk/install/trac_ik_kinematics_plugin:/home/a/ws_nhk/install/trac_ik_lib:/home/a/ws_nhk/install/pilz_industrial_motion_planner_testutils:/home/a/ws_nhk/install/moveit_visual_tools:/home/a/ws_nhk/install/moveit_ros_control_interface:/home/a/ws_nhk/install/moveit_plugins:/home/a/ws_nhk/install/moveit_simple_controller_manager:/home/a/ws_nhk/install/moveit_ros_benchmarks:/home/a/ws_nhk/install/moveit_ros_warehouse:/home/a/ws_nhk/install/moveit_ros_robot_interaction:/home/a/ws_nhk/install/moveit_ros_perception:/home/a/ws_nhk/install/moveit_planners_ompl:/home/a/ws_nhk/install/moveit_ros_planning:/home/a/ws_nhk/install/moveit_ros_occupancy_map_monitor:/home/a/ws_nhk/install/moveit_resources_prbt_ikfast_manipulator_plugin:/home/a/ws_nhk/install/moveit_planners_chomp:/home/a/ws_nhk/install/moveit_chomp_optimizer_adapter:/home/a/ws_nhk/install/chomp_motion_planner:/home/a/ws_nhk/install/moveit_core:/home/a/ws_nhk/install/srdfdom:/home/a/ws_nhk/install/rviz_marker_tools:/home/a/ws_nhk/install/rosparam_shortcuts:/home/a/ws_nhk/install/r2_odrive:/home/a/ws_nhk/install/nhk_bt:/home/a/ws_nhk/install/moveit_task_constructor_msgs:/home/a/ws_nhk/install/moveit_resources_prbt_support:/home/a/ws_nhk/install/moveit_resources:/home/a/ws_nhk/install/moveit_resources_pr2_description:/home/a/ws_nhk/install/moveit_resources_panda_moveit_config:/home/a/ws_nhk/install/moveit_resources_panda_description:/home/a/ws_nhk/install/moveit_resources_fanuc_moveit_config:/home/a/ws_nhk/install/moveit_resources_fanuc_description:/home/a/ws_nhk/install/moveit_common:/home/a/ws_nhk/install/dynamixel_sdk_examples:/home/a/ws_nhk/install/dynamixel_sdk_custom_interfaces:/home/a/ws_nhk/install/dynamixel_controller:/home/a/ws_nhk/install/dynamixel_sdk:/home/a/ws_nhk/install/arm_v20_description:/home/a/ws_nhk/install/arm_module_description:/home/a/ws_nhk/install/a_r2_description:/home/a/install/field_description_test LD_LIBRARY_PATH=/home/a/ws_nhk/install/rogidrive_msg/lib:/home/a/ws_nhk/install/pilz_industrial_motion_planner/lib:/home/a/ws_nhk/install/moveit_task_constructor_visualization/lib:/home/a/ws_nhk/install/moveit_task_constructor_demo/lib:/home/a/ws_nhk/install/moveit_task_constructor_capabilities/lib:/home/a/ws_nhk/install/moveit_task_constructor_core/lib:/home/a/ws_nhk/install/moveit_setup_assistant/lib:/home/a/ws_nhk/install/moveit_setup_srdf_plugins/lib:/home/a/ws_nhk/install/moveit_setup_core_plugins/lib:/home/a/ws_nhk/install/moveit_setup_controllers/lib:/home/a/ws_nhk/install/moveit_setup_app_plugins/lib:/home/a/ws_nhk/install/moveit_setup_framework/lib:/home/a/ws_nhk/install/moveit_servo/lib:/home/a/ws_nhk/install/moveit_ros_visualization/lib:/home/a/ws_nhk/install/moveit_hybrid_planning/lib:/home/a/ws_nhk/install/moveit_ros_planning_interface/lib:/home/a/ws_nhk/install/moveit_ros_move_group/lib:/home/a/ws_nhk/install/moveit_kinematics/lib:/home/a/ws_nhk/install/trac_ik_kinematics_plugin/lib:/home/a/ws_nhk/install/trac_ik_lib/lib:/home/a/ws_nhk/install/pilz_industrial_motion_planner_testutils/lib:/home/a/ws_nhk/install/moveit_visual_tools/lib:/home/a/ws_nhk/install/moveit_ros_control_interface/lib:/home/a/ws_nhk/install/moveit_simple_controller_manager/lib:/home/a/ws_nhk/install/moveit_ros_benchmarks/lib:/home/a/ws_nhk/install/moveit_ros_warehouse/lib:/home/a/ws_nhk/install/moveit_ros_robot_interaction/lib:/home/a/ws_nhk/install/moveit_ros_perception/lib:/home/a/ws_nhk/install/moveit_planners_ompl/lib:/home/a/ws_nhk/install/moveit_ros_planning/lib:/home/a/ws_nhk/install/moveit_ros_occupancy_map_monitor/lib:/home/a/ws_nhk/install/moveit_resources_prbt_ikfast_manipulator_plugin/lib:/home/a/ws_nhk/install/moveit_planners_chomp/lib:/home/a/ws_nhk/install/moveit_chomp_optimizer_adapter/lib:/home/a/ws_nhk/install/chomp_motion_planner/lib:/home/a/ws_nhk/install/moveit_core/lib:/home/a/ws_nhk/install/srdfdom/lib:/home/a/ws_nhk/install/rviz_marker_tools/lib:/home/a/ws_nhk/install/rosparam_shortcuts/lib:/home/a/ws_nhk/install/moveit_task_constructor_msgs/lib:/home/a/ws_nhk/install/dynamixel_sdk_custom_interfaces/lib:/home/a/ws_nhk/install/dynamixel_controller/lib:/home/a/ws_nhk/install/dynamixel_sdk/lib:/usr/local/lib:/usr/lib/x86_64-linux-gnu/gazebo-11/plugins:/opt/ros/humble/opt/rviz_ogre_vendor/lib:/opt/ros/humble/lib/x86_64-linux-gnu:/opt/ros/humble/lib PYTHONPATH=/home/a/ws_nhk/build/r2_odrive/prefix_override:/usr/lib/python3/dist-packages/colcon_core/task/python/colcon_distutils_commands:/home/a/ws_nhk/install/r2_odrive/lib/python3.10/site-packages:${PYTHONPATH} /usr/bin/python3 -W ignore:setup.py install is deprecated -W ignore:easy_install command is deprecated setup.py egg_info --egg-base ../../build/r2_odrive build --build-base /home/a/ws_nhk/build/r2_odrive/build install --record /home/a/ws_nhk/build/r2_odrive/install.log --single-version-externally-managed install_data[0m
[18.488s] [34mcolcon.colcon_core.environment[0m [1;30mLevel 1[0m checking '/home/a/ws_nhk/install/r2_odrive' for CMake module files
[18.492s] [34mcolcon.colcon_core.event_handler.log_command[0m [1;30mDEBUG[0m [32mInvoked command in '/home/a/ws_nhk/src/r2_odrive' returned '0': CMAKE_PREFIX_PATH=/home/a/ws_nhk/install/rogidrive_msg:/home/a/ws_nhk/install/sakai_r2_config:/home/a/ws_nhk/install/moveit_runtime:/home/a/ws_nhk/install/moveit_r2_config:/home/a/ws_nhk/install/moveit_config:/home/a/ws_nhk/install/moveit2_tutorials:/home/a/ws_nhk/install/moveit:/home/a/ws_nhk/install/moveit_planners:/home/a/ws_nhk/install/pilz_industrial_motion_planner:/home/a/ws_nhk/install/moveit_task_constructor_visualization:/home/a/ws_nhk/install/moveit_task_constructor_demo:/home/a/ws_nhk/install/moveit_task_constructor_capabilities:/home/a/ws_nhk/install/moveit_task_constructor_core:/home/a/ws_nhk/install/moveit_setup_assistant:/home/a/ws_nhk/install/moveit_setup_srdf_plugins:/home/a/ws_nhk/install/moveit_setup_core_plugins:/home/a/ws_nhk/install/moveit_setup_controllers:/home/a/ws_nhk/install/moveit_setup_app_plugins:/home/a/ws_nhk/install/moveit_setup_framework:/home/a/ws_nhk/install/moveit_servo:/home/a/ws_nhk/install/moveit_ros:/home/a/ws_nhk/install/moveit_ros_visualization:/home/a/ws_nhk/install/moveit_hybrid_planning:/home/a/ws_nhk/install/moveit_ros_planning_interface:/home/a/ws_nhk/install/moveit_resources_prbt_pg70_support:/home/a/ws_nhk/install/moveit_resources_prbt_moveit_config:/home/a/ws_nhk/install/moveit_ros_move_group:/home/a/ws_nhk/install/moveit_kinematics:/home/a/ws_nhk/install/trac_ik:/home/a/ws_nhk/install/trac_ik_kinematics_plugin:/home/a/ws_nhk/install/trac_ik_lib:/home/a/ws_nhk/install/pilz_industrial_motion_planner_testutils:/home/a/ws_nhk/install/moveit_visual_tools:/home/a/ws_nhk/install/moveit_ros_control_interface:/home/a/ws_nhk/install/moveit_plugins:/home/a/ws_nhk/install/moveit_simple_controller_manager:/home/a/ws_nhk/install/moveit_ros_benchmarks:/home/a/ws_nhk/install/moveit_ros_warehouse:/home/a/ws_nhk/install/moveit_ros_robot_interaction:/home/a/ws_nhk/install/moveit_ros_perception:/home/a/ws_nhk/install/moveit_planners_ompl:/home/a/ws_nhk/install/moveit_ros_planning:/home/a/ws_nhk/install/moveit_ros_occupancy_map_monitor:/home/a/ws_nhk/install/moveit_resources_prbt_ikfast_manipulator_plugin:/home/a/ws_nhk/install/moveit_planners_chomp:/home/a/ws_nhk/install/moveit_chomp_optimizer_adapter:/home/a/ws_nhk/install/chomp_motion_planner:/home/a/ws_nhk/install/moveit_core:/home/a/ws_nhk/install/srdfdom:/home/a/ws_nhk/install/rviz_marker_tools:/home/a/ws_nhk/install/rosparam_shortcuts:/home/a/ws_nhk/install/r2_odrive:/home/a/ws_nhk/install/nhk_bt:/home/a/ws_nhk/install/moveit_task_constructor_msgs:/home/a/ws_nhk/install/moveit_resources_prbt_support:/home/a/ws_nhk/install/moveit_resources:/home/a/ws_nhk/install/moveit_resources_pr2_description:/home/a/ws_nhk/install/moveit_resources_panda_moveit_config:/home/a/ws_nhk/install/moveit_resources_panda_description:/home/a/ws_nhk/install/moveit_resources_fanuc_moveit_config:/home/a/ws_nhk/install/moveit_resources_fanuc_description:/home/a/ws_nhk/install/moveit_common:/home/a/ws_nhk/install/dynamixel_sdk_examples:/home/a/ws_nhk/install/dynamixel_sdk_custom_interfaces:/home/a/ws_nhk/install/dynamixel_controller:/home/a/ws_nhk/install/dynamixel_sdk:/home/a/ws_nhk/install/arm_v20_description:/home/a/ws_nhk/install/arm_module_description:/home/a/ws_nhk/install/a_r2_description:/home/a/install/field_description_test LD_LIBRARY_PATH=/home/a/ws_nhk/install/rogidrive_msg/lib:/home/a/ws_nhk/install/pilz_industrial_motion_planner/lib:/home/a/ws_nhk/install/moveit_task_constructor_visualization/lib:/home/a/ws_nhk/install/moveit_task_constructor_demo/lib:/home/a/ws_nhk/install/moveit_task_constructor_capabilities/lib:/home/a/ws_nhk/install/moveit_task_constructor_core/lib:/home/a/ws_nhk/install/moveit_setup_assistant/lib:/home/a/ws_nhk/install/moveit_setup_srdf_plugins/lib:/home/a/ws_nhk/install/moveit_setup_core_plugins/lib:/home/a/ws_nhk/install/moveit_setup_controllers/lib:/home/a/ws_nhk/install/moveit_setup_app_plugins/lib:/home/a/ws_nhk/install/moveit_setup_framework/lib:/home/a/ws_nhk/install/moveit_servo/lib:/home/a/ws_nhk/install/moveit_ros_visualization/lib:/home/a/ws_nhk/install/moveit_hybrid_planning/lib:/home/a/ws_nhk/install/moveit_ros_planning_interface/lib:/home/a/ws_nhk/install/moveit_ros_move_group/lib:/home/a/ws_nhk/install/moveit_kinematics/lib:/home/a/ws_nhk/install/trac_ik_kinematics_plugin/lib:/home/a/ws_nhk/install/trac_ik_lib/lib:/home/a/ws_nhk/install/pilz_industrial_motion_planner_testutils/lib:/home/a/ws_nhk/install/moveit_visual_tools/lib:/home/a/ws_nhk/install/moveit_ros_control_interface/lib:/home/a/ws_nhk/install/moveit_simple_controller_manager/lib:/home/a/ws_nhk/install/moveit_ros_benchmarks/lib:/home/a/ws_nhk/install/moveit_ros_warehouse/lib:/home/a/ws_nhk/install/moveit_ros_robot_interaction/lib:/home/a/ws_nhk/install/moveit_ros_perception/lib:/home/a/ws_nhk/install/moveit_planners_ompl/lib:/home/a/ws_nhk/install/moveit_ros_planning/lib:/home/a/ws_nhk/install/moveit_ros_occupancy_map_monitor/lib:/home/a/ws_nhk/install/moveit_resources_prbt_ikfast_manipulator_plugin/lib:/home/a/ws_nhk/install/moveit_planners_chomp/lib:/home/a/ws_nhk/install/moveit_chomp_optimizer_adapter/lib:/home/a/ws_nhk/install/chomp_motion_planner/lib:/home/a/ws_nhk/install/moveit_core/lib:/home/a/ws_nhk/install/srdfdom/lib:/home/a/ws_nhk/install/rviz_marker_tools/lib:/home/a/ws_nhk/install/rosparam_shortcuts/lib:/home/a/ws_nhk/install/moveit_task_constructor_msgs/lib:/home/a/ws_nhk/install/dynamixel_sdk_custom_interfaces/lib:/home/a/ws_nhk/install/dynamixel_controller/lib:/home/a/ws_nhk/install/dynamixel_sdk/lib:/usr/local/lib:/usr/lib/x86_64-linux-gnu/gazebo-11/plugins:/opt/ros/humble/opt/rviz_ogre_vendor/lib:/opt/ros/humble/lib/x86_64-linux-gnu:/opt/ros/humble/lib PYTHONPATH=/home/a/ws_nhk/build/r2_odrive/prefix_override:/usr/lib/python3/dist-packages/colcon_core/task/python/colcon_distutils_commands:/home/a/ws_nhk/install/r2_odrive/lib/python3.10/site-packages:${PYTHONPATH} /usr/bin/python3 -W ignore:setup.py install is deprecated -W ignore:easy_install command is deprecated setup.py egg_info --egg-base ../../build/r2_odrive build --build-base /home/a/ws_nhk/build/r2_odrive/build install --record /home/a/ws_nhk/build/r2_odrive/install.log --single-version-externally-managed install_data[0m
[18.500s] [34mcolcon.colcon_core.environment[0m [1;30mLevel 1[0m checking '/home/a/ws_nhk/install/r2_odrive' for CMake config files
[18.508s] [34mcolcon.colcon_core.shell[0m [1;30mLevel 1[0m create_environment_hook('r2_odrive', 'cmake_prefix_path')
[18.514s] [34mcolcon.colcon_core.shell[0m [1;30mINFO[0m Creating environment hook '/home/a/ws_nhk/install/r2_odrive/share/r2_odrive/hook/cmake_prefix_path.ps1'
[18.522s] [34mcolcon.colcon_core.shell[0m [1;30mINFO[0m Creating environment descriptor '/home/a/ws_nhk/install/r2_odrive/share/r2_odrive/hook/cmake_prefix_path.dsv'
[18.530s] [34mcolcon.colcon_core.shell[0m [1;30mINFO[0m Creating environment hook '/home/a/ws_nhk/install/r2_odrive/share/r2_odrive/hook/cmake_prefix_path.sh'
[18.542s] [34mcolcon.colcon_core.environment[0m [1;30mLevel 1[0m checking '/home/a/ws_nhk/install/r2_odrive/lib'
[18.543s] [34mcolcon.colcon_core.environment[0m [1;30mLevel 1[0m checking '/home/a/ws_nhk/install/r2_odrive/bin'
[18.544s] [34mcolcon.colcon_core.environment[0m [1;30mLevel 1[0m checking '/home/a/ws_nhk/install/r2_odrive/lib/pkgconfig/r2_odrive.pc'
[18.551s] [34mcolcon.colcon_core.environment[0m [1;30mLevel 1[0m checking '/home/a/ws_nhk/install/r2_odrive/lib/python3.10/site-packages'
[18.552s] [34mcolcon.colcon_core.shell[0m [1;30mLevel 1[0m create_environment_hook('r2_odrive', 'pythonpath')
[18.558s] [34mcolcon.colcon_core.shell[0m [1;30mINFO[0m Creating environment hook '/home/a/ws_nhk/install/r2_odrive/share/r2_odrive/hook/pythonpath.ps1'
[18.562s] [34mcolcon.colcon_core.shell[0m [1;30mINFO[0m Creating environment descriptor '/home/a/ws_nhk/install/r2_odrive/share/r2_odrive/hook/pythonpath.dsv'
[18.570s] [34mcolcon.colcon_core.shell[0m [1;30mINFO[0m Creating environment hook '/home/a/ws_nhk/install/r2_odrive/share/r2_odrive/hook/pythonpath.sh'
[18.592s] [34mcolcon.colcon_core.environment[0m [1;30mLevel 1[0m checking '/home/a/ws_nhk/install/r2_odrive/bin'
[18.593s] [34mcolcon.colcon_core.environment[0m [1;30mLevel 1[0m create_environment_scripts_only(r2_odrive)
[18.609s] [34mcolcon.colcon_core.shell[0m [1;30mINFO[0m Creating package script '/home/a/ws_nhk/install/r2_odrive/share/r2_odrive/package.ps1'
[18.627s] [34mcolcon.colcon_core.shell[0m [1;30mINFO[0m Creating package descriptor '/home/a/ws_nhk/install/r2_odrive/share/r2_odrive/package.dsv'
[18.648s] [34mcolcon.colcon_core.shell[0m [1;30mINFO[0m Creating package script '/home/a/ws_nhk/install/r2_odrive/share/r2_odrive/package.sh'
[18.659s] [34mcolcon.colcon_core.shell[0m [1;30mINFO[0m Creating package script '/home/a/ws_nhk/install/r2_odrive/share/r2_odrive/package.bash'
[18.673s] [34mcolcon.colcon_core.shell[0m [1;30mINFO[0m Creating package script '/home/a/ws_nhk/install/r2_odrive/share/r2_odrive/package.zsh'
[18.683s] [34mcolcon.colcon_core.environment[0m [1;30mLevel 1[0m create_file_with_runtime_dependencies(/home/a/ws_nhk/install/r2_odrive/share/colcon-core/packages/r2_odrive)
[19.071s] [34mcolcon.colcon_core.event_handler.log_command[0m [1;30mDEBUG[0m [32mInvoked command in '/home/a/ws_nhk/build/srdfdom' returned '0': CMAKE_PREFIX_PATH=${CMAKE_PREFIX_PATH}:/home/a/ws_nhk/install/moveit_configs_utils:/home/a/ws_nhk/install/rogidrive:/home/a/ws_nhk/install/launch_param_builder:/home/a/ws_nhk/install/dynamixel_controller_gui:/home/a/ws_nhk/install/dynamixel_controller_client:/opt/ros/humble /usr/bin/cmake --build /home/a/ws_nhk/build/srdfdom -- -j22 -l22[0m
[19.090s] [34mcolcon.colcon_core.event_handler.log_command[0m [1;30mDEBUG[0m [32mInvoking command in '/home/a/ws_nhk/build/srdfdom': CMAKE_PREFIX_PATH=${CMAKE_PREFIX_PATH}:/home/a/ws_nhk/install/moveit_configs_utils:/home/a/ws_nhk/install/rogidrive:/home/a/ws_nhk/install/launch_param_builder:/home/a/ws_nhk/install/dynamixel_controller_gui:/home/a/ws_nhk/install/dynamixel_controller_client:/opt/ros/humble /usr/bin/cmake --install /home/a/ws_nhk/build/srdfdom[0m
[19.562s] [34mcolcon.colcon_core.environment[0m [1;30mLevel 1[0m create_environment_scripts_only(srdfdom)
[19.572s] [34mcolcon.colcon_core.environment[0m [1;30mLevel 1[0m checking '/home/a/ws_nhk/install/srdfdom' for CMake module files
[19.574s] [34mcolcon.colcon_core.event_handler.log_command[0m [1;30mDEBUG[0m [32mInvoked command in '/home/a/ws_nhk/build/srdfdom' returned '0': CMAKE_PREFIX_PATH=${CMAKE_PREFIX_PATH}:/home/a/ws_nhk/install/moveit_configs_utils:/home/a/ws_nhk/install/rogidrive:/home/a/ws_nhk/install/launch_param_builder:/home/a/ws_nhk/install/dynamixel_controller_gui:/home/a/ws_nhk/install/dynamixel_controller_client:/opt/ros/humble /usr/bin/cmake --install /home/a/ws_nhk/build/srdfdom[0m
[19.583s] [34mcolcon.colcon_core.environment[0m [1;30mLevel 1[0m checking '/home/a/ws_nhk/install/srdfdom' for CMake config files
[19.585s] [34mcolcon.colcon_core.shell[0m [1;30mLevel 1[0m create_environment_hook('srdfdom', 'cmake_prefix_path')
[19.591s] [34mcolcon.colcon_core.shell[0m [1;30mINFO[0m Creating environment hook '/home/a/ws_nhk/install/srdfdom/share/srdfdom/hook/cmake_prefix_path.ps1'
[19.599s] [34mcolcon.colcon_core.shell[0m [1;30mINFO[0m Creating environment descriptor '/home/a/ws_nhk/install/srdfdom/share/srdfdom/hook/cmake_prefix_path.dsv'
[19.614s] [34mcolcon.colcon_core.shell[0m [1;30mINFO[0m Creating environment hook '/home/a/ws_nhk/install/srdfdom/share/srdfdom/hook/cmake_prefix_path.sh'
[19.628s] [34mcolcon.colcon_core.environment[0m [1;30mLevel 1[0m checking '/home/a/ws_nhk/install/srdfdom/lib'
[19.637s] [34mcolcon.colcon_core.shell[0m [1;30mLevel 1[0m create_environment_hook('srdfdom', 'ld_library_path_lib')
[19.639s] [34mcolcon.colcon_core.shell[0m [1;30mINFO[0m Creating environment hook '/home/a/ws_nhk/install/srdfdom/share/srdfdom/hook/ld_library_path_lib.ps1'
[19.649s] [34mcolcon.colcon_core.shell[0m [1;30mINFO[0m Creating environment descriptor '/home/a/ws_nhk/install/srdfdom/share/srdfdom/hook/ld_library_path_lib.dsv'
[19.663s] [34mcolcon.colcon_core.shell[0m [1;30mINFO[0m Creating environment hook '/home/a/ws_nhk/install/srdfdom/share/srdfdom/hook/ld_library_path_lib.sh'
[19.675s] [34mcolcon.colcon_core.environment[0m [1;30mLevel 1[0m checking '/home/a/ws_nhk/install/srdfdom/bin'
[19.676s] [34mcolcon.colcon_core.environment[0m [1;30mLevel 1[0m checking '/home/a/ws_nhk/install/srdfdom/lib/pkgconfig/srdfdom.pc'
[19.678s] [34mcolcon.colcon_core.environment[0m [1;30mLevel 1[0m checking '/home/a/ws_nhk/install/srdfdom/lib/python3.10/site-packages'
[19.689s] [34mcolcon.colcon_core.environment[0m [1;30mLevel 1[0m checking '/home/a/ws_nhk/install/srdfdom/bin'
[19.696s] [34mcolcon.colcon_core.shell[0m [1;30mINFO[0m Creating package script '/home/a/ws_nhk/install/srdfdom/share/srdfdom/package.ps1'
[19.706s] [34mcolcon.colcon_core.shell[0m [1;30mINFO[0m Creating package descriptor '/home/a/ws_nhk/install/srdfdom/share/srdfdom/package.dsv'
[19.720s] [34mcolcon.colcon_core.shell[0m [1;30mINFO[0m Creating package script '/home/a/ws_nhk/install/srdfdom/share/srdfdom/package.sh'
[19.730s] [34mcolcon.colcon_core.shell[0m [1;30mINFO[0m Creating package script '/home/a/ws_nhk/install/srdfdom/share/srdfdom/package.bash'
[19.738s] [34mcolcon.colcon_core.shell[0m [1;30mINFO[0m Creating package script '/home/a/ws_nhk/install/srdfdom/share/srdfdom/package.zsh'
[19.741s] [34mcolcon.colcon_core.environment[0m [1;30mLevel 1[0m create_file_with_runtime_dependencies(/home/a/ws_nhk/install/srdfdom/share/colcon-core/packages/srdfdom)
[19.753s] [34mcolcon.colcon_core.environment[0m [1;30mLevel 1[0m create_environment_scripts_only(srdfdom)
[19.755s] [34mcolcon.colcon_core.environment[0m [1;30mLevel 1[0m checking '/home/a/ws_nhk/install/srdfdom' for CMake module files
[19.760s] [34mcolcon.colcon_core.environment[0m [1;30mLevel 1[0m checking '/home/a/ws_nhk/install/srdfdom' for CMake config files
[19.763s] [34mcolcon.colcon_core.shell[0m [1;30mLevel 1[0m create_environment_hook('srdfdom', 'cmake_prefix_path')
[19.766s] [34mcolcon.colcon_core.shell[0m [1;30mINFO[0m Creating environment hook '/home/a/ws_nhk/install/srdfdom/share/srdfdom/hook/cmake_prefix_path.ps1'
[19.769s] [34mcolcon.colcon_core.shell[0m [1;30mINFO[0m Creating environment descriptor '/home/a/ws_nhk/install/srdfdom/share/srdfdom/hook/cmake_prefix_path.dsv'
[19.776s] [34mcolcon.colcon_core.shell[0m [1;30mINFO[0m Creating environment hook '/home/a/ws_nhk/install/srdfdom/share/srdfdom/hook/cmake_prefix_path.sh'
[19.785s] [34mcolcon.colcon_core.environment[0m [1;30mLevel 1[0m checking '/home/a/ws_nhk/install/srdfdom/lib'
[19.786s] [34mcolcon.colcon_core.shell[0m [1;30mLevel 1[0m create_environment_hook('srdfdom', 'ld_library_path_lib')
[19.788s] [34mcolcon.colcon_core.shell[0m [1;30mINFO[0m Creating environment hook '/home/a/ws_nhk/install/srdfdom/share/srdfdom/hook/ld_library_path_lib.ps1'
[19.792s] [34mcolcon.colcon_core.shell[0m [1;30mINFO[0m Creating environment descriptor '/home/a/ws_nhk/install/srdfdom/share/srdfdom/hook/ld_library_path_lib.dsv'
[19.795s] [34mcolcon.colcon_core.shell[0m [1;30mINFO[0m Creating environment hook '/home/a/ws_nhk/install/srdfdom/share/srdfdom/hook/ld_library_path_lib.sh'
[19.803s] [34mcolcon.colcon_core.environment[0m [1;30mLevel 1[0m checking '/home/a/ws_nhk/install/srdfdom/bin'
[19.809s] [34mcolcon.colcon_core.environment[0m [1;30mLevel 1[0m checking '/home/a/ws_nhk/install/srdfdom/lib/pkgconfig/srdfdom.pc'
[19.811s] [34mcolcon.colcon_core.environment[0m [1;30mLevel 1[0m checking '/home/a/ws_nhk/install/srdfdom/lib/python3.10/site-packages'
[19.818s] [34mcolcon.colcon_core.environment[0m [1;30mLevel 1[0m checking '/home/a/ws_nhk/install/srdfdom/bin'
[19.827s] [34mcolcon.colcon_core.shell[0m [1;30mINFO[0m Creating package script '/home/a/ws_nhk/install/srdfdom/share/srdfdom/package.ps1'
[19.832s] [34mcolcon.colcon_core.shell[0m [1;30mINFO[0m Creating package descriptor '/home/a/ws_nhk/install/srdfdom/share/srdfdom/package.dsv'
[19.846s] [34mcolcon.colcon_core.shell[0m [1;30mINFO[0m Creating package script '/home/a/ws_nhk/install/srdfdom/share/srdfdom/package.sh'
[19.850s] [34mcolcon.colcon_core.shell[0m [1;30mINFO[0m Creating package script '/home/a/ws_nhk/install/srdfdom/share/srdfdom/package.bash'
[19.855s] [34mcolcon.colcon_core.shell[0m [1;30mINFO[0m Creating package script '/home/a/ws_nhk/install/srdfdom/share/srdfdom/package.zsh'
[19.860s] [34mcolcon.colcon_core.environment[0m [1;30mLevel 1[0m create_file_with_runtime_dependencies(/home/a/ws_nhk/install/srdfdom/share/colcon-core/packages/srdfdom)
[19.870s] [34mcolcon.colcon_ros.task.ament_cmake.build[0m [1;30mINFO[0m Building ROS package in '/home/a/ws_nhk/src/moveit2/moveit_core' with build type 'ament_cmake'
[19.871s] [34mcolcon.colcon_cmake.task.cmake.build[0m [1;30mINFO[0m Building CMake package in '/home/a/ws_nhk/src/moveit2/moveit_core'
[19.872s] [34mcolcon.colcon_core.shell[0m [1;30mINFO[0m Skip shell extension 'powershell' for command environment: Not usable outside of PowerShell
[19.876s] [34mcolcon.colcon_core.shell[0m [1;30mDEBUG[0m [32mSkip shell extension 'dsv' for command environment[0m
[19.945s] [34mcolcon.colcon_ros.task.ament_python.build[0m [1;30mINFO[0m Building ROS package in '/home/a/ws_nhk/src/moveit2/moveit_configs_utils' with build type 'ament_python'
[19.946s] [34mcolcon.colcon_core.shell[0m [1;30mLevel 1[0m create_environment_hook('moveit_configs_utils', 'ament_prefix_path')
[19.949s] [34mcolcon.colcon_core.shell[0m [1;30mINFO[0m Creating environment hook '/home/a/ws_nhk/install/moveit_configs_utils/share/moveit_configs_utils/hook/ament_prefix_path.ps1'
[19.952s] [34mcolcon.colcon_core.shell[0m [1;30mINFO[0m Creating environment descriptor '/home/a/ws_nhk/install/moveit_configs_utils/share/moveit_configs_utils/hook/ament_prefix_path.dsv'
[19.955s] [34mcolcon.colcon_core.shell[0m [1;30mINFO[0m Creating environment hook '/home/a/ws_nhk/install/moveit_configs_utils/share/moveit_configs_utils/hook/ament_prefix_path.sh'
[19.960s] [34mcolcon.colcon_core.shell[0m [1;30mINFO[0m Skip shell extension 'powershell' for command environment: Not usable outside of PowerShell
[19.960s] [34mcolcon.colcon_core.shell[0m [1;30mDEBUG[0m [32mSkip shell extension 'dsv' for command environment[0m
[20.077s] [34mcolcon.colcon_core.event_handler.log_command[0m [1;30mDEBUG[0m [32mInvoking command in '/home/a/ws_nhk/build/moveit_core': CMAKE_PREFIX_PATH=/home/a/ws_nhk/install/moveit_resources_panda_moveit_config:/home/a/ws_nhk/install/srdfdom:/home/a/ws_nhk/install/moveit_resources_pr2_description:/home/a/ws_nhk/install/moveit_resources_panda_description:/home/a/ws_nhk/install/moveit_common:/home/a/ws_nhk/install/sakai_r2_config:/home/a/ws_nhk/install/moveit_runtime:/home/a/ws_nhk/install/moveit_r2_config:/home/a/ws_nhk/install/moveit_config:/home/a/ws_nhk/install/moveit2_tutorials:/home/a/ws_nhk/install/moveit:/home/a/ws_nhk/install/moveit_planners:/home/a/ws_nhk/install/pilz_industrial_motion_planner:/home/a/ws_nhk/install/moveit_task_constructor_visualization:/home/a/ws_nhk/install/moveit_task_constructor_demo:/home/a/ws_nhk/install/moveit_task_constructor_capabilities:/home/a/ws_nhk/install/moveit_task_constructor_core:/home/a/ws_nhk/install/moveit_setup_assistant:/home/a/ws_nhk/install/moveit_setup_srdf_plugins:/home/a/ws_nhk/install/moveit_setup_core_plugins:/home/a/ws_nhk/install/moveit_setup_controllers:/home/a/ws_nhk/install/moveit_setup_app_plugins:/home/a/ws_nhk/install/moveit_setup_framework:/home/a/ws_nhk/install/moveit_servo:/home/a/ws_nhk/install/moveit_ros:/home/a/ws_nhk/install/moveit_ros_visualization:/home/a/ws_nhk/install/moveit_hybrid_planning:/home/a/ws_nhk/install/moveit_ros_planning_interface:/home/a/ws_nhk/install/moveit_resources_prbt_pg70_support:/home/a/ws_nhk/install/moveit_resources_prbt_moveit_config:/home/a/ws_nhk/install/moveit_ros_move_group:/home/a/ws_nhk/install/moveit_kinematics:/home/a/ws_nhk/install/trac_ik:/home/a/ws_nhk/install/trac_ik_kinematics_plugin:/home/a/ws_nhk/install/trac_ik_lib:/home/a/ws_nhk/install/pilz_industrial_motion_planner_testutils:/home/a/ws_nhk/install/moveit_visual_tools:/home/a/ws_nhk/install/moveit_ros_control_interface:/home/a/ws_nhk/install/moveit_plugins:/home/a/ws_nhk/install/moveit_simple_controller_manager:/home/a/ws_nhk/install/moveit_ros_benchmarks:/home/a/ws_nhk/install/moveit_ros_warehouse:/home/a/ws_nhk/install/moveit_ros_robot_interaction:/home/a/ws_nhk/install/moveit_ros_perception:/home/a/ws_nhk/install/moveit_planners_ompl:/home/a/ws_nhk/install/moveit_ros_planning:/home/a/ws_nhk/install/moveit_ros_occupancy_map_monitor:/home/a/ws_nhk/install/moveit_resources_prbt_ikfast_manipulator_plugin:/home/a/ws_nhk/install/moveit_planners_chomp:/home/a/ws_nhk/install/moveit_chomp_optimizer_adapter:/home/a/ws_nhk/install/chomp_motion_planner:/home/a/ws_nhk/install/moveit_core:/home/a/ws_nhk/install/rviz_marker_tools:/home/a/ws_nhk/install/rosparam_shortcuts:/home/a/ws_nhk/install/r2_odrive:/home/a/ws_nhk/install/rogidrive_msg:/home/a/ws_nhk/install/nhk_bt:/home/a/ws_nhk/install/moveit_task_constructor_msgs:/home/a/ws_nhk/install/moveit_resources_prbt_support:/home/a/ws_nhk/install/moveit_resources:/home/a/ws_nhk/install/moveit_resources_fanuc_moveit_config:/home/a/ws_nhk/install/moveit_resources_fanuc_description:/home/a/ws_nhk/install/dynamixel_sdk_examples:/home/a/ws_nhk/install/dynamixel_sdk_custom_interfaces:/home/a/ws_nhk/install/dynamixel_controller:/home/a/ws_nhk/install/dynamixel_sdk:/home/a/ws_nhk/install/arm_v20_description:/home/a/ws_nhk/install/arm_module_description:/home/a/ws_nhk/install/a_r2_description:/home/a/install/field_description_test:/home/a/ws_nhk/install/moveit_configs_utils:/home/a/ws_nhk/install/rogidrive:/home/a/ws_nhk/install/launch_param_builder:/home/a/ws_nhk/install/dynamixel_controller_gui:/home/a/ws_nhk/install/dynamixel_controller_client:/opt/ros/humble LD_LIBRARY_PATH=/home/a/ws_nhk/install/srdfdom/lib:/home/a/ws_nhk/install/pilz_industrial_motion_planner/lib:/home/a/ws_nhk/install/moveit_task_constructor_visualization/lib:/home/a/ws_nhk/install/moveit_task_constructor_demo/lib:/home/a/ws_nhk/install/moveit_task_constructor_capabilities/lib:/home/a/ws_nhk/install/moveit_task_constructor_core/lib:/home/a/ws_nhk/install/moveit_setup_assistant/lib:/home/a/ws_nhk/install/moveit_setup_srdf_plugins/lib:/home/a/ws_nhk/install/moveit_setup_core_plugins/lib:/home/a/ws_nhk/install/moveit_setup_controllers/lib:/home/a/ws_nhk/install/moveit_setup_app_plugins/lib:/home/a/ws_nhk/install/moveit_setup_framework/lib:/home/a/ws_nhk/install/moveit_servo/lib:/home/a/ws_nhk/install/moveit_ros_visualization/lib:/home/a/ws_nhk/install/moveit_hybrid_planning/lib:/home/a/ws_nhk/install/moveit_ros_planning_interface/lib:/home/a/ws_nhk/install/moveit_ros_move_group/lib:/home/a/ws_nhk/install/moveit_kinematics/lib:/home/a/ws_nhk/install/trac_ik_kinematics_plugin/lib:/home/a/ws_nhk/install/trac_ik_lib/lib:/home/a/ws_nhk/install/pilz_industrial_motion_planner_testutils/lib:/home/a/ws_nhk/install/moveit_visual_tools/lib:/home/a/ws_nhk/install/moveit_ros_control_interface/lib:/home/a/ws_nhk/install/moveit_simple_controller_manager/lib:/home/a/ws_nhk/install/moveit_ros_benchmarks/lib:/home/a/ws_nhk/install/moveit_ros_warehouse/lib:/home/a/ws_nhk/install/moveit_ros_robot_interaction/lib:/home/a/ws_nhk/install/moveit_ros_perception/lib:/home/a/ws_nhk/install/moveit_planners_ompl/lib:/home/a/ws_nhk/install/moveit_ros_planning/lib:/home/a/ws_nhk/install/moveit_ros_occupancy_map_monitor/lib:/home/a/ws_nhk/install/moveit_resources_prbt_ikfast_manipulator_plugin/lib:/home/a/ws_nhk/install/moveit_planners_chomp/lib:/home/a/ws_nhk/install/moveit_chomp_optimizer_adapter/lib:/home/a/ws_nhk/install/chomp_motion_planner/lib:/home/a/ws_nhk/install/moveit_core/lib:/home/a/ws_nhk/install/rviz_marker_tools/lib:/home/a/ws_nhk/install/rosparam_shortcuts/lib:/home/a/ws_nhk/install/rogidrive_msg/lib:/home/a/ws_nhk/install/moveit_task_constructor_msgs/lib:/home/a/ws_nhk/install/dynamixel_sdk_custom_interfaces/lib:/home/a/ws_nhk/install/dynamixel_controller/lib:/home/a/ws_nhk/install/dynamixel_sdk/lib:/usr/local/lib:/usr/lib/x86_64-linux-gnu/gazebo-11/plugins:/opt/ros/humble/opt/rviz_ogre_vendor/lib:/opt/ros/humble/lib/x86_64-linux-gnu:/opt/ros/humble/lib /usr/bin/cmake --build /home/a/ws_nhk/build/moveit_core -- -j22 -l22[0m
[23.458s] [34mcolcon.colcon_core.task.python.build[0m [1;30mINFO[0m Building Python package in '/home/a/ws_nhk/src/moveit2/moveit_configs_utils'
[23.462s] [34mcolcon.colcon_core.shell[0m [1;30mINFO[0m Skip shell extension 'powershell' for command environment: Not usable outside of PowerShell
[23.464s] [34mcolcon.colcon_core.shell[0m [1;30mDEBUG[0m [32mSkip shell extension 'dsv' for command environment[0m
[27.825s] [34mcolcon.colcon_core.event_handler.log_command[0m [1;30mDEBUG[0m [32mInvoking command in '/home/a/ws_nhk/src/moveit2/moveit_configs_utils': AMENT_PREFIX_PATH=/home/a/ws_nhk/install/launch_param_builder:/home/a/ws_nhk/install/sakai_r2_config:/home/a/ws_nhk/install/moveit_runtime:/home/a/ws_nhk/install/moveit_r2_config:/home/a/ws_nhk/install/moveit_config:/home/a/ws_nhk/install/moveit2_tutorials:/home/a/ws_nhk/install/moveit:/home/a/ws_nhk/install/moveit_planners:/home/a/ws_nhk/install/pilz_industrial_motion_planner:/home/a/ws_nhk/install/moveit_task_constructor_visualization:/home/a/ws_nhk/install/moveit_task_constructor_demo:/home/a/ws_nhk/install/moveit_task_constructor_capabilities:/home/a/ws_nhk/install/moveit_task_constructor_core:/home/a/ws_nhk/install/moveit_setup_assistant:/home/a/ws_nhk/install/moveit_setup_srdf_plugins:/home/a/ws_nhk/install/moveit_setup_core_plugins:/home/a/ws_nhk/install/moveit_setup_controllers:/home/a/ws_nhk/install/moveit_setup_app_plugins:/home/a/ws_nhk/install/moveit_setup_framework:/home/a/ws_nhk/install/moveit_servo:/home/a/ws_nhk/install/moveit_ros:/home/a/ws_nhk/install/moveit_ros_visualization:/home/a/ws_nhk/install/moveit_hybrid_planning:/home/a/ws_nhk/install/moveit_ros_planning_interface:/home/a/ws_nhk/install/moveit_resources_prbt_pg70_support:/home/a/ws_nhk/install/moveit_resources_prbt_moveit_config:/home/a/ws_nhk/install/moveit_ros_move_group:/home/a/ws_nhk/install/moveit_kinematics:/home/a/ws_nhk/install/trac_ik:/home/a/ws_nhk/install/trac_ik_kinematics_plugin:/home/a/ws_nhk/install/trac_ik_lib:/home/a/ws_nhk/install/pilz_industrial_motion_planner_testutils:/home/a/ws_nhk/install/moveit_visual_tools:/home/a/ws_nhk/install/moveit_ros_control_interface:/home/a/ws_nhk/install/moveit_plugins:/home/a/ws_nhk/install/moveit_simple_controller_manager:/home/a/ws_nhk/install/moveit_ros_benchmarks:/home/a/ws_nhk/install/moveit_ros_warehouse:/home/a/ws_nhk/install/moveit_ros_robot_interaction:/home/a/ws_nhk/install/moveit_ros_perception:/home/a/ws_nhk/install/moveit_planners_ompl:/home/a/ws_nhk/install/moveit_ros_planning:/home/a/ws_nhk/install/moveit_ros_occupancy_map_monitor:/home/a/ws_nhk/install/moveit_resources_prbt_ikfast_manipulator_plugin:/home/a/ws_nhk/install/moveit_planners_chomp:/home/a/ws_nhk/install/moveit_chomp_optimizer_adapter:/home/a/ws_nhk/install/chomp_motion_planner:/home/a/ws_nhk/install/moveit_core:/home/a/ws_nhk/install/moveit_configs_utils:/home/a/ws_nhk/install/srdfdom:/home/a/ws_nhk/install/rviz_marker_tools:/home/a/ws_nhk/install/rosparam_shortcuts:/home/a/ws_nhk/install/rogidrive:/home/a/ws_nhk/install/r2_odrive:/home/a/ws_nhk/install/rogidrive_msg:/home/a/ws_nhk/install/nhk_bt:/home/a/ws_nhk/install/moveit_task_constructor_msgs:/home/a/ws_nhk/install/moveit_resources_prbt_support:/home/a/ws_nhk/install/moveit_resources:/home/a/ws_nhk/install/moveit_resources_pr2_description:/home/a/ws_nhk/install/moveit_resources_panda_moveit_config:/home/a/ws_nhk/install/moveit_resources_panda_description:/home/a/ws_nhk/install/moveit_resources_fanuc_moveit_config:/home/a/ws_nhk/install/moveit_resources_fanuc_description:/home/a/ws_nhk/install/moveit_common:/home/a/ws_nhk/install/dynamixel_sdk_examples:/home/a/ws_nhk/install/dynamixel_sdk_custom_interfaces:/home/a/ws_nhk/install/dynamixel_controller_gui:/home/a/ws_nhk/install/dynamixel_controller:/home/a/ws_nhk/install/dynamixel_sdk:/home/a/ws_nhk/install/dynamixel_controller_client:/home/a/ws_nhk/install/arm_v20_description:/home/a/ws_nhk/install/arm_module_description:/home/a/ws_nhk/install/a_r2_description:/home/a/install/field_description_test:/opt/ros/humble CMAKE_PREFIX_PATH=/home/a/ws_nhk/install/srdfdom:/home/a/ws_nhk/install/sakai_r2_config:/home/a/ws_nhk/install/moveit_runtime:/home/a/ws_nhk/install/moveit_r2_config:/home/a/ws_nhk/install/moveit_config:/home/a/ws_nhk/install/moveit2_tutorials:/home/a/ws_nhk/install/moveit:/home/a/ws_nhk/install/moveit_planners:/home/a/ws_nhk/install/pilz_industrial_motion_planner:/home/a/ws_nhk/install/moveit_task_constructor_visualization:/home/a/ws_nhk/install/moveit_task_constructor_demo:/home/a/ws_nhk/install/moveit_task_constructor_capabilities:/home/a/ws_nhk/install/moveit_task_constructor_core:/home/a/ws_nhk/install/moveit_setup_assistant:/home/a/ws_nhk/install/moveit_setup_srdf_plugins:/home/a/ws_nhk/install/moveit_setup_core_plugins:/home/a/ws_nhk/install/moveit_setup_controllers:/home/a/ws_nhk/install/moveit_setup_app_plugins:/home/a/ws_nhk/install/moveit_setup_framework:/home/a/ws_nhk/install/moveit_servo:/home/a/ws_nhk/install/moveit_ros:/home/a/ws_nhk/install/moveit_ros_visualization:/home/a/ws_nhk/install/moveit_hybrid_planning:/home/a/ws_nhk/install/moveit_ros_planning_interface:/home/a/ws_nhk/install/moveit_resources_prbt_pg70_support:/home/a/ws_nhk/install/moveit_resources_prbt_moveit_config:/home/a/ws_nhk/install/moveit_ros_move_group:/home/a/ws_nhk/install/moveit_kinematics:/home/a/ws_nhk/install/trac_ik:/home/a/ws_nhk/install/trac_ik_kinematics_plugin:/home/a/ws_nhk/install/trac_ik_lib:/home/a/ws_nhk/install/pilz_industrial_motion_planner_testutils:/home/a/ws_nhk/install/moveit_visual_tools:/home/a/ws_nhk/install/moveit_ros_control_interface:/home/a/ws_nhk/install/moveit_plugins:/home/a/ws_nhk/install/moveit_simple_controller_manager:/home/a/ws_nhk/install/moveit_ros_benchmarks:/home/a/ws_nhk/install/moveit_ros_warehouse:/home/a/ws_nhk/install/moveit_ros_robot_interaction:/home/a/ws_nhk/install/moveit_ros_perception:/home/a/ws_nhk/install/moveit_planners_ompl:/home/a/ws_nhk/install/moveit_ros_planning:/home/a/ws_nhk/install/moveit_ros_occupancy_map_monitor:/home/a/ws_nhk/install/moveit_resources_prbt_ikfast_manipulator_plugin:/home/a/ws_nhk/install/moveit_planners_chomp:/home/a/ws_nhk/install/moveit_chomp_optimizer_adapter:/home/a/ws_nhk/install/chomp_motion_planner:/home/a/ws_nhk/install/moveit_core:/home/a/ws_nhk/install/rviz_marker_tools:/home/a/ws_nhk/install/rosparam_shortcuts:/home/a/ws_nhk/install/r2_odrive:/home/a/ws_nhk/install/rogidrive_msg:/home/a/ws_nhk/install/nhk_bt:/home/a/ws_nhk/install/moveit_task_constructor_msgs:/home/a/ws_nhk/install/moveit_resources_prbt_support:/home/a/ws_nhk/install/moveit_resources:/home/a/ws_nhk/install/moveit_resources_pr2_description:/home/a/ws_nhk/install/moveit_resources_panda_moveit_config:/home/a/ws_nhk/install/moveit_resources_panda_description:/home/a/ws_nhk/install/moveit_resources_fanuc_moveit_config:/home/a/ws_nhk/install/moveit_resources_fanuc_description:/home/a/ws_nhk/install/moveit_common:/home/a/ws_nhk/install/dynamixel_sdk_examples:/home/a/ws_nhk/install/dynamixel_sdk_custom_interfaces:/home/a/ws_nhk/install/dynamixel_controller:/home/a/ws_nhk/install/dynamixel_sdk:/home/a/ws_nhk/install/arm_v20_description:/home/a/ws_nhk/install/arm_module_description:/home/a/ws_nhk/install/a_r2_description:/home/a/install/field_description_test LD_LIBRARY_PATH=/home/a/ws_nhk/install/srdfdom/lib:/home/a/ws_nhk/install/pilz_industrial_motion_planner/lib:/home/a/ws_nhk/install/moveit_task_constructor_visualization/lib:/home/a/ws_nhk/install/moveit_task_constructor_demo/lib:/home/a/ws_nhk/install/moveit_task_constructor_capabilities/lib:/home/a/ws_nhk/install/moveit_task_constructor_core/lib:/home/a/ws_nhk/install/moveit_setup_assistant/lib:/home/a/ws_nhk/install/moveit_setup_srdf_plugins/lib:/home/a/ws_nhk/install/moveit_setup_core_plugins/lib:/home/a/ws_nhk/install/moveit_setup_controllers/lib:/home/a/ws_nhk/install/moveit_setup_app_plugins/lib:/home/a/ws_nhk/install/moveit_setup_framework/lib:/home/a/ws_nhk/install/moveit_servo/lib:/home/a/ws_nhk/install/moveit_ros_visualization/lib:/home/a/ws_nhk/install/moveit_hybrid_planning/lib:/home/a/ws_nhk/install/moveit_ros_planning_interface/lib:/home/a/ws_nhk/install/moveit_ros_move_group/lib:/home/a/ws_nhk/install/moveit_kinematics/lib:/home/a/ws_nhk/install/trac_ik_kinematics_plugin/lib:/home/a/ws_nhk/install/trac_ik_lib/lib:/home/a/ws_nhk/install/pilz_industrial_motion_planner_testutils/lib:/home/a/ws_nhk/install/moveit_visual_tools/lib:/home/a/ws_nhk/install/moveit_ros_control_interface/lib:/home/a/ws_nhk/install/moveit_simple_controller_manager/lib:/home/a/ws_nhk/install/moveit_ros_benchmarks/lib:/home/a/ws_nhk/install/moveit_ros_warehouse/lib:/home/a/ws_nhk/install/moveit_ros_robot_interaction/lib:/home/a/ws_nhk/install/moveit_ros_perception/lib:/home/a/ws_nhk/install/moveit_planners_ompl/lib:/home/a/ws_nhk/install/moveit_ros_planning/lib:/home/a/ws_nhk/install/moveit_ros_occupancy_map_monitor/lib:/home/a/ws_nhk/install/moveit_resources_prbt_ikfast_manipulator_plugin/lib:/home/a/ws_nhk/install/moveit_planners_chomp/lib:/home/a/ws_nhk/install/moveit_chomp_optimizer_adapter/lib:/home/a/ws_nhk/install/chomp_motion_planner/lib:/home/a/ws_nhk/install/moveit_core/lib:/home/a/ws_nhk/install/rviz_marker_tools/lib:/home/a/ws_nhk/install/rosparam_shortcuts/lib:/home/a/ws_nhk/install/rogidrive_msg/lib:/home/a/ws_nhk/install/moveit_task_constructor_msgs/lib:/home/a/ws_nhk/install/dynamixel_sdk_custom_interfaces/lib:/home/a/ws_nhk/install/dynamixel_controller/lib:/home/a/ws_nhk/install/dynamixel_sdk/lib:/usr/local/lib:/usr/lib/x86_64-linux-gnu/gazebo-11/plugins:/opt/ros/humble/opt/rviz_ogre_vendor/lib:/opt/ros/humble/lib/x86_64-linux-gnu:/opt/ros/humble/lib PYTHONPATH=/home/a/ws_nhk/build/moveit_configs_utils/prefix_override:/usr/lib/python3/dist-packages/colcon_core/task/python/colcon_distutils_commands:/home/a/ws_nhk/install/moveit_configs_utils/lib/python3.10/site-packages:/home/a/ws_nhk/install/launch_param_builder/lib/python3.10/site-packages:/home/a/ws_nhk/install/moveit_task_constructor_core/local/lib/python3.10/dist-packages:/home/a/ws_nhk/install/moveit_configs_utils/lib/python3.10/site-packages:/home/a/ws_nhk/install/srdfdom/local/lib/python3.10/dist-packages:/home/a/ws_nhk/install/rogidrive/lib/python3.10/site-packages:/home/a/ws_nhk/install/r2_odrive/lib/python3.10/site-packages:/home/a/ws_nhk/install/rogidrive_msg/local/lib/python3.10/dist-packages:/home/a/ws_nhk/install/moveit_task_constructor_msgs/local/lib/python3.10/dist-packages:/home/a/ws_nhk/install/dynamixel_sdk_custom_interfaces/local/lib/python3.10/dist-packages:/home/a/ws_nhk/install/dynamixel_controller_gui/lib/python3.10/site-packages:/home/a/ws_nhk/install/dynamixel_controller/local/lib/python3.10/dist-packages:/home/a/ws_nhk/install/dynamixel_controller_client/lib/python3.10/site-packages:/opt/ros/humble/lib/python3.10/site-packages:/opt/ros/humble/local/lib/python3.10/dist-packages /usr/bin/python3 -W ignore:setup.py install is deprecated -W ignore:easy_install command is deprecated setup.py egg_info --egg-base ../../../build/moveit_configs_utils build --build-base /home/a/ws_nhk/build/moveit_configs_utils/build install --record /home/a/ws_nhk/build/moveit_configs_utils/install.log --single-version-externally-managed install_data[0m
[31.258s] [34mcolcon.colcon_core.environment[0m [1;30mLevel 1[0m checking '/home/a/ws_nhk/install/moveit_configs_utils' for CMake module files
[31.266s] [34mcolcon.colcon_core.environment[0m [1;30mLevel 1[0m checking '/home/a/ws_nhk/install/moveit_configs_utils' for CMake config files
[31.269s] [34mcolcon.colcon_core.event_handler.log_command[0m [1;30mDEBUG[0m [32mInvoked command in '/home/a/ws_nhk/src/moveit2/moveit_configs_utils' returned '0': AMENT_PREFIX_PATH=/home/a/ws_nhk/install/launch_param_builder:/home/a/ws_nhk/install/sakai_r2_config:/home/a/ws_nhk/install/moveit_runtime:/home/a/ws_nhk/install/moveit_r2_config:/home/a/ws_nhk/install/moveit_config:/home/a/ws_nhk/install/moveit2_tutorials:/home/a/ws_nhk/install/moveit:/home/a/ws_nhk/install/moveit_planners:/home/a/ws_nhk/install/pilz_industrial_motion_planner:/home/a/ws_nhk/install/moveit_task_constructor_visualization:/home/a/ws_nhk/install/moveit_task_constructor_demo:/home/a/ws_nhk/install/moveit_task_constructor_capabilities:/home/a/ws_nhk/install/moveit_task_constructor_core:/home/a/ws_nhk/install/moveit_setup_assistant:/home/a/ws_nhk/install/moveit_setup_srdf_plugins:/home/a/ws_nhk/install/moveit_setup_core_plugins:/home/a/ws_nhk/install/moveit_setup_controllers:/home/a/ws_nhk/install/moveit_setup_app_plugins:/home/a/ws_nhk/install/moveit_setup_framework:/home/a/ws_nhk/install/moveit_servo:/home/a/ws_nhk/install/moveit_ros:/home/a/ws_nhk/install/moveit_ros_visualization:/home/a/ws_nhk/install/moveit_hybrid_planning:/home/a/ws_nhk/install/moveit_ros_planning_interface:/home/a/ws_nhk/install/moveit_resources_prbt_pg70_support:/home/a/ws_nhk/install/moveit_resources_prbt_moveit_config:/home/a/ws_nhk/install/moveit_ros_move_group:/home/a/ws_nhk/install/moveit_kinematics:/home/a/ws_nhk/install/trac_ik:/home/a/ws_nhk/install/trac_ik_kinematics_plugin:/home/a/ws_nhk/install/trac_ik_lib:/home/a/ws_nhk/install/pilz_industrial_motion_planner_testutils:/home/a/ws_nhk/install/moveit_visual_tools:/home/a/ws_nhk/install/moveit_ros_control_interface:/home/a/ws_nhk/install/moveit_plugins:/home/a/ws_nhk/install/moveit_simple_controller_manager:/home/a/ws_nhk/install/moveit_ros_benchmarks:/home/a/ws_nhk/install/moveit_ros_warehouse:/home/a/ws_nhk/install/moveit_ros_robot_interaction:/home/a/ws_nhk/install/moveit_ros_perception:/home/a/ws_nhk/install/moveit_planners_ompl:/home/a/ws_nhk/install/moveit_ros_planning:/home/a/ws_nhk/install/moveit_ros_occupancy_map_monitor:/home/a/ws_nhk/install/moveit_resources_prbt_ikfast_manipulator_plugin:/home/a/ws_nhk/install/moveit_planners_chomp:/home/a/ws_nhk/install/moveit_chomp_optimizer_adapter:/home/a/ws_nhk/install/chomp_motion_planner:/home/a/ws_nhk/install/moveit_core:/home/a/ws_nhk/install/moveit_configs_utils:/home/a/ws_nhk/install/srdfdom:/home/a/ws_nhk/install/rviz_marker_tools:/home/a/ws_nhk/install/rosparam_shortcuts:/home/a/ws_nhk/install/rogidrive:/home/a/ws_nhk/install/r2_odrive:/home/a/ws_nhk/install/rogidrive_msg:/home/a/ws_nhk/install/nhk_bt:/home/a/ws_nhk/install/moveit_task_constructor_msgs:/home/a/ws_nhk/install/moveit_resources_prbt_support:/home/a/ws_nhk/install/moveit_resources:/home/a/ws_nhk/install/moveit_resources_pr2_description:/home/a/ws_nhk/install/moveit_resources_panda_moveit_config:/home/a/ws_nhk/install/moveit_resources_panda_description:/home/a/ws_nhk/install/moveit_resources_fanuc_moveit_config:/home/a/ws_nhk/install/moveit_resources_fanuc_description:/home/a/ws_nhk/install/moveit_common:/home/a/ws_nhk/install/dynamixel_sdk_examples:/home/a/ws_nhk/install/dynamixel_sdk_custom_interfaces:/home/a/ws_nhk/install/dynamixel_controller_gui:/home/a/ws_nhk/install/dynamixel_controller:/home/a/ws_nhk/install/dynamixel_sdk:/home/a/ws_nhk/install/dynamixel_controller_client:/home/a/ws_nhk/install/arm_v20_description:/home/a/ws_nhk/install/arm_module_description:/home/a/ws_nhk/install/a_r2_description:/home/a/install/field_description_test:/opt/ros/humble CMAKE_PREFIX_PATH=/home/a/ws_nhk/install/srdfdom:/home/a/ws_nhk/install/sakai_r2_config:/home/a/ws_nhk/install/moveit_runtime:/home/a/ws_nhk/install/moveit_r2_config:/home/a/ws_nhk/install/moveit_config:/home/a/ws_nhk/install/moveit2_tutorials:/home/a/ws_nhk/install/moveit:/home/a/ws_nhk/install/moveit_planners:/home/a/ws_nhk/install/pilz_industrial_motion_planner:/home/a/ws_nhk/install/moveit_task_constructor_visualization:/home/a/ws_nhk/install/moveit_task_constructor_demo:/home/a/ws_nhk/install/moveit_task_constructor_capabilities:/home/a/ws_nhk/install/moveit_task_constructor_core:/home/a/ws_nhk/install/moveit_setup_assistant:/home/a/ws_nhk/install/moveit_setup_srdf_plugins:/home/a/ws_nhk/install/moveit_setup_core_plugins:/home/a/ws_nhk/install/moveit_setup_controllers:/home/a/ws_nhk/install/moveit_setup_app_plugins:/home/a/ws_nhk/install/moveit_setup_framework:/home/a/ws_nhk/install/moveit_servo:/home/a/ws_nhk/install/moveit_ros:/home/a/ws_nhk/install/moveit_ros_visualization:/home/a/ws_nhk/install/moveit_hybrid_planning:/home/a/ws_nhk/install/moveit_ros_planning_interface:/home/a/ws_nhk/install/moveit_resources_prbt_pg70_support:/home/a/ws_nhk/install/moveit_resources_prbt_moveit_config:/home/a/ws_nhk/install/moveit_ros_move_group:/home/a/ws_nhk/install/moveit_kinematics:/home/a/ws_nhk/install/trac_ik:/home/a/ws_nhk/install/trac_ik_kinematics_plugin:/home/a/ws_nhk/install/trac_ik_lib:/home/a/ws_nhk/install/pilz_industrial_motion_planner_testutils:/home/a/ws_nhk/install/moveit_visual_tools:/home/a/ws_nhk/install/moveit_ros_control_interface:/home/a/ws_nhk/install/moveit_plugins:/home/a/ws_nhk/install/moveit_simple_controller_manager:/home/a/ws_nhk/install/moveit_ros_benchmarks:/home/a/ws_nhk/install/moveit_ros_warehouse:/home/a/ws_nhk/install/moveit_ros_robot_interaction:/home/a/ws_nhk/install/moveit_ros_perception:/home/a/ws_nhk/install/moveit_planners_ompl:/home/a/ws_nhk/install/moveit_ros_planning:/home/a/ws_nhk/install/moveit_ros_occupancy_map_monitor:/home/a/ws_nhk/install/moveit_resources_prbt_ikfast_manipulator_plugin:/home/a/ws_nhk/install/moveit_planners_chomp:/home/a/ws_nhk/install/moveit_chomp_optimizer_adapter:/home/a/ws_nhk/install/chomp_motion_planner:/home/a/ws_nhk/install/moveit_core:/home/a/ws_nhk/install/rviz_marker_tools:/home/a/ws_nhk/install/rosparam_shortcuts:/home/a/ws_nhk/install/r2_odrive:/home/a/ws_nhk/install/rogidrive_msg:/home/a/ws_nhk/install/nhk_bt:/home/a/ws_nhk/install/moveit_task_constructor_msgs:/home/a/ws_nhk/install/moveit_resources_prbt_support:/home/a/ws_nhk/install/moveit_resources:/home/a/ws_nhk/install/moveit_resources_pr2_description:/home/a/ws_nhk/install/moveit_resources_panda_moveit_config:/home/a/ws_nhk/install/moveit_resources_panda_description:/home/a/ws_nhk/install/moveit_resources_fanuc_moveit_config:/home/a/ws_nhk/install/moveit_resources_fanuc_description:/home/a/ws_nhk/install/moveit_common:/home/a/ws_nhk/install/dynamixel_sdk_examples:/home/a/ws_nhk/install/dynamixel_sdk_custom_interfaces:/home/a/ws_nhk/install/dynamixel_controller:/home/a/ws_nhk/install/dynamixel_sdk:/home/a/ws_nhk/install/arm_v20_description:/home/a/ws_nhk/install/arm_module_description:/home/a/ws_nhk/install/a_r2_description:/home/a/install/field_description_test LD_LIBRARY_PATH=/home/a/ws_nhk/install/srdfdom/lib:/home/a/ws_nhk/install/pilz_industrial_motion_planner/lib:/home/a/ws_nhk/install/moveit_task_constructor_visualization/lib:/home/a/ws_nhk/install/moveit_task_constructor_demo/lib:/home/a/ws_nhk/install/moveit_task_constructor_capabilities/lib:/home/a/ws_nhk/install/moveit_task_constructor_core/lib:/home/a/ws_nhk/install/moveit_setup_assistant/lib:/home/a/ws_nhk/install/moveit_setup_srdf_plugins/lib:/home/a/ws_nhk/install/moveit_setup_core_plugins/lib:/home/a/ws_nhk/install/moveit_setup_controllers/lib:/home/a/ws_nhk/install/moveit_setup_app_plugins/lib:/home/a/ws_nhk/install/moveit_setup_framework/lib:/home/a/ws_nhk/install/moveit_servo/lib:/home/a/ws_nhk/install/moveit_ros_visualization/lib:/home/a/ws_nhk/install/moveit_hybrid_planning/lib:/home/a/ws_nhk/install/moveit_ros_planning_interface/lib:/home/a/ws_nhk/install/moveit_ros_move_group/lib:/home/a/ws_nhk/install/moveit_kinematics/lib:/home/a/ws_nhk/install/trac_ik_kinematics_plugin/lib:/home/a/ws_nhk/install/trac_ik_lib/lib:/home/a/ws_nhk/install/pilz_industrial_motion_planner_testutils/lib:/home/a/ws_nhk/install/moveit_visual_tools/lib:/home/a/ws_nhk/install/moveit_ros_control_interface/lib:/home/a/ws_nhk/install/moveit_simple_controller_manager/lib:/home/a/ws_nhk/install/moveit_ros_benchmarks/lib:/home/a/ws_nhk/install/moveit_ros_warehouse/lib:/home/a/ws_nhk/install/moveit_ros_robot_interaction/lib:/home/a/ws_nhk/install/moveit_ros_perception/lib:/home/a/ws_nhk/install/moveit_planners_ompl/lib:/home/a/ws_nhk/install/moveit_ros_planning/lib:/home/a/ws_nhk/install/moveit_ros_occupancy_map_monitor/lib:/home/a/ws_nhk/install/moveit_resources_prbt_ikfast_manipulator_plugin/lib:/home/a/ws_nhk/install/moveit_planners_chomp/lib:/home/a/ws_nhk/install/moveit_chomp_optimizer_adapter/lib:/home/a/ws_nhk/install/chomp_motion_planner/lib:/home/a/ws_nhk/install/moveit_core/lib:/home/a/ws_nhk/install/rviz_marker_tools/lib:/home/a/ws_nhk/install/rosparam_shortcuts/lib:/home/a/ws_nhk/install/rogidrive_msg/lib:/home/a/ws_nhk/install/moveit_task_constructor_msgs/lib:/home/a/ws_nhk/install/dynamixel_sdk_custom_interfaces/lib:/home/a/ws_nhk/install/dynamixel_controller/lib:/home/a/ws_nhk/install/dynamixel_sdk/lib:/usr/local/lib:/usr/lib/x86_64-linux-gnu/gazebo-11/plugins:/opt/ros/humble/opt/rviz_ogre_vendor/lib:/opt/ros/humble/lib/x86_64-linux-gnu:/opt/ros/humble/lib PYTHONPATH=/home/a/ws_nhk/build/moveit_configs_utils/prefix_override:/usr/lib/python3/dist-packages/colcon_core/task/python/colcon_distutils_commands:/home/a/ws_nhk/install/moveit_configs_utils/lib/python3.10/site-packages:/home/a/ws_nhk/install/launch_param_builder/lib/python3.10/site-packages:/home/a/ws_nhk/install/moveit_task_constructor_core/local/lib/python3.10/dist-packages:/home/a/ws_nhk/install/moveit_configs_utils/lib/python3.10/site-packages:/home/a/ws_nhk/install/srdfdom/local/lib/python3.10/dist-packages:/home/a/ws_nhk/install/rogidrive/lib/python3.10/site-packages:/home/a/ws_nhk/install/r2_odrive/lib/python3.10/site-packages:/home/a/ws_nhk/install/rogidrive_msg/local/lib/python3.10/dist-packages:/home/a/ws_nhk/install/moveit_task_constructor_msgs/local/lib/python3.10/dist-packages:/home/a/ws_nhk/install/dynamixel_sdk_custom_interfaces/local/lib/python3.10/dist-packages:/home/a/ws_nhk/install/dynamixel_controller_gui/lib/python3.10/site-packages:/home/a/ws_nhk/install/dynamixel_controller/local/lib/python3.10/dist-packages:/home/a/ws_nhk/install/dynamixel_controller_client/lib/python3.10/site-packages:/opt/ros/humble/lib/python3.10/site-packages:/opt/ros/humble/local/lib/python3.10/dist-packages /usr/bin/python3 -W ignore:setup.py install is deprecated -W ignore:easy_install command is deprecated setup.py egg_info --egg-base ../../../build/moveit_configs_utils build --build-base /home/a/ws_nhk/build/moveit_configs_utils/build install --record /home/a/ws_nhk/build/moveit_configs_utils/install.log --single-version-externally-managed install_data[0m
[31.279s] [34mcolcon.colcon_core.environment[0m [1;30mLevel 1[0m checking '/home/a/ws_nhk/install/moveit_configs_utils/lib'
[31.280s] [34mcolcon.colcon_core.environment[0m [1;30mLevel 1[0m checking '/home/a/ws_nhk/install/moveit_configs_utils/bin'
[31.281s] [34mcolcon.colcon_core.environment[0m [1;30mLevel 1[0m checking '/home/a/ws_nhk/install/moveit_configs_utils/lib/pkgconfig/moveit_configs_utils.pc'
[31.287s] [34mcolcon.colcon_core.environment[0m [1;30mLevel 1[0m checking '/home/a/ws_nhk/install/moveit_configs_utils/lib/python3.10/site-packages'
[31.288s] [34mcolcon.colcon_core.shell[0m [1;30mLevel 1[0m create_environment_hook('moveit_configs_utils', 'pythonpath')
[31.290s] [34mcolcon.colcon_core.shell[0m [1;30mINFO[0m Creating environment hook '/home/a/ws_nhk/install/moveit_configs_utils/share/moveit_configs_utils/hook/pythonpath.ps1'
[31.297s] [34mcolcon.colcon_core.shell[0m [1;30mINFO[0m Creating environment descriptor '/home/a/ws_nhk/install/moveit_configs_utils/share/moveit_configs_utils/hook/pythonpath.dsv'
[31.305s] [34mcolcon.colcon_core.shell[0m [1;30mINFO[0m Creating environment hook '/home/a/ws_nhk/install/moveit_configs_utils/share/moveit_configs_utils/hook/pythonpath.sh'
[31.313s] [34mcolcon.colcon_core.environment[0m [1;30mLevel 1[0m checking '/home/a/ws_nhk/install/moveit_configs_utils/bin'
[31.314s] [34mcolcon.colcon_core.environment[0m [1;30mLevel 1[0m create_environment_scripts_only(moveit_configs_utils)
[31.317s] [34mcolcon.colcon_core.shell[0m [1;30mINFO[0m Creating package script '/home/a/ws_nhk/install/moveit_configs_utils/share/moveit_configs_utils/package.ps1'
[31.323s] [34mcolcon.colcon_core.shell[0m [1;30mINFO[0m Creating package descriptor '/home/a/ws_nhk/install/moveit_configs_utils/share/moveit_configs_utils/package.dsv'
[31.328s] [34mcolcon.colcon_core.shell[0m [1;30mINFO[0m Creating package script '/home/a/ws_nhk/install/moveit_configs_utils/share/moveit_configs_utils/package.sh'
[31.334s] [34mcolcon.colcon_core.shell[0m [1;30mINFO[0m Creating package script '/home/a/ws_nhk/install/moveit_configs_utils/share/moveit_configs_utils/package.bash'
[31.339s] [34mcolcon.colcon_core.shell[0m [1;30mINFO[0m Creating package script '/home/a/ws_nhk/install/moveit_configs_utils/share/moveit_configs_utils/package.zsh'
[31.344s] [34mcolcon.colcon_core.environment[0m [1;30mLevel 1[0m create_file_with_runtime_dependencies(/home/a/ws_nhk/install/moveit_configs_utils/share/colcon-core/packages/moveit_configs_utils)
[33.880s] [34mcolcon.colcon_parallel_executor.executor.parallel[0m [1;30mDEBUG[0m [32mrun_until_complete was interrupted[0m
[33.881s] [34mcolcon.colcon_parallel_executor.executor.parallel[0m [1;30mDEBUG[0m [32mrun_until_complete again[0m
[34.049s] [34mcolcon.colcon_core.environment[0m [1;30mLevel 1[0m create_environment_scripts_only(moveit_core)
[34.051s] [34mcolcon.colcon_core.environment[0m [1;30mLevel 1[0m checking '/home/a/ws_nhk/install/moveit_core' for CMake module files
[34.059s] [34mcolcon.colcon_core.environment[0m [1;30mLevel 1[0m checking '/home/a/ws_nhk/install/moveit_core' for CMake config files
[34.066s] [34mcolcon.colcon_core.shell[0m [1;30mLevel 1[0m create_environment_hook('moveit_core', 'cmake_prefix_path')
[34.069s] [34mcolcon.colcon_core.shell[0m [1;30mINFO[0m Creating environment hook '/home/a/ws_nhk/install/moveit_core/share/moveit_core/hook/cmake_prefix_path.ps1'
[34.081s] [34mcolcon.colcon_core.shell[0m [1;30mINFO[0m Creating environment descriptor '/home/a/ws_nhk/install/moveit_core/share/moveit_core/hook/cmake_prefix_path.dsv'
[34.089s] [34mcolcon.colcon_core.shell[0m [1;30mINFO[0m Creating environment hook '/home/a/ws_nhk/install/moveit_core/share/moveit_core/hook/cmake_prefix_path.sh'
[34.098s] [34mcolcon.colcon_core.environment[0m [1;30mLevel 1[0m checking '/home/a/ws_nhk/install/moveit_core/lib'
[34.106s] [34mcolcon.colcon_core.shell[0m [1;30mLevel 1[0m create_environment_hook('moveit_core', 'ld_library_path_lib')
[34.107s] [34mcolcon.colcon_core.event_handler.log_command[0m [1;30mDEBUG[0m [32mInvoked command in '/home/a/ws_nhk/build/moveit_core' returned '-2': CMAKE_PREFIX_PATH=/home/a/ws_nhk/install/moveit_resources_panda_moveit_config:/home/a/ws_nhk/install/srdfdom:/home/a/ws_nhk/install/moveit_resources_pr2_description:/home/a/ws_nhk/install/moveit_resources_panda_description:/home/a/ws_nhk/install/moveit_common:/home/a/ws_nhk/install/sakai_r2_config:/home/a/ws_nhk/install/moveit_runtime:/home/a/ws_nhk/install/moveit_r2_config:/home/a/ws_nhk/install/moveit_config:/home/a/ws_nhk/install/moveit2_tutorials:/home/a/ws_nhk/install/moveit:/home/a/ws_nhk/install/moveit_planners:/home/a/ws_nhk/install/pilz_industrial_motion_planner:/home/a/ws_nhk/install/moveit_task_constructor_visualization:/home/a/ws_nhk/install/moveit_task_constructor_demo:/home/a/ws_nhk/install/moveit_task_constructor_capabilities:/home/a/ws_nhk/install/moveit_task_constructor_core:/home/a/ws_nhk/install/moveit_setup_assistant:/home/a/ws_nhk/install/moveit_setup_srdf_plugins:/home/a/ws_nhk/install/moveit_setup_core_plugins:/home/a/ws_nhk/install/moveit_setup_controllers:/home/a/ws_nhk/install/moveit_setup_app_plugins:/home/a/ws_nhk/install/moveit_setup_framework:/home/a/ws_nhk/install/moveit_servo:/home/a/ws_nhk/install/moveit_ros:/home/a/ws_nhk/install/moveit_ros_visualization:/home/a/ws_nhk/install/moveit_hybrid_planning:/home/a/ws_nhk/install/moveit_ros_planning_interface:/home/a/ws_nhk/install/moveit_resources_prbt_pg70_support:/home/a/ws_nhk/install/moveit_resources_prbt_moveit_config:/home/a/ws_nhk/install/moveit_ros_move_group:/home/a/ws_nhk/install/moveit_kinematics:/home/a/ws_nhk/install/trac_ik:/home/a/ws_nhk/install/trac_ik_kinematics_plugin:/home/a/ws_nhk/install/trac_ik_lib:/home/a/ws_nhk/install/pilz_industrial_motion_planner_testutils:/home/a/ws_nhk/install/moveit_visual_tools:/home/a/ws_nhk/install/moveit_ros_control_interface:/home/a/ws_nhk/install/moveit_plugins:/home/a/ws_nhk/install/moveit_simple_controller_manager:/home/a/ws_nhk/install/moveit_ros_benchmarks:/home/a/ws_nhk/install/moveit_ros_warehouse:/home/a/ws_nhk/install/moveit_ros_robot_interaction:/home/a/ws_nhk/install/moveit_ros_perception:/home/a/ws_nhk/install/moveit_planners_ompl:/home/a/ws_nhk/install/moveit_ros_planning:/home/a/ws_nhk/install/moveit_ros_occupancy_map_monitor:/home/a/ws_nhk/install/moveit_resources_prbt_ikfast_manipulator_plugin:/home/a/ws_nhk/install/moveit_planners_chomp:/home/a/ws_nhk/install/moveit_chomp_optimizer_adapter:/home/a/ws_nhk/install/chomp_motion_planner:/home/a/ws_nhk/install/moveit_core:/home/a/ws_nhk/install/rviz_marker_tools:/home/a/ws_nhk/install/rosparam_shortcuts:/home/a/ws_nhk/install/r2_odrive:/home/a/ws_nhk/install/rogidrive_msg:/home/a/ws_nhk/install/nhk_bt:/home/a/ws_nhk/install/moveit_task_constructor_msgs:/home/a/ws_nhk/install/moveit_resources_prbt_support:/home/a/ws_nhk/install/moveit_resources:/home/a/ws_nhk/install/moveit_resources_fanuc_moveit_config:/home/a/ws_nhk/install/moveit_resources_fanuc_description:/home/a/ws_nhk/install/dynamixel_sdk_examples:/home/a/ws_nhk/install/dynamixel_sdk_custom_interfaces:/home/a/ws_nhk/install/dynamixel_controller:/home/a/ws_nhk/install/dynamixel_sdk:/home/a/ws_nhk/install/arm_v20_description:/home/a/ws_nhk/install/arm_module_description:/home/a/ws_nhk/install/a_r2_description:/home/a/install/field_description_test:/home/a/ws_nhk/install/moveit_configs_utils:/home/a/ws_nhk/install/rogidrive:/home/a/ws_nhk/install/launch_param_builder:/home/a/ws_nhk/install/dynamixel_controller_gui:/home/a/ws_nhk/install/dynamixel_controller_client:/opt/ros/humble LD_LIBRARY_PATH=/home/a/ws_nhk/install/srdfdom/lib:/home/a/ws_nhk/install/pilz_industrial_motion_planner/lib:/home/a/ws_nhk/install/moveit_task_constructor_visualization/lib:/home/a/ws_nhk/install/moveit_task_constructor_demo/lib:/home/a/ws_nhk/install/moveit_task_constructor_capabilities/lib:/home/a/ws_nhk/install/moveit_task_constructor_core/lib:/home/a/ws_nhk/install/moveit_setup_assistant/lib:/home/a/ws_nhk/install/moveit_setup_srdf_plugins/lib:/home/a/ws_nhk/install/moveit_setup_core_plugins/lib:/home/a/ws_nhk/install/moveit_setup_controllers/lib:/home/a/ws_nhk/install/moveit_setup_app_plugins/lib:/home/a/ws_nhk/install/moveit_setup_framework/lib:/home/a/ws_nhk/install/moveit_servo/lib:/home/a/ws_nhk/install/moveit_ros_visualization/lib:/home/a/ws_nhk/install/moveit_hybrid_planning/lib:/home/a/ws_nhk/install/moveit_ros_planning_interface/lib:/home/a/ws_nhk/install/moveit_ros_move_group/lib:/home/a/ws_nhk/install/moveit_kinematics/lib:/home/a/ws_nhk/install/trac_ik_kinematics_plugin/lib:/home/a/ws_nhk/install/trac_ik_lib/lib:/home/a/ws_nhk/install/pilz_industrial_motion_planner_testutils/lib:/home/a/ws_nhk/install/moveit_visual_tools/lib:/home/a/ws_nhk/install/moveit_ros_control_interface/lib:/home/a/ws_nhk/install/moveit_simple_controller_manager/lib:/home/a/ws_nhk/install/moveit_ros_benchmarks/lib:/home/a/ws_nhk/install/moveit_ros_warehouse/lib:/home/a/ws_nhk/install/moveit_ros_robot_interaction/lib:/home/a/ws_nhk/install/moveit_ros_perception/lib:/home/a/ws_nhk/install/moveit_planners_ompl/lib:/home/a/ws_nhk/install/moveit_ros_planning/lib:/home/a/ws_nhk/install/moveit_ros_occupancy_map_monitor/lib:/home/a/ws_nhk/install/moveit_resources_prbt_ikfast_manipulator_plugin/lib:/home/a/ws_nhk/install/moveit_planners_chomp/lib:/home/a/ws_nhk/install/moveit_chomp_optimizer_adapter/lib:/home/a/ws_nhk/install/chomp_motion_planner/lib:/home/a/ws_nhk/install/moveit_core/lib:/home/a/ws_nhk/install/rviz_marker_tools/lib:/home/a/ws_nhk/install/rosparam_shortcuts/lib:/home/a/ws_nhk/install/rogidrive_msg/lib:/home/a/ws_nhk/install/moveit_task_constructor_msgs/lib:/home/a/ws_nhk/install/dynamixel_sdk_custom_interfaces/lib:/home/a/ws_nhk/install/dynamixel_controller/lib:/home/a/ws_nhk/install/dynamixel_sdk/lib:/usr/local/lib:/usr/lib/x86_64-linux-gnu/gazebo-11/plugins:/opt/ros/humble/opt/rviz_ogre_vendor/lib:/opt/ros/humble/lib/x86_64-linux-gnu:/opt/ros/humble/lib /usr/bin/cmake --build /home/a/ws_nhk/build/moveit_core -- -j22 -l22[0m
[34.108s] [34mcolcon.colcon_core.shell[0m [1;30mINFO[0m Creating environment hook '/home/a/ws_nhk/install/moveit_core/share/moveit_core/hook/ld_library_path_lib.ps1'
[34.115s] [34mcolcon.colcon_core.shell[0m [1;30mINFO[0m Creating environment descriptor '/home/a/ws_nhk/install/moveit_core/share/moveit_core/hook/ld_library_path_lib.dsv'
[34.118s] [34mcolcon.colcon_core.shell[0m [1;30mINFO[0m Creating environment hook '/home/a/ws_nhk/install/moveit_core/share/moveit_core/hook/ld_library_path_lib.sh'
[34.122s] [34mcolcon.colcon_core.environment[0m [1;30mLevel 1[0m checking '/home/a/ws_nhk/install/moveit_core/bin'
[34.122s] [34mcolcon.colcon_core.shell[0m [1;30mLevel 1[0m create_environment_hook('moveit_core', 'path')
[34.124s] [34mcolcon.colcon_core.shell[0m [1;30mINFO[0m Creating environment hook '/home/a/ws_nhk/install/moveit_core/share/moveit_core/hook/path.ps1'
[34.126s] [34mcolcon.colcon_core.shell[0m [1;30mINFO[0m Creating environment descriptor '/home/a/ws_nhk/install/moveit_core/share/moveit_core/hook/path.dsv'
[34.129s] [34mcolcon.colcon_core.shell[0m [1;30mINFO[0m Creating environment hook '/home/a/ws_nhk/install/moveit_core/share/moveit_core/hook/path.sh'
[34.132s] [34mcolcon.colcon_core.environment[0m [1;30mLevel 1[0m checking '/home/a/ws_nhk/install/moveit_core/lib/pkgconfig/moveit_core.pc'
[34.134s] [34mcolcon.colcon_core.environment[0m [1;30mLevel 1[0m checking '/home/a/ws_nhk/install/moveit_core/lib/python3.10/site-packages'
[34.136s] [34mcolcon.colcon_core.environment[0m [1;30mLevel 1[0m checking '/home/a/ws_nhk/install/moveit_core/bin'
[34.137s] [34mcolcon.colcon_core.shell[0m [1;30mLevel 1[0m create_environment_hook('moveit_core', 'pythonscriptspath')
[34.138s] [34mcolcon.colcon_core.shell[0m [1;30mINFO[0m Creating environment hook '/home/a/ws_nhk/install/moveit_core/share/moveit_core/hook/pythonscriptspath.ps1'
[34.141s] [34mcolcon.colcon_core.shell[0m [1;30mINFO[0m Creating environment descriptor '/home/a/ws_nhk/install/moveit_core/share/moveit_core/hook/pythonscriptspath.dsv'
[34.144s] [34mcolcon.colcon_core.shell[0m [1;30mINFO[0m Creating environment hook '/home/a/ws_nhk/install/moveit_core/share/moveit_core/hook/pythonscriptspath.sh'
[34.149s] [34mcolcon.colcon_core.shell[0m [1;30mINFO[0m Creating package script '/home/a/ws_nhk/install/moveit_core/share/moveit_core/package.ps1'
[34.153s] [34mcolcon.colcon_core.shell[0m [1;30mINFO[0m Creating package descriptor '/home/a/ws_nhk/install/moveit_core/share/moveit_core/package.dsv'
[34.156s] [34mcolcon.colcon_core.shell[0m [1;30mINFO[0m Creating package script '/home/a/ws_nhk/install/moveit_core/share/moveit_core/package.sh'
[34.159s] [34mcolcon.colcon_core.shell[0m [1;30mINFO[0m Creating package script '/home/a/ws_nhk/install/moveit_core/share/moveit_core/package.bash'
[34.161s] [34mcolcon.colcon_core.shell[0m [1;30mINFO[0m Creating package script '/home/a/ws_nhk/install/moveit_core/share/moveit_core/package.zsh'
[34.164s] [34mcolcon.colcon_core.environment[0m [1;30mLevel 1[0m create_file_with_runtime_dependencies(/home/a/ws_nhk/install/moveit_core/share/colcon-core/packages/moveit_core)
[34.547s] [34mcolcon.colcon_parallel_executor.executor.parallel[0m [1;30mDEBUG[0m [32mrun_until_complete finished[0m
[34.547s] [34mcolcon.colcon_parallel_executor.executor.parallel[0m [1;30mDEBUG[0m [32mclosing loop[0m
[34.548s] [34mcolcon.colcon_parallel_executor.executor.parallel[0m [1;30mDEBUG[0m [32mloop closed[0m
[34.548s] [34mcolcon.colcon_core.event_reactor[0m [1;30mDEBUG[0m [32mjoining thread[0m
[34.573s] [34mcolcon.colcon_core.plugin_system[0m [1;30mINFO[0m Skipping extension 'colcon_notification.desktop_notification.terminal_notifier': Not used on non-Darwin systems
[34.574s] [34mcolcon.colcon_core.plugin_system[0m [1;30mINFO[0m Skipping extension 'colcon_notification.desktop_notification.win32': Not used on non-Windows systems
[34.574s] [34mcolcon.colcon_notification.desktop_notification[0m [1;30mINFO[0m Sending desktop notification using 'notify2'
[34.601s] [34mcolcon.colcon_core.event_reactor[0m [1;30mDEBUG[0m [32mjoined thread[0m
[34.602s] [34mcolcon.colcon_core.shell[0m [1;30mINFO[0m Creating prefix script '/home/a/ws_nhk/install/local_setup.ps1'
[34.607s] [34mcolcon.colcon_core.shell[0m [1;30mINFO[0m Creating prefix util module '/home/a/ws_nhk/install/_local_setup_util_ps1.py'
[34.612s] [34mcolcon.colcon_core.shell[0m [1;30mINFO[0m Creating prefix chain script '/home/a/ws_nhk/install/setup.ps1'
[34.622s] [34mcolcon.colcon_core.shell[0m [1;30mINFO[0m Creating prefix script '/home/a/ws_nhk/install/local_setup.sh'
[34.624s] [34mcolcon.colcon_core.shell[0m [1;30mINFO[0m Creating prefix util module '/home/a/ws_nhk/install/_local_setup_util_sh.py'
[34.626s] [34mcolcon.colcon_core.shell[0m [1;30mINFO[0m Creating prefix chain script '/home/a/ws_nhk/install/setup.sh'
[34.636s] [34mcolcon.colcon_core.shell[0m [1;30mINFO[0m Creating prefix script '/home/a/ws_nhk/install/local_setup.bash'
[34.638s] [34mcolcon.colcon_core.shell[0m [1;30mINFO[0m Creating prefix chain script '/home/a/ws_nhk/install/setup.bash'
[34.648s] [34mcolcon.colcon_core.shell[0m [1;30mINFO[0m Creating prefix script '/home/a/ws_nhk/install/local_setup.zsh'
[34.650s] [34mcolcon.colcon_core.shell[0m [1;30mINFO[0m Creating prefix chain script '/home/a/ws_nhk/install/setup.zsh'
