[0.015s] Invoking command in '/home/a/ws_nhk/build/stm32_mavlink_msgs': CMAKE_PREFIX_PATH=${CMAKE_PREFIX_PATH}:/home/a/ws_nhk/install/moveit_configs_utils:/home/a/ws_nhk/install/rogidrive:/home/a/ws_nhk/install/launch_param_builder:/home/a/ws_nhk/install/dynamixel_controller_gui:/home/a/ws_nhk/install/dynamixel_controller_client:/opt/ros/humble /usr/bin/cmake --build /home/a/ws_nhk/build/stm32_mavlink_msgs -- -j22 -l22
[0.067s] [  1%] [34m[1mGenerating C code for ROS interfaces[0m
[0.080s] [  1%] [34m[1mGenerating C++ code for ROS interfaces[0m
[0.088s] [  1%] Built target ament_cmake_python_copy_stm32_mavlink_msgs
[0.277s] running egg_info
[0.277s] writing stm32_mavlink_msgs.egg-info/PKG-INFO
[0.278s] writing dependency_links to stm32_mavlink_msgs.egg-info/dependency_links.txt
[0.278s] writing top-level names to stm32_mavlink_msgs.egg-info/top_level.txt
[0.279s] reading manifest file 'stm32_mavlink_msgs.egg-info/SOURCES.txt'
[0.279s] writing manifest file 'stm32_mavlink_msgs.egg-info/SOURCES.txt'
[0.303s] [  1%] Built target ament_cmake_python_build_stm32_mavlink_msgs_egg
[3.336s] [  1%] [32mBuilding C object CMakeFiles/stm32_mavlink_msgs__rosidl_generator_c.dir/rosidl_generator_c/stm32_mavlink_msgs/msg/detail/servo_command__functions.c.o[0m
[3.336s] [  1%] [32mBuilding C object CMakeFiles/stm32_mavlink_msgs__rosidl_generator_c.dir/rosidl_generator_c/stm32_mavlink_msgs/msg/detail/robomaster_motor_command__functions.c.o[0m
[3.336s] [  1%] [32mBuilding C object CMakeFiles/stm32_mavlink_msgs__rosidl_generator_c.dir/rosidl_generator_c/stm32_mavlink_msgs/msg/detail/servo_state__functions.c.o[0m
[3.337s] [  2%] [32mBuilding C object CMakeFiles/stm32_mavlink_msgs__rosidl_generator_c.dir/rosidl_generator_c/stm32_mavlink_msgs/msg/detail/robomaster_motor_state__functions.c.o[0m
[3.337s] [  3%] [32mBuilding C object CMakeFiles/stm32_mavlink_msgs__rosidl_generator_c.dir/rosidl_generator_c/stm32_mavlink_msgs/msg/detail/encoder_state__functions.c.o[0m
[3.337s] [  3%] [32mBuilding C object CMakeFiles/stm32_mavlink_msgs__rosidl_generator_c.dir/rosidl_generator_c/stm32_mavlink_msgs/msg/detail/encoder_config__functions.c.o[0m
[3.345s] [  4%] [32mBuilding C object CMakeFiles/stm32_mavlink_msgs__rosidl_generator_c.dir/rosidl_generator_c/stm32_mavlink_msgs/msg/detail/dc_motor_command__functions.c.o[0m
[3.345s] [  4%] [32mBuilding C object CMakeFiles/stm32_mavlink_msgs__rosidl_generator_c.dir/rosidl_generator_c/stm32_mavlink_msgs/msg/detail/robomaster_motor_config__functions.c.o[0m
[3.345s] [  4%] [32mBuilding C object CMakeFiles/stm32_mavlink_msgs__rosidl_generator_c.dir/rosidl_generator_c/stm32_mavlink_msgs/msg/detail/dc_motor_state__functions.c.o[0m
[3.349s] [  4%] [32mBuilding C object CMakeFiles/stm32_mavlink_msgs__rosidl_generator_c.dir/rosidl_generator_c/stm32_mavlink_msgs/msg/detail/dc_motor_config__functions.c.o[0m
[3.353s] [  5%] [32mBuilding C object CMakeFiles/stm32_mavlink_msgs__rosidl_generator_c.dir/rosidl_generator_c/stm32_mavlink_msgs/msg/detail/rs485_motor_command__functions.c.o[0m
[3.353s] [  5%] [32mBuilding C object CMakeFiles/stm32_mavlink_msgs__rosidl_generator_c.dir/rosidl_generator_c/stm32_mavlink_msgs/msg/detail/rs485_motor_state__functions.c.o[0m
[3.357s] [  5%] [32mBuilding C object CMakeFiles/stm32_mavlink_msgs__rosidl_generator_c.dir/rosidl_generator_c/stm32_mavlink_msgs/msg/detail/rs485_motor_config__functions.c.o[0m
[3.362s] [  6%] [32mBuilding C object CMakeFiles/stm32_mavlink_msgs__rosidl_generator_c.dir/rosidl_generator_c/stm32_mavlink_msgs/msg/detail/rs485_read_request__functions.c.o[0m
[3.369s] [  6%] [32mBuilding C object CMakeFiles/stm32_mavlink_msgs__rosidl_generator_c.dir/rosidl_generator_c/stm32_mavlink_msgs/msg/detail/rs485_read_response__functions.c.o[0m
[3.373s] [  7%] [32mBuilding C object CMakeFiles/stm32_mavlink_msgs__rosidl_generator_c.dir/rosidl_generator_c/stm32_mavlink_msgs/msg/detail/rs485_write_request__functions.c.o[0m
[3.380s] [  7%] [32mBuilding C object CMakeFiles/stm32_mavlink_msgs__rosidl_generator_c.dir/rosidl_generator_c/stm32_mavlink_msgs/msg/detail/rs485_write_response__functions.c.o[0m
[3.389s] [  7%] [32mBuilding C object CMakeFiles/stm32_mavlink_msgs__rosidl_generator_c.dir/rosidl_generator_c/stm32_mavlink_msgs/msg/detail/rs485_flash_save_request__functions.c.o[0m
[3.389s] [  8%] [32mBuilding C object CMakeFiles/stm32_mavlink_msgs__rosidl_generator_c.dir/rosidl_generator_c/stm32_mavlink_msgs/msg/detail/limit_switch_status__functions.c.o[0m
[3.403s] [  8%] [32mBuilding C object CMakeFiles/stm32_mavlink_msgs__rosidl_generator_c.dir/rosidl_generator_c/stm32_mavlink_msgs/msg/detail/wtt12_l_status__functions.c.o[0m
[3.405s] [  8%] [32mBuilding C object CMakeFiles/stm32_mavlink_msgs__rosidl_generator_c.dir/rosidl_generator_c/stm32_mavlink_msgs/msg/detail/solenoid_command__functions.c.o[0m
[3.406s] [  9%] [32mBuilding C object CMakeFiles/stm32_mavlink_msgs__rosidl_generator_c.dir/rosidl_generator_c/stm32_mavlink_msgs/msg/detail/solenoid_status__functions.c.o[0m
[3.413s] [  9%] [32mBuilding C object CMakeFiles/stm32_mavlink_msgs__rosidl_generator_c.dir/rosidl_generator_c/stm32_mavlink_msgs/srv/detail/set_servo_config__functions.c.o[0m
[3.416s] [  9%] [32mBuilding C object CMakeFiles/stm32_mavlink_msgs__rosidl_generator_c.dir/rosidl_generator_c/stm32_mavlink_msgs/srv/detail/set_encoder_config__functions.c.o[0m
[3.416s] [  9%] [32mBuilding C object CMakeFiles/stm32_mavlink_msgs__rosidl_generator_c.dir/rosidl_generator_c/stm32_mavlink_msgs/srv/detail/get_robomaster_motor_config__functions.c.o[0m
[3.416s] [ 10%] [32mBuilding C object CMakeFiles/stm32_mavlink_msgs__rosidl_generator_c.dir/rosidl_generator_c/stm32_mavlink_msgs/srv/detail/set_robomaster_motor_config__functions.c.o[0m
[3.421s] [ 10%] [32mBuilding C object CMakeFiles/stm32_mavlink_msgs__rosidl_generator_c.dir/rosidl_generator_c/stm32_mavlink_msgs/srv/detail/get_dc_motor_config__functions.c.o[0m
[3.424s] [ 11%] [32mBuilding C object CMakeFiles/stm32_mavlink_msgs__rosidl_generator_c.dir/rosidl_generator_c/stm32_mavlink_msgs/srv/detail/set_dc_motor_config__functions.c.o[0m
[3.429s] [ 11%] [32mBuilding C object CMakeFiles/stm32_mavlink_msgs__rosidl_generator_c.dir/rosidl_generator_c/stm32_mavlink_msgs/srv/detail/read_rs485_param__functions.c.o[0m
[3.436s] [ 11%] [32mBuilding C object CMakeFiles/stm32_mavlink_msgs__rosidl_generator_c.dir/rosidl_generator_c/stm32_mavlink_msgs/srv/detail/flash_save_rs485__functions.c.o[0m
[3.437s] [ 12%] [32mBuilding C object CMakeFiles/stm32_mavlink_msgs__rosidl_generator_c.dir/rosidl_generator_c/stm32_mavlink_msgs/srv/detail/write_rs485_param__functions.c.o[0m
[3.494s] [ 12%] Built target stm32_mavlink_msgs__cpp
[3.505s] [ 15%] [34m[1mGenerating C++ type support for eProsima Fast-RTPS[0m
[3.505s] [ 15%] [34m[1mGenerating C++ introspection for ROS interfaces[0m
[3.505s] [ 15%] [34m[1mGenerating C++ type support dispatch for ROS interfaces[0m
[3.509s] [ 15%] [32m[1mLinking C shared library libstm32_mavlink_msgs__rosidl_generator_c.so[0m
[3.549s] [ 15%] Built target stm32_mavlink_msgs__rosidl_generator_c
[3.561s] [ 17%] [34m[1mGenerating C type support dispatch for ROS interfaces[0m
[3.561s] [ 17%] [34m[1mGenerating C introspection for ROS interfaces[0m
[3.561s] [ 18%] [34m[1mGenerating C type support for eProsima Fast-RTPS[0m
[7.951s] [ 18%] [32mBuilding CXX object CMakeFiles/stm32_mavlink_msgs__rosidl_typesupport_cpp.dir/rosidl_typesupport_cpp/stm32_mavlink_msgs/msg/dc_motor_command__type_support.cpp.o[0m
[7.954s] [ 18%] [32mBuilding CXX object CMakeFiles/stm32_mavlink_msgs__rosidl_typesupport_cpp.dir/rosidl_typesupport_cpp/stm32_mavlink_msgs/msg/encoder_config__type_support.cpp.o[0m
[7.954s] [ 18%] [32mBuilding CXX object CMakeFiles/stm32_mavlink_msgs__rosidl_typesupport_cpp.dir/rosidl_typesupport_cpp/stm32_mavlink_msgs/msg/robomaster_motor_command__type_support.cpp.o[0m
[7.954s] [ 18%] [32mBuilding CXX object CMakeFiles/stm32_mavlink_msgs__rosidl_typesupport_cpp.dir/rosidl_typesupport_cpp/stm32_mavlink_msgs/msg/servo_state__type_support.cpp.o[0m
[7.955s] [ 19%] [32mBuilding CXX object CMakeFiles/stm32_mavlink_msgs__rosidl_typesupport_cpp.dir/rosidl_typesupport_cpp/stm32_mavlink_msgs/msg/encoder_state__type_support.cpp.o[0m
[7.957s] [ 19%] [32mBuilding CXX object CMakeFiles/stm32_mavlink_msgs__rosidl_typesupport_cpp.dir/rosidl_typesupport_cpp/stm32_mavlink_msgs/msg/robomaster_motor_config__type_support.cpp.o[0m
[7.959s] [ 19%] [32mBuilding CXX object CMakeFiles/stm32_mavlink_msgs__rosidl_typesupport_cpp.dir/rosidl_typesupport_cpp/stm32_mavlink_msgs/msg/rs485_read_response__type_support.cpp.o[0m
[7.960s] [ 19%] [32mBuilding CXX object CMakeFiles/stm32_mavlink_msgs__rosidl_typesupport_cpp.dir/rosidl_typesupport_cpp/stm32_mavlink_msgs/msg/rs485_motor_state__type_support.cpp.o[0m
[7.960s] [ 19%] [32mBuilding CXX object CMakeFiles/stm32_mavlink_msgs__rosidl_typesupport_cpp.dir/rosidl_typesupport_cpp/stm32_mavlink_msgs/msg/rs485_motor_config__type_support.cpp.o[0m
[7.960s] [ 20%] [32mBuilding CXX object CMakeFiles/stm32_mavlink_msgs__rosidl_typesupport_cpp.dir/rosidl_typesupport_cpp/stm32_mavlink_msgs/msg/robomaster_motor_state__type_support.cpp.o[0m
[7.961s] [ 20%] [32mBuilding CXX object CMakeFiles/stm32_mavlink_msgs__rosidl_typesupport_cpp.dir/rosidl_typesupport_cpp/stm32_mavlink_msgs/msg/dc_motor_config__type_support.cpp.o[0m
[7.961s] [ 21%] [32mBuilding CXX object CMakeFiles/stm32_mavlink_msgs__rosidl_typesupport_cpp.dir/rosidl_typesupport_cpp/stm32_mavlink_msgs/msg/dc_motor_state__type_support.cpp.o[0m
[7.961s] [ 22%] [32mBuilding CXX object CMakeFiles/stm32_mavlink_msgs__rosidl_typesupport_cpp.dir/rosidl_typesupport_cpp/stm32_mavlink_msgs/msg/rs485_motor_command__type_support.cpp.o[0m
[7.961s] [ 23%] [32mBuilding CXX object CMakeFiles/stm32_mavlink_msgs__rosidl_typesupport_cpp.dir/rosidl_typesupport_cpp/stm32_mavlink_msgs/msg/rs485_read_request__type_support.cpp.o[0m
[7.966s] [ 23%] [32mBuilding CXX object CMakeFiles/stm32_mavlink_msgs__rosidl_typesupport_cpp.dir/rosidl_typesupport_cpp/stm32_mavlink_msgs/msg/servo_command__type_support.cpp.o[0m
[7.971s] [ 24%] [32mBuilding CXX object CMakeFiles/stm32_mavlink_msgs__rosidl_typesupport_cpp.dir/rosidl_typesupport_cpp/stm32_mavlink_msgs/msg/rs485_write_response__type_support.cpp.o[0m
[7.983s] [ 24%] [32mBuilding CXX object CMakeFiles/stm32_mavlink_msgs__rosidl_typesupport_cpp.dir/rosidl_typesupport_cpp/stm32_mavlink_msgs/msg/rs485_write_request__type_support.cpp.o[0m
[9.356s] [ 24%] [32mBuilding CXX object CMakeFiles/stm32_mavlink_msgs__rosidl_typesupport_cpp.dir/rosidl_typesupport_cpp/stm32_mavlink_msgs/msg/rs485_flash_save_request__type_support.cpp.o[0m
[9.368s] [ 24%] [32mBuilding CXX object CMakeFiles/stm32_mavlink_msgs__rosidl_typesupport_cpp.dir/rosidl_typesupport_cpp/stm32_mavlink_msgs/msg/wtt12_l_status__type_support.cpp.o[0m
[9.370s] [ 25%] [32mBuilding CXX object CMakeFiles/stm32_mavlink_msgs__rosidl_typesupport_cpp.dir/rosidl_typesupport_cpp/stm32_mavlink_msgs/msg/limit_switch_status__type_support.cpp.o[0m
[9.379s] [ 25%] [32mBuilding CXX object CMakeFiles/stm32_mavlink_msgs__rosidl_typesupport_cpp.dir/rosidl_typesupport_cpp/stm32_mavlink_msgs/msg/solenoid_command__type_support.cpp.o[0m
[9.397s] [ 25%] [32mBuilding CXX object CMakeFiles/stm32_mavlink_msgs__rosidl_typesupport_cpp.dir/rosidl_typesupport_cpp/stm32_mavlink_msgs/srv/set_encoder_config__type_support.cpp.o[0m
[9.411s] [ 26%] [32mBuilding CXX object CMakeFiles/stm32_mavlink_msgs__rosidl_typesupport_cpp.dir/rosidl_typesupport_cpp/stm32_mavlink_msgs/msg/solenoid_status__type_support.cpp.o[0m
[9.414s] [ 27%] [32mBuilding CXX object CMakeFiles/stm32_mavlink_msgs__rosidl_typesupport_cpp.dir/rosidl_typesupport_cpp/stm32_mavlink_msgs/srv/set_robomaster_motor_config__type_support.cpp.o[0m
[9.441s] [ 27%] [32mBuilding CXX object CMakeFiles/stm32_mavlink_msgs__rosidl_typesupport_cpp.dir/rosidl_typesupport_cpp/stm32_mavlink_msgs/srv/set_servo_config__type_support.cpp.o[0m
[9.472s] [ 27%] [32mBuilding CXX object CMakeFiles/stm32_mavlink_msgs__rosidl_typesupport_cpp.dir/rosidl_typesupport_cpp/stm32_mavlink_msgs/srv/get_robomaster_motor_config__type_support.cpp.o[0m
[9.499s] [ 27%] [32mBuilding CXX object CMakeFiles/stm32_mavlink_msgs__rosidl_typesupport_cpp.dir/rosidl_typesupport_cpp/stm32_mavlink_msgs/srv/set_dc_motor_config__type_support.cpp.o[0m
[9.538s] [ 28%] [32mBuilding CXX object CMakeFiles/stm32_mavlink_msgs__rosidl_typesupport_cpp.dir/rosidl_typesupport_cpp/stm32_mavlink_msgs/srv/get_dc_motor_config__type_support.cpp.o[0m
[9.540s] [ 28%] [32mBuilding CXX object CMakeFiles/stm32_mavlink_msgs__rosidl_typesupport_cpp.dir/rosidl_typesupport_cpp/stm32_mavlink_msgs/srv/read_rs485_param__type_support.cpp.o[0m
[9.548s] [ 29%] [32mBuilding CXX object CMakeFiles/stm32_mavlink_msgs__rosidl_typesupport_cpp.dir/rosidl_typesupport_cpp/stm32_mavlink_msgs/srv/write_rs485_param__type_support.cpp.o[0m
[9.567s] [ 29%] [32mBuilding CXX object CMakeFiles/stm32_mavlink_msgs__rosidl_typesupport_cpp.dir/rosidl_typesupport_cpp/stm32_mavlink_msgs/srv/flash_save_rs485__type_support.cpp.o[0m
[11.322s] [ 29%] [32mBuilding CXX object CMakeFiles/stm32_mavlink_msgs__rosidl_typesupport_c.dir/rosidl_typesupport_c/stm32_mavlink_msgs/msg/servo_command__type_support.cpp.o[0m
[11.327s] [ 29%] [32mBuilding CXX object CMakeFiles/stm32_mavlink_msgs__rosidl_typesupport_c.dir/rosidl_typesupport_c/stm32_mavlink_msgs/msg/servo_state__type_support.cpp.o[0m
[11.392s] [ 30%] [32mBuilding CXX object CMakeFiles/stm32_mavlink_msgs__rosidl_typesupport_c.dir/rosidl_typesupport_c/stm32_mavlink_msgs/msg/encoder_state__type_support.cpp.o[0m
[11.394s] [ 30%] [32mBuilding CXX object CMakeFiles/stm32_mavlink_msgs__rosidl_typesupport_c.dir/rosidl_typesupport_c/stm32_mavlink_msgs/msg/encoder_config__type_support.cpp.o[0m
[11.405s] [ 30%] [32mBuilding CXX object CMakeFiles/stm32_mavlink_msgs__rosidl_typesupport_c.dir/rosidl_typesupport_c/stm32_mavlink_msgs/msg/robomaster_motor_command__type_support.cpp.o[0m
[11.408s] [ 30%] [32mBuilding CXX object CMakeFiles/stm32_mavlink_msgs__rosidl_typesupport_c.dir/rosidl_typesupport_c/stm32_mavlink_msgs/msg/robomaster_motor_config__type_support.cpp.o[0m
[11.417s] [ 31%] [32mBuilding CXX object CMakeFiles/stm32_mavlink_msgs__rosidl_typesupport_c.dir/rosidl_typesupport_c/stm32_mavlink_msgs/msg/robomaster_motor_state__type_support.cpp.o[0m
[11.418s] [ 32%] [32mBuilding CXX object CMakeFiles/stm32_mavlink_msgs__rosidl_typesupport_c.dir/rosidl_typesupport_c/stm32_mavlink_msgs/msg/dc_motor_command__type_support.cpp.o[0m
[11.448s] [ 32%] [32m[1mLinking CXX shared library libstm32_mavlink_msgs__rosidl_typesupport_cpp.so[0m
[11.451s] [ 32%] [32mBuilding CXX object CMakeFiles/stm32_mavlink_msgs__rosidl_typesupport_c.dir/rosidl_typesupport_c/stm32_mavlink_msgs/msg/dc_motor_state__type_support.cpp.o[0m
[11.480s] [ 32%] [32mBuilding CXX object CMakeFiles/stm32_mavlink_msgs__rosidl_typesupport_c.dir/rosidl_typesupport_c/stm32_mavlink_msgs/msg/dc_motor_config__type_support.cpp.o[0m
[11.480s] [ 33%] [32mBuilding CXX object CMakeFiles/stm32_mavlink_msgs__rosidl_typesupport_c.dir/rosidl_typesupport_c/stm32_mavlink_msgs/msg/rs485_motor_command__type_support.cpp.o[0m
[11.483s] [ 33%] [32mBuilding CXX object CMakeFiles/stm32_mavlink_msgs__rosidl_typesupport_c.dir/rosidl_typesupport_c/stm32_mavlink_msgs/msg/rs485_motor_state__type_support.cpp.o[0m
[11.492s] [ 33%] [32mBuilding CXX object CMakeFiles/stm32_mavlink_msgs__rosidl_typesupport_c.dir/rosidl_typesupport_c/stm32_mavlink_msgs/msg/rs485_motor_config__type_support.cpp.o[0m
[11.513s] [ 33%] [32mBuilding CXX object CMakeFiles/stm32_mavlink_msgs__rosidl_typesupport_c.dir/rosidl_typesupport_c/stm32_mavlink_msgs/msg/rs485_read_response__type_support.cpp.o[0m
[11.524s] [ 34%] [32mBuilding CXX object CMakeFiles/stm32_mavlink_msgs__rosidl_typesupport_c.dir/rosidl_typesupport_c/stm32_mavlink_msgs/msg/rs485_read_request__type_support.cpp.o[0m
[11.537s] [ 34%] [32mBuilding CXX object CMakeFiles/stm32_mavlink_msgs__rosidl_typesupport_c.dir/rosidl_typesupport_c/stm32_mavlink_msgs/msg/rs485_write_request__type_support.cpp.o[0m
[11.570s] [ 35%] [32mBuilding CXX object CMakeFiles/stm32_mavlink_msgs__rosidl_typesupport_c.dir/rosidl_typesupport_c/stm32_mavlink_msgs/msg/rs485_write_response__type_support.cpp.o[0m
[11.588s] [ 35%] [32mBuilding CXX object CMakeFiles/stm32_mavlink_msgs__rosidl_typesupport_c.dir/rosidl_typesupport_c/stm32_mavlink_msgs/msg/rs485_flash_save_request__type_support.cpp.o[0m
[11.624s] [ 36%] [32mBuilding CXX object CMakeFiles/stm32_mavlink_msgs__rosidl_typesupport_c.dir/rosidl_typesupport_c/stm32_mavlink_msgs/msg/limit_switch_status__type_support.cpp.o[0m
[11.630s] [ 36%] [32mBuilding CXX object CMakeFiles/stm32_mavlink_msgs__rosidl_typesupport_c.dir/rosidl_typesupport_c/stm32_mavlink_msgs/msg/wtt12_l_status__type_support.cpp.o[0m
[11.632s] [ 36%] [32mBuilding CXX object CMakeFiles/stm32_mavlink_msgs__rosidl_typesupport_c.dir/rosidl_typesupport_c/stm32_mavlink_msgs/msg/solenoid_command__type_support.cpp.o[0m
[11.649s] [ 36%] [32mBuilding CXX object CMakeFiles/stm32_mavlink_msgs__rosidl_typesupport_fastrtps_cpp.dir/rosidl_typesupport_fastrtps_cpp/stm32_mavlink_msgs/msg/detail/dds_fastrtps/servo_state__type_support.cpp.o[0m
[11.649s] [ 36%] [32mBuilding CXX object CMakeFiles/stm32_mavlink_msgs__rosidl_typesupport_fastrtps_cpp.dir/rosidl_typesupport_fastrtps_cpp/stm32_mavlink_msgs/msg/detail/dds_fastrtps/servo_command__type_support.cpp.o[0m
[11.676s] [ 36%] [32mBuilding CXX object CMakeFiles/stm32_mavlink_msgs__rosidl_typesupport_fastrtps_cpp.dir/rosidl_typesupport_fastrtps_cpp/stm32_mavlink_msgs/msg/detail/dds_fastrtps/encoder_config__type_support.cpp.o[0m
[11.680s] [ 37%] [32mBuilding CXX object CMakeFiles/stm32_mavlink_msgs__rosidl_typesupport_fastrtps_cpp.dir/rosidl_typesupport_fastrtps_cpp/stm32_mavlink_msgs/msg/detail/dds_fastrtps/encoder_state__type_support.cpp.o[0m
[11.685s] [ 37%] [32mBuilding CXX object CMakeFiles/stm32_mavlink_msgs__rosidl_typesupport_fastrtps_cpp.dir/rosidl_typesupport_fastrtps_cpp/stm32_mavlink_msgs/msg/detail/dds_fastrtps/robomaster_motor_command__type_support.cpp.o[0m
[11.700s] [ 38%] [32mBuilding CXX object CMakeFiles/stm32_mavlink_msgs__rosidl_typesupport_fastrtps_cpp.dir/rosidl_typesupport_fastrtps_cpp/stm32_mavlink_msgs/msg/detail/dds_fastrtps/robomaster_motor_state__type_support.cpp.o[0m
[11.716s] [ 38%] [32mBuilding CXX object CMakeFiles/stm32_mavlink_msgs__rosidl_typesupport_fastrtps_cpp.dir/rosidl_typesupport_fastrtps_cpp/stm32_mavlink_msgs/msg/detail/dds_fastrtps/robomaster_motor_config__type_support.cpp.o[0m
[11.728s] [ 38%] [32mBuilding CXX object CMakeFiles/stm32_mavlink_msgs__rosidl_typesupport_fastrtps_cpp.dir/rosidl_typesupport_fastrtps_cpp/stm32_mavlink_msgs/msg/detail/dds_fastrtps/dc_motor_state__type_support.cpp.o[0m
[11.754s] [ 39%] [32mBuilding CXX object CMakeFiles/stm32_mavlink_msgs__rosidl_typesupport_fastrtps_cpp.dir/rosidl_typesupport_fastrtps_cpp/stm32_mavlink_msgs/msg/detail/dds_fastrtps/dc_motor_command__type_support.cpp.o[0m
[11.754s] [ 40%] [32mBuilding CXX object CMakeFiles/stm32_mavlink_msgs__rosidl_typesupport_c.dir/rosidl_typesupport_c/stm32_mavlink_msgs/msg/solenoid_status__type_support.cpp.o[0m
[11.757s] [ 40%] [32mBuilding CXX object CMakeFiles/stm32_mavlink_msgs__rosidl_typesupport_c.dir/rosidl_typesupport_c/stm32_mavlink_msgs/srv/set_servo_config__type_support.cpp.o[0m
[11.791s] [ 40%] Built target stm32_mavlink_msgs__rosidl_typesupport_cpp
[11.803s] [ 40%] [32mBuilding CXX object CMakeFiles/stm32_mavlink_msgs__rosidl_typesupport_fastrtps_cpp.dir/rosidl_typesupport_fastrtps_cpp/stm32_mavlink_msgs/msg/detail/dds_fastrtps/dc_motor_config__type_support.cpp.o[0m
[11.808s] [ 40%] [32mBuilding CXX object CMakeFiles/stm32_mavlink_msgs__rosidl_typesupport_c.dir/rosidl_typesupport_c/stm32_mavlink_msgs/srv/set_encoder_config__type_support.cpp.o[0m
[11.811s] [ 41%] [32mBuilding CXX object CMakeFiles/stm32_mavlink_msgs__rosidl_typesupport_fastrtps_cpp.dir/rosidl_typesupport_fastrtps_cpp/stm32_mavlink_msgs/msg/detail/dds_fastrtps/rs485_motor_command__type_support.cpp.o[0m
[11.824s] [ 41%] [32mBuilding CXX object CMakeFiles/stm32_mavlink_msgs__rosidl_typesupport_fastrtps_cpp.dir/rosidl_typesupport_fastrtps_cpp/stm32_mavlink_msgs/msg/detail/dds_fastrtps/rs485_motor_state__type_support.cpp.o[0m
[11.852s] [ 41%] [32mBuilding CXX object CMakeFiles/stm32_mavlink_msgs__rosidl_typesupport_fastrtps_cpp.dir/rosidl_typesupport_fastrtps_cpp/stm32_mavlink_msgs/msg/detail/dds_fastrtps/rs485_motor_config__type_support.cpp.o[0m
[11.898s] [ 42%] [32mBuilding CXX object CMakeFiles/stm32_mavlink_msgs__rosidl_typesupport_fastrtps_cpp.dir/rosidl_typesupport_fastrtps_cpp/stm32_mavlink_msgs/msg/detail/dds_fastrtps/rs485_read_request__type_support.cpp.o[0m
[11.916s] [ 42%] [32mBuilding CXX object CMakeFiles/stm32_mavlink_msgs__rosidl_typesupport_fastrtps_cpp.dir/rosidl_typesupport_fastrtps_cpp/stm32_mavlink_msgs/msg/detail/dds_fastrtps/rs485_read_response__type_support.cpp.o[0m
[11.918s] [ 43%] [32mBuilding CXX object CMakeFiles/stm32_mavlink_msgs__rosidl_typesupport_c.dir/rosidl_typesupport_c/stm32_mavlink_msgs/srv/set_robomaster_motor_config__type_support.cpp.o[0m
[11.957s] [ 43%] [32mBuilding CXX object CMakeFiles/stm32_mavlink_msgs__rosidl_typesupport_c.dir/rosidl_typesupport_c/stm32_mavlink_msgs/srv/get_robomaster_motor_config__type_support.cpp.o[0m
[11.967s] [ 44%] [32mBuilding CXX object CMakeFiles/stm32_mavlink_msgs__rosidl_typesupport_fastrtps_cpp.dir/rosidl_typesupport_fastrtps_cpp/stm32_mavlink_msgs/msg/detail/dds_fastrtps/rs485_write_request__type_support.cpp.o[0m
[12.013s] [ 45%] [32mBuilding CXX object CMakeFiles/stm32_mavlink_msgs__rosidl_typesupport_c.dir/rosidl_typesupport_c/stm32_mavlink_msgs/srv/set_dc_motor_config__type_support.cpp.o[0m
[12.130s] [ 45%] [32mBuilding CXX object CMakeFiles/stm32_mavlink_msgs__rosidl_typesupport_fastrtps_cpp.dir/rosidl_typesupport_fastrtps_cpp/stm32_mavlink_msgs/msg/detail/dds_fastrtps/rs485_write_response__type_support.cpp.o[0m
[12.170s] [ 45%] [32mBuilding CXX object CMakeFiles/stm32_mavlink_msgs__rosidl_typesupport_fastrtps_cpp.dir/rosidl_typesupport_fastrtps_cpp/stm32_mavlink_msgs/msg/detail/dds_fastrtps/rs485_flash_save_request__type_support.cpp.o[0m
[12.232s] [ 45%] [32mBuilding CXX object CMakeFiles/stm32_mavlink_msgs__rosidl_typesupport_c.dir/rosidl_typesupport_c/stm32_mavlink_msgs/srv/get_dc_motor_config__type_support.cpp.o[0m
[12.451s] [ 45%] [32mBuilding CXX object CMakeFiles/stm32_mavlink_msgs__rosidl_typesupport_c.dir/rosidl_typesupport_c/stm32_mavlink_msgs/srv/read_rs485_param__type_support.cpp.o[0m
[12.708s] [ 46%] [32mBuilding CXX object CMakeFiles/stm32_mavlink_msgs__rosidl_typesupport_c.dir/rosidl_typesupport_c/stm32_mavlink_msgs/srv/write_rs485_param__type_support.cpp.o[0m
[12.987s] [ 46%] [32mBuilding CXX object CMakeFiles/stm32_mavlink_msgs__rosidl_typesupport_c.dir/rosidl_typesupport_c/stm32_mavlink_msgs/srv/flash_save_rs485__type_support.cpp.o[0m
[13.266s] [ 46%] [32m[1mLinking CXX shared library libstm32_mavlink_msgs__rosidl_typesupport_c.so[0m
[13.542s] [ 46%] [32mBuilding CXX object CMakeFiles/stm32_mavlink_msgs__rosidl_typesupport_introspection_cpp.dir/rosidl_typesupport_introspection_cpp/stm32_mavlink_msgs/msg/detail/servo_command__type_support.cpp.o[0m
[13.838s] [ 46%] Built target stm32_mavlink_msgs__rosidl_typesupport_c
[13.950s] [ 46%] [32mBuilding CXX object CMakeFiles/stm32_mavlink_msgs__rosidl_typesupport_introspection_cpp.dir/rosidl_typesupport_introspection_cpp/stm32_mavlink_msgs/msg/detail/servo_state__type_support.cpp.o[0m
[14.204s] [ 47%] [32mBuilding CXX object CMakeFiles/stm32_mavlink_msgs__rosidl_typesupport_fastrtps_cpp.dir/rosidl_typesupport_fastrtps_cpp/stm32_mavlink_msgs/msg/detail/dds_fastrtps/limit_switch_status__type_support.cpp.o[0m
[14.219s] [ 48%] [32mBuilding CXX object CMakeFiles/stm32_mavlink_msgs__rosidl_typesupport_introspection_cpp.dir/rosidl_typesupport_introspection_cpp/stm32_mavlink_msgs/msg/detail/encoder_state__type_support.cpp.o[0m
[14.243s] [ 48%] [32mBuilding CXX object CMakeFiles/stm32_mavlink_msgs__rosidl_typesupport_introspection_cpp.dir/rosidl_typesupport_introspection_cpp/stm32_mavlink_msgs/msg/detail/encoder_config__type_support.cpp.o[0m
[14.290s] [ 49%] [32mBuilding CXX object CMakeFiles/stm32_mavlink_msgs__rosidl_typesupport_introspection_cpp.dir/rosidl_typesupport_introspection_cpp/stm32_mavlink_msgs/msg/detail/robomaster_motor_command__type_support.cpp.o[0m
[14.334s] [ 49%] [32mBuilding CXX object CMakeFiles/stm32_mavlink_msgs__rosidl_typesupport_fastrtps_cpp.dir/rosidl_typesupport_fastrtps_cpp/stm32_mavlink_msgs/msg/detail/dds_fastrtps/wtt12_l_status__type_support.cpp.o[0m
[14.391s] [ 49%] [32mBuilding CXX object CMakeFiles/stm32_mavlink_msgs__rosidl_typesupport_fastrtps_cpp.dir/rosidl_typesupport_fastrtps_cpp/stm32_mavlink_msgs/msg/detail/dds_fastrtps/solenoid_command__type_support.cpp.o[0m
[14.472s] [ 49%] [32mBuilding CXX object CMakeFiles/stm32_mavlink_msgs__rosidl_typesupport_introspection_cpp.dir/rosidl_typesupport_introspection_cpp/stm32_mavlink_msgs/msg/detail/robomaster_motor_config__type_support.cpp.o[0m
[14.491s] [ 49%] [32mBuilding CXX object CMakeFiles/stm32_mavlink_msgs__rosidl_typesupport_introspection_cpp.dir/rosidl_typesupport_introspection_cpp/stm32_mavlink_msgs/msg/detail/robomaster_motor_state__type_support.cpp.o[0m
[14.511s] [ 50%] [32mBuilding CXX object CMakeFiles/stm32_mavlink_msgs__rosidl_typesupport_fastrtps_cpp.dir/rosidl_typesupport_fastrtps_cpp/stm32_mavlink_msgs/msg/detail/dds_fastrtps/solenoid_status__type_support.cpp.o[0m
[14.542s] [ 51%] [32mBuilding CXX object CMakeFiles/stm32_mavlink_msgs__rosidl_typesupport_introspection_cpp.dir/rosidl_typesupport_introspection_cpp/stm32_mavlink_msgs/msg/detail/dc_motor_command__type_support.cpp.o[0m
[14.599s] [ 51%] [32mBuilding CXX object CMakeFiles/stm32_mavlink_msgs__rosidl_typesupport_fastrtps_cpp.dir/rosidl_typesupport_fastrtps_cpp/stm32_mavlink_msgs/srv/detail/dds_fastrtps/set_servo_config__type_support.cpp.o[0m
[14.633s] [ 51%] [32mBuilding CXX object CMakeFiles/stm32_mavlink_msgs__rosidl_typesupport_introspection_cpp.dir/rosidl_typesupport_introspection_cpp/stm32_mavlink_msgs/msg/detail/dc_motor_config__type_support.cpp.o[0m
[14.645s] [ 51%] [32mBuilding CXX object CMakeFiles/stm32_mavlink_msgs__rosidl_typesupport_introspection_cpp.dir/rosidl_typesupport_introspection_cpp/stm32_mavlink_msgs/msg/detail/dc_motor_state__type_support.cpp.o[0m
[14.711s] [ 52%] [32mBuilding CXX object CMakeFiles/stm32_mavlink_msgs__rosidl_typesupport_introspection_cpp.dir/rosidl_typesupport_introspection_cpp/stm32_mavlink_msgs/msg/detail/rs485_motor_command__type_support.cpp.o[0m
[14.715s] [ 52%] [32mBuilding CXX object CMakeFiles/stm32_mavlink_msgs__rosidl_typesupport_fastrtps_cpp.dir/rosidl_typesupport_fastrtps_cpp/stm32_mavlink_msgs/srv/detail/dds_fastrtps/set_encoder_config__type_support.cpp.o[0m
[14.851s] [ 52%] [32mBuilding CXX object CMakeFiles/stm32_mavlink_msgs__rosidl_typesupport_introspection_cpp.dir/rosidl_typesupport_introspection_cpp/stm32_mavlink_msgs/msg/detail/rs485_motor_state__type_support.cpp.o[0m
[14.912s] [ 53%] [32mBuilding CXX object CMakeFiles/stm32_mavlink_msgs__rosidl_typesupport_fastrtps_cpp.dir/rosidl_typesupport_fastrtps_cpp/stm32_mavlink_msgs/srv/detail/dds_fastrtps/set_robomaster_motor_config__type_support.cpp.o[0m
[14.930s] [ 53%] [32mBuilding CXX object CMakeFiles/stm32_mavlink_msgs__rosidl_typesupport_introspection_cpp.dir/rosidl_typesupport_introspection_cpp/stm32_mavlink_msgs/msg/detail/rs485_motor_config__type_support.cpp.o[0m
[16.391s] [ 53%] [32mBuilding CXX object CMakeFiles/stm32_mavlink_msgs__rosidl_typesupport_fastrtps_cpp.dir/rosidl_typesupport_fastrtps_cpp/stm32_mavlink_msgs/srv/detail/dds_fastrtps/get_robomaster_motor_config__type_support.cpp.o[0m
[16.404s] [ 54%] [32mBuilding CXX object CMakeFiles/stm32_mavlink_msgs__rosidl_typesupport_introspection_cpp.dir/rosidl_typesupport_introspection_cpp/stm32_mavlink_msgs/msg/detail/rs485_read_request__type_support.cpp.o[0m
[16.815s] [ 55%] [32mBuilding CXX object CMakeFiles/stm32_mavlink_msgs__rosidl_typesupport_fastrtps_cpp.dir/rosidl_typesupport_fastrtps_cpp/stm32_mavlink_msgs/srv/detail/dds_fastrtps/set_dc_motor_config__type_support.cpp.o[0m
[16.958s] [ 55%] [32mBuilding CXX object CMakeFiles/stm32_mavlink_msgs__rosidl_typesupport_fastrtps_cpp.dir/rosidl_typesupport_fastrtps_cpp/stm32_mavlink_msgs/srv/detail/dds_fastrtps/get_dc_motor_config__type_support.cpp.o[0m
[17.023s] [ 55%] [32mBuilding CXX object CMakeFiles/stm32_mavlink_msgs__rosidl_typesupport_fastrtps_cpp.dir/rosidl_typesupport_fastrtps_cpp/stm32_mavlink_msgs/srv/detail/dds_fastrtps/read_rs485_param__type_support.cpp.o[0m
[17.044s] [ 55%] [32mBuilding CXX object CMakeFiles/stm32_mavlink_msgs__rosidl_typesupport_introspection_cpp.dir/rosidl_typesupport_introspection_cpp/stm32_mavlink_msgs/msg/detail/rs485_read_response__type_support.cpp.o[0m
[17.139s] [ 56%] [32mBuilding CXX object CMakeFiles/stm32_mavlink_msgs__rosidl_typesupport_fastrtps_cpp.dir/rosidl_typesupport_fastrtps_cpp/stm32_mavlink_msgs/srv/detail/dds_fastrtps/write_rs485_param__type_support.cpp.o[0m
[17.167s] [ 56%] [32mBuilding CXX object CMakeFiles/stm32_mavlink_msgs__rosidl_typesupport_fastrtps_cpp.dir/rosidl_typesupport_fastrtps_cpp/stm32_mavlink_msgs/srv/detail/dds_fastrtps/flash_save_rs485__type_support.cpp.o[0m
[17.216s] [ 56%] [32mBuilding CXX object CMakeFiles/stm32_mavlink_msgs__rosidl_typesupport_introspection_cpp.dir/rosidl_typesupport_introspection_cpp/stm32_mavlink_msgs/msg/detail/rs485_write_response__type_support.cpp.o[0m
[17.250s] [ 57%] [32mBuilding CXX object CMakeFiles/stm32_mavlink_msgs__rosidl_typesupport_introspection_cpp.dir/rosidl_typesupport_introspection_cpp/stm32_mavlink_msgs/msg/detail/rs485_write_request__type_support.cpp.o[0m
[17.314s] [ 57%] [32mBuilding CXX object CMakeFiles/stm32_mavlink_msgs__rosidl_typesupport_introspection_cpp.dir/rosidl_typesupport_introspection_cpp/stm32_mavlink_msgs/msg/detail/rs485_flash_save_request__type_support.cpp.o[0m
[17.322s] [ 58%] [32mBuilding CXX object CMakeFiles/stm32_mavlink_msgs__rosidl_typesupport_introspection_cpp.dir/rosidl_typesupport_introspection_cpp/stm32_mavlink_msgs/msg/detail/limit_switch_status__type_support.cpp.o[0m
[17.351s] [ 58%] [32mBuilding CXX object CMakeFiles/stm32_mavlink_msgs__rosidl_typesupport_introspection_cpp.dir/rosidl_typesupport_introspection_cpp/stm32_mavlink_msgs/msg/detail/wtt12_l_status__type_support.cpp.o[0m
[17.441s] [ 58%] [32mBuilding CXX object CMakeFiles/stm32_mavlink_msgs__rosidl_typesupport_introspection_cpp.dir/rosidl_typesupport_introspection_cpp/stm32_mavlink_msgs/msg/detail/solenoid_command__type_support.cpp.o[0m
[17.445s] [ 59%] [32mBuilding CXX object CMakeFiles/stm32_mavlink_msgs__rosidl_typesupport_introspection_cpp.dir/rosidl_typesupport_introspection_cpp/stm32_mavlink_msgs/msg/detail/solenoid_status__type_support.cpp.o[0m
[17.777s] [ 59%] [32mBuilding CXX object CMakeFiles/stm32_mavlink_msgs__rosidl_typesupport_introspection_cpp.dir/rosidl_typesupport_introspection_cpp/stm32_mavlink_msgs/srv/detail/set_servo_config__type_support.cpp.o[0m
[17.862s] [ 60%] [32mBuilding CXX object CMakeFiles/stm32_mavlink_msgs__rosidl_typesupport_introspection_cpp.dir/rosidl_typesupport_introspection_cpp/stm32_mavlink_msgs/srv/detail/set_encoder_config__type_support.cpp.o[0m
[17.948s] [ 60%] [32mBuilding CXX object CMakeFiles/stm32_mavlink_msgs__rosidl_typesupport_introspection_cpp.dir/rosidl_typesupport_introspection_cpp/stm32_mavlink_msgs/srv/detail/set_robomaster_motor_config__type_support.cpp.o[0m
[17.985s] [ 60%] [32mBuilding CXX object CMakeFiles/stm32_mavlink_msgs__rosidl_typesupport_introspection_cpp.dir/rosidl_typesupport_introspection_cpp/stm32_mavlink_msgs/srv/detail/get_robomaster_motor_config__type_support.cpp.o[0m
[18.004s] [ 61%] [32mBuilding CXX object CMakeFiles/stm32_mavlink_msgs__rosidl_typesupport_introspection_cpp.dir/rosidl_typesupport_introspection_cpp/stm32_mavlink_msgs/srv/detail/set_dc_motor_config__type_support.cpp.o[0m
[18.025s] [ 61%] [32mBuilding C object CMakeFiles/stm32_mavlink_msgs__rosidl_typesupport_introspection_c.dir/rosidl_typesupport_introspection_c/stm32_mavlink_msgs/msg/detail/servo_command__type_support.c.o[0m
[18.363s] [ 62%] [32mBuilding C object CMakeFiles/stm32_mavlink_msgs__rosidl_typesupport_introspection_c.dir/rosidl_typesupport_introspection_c/stm32_mavlink_msgs/msg/detail/servo_state__type_support.c.o[0m
[18.641s] [ 62%] [32mBuilding C object CMakeFiles/stm32_mavlink_msgs__rosidl_typesupport_introspection_c.dir/rosidl_typesupport_introspection_c/stm32_mavlink_msgs/msg/detail/encoder_state__type_support.c.o[0m
[18.948s] [ 62%] [32mBuilding C object CMakeFiles/stm32_mavlink_msgs__rosidl_typesupport_introspection_c.dir/rosidl_typesupport_introspection_c/stm32_mavlink_msgs/msg/detail/encoder_config__type_support.c.o[0m
[19.034s] [ 62%] [32mBuilding CXX object CMakeFiles/stm32_mavlink_msgs__rosidl_typesupport_fastrtps_c.dir/rosidl_typesupport_fastrtps_c/stm32_mavlink_msgs/msg/detail/servo_command__type_support_c.cpp.o[0m
[19.126s] [ 62%] [32mBuilding CXX object CMakeFiles/stm32_mavlink_msgs__rosidl_typesupport_fastrtps_c.dir/rosidl_typesupport_fastrtps_c/stm32_mavlink_msgs/msg/detail/servo_state__type_support_c.cpp.o[0m
[19.287s] [ 63%] [32mBuilding C object CMakeFiles/stm32_mavlink_msgs__rosidl_typesupport_introspection_c.dir/rosidl_typesupport_introspection_c/stm32_mavlink_msgs/msg/detail/robomaster_motor_command__type_support.c.o[0m
[19.583s] [ 63%] [32mBuilding C object CMakeFiles/stm32_mavlink_msgs__rosidl_typesupport_introspection_c.dir/rosidl_typesupport_introspection_c/stm32_mavlink_msgs/msg/detail/robomaster_motor_state__type_support.c.o[0m
[19.668s] [ 64%] [32mBuilding CXX object CMakeFiles/stm32_mavlink_msgs__rosidl_typesupport_fastrtps_c.dir/rosidl_typesupport_fastrtps_c/stm32_mavlink_msgs/msg/detail/encoder_state__type_support_c.cpp.o[0m
[19.848s] [ 64%] [32mBuilding CXX object CMakeFiles/stm32_mavlink_msgs__rosidl_typesupport_introspection_cpp.dir/rosidl_typesupport_introspection_cpp/stm32_mavlink_msgs/srv/detail/get_dc_motor_config__type_support.cpp.o[0m
[19.888s] [ 64%] [32mBuilding CXX object CMakeFiles/stm32_mavlink_msgs__rosidl_typesupport_introspection_cpp.dir/rosidl_typesupport_introspection_cpp/stm32_mavlink_msgs/srv/detail/read_rs485_param__type_support.cpp.o[0m
[19.894s] [ 64%] [32mBuilding C object CMakeFiles/stm32_mavlink_msgs__rosidl_typesupport_introspection_c.dir/rosidl_typesupport_introspection_c/stm32_mavlink_msgs/msg/detail/robomaster_motor_config__type_support.c.o[0m
[19.932s] [ 65%] [32mBuilding CXX object CMakeFiles/stm32_mavlink_msgs__rosidl_typesupport_introspection_cpp.dir/rosidl_typesupport_introspection_cpp/stm32_mavlink_msgs/srv/detail/write_rs485_param__type_support.cpp.o[0m
[19.944s] [ 65%] [32mBuilding CXX object CMakeFiles/stm32_mavlink_msgs__rosidl_typesupport_fastrtps_c.dir/rosidl_typesupport_fastrtps_c/stm32_mavlink_msgs/msg/detail/encoder_config__type_support_c.cpp.o[0m
[19.994s] [ 65%] [32mBuilding CXX object CMakeFiles/stm32_mavlink_msgs__rosidl_typesupport_introspection_cpp.dir/rosidl_typesupport_introspection_cpp/stm32_mavlink_msgs/srv/detail/flash_save_rs485__type_support.cpp.o[0m
[20.013s] [ 66%] [32mBuilding C object CMakeFiles/stm32_mavlink_msgs__rosidl_typesupport_introspection_c.dir/rosidl_typesupport_introspection_c/stm32_mavlink_msgs/msg/detail/dc_motor_command__type_support.c.o[0m
[20.099s] [ 66%] [32m[1mLinking CXX shared library libstm32_mavlink_msgs__rosidl_typesupport_fastrtps_cpp.so[0m
[20.117s] [ 66%] [32mBuilding C object CMakeFiles/stm32_mavlink_msgs__rosidl_typesupport_introspection_c.dir/rosidl_typesupport_introspection_c/stm32_mavlink_msgs/msg/detail/dc_motor_state__type_support.c.o[0m
[20.157s] [ 67%] [32mBuilding CXX object CMakeFiles/stm32_mavlink_msgs__rosidl_typesupport_fastrtps_c.dir/rosidl_typesupport_fastrtps_c/stm32_mavlink_msgs/msg/detail/robomaster_motor_command__type_support_c.cpp.o[0m
[20.193s] [ 67%] [32mBuilding C object CMakeFiles/stm32_mavlink_msgs__rosidl_typesupport_introspection_c.dir/rosidl_typesupport_introspection_c/stm32_mavlink_msgs/msg/detail/dc_motor_config__type_support.c.o[0m
[20.227s] [ 68%] [32mBuilding C object CMakeFiles/stm32_mavlink_msgs__rosidl_typesupport_introspection_c.dir/rosidl_typesupport_introspection_c/stm32_mavlink_msgs/msg/detail/rs485_motor_command__type_support.c.o[0m
[20.304s] [ 68%] [32mBuilding CXX object CMakeFiles/stm32_mavlink_msgs__rosidl_typesupport_fastrtps_c.dir/rosidl_typesupport_fastrtps_c/stm32_mavlink_msgs/msg/detail/robomaster_motor_state__type_support_c.cpp.o[0m
[20.374s] [ 68%] [32mBuilding CXX object CMakeFiles/stm32_mavlink_msgs__rosidl_typesupport_fastrtps_c.dir/rosidl_typesupport_fastrtps_c/stm32_mavlink_msgs/msg/detail/robomaster_motor_config__type_support_c.cpp.o[0m
[20.419s] [ 68%] [32mBuilding C object CMakeFiles/stm32_mavlink_msgs__rosidl_typesupport_introspection_c.dir/rosidl_typesupport_introspection_c/stm32_mavlink_msgs/msg/detail/rs485_motor_state__type_support.c.o[0m
[20.431s] [ 69%] [32mBuilding C object CMakeFiles/stm32_mavlink_msgs__rosidl_typesupport_introspection_c.dir/rosidl_typesupport_introspection_c/stm32_mavlink_msgs/msg/detail/rs485_motor_config__type_support.c.o[0m
[20.447s] [ 70%] [32mBuilding CXX object CMakeFiles/stm32_mavlink_msgs__rosidl_typesupport_fastrtps_c.dir/rosidl_typesupport_fastrtps_c/stm32_mavlink_msgs/msg/detail/dc_motor_command__type_support_c.cpp.o[0m
[20.478s] [ 70%] [32mBuilding CXX object CMakeFiles/stm32_mavlink_msgs__rosidl_typesupport_fastrtps_c.dir/rosidl_typesupport_fastrtps_c/stm32_mavlink_msgs/msg/detail/dc_motor_state__type_support_c.cpp.o[0m
[20.541s] [ 70%] [32mBuilding C object CMakeFiles/stm32_mavlink_msgs__rosidl_typesupport_introspection_c.dir/rosidl_typesupport_introspection_c/stm32_mavlink_msgs/msg/detail/rs485_read_request__type_support.c.o[0m
[20.558s] [ 70%] [32mBuilding CXX object CMakeFiles/stm32_mavlink_msgs__rosidl_typesupport_fastrtps_c.dir/rosidl_typesupport_fastrtps_c/stm32_mavlink_msgs/msg/detail/dc_motor_config__type_support_c.cpp.o[0m
[20.639s] [ 71%] [32mBuilding CXX object CMakeFiles/stm32_mavlink_msgs__rosidl_typesupport_fastrtps_c.dir/rosidl_typesupport_fastrtps_c/stm32_mavlink_msgs/msg/detail/rs485_motor_command__type_support_c.cpp.o[0m
[20.679s] [ 71%] [32mBuilding CXX object CMakeFiles/stm32_mavlink_msgs__rosidl_typesupport_fastrtps_c.dir/rosidl_typesupport_fastrtps_c/stm32_mavlink_msgs/msg/detail/rs485_motor_state__type_support_c.cpp.o[0m
[20.717s] [ 72%] [32mBuilding CXX object CMakeFiles/stm32_mavlink_msgs__rosidl_typesupport_fastrtps_c.dir/rosidl_typesupport_fastrtps_c/stm32_mavlink_msgs/msg/detail/rs485_read_request__type_support_c.cpp.o[0m
[20.718s] [ 72%] [32mBuilding CXX object CMakeFiles/stm32_mavlink_msgs__rosidl_typesupport_fastrtps_c.dir/rosidl_typesupport_fastrtps_c/stm32_mavlink_msgs/msg/detail/rs485_motor_config__type_support_c.cpp.o[0m
[20.721s] [ 72%] [32mBuilding C object CMakeFiles/stm32_mavlink_msgs__rosidl_typesupport_introspection_c.dir/rosidl_typesupport_introspection_c/stm32_mavlink_msgs/msg/detail/rs485_read_response__type_support.c.o[0m
[20.764s] [ 72%] Built target stm32_mavlink_msgs__rosidl_typesupport_fastrtps_cpp
[20.771s] [ 73%] [32mBuilding C object CMakeFiles/stm32_mavlink_msgs__rosidl_typesupport_introspection_c.dir/rosidl_typesupport_introspection_c/stm32_mavlink_msgs/msg/detail/rs485_write_request__type_support.c.o[0m
[20.792s] [ 73%] [32mBuilding C object CMakeFiles/stm32_mavlink_msgs__rosidl_typesupport_introspection_c.dir/rosidl_typesupport_introspection_c/stm32_mavlink_msgs/msg/detail/rs485_write_response__type_support.c.o[0m
[20.838s] [ 73%] [32mBuilding CXX object CMakeFiles/stm32_mavlink_msgs__rosidl_typesupport_fastrtps_c.dir/rosidl_typesupport_fastrtps_c/stm32_mavlink_msgs/msg/detail/rs485_read_response__type_support_c.cpp.o[0m
[20.958s] [ 74%] [32mBuilding CXX object CMakeFiles/stm32_mavlink_msgs__rosidl_typesupport_fastrtps_c.dir/rosidl_typesupport_fastrtps_c/stm32_mavlink_msgs/msg/detail/rs485_write_request__type_support_c.cpp.o[0m
[21.009s] [ 74%] [32mBuilding CXX object CMakeFiles/stm32_mavlink_msgs__rosidl_typesupport_fastrtps_c.dir/rosidl_typesupport_fastrtps_c/stm32_mavlink_msgs/msg/detail/rs485_write_response__type_support_c.cpp.o[0m
[21.011s] [ 74%] [32mBuilding C object CMakeFiles/stm32_mavlink_msgs__rosidl_typesupport_introspection_c.dir/rosidl_typesupport_introspection_c/stm32_mavlink_msgs/msg/detail/rs485_flash_save_request__type_support.c.o[0m
[21.210s] [ 75%] [32mBuilding C object CMakeFiles/stm32_mavlink_msgs__rosidl_typesupport_introspection_c.dir/rosidl_typesupport_introspection_c/stm32_mavlink_msgs/msg/detail/limit_switch_status__type_support.c.o[0m
[21.463s] [ 75%] [32mBuilding CXX object CMakeFiles/stm32_mavlink_msgs__rosidl_typesupport_fastrtps_c.dir/rosidl_typesupport_fastrtps_c/stm32_mavlink_msgs/msg/detail/rs485_flash_save_request__type_support_c.cpp.o[0m
[21.635s] [ 75%] [32mBuilding C object CMakeFiles/stm32_mavlink_msgs__rosidl_typesupport_introspection_c.dir/rosidl_typesupport_introspection_c/stm32_mavlink_msgs/msg/detail/wtt12_l_status__type_support.c.o[0m
[21.711s] [ 76%] [32mBuilding C object CMakeFiles/stm32_mavlink_msgs__rosidl_typesupport_introspection_c.dir/rosidl_typesupport_introspection_c/stm32_mavlink_msgs/msg/detail/solenoid_command__type_support.c.o[0m
[21.935s] [ 76%] [32mBuilding C object CMakeFiles/stm32_mavlink_msgs__rosidl_typesupport_introspection_c.dir/rosidl_typesupport_introspection_c/stm32_mavlink_msgs/msg/detail/solenoid_status__type_support.c.o[0m
[22.001s] [ 76%] [32mBuilding C object CMakeFiles/stm32_mavlink_msgs__rosidl_typesupport_introspection_c.dir/rosidl_typesupport_introspection_c/stm32_mavlink_msgs/srv/detail/set_servo_config__type_support.c.o[0m
[22.133s] [ 77%] [32mBuilding C object CMakeFiles/stm32_mavlink_msgs__rosidl_typesupport_introspection_c.dir/rosidl_typesupport_introspection_c/stm32_mavlink_msgs/srv/detail/set_encoder_config__type_support.c.o[0m
[22.134s] [ 77%] [32mBuilding C object CMakeFiles/stm32_mavlink_msgs__rosidl_typesupport_introspection_c.dir/rosidl_typesupport_introspection_c/stm32_mavlink_msgs/srv/detail/set_robomaster_motor_config__type_support.c.o[0m
[22.281s] [ 77%] [32mBuilding C object CMakeFiles/stm32_mavlink_msgs__rosidl_typesupport_introspection_c.dir/rosidl_typesupport_introspection_c/stm32_mavlink_msgs/srv/detail/get_robomaster_motor_config__type_support.c.o[0m
[22.324s] [ 78%] [32mBuilding C object CMakeFiles/stm32_mavlink_msgs__rosidl_typesupport_introspection_c.dir/rosidl_typesupport_introspection_c/stm32_mavlink_msgs/srv/detail/set_dc_motor_config__type_support.c.o[0m
[22.357s] [ 78%] [32mBuilding C object CMakeFiles/stm32_mavlink_msgs__rosidl_typesupport_introspection_c.dir/rosidl_typesupport_introspection_c/stm32_mavlink_msgs/srv/detail/get_dc_motor_config__type_support.c.o[0m
[22.389s] [ 78%] [32mBuilding C object CMakeFiles/stm32_mavlink_msgs__rosidl_typesupport_introspection_c.dir/rosidl_typesupport_introspection_c/stm32_mavlink_msgs/srv/detail/read_rs485_param__type_support.c.o[0m
[22.438s] [ 79%] [32mBuilding C object CMakeFiles/stm32_mavlink_msgs__rosidl_typesupport_introspection_c.dir/rosidl_typesupport_introspection_c/stm32_mavlink_msgs/srv/detail/write_rs485_param__type_support.c.o[0m
[22.493s] [ 80%] [32mBuilding CXX object CMakeFiles/stm32_mavlink_msgs__rosidl_typesupport_fastrtps_c.dir/rosidl_typesupport_fastrtps_c/stm32_mavlink_msgs/msg/detail/limit_switch_status__type_support_c.cpp.o[0m
[22.497s] [ 80%] [32mBuilding C object CMakeFiles/stm32_mavlink_msgs__rosidl_typesupport_introspection_c.dir/rosidl_typesupport_introspection_c/stm32_mavlink_msgs/srv/detail/flash_save_rs485__type_support.c.o[0m
[22.532s] [ 80%] [32mBuilding CXX object CMakeFiles/stm32_mavlink_msgs__rosidl_typesupport_fastrtps_c.dir/rosidl_typesupport_fastrtps_c/stm32_mavlink_msgs/msg/detail/wtt12_l_status__type_support_c.cpp.o[0m
[22.534s] [ 80%] [32mBuilding CXX object CMakeFiles/stm32_mavlink_msgs__rosidl_typesupport_fastrtps_c.dir/rosidl_typesupport_fastrtps_c/stm32_mavlink_msgs/msg/detail/solenoid_command__type_support_c.cpp.o[0m
[22.568s] [ 81%] [32mBuilding CXX object CMakeFiles/stm32_mavlink_msgs__rosidl_typesupport_fastrtps_c.dir/rosidl_typesupport_fastrtps_c/stm32_mavlink_msgs/msg/detail/solenoid_status__type_support_c.cpp.o[0m
[22.588s] [ 81%] [32mBuilding CXX object CMakeFiles/stm32_mavlink_msgs__rosidl_typesupport_fastrtps_c.dir/rosidl_typesupport_fastrtps_c/stm32_mavlink_msgs/srv/detail/set_servo_config__type_support_c.cpp.o[0m
[22.657s] [ 82%] [32m[1mLinking CXX shared library libstm32_mavlink_msgs__rosidl_typesupport_introspection_cpp.so[0m
[22.662s] [ 82%] [32mBuilding CXX object CMakeFiles/stm32_mavlink_msgs__rosidl_typesupport_fastrtps_c.dir/rosidl_typesupport_fastrtps_c/stm32_mavlink_msgs/srv/detail/set_robomaster_motor_config__type_support_c.cpp.o[0m
[22.669s] [ 83%] [32mBuilding CXX object CMakeFiles/stm32_mavlink_msgs__rosidl_typesupport_fastrtps_c.dir/rosidl_typesupport_fastrtps_c/stm32_mavlink_msgs/srv/detail/set_encoder_config__type_support_c.cpp.o[0m
[22.679s] [ 83%] [32mBuilding CXX object CMakeFiles/stm32_mavlink_msgs__rosidl_typesupport_fastrtps_c.dir/rosidl_typesupport_fastrtps_c/stm32_mavlink_msgs/srv/detail/get_robomaster_motor_config__type_support_c.cpp.o[0m
[22.758s] [ 84%] [32mBuilding CXX object CMakeFiles/stm32_mavlink_msgs__rosidl_typesupport_fastrtps_c.dir/rosidl_typesupport_fastrtps_c/stm32_mavlink_msgs/srv/detail/set_dc_motor_config__type_support_c.cpp.o[0m
[22.775s] [ 85%] [32m[1mLinking C shared library libstm32_mavlink_msgs__rosidl_typesupport_introspection_c.so[0m
[22.776s] [ 85%] [32mBuilding CXX object CMakeFiles/stm32_mavlink_msgs__rosidl_typesupport_fastrtps_c.dir/rosidl_typesupport_fastrtps_c/stm32_mavlink_msgs/srv/detail/get_dc_motor_config__type_support_c.cpp.o[0m
[22.787s] [ 85%] [32mBuilding CXX object CMakeFiles/stm32_mavlink_msgs__rosidl_typesupport_fastrtps_c.dir/rosidl_typesupport_fastrtps_c/stm32_mavlink_msgs/srv/detail/read_rs485_param__type_support_c.cpp.o[0m
[22.789s] [ 86%] [32mBuilding CXX object CMakeFiles/stm32_mavlink_msgs__rosidl_typesupport_fastrtps_c.dir/rosidl_typesupport_fastrtps_c/stm32_mavlink_msgs/srv/detail/write_rs485_param__type_support_c.cpp.o[0m
[22.909s] [ 86%] [32mBuilding CXX object CMakeFiles/stm32_mavlink_msgs__rosidl_typesupport_fastrtps_c.dir/rosidl_typesupport_fastrtps_c/stm32_mavlink_msgs/srv/detail/flash_save_rs485__type_support_c.cpp.o[0m
[23.053s] [ 86%] Built target stm32_mavlink_msgs__rosidl_typesupport_introspection_c
[23.123s] [ 86%] Built target stm32_mavlink_msgs__rosidl_typesupport_introspection_cpp
[24.411s] [ 86%] [32m[1mLinking CXX shared library libstm32_mavlink_msgs__rosidl_typesupport_fastrtps_c.so[0m
[24.616s] [ 86%] Built target stm32_mavlink_msgs__rosidl_typesupport_fastrtps_c
[24.679s] [ 86%] Built target stm32_mavlink_msgs
[24.736s] [ 86%] [34m[1mGenerating Python code for ROS interfaces[0m
[33.295s] [ 86%] Built target stm32_mavlink_msgs__py
[33.324s] [ 87%] [32mBuilding C object CMakeFiles/stm32_mavlink_msgs__rosidl_generator_py.dir/rosidl_generator_py/stm32_mavlink_msgs/msg/_robomaster_motor_state_s.c.o[0m
[33.325s] [ 87%] [32mBuilding C object CMakeFiles/stm32_mavlink_msgs__rosidl_generator_py.dir/rosidl_generator_py/stm32_mavlink_msgs/msg/_robomaster_motor_config_s.c.o[0m
[33.327s] [ 88%] [32mBuilding C object CMakeFiles/stm32_mavlink_msgs__rosidl_generator_py.dir/rosidl_generator_py/stm32_mavlink_msgs/msg/_dc_motor_command_s.c.o[0m
[33.327s] [ 88%] [32mBuilding C object CMakeFiles/stm32_mavlink_msgs__rosidl_generator_py.dir/rosidl_generator_py/stm32_mavlink_msgs/msg/_servo_state_s.c.o[0m
[33.327s] [ 88%] [32mBuilding C object CMakeFiles/stm32_mavlink_msgs__rosidl_generator_py.dir/rosidl_generator_py/stm32_mavlink_msgs/msg/_robomaster_motor_command_s.c.o[0m
[33.328s] [ 89%] [32mBuilding C object CMakeFiles/stm32_mavlink_msgs__rosidl_generator_py.dir/rosidl_generator_py/stm32_mavlink_msgs/msg/_encoder_state_s.c.o[0m
[33.328s] [ 89%] [32mBuilding C object CMakeFiles/stm32_mavlink_msgs__rosidl_generator_py.dir/rosidl_generator_py/stm32_mavlink_msgs/msg/_encoder_config_s.c.o[0m
[33.328s] [ 90%] [32mBuilding C object CMakeFiles/stm32_mavlink_msgs__rosidl_generator_py.dir/rosidl_generator_py/stm32_mavlink_msgs/msg/_dc_motor_state_s.c.o[0m
[33.328s] [ 90%] [32mBuilding C object CMakeFiles/stm32_mavlink_msgs__rosidl_generator_py.dir/rosidl_generator_py/stm32_mavlink_msgs/msg/_servo_command_s.c.o[0m
[33.328s] [ 90%] [32mBuilding C object CMakeFiles/stm32_mavlink_msgs__rosidl_generator_py.dir/rosidl_generator_py/stm32_mavlink_msgs/msg/_limit_switch_status_s.c.o[0m
[33.328s] [ 92%] [32mBuilding C object CMakeFiles/stm32_mavlink_msgs__rosidl_generator_py.dir/rosidl_generator_py/stm32_mavlink_msgs/msg/_rs485_motor_state_s.c.o[0m
[33.328s] [ 92%] [32mBuilding C object CMakeFiles/stm32_mavlink_msgs__rosidl_generator_py.dir/rosidl_generator_py/stm32_mavlink_msgs/msg/_rs485_read_request_s.c.o[0m
[33.329s] [ 92%] [32mBuilding C object CMakeFiles/stm32_mavlink_msgs__rosidl_generator_py.dir/rosidl_generator_py/stm32_mavlink_msgs/msg/_rs485_motor_command_s.c.o[0m
[33.329s] [ 92%] [32mBuilding C object CMakeFiles/stm32_mavlink_msgs__rosidl_generator_py.dir/rosidl_generator_py/stm32_mavlink_msgs/msg/_dc_motor_config_s.c.o[0m
[33.329s] [ 92%] [32mBuilding C object CMakeFiles/stm32_mavlink_msgs__rosidl_generator_py.dir/rosidl_generator_py/stm32_mavlink_msgs/msg/_rs485_read_response_s.c.o[0m
[33.330s] [ 92%] [32mBuilding C object CMakeFiles/stm32_mavlink_msgs__rosidl_generator_py.dir/rosidl_generator_py/stm32_mavlink_msgs/msg/_solenoid_command_s.c.o[0m
[33.331s] [ 93%] [32mBuilding C object CMakeFiles/stm32_mavlink_msgs__rosidl_generator_py.dir/rosidl_generator_py/stm32_mavlink_msgs/msg/_wtt12_l_status_s.c.o[0m
[33.333s] [ 94%] [32mBuilding C object CMakeFiles/stm32_mavlink_msgs__rosidl_generator_py.dir/rosidl_generator_py/stm32_mavlink_msgs/msg/_solenoid_status_s.c.o[0m
[33.334s] [ 95%] [32mBuilding C object CMakeFiles/stm32_mavlink_msgs__rosidl_generator_py.dir/rosidl_generator_py/stm32_mavlink_msgs/msg/_rs485_write_response_s.c.o[0m
[33.334s] [ 95%] [32mBuilding C object CMakeFiles/stm32_mavlink_msgs__rosidl_generator_py.dir/rosidl_generator_py/stm32_mavlink_msgs/msg/_rs485_motor_config_s.c.o[0m
[33.334s] [ 95%] [32mBuilding C object CMakeFiles/stm32_mavlink_msgs__rosidl_generator_py.dir/rosidl_generator_py/stm32_mavlink_msgs/msg/_rs485_write_request_s.c.o[0m
[33.336s] [ 95%] [32mBuilding C object CMakeFiles/stm32_mavlink_msgs__rosidl_generator_py.dir/rosidl_generator_py/stm32_mavlink_msgs/msg/_rs485_flash_save_request_s.c.o[0m
[33.463s] [ 95%] [32mBuilding C object CMakeFiles/stm32_mavlink_msgs__rosidl_generator_py.dir/rosidl_generator_py/stm32_mavlink_msgs/srv/_set_servo_config_s.c.o[0m
[33.484s] [ 95%] [32mBuilding C object CMakeFiles/stm32_mavlink_msgs__rosidl_generator_py.dir/rosidl_generator_py/stm32_mavlink_msgs/srv/_set_encoder_config_s.c.o[0m
[33.484s] [ 96%] [32mBuilding C object CMakeFiles/stm32_mavlink_msgs__rosidl_generator_py.dir/rosidl_generator_py/stm32_mavlink_msgs/srv/_set_robomaster_motor_config_s.c.o[0m
[33.495s] [ 96%] [32mBuilding C object CMakeFiles/stm32_mavlink_msgs__rosidl_generator_py.dir/rosidl_generator_py/stm32_mavlink_msgs/srv/_get_robomaster_motor_config_s.c.o[0m
[33.498s] [ 96%] [32mBuilding C object CMakeFiles/stm32_mavlink_msgs__rosidl_generator_py.dir/rosidl_generator_py/stm32_mavlink_msgs/srv/_set_dc_motor_config_s.c.o[0m
[33.498s] [ 97%] [32mBuilding C object CMakeFiles/stm32_mavlink_msgs__rosidl_generator_py.dir/rosidl_generator_py/stm32_mavlink_msgs/srv/_flash_save_rs485_s.c.o[0m
[33.499s] [ 97%] [32mBuilding C object CMakeFiles/stm32_mavlink_msgs__rosidl_generator_py.dir/rosidl_generator_py/stm32_mavlink_msgs/srv/_read_rs485_param_s.c.o[0m
[33.500s] [ 97%] [32mBuilding C object CMakeFiles/stm32_mavlink_msgs__rosidl_generator_py.dir/rosidl_generator_py/stm32_mavlink_msgs/srv/_write_rs485_param_s.c.o[0m
[33.506s] [ 98%] [32mBuilding C object CMakeFiles/stm32_mavlink_msgs__rosidl_generator_py.dir/rosidl_generator_py/stm32_mavlink_msgs/srv/_get_dc_motor_config_s.c.o[0m
[33.680s] [ 98%] [32m[1mLinking C shared library rosidl_generator_py/stm32_mavlink_msgs/libstm32_mavlink_msgs__rosidl_generator_py.so[0m
[33.758s] [ 98%] Built target stm32_mavlink_msgs__rosidl_generator_py
[33.797s] [ 98%] [32mBuilding C object CMakeFiles/stm32_mavlink_msgs__rosidl_typesupport_introspection_c__pyext.dir/rosidl_generator_py/stm32_mavlink_msgs/_stm32_mavlink_msgs_s.ep.rosidl_typesupport_introspection_c.c.o[0m
[33.800s] [ 99%] [32mBuilding C object CMakeFiles/stm32_mavlink_msgs__rosidl_typesupport_fastrtps_c__pyext.dir/rosidl_generator_py/stm32_mavlink_msgs/_stm32_mavlink_msgs_s.ep.rosidl_typesupport_fastrtps_c.c.o[0m
[33.800s] [100%] [32mBuilding C object CMakeFiles/stm32_mavlink_msgs__rosidl_typesupport_c__pyext.dir/rosidl_generator_py/stm32_mavlink_msgs/_stm32_mavlink_msgs_s.ep.rosidl_typesupport_c.c.o[0m
[34.066s] [100%] [32m[1mLinking C shared library rosidl_generator_py/stm32_mavlink_msgs/stm32_mavlink_msgs_s__rosidl_typesupport_fastrtps_c.cpython-310-x86_64-linux-gnu.so[0m
[34.067s] [100%] [32m[1mLinking C shared library rosidl_generator_py/stm32_mavlink_msgs/stm32_mavlink_msgs_s__rosidl_typesupport_introspection_c.cpython-310-x86_64-linux-gnu.so[0m
[34.078s] [100%] [32m[1mLinking C shared library rosidl_generator_py/stm32_mavlink_msgs/stm32_mavlink_msgs_s__rosidl_typesupport_c.cpython-310-x86_64-linux-gnu.so[0m
[34.136s] [100%] Built target stm32_mavlink_msgs__rosidl_typesupport_fastrtps_c__pyext
[34.140s] [100%] Built target stm32_mavlink_msgs__rosidl_typesupport_introspection_c__pyext
[34.142s] [100%] Built target stm32_mavlink_msgs__rosidl_typesupport_c__pyext
[34.161s] Invoked command in '/home/a/ws_nhk/build/stm32_mavlink_msgs' returned '0': CMAKE_PREFIX_PATH=${CMAKE_PREFIX_PATH}:/home/a/ws_nhk/install/moveit_configs_utils:/home/a/ws_nhk/install/rogidrive:/home/a/ws_nhk/install/launch_param_builder:/home/a/ws_nhk/install/dynamixel_controller_gui:/home/a/ws_nhk/install/dynamixel_controller_client:/opt/ros/humble /usr/bin/cmake --build /home/a/ws_nhk/build/stm32_mavlink_msgs -- -j22 -l22
[34.175s] Invoking command in '/home/a/ws_nhk/build/stm32_mavlink_msgs': CMAKE_PREFIX_PATH=${CMAKE_PREFIX_PATH}:/home/a/ws_nhk/install/moveit_configs_utils:/home/a/ws_nhk/install/rogidrive:/home/a/ws_nhk/install/launch_param_builder:/home/a/ws_nhk/install/dynamixel_controller_gui:/home/a/ws_nhk/install/dynamixel_controller_client:/opt/ros/humble /usr/bin/cmake --install /home/a/ws_nhk/build/stm32_mavlink_msgs
[34.190s] -- Install configuration: ""
[34.190s] -- Installing: /home/a/ws_nhk/install/stm32_mavlink_msgs/share/ament_index/resource_index/rosidl_interfaces/stm32_mavlink_msgs
[34.190s] -- Installing: /home/a/ws_nhk/install/stm32_mavlink_msgs/include/stm32_mavlink_msgs/stm32_mavlink_msgs
[34.191s] -- Installing: /home/a/ws_nhk/install/stm32_mavlink_msgs/include/stm32_mavlink_msgs/stm32_mavlink_msgs/msg
[34.191s] -- Installing: /home/a/ws_nhk/install/stm32_mavlink_msgs/include/stm32_mavlink_msgs/stm32_mavlink_msgs/msg/robomaster_motor_command.h
[34.191s] -- Installing: /home/a/ws_nhk/install/stm32_mavlink_msgs/include/stm32_mavlink_msgs/stm32_mavlink_msgs/msg/rs485_motor_command.h
[34.191s] -- Installing: /home/a/ws_nhk/install/stm32_mavlink_msgs/include/stm32_mavlink_msgs/stm32_mavlink_msgs/msg/servo_command.h
[34.191s] -- Installing: /home/a/ws_nhk/install/stm32_mavlink_msgs/include/stm32_mavlink_msgs/stm32_mavlink_msgs/msg/rs485_write_request.h
[34.191s] -- Installing: /home/a/ws_nhk/install/stm32_mavlink_msgs/include/stm32_mavlink_msgs/stm32_mavlink_msgs/msg/encoder_config.h
[34.191s] -- Installing: /home/a/ws_nhk/install/stm32_mavlink_msgs/include/stm32_mavlink_msgs/stm32_mavlink_msgs/msg/rs485_flash_save_request.h
[34.191s] -- Installing: /home/a/ws_nhk/install/stm32_mavlink_msgs/include/stm32_mavlink_msgs/stm32_mavlink_msgs/msg/dc_motor_command.h
[34.191s] -- Installing: /home/a/ws_nhk/install/stm32_mavlink_msgs/include/stm32_mavlink_msgs/stm32_mavlink_msgs/msg/rs485_read_request.h
[34.191s] -- Installing: /home/a/ws_nhk/install/stm32_mavlink_msgs/include/stm32_mavlink_msgs/stm32_mavlink_msgs/msg/solenoid_command.h
[34.192s] -- Installing: /home/a/ws_nhk/install/stm32_mavlink_msgs/include/stm32_mavlink_msgs/stm32_mavlink_msgs/msg/dc_motor_config.h
[34.192s] -- Installing: /home/a/ws_nhk/install/stm32_mavlink_msgs/include/stm32_mavlink_msgs/stm32_mavlink_msgs/msg/rs485_motor_state.h
[34.192s] -- Installing: /home/a/ws_nhk/install/stm32_mavlink_msgs/include/stm32_mavlink_msgs/stm32_mavlink_msgs/msg/rosidl_generator_c__visibility_control.h
[34.192s] -- Installing: /home/a/ws_nhk/install/stm32_mavlink_msgs/include/stm32_mavlink_msgs/stm32_mavlink_msgs/msg/wtt12_l_status.h
[34.192s] -- Installing: /home/a/ws_nhk/install/stm32_mavlink_msgs/include/stm32_mavlink_msgs/stm32_mavlink_msgs/msg/rs485_motor_config.h
[34.192s] -- Installing: /home/a/ws_nhk/install/stm32_mavlink_msgs/include/stm32_mavlink_msgs/stm32_mavlink_msgs/msg/dc_motor_state.h
[34.192s] -- Installing: /home/a/ws_nhk/install/stm32_mavlink_msgs/include/stm32_mavlink_msgs/stm32_mavlink_msgs/msg/servo_state.h
[34.192s] -- Installing: /home/a/ws_nhk/install/stm32_mavlink_msgs/include/stm32_mavlink_msgs/stm32_mavlink_msgs/msg/rs485_read_response.h
[34.192s] -- Installing: /home/a/ws_nhk/install/stm32_mavlink_msgs/include/stm32_mavlink_msgs/stm32_mavlink_msgs/msg/robomaster_motor_config.h
[34.192s] -- Installing: /home/a/ws_nhk/install/stm32_mavlink_msgs/include/stm32_mavlink_msgs/stm32_mavlink_msgs/msg/detail
[34.192s] -- Installing: /home/a/ws_nhk/install/stm32_mavlink_msgs/include/stm32_mavlink_msgs/stm32_mavlink_msgs/msg/detail/rs485_write_request__type_support.h
[34.192s] -- Installing: /home/a/ws_nhk/install/stm32_mavlink_msgs/include/stm32_mavlink_msgs/stm32_mavlink_msgs/msg/detail/dc_motor_state__functions.c
[34.192s] -- Installing: /home/a/ws_nhk/install/stm32_mavlink_msgs/include/stm32_mavlink_msgs/stm32_mavlink_msgs/msg/detail/robomaster_motor_state__type_support.h
[34.193s] -- Installing: /home/a/ws_nhk/install/stm32_mavlink_msgs/include/stm32_mavlink_msgs/stm32_mavlink_msgs/msg/detail/robomaster_motor_command__functions.c
[34.193s] -- Installing: /home/a/ws_nhk/install/stm32_mavlink_msgs/include/stm32_mavlink_msgs/stm32_mavlink_msgs/msg/detail/encoder_config__functions.c
[34.193s] -- Installing: /home/a/ws_nhk/install/stm32_mavlink_msgs/include/stm32_mavlink_msgs/stm32_mavlink_msgs/msg/detail/robomaster_motor_command__type_support.h
[34.193s] -- Installing: /home/a/ws_nhk/install/stm32_mavlink_msgs/include/stm32_mavlink_msgs/stm32_mavlink_msgs/msg/detail/encoder_config__struct.h
[34.193s] -- Installing: /home/a/ws_nhk/install/stm32_mavlink_msgs/include/stm32_mavlink_msgs/stm32_mavlink_msgs/msg/detail/solenoid_status__type_support.h
[34.193s] -- Installing: /home/a/ws_nhk/install/stm32_mavlink_msgs/include/stm32_mavlink_msgs/stm32_mavlink_msgs/msg/detail/encoder_config__functions.h
[34.193s] -- Installing: /home/a/ws_nhk/install/stm32_mavlink_msgs/include/stm32_mavlink_msgs/stm32_mavlink_msgs/msg/detail/dc_motor_command__type_support.h
[34.193s] -- Installing: /home/a/ws_nhk/install/stm32_mavlink_msgs/include/stm32_mavlink_msgs/stm32_mavlink_msgs/msg/detail/dc_motor_command__struct.h
[34.193s] -- Installing: /home/a/ws_nhk/install/stm32_mavlink_msgs/include/stm32_mavlink_msgs/stm32_mavlink_msgs/msg/detail/rs485_motor_state__functions.c
[34.193s] -- Installing: /home/a/ws_nhk/install/stm32_mavlink_msgs/include/stm32_mavlink_msgs/stm32_mavlink_msgs/msg/detail/rs485_motor_config__functions.h
[34.193s] -- Installing: /home/a/ws_nhk/install/stm32_mavlink_msgs/include/stm32_mavlink_msgs/stm32_mavlink_msgs/msg/detail/limit_switch_status__struct.h
[34.193s] -- Installing: /home/a/ws_nhk/install/stm32_mavlink_msgs/include/stm32_mavlink_msgs/stm32_mavlink_msgs/msg/detail/robomaster_motor_state__struct.h
[34.193s] -- Installing: /home/a/ws_nhk/install/stm32_mavlink_msgs/include/stm32_mavlink_msgs/stm32_mavlink_msgs/msg/detail/solenoid_command__functions.h
[34.194s] -- Installing: /home/a/ws_nhk/install/stm32_mavlink_msgs/include/stm32_mavlink_msgs/stm32_mavlink_msgs/msg/detail/servo_command__functions.h
[34.194s] -- Installing: /home/a/ws_nhk/install/stm32_mavlink_msgs/include/stm32_mavlink_msgs/stm32_mavlink_msgs/msg/detail/rs485_motor_state__type_support.h
[34.194s] -- Installing: /home/a/ws_nhk/install/stm32_mavlink_msgs/include/stm32_mavlink_msgs/stm32_mavlink_msgs/msg/detail/dc_motor_command__functions.h
[34.194s] -- Installing: /home/a/ws_nhk/install/stm32_mavlink_msgs/include/stm32_mavlink_msgs/stm32_mavlink_msgs/msg/detail/servo_state__type_support.h
[34.194s] -- Installing: /home/a/ws_nhk/install/stm32_mavlink_msgs/include/stm32_mavlink_msgs/stm32_mavlink_msgs/msg/detail/rs485_motor_command__functions.h
[34.194s] -- Installing: /home/a/ws_nhk/install/stm32_mavlink_msgs/include/stm32_mavlink_msgs/stm32_mavlink_msgs/msg/detail/rs485_read_request__type_support.h
[34.194s] -- Installing: /home/a/ws_nhk/install/stm32_mavlink_msgs/include/stm32_mavlink_msgs/stm32_mavlink_msgs/msg/detail/rs485_write_request__struct.h
[34.194s] -- Installing: /home/a/ws_nhk/install/stm32_mavlink_msgs/include/stm32_mavlink_msgs/stm32_mavlink_msgs/msg/detail/rs485_read_request__struct.h
[34.194s] -- Installing: /home/a/ws_nhk/install/stm32_mavlink_msgs/include/stm32_mavlink_msgs/stm32_mavlink_msgs/msg/detail/rs485_write_response__type_support.h
[34.194s] -- Installing: /home/a/ws_nhk/install/stm32_mavlink_msgs/include/stm32_mavlink_msgs/stm32_mavlink_msgs/msg/detail/rs485_write_request__functions.h
[34.194s] -- Installing: /home/a/ws_nhk/install/stm32_mavlink_msgs/include/stm32_mavlink_msgs/stm32_mavlink_msgs/msg/detail/robomaster_motor_command__functions.h
[34.194s] -- Installing: /home/a/ws_nhk/install/stm32_mavlink_msgs/include/stm32_mavlink_msgs/stm32_mavlink_msgs/msg/detail/wtt12_l_status__type_support.h
[34.195s] -- Installing: /home/a/ws_nhk/install/stm32_mavlink_msgs/include/stm32_mavlink_msgs/stm32_mavlink_msgs/msg/detail/solenoid_command__functions.c
[34.195s] -- Installing: /home/a/ws_nhk/install/stm32_mavlink_msgs/include/stm32_mavlink_msgs/stm32_mavlink_msgs/msg/detail/rs485_motor_config__functions.c
[34.195s] -- Installing: /home/a/ws_nhk/install/stm32_mavlink_msgs/include/stm32_mavlink_msgs/stm32_mavlink_msgs/msg/detail/servo_command__type_support.h
[34.195s] -- Installing: /home/a/ws_nhk/install/stm32_mavlink_msgs/include/stm32_mavlink_msgs/stm32_mavlink_msgs/msg/detail/encoder_config__type_support.h
[34.195s] -- Installing: /home/a/ws_nhk/install/stm32_mavlink_msgs/include/stm32_mavlink_msgs/stm32_mavlink_msgs/msg/detail/solenoid_status__functions.h
[34.195s] -- Installing: /home/a/ws_nhk/install/stm32_mavlink_msgs/include/stm32_mavlink_msgs/stm32_mavlink_msgs/msg/detail/servo_command__struct.h
[34.195s] -- Installing: /home/a/ws_nhk/install/stm32_mavlink_msgs/include/stm32_mavlink_msgs/stm32_mavlink_msgs/msg/detail/solenoid_command__type_support.h
[34.195s] -- Installing: /home/a/ws_nhk/install/stm32_mavlink_msgs/include/stm32_mavlink_msgs/stm32_mavlink_msgs/msg/detail/rs485_motor_config__struct.h
[34.195s] -- Installing: /home/a/ws_nhk/install/stm32_mavlink_msgs/include/stm32_mavlink_msgs/stm32_mavlink_msgs/msg/detail/servo_state__functions.c
[34.195s] -- Installing: /home/a/ws_nhk/install/stm32_mavlink_msgs/include/stm32_mavlink_msgs/stm32_mavlink_msgs/msg/detail/rs485_write_response__struct.h
[34.195s] -- Installing: /home/a/ws_nhk/install/stm32_mavlink_msgs/include/stm32_mavlink_msgs/stm32_mavlink_msgs/msg/detail/rs485_read_response__type_support.h
[34.195s] -- Installing: /home/a/ws_nhk/install/stm32_mavlink_msgs/include/stm32_mavlink_msgs/stm32_mavlink_msgs/msg/detail/servo_state__struct.h
[34.195s] -- Installing: /home/a/ws_nhk/install/stm32_mavlink_msgs/include/stm32_mavlink_msgs/stm32_mavlink_msgs/msg/detail/dc_motor_config__functions.c
[34.196s] -- Installing: /home/a/ws_nhk/install/stm32_mavlink_msgs/include/stm32_mavlink_msgs/stm32_mavlink_msgs/msg/detail/rs485_write_response__functions.c
[34.196s] -- Installing: /home/a/ws_nhk/install/stm32_mavlink_msgs/include/stm32_mavlink_msgs/stm32_mavlink_msgs/msg/detail/rs485_read_request__functions.h
[34.196s] -- Installing: /home/a/ws_nhk/install/stm32_mavlink_msgs/include/stm32_mavlink_msgs/stm32_mavlink_msgs/msg/detail/dc_motor_config__type_support.h
[34.196s] -- Installing: /home/a/ws_nhk/install/stm32_mavlink_msgs/include/stm32_mavlink_msgs/stm32_mavlink_msgs/msg/detail/servo_command__functions.c
[34.196s] -- Installing: /home/a/ws_nhk/install/stm32_mavlink_msgs/include/stm32_mavlink_msgs/stm32_mavlink_msgs/msg/detail/rs485_motor_command__type_support.h
[34.196s] -- Installing: /home/a/ws_nhk/install/stm32_mavlink_msgs/include/stm32_mavlink_msgs/stm32_mavlink_msgs/msg/detail/dc_motor_state__functions.h
[34.196s] -- Installing: /home/a/ws_nhk/install/stm32_mavlink_msgs/include/stm32_mavlink_msgs/stm32_mavlink_msgs/msg/detail/rs485_flash_save_request__type_support.h
[34.196s] -- Installing: /home/a/ws_nhk/install/stm32_mavlink_msgs/include/stm32_mavlink_msgs/stm32_mavlink_msgs/msg/detail/encoder_state__struct.h
[34.196s] -- Installing: /home/a/ws_nhk/install/stm32_mavlink_msgs/include/stm32_mavlink_msgs/stm32_mavlink_msgs/msg/detail/dc_motor_config__struct.h
[34.196s] -- Installing: /home/a/ws_nhk/install/stm32_mavlink_msgs/include/stm32_mavlink_msgs/stm32_mavlink_msgs/msg/detail/rs485_motor_command__functions.c
[34.196s] -- Installing: /home/a/ws_nhk/install/stm32_mavlink_msgs/include/stm32_mavlink_msgs/stm32_mavlink_msgs/msg/detail/rs485_motor_state__struct.h
[34.196s] -- Installing: /home/a/ws_nhk/install/stm32_mavlink_msgs/include/stm32_mavlink_msgs/stm32_mavlink_msgs/msg/detail/limit_switch_status__functions.h
[34.197s] -- Installing: /home/a/ws_nhk/install/stm32_mavlink_msgs/include/stm32_mavlink_msgs/stm32_mavlink_msgs/msg/detail/solenoid_status__functions.c
[34.197s] -- Installing: /home/a/ws_nhk/install/stm32_mavlink_msgs/include/stm32_mavlink_msgs/stm32_mavlink_msgs/msg/detail/robomaster_motor_state__functions.c
[34.197s] -- Installing: /home/a/ws_nhk/install/stm32_mavlink_msgs/include/stm32_mavlink_msgs/stm32_mavlink_msgs/msg/detail/wtt12_l_status__struct.h
[34.197s] -- Installing: /home/a/ws_nhk/install/stm32_mavlink_msgs/include/stm32_mavlink_msgs/stm32_mavlink_msgs/msg/detail/dc_motor_command__functions.c
[34.197s] -- Installing: /home/a/ws_nhk/install/stm32_mavlink_msgs/include/stm32_mavlink_msgs/stm32_mavlink_msgs/msg/detail/limit_switch_status__functions.c
[34.197s] -- Installing: /home/a/ws_nhk/install/stm32_mavlink_msgs/include/stm32_mavlink_msgs/stm32_mavlink_msgs/msg/detail/robomaster_motor_config__functions.h
[34.197s] -- Installing: /home/a/ws_nhk/install/stm32_mavlink_msgs/include/stm32_mavlink_msgs/stm32_mavlink_msgs/msg/detail/rs485_read_request__functions.c
[34.197s] -- Installing: /home/a/ws_nhk/install/stm32_mavlink_msgs/include/stm32_mavlink_msgs/stm32_mavlink_msgs/msg/detail/limit_switch_status__type_support.h
[34.197s] -- Installing: /home/a/ws_nhk/install/stm32_mavlink_msgs/include/stm32_mavlink_msgs/stm32_mavlink_msgs/msg/detail/solenoid_command__struct.h
[34.197s] -- Installing: /home/a/ws_nhk/install/stm32_mavlink_msgs/include/stm32_mavlink_msgs/stm32_mavlink_msgs/msg/detail/robomaster_motor_config__functions.c
[34.197s] -- Installing: /home/a/ws_nhk/install/stm32_mavlink_msgs/include/stm32_mavlink_msgs/stm32_mavlink_msgs/msg/detail/encoder_state__functions.c
[34.197s] -- Installing: /home/a/ws_nhk/install/stm32_mavlink_msgs/include/stm32_mavlink_msgs/stm32_mavlink_msgs/msg/detail/robomaster_motor_config__struct.h
[34.198s] -- Installing: /home/a/ws_nhk/install/stm32_mavlink_msgs/include/stm32_mavlink_msgs/stm32_mavlink_msgs/msg/detail/robomaster_motor_command__struct.h
[34.198s] -- Installing: /home/a/ws_nhk/install/stm32_mavlink_msgs/include/stm32_mavlink_msgs/stm32_mavlink_msgs/msg/detail/rs485_motor_state__functions.h
[34.198s] -- Installing: /home/a/ws_nhk/install/stm32_mavlink_msgs/include/stm32_mavlink_msgs/stm32_mavlink_msgs/msg/detail/rs485_flash_save_request__functions.c
[34.198s] -- Installing: /home/a/ws_nhk/install/stm32_mavlink_msgs/include/stm32_mavlink_msgs/stm32_mavlink_msgs/msg/detail/solenoid_status__struct.h
[34.198s] -- Installing: /home/a/ws_nhk/install/stm32_mavlink_msgs/include/stm32_mavlink_msgs/stm32_mavlink_msgs/msg/detail/dc_motor_config__functions.h
[34.198s] -- Installing: /home/a/ws_nhk/install/stm32_mavlink_msgs/include/stm32_mavlink_msgs/stm32_mavlink_msgs/msg/detail/robomaster_motor_config__type_support.h
[34.198s] -- Installing: /home/a/ws_nhk/install/stm32_mavlink_msgs/include/stm32_mavlink_msgs/stm32_mavlink_msgs/msg/detail/rs485_write_response__functions.h
[34.198s] -- Installing: /home/a/ws_nhk/install/stm32_mavlink_msgs/include/stm32_mavlink_msgs/stm32_mavlink_msgs/msg/detail/encoder_state__functions.h
[34.198s] -- Installing: /home/a/ws_nhk/install/stm32_mavlink_msgs/include/stm32_mavlink_msgs/stm32_mavlink_msgs/msg/detail/rs485_flash_save_request__functions.h
[34.198s] -- Installing: /home/a/ws_nhk/install/stm32_mavlink_msgs/include/stm32_mavlink_msgs/stm32_mavlink_msgs/msg/detail/dc_motor_state__type_support.h
[34.198s] -- Installing: /home/a/ws_nhk/install/stm32_mavlink_msgs/include/stm32_mavlink_msgs/stm32_mavlink_msgs/msg/detail/rs485_motor_config__type_support.h
[34.199s] -- Installing: /home/a/ws_nhk/install/stm32_mavlink_msgs/include/stm32_mavlink_msgs/stm32_mavlink_msgs/msg/detail/rs485_flash_save_request__struct.h
[34.199s] -- Installing: /home/a/ws_nhk/install/stm32_mavlink_msgs/include/stm32_mavlink_msgs/stm32_mavlink_msgs/msg/detail/robomaster_motor_state__functions.h
[34.199s] -- Installing: /home/a/ws_nhk/install/stm32_mavlink_msgs/include/stm32_mavlink_msgs/stm32_mavlink_msgs/msg/detail/rs485_read_response__functions.c
[34.199s] -- Installing: /home/a/ws_nhk/install/stm32_mavlink_msgs/include/stm32_mavlink_msgs/stm32_mavlink_msgs/msg/detail/wtt12_l_status__functions.h
[34.199s] -- Installing: /home/a/ws_nhk/install/stm32_mavlink_msgs/include/stm32_mavlink_msgs/stm32_mavlink_msgs/msg/detail/rs485_read_response__functions.h
[34.199s] -- Installing: /home/a/ws_nhk/install/stm32_mavlink_msgs/include/stm32_mavlink_msgs/stm32_mavlink_msgs/msg/detail/rs485_write_request__functions.c
[34.199s] -- Installing: /home/a/ws_nhk/install/stm32_mavlink_msgs/include/stm32_mavlink_msgs/stm32_mavlink_msgs/msg/detail/rs485_motor_command__struct.h
[34.199s] -- Installing: /home/a/ws_nhk/install/stm32_mavlink_msgs/include/stm32_mavlink_msgs/stm32_mavlink_msgs/msg/detail/wtt12_l_status__functions.c
[34.199s] -- Installing: /home/a/ws_nhk/install/stm32_mavlink_msgs/include/stm32_mavlink_msgs/stm32_mavlink_msgs/msg/detail/dc_motor_state__struct.h
[34.199s] -- Installing: /home/a/ws_nhk/install/stm32_mavlink_msgs/include/stm32_mavlink_msgs/stm32_mavlink_msgs/msg/detail/servo_state__functions.h
[34.199s] -- Installing: /home/a/ws_nhk/install/stm32_mavlink_msgs/include/stm32_mavlink_msgs/stm32_mavlink_msgs/msg/detail/encoder_state__type_support.h
[34.199s] -- Installing: /home/a/ws_nhk/install/stm32_mavlink_msgs/include/stm32_mavlink_msgs/stm32_mavlink_msgs/msg/detail/rs485_read_response__struct.h
[34.200s] -- Installing: /home/a/ws_nhk/install/stm32_mavlink_msgs/include/stm32_mavlink_msgs/stm32_mavlink_msgs/msg/rs485_write_response.h
[34.200s] -- Installing: /home/a/ws_nhk/install/stm32_mavlink_msgs/include/stm32_mavlink_msgs/stm32_mavlink_msgs/msg/limit_switch_status.h
[34.200s] -- Installing: /home/a/ws_nhk/install/stm32_mavlink_msgs/include/stm32_mavlink_msgs/stm32_mavlink_msgs/msg/encoder_state.h
[34.200s] -- Installing: /home/a/ws_nhk/install/stm32_mavlink_msgs/include/stm32_mavlink_msgs/stm32_mavlink_msgs/msg/solenoid_status.h
[34.200s] -- Installing: /home/a/ws_nhk/install/stm32_mavlink_msgs/include/stm32_mavlink_msgs/stm32_mavlink_msgs/msg/robomaster_motor_state.h
[34.200s] -- Installing: /home/a/ws_nhk/install/stm32_mavlink_msgs/include/stm32_mavlink_msgs/stm32_mavlink_msgs/srv
[34.200s] -- Installing: /home/a/ws_nhk/install/stm32_mavlink_msgs/include/stm32_mavlink_msgs/stm32_mavlink_msgs/srv/set_robomaster_motor_config.h
[34.200s] -- Installing: /home/a/ws_nhk/install/stm32_mavlink_msgs/include/stm32_mavlink_msgs/stm32_mavlink_msgs/srv/get_dc_motor_config.h
[34.200s] -- Installing: /home/a/ws_nhk/install/stm32_mavlink_msgs/include/stm32_mavlink_msgs/stm32_mavlink_msgs/srv/write_rs485_param.h
[34.200s] -- Installing: /home/a/ws_nhk/install/stm32_mavlink_msgs/include/stm32_mavlink_msgs/stm32_mavlink_msgs/srv/set_encoder_config.h
[34.200s] -- Installing: /home/a/ws_nhk/install/stm32_mavlink_msgs/include/stm32_mavlink_msgs/stm32_mavlink_msgs/srv/set_dc_motor_config.h
[34.200s] -- Installing: /home/a/ws_nhk/install/stm32_mavlink_msgs/include/stm32_mavlink_msgs/stm32_mavlink_msgs/srv/read_rs485_param.h
[34.201s] -- Installing: /home/a/ws_nhk/install/stm32_mavlink_msgs/include/stm32_mavlink_msgs/stm32_mavlink_msgs/srv/flash_save_rs485.h
[34.201s] -- Installing: /home/a/ws_nhk/install/stm32_mavlink_msgs/include/stm32_mavlink_msgs/stm32_mavlink_msgs/srv/detail
[34.201s] -- Installing: /home/a/ws_nhk/install/stm32_mavlink_msgs/include/stm32_mavlink_msgs/stm32_mavlink_msgs/srv/detail/get_dc_motor_config__functions.c
[34.201s] -- Installing: /home/a/ws_nhk/install/stm32_mavlink_msgs/include/stm32_mavlink_msgs/stm32_mavlink_msgs/srv/detail/get_robomaster_motor_config__functions.h
[34.201s] -- Installing: /home/a/ws_nhk/install/stm32_mavlink_msgs/include/stm32_mavlink_msgs/stm32_mavlink_msgs/srv/detail/write_rs485_param__functions.c
[34.201s] -- Installing: /home/a/ws_nhk/install/stm32_mavlink_msgs/include/stm32_mavlink_msgs/stm32_mavlink_msgs/srv/detail/read_rs485_param__type_support.h
[34.201s] -- Installing: /home/a/ws_nhk/install/stm32_mavlink_msgs/include/stm32_mavlink_msgs/stm32_mavlink_msgs/srv/detail/get_robomaster_motor_config__struct.h
[34.201s] -- Installing: /home/a/ws_nhk/install/stm32_mavlink_msgs/include/stm32_mavlink_msgs/stm32_mavlink_msgs/srv/detail/set_encoder_config__struct.h
[34.201s] -- Installing: /home/a/ws_nhk/install/stm32_mavlink_msgs/include/stm32_mavlink_msgs/stm32_mavlink_msgs/srv/detail/set_dc_motor_config__type_support.h
[34.201s] -- Installing: /home/a/ws_nhk/install/stm32_mavlink_msgs/include/stm32_mavlink_msgs/stm32_mavlink_msgs/srv/detail/set_dc_motor_config__functions.h
[34.201s] -- Installing: /home/a/ws_nhk/install/stm32_mavlink_msgs/include/stm32_mavlink_msgs/stm32_mavlink_msgs/srv/detail/set_robomaster_motor_config__struct.h
[34.201s] -- Installing: /home/a/ws_nhk/install/stm32_mavlink_msgs/include/stm32_mavlink_msgs/stm32_mavlink_msgs/srv/detail/read_rs485_param__functions.c
[34.202s] -- Installing: /home/a/ws_nhk/install/stm32_mavlink_msgs/include/stm32_mavlink_msgs/stm32_mavlink_msgs/srv/detail/set_robomaster_motor_config__functions.c
[34.202s] -- Installing: /home/a/ws_nhk/install/stm32_mavlink_msgs/include/stm32_mavlink_msgs/stm32_mavlink_msgs/srv/detail/get_robomaster_motor_config__functions.c
[34.202s] -- Installing: /home/a/ws_nhk/install/stm32_mavlink_msgs/include/stm32_mavlink_msgs/stm32_mavlink_msgs/srv/detail/set_dc_motor_config__functions.c
[34.202s] -- Installing: /home/a/ws_nhk/install/stm32_mavlink_msgs/include/stm32_mavlink_msgs/stm32_mavlink_msgs/srv/detail/set_robomaster_motor_config__type_support.h
[34.202s] -- Installing: /home/a/ws_nhk/install/stm32_mavlink_msgs/include/stm32_mavlink_msgs/stm32_mavlink_msgs/srv/detail/get_dc_motor_config__functions.h
[34.202s] -- Installing: /home/a/ws_nhk/install/stm32_mavlink_msgs/include/stm32_mavlink_msgs/stm32_mavlink_msgs/srv/detail/set_servo_config__struct.h
[34.202s] -- Installing: /home/a/ws_nhk/install/stm32_mavlink_msgs/include/stm32_mavlink_msgs/stm32_mavlink_msgs/srv/detail/write_rs485_param__struct.h
[34.202s] -- Installing: /home/a/ws_nhk/install/stm32_mavlink_msgs/include/stm32_mavlink_msgs/stm32_mavlink_msgs/srv/detail/set_servo_config__functions.c
[34.202s] -- Installing: /home/a/ws_nhk/install/stm32_mavlink_msgs/include/stm32_mavlink_msgs/stm32_mavlink_msgs/srv/detail/flash_save_rs485__functions.c
[34.202s] -- Installing: /home/a/ws_nhk/install/stm32_mavlink_msgs/include/stm32_mavlink_msgs/stm32_mavlink_msgs/srv/detail/write_rs485_param__functions.h
[34.202s] -- Installing: /home/a/ws_nhk/install/stm32_mavlink_msgs/include/stm32_mavlink_msgs/stm32_mavlink_msgs/srv/detail/read_rs485_param__functions.h
[34.202s] -- Installing: /home/a/ws_nhk/install/stm32_mavlink_msgs/include/stm32_mavlink_msgs/stm32_mavlink_msgs/srv/detail/write_rs485_param__type_support.h
[34.203s] -- Installing: /home/a/ws_nhk/install/stm32_mavlink_msgs/include/stm32_mavlink_msgs/stm32_mavlink_msgs/srv/detail/set_robomaster_motor_config__functions.h
[34.203s] -- Installing: /home/a/ws_nhk/install/stm32_mavlink_msgs/include/stm32_mavlink_msgs/stm32_mavlink_msgs/srv/detail/set_encoder_config__functions.h
[34.203s] -- Installing: /home/a/ws_nhk/install/stm32_mavlink_msgs/include/stm32_mavlink_msgs/stm32_mavlink_msgs/srv/detail/flash_save_rs485__functions.h
[34.203s] -- Installing: /home/a/ws_nhk/install/stm32_mavlink_msgs/include/stm32_mavlink_msgs/stm32_mavlink_msgs/srv/detail/get_dc_motor_config__type_support.h
[34.203s] -- Installing: /home/a/ws_nhk/install/stm32_mavlink_msgs/include/stm32_mavlink_msgs/stm32_mavlink_msgs/srv/detail/set_encoder_config__type_support.h
[34.203s] -- Installing: /home/a/ws_nhk/install/stm32_mavlink_msgs/include/stm32_mavlink_msgs/stm32_mavlink_msgs/srv/detail/set_servo_config__functions.h
[34.203s] -- Installing: /home/a/ws_nhk/install/stm32_mavlink_msgs/include/stm32_mavlink_msgs/stm32_mavlink_msgs/srv/detail/get_robomaster_motor_config__type_support.h
[34.203s] -- Installing: /home/a/ws_nhk/install/stm32_mavlink_msgs/include/stm32_mavlink_msgs/stm32_mavlink_msgs/srv/detail/set_servo_config__type_support.h
[34.203s] -- Installing: /home/a/ws_nhk/install/stm32_mavlink_msgs/include/stm32_mavlink_msgs/stm32_mavlink_msgs/srv/detail/set_dc_motor_config__struct.h
[34.203s] -- Installing: /home/a/ws_nhk/install/stm32_mavlink_msgs/include/stm32_mavlink_msgs/stm32_mavlink_msgs/srv/detail/flash_save_rs485__struct.h
[34.203s] -- Installing: /home/a/ws_nhk/install/stm32_mavlink_msgs/include/stm32_mavlink_msgs/stm32_mavlink_msgs/srv/detail/set_encoder_config__functions.c
[34.203s] -- Installing: /home/a/ws_nhk/install/stm32_mavlink_msgs/include/stm32_mavlink_msgs/stm32_mavlink_msgs/srv/detail/flash_save_rs485__type_support.h
[34.204s] -- Installing: /home/a/ws_nhk/install/stm32_mavlink_msgs/include/stm32_mavlink_msgs/stm32_mavlink_msgs/srv/detail/get_dc_motor_config__struct.h
[34.204s] -- Installing: /home/a/ws_nhk/install/stm32_mavlink_msgs/include/stm32_mavlink_msgs/stm32_mavlink_msgs/srv/detail/read_rs485_param__struct.h
[34.204s] -- Installing: /home/a/ws_nhk/install/stm32_mavlink_msgs/include/stm32_mavlink_msgs/stm32_mavlink_msgs/srv/get_robomaster_motor_config.h
[34.204s] -- Installing: /home/a/ws_nhk/install/stm32_mavlink_msgs/include/stm32_mavlink_msgs/stm32_mavlink_msgs/srv/set_servo_config.h
[34.204s] -- Installing: /home/a/ws_nhk/install/stm32_mavlink_msgs/share/stm32_mavlink_msgs/environment/library_path.sh
[34.204s] -- Installing: /home/a/ws_nhk/install/stm32_mavlink_msgs/share/stm32_mavlink_msgs/environment/library_path.dsv
[34.204s] -- Installing: /home/a/ws_nhk/install/stm32_mavlink_msgs/lib/libstm32_mavlink_msgs__rosidl_generator_c.so
[34.205s] -- Set runtime path of "/home/a/ws_nhk/install/stm32_mavlink_msgs/lib/libstm32_mavlink_msgs__rosidl_generator_c.so" to ""
[34.205s] -- Up-to-date: /home/a/ws_nhk/install/stm32_mavlink_msgs/include/stm32_mavlink_msgs/stm32_mavlink_msgs
[34.205s] -- Up-to-date: /home/a/ws_nhk/install/stm32_mavlink_msgs/include/stm32_mavlink_msgs/stm32_mavlink_msgs/msg
[34.205s] -- Installing: /home/a/ws_nhk/install/stm32_mavlink_msgs/include/stm32_mavlink_msgs/stm32_mavlink_msgs/msg/rosidl_typesupport_fastrtps_c__visibility_control.h
[34.205s] -- Up-to-date: /home/a/ws_nhk/install/stm32_mavlink_msgs/include/stm32_mavlink_msgs/stm32_mavlink_msgs/msg/detail
[34.205s] -- Installing: /home/a/ws_nhk/install/stm32_mavlink_msgs/include/stm32_mavlink_msgs/stm32_mavlink_msgs/msg/detail/rs485_motor_state__rosidl_typesupport_fastrtps_c.h
[34.205s] -- Installing: /home/a/ws_nhk/install/stm32_mavlink_msgs/include/stm32_mavlink_msgs/stm32_mavlink_msgs/msg/detail/encoder_state__rosidl_typesupport_fastrtps_c.h
[34.205s] -- Installing: /home/a/ws_nhk/install/stm32_mavlink_msgs/include/stm32_mavlink_msgs/stm32_mavlink_msgs/msg/detail/solenoid_status__rosidl_typesupport_fastrtps_c.h
[34.206s] -- Installing: /home/a/ws_nhk/install/stm32_mavlink_msgs/include/stm32_mavlink_msgs/stm32_mavlink_msgs/msg/detail/rs485_write_request__rosidl_typesupport_fastrtps_c.h
[34.206s] -- Installing: /home/a/ws_nhk/install/stm32_mavlink_msgs/include/stm32_mavlink_msgs/stm32_mavlink_msgs/msg/detail/rs485_motor_command__rosidl_typesupport_fastrtps_c.h
[34.206s] -- Installing: /home/a/ws_nhk/install/stm32_mavlink_msgs/include/stm32_mavlink_msgs/stm32_mavlink_msgs/msg/detail/rs485_read_request__rosidl_typesupport_fastrtps_c.h
[34.206s] -- Installing: /home/a/ws_nhk/install/stm32_mavlink_msgs/include/stm32_mavlink_msgs/stm32_mavlink_msgs/msg/detail/robomaster_motor_config__rosidl_typesupport_fastrtps_c.h
[34.206s] -- Installing: /home/a/ws_nhk/install/stm32_mavlink_msgs/include/stm32_mavlink_msgs/stm32_mavlink_msgs/msg/detail/encoder_config__rosidl_typesupport_fastrtps_c.h
[34.206s] -- Installing: /home/a/ws_nhk/install/stm32_mavlink_msgs/include/stm32_mavlink_msgs/stm32_mavlink_msgs/msg/detail/servo_command__rosidl_typesupport_fastrtps_c.h
[34.206s] -- Installing: /home/a/ws_nhk/install/stm32_mavlink_msgs/include/stm32_mavlink_msgs/stm32_mavlink_msgs/msg/detail/rs485_write_response__rosidl_typesupport_fastrtps_c.h
[34.206s] -- Installing: /home/a/ws_nhk/install/stm32_mavlink_msgs/include/stm32_mavlink_msgs/stm32_mavlink_msgs/msg/detail/rs485_motor_config__rosidl_typesupport_fastrtps_c.h
[34.206s] -- Installing: /home/a/ws_nhk/install/stm32_mavlink_msgs/include/stm32_mavlink_msgs/stm32_mavlink_msgs/msg/detail/solenoid_command__rosidl_typesupport_fastrtps_c.h
[34.206s] -- Installing: /home/a/ws_nhk/install/stm32_mavlink_msgs/include/stm32_mavlink_msgs/stm32_mavlink_msgs/msg/detail/dc_motor_config__rosidl_typesupport_fastrtps_c.h
[34.206s] -- Installing: /home/a/ws_nhk/install/stm32_mavlink_msgs/include/stm32_mavlink_msgs/stm32_mavlink_msgs/msg/detail/rs485_flash_save_request__rosidl_typesupport_fastrtps_c.h
[34.206s] -- Installing: /home/a/ws_nhk/install/stm32_mavlink_msgs/include/stm32_mavlink_msgs/stm32_mavlink_msgs/msg/detail/robomaster_motor_state__rosidl_typesupport_fastrtps_c.h
[34.206s] -- Installing: /home/a/ws_nhk/install/stm32_mavlink_msgs/include/stm32_mavlink_msgs/stm32_mavlink_msgs/msg/detail/robomaster_motor_command__rosidl_typesupport_fastrtps_c.h
[34.207s] -- Installing: /home/a/ws_nhk/install/stm32_mavlink_msgs/include/stm32_mavlink_msgs/stm32_mavlink_msgs/msg/detail/servo_state__rosidl_typesupport_fastrtps_c.h
[34.207s] -- Installing: /home/a/ws_nhk/install/stm32_mavlink_msgs/include/stm32_mavlink_msgs/stm32_mavlink_msgs/msg/detail/dc_motor_state__rosidl_typesupport_fastrtps_c.h
[34.207s] -- Installing: /home/a/ws_nhk/install/stm32_mavlink_msgs/include/stm32_mavlink_msgs/stm32_mavlink_msgs/msg/detail/wtt12_l_status__rosidl_typesupport_fastrtps_c.h
[34.207s] -- Installing: /home/a/ws_nhk/install/stm32_mavlink_msgs/include/stm32_mavlink_msgs/stm32_mavlink_msgs/msg/detail/limit_switch_status__rosidl_typesupport_fastrtps_c.h
[34.207s] -- Installing: /home/a/ws_nhk/install/stm32_mavlink_msgs/include/stm32_mavlink_msgs/stm32_mavlink_msgs/msg/detail/dc_motor_command__rosidl_typesupport_fastrtps_c.h
[34.207s] -- Installing: /home/a/ws_nhk/install/stm32_mavlink_msgs/include/stm32_mavlink_msgs/stm32_mavlink_msgs/msg/detail/rs485_read_response__rosidl_typesupport_fastrtps_c.h
[34.207s] -- Up-to-date: /home/a/ws_nhk/install/stm32_mavlink_msgs/include/stm32_mavlink_msgs/stm32_mavlink_msgs/srv
[34.207s] -- Up-to-date: /home/a/ws_nhk/install/stm32_mavlink_msgs/include/stm32_mavlink_msgs/stm32_mavlink_msgs/srv/detail
[34.207s] -- Installing: /home/a/ws_nhk/install/stm32_mavlink_msgs/include/stm32_mavlink_msgs/stm32_mavlink_msgs/srv/detail/set_encoder_config__rosidl_typesupport_fastrtps_c.h
[34.207s] -- Installing: /home/a/ws_nhk/install/stm32_mavlink_msgs/include/stm32_mavlink_msgs/stm32_mavlink_msgs/srv/detail/read_rs485_param__rosidl_typesupport_fastrtps_c.h
[34.207s] -- Installing: /home/a/ws_nhk/install/stm32_mavlink_msgs/include/stm32_mavlink_msgs/stm32_mavlink_msgs/srv/detail/write_rs485_param__rosidl_typesupport_fastrtps_c.h
[34.208s] -- Installing: /home/a/ws_nhk/install/stm32_mavlink_msgs/include/stm32_mavlink_msgs/stm32_mavlink_msgs/srv/detail/set_servo_config__rosidl_typesupport_fastrtps_c.h
[34.208s] -- Installing: /home/a/ws_nhk/install/stm32_mavlink_msgs/include/stm32_mavlink_msgs/stm32_mavlink_msgs/srv/detail/flash_save_rs485__rosidl_typesupport_fastrtps_c.h
[34.208s] -- Installing: /home/a/ws_nhk/install/stm32_mavlink_msgs/include/stm32_mavlink_msgs/stm32_mavlink_msgs/srv/detail/get_robomaster_motor_config__rosidl_typesupport_fastrtps_c.h
[34.208s] -- Installing: /home/a/ws_nhk/install/stm32_mavlink_msgs/include/stm32_mavlink_msgs/stm32_mavlink_msgs/srv/detail/set_dc_motor_config__rosidl_typesupport_fastrtps_c.h
[34.208s] -- Installing: /home/a/ws_nhk/install/stm32_mavlink_msgs/include/stm32_mavlink_msgs/stm32_mavlink_msgs/srv/detail/get_dc_motor_config__rosidl_typesupport_fastrtps_c.h
[34.208s] -- Installing: /home/a/ws_nhk/install/stm32_mavlink_msgs/include/stm32_mavlink_msgs/stm32_mavlink_msgs/srv/detail/set_robomaster_motor_config__rosidl_typesupport_fastrtps_c.h
[34.208s] -- Installing: /home/a/ws_nhk/install/stm32_mavlink_msgs/lib/libstm32_mavlink_msgs__rosidl_typesupport_fastrtps_c.so
[34.208s] -- Set runtime path of "/home/a/ws_nhk/install/stm32_mavlink_msgs/lib/libstm32_mavlink_msgs__rosidl_typesupport_fastrtps_c.so" to ""
[34.209s] -- Up-to-date: /home/a/ws_nhk/install/stm32_mavlink_msgs/include/stm32_mavlink_msgs/stm32_mavlink_msgs
[34.209s] -- Up-to-date: /home/a/ws_nhk/install/stm32_mavlink_msgs/include/stm32_mavlink_msgs/stm32_mavlink_msgs/msg
[34.209s] -- Installing: /home/a/ws_nhk/install/stm32_mavlink_msgs/include/stm32_mavlink_msgs/stm32_mavlink_msgs/msg/rosidl_typesupport_introspection_c__visibility_control.h
[34.209s] -- Up-to-date: /home/a/ws_nhk/install/stm32_mavlink_msgs/include/stm32_mavlink_msgs/stm32_mavlink_msgs/msg/detail
[34.209s] -- Installing: /home/a/ws_nhk/install/stm32_mavlink_msgs/include/stm32_mavlink_msgs/stm32_mavlink_msgs/msg/detail/rs485_motor_config__rosidl_typesupport_introspection_c.h
[34.209s] -- Installing: /home/a/ws_nhk/install/stm32_mavlink_msgs/include/stm32_mavlink_msgs/stm32_mavlink_msgs/msg/detail/robomaster_motor_state__type_support.c
[34.209s] -- Installing: /home/a/ws_nhk/install/stm32_mavlink_msgs/include/stm32_mavlink_msgs/stm32_mavlink_msgs/msg/detail/rs485_motor_state__rosidl_typesupport_introspection_c.h
[34.209s] -- Installing: /home/a/ws_nhk/install/stm32_mavlink_msgs/include/stm32_mavlink_msgs/stm32_mavlink_msgs/msg/detail/rs485_motor_state__type_support.c
[34.210s] -- Installing: /home/a/ws_nhk/install/stm32_mavlink_msgs/include/stm32_mavlink_msgs/stm32_mavlink_msgs/msg/detail/dc_motor_state__type_support.c
[34.210s] -- Installing: /home/a/ws_nhk/install/stm32_mavlink_msgs/include/stm32_mavlink_msgs/stm32_mavlink_msgs/msg/detail/solenoid_status__type_support.c
[34.210s] -- Installing: /home/a/ws_nhk/install/stm32_mavlink_msgs/include/stm32_mavlink_msgs/stm32_mavlink_msgs/msg/detail/dc_motor_config__type_support.c
[34.210s] -- Installing: /home/a/ws_nhk/install/stm32_mavlink_msgs/include/stm32_mavlink_msgs/stm32_mavlink_msgs/msg/detail/rs485_read_response__type_support.c
[34.210s] -- Installing: /home/a/ws_nhk/install/stm32_mavlink_msgs/include/stm32_mavlink_msgs/stm32_mavlink_msgs/msg/detail/robomaster_motor_command__rosidl_typesupport_introspection_c.h
[34.210s] -- Installing: /home/a/ws_nhk/install/stm32_mavlink_msgs/include/stm32_mavlink_msgs/stm32_mavlink_msgs/msg/detail/rs485_write_response__rosidl_typesupport_introspection_c.h
[34.210s] -- Installing: /home/a/ws_nhk/install/stm32_mavlink_msgs/include/stm32_mavlink_msgs/stm32_mavlink_msgs/msg/detail/robomaster_motor_config__rosidl_typesupport_introspection_c.h
[34.210s] -- Installing: /home/a/ws_nhk/install/stm32_mavlink_msgs/include/stm32_mavlink_msgs/stm32_mavlink_msgs/msg/detail/robomaster_motor_state__rosidl_typesupport_introspection_c.h
[34.210s] -- Installing: /home/a/ws_nhk/install/stm32_mavlink_msgs/include/stm32_mavlink_msgs/stm32_mavlink_msgs/msg/detail/rs485_flash_save_request__type_support.c
[34.210s] -- Installing: /home/a/ws_nhk/install/stm32_mavlink_msgs/include/stm32_mavlink_msgs/stm32_mavlink_msgs/msg/detail/rs485_flash_save_request__rosidl_typesupport_introspection_c.h
[34.211s] -- Installing: /home/a/ws_nhk/install/stm32_mavlink_msgs/include/stm32_mavlink_msgs/stm32_mavlink_msgs/msg/detail/servo_state__rosidl_typesupport_introspection_c.h
[34.211s] -- Installing: /home/a/ws_nhk/install/stm32_mavlink_msgs/include/stm32_mavlink_msgs/stm32_mavlink_msgs/msg/detail/dc_motor_config__rosidl_typesupport_introspection_c.h
[34.211s] -- Installing: /home/a/ws_nhk/install/stm32_mavlink_msgs/include/stm32_mavlink_msgs/stm32_mavlink_msgs/msg/detail/wtt12_l_status__rosidl_typesupport_introspection_c.h
[34.211s] -- Installing: /home/a/ws_nhk/install/stm32_mavlink_msgs/include/stm32_mavlink_msgs/stm32_mavlink_msgs/msg/detail/rs485_read_response__rosidl_typesupport_introspection_c.h
[34.211s] -- Installing: /home/a/ws_nhk/install/stm32_mavlink_msgs/include/stm32_mavlink_msgs/stm32_mavlink_msgs/msg/detail/encoder_state__type_support.c
[34.211s] -- Installing: /home/a/ws_nhk/install/stm32_mavlink_msgs/include/stm32_mavlink_msgs/stm32_mavlink_msgs/msg/detail/servo_state__type_support.c
[34.211s] -- Installing: /home/a/ws_nhk/install/stm32_mavlink_msgs/include/stm32_mavlink_msgs/stm32_mavlink_msgs/msg/detail/encoder_config__type_support.c
[34.211s] -- Installing: /home/a/ws_nhk/install/stm32_mavlink_msgs/include/stm32_mavlink_msgs/stm32_mavlink_msgs/msg/detail/rs485_write_request__rosidl_typesupport_introspection_c.h
[34.211s] -- Installing: /home/a/ws_nhk/install/stm32_mavlink_msgs/include/stm32_mavlink_msgs/stm32_mavlink_msgs/msg/detail/solenoid_status__rosidl_typesupport_introspection_c.h
[34.211s] -- Installing: /home/a/ws_nhk/install/stm32_mavlink_msgs/include/stm32_mavlink_msgs/stm32_mavlink_msgs/msg/detail/dc_motor_command__rosidl_typesupport_introspection_c.h
[34.211s] -- Installing: /home/a/ws_nhk/install/stm32_mavlink_msgs/include/stm32_mavlink_msgs/stm32_mavlink_msgs/msg/detail/limit_switch_status__rosidl_typesupport_introspection_c.h
[34.211s] -- Installing: /home/a/ws_nhk/install/stm32_mavlink_msgs/include/stm32_mavlink_msgs/stm32_mavlink_msgs/msg/detail/limit_switch_status__type_support.c
[34.212s] -- Installing: /home/a/ws_nhk/install/stm32_mavlink_msgs/include/stm32_mavlink_msgs/stm32_mavlink_msgs/msg/detail/rs485_motor_config__type_support.c
[34.212s] -- Installing: /home/a/ws_nhk/install/stm32_mavlink_msgs/include/stm32_mavlink_msgs/stm32_mavlink_msgs/msg/detail/dc_motor_command__type_support.c
[34.212s] -- Installing: /home/a/ws_nhk/install/stm32_mavlink_msgs/include/stm32_mavlink_msgs/stm32_mavlink_msgs/msg/detail/encoder_state__rosidl_typesupport_introspection_c.h
[34.212s] -- Installing: /home/a/ws_nhk/install/stm32_mavlink_msgs/include/stm32_mavlink_msgs/stm32_mavlink_msgs/msg/detail/wtt12_l_status__type_support.c
[34.212s] -- Installing: /home/a/ws_nhk/install/stm32_mavlink_msgs/include/stm32_mavlink_msgs/stm32_mavlink_msgs/msg/detail/rs485_motor_command__rosidl_typesupport_introspection_c.h
[34.212s] -- Installing: /home/a/ws_nhk/install/stm32_mavlink_msgs/include/stm32_mavlink_msgs/stm32_mavlink_msgs/msg/detail/robomaster_motor_config__type_support.c
[34.212s] -- Installing: /home/a/ws_nhk/install/stm32_mavlink_msgs/include/stm32_mavlink_msgs/stm32_mavlink_msgs/msg/detail/rs485_write_response__type_support.c
[34.212s] -- Installing: /home/a/ws_nhk/install/stm32_mavlink_msgs/include/stm32_mavlink_msgs/stm32_mavlink_msgs/msg/detail/servo_command__type_support.c
[34.212s] -- Installing: /home/a/ws_nhk/install/stm32_mavlink_msgs/include/stm32_mavlink_msgs/stm32_mavlink_msgs/msg/detail/dc_motor_state__rosidl_typesupport_introspection_c.h
[34.213s] -- Installing: /home/a/ws_nhk/install/stm32_mavlink_msgs/include/stm32_mavlink_msgs/stm32_mavlink_msgs/msg/detail/rs485_read_request__type_support.c
[34.213s] -- Installing: /home/a/ws_nhk/install/stm32_mavlink_msgs/include/stm32_mavlink_msgs/stm32_mavlink_msgs/msg/detail/encoder_config__rosidl_typesupport_introspection_c.h
[34.213s] -- Installing: /home/a/ws_nhk/install/stm32_mavlink_msgs/include/stm32_mavlink_msgs/stm32_mavlink_msgs/msg/detail/servo_command__rosidl_typesupport_introspection_c.h
[34.213s] -- Installing: /home/a/ws_nhk/install/stm32_mavlink_msgs/include/stm32_mavlink_msgs/stm32_mavlink_msgs/msg/detail/rs485_read_request__rosidl_typesupport_introspection_c.h
[34.213s] -- Installing: /home/a/ws_nhk/install/stm32_mavlink_msgs/include/stm32_mavlink_msgs/stm32_mavlink_msgs/msg/detail/solenoid_command__rosidl_typesupport_introspection_c.h
[34.213s] -- Installing: /home/a/ws_nhk/install/stm32_mavlink_msgs/include/stm32_mavlink_msgs/stm32_mavlink_msgs/msg/detail/rs485_motor_command__type_support.c
[34.213s] -- Installing: /home/a/ws_nhk/install/stm32_mavlink_msgs/include/stm32_mavlink_msgs/stm32_mavlink_msgs/msg/detail/robomaster_motor_command__type_support.c
[34.213s] -- Installing: /home/a/ws_nhk/install/stm32_mavlink_msgs/include/stm32_mavlink_msgs/stm32_mavlink_msgs/msg/detail/solenoid_command__type_support.c
[34.213s] -- Installing: /home/a/ws_nhk/install/stm32_mavlink_msgs/include/stm32_mavlink_msgs/stm32_mavlink_msgs/msg/detail/rs485_write_request__type_support.c
[34.213s] -- Up-to-date: /home/a/ws_nhk/install/stm32_mavlink_msgs/include/stm32_mavlink_msgs/stm32_mavlink_msgs/srv
[34.213s] -- Up-to-date: /home/a/ws_nhk/install/stm32_mavlink_msgs/include/stm32_mavlink_msgs/stm32_mavlink_msgs/srv/detail
[34.214s] -- Installing: /home/a/ws_nhk/install/stm32_mavlink_msgs/include/stm32_mavlink_msgs/stm32_mavlink_msgs/srv/detail/write_rs485_param__type_support.c
[34.214s] -- Installing: /home/a/ws_nhk/install/stm32_mavlink_msgs/include/stm32_mavlink_msgs/stm32_mavlink_msgs/srv/detail/write_rs485_param__rosidl_typesupport_introspection_c.h
[34.214s] -- Installing: /home/a/ws_nhk/install/stm32_mavlink_msgs/include/stm32_mavlink_msgs/stm32_mavlink_msgs/srv/detail/get_dc_motor_config__type_support.c
[34.214s] -- Installing: /home/a/ws_nhk/install/stm32_mavlink_msgs/include/stm32_mavlink_msgs/stm32_mavlink_msgs/srv/detail/set_dc_motor_config__type_support.c
[34.214s] -- Installing: /home/a/ws_nhk/install/stm32_mavlink_msgs/include/stm32_mavlink_msgs/stm32_mavlink_msgs/srv/detail/get_robomaster_motor_config__type_support.c
[34.214s] -- Installing: /home/a/ws_nhk/install/stm32_mavlink_msgs/include/stm32_mavlink_msgs/stm32_mavlink_msgs/srv/detail/set_robomaster_motor_config__type_support.c
[34.214s] -- Installing: /home/a/ws_nhk/install/stm32_mavlink_msgs/include/stm32_mavlink_msgs/stm32_mavlink_msgs/srv/detail/flash_save_rs485__rosidl_typesupport_introspection_c.h
[34.214s] -- Installing: /home/a/ws_nhk/install/stm32_mavlink_msgs/include/stm32_mavlink_msgs/stm32_mavlink_msgs/srv/detail/get_dc_motor_config__rosidl_typesupport_introspection_c.h
[34.214s] -- Installing: /home/a/ws_nhk/install/stm32_mavlink_msgs/include/stm32_mavlink_msgs/stm32_mavlink_msgs/srv/detail/get_robomaster_motor_config__rosidl_typesupport_introspection_c.h
[34.214s] -- Installing: /home/a/ws_nhk/install/stm32_mavlink_msgs/include/stm32_mavlink_msgs/stm32_mavlink_msgs/srv/detail/flash_save_rs485__type_support.c
[34.214s] -- Installing: /home/a/ws_nhk/install/stm32_mavlink_msgs/include/stm32_mavlink_msgs/stm32_mavlink_msgs/srv/detail/read_rs485_param__type_support.c
[34.215s] -- Installing: /home/a/ws_nhk/install/stm32_mavlink_msgs/include/stm32_mavlink_msgs/stm32_mavlink_msgs/srv/detail/set_servo_config__type_support.c
[34.215s] -- Installing: /home/a/ws_nhk/install/stm32_mavlink_msgs/include/stm32_mavlink_msgs/stm32_mavlink_msgs/srv/detail/set_robomaster_motor_config__rosidl_typesupport_introspection_c.h
[34.215s] -- Installing: /home/a/ws_nhk/install/stm32_mavlink_msgs/include/stm32_mavlink_msgs/stm32_mavlink_msgs/srv/detail/set_servo_config__rosidl_typesupport_introspection_c.h
[34.215s] -- Installing: /home/a/ws_nhk/install/stm32_mavlink_msgs/include/stm32_mavlink_msgs/stm32_mavlink_msgs/srv/detail/set_encoder_config__rosidl_typesupport_introspection_c.h
[34.215s] -- Installing: /home/a/ws_nhk/install/stm32_mavlink_msgs/include/stm32_mavlink_msgs/stm32_mavlink_msgs/srv/detail/set_encoder_config__type_support.c
[34.215s] -- Installing: /home/a/ws_nhk/install/stm32_mavlink_msgs/include/stm32_mavlink_msgs/stm32_mavlink_msgs/srv/detail/set_dc_motor_config__rosidl_typesupport_introspection_c.h
[34.215s] -- Installing: /home/a/ws_nhk/install/stm32_mavlink_msgs/include/stm32_mavlink_msgs/stm32_mavlink_msgs/srv/detail/read_rs485_param__rosidl_typesupport_introspection_c.h
[34.215s] -- Installing: /home/a/ws_nhk/install/stm32_mavlink_msgs/lib/libstm32_mavlink_msgs__rosidl_typesupport_introspection_c.so
[34.215s] -- Set runtime path of "/home/a/ws_nhk/install/stm32_mavlink_msgs/lib/libstm32_mavlink_msgs__rosidl_typesupport_introspection_c.so" to ""
[34.215s] -- Installing: /home/a/ws_nhk/install/stm32_mavlink_msgs/lib/libstm32_mavlink_msgs__rosidl_typesupport_c.so
[34.216s] -- Set runtime path of "/home/a/ws_nhk/install/stm32_mavlink_msgs/lib/libstm32_mavlink_msgs__rosidl_typesupport_c.so" to ""
[34.216s] -- Up-to-date: /home/a/ws_nhk/install/stm32_mavlink_msgs/include/stm32_mavlink_msgs/stm32_mavlink_msgs
[34.216s] -- Up-to-date: /home/a/ws_nhk/install/stm32_mavlink_msgs/include/stm32_mavlink_msgs/stm32_mavlink_msgs/msg
[34.216s] -- Installing: /home/a/ws_nhk/install/stm32_mavlink_msgs/include/stm32_mavlink_msgs/stm32_mavlink_msgs/msg/dc_motor_state.hpp
[34.216s] -- Installing: /home/a/ws_nhk/install/stm32_mavlink_msgs/include/stm32_mavlink_msgs/stm32_mavlink_msgs/msg/servo_command.hpp
[34.216s] -- Installing: /home/a/ws_nhk/install/stm32_mavlink_msgs/include/stm32_mavlink_msgs/stm32_mavlink_msgs/msg/dc_motor_command.hpp
[34.216s] -- Installing: /home/a/ws_nhk/install/stm32_mavlink_msgs/include/stm32_mavlink_msgs/stm32_mavlink_msgs/msg/robomaster_motor_config.hpp
[34.216s] -- Installing: /home/a/ws_nhk/install/stm32_mavlink_msgs/include/stm32_mavlink_msgs/stm32_mavlink_msgs/msg/encoder_config.hpp
[34.216s] -- Installing: /home/a/ws_nhk/install/stm32_mavlink_msgs/include/stm32_mavlink_msgs/stm32_mavlink_msgs/msg/wtt12_l_status.hpp
[34.217s] -- Installing: /home/a/ws_nhk/install/stm32_mavlink_msgs/include/stm32_mavlink_msgs/stm32_mavlink_msgs/msg/encoder_state.hpp
[34.217s] -- Installing: /home/a/ws_nhk/install/stm32_mavlink_msgs/include/stm32_mavlink_msgs/stm32_mavlink_msgs/msg/solenoid_command.hpp
[34.217s] -- Installing: /home/a/ws_nhk/install/stm32_mavlink_msgs/include/stm32_mavlink_msgs/stm32_mavlink_msgs/msg/robomaster_motor_state.hpp
[34.217s] -- Installing: /home/a/ws_nhk/install/stm32_mavlink_msgs/include/stm32_mavlink_msgs/stm32_mavlink_msgs/msg/dc_motor_config.hpp
[34.217s] -- Installing: /home/a/ws_nhk/install/stm32_mavlink_msgs/include/stm32_mavlink_msgs/stm32_mavlink_msgs/msg/robomaster_motor_command.hpp
[34.217s] -- Installing: /home/a/ws_nhk/install/stm32_mavlink_msgs/include/stm32_mavlink_msgs/stm32_mavlink_msgs/msg/servo_state.hpp
[34.217s] -- Installing: /home/a/ws_nhk/install/stm32_mavlink_msgs/include/stm32_mavlink_msgs/stm32_mavlink_msgs/msg/rs485_read_request.hpp
[34.217s] -- Installing: /home/a/ws_nhk/install/stm32_mavlink_msgs/include/stm32_mavlink_msgs/stm32_mavlink_msgs/msg/rosidl_generator_cpp__visibility_control.hpp
[34.217s] -- Installing: /home/a/ws_nhk/install/stm32_mavlink_msgs/include/stm32_mavlink_msgs/stm32_mavlink_msgs/msg/rs485_motor_state.hpp
[34.217s] -- Installing: /home/a/ws_nhk/install/stm32_mavlink_msgs/include/stm32_mavlink_msgs/stm32_mavlink_msgs/msg/rs485_write_response.hpp
[34.217s] -- Installing: /home/a/ws_nhk/install/stm32_mavlink_msgs/include/stm32_mavlink_msgs/stm32_mavlink_msgs/msg/rs485_read_response.hpp
[34.217s] -- Installing: /home/a/ws_nhk/install/stm32_mavlink_msgs/include/stm32_mavlink_msgs/stm32_mavlink_msgs/msg/rs485_flash_save_request.hpp
[34.218s] -- Installing: /home/a/ws_nhk/install/stm32_mavlink_msgs/include/stm32_mavlink_msgs/stm32_mavlink_msgs/msg/limit_switch_status.hpp
[34.218s] -- Installing: /home/a/ws_nhk/install/stm32_mavlink_msgs/include/stm32_mavlink_msgs/stm32_mavlink_msgs/msg/rs485_write_request.hpp
[34.218s] -- Installing: /home/a/ws_nhk/install/stm32_mavlink_msgs/include/stm32_mavlink_msgs/stm32_mavlink_msgs/msg/rs485_motor_config.hpp
[34.218s] -- Up-to-date: /home/a/ws_nhk/install/stm32_mavlink_msgs/include/stm32_mavlink_msgs/stm32_mavlink_msgs/msg/detail
[34.218s] -- Installing: /home/a/ws_nhk/install/stm32_mavlink_msgs/include/stm32_mavlink_msgs/stm32_mavlink_msgs/msg/detail/wtt12_l_status__traits.hpp
[34.218s] -- Installing: /home/a/ws_nhk/install/stm32_mavlink_msgs/include/stm32_mavlink_msgs/stm32_mavlink_msgs/msg/detail/solenoid_command__builder.hpp
[34.218s] -- Installing: /home/a/ws_nhk/install/stm32_mavlink_msgs/include/stm32_mavlink_msgs/stm32_mavlink_msgs/msg/detail/limit_switch_status__struct.hpp
[34.218s] -- Installing: /home/a/ws_nhk/install/stm32_mavlink_msgs/include/stm32_mavlink_msgs/stm32_mavlink_msgs/msg/detail/encoder_state__type_support.hpp
[34.218s] -- Installing: /home/a/ws_nhk/install/stm32_mavlink_msgs/include/stm32_mavlink_msgs/stm32_mavlink_msgs/msg/detail/rs485_motor_command__builder.hpp
[34.218s] -- Installing: /home/a/ws_nhk/install/stm32_mavlink_msgs/include/stm32_mavlink_msgs/stm32_mavlink_msgs/msg/detail/solenoid_command__traits.hpp
[34.218s] -- Installing: /home/a/ws_nhk/install/stm32_mavlink_msgs/include/stm32_mavlink_msgs/stm32_mavlink_msgs/msg/detail/rs485_flash_save_request__traits.hpp
[34.218s] -- Installing: /home/a/ws_nhk/install/stm32_mavlink_msgs/include/stm32_mavlink_msgs/stm32_mavlink_msgs/msg/detail/limit_switch_status__type_support.hpp
[34.219s] -- Installing: /home/a/ws_nhk/install/stm32_mavlink_msgs/include/stm32_mavlink_msgs/stm32_mavlink_msgs/msg/detail/rs485_motor_command__type_support.hpp
[34.219s] -- Installing: /home/a/ws_nhk/install/stm32_mavlink_msgs/include/stm32_mavlink_msgs/stm32_mavlink_msgs/msg/detail/dc_motor_state__struct.hpp
[34.219s] -- Installing: /home/a/ws_nhk/install/stm32_mavlink_msgs/include/stm32_mavlink_msgs/stm32_mavlink_msgs/msg/detail/limit_switch_status__builder.hpp
[34.219s] -- Installing: /home/a/ws_nhk/install/stm32_mavlink_msgs/include/stm32_mavlink_msgs/stm32_mavlink_msgs/msg/detail/robomaster_motor_state__traits.hpp
[34.219s] -- Installing: /home/a/ws_nhk/install/stm32_mavlink_msgs/include/stm32_mavlink_msgs/stm32_mavlink_msgs/msg/detail/rs485_motor_config__builder.hpp
[34.219s] -- Installing: /home/a/ws_nhk/install/stm32_mavlink_msgs/include/stm32_mavlink_msgs/stm32_mavlink_msgs/msg/detail/servo_state__struct.hpp
[34.219s] -- Installing: /home/a/ws_nhk/install/stm32_mavlink_msgs/include/stm32_mavlink_msgs/stm32_mavlink_msgs/msg/detail/dc_motor_config__type_support.hpp
[34.219s] -- Installing: /home/a/ws_nhk/install/stm32_mavlink_msgs/include/stm32_mavlink_msgs/stm32_mavlink_msgs/msg/detail/rs485_read_response__type_support.hpp
[34.219s] -- Installing: /home/a/ws_nhk/install/stm32_mavlink_msgs/include/stm32_mavlink_msgs/stm32_mavlink_msgs/msg/detail/rs485_read_response__builder.hpp
[34.219s] -- Installing: /home/a/ws_nhk/install/stm32_mavlink_msgs/include/stm32_mavlink_msgs/stm32_mavlink_msgs/msg/detail/encoder_state__builder.hpp
[34.219s] -- Installing: /home/a/ws_nhk/install/stm32_mavlink_msgs/include/stm32_mavlink_msgs/stm32_mavlink_msgs/msg/detail/dc_motor_state__traits.hpp
[34.219s] -- Installing: /home/a/ws_nhk/install/stm32_mavlink_msgs/include/stm32_mavlink_msgs/stm32_mavlink_msgs/msg/detail/rs485_write_response__struct.hpp
[34.220s] -- Installing: /home/a/ws_nhk/install/stm32_mavlink_msgs/include/stm32_mavlink_msgs/stm32_mavlink_msgs/msg/detail/robomaster_motor_config__type_support.hpp
[34.220s] -- Installing: /home/a/ws_nhk/install/stm32_mavlink_msgs/include/stm32_mavlink_msgs/stm32_mavlink_msgs/msg/detail/solenoid_status__struct.hpp
[34.220s] -- Installing: /home/a/ws_nhk/install/stm32_mavlink_msgs/include/stm32_mavlink_msgs/stm32_mavlink_msgs/msg/detail/dc_motor_config__builder.hpp
[34.220s] -- Installing: /home/a/ws_nhk/install/stm32_mavlink_msgs/include/stm32_mavlink_msgs/stm32_mavlink_msgs/msg/detail/rs485_read_response__struct.hpp
[34.220s] -- Installing: /home/a/ws_nhk/install/stm32_mavlink_msgs/include/stm32_mavlink_msgs/stm32_mavlink_msgs/msg/detail/dc_motor_config__struct.hpp
[34.220s] -- Installing: /home/a/ws_nhk/install/stm32_mavlink_msgs/include/stm32_mavlink_msgs/stm32_mavlink_msgs/msg/detail/rs485_motor_command__struct.hpp
[34.220s] -- Installing: /home/a/ws_nhk/install/stm32_mavlink_msgs/include/stm32_mavlink_msgs/stm32_mavlink_msgs/msg/detail/wtt12_l_status__struct.hpp
[34.220s] -- Installing: /home/a/ws_nhk/install/stm32_mavlink_msgs/include/stm32_mavlink_msgs/stm32_mavlink_msgs/msg/detail/dc_motor_command__builder.hpp
[34.220s] -- Installing: /home/a/ws_nhk/install/stm32_mavlink_msgs/include/stm32_mavlink_msgs/stm32_mavlink_msgs/msg/detail/dc_motor_command__struct.hpp
[34.220s] -- Installing: /home/a/ws_nhk/install/stm32_mavlink_msgs/include/stm32_mavlink_msgs/stm32_mavlink_msgs/msg/detail/solenoid_status__traits.hpp
[34.220s] -- Installing: /home/a/ws_nhk/install/stm32_mavlink_msgs/include/stm32_mavlink_msgs/stm32_mavlink_msgs/msg/detail/servo_state__traits.hpp
[34.220s] -- Installing: /home/a/ws_nhk/install/stm32_mavlink_msgs/include/stm32_mavlink_msgs/stm32_mavlink_msgs/msg/detail/rs485_write_request__builder.hpp
[34.221s] -- Installing: /home/a/ws_nhk/install/stm32_mavlink_msgs/include/stm32_mavlink_msgs/stm32_mavlink_msgs/msg/detail/robomaster_motor_config__traits.hpp
[34.221s] -- Installing: /home/a/ws_nhk/install/stm32_mavlink_msgs/include/stm32_mavlink_msgs/stm32_mavlink_msgs/msg/detail/robomaster_motor_state__builder.hpp
[34.221s] -- Installing: /home/a/ws_nhk/install/stm32_mavlink_msgs/include/stm32_mavlink_msgs/stm32_mavlink_msgs/msg/detail/rs485_write_request__type_support.hpp
[34.221s] -- Installing: /home/a/ws_nhk/install/stm32_mavlink_msgs/include/stm32_mavlink_msgs/stm32_mavlink_msgs/msg/detail/rs485_motor_state__type_support.hpp
[34.221s] -- Installing: /home/a/ws_nhk/install/stm32_mavlink_msgs/include/stm32_mavlink_msgs/stm32_mavlink_msgs/msg/detail/rs485_write_request__traits.hpp
[34.221s] -- Installing: /home/a/ws_nhk/install/stm32_mavlink_msgs/include/stm32_mavlink_msgs/stm32_mavlink_msgs/msg/detail/rs485_read_response__traits.hpp
[34.221s] -- Installing: /home/a/ws_nhk/install/stm32_mavlink_msgs/include/stm32_mavlink_msgs/stm32_mavlink_msgs/msg/detail/robomaster_motor_command__struct.hpp
[34.221s] -- Installing: /home/a/ws_nhk/install/stm32_mavlink_msgs/include/stm32_mavlink_msgs/stm32_mavlink_msgs/msg/detail/servo_command__struct.hpp
[34.221s] -- Installing: /home/a/ws_nhk/install/stm32_mavlink_msgs/include/stm32_mavlink_msgs/stm32_mavlink_msgs/msg/detail/wtt12_l_status__builder.hpp
[34.221s] -- Installing: /home/a/ws_nhk/install/stm32_mavlink_msgs/include/stm32_mavlink_msgs/stm32_mavlink_msgs/msg/detail/servo_state__type_support.hpp
[34.222s] -- Installing: /home/a/ws_nhk/install/stm32_mavlink_msgs/include/stm32_mavlink_msgs/stm32_mavlink_msgs/msg/detail/encoder_state__struct.hpp
[34.222s] -- Installing: /home/a/ws_nhk/install/stm32_mavlink_msgs/include/stm32_mavlink_msgs/stm32_mavlink_msgs/msg/detail/dc_motor_state__builder.hpp
[34.222s] -- Installing: /home/a/ws_nhk/install/stm32_mavlink_msgs/include/stm32_mavlink_msgs/stm32_mavlink_msgs/msg/detail/rs485_flash_save_request__type_support.hpp
[34.222s] -- Installing: /home/a/ws_nhk/install/stm32_mavlink_msgs/include/stm32_mavlink_msgs/stm32_mavlink_msgs/msg/detail/encoder_config__traits.hpp
[34.222s] -- Installing: /home/a/ws_nhk/install/stm32_mavlink_msgs/include/stm32_mavlink_msgs/stm32_mavlink_msgs/msg/detail/dc_motor_state__type_support.hpp
[34.222s] -- Installing: /home/a/ws_nhk/install/stm32_mavlink_msgs/include/stm32_mavlink_msgs/stm32_mavlink_msgs/msg/detail/dc_motor_config__traits.hpp
[34.222s] -- Installing: /home/a/ws_nhk/install/stm32_mavlink_msgs/include/stm32_mavlink_msgs/stm32_mavlink_msgs/msg/detail/dc_motor_command__traits.hpp
[34.222s] -- Installing: /home/a/ws_nhk/install/stm32_mavlink_msgs/include/stm32_mavlink_msgs/stm32_mavlink_msgs/msg/detail/rs485_motor_state__builder.hpp
[34.222s] -- Installing: /home/a/ws_nhk/install/stm32_mavlink_msgs/include/stm32_mavlink_msgs/stm32_mavlink_msgs/msg/detail/rs485_write_response__type_support.hpp
[34.222s] -- Installing: /home/a/ws_nhk/install/stm32_mavlink_msgs/include/stm32_mavlink_msgs/stm32_mavlink_msgs/msg/detail/encoder_config__builder.hpp
[34.222s] -- Installing: /home/a/ws_nhk/install/stm32_mavlink_msgs/include/stm32_mavlink_msgs/stm32_mavlink_msgs/msg/detail/rs485_motor_state__struct.hpp
[34.222s] -- Installing: /home/a/ws_nhk/install/stm32_mavlink_msgs/include/stm32_mavlink_msgs/stm32_mavlink_msgs/msg/detail/rs485_read_request__type_support.hpp
[34.223s] -- Installing: /home/a/ws_nhk/install/stm32_mavlink_msgs/include/stm32_mavlink_msgs/stm32_mavlink_msgs/msg/detail/rs485_read_request__traits.hpp
[34.223s] -- Installing: /home/a/ws_nhk/install/stm32_mavlink_msgs/include/stm32_mavlink_msgs/stm32_mavlink_msgs/msg/detail/rs485_write_request__struct.hpp
[34.223s] -- Installing: /home/a/ws_nhk/install/stm32_mavlink_msgs/include/stm32_mavlink_msgs/stm32_mavlink_msgs/msg/detail/rs485_read_request__struct.hpp
[34.223s] -- Installing: /home/a/ws_nhk/install/stm32_mavlink_msgs/include/stm32_mavlink_msgs/stm32_mavlink_msgs/msg/detail/robomaster_motor_state__struct.hpp
[34.223s] -- Installing: /home/a/ws_nhk/install/stm32_mavlink_msgs/include/stm32_mavlink_msgs/stm32_mavlink_msgs/msg/detail/servo_command__builder.hpp
[34.223s] -- Installing: /home/a/ws_nhk/install/stm32_mavlink_msgs/include/stm32_mavlink_msgs/stm32_mavlink_msgs/msg/detail/solenoid_status__type_support.hpp
[34.223s] -- Installing: /home/a/ws_nhk/install/stm32_mavlink_msgs/include/stm32_mavlink_msgs/stm32_mavlink_msgs/msg/detail/rs485_motor_config__traits.hpp
[34.223s] -- Installing: /home/a/ws_nhk/install/stm32_mavlink_msgs/include/stm32_mavlink_msgs/stm32_mavlink_msgs/msg/detail/encoder_state__traits.hpp
[34.223s] -- Installing: /home/a/ws_nhk/install/stm32_mavlink_msgs/include/stm32_mavlink_msgs/stm32_mavlink_msgs/msg/detail/limit_switch_status__traits.hpp
[34.223s] -- Installing: /home/a/ws_nhk/install/stm32_mavlink_msgs/include/stm32_mavlink_msgs/stm32_mavlink_msgs/msg/detail/rs485_flash_save_request__struct.hpp
[34.223s] -- Installing: /home/a/ws_nhk/install/stm32_mavlink_msgs/include/stm32_mavlink_msgs/stm32_mavlink_msgs/msg/detail/wtt12_l_status__type_support.hpp
[34.224s] -- Installing: /home/a/ws_nhk/install/stm32_mavlink_msgs/include/stm32_mavlink_msgs/stm32_mavlink_msgs/msg/detail/solenoid_command__type_support.hpp
[34.224s] -- Installing: /home/a/ws_nhk/install/stm32_mavlink_msgs/include/stm32_mavlink_msgs/stm32_mavlink_msgs/msg/detail/solenoid_status__builder.hpp
[34.224s] -- Installing: /home/a/ws_nhk/install/stm32_mavlink_msgs/include/stm32_mavlink_msgs/stm32_mavlink_msgs/msg/detail/robomaster_motor_state__type_support.hpp
[34.224s] -- Installing: /home/a/ws_nhk/install/stm32_mavlink_msgs/include/stm32_mavlink_msgs/stm32_mavlink_msgs/msg/detail/rs485_motor_command__traits.hpp
[34.224s] -- Installing: /home/a/ws_nhk/install/stm32_mavlink_msgs/include/stm32_mavlink_msgs/stm32_mavlink_msgs/msg/detail/encoder_config__type_support.hpp
[34.224s] -- Installing: /home/a/ws_nhk/install/stm32_mavlink_msgs/include/stm32_mavlink_msgs/stm32_mavlink_msgs/msg/detail/solenoid_command__struct.hpp
[34.224s] -- Installing: /home/a/ws_nhk/install/stm32_mavlink_msgs/include/stm32_mavlink_msgs/stm32_mavlink_msgs/msg/detail/servo_command__traits.hpp
[34.224s] -- Installing: /home/a/ws_nhk/install/stm32_mavlink_msgs/include/stm32_mavlink_msgs/stm32_mavlink_msgs/msg/detail/rs485_write_response__traits.hpp
[34.224s] -- Installing: /home/a/ws_nhk/install/stm32_mavlink_msgs/include/stm32_mavlink_msgs/stm32_mavlink_msgs/msg/detail/servo_state__builder.hpp
[34.224s] -- Installing: /home/a/ws_nhk/install/stm32_mavlink_msgs/include/stm32_mavlink_msgs/stm32_mavlink_msgs/msg/detail/robomaster_motor_command__builder.hpp
[34.224s] -- Installing: /home/a/ws_nhk/install/stm32_mavlink_msgs/include/stm32_mavlink_msgs/stm32_mavlink_msgs/msg/detail/robomaster_motor_command__traits.hpp
[34.224s] -- Installing: /home/a/ws_nhk/install/stm32_mavlink_msgs/include/stm32_mavlink_msgs/stm32_mavlink_msgs/msg/detail/rs485_write_response__builder.hpp
[34.225s] -- Installing: /home/a/ws_nhk/install/stm32_mavlink_msgs/include/stm32_mavlink_msgs/stm32_mavlink_msgs/msg/detail/dc_motor_command__type_support.hpp
[34.225s] -- Installing: /home/a/ws_nhk/install/stm32_mavlink_msgs/include/stm32_mavlink_msgs/stm32_mavlink_msgs/msg/detail/robomaster_motor_command__type_support.hpp
[34.225s] -- Installing: /home/a/ws_nhk/install/stm32_mavlink_msgs/include/stm32_mavlink_msgs/stm32_mavlink_msgs/msg/detail/rs485_motor_config__struct.hpp
[34.225s] -- Installing: /home/a/ws_nhk/install/stm32_mavlink_msgs/include/stm32_mavlink_msgs/stm32_mavlink_msgs/msg/detail/robomaster_motor_config__builder.hpp
[34.225s] -- Installing: /home/a/ws_nhk/install/stm32_mavlink_msgs/include/stm32_mavlink_msgs/stm32_mavlink_msgs/msg/detail/rs485_motor_config__type_support.hpp
[34.225s] -- Installing: /home/a/ws_nhk/install/stm32_mavlink_msgs/include/stm32_mavlink_msgs/stm32_mavlink_msgs/msg/detail/robomaster_motor_config__struct.hpp
[34.225s] -- Installing: /home/a/ws_nhk/install/stm32_mavlink_msgs/include/stm32_mavlink_msgs/stm32_mavlink_msgs/msg/detail/rs485_flash_save_request__builder.hpp
[34.225s] -- Installing: /home/a/ws_nhk/install/stm32_mavlink_msgs/include/stm32_mavlink_msgs/stm32_mavlink_msgs/msg/detail/encoder_config__struct.hpp
[34.225s] -- Installing: /home/a/ws_nhk/install/stm32_mavlink_msgs/include/stm32_mavlink_msgs/stm32_mavlink_msgs/msg/detail/servo_command__type_support.hpp
[34.225s] -- Installing: /home/a/ws_nhk/install/stm32_mavlink_msgs/include/stm32_mavlink_msgs/stm32_mavlink_msgs/msg/detail/rs485_motor_state__traits.hpp
[34.225s] -- Installing: /home/a/ws_nhk/install/stm32_mavlink_msgs/include/stm32_mavlink_msgs/stm32_mavlink_msgs/msg/detail/rs485_read_request__builder.hpp
[34.225s] -- Installing: /home/a/ws_nhk/install/stm32_mavlink_msgs/include/stm32_mavlink_msgs/stm32_mavlink_msgs/msg/rs485_motor_command.hpp
[34.226s] -- Installing: /home/a/ws_nhk/install/stm32_mavlink_msgs/include/stm32_mavlink_msgs/stm32_mavlink_msgs/msg/solenoid_status.hpp
[34.226s] -- Up-to-date: /home/a/ws_nhk/install/stm32_mavlink_msgs/include/stm32_mavlink_msgs/stm32_mavlink_msgs/srv
[34.226s] -- Installing: /home/a/ws_nhk/install/stm32_mavlink_msgs/include/stm32_mavlink_msgs/stm32_mavlink_msgs/srv/set_robomaster_motor_config.hpp
[34.226s] -- Installing: /home/a/ws_nhk/install/stm32_mavlink_msgs/include/stm32_mavlink_msgs/stm32_mavlink_msgs/srv/get_dc_motor_config.hpp
[34.226s] -- Installing: /home/a/ws_nhk/install/stm32_mavlink_msgs/include/stm32_mavlink_msgs/stm32_mavlink_msgs/srv/set_encoder_config.hpp
[34.226s] -- Installing: /home/a/ws_nhk/install/stm32_mavlink_msgs/include/stm32_mavlink_msgs/stm32_mavlink_msgs/srv/read_rs485_param.hpp
[34.226s] -- Installing: /home/a/ws_nhk/install/stm32_mavlink_msgs/include/stm32_mavlink_msgs/stm32_mavlink_msgs/srv/set_dc_motor_config.hpp
[34.226s] -- Installing: /home/a/ws_nhk/install/stm32_mavlink_msgs/include/stm32_mavlink_msgs/stm32_mavlink_msgs/srv/write_rs485_param.hpp
[34.226s] -- Installing: /home/a/ws_nhk/install/stm32_mavlink_msgs/include/stm32_mavlink_msgs/stm32_mavlink_msgs/srv/flash_save_rs485.hpp
[34.226s] -- Installing: /home/a/ws_nhk/install/stm32_mavlink_msgs/include/stm32_mavlink_msgs/stm32_mavlink_msgs/srv/get_robomaster_motor_config.hpp
[34.226s] -- Up-to-date: /home/a/ws_nhk/install/stm32_mavlink_msgs/include/stm32_mavlink_msgs/stm32_mavlink_msgs/srv/detail
[34.226s] -- Installing: /home/a/ws_nhk/install/stm32_mavlink_msgs/include/stm32_mavlink_msgs/stm32_mavlink_msgs/srv/detail/set_robomaster_motor_config__builder.hpp
[34.226s] -- Installing: /home/a/ws_nhk/install/stm32_mavlink_msgs/include/stm32_mavlink_msgs/stm32_mavlink_msgs/srv/detail/flash_save_rs485__builder.hpp
[34.227s] -- Installing: /home/a/ws_nhk/install/stm32_mavlink_msgs/include/stm32_mavlink_msgs/stm32_mavlink_msgs/srv/detail/set_servo_config__builder.hpp
[34.227s] -- Installing: /home/a/ws_nhk/install/stm32_mavlink_msgs/include/stm32_mavlink_msgs/stm32_mavlink_msgs/srv/detail/write_rs485_param__builder.hpp
[34.227s] -- Installing: /home/a/ws_nhk/install/stm32_mavlink_msgs/include/stm32_mavlink_msgs/stm32_mavlink_msgs/srv/detail/write_rs485_param__struct.hpp
[34.227s] -- Installing: /home/a/ws_nhk/install/stm32_mavlink_msgs/include/stm32_mavlink_msgs/stm32_mavlink_msgs/srv/detail/set_dc_motor_config__traits.hpp
[34.227s] -- Installing: /home/a/ws_nhk/install/stm32_mavlink_msgs/include/stm32_mavlink_msgs/stm32_mavlink_msgs/srv/detail/set_servo_config__traits.hpp
[34.227s] -- Installing: /home/a/ws_nhk/install/stm32_mavlink_msgs/include/stm32_mavlink_msgs/stm32_mavlink_msgs/srv/detail/read_rs485_param__struct.hpp
[34.227s] -- Installing: /home/a/ws_nhk/install/stm32_mavlink_msgs/include/stm32_mavlink_msgs/stm32_mavlink_msgs/srv/detail/set_encoder_config__type_support.hpp
[34.227s] -- Installing: /home/a/ws_nhk/install/stm32_mavlink_msgs/include/stm32_mavlink_msgs/stm32_mavlink_msgs/srv/detail/write_rs485_param__traits.hpp
[34.227s] -- Installing: /home/a/ws_nhk/install/stm32_mavlink_msgs/include/stm32_mavlink_msgs/stm32_mavlink_msgs/srv/detail/get_robomaster_motor_config__struct.hpp
[34.227s] -- Installing: /home/a/ws_nhk/install/stm32_mavlink_msgs/include/stm32_mavlink_msgs/stm32_mavlink_msgs/srv/detail/set_servo_config__type_support.hpp
[34.227s] -- Installing: /home/a/ws_nhk/install/stm32_mavlink_msgs/include/stm32_mavlink_msgs/stm32_mavlink_msgs/srv/detail/get_dc_motor_config__struct.hpp
[34.227s] -- Installing: /home/a/ws_nhk/install/stm32_mavlink_msgs/include/stm32_mavlink_msgs/stm32_mavlink_msgs/srv/detail/read_rs485_param__type_support.hpp
[34.228s] -- Installing: /home/a/ws_nhk/install/stm32_mavlink_msgs/include/stm32_mavlink_msgs/stm32_mavlink_msgs/srv/detail/set_dc_motor_config__builder.hpp
[34.228s] -- Installing: /home/a/ws_nhk/install/stm32_mavlink_msgs/include/stm32_mavlink_msgs/stm32_mavlink_msgs/srv/detail/set_encoder_config__traits.hpp
[34.228s] -- Installing: /home/a/ws_nhk/install/stm32_mavlink_msgs/include/stm32_mavlink_msgs/stm32_mavlink_msgs/srv/detail/flash_save_rs485__traits.hpp
[34.228s] -- Installing: /home/a/ws_nhk/install/stm32_mavlink_msgs/include/stm32_mavlink_msgs/stm32_mavlink_msgs/srv/detail/get_dc_motor_config__builder.hpp
[34.228s] -- Installing: /home/a/ws_nhk/install/stm32_mavlink_msgs/include/stm32_mavlink_msgs/stm32_mavlink_msgs/srv/detail/set_robomaster_motor_config__struct.hpp
[34.228s] -- Installing: /home/a/ws_nhk/install/stm32_mavlink_msgs/include/stm32_mavlink_msgs/stm32_mavlink_msgs/srv/detail/flash_save_rs485__struct.hpp
[34.228s] -- Installing: /home/a/ws_nhk/install/stm32_mavlink_msgs/include/stm32_mavlink_msgs/stm32_mavlink_msgs/srv/detail/set_servo_config__struct.hpp
[34.228s] -- Installing: /home/a/ws_nhk/install/stm32_mavlink_msgs/include/stm32_mavlink_msgs/stm32_mavlink_msgs/srv/detail/flash_save_rs485__type_support.hpp
[34.228s] -- Installing: /home/a/ws_nhk/install/stm32_mavlink_msgs/include/stm32_mavlink_msgs/stm32_mavlink_msgs/srv/detail/get_robomaster_motor_config__type_support.hpp
[34.228s] -- Installing: /home/a/ws_nhk/install/stm32_mavlink_msgs/include/stm32_mavlink_msgs/stm32_mavlink_msgs/srv/detail/get_dc_motor_config__type_support.hpp
[34.228s] -- Installing: /home/a/ws_nhk/install/stm32_mavlink_msgs/include/stm32_mavlink_msgs/stm32_mavlink_msgs/srv/detail/get_robomaster_motor_config__builder.hpp
[34.229s] -- Installing: /home/a/ws_nhk/install/stm32_mavlink_msgs/include/stm32_mavlink_msgs/stm32_mavlink_msgs/srv/detail/set_dc_motor_config__struct.hpp
[34.229s] -- Installing: /home/a/ws_nhk/install/stm32_mavlink_msgs/include/stm32_mavlink_msgs/stm32_mavlink_msgs/srv/detail/set_robomaster_motor_config__traits.hpp
[34.229s] -- Installing: /home/a/ws_nhk/install/stm32_mavlink_msgs/include/stm32_mavlink_msgs/stm32_mavlink_msgs/srv/detail/write_rs485_param__type_support.hpp
[34.229s] -- Installing: /home/a/ws_nhk/install/stm32_mavlink_msgs/include/stm32_mavlink_msgs/stm32_mavlink_msgs/srv/detail/set_encoder_config__builder.hpp
[34.229s] -- Installing: /home/a/ws_nhk/install/stm32_mavlink_msgs/include/stm32_mavlink_msgs/stm32_mavlink_msgs/srv/detail/set_encoder_config__struct.hpp
[34.229s] -- Installing: /home/a/ws_nhk/install/stm32_mavlink_msgs/include/stm32_mavlink_msgs/stm32_mavlink_msgs/srv/detail/read_rs485_param__builder.hpp
[34.229s] -- Installing: /home/a/ws_nhk/install/stm32_mavlink_msgs/include/stm32_mavlink_msgs/stm32_mavlink_msgs/srv/detail/get_dc_motor_config__traits.hpp
[34.229s] -- Installing: /home/a/ws_nhk/install/stm32_mavlink_msgs/include/stm32_mavlink_msgs/stm32_mavlink_msgs/srv/detail/get_robomaster_motor_config__traits.hpp
[34.229s] -- Installing: /home/a/ws_nhk/install/stm32_mavlink_msgs/include/stm32_mavlink_msgs/stm32_mavlink_msgs/srv/detail/set_robomaster_motor_config__type_support.hpp
[34.229s] -- Installing: /home/a/ws_nhk/install/stm32_mavlink_msgs/include/stm32_mavlink_msgs/stm32_mavlink_msgs/srv/detail/read_rs485_param__traits.hpp
[34.229s] -- Installing: /home/a/ws_nhk/install/stm32_mavlink_msgs/include/stm32_mavlink_msgs/stm32_mavlink_msgs/srv/detail/set_dc_motor_config__type_support.hpp
[34.230s] -- Installing: /home/a/ws_nhk/install/stm32_mavlink_msgs/include/stm32_mavlink_msgs/stm32_mavlink_msgs/srv/set_servo_config.hpp
[34.230s] -- Up-to-date: /home/a/ws_nhk/install/stm32_mavlink_msgs/include/stm32_mavlink_msgs/stm32_mavlink_msgs
[34.230s] -- Up-to-date: /home/a/ws_nhk/install/stm32_mavlink_msgs/include/stm32_mavlink_msgs/stm32_mavlink_msgs/msg
[34.230s] -- Up-to-date: /home/a/ws_nhk/install/stm32_mavlink_msgs/include/stm32_mavlink_msgs/stm32_mavlink_msgs/msg/detail
[34.230s] -- Installing: /home/a/ws_nhk/install/stm32_mavlink_msgs/include/stm32_mavlink_msgs/stm32_mavlink_msgs/msg/detail/rs485_read_response__rosidl_typesupport_fastrtps_cpp.hpp
[34.230s] -- Installing: /home/a/ws_nhk/install/stm32_mavlink_msgs/include/stm32_mavlink_msgs/stm32_mavlink_msgs/msg/detail/rs485_motor_config__rosidl_typesupport_fastrtps_cpp.hpp
[34.230s] -- Installing: /home/a/ws_nhk/install/stm32_mavlink_msgs/include/stm32_mavlink_msgs/stm32_mavlink_msgs/msg/detail/dc_motor_config__rosidl_typesupport_fastrtps_cpp.hpp
[34.230s] -- Installing: /home/a/ws_nhk/install/stm32_mavlink_msgs/include/stm32_mavlink_msgs/stm32_mavlink_msgs/msg/detail/robomaster_motor_command__rosidl_typesupport_fastrtps_cpp.hpp
[34.230s] -- Installing: /home/a/ws_nhk/install/stm32_mavlink_msgs/include/stm32_mavlink_msgs/stm32_mavlink_msgs/msg/detail/encoder_state__rosidl_typesupport_fastrtps_cpp.hpp
[34.230s] -- Installing: /home/a/ws_nhk/install/stm32_mavlink_msgs/include/stm32_mavlink_msgs/stm32_mavlink_msgs/msg/detail/wtt12_l_status__rosidl_typesupport_fastrtps_cpp.hpp
[34.230s] -- Installing: /home/a/ws_nhk/install/stm32_mavlink_msgs/include/stm32_mavlink_msgs/stm32_mavlink_msgs/msg/detail/limit_switch_status__rosidl_typesupport_fastrtps_cpp.hpp
[34.230s] -- Installing: /home/a/ws_nhk/install/stm32_mavlink_msgs/include/stm32_mavlink_msgs/stm32_mavlink_msgs/msg/detail/dc_motor_state__rosidl_typesupport_fastrtps_cpp.hpp
[34.231s] -- Installing: /home/a/ws_nhk/install/stm32_mavlink_msgs/include/stm32_mavlink_msgs/stm32_mavlink_msgs/msg/detail/rs485_motor_state__rosidl_typesupport_fastrtps_cpp.hpp
[34.231s] -- Installing: /home/a/ws_nhk/install/stm32_mavlink_msgs/include/stm32_mavlink_msgs/stm32_mavlink_msgs/msg/detail/rs485_flash_save_request__rosidl_typesupport_fastrtps_cpp.hpp
[34.231s] -- Installing: /home/a/ws_nhk/install/stm32_mavlink_msgs/include/stm32_mavlink_msgs/stm32_mavlink_msgs/msg/detail/encoder_config__rosidl_typesupport_fastrtps_cpp.hpp
[34.231s] -- Installing: /home/a/ws_nhk/install/stm32_mavlink_msgs/include/stm32_mavlink_msgs/stm32_mavlink_msgs/msg/detail/dc_motor_command__rosidl_typesupport_fastrtps_cpp.hpp
[34.231s] -- Installing: /home/a/ws_nhk/install/stm32_mavlink_msgs/include/stm32_mavlink_msgs/stm32_mavlink_msgs/msg/detail/robomaster_motor_config__rosidl_typesupport_fastrtps_cpp.hpp
[34.231s] -- Installing: /home/a/ws_nhk/install/stm32_mavlink_msgs/include/stm32_mavlink_msgs/stm32_mavlink_msgs/msg/detail/solenoid_status__rosidl_typesupport_fastrtps_cpp.hpp
[34.231s] -- Installing: /home/a/ws_nhk/install/stm32_mavlink_msgs/include/stm32_mavlink_msgs/stm32_mavlink_msgs/msg/detail/rs485_read_request__rosidl_typesupport_fastrtps_cpp.hpp
[34.231s] -- Installing: /home/a/ws_nhk/install/stm32_mavlink_msgs/include/stm32_mavlink_msgs/stm32_mavlink_msgs/msg/detail/robomaster_motor_state__rosidl_typesupport_fastrtps_cpp.hpp
[34.231s] -- Installing: /home/a/ws_nhk/install/stm32_mavlink_msgs/include/stm32_mavlink_msgs/stm32_mavlink_msgs/msg/detail/servo_state__rosidl_typesupport_fastrtps_cpp.hpp
[34.231s] -- Installing: /home/a/ws_nhk/install/stm32_mavlink_msgs/include/stm32_mavlink_msgs/stm32_mavlink_msgs/msg/detail/servo_command__rosidl_typesupport_fastrtps_cpp.hpp
[34.231s] -- Installing: /home/a/ws_nhk/install/stm32_mavlink_msgs/include/stm32_mavlink_msgs/stm32_mavlink_msgs/msg/detail/dds_fastrtps
[34.231s] -- Installing: /home/a/ws_nhk/install/stm32_mavlink_msgs/include/stm32_mavlink_msgs/stm32_mavlink_msgs/msg/detail/solenoid_command__rosidl_typesupport_fastrtps_cpp.hpp
[34.232s] -- Installing: /home/a/ws_nhk/install/stm32_mavlink_msgs/include/stm32_mavlink_msgs/stm32_mavlink_msgs/msg/detail/rs485_motor_command__rosidl_typesupport_fastrtps_cpp.hpp
[34.232s] -- Installing: /home/a/ws_nhk/install/stm32_mavlink_msgs/include/stm32_mavlink_msgs/stm32_mavlink_msgs/msg/detail/rs485_write_request__rosidl_typesupport_fastrtps_cpp.hpp
[34.232s] -- Installing: /home/a/ws_nhk/install/stm32_mavlink_msgs/include/stm32_mavlink_msgs/stm32_mavlink_msgs/msg/detail/rs485_write_response__rosidl_typesupport_fastrtps_cpp.hpp
[34.232s] -- Installing: /home/a/ws_nhk/install/stm32_mavlink_msgs/include/stm32_mavlink_msgs/stm32_mavlink_msgs/msg/rosidl_typesupport_fastrtps_cpp__visibility_control.h
[34.232s] -- Up-to-date: /home/a/ws_nhk/install/stm32_mavlink_msgs/include/stm32_mavlink_msgs/stm32_mavlink_msgs/srv
[34.232s] -- Up-to-date: /home/a/ws_nhk/install/stm32_mavlink_msgs/include/stm32_mavlink_msgs/stm32_mavlink_msgs/srv/detail
[34.232s] -- Installing: /home/a/ws_nhk/install/stm32_mavlink_msgs/include/stm32_mavlink_msgs/stm32_mavlink_msgs/srv/detail/set_encoder_config__rosidl_typesupport_fastrtps_cpp.hpp
[34.232s] -- Installing: /home/a/ws_nhk/install/stm32_mavlink_msgs/include/stm32_mavlink_msgs/stm32_mavlink_msgs/srv/detail/set_servo_config__rosidl_typesupport_fastrtps_cpp.hpp
[34.232s] -- Installing: /home/a/ws_nhk/install/stm32_mavlink_msgs/include/stm32_mavlink_msgs/stm32_mavlink_msgs/srv/detail/set_robomaster_motor_config__rosidl_typesupport_fastrtps_cpp.hpp
[34.232s] -- Installing: /home/a/ws_nhk/install/stm32_mavlink_msgs/include/stm32_mavlink_msgs/stm32_mavlink_msgs/srv/detail/get_dc_motor_config__rosidl_typesupport_fastrtps_cpp.hpp
[34.232s] -- Installing: /home/a/ws_nhk/install/stm32_mavlink_msgs/include/stm32_mavlink_msgs/stm32_mavlink_msgs/srv/detail/flash_save_rs485__rosidl_typesupport_fastrtps_cpp.hpp
[34.232s] -- Installing: /home/a/ws_nhk/install/stm32_mavlink_msgs/include/stm32_mavlink_msgs/stm32_mavlink_msgs/srv/detail/get_robomaster_motor_config__rosidl_typesupport_fastrtps_cpp.hpp
[34.233s] -- Installing: /home/a/ws_nhk/install/stm32_mavlink_msgs/include/stm32_mavlink_msgs/stm32_mavlink_msgs/srv/detail/read_rs485_param__rosidl_typesupport_fastrtps_cpp.hpp
[34.233s] -- Installing: /home/a/ws_nhk/install/stm32_mavlink_msgs/include/stm32_mavlink_msgs/stm32_mavlink_msgs/srv/detail/write_rs485_param__rosidl_typesupport_fastrtps_cpp.hpp
[34.233s] -- Installing: /home/a/ws_nhk/install/stm32_mavlink_msgs/include/stm32_mavlink_msgs/stm32_mavlink_msgs/srv/detail/dds_fastrtps
[34.233s] -- Installing: /home/a/ws_nhk/install/stm32_mavlink_msgs/include/stm32_mavlink_msgs/stm32_mavlink_msgs/srv/detail/set_dc_motor_config__rosidl_typesupport_fastrtps_cpp.hpp
[34.233s] -- Installing: /home/a/ws_nhk/install/stm32_mavlink_msgs/lib/libstm32_mavlink_msgs__rosidl_typesupport_fastrtps_cpp.so
[34.234s] -- Set runtime path of "/home/a/ws_nhk/install/stm32_mavlink_msgs/lib/libstm32_mavlink_msgs__rosidl_typesupport_fastrtps_cpp.so" to ""
[34.234s] -- Up-to-date: /home/a/ws_nhk/install/stm32_mavlink_msgs/include/stm32_mavlink_msgs/stm32_mavlink_msgs
[34.234s] -- Up-to-date: /home/a/ws_nhk/install/stm32_mavlink_msgs/include/stm32_mavlink_msgs/stm32_mavlink_msgs/msg
[34.234s] -- Up-to-date: /home/a/ws_nhk/install/stm32_mavlink_msgs/include/stm32_mavlink_msgs/stm32_mavlink_msgs/msg/detail
[34.234s] -- Installing: /home/a/ws_nhk/install/stm32_mavlink_msgs/include/stm32_mavlink_msgs/stm32_mavlink_msgs/msg/detail/servo_state__rosidl_typesupport_introspection_cpp.hpp
[34.234s] -- Installing: /home/a/ws_nhk/install/stm32_mavlink_msgs/include/stm32_mavlink_msgs/stm32_mavlink_msgs/msg/detail/rs485_write_request__rosidl_typesupport_introspection_cpp.hpp
[34.234s] -- Installing: /home/a/ws_nhk/install/stm32_mavlink_msgs/include/stm32_mavlink_msgs/stm32_mavlink_msgs/msg/detail/solenoid_command__rosidl_typesupport_introspection_cpp.hpp
[34.234s] -- Installing: /home/a/ws_nhk/install/stm32_mavlink_msgs/include/stm32_mavlink_msgs/stm32_mavlink_msgs/msg/detail/encoder_config__type_support.cpp
[34.234s] -- Installing: /home/a/ws_nhk/install/stm32_mavlink_msgs/include/stm32_mavlink_msgs/stm32_mavlink_msgs/msg/detail/dc_motor_command__rosidl_typesupport_introspection_cpp.hpp
[34.234s] -- Installing: /home/a/ws_nhk/install/stm32_mavlink_msgs/include/stm32_mavlink_msgs/stm32_mavlink_msgs/msg/detail/rs485_write_request__type_support.cpp
[34.234s] -- Installing: /home/a/ws_nhk/install/stm32_mavlink_msgs/include/stm32_mavlink_msgs/stm32_mavlink_msgs/msg/detail/rs485_read_response__type_support.cpp
[34.235s] -- Installing: /home/a/ws_nhk/install/stm32_mavlink_msgs/include/stm32_mavlink_msgs/stm32_mavlink_msgs/msg/detail/robomaster_motor_command__type_support.cpp
[34.235s] -- Installing: /home/a/ws_nhk/install/stm32_mavlink_msgs/include/stm32_mavlink_msgs/stm32_mavlink_msgs/msg/detail/rs485_read_response__rosidl_typesupport_introspection_cpp.hpp
[34.235s] -- Installing: /home/a/ws_nhk/install/stm32_mavlink_msgs/include/stm32_mavlink_msgs/stm32_mavlink_msgs/msg/detail/rs485_motor_command__type_support.cpp
[34.235s] -- Installing: /home/a/ws_nhk/install/stm32_mavlink_msgs/include/stm32_mavlink_msgs/stm32_mavlink_msgs/msg/detail/limit_switch_status__type_support.cpp
[34.235s] -- Installing: /home/a/ws_nhk/install/stm32_mavlink_msgs/include/stm32_mavlink_msgs/stm32_mavlink_msgs/msg/detail/solenoid_command__type_support.cpp
[34.235s] -- Installing: /home/a/ws_nhk/install/stm32_mavlink_msgs/include/stm32_mavlink_msgs/stm32_mavlink_msgs/msg/detail/servo_command__type_support.cpp
[34.235s] -- Installing: /home/a/ws_nhk/install/stm32_mavlink_msgs/include/stm32_mavlink_msgs/stm32_mavlink_msgs/msg/detail/wtt12_l_status__type_support.cpp
[34.235s] -- Installing: /home/a/ws_nhk/install/stm32_mavlink_msgs/include/stm32_mavlink_msgs/stm32_mavlink_msgs/msg/detail/robomaster_motor_command__rosidl_typesupport_introspection_cpp.hpp
[34.235s] -- Installing: /home/a/ws_nhk/install/stm32_mavlink_msgs/include/stm32_mavlink_msgs/stm32_mavlink_msgs/msg/detail/servo_state__type_support.cpp
[34.235s] -- Installing: /home/a/ws_nhk/install/stm32_mavlink_msgs/include/stm32_mavlink_msgs/stm32_mavlink_msgs/msg/detail/solenoid_status__type_support.cpp
[34.235s] -- Installing: /home/a/ws_nhk/install/stm32_mavlink_msgs/include/stm32_mavlink_msgs/stm32_mavlink_msgs/msg/detail/rs485_motor_state__rosidl_typesupport_introspection_cpp.hpp
[34.235s] -- Installing: /home/a/ws_nhk/install/stm32_mavlink_msgs/include/stm32_mavlink_msgs/stm32_mavlink_msgs/msg/detail/dc_motor_config__rosidl_typesupport_introspection_cpp.hpp
[34.236s] -- Installing: /home/a/ws_nhk/install/stm32_mavlink_msgs/include/stm32_mavlink_msgs/stm32_mavlink_msgs/msg/detail/wtt12_l_status__rosidl_typesupport_introspection_cpp.hpp
[34.236s] -- Installing: /home/a/ws_nhk/install/stm32_mavlink_msgs/include/stm32_mavlink_msgs/stm32_mavlink_msgs/msg/detail/robomaster_motor_config__type_support.cpp
[34.236s] -- Installing: /home/a/ws_nhk/install/stm32_mavlink_msgs/include/stm32_mavlink_msgs/stm32_mavlink_msgs/msg/detail/dc_motor_state__type_support.cpp
[34.236s] -- Installing: /home/a/ws_nhk/install/stm32_mavlink_msgs/include/stm32_mavlink_msgs/stm32_mavlink_msgs/msg/detail/dc_motor_state__rosidl_typesupport_introspection_cpp.hpp
[34.236s] -- Installing: /home/a/ws_nhk/install/stm32_mavlink_msgs/include/stm32_mavlink_msgs/stm32_mavlink_msgs/msg/detail/dc_motor_config__type_support.cpp
[34.236s] -- Installing: /home/a/ws_nhk/install/stm32_mavlink_msgs/include/stm32_mavlink_msgs/stm32_mavlink_msgs/msg/detail/limit_switch_status__rosidl_typesupport_introspection_cpp.hpp
[34.236s] -- Installing: /home/a/ws_nhk/install/stm32_mavlink_msgs/include/stm32_mavlink_msgs/stm32_mavlink_msgs/msg/detail/rs485_read_request__rosidl_typesupport_introspection_cpp.hpp
[34.236s] -- Installing: /home/a/ws_nhk/install/stm32_mavlink_msgs/include/stm32_mavlink_msgs/stm32_mavlink_msgs/msg/detail/robomaster_motor_config__rosidl_typesupport_introspection_cpp.hpp
[34.236s] -- Installing: /home/a/ws_nhk/install/stm32_mavlink_msgs/include/stm32_mavlink_msgs/stm32_mavlink_msgs/msg/detail/rs485_motor_command__rosidl_typesupport_introspection_cpp.hpp
[34.236s] -- Installing: /home/a/ws_nhk/install/stm32_mavlink_msgs/include/stm32_mavlink_msgs/stm32_mavlink_msgs/msg/detail/solenoid_status__rosidl_typesupport_introspection_cpp.hpp
[34.236s] -- Installing: /home/a/ws_nhk/install/stm32_mavlink_msgs/include/stm32_mavlink_msgs/stm32_mavlink_msgs/msg/detail/rs485_motor_state__type_support.cpp
[34.237s] -- Installing: /home/a/ws_nhk/install/stm32_mavlink_msgs/include/stm32_mavlink_msgs/stm32_mavlink_msgs/msg/detail/servo_command__rosidl_typesupport_introspection_cpp.hpp
[34.237s] -- Installing: /home/a/ws_nhk/install/stm32_mavlink_msgs/include/stm32_mavlink_msgs/stm32_mavlink_msgs/msg/detail/robomaster_motor_state__rosidl_typesupport_introspection_cpp.hpp
[34.237s] -- Installing: /home/a/ws_nhk/install/stm32_mavlink_msgs/include/stm32_mavlink_msgs/stm32_mavlink_msgs/msg/detail/rs485_write_response__type_support.cpp
[34.237s] -- Installing: /home/a/ws_nhk/install/stm32_mavlink_msgs/include/stm32_mavlink_msgs/stm32_mavlink_msgs/msg/detail/encoder_state__type_support.cpp
[34.237s] -- Installing: /home/a/ws_nhk/install/stm32_mavlink_msgs/include/stm32_mavlink_msgs/stm32_mavlink_msgs/msg/detail/rs485_flash_save_request__rosidl_typesupport_introspection_cpp.hpp
[34.237s] -- Installing: /home/a/ws_nhk/install/stm32_mavlink_msgs/include/stm32_mavlink_msgs/stm32_mavlink_msgs/msg/detail/encoder_config__rosidl_typesupport_introspection_cpp.hpp
[34.237s] -- Installing: /home/a/ws_nhk/install/stm32_mavlink_msgs/include/stm32_mavlink_msgs/stm32_mavlink_msgs/msg/detail/robomaster_motor_state__type_support.cpp
[34.237s] -- Installing: /home/a/ws_nhk/install/stm32_mavlink_msgs/include/stm32_mavlink_msgs/stm32_mavlink_msgs/msg/detail/rs485_motor_config__rosidl_typesupport_introspection_cpp.hpp
[34.237s] -- Installing: /home/a/ws_nhk/install/stm32_mavlink_msgs/include/stm32_mavlink_msgs/stm32_mavlink_msgs/msg/detail/rs485_read_request__type_support.cpp
[34.237s] -- Installing: /home/a/ws_nhk/install/stm32_mavlink_msgs/include/stm32_mavlink_msgs/stm32_mavlink_msgs/msg/detail/encoder_state__rosidl_typesupport_introspection_cpp.hpp
[34.237s] -- Installing: /home/a/ws_nhk/install/stm32_mavlink_msgs/include/stm32_mavlink_msgs/stm32_mavlink_msgs/msg/detail/rs485_write_response__rosidl_typesupport_introspection_cpp.hpp
[34.238s] -- Installing: /home/a/ws_nhk/install/stm32_mavlink_msgs/include/stm32_mavlink_msgs/stm32_mavlink_msgs/msg/detail/rs485_flash_save_request__type_support.cpp
[34.238s] -- Installing: /home/a/ws_nhk/install/stm32_mavlink_msgs/include/stm32_mavlink_msgs/stm32_mavlink_msgs/msg/detail/rs485_motor_config__type_support.cpp
[34.238s] -- Installing: /home/a/ws_nhk/install/stm32_mavlink_msgs/include/stm32_mavlink_msgs/stm32_mavlink_msgs/msg/detail/dc_motor_command__type_support.cpp
[34.238s] -- Up-to-date: /home/a/ws_nhk/install/stm32_mavlink_msgs/include/stm32_mavlink_msgs/stm32_mavlink_msgs/srv
[34.238s] -- Up-to-date: /home/a/ws_nhk/install/stm32_mavlink_msgs/include/stm32_mavlink_msgs/stm32_mavlink_msgs/srv/detail
[34.238s] -- Installing: /home/a/ws_nhk/install/stm32_mavlink_msgs/include/stm32_mavlink_msgs/stm32_mavlink_msgs/srv/detail/set_dc_motor_config__rosidl_typesupport_introspection_cpp.hpp
[34.238s] -- Installing: /home/a/ws_nhk/install/stm32_mavlink_msgs/include/stm32_mavlink_msgs/stm32_mavlink_msgs/srv/detail/flash_save_rs485__type_support.cpp
[34.238s] -- Installing: /home/a/ws_nhk/install/stm32_mavlink_msgs/include/stm32_mavlink_msgs/stm32_mavlink_msgs/srv/detail/set_robomaster_motor_config__rosidl_typesupport_introspection_cpp.hpp
[34.238s] -- Installing: /home/a/ws_nhk/install/stm32_mavlink_msgs/include/stm32_mavlink_msgs/stm32_mavlink_msgs/srv/detail/write_rs485_param__type_support.cpp
[34.239s] -- Installing: /home/a/ws_nhk/install/stm32_mavlink_msgs/include/stm32_mavlink_msgs/stm32_mavlink_msgs/srv/detail/set_encoder_config__rosidl_typesupport_introspection_cpp.hpp
[34.239s] -- Installing: /home/a/ws_nhk/install/stm32_mavlink_msgs/include/stm32_mavlink_msgs/stm32_mavlink_msgs/srv/detail/set_servo_config__rosidl_typesupport_introspection_cpp.hpp
[34.239s] -- Installing: /home/a/ws_nhk/install/stm32_mavlink_msgs/include/stm32_mavlink_msgs/stm32_mavlink_msgs/srv/detail/set_encoder_config__type_support.cpp
[34.239s] -- Installing: /home/a/ws_nhk/install/stm32_mavlink_msgs/include/stm32_mavlink_msgs/stm32_mavlink_msgs/srv/detail/get_dc_motor_config__rosidl_typesupport_introspection_cpp.hpp
[34.239s] -- Installing: /home/a/ws_nhk/install/stm32_mavlink_msgs/include/stm32_mavlink_msgs/stm32_mavlink_msgs/srv/detail/get_robomaster_motor_config__type_support.cpp
[34.239s] -- Installing: /home/a/ws_nhk/install/stm32_mavlink_msgs/include/stm32_mavlink_msgs/stm32_mavlink_msgs/srv/detail/write_rs485_param__rosidl_typesupport_introspection_cpp.hpp
[34.239s] -- Installing: /home/a/ws_nhk/install/stm32_mavlink_msgs/include/stm32_mavlink_msgs/stm32_mavlink_msgs/srv/detail/get_robomaster_motor_config__rosidl_typesupport_introspection_cpp.hpp
[34.239s] -- Installing: /home/a/ws_nhk/install/stm32_mavlink_msgs/include/stm32_mavlink_msgs/stm32_mavlink_msgs/srv/detail/set_dc_motor_config__type_support.cpp
[34.239s] -- Installing: /home/a/ws_nhk/install/stm32_mavlink_msgs/include/stm32_mavlink_msgs/stm32_mavlink_msgs/srv/detail/read_rs485_param__type_support.cpp
[34.239s] -- Installing: /home/a/ws_nhk/install/stm32_mavlink_msgs/include/stm32_mavlink_msgs/stm32_mavlink_msgs/srv/detail/get_dc_motor_config__type_support.cpp
[34.239s] -- Installing: /home/a/ws_nhk/install/stm32_mavlink_msgs/include/stm32_mavlink_msgs/stm32_mavlink_msgs/srv/detail/set_robomaster_motor_config__type_support.cpp
[34.239s] -- Installing: /home/a/ws_nhk/install/stm32_mavlink_msgs/include/stm32_mavlink_msgs/stm32_mavlink_msgs/srv/detail/flash_save_rs485__rosidl_typesupport_introspection_cpp.hpp
[34.239s] -- Installing: /home/a/ws_nhk/install/stm32_mavlink_msgs/include/stm32_mavlink_msgs/stm32_mavlink_msgs/srv/detail/read_rs485_param__rosidl_typesupport_introspection_cpp.hpp
[34.239s] -- Installing: /home/a/ws_nhk/install/stm32_mavlink_msgs/include/stm32_mavlink_msgs/stm32_mavlink_msgs/srv/detail/set_servo_config__type_support.cpp
[34.240s] -- Installing: /home/a/ws_nhk/install/stm32_mavlink_msgs/lib/libstm32_mavlink_msgs__rosidl_typesupport_introspection_cpp.so
[34.240s] -- Set runtime path of "/home/a/ws_nhk/install/stm32_mavlink_msgs/lib/libstm32_mavlink_msgs__rosidl_typesupport_introspection_cpp.so" to ""
[34.240s] -- Installing: /home/a/ws_nhk/install/stm32_mavlink_msgs/lib/libstm32_mavlink_msgs__rosidl_typesupport_cpp.so
[34.241s] -- Set runtime path of "/home/a/ws_nhk/install/stm32_mavlink_msgs/lib/libstm32_mavlink_msgs__rosidl_typesupport_cpp.so" to ""
[34.241s] -- Installing: /home/a/ws_nhk/install/stm32_mavlink_msgs/share/stm32_mavlink_msgs/environment/pythonpath.sh
[34.241s] -- Installing: /home/a/ws_nhk/install/stm32_mavlink_msgs/share/stm32_mavlink_msgs/environment/pythonpath.dsv
[34.241s] -- Installing: /home/a/ws_nhk/install/stm32_mavlink_msgs/local/lib/python3.10/dist-packages/stm32_mavlink_msgs-1.0.0-py3.10.egg-info
[34.241s] -- Installing: /home/a/ws_nhk/install/stm32_mavlink_msgs/local/lib/python3.10/dist-packages/stm32_mavlink_msgs-1.0.0-py3.10.egg-info/top_level.txt
[34.241s] -- Installing: /home/a/ws_nhk/install/stm32_mavlink_msgs/local/lib/python3.10/dist-packages/stm32_mavlink_msgs-1.0.0-py3.10.egg-info/SOURCES.txt
[34.241s] -- Installing: /home/a/ws_nhk/install/stm32_mavlink_msgs/local/lib/python3.10/dist-packages/stm32_mavlink_msgs-1.0.0-py3.10.egg-info/PKG-INFO
[34.241s] -- Installing: /home/a/ws_nhk/install/stm32_mavlink_msgs/local/lib/python3.10/dist-packages/stm32_mavlink_msgs-1.0.0-py3.10.egg-info/dependency_links.txt
[34.242s] -- Installing: /home/a/ws_nhk/install/stm32_mavlink_msgs/local/lib/python3.10/dist-packages/stm32_mavlink_msgs
[34.242s] -- Installing: /home/a/ws_nhk/install/stm32_mavlink_msgs/local/lib/python3.10/dist-packages/stm32_mavlink_msgs/libstm32_mavlink_msgs__rosidl_generator_py.so
[34.242s] -- Installing: /home/a/ws_nhk/install/stm32_mavlink_msgs/local/lib/python3.10/dist-packages/stm32_mavlink_msgs/stm32_mavlink_msgs_s__rosidl_typesupport_c.cpython-310-x86_64-linux-gnu.so
[34.242s] -- Installing: /home/a/ws_nhk/install/stm32_mavlink_msgs/local/lib/python3.10/dist-packages/stm32_mavlink_msgs/_stm32_mavlink_msgs_s.ep.rosidl_typesupport_introspection_c.c
[34.242s] -- Installing: /home/a/ws_nhk/install/stm32_mavlink_msgs/local/lib/python3.10/dist-packages/stm32_mavlink_msgs/msg
[34.243s] -- Installing: /home/a/ws_nhk/install/stm32_mavlink_msgs/local/lib/python3.10/dist-packages/stm32_mavlink_msgs/msg/_servo_command_s.c
[34.243s] -- Installing: /home/a/ws_nhk/install/stm32_mavlink_msgs/local/lib/python3.10/dist-packages/stm32_mavlink_msgs/msg/_rs485_write_response.py
[34.243s] -- Installing: /home/a/ws_nhk/install/stm32_mavlink_msgs/local/lib/python3.10/dist-packages/stm32_mavlink_msgs/msg/_rs485_motor_state.py
[34.243s] -- Installing: /home/a/ws_nhk/install/stm32_mavlink_msgs/local/lib/python3.10/dist-packages/stm32_mavlink_msgs/msg/_rs485_flash_save_request.py
[34.243s] -- Installing: /home/a/ws_nhk/install/stm32_mavlink_msgs/local/lib/python3.10/dist-packages/stm32_mavlink_msgs/msg/_servo_command.py
[34.243s] -- Installing: /home/a/ws_nhk/install/stm32_mavlink_msgs/local/lib/python3.10/dist-packages/stm32_mavlink_msgs/msg/_servo_state_s.c
[34.243s] -- Installing: /home/a/ws_nhk/install/stm32_mavlink_msgs/local/lib/python3.10/dist-packages/stm32_mavlink_msgs/msg/_rs485_motor_config_s.c
[34.243s] -- Installing: /home/a/ws_nhk/install/stm32_mavlink_msgs/local/lib/python3.10/dist-packages/stm32_mavlink_msgs/msg/_robomaster_motor_state.py
[34.243s] -- Installing: /home/a/ws_nhk/install/stm32_mavlink_msgs/local/lib/python3.10/dist-packages/stm32_mavlink_msgs/msg/_robomaster_motor_config_s.c
[34.243s] -- Installing: /home/a/ws_nhk/install/stm32_mavlink_msgs/local/lib/python3.10/dist-packages/stm32_mavlink_msgs/msg/_rs485_read_request_s.c
[34.243s] -- Installing: /home/a/ws_nhk/install/stm32_mavlink_msgs/local/lib/python3.10/dist-packages/stm32_mavlink_msgs/msg/_limit_switch_status_s.c
[34.243s] -- Installing: /home/a/ws_nhk/install/stm32_mavlink_msgs/local/lib/python3.10/dist-packages/stm32_mavlink_msgs/msg/_dc_motor_config.py
[34.243s] -- Installing: /home/a/ws_nhk/install/stm32_mavlink_msgs/local/lib/python3.10/dist-packages/stm32_mavlink_msgs/msg/_dc_motor_state.py
[34.244s] -- Installing: /home/a/ws_nhk/install/stm32_mavlink_msgs/local/lib/python3.10/dist-packages/stm32_mavlink_msgs/msg/_dc_motor_config_s.c
[34.244s] -- Installing: /home/a/ws_nhk/install/stm32_mavlink_msgs/local/lib/python3.10/dist-packages/stm32_mavlink_msgs/msg/_robomaster_motor_state_s.c
[34.244s] -- Installing: /home/a/ws_nhk/install/stm32_mavlink_msgs/local/lib/python3.10/dist-packages/stm32_mavlink_msgs/msg/_robomaster_motor_command_s.c
[34.244s] -- Installing: /home/a/ws_nhk/install/stm32_mavlink_msgs/local/lib/python3.10/dist-packages/stm32_mavlink_msgs/msg/_solenoid_command_s.c
[34.244s] -- Installing: /home/a/ws_nhk/install/stm32_mavlink_msgs/local/lib/python3.10/dist-packages/stm32_mavlink_msgs/msg/_encoder_config.py
[34.244s] -- Installing: /home/a/ws_nhk/install/stm32_mavlink_msgs/local/lib/python3.10/dist-packages/stm32_mavlink_msgs/msg/_rs485_write_request.py
[34.244s] -- Installing: /home/a/ws_nhk/install/stm32_mavlink_msgs/local/lib/python3.10/dist-packages/stm32_mavlink_msgs/msg/_dc_motor_command.py
[34.244s] -- Installing: /home/a/ws_nhk/install/stm32_mavlink_msgs/local/lib/python3.10/dist-packages/stm32_mavlink_msgs/msg/_rs485_read_response_s.c
[34.244s] -- Installing: /home/a/ws_nhk/install/stm32_mavlink_msgs/local/lib/python3.10/dist-packages/stm32_mavlink_msgs/msg/_limit_switch_status.py
[34.244s] -- Installing: /home/a/ws_nhk/install/stm32_mavlink_msgs/local/lib/python3.10/dist-packages/stm32_mavlink_msgs/msg/__init__.py
[34.244s] -- Installing: /home/a/ws_nhk/install/stm32_mavlink_msgs/local/lib/python3.10/dist-packages/stm32_mavlink_msgs/msg/_robomaster_motor_config.py
[34.244s] -- Installing: /home/a/ws_nhk/install/stm32_mavlink_msgs/local/lib/python3.10/dist-packages/stm32_mavlink_msgs/msg/_wtt12_l_status.py
[34.245s] -- Installing: /home/a/ws_nhk/install/stm32_mavlink_msgs/local/lib/python3.10/dist-packages/stm32_mavlink_msgs/msg/_rs485_motor_command.py
[34.245s] -- Installing: /home/a/ws_nhk/install/stm32_mavlink_msgs/local/lib/python3.10/dist-packages/stm32_mavlink_msgs/msg/_rs485_flash_save_request_s.c
[34.245s] -- Installing: /home/a/ws_nhk/install/stm32_mavlink_msgs/local/lib/python3.10/dist-packages/stm32_mavlink_msgs/msg/_dc_motor_state_s.c
[34.245s] -- Installing: /home/a/ws_nhk/install/stm32_mavlink_msgs/local/lib/python3.10/dist-packages/stm32_mavlink_msgs/msg/_rs485_read_response.py
[34.245s] -- Installing: /home/a/ws_nhk/install/stm32_mavlink_msgs/local/lib/python3.10/dist-packages/stm32_mavlink_msgs/msg/_servo_state.py
[34.245s] -- Installing: /home/a/ws_nhk/install/stm32_mavlink_msgs/local/lib/python3.10/dist-packages/stm32_mavlink_msgs/msg/_wtt12_l_status_s.c
[34.245s] -- Installing: /home/a/ws_nhk/install/stm32_mavlink_msgs/local/lib/python3.10/dist-packages/stm32_mavlink_msgs/msg/_rs485_motor_command_s.c
[34.245s] -- Installing: /home/a/ws_nhk/install/stm32_mavlink_msgs/local/lib/python3.10/dist-packages/stm32_mavlink_msgs/msg/_rs485_write_response_s.c
[34.245s] -- Installing: /home/a/ws_nhk/install/stm32_mavlink_msgs/local/lib/python3.10/dist-packages/stm32_mavlink_msgs/msg/_rs485_motor_config.py
[34.245s] -- Installing: /home/a/ws_nhk/install/stm32_mavlink_msgs/local/lib/python3.10/dist-packages/stm32_mavlink_msgs/msg/_rs485_motor_state_s.c
[34.245s] -- Installing: /home/a/ws_nhk/install/stm32_mavlink_msgs/local/lib/python3.10/dist-packages/stm32_mavlink_msgs/msg/_encoder_state.py
[34.245s] -- Installing: /home/a/ws_nhk/install/stm32_mavlink_msgs/local/lib/python3.10/dist-packages/stm32_mavlink_msgs/msg/_rs485_read_request.py
[34.246s] -- Installing: /home/a/ws_nhk/install/stm32_mavlink_msgs/local/lib/python3.10/dist-packages/stm32_mavlink_msgs/msg/_encoder_state_s.c
[34.246s] -- Installing: /home/a/ws_nhk/install/stm32_mavlink_msgs/local/lib/python3.10/dist-packages/stm32_mavlink_msgs/msg/_encoder_config_s.c
[34.246s] -- Installing: /home/a/ws_nhk/install/stm32_mavlink_msgs/local/lib/python3.10/dist-packages/stm32_mavlink_msgs/msg/_dc_motor_command_s.c
[34.246s] -- Installing: /home/a/ws_nhk/install/stm32_mavlink_msgs/local/lib/python3.10/dist-packages/stm32_mavlink_msgs/msg/_robomaster_motor_command.py
[34.246s] -- Installing: /home/a/ws_nhk/install/stm32_mavlink_msgs/local/lib/python3.10/dist-packages/stm32_mavlink_msgs/msg/_solenoid_command.py
[34.246s] -- Installing: /home/a/ws_nhk/install/stm32_mavlink_msgs/local/lib/python3.10/dist-packages/stm32_mavlink_msgs/msg/_rs485_write_request_s.c
[34.246s] -- Installing: /home/a/ws_nhk/install/stm32_mavlink_msgs/local/lib/python3.10/dist-packages/stm32_mavlink_msgs/msg/_solenoid_status_s.c
[34.246s] -- Installing: /home/a/ws_nhk/install/stm32_mavlink_msgs/local/lib/python3.10/dist-packages/stm32_mavlink_msgs/msg/_solenoid_status.py
[34.246s] -- Installing: /home/a/ws_nhk/install/stm32_mavlink_msgs/local/lib/python3.10/dist-packages/stm32_mavlink_msgs/_stm32_mavlink_msgs_s.ep.rosidl_typesupport_fastrtps_c.c
[34.246s] -- Installing: /home/a/ws_nhk/install/stm32_mavlink_msgs/local/lib/python3.10/dist-packages/stm32_mavlink_msgs/stm32_mavlink_msgs_s__rosidl_typesupport_fastrtps_c.cpython-310-x86_64-linux-gnu.so
[34.247s] -- Installing: /home/a/ws_nhk/install/stm32_mavlink_msgs/local/lib/python3.10/dist-packages/stm32_mavlink_msgs/stm32_mavlink_msgs_s__rosidl_typesupport_introspection_c.cpython-310-x86_64-linux-gnu.so
[34.247s] -- Installing: /home/a/ws_nhk/install/stm32_mavlink_msgs/local/lib/python3.10/dist-packages/stm32_mavlink_msgs/__init__.py
[34.247s] -- Installing: /home/a/ws_nhk/install/stm32_mavlink_msgs/local/lib/python3.10/dist-packages/stm32_mavlink_msgs/_stm32_mavlink_msgs_s.ep.rosidl_typesupport_c.c
[34.247s] -- Installing: /home/a/ws_nhk/install/stm32_mavlink_msgs/local/lib/python3.10/dist-packages/stm32_mavlink_msgs/srv
[34.247s] -- Installing: /home/a/ws_nhk/install/stm32_mavlink_msgs/local/lib/python3.10/dist-packages/stm32_mavlink_msgs/srv/_flash_save_rs485_s.c
[34.247s] -- Installing: /home/a/ws_nhk/install/stm32_mavlink_msgs/local/lib/python3.10/dist-packages/stm32_mavlink_msgs/srv/_read_rs485_param_s.c
[34.247s] -- Installing: /home/a/ws_nhk/install/stm32_mavlink_msgs/local/lib/python3.10/dist-packages/stm32_mavlink_msgs/srv/_read_rs485_param.py
[34.248s] -- Installing: /home/a/ws_nhk/install/stm32_mavlink_msgs/local/lib/python3.10/dist-packages/stm32_mavlink_msgs/srv/_set_dc_motor_config_s.c
[34.248s] -- Installing: /home/a/ws_nhk/install/stm32_mavlink_msgs/local/lib/python3.10/dist-packages/stm32_mavlink_msgs/srv/_set_encoder_config.py
[34.248s] -- Installing: /home/a/ws_nhk/install/stm32_mavlink_msgs/local/lib/python3.10/dist-packages/stm32_mavlink_msgs/srv/_set_servo_config.py
[34.248s] -- Installing: /home/a/ws_nhk/install/stm32_mavlink_msgs/local/lib/python3.10/dist-packages/stm32_mavlink_msgs/srv/_get_robomaster_motor_config.py
[34.248s] -- Installing: /home/a/ws_nhk/install/stm32_mavlink_msgs/local/lib/python3.10/dist-packages/stm32_mavlink_msgs/srv/_set_robomaster_motor_config.py
[34.248s] -- Installing: /home/a/ws_nhk/install/stm32_mavlink_msgs/local/lib/python3.10/dist-packages/stm32_mavlink_msgs/srv/_get_robomaster_motor_config_s.c
[34.248s] -- Installing: /home/a/ws_nhk/install/stm32_mavlink_msgs/local/lib/python3.10/dist-packages/stm32_mavlink_msgs/srv/_set_robomaster_motor_config_s.c
[34.248s] -- Installing: /home/a/ws_nhk/install/stm32_mavlink_msgs/local/lib/python3.10/dist-packages/stm32_mavlink_msgs/srv/_write_rs485_param_s.c
[34.248s] -- Installing: /home/a/ws_nhk/install/stm32_mavlink_msgs/local/lib/python3.10/dist-packages/stm32_mavlink_msgs/srv/_write_rs485_param.py
[34.248s] -- Installing: /home/a/ws_nhk/install/stm32_mavlink_msgs/local/lib/python3.10/dist-packages/stm32_mavlink_msgs/srv/__init__.py
[34.248s] -- Installing: /home/a/ws_nhk/install/stm32_mavlink_msgs/local/lib/python3.10/dist-packages/stm32_mavlink_msgs/srv/_get_dc_motor_config_s.c
[34.248s] -- Installing: /home/a/ws_nhk/install/stm32_mavlink_msgs/local/lib/python3.10/dist-packages/stm32_mavlink_msgs/srv/_flash_save_rs485.py
[34.249s] -- Installing: /home/a/ws_nhk/install/stm32_mavlink_msgs/local/lib/python3.10/dist-packages/stm32_mavlink_msgs/srv/_get_dc_motor_config.py
[34.249s] -- Installing: /home/a/ws_nhk/install/stm32_mavlink_msgs/local/lib/python3.10/dist-packages/stm32_mavlink_msgs/srv/_set_servo_config_s.c
[34.249s] -- Installing: /home/a/ws_nhk/install/stm32_mavlink_msgs/local/lib/python3.10/dist-packages/stm32_mavlink_msgs/srv/_set_dc_motor_config.py
[34.249s] -- Installing: /home/a/ws_nhk/install/stm32_mavlink_msgs/local/lib/python3.10/dist-packages/stm32_mavlink_msgs/srv/_set_encoder_config_s.c
[34.359s] Listing '/home/a/ws_nhk/install/stm32_mavlink_msgs/local/lib/python3.10/dist-packages/stm32_mavlink_msgs'...
[34.360s] Compiling '/home/a/ws_nhk/install/stm32_mavlink_msgs/local/lib/python3.10/dist-packages/stm32_mavlink_msgs/__init__.py'...
[34.360s] Listing '/home/a/ws_nhk/install/stm32_mavlink_msgs/local/lib/python3.10/dist-packages/stm32_mavlink_msgs/msg'...
[34.360s] Compiling '/home/a/ws_nhk/install/stm32_mavlink_msgs/local/lib/python3.10/dist-packages/stm32_mavlink_msgs/msg/__init__.py'...
[34.360s] Compiling '/home/a/ws_nhk/install/stm32_mavlink_msgs/local/lib/python3.10/dist-packages/stm32_mavlink_msgs/msg/_dc_motor_command.py'...
[34.360s] Compiling '/home/a/ws_nhk/install/stm32_mavlink_msgs/local/lib/python3.10/dist-packages/stm32_mavlink_msgs/msg/_dc_motor_config.py'...
[34.360s] Compiling '/home/a/ws_nhk/install/stm32_mavlink_msgs/local/lib/python3.10/dist-packages/stm32_mavlink_msgs/msg/_dc_motor_state.py'...
[34.360s] Compiling '/home/a/ws_nhk/install/stm32_mavlink_msgs/local/lib/python3.10/dist-packages/stm32_mavlink_msgs/msg/_encoder_config.py'...
[34.360s] Compiling '/home/a/ws_nhk/install/stm32_mavlink_msgs/local/lib/python3.10/dist-packages/stm32_mavlink_msgs/msg/_encoder_state.py'...
[34.360s] Compiling '/home/a/ws_nhk/install/stm32_mavlink_msgs/local/lib/python3.10/dist-packages/stm32_mavlink_msgs/msg/_limit_switch_status.py'...
[34.360s] Compiling '/home/a/ws_nhk/install/stm32_mavlink_msgs/local/lib/python3.10/dist-packages/stm32_mavlink_msgs/msg/_robomaster_motor_command.py'...
[34.360s] Compiling '/home/a/ws_nhk/install/stm32_mavlink_msgs/local/lib/python3.10/dist-packages/stm32_mavlink_msgs/msg/_robomaster_motor_config.py'...
[34.360s] Compiling '/home/a/ws_nhk/install/stm32_mavlink_msgs/local/lib/python3.10/dist-packages/stm32_mavlink_msgs/msg/_robomaster_motor_state.py'...
[34.360s] Compiling '/home/a/ws_nhk/install/stm32_mavlink_msgs/local/lib/python3.10/dist-packages/stm32_mavlink_msgs/msg/_rs485_flash_save_request.py'...
[34.360s] Compiling '/home/a/ws_nhk/install/stm32_mavlink_msgs/local/lib/python3.10/dist-packages/stm32_mavlink_msgs/msg/_rs485_motor_command.py'...
[34.360s] Compiling '/home/a/ws_nhk/install/stm32_mavlink_msgs/local/lib/python3.10/dist-packages/stm32_mavlink_msgs/msg/_rs485_motor_config.py'...
[34.360s] Compiling '/home/a/ws_nhk/install/stm32_mavlink_msgs/local/lib/python3.10/dist-packages/stm32_mavlink_msgs/msg/_rs485_motor_state.py'...
[34.360s] Compiling '/home/a/ws_nhk/install/stm32_mavlink_msgs/local/lib/python3.10/dist-packages/stm32_mavlink_msgs/msg/_rs485_read_request.py'...
[34.361s] Compiling '/home/a/ws_nhk/install/stm32_mavlink_msgs/local/lib/python3.10/dist-packages/stm32_mavlink_msgs/msg/_rs485_read_response.py'...
[34.361s] Compiling '/home/a/ws_nhk/install/stm32_mavlink_msgs/local/lib/python3.10/dist-packages/stm32_mavlink_msgs/msg/_rs485_write_request.py'...
[34.361s] Compiling '/home/a/ws_nhk/install/stm32_mavlink_msgs/local/lib/python3.10/dist-packages/stm32_mavlink_msgs/msg/_rs485_write_response.py'...
[34.361s] Compiling '/home/a/ws_nhk/install/stm32_mavlink_msgs/local/lib/python3.10/dist-packages/stm32_mavlink_msgs/msg/_servo_command.py'...
[34.361s] Compiling '/home/a/ws_nhk/install/stm32_mavlink_msgs/local/lib/python3.10/dist-packages/stm32_mavlink_msgs/msg/_servo_state.py'...
[34.361s] Compiling '/home/a/ws_nhk/install/stm32_mavlink_msgs/local/lib/python3.10/dist-packages/stm32_mavlink_msgs/msg/_solenoid_command.py'...
[34.361s] Compiling '/home/a/ws_nhk/install/stm32_mavlink_msgs/local/lib/python3.10/dist-packages/stm32_mavlink_msgs/msg/_solenoid_status.py'...
[34.361s] Compiling '/home/a/ws_nhk/install/stm32_mavlink_msgs/local/lib/python3.10/dist-packages/stm32_mavlink_msgs/msg/_wtt12_l_status.py'...
[34.361s] Listing '/home/a/ws_nhk/install/stm32_mavlink_msgs/local/lib/python3.10/dist-packages/stm32_mavlink_msgs/srv'...
[34.361s] Compiling '/home/a/ws_nhk/install/stm32_mavlink_msgs/local/lib/python3.10/dist-packages/stm32_mavlink_msgs/srv/__init__.py'...
[34.361s] Compiling '/home/a/ws_nhk/install/stm32_mavlink_msgs/local/lib/python3.10/dist-packages/stm32_mavlink_msgs/srv/_flash_save_rs485.py'...
[34.361s] Compiling '/home/a/ws_nhk/install/stm32_mavlink_msgs/local/lib/python3.10/dist-packages/stm32_mavlink_msgs/srv/_get_dc_motor_config.py'...
[34.361s] Compiling '/home/a/ws_nhk/install/stm32_mavlink_msgs/local/lib/python3.10/dist-packages/stm32_mavlink_msgs/srv/_get_robomaster_motor_config.py'...
[34.361s] Compiling '/home/a/ws_nhk/install/stm32_mavlink_msgs/local/lib/python3.10/dist-packages/stm32_mavlink_msgs/srv/_read_rs485_param.py'...
[34.361s] Compiling '/home/a/ws_nhk/install/stm32_mavlink_msgs/local/lib/python3.10/dist-packages/stm32_mavlink_msgs/srv/_set_dc_motor_config.py'...
[34.362s] Compiling '/home/a/ws_nhk/install/stm32_mavlink_msgs/local/lib/python3.10/dist-packages/stm32_mavlink_msgs/srv/_set_encoder_config.py'...
[34.362s] Compiling '/home/a/ws_nhk/install/stm32_mavlink_msgs/local/lib/python3.10/dist-packages/stm32_mavlink_msgs/srv/_set_robomaster_motor_config.py'...
[34.362s] Compiling '/home/a/ws_nhk/install/stm32_mavlink_msgs/local/lib/python3.10/dist-packages/stm32_mavlink_msgs/srv/_set_servo_config.py'...
[34.362s] Compiling '/home/a/ws_nhk/install/stm32_mavlink_msgs/local/lib/python3.10/dist-packages/stm32_mavlink_msgs/srv/_write_rs485_param.py'...
[34.366s] -- Installing: /home/a/ws_nhk/install/stm32_mavlink_msgs/local/lib/python3.10/dist-packages/stm32_mavlink_msgs/stm32_mavlink_msgs_s__rosidl_typesupport_fastrtps_c.cpython-310-x86_64-linux-gnu.so
[34.367s] -- Set runtime path of "/home/a/ws_nhk/install/stm32_mavlink_msgs/local/lib/python3.10/dist-packages/stm32_mavlink_msgs/stm32_mavlink_msgs_s__rosidl_typesupport_fastrtps_c.cpython-310-x86_64-linux-gnu.so" to ""
[34.367s] -- Installing: /home/a/ws_nhk/install/stm32_mavlink_msgs/local/lib/python3.10/dist-packages/stm32_mavlink_msgs/stm32_mavlink_msgs_s__rosidl_typesupport_introspection_c.cpython-310-x86_64-linux-gnu.so
[34.367s] -- Set runtime path of "/home/a/ws_nhk/install/stm32_mavlink_msgs/local/lib/python3.10/dist-packages/stm32_mavlink_msgs/stm32_mavlink_msgs_s__rosidl_typesupport_introspection_c.cpython-310-x86_64-linux-gnu.so" to ""
[34.368s] -- Installing: /home/a/ws_nhk/install/stm32_mavlink_msgs/local/lib/python3.10/dist-packages/stm32_mavlink_msgs/stm32_mavlink_msgs_s__rosidl_typesupport_c.cpython-310-x86_64-linux-gnu.so
[34.368s] -- Set runtime path of "/home/a/ws_nhk/install/stm32_mavlink_msgs/local/lib/python3.10/dist-packages/stm32_mavlink_msgs/stm32_mavlink_msgs_s__rosidl_typesupport_c.cpython-310-x86_64-linux-gnu.so" to ""
[34.368s] -- Installing: /home/a/ws_nhk/install/stm32_mavlink_msgs/lib/libstm32_mavlink_msgs__rosidl_generator_py.so
[34.369s] -- Set runtime path of "/home/a/ws_nhk/install/stm32_mavlink_msgs/lib/libstm32_mavlink_msgs__rosidl_generator_py.so" to ""
[34.369s] -- Installing: /home/a/ws_nhk/install/stm32_mavlink_msgs/share/stm32_mavlink_msgs/msg/ServoCommand.idl
[34.369s] -- Installing: /home/a/ws_nhk/install/stm32_mavlink_msgs/share/stm32_mavlink_msgs/msg/ServoState.idl
[34.369s] -- Installing: /home/a/ws_nhk/install/stm32_mavlink_msgs/share/stm32_mavlink_msgs/msg/EncoderState.idl
[34.369s] -- Installing: /home/a/ws_nhk/install/stm32_mavlink_msgs/share/stm32_mavlink_msgs/msg/EncoderConfig.idl
[34.369s] -- Installing: /home/a/ws_nhk/install/stm32_mavlink_msgs/share/stm32_mavlink_msgs/msg/RobomasterMotorCommand.idl
[34.370s] -- Installing: /home/a/ws_nhk/install/stm32_mavlink_msgs/share/stm32_mavlink_msgs/msg/RobomasterMotorState.idl
[34.370s] -- Installing: /home/a/ws_nhk/install/stm32_mavlink_msgs/share/stm32_mavlink_msgs/msg/RobomasterMotorConfig.idl
[34.370s] -- Installing: /home/a/ws_nhk/install/stm32_mavlink_msgs/share/stm32_mavlink_msgs/msg/DCMotorCommand.idl
[34.370s] -- Installing: /home/a/ws_nhk/install/stm32_mavlink_msgs/share/stm32_mavlink_msgs/msg/DCMotorState.idl
[34.370s] -- Installing: /home/a/ws_nhk/install/stm32_mavlink_msgs/share/stm32_mavlink_msgs/msg/DCMotorConfig.idl
[34.370s] -- Installing: /home/a/ws_nhk/install/stm32_mavlink_msgs/share/stm32_mavlink_msgs/msg/RS485MotorCommand.idl
[34.370s] -- Installing: /home/a/ws_nhk/install/stm32_mavlink_msgs/share/stm32_mavlink_msgs/msg/RS485MotorState.idl
[34.371s] -- Installing: /home/a/ws_nhk/install/stm32_mavlink_msgs/share/stm32_mavlink_msgs/msg/RS485MotorConfig.idl
[34.371s] -- Installing: /home/a/ws_nhk/install/stm32_mavlink_msgs/share/stm32_mavlink_msgs/msg/RS485ReadRequest.idl
[34.371s] -- Installing: /home/a/ws_nhk/install/stm32_mavlink_msgs/share/stm32_mavlink_msgs/msg/RS485ReadResponse.idl
[34.371s] -- Installing: /home/a/ws_nhk/install/stm32_mavlink_msgs/share/stm32_mavlink_msgs/msg/RS485WriteRequest.idl
[34.371s] -- Installing: /home/a/ws_nhk/install/stm32_mavlink_msgs/share/stm32_mavlink_msgs/msg/RS485WriteResponse.idl
[34.371s] -- Installing: /home/a/ws_nhk/install/stm32_mavlink_msgs/share/stm32_mavlink_msgs/msg/RS485FlashSaveRequest.idl
[34.372s] -- Installing: /home/a/ws_nhk/install/stm32_mavlink_msgs/share/stm32_mavlink_msgs/msg/LimitSwitchStatus.idl
[34.372s] -- Installing: /home/a/ws_nhk/install/stm32_mavlink_msgs/share/stm32_mavlink_msgs/msg/WTT12LStatus.idl
[34.372s] -- Installing: /home/a/ws_nhk/install/stm32_mavlink_msgs/share/stm32_mavlink_msgs/msg/SolenoidCommand.idl
[34.372s] -- Installing: /home/a/ws_nhk/install/stm32_mavlink_msgs/share/stm32_mavlink_msgs/msg/SolenoidStatus.idl
[34.372s] -- Installing: /home/a/ws_nhk/install/stm32_mavlink_msgs/share/stm32_mavlink_msgs/srv/SetServoConfig.idl
[34.372s] -- Installing: /home/a/ws_nhk/install/stm32_mavlink_msgs/share/stm32_mavlink_msgs/srv/SetEncoderConfig.idl
[34.372s] -- Installing: /home/a/ws_nhk/install/stm32_mavlink_msgs/share/stm32_mavlink_msgs/srv/SetRobomasterMotorConfig.idl
[34.373s] -- Installing: /home/a/ws_nhk/install/stm32_mavlink_msgs/share/stm32_mavlink_msgs/srv/GetRobomasterMotorConfig.idl
[34.373s] -- Installing: /home/a/ws_nhk/install/stm32_mavlink_msgs/share/stm32_mavlink_msgs/srv/SetDCMotorConfig.idl
[34.373s] -- Installing: /home/a/ws_nhk/install/stm32_mavlink_msgs/share/stm32_mavlink_msgs/srv/GetDCMotorConfig.idl
[34.373s] -- Installing: /home/a/ws_nhk/install/stm32_mavlink_msgs/share/stm32_mavlink_msgs/srv/ReadRS485Param.idl
[34.373s] -- Installing: /home/a/ws_nhk/install/stm32_mavlink_msgs/share/stm32_mavlink_msgs/srv/WriteRS485Param.idl
[34.373s] -- Installing: /home/a/ws_nhk/install/stm32_mavlink_msgs/share/stm32_mavlink_msgs/srv/FlashSaveRS485.idl
[34.373s] -- Installing: /home/a/ws_nhk/install/stm32_mavlink_msgs/share/stm32_mavlink_msgs/msg/ServoCommand.msg
[34.374s] -- Installing: /home/a/ws_nhk/install/stm32_mavlink_msgs/share/stm32_mavlink_msgs/msg/ServoState.msg
[34.374s] -- Installing: /home/a/ws_nhk/install/stm32_mavlink_msgs/share/stm32_mavlink_msgs/msg/EncoderState.msg
[34.374s] -- Installing: /home/a/ws_nhk/install/stm32_mavlink_msgs/share/stm32_mavlink_msgs/msg/EncoderConfig.msg
[34.374s] -- Installing: /home/a/ws_nhk/install/stm32_mavlink_msgs/share/stm32_mavlink_msgs/msg/RobomasterMotorCommand.msg
[34.374s] -- Installing: /home/a/ws_nhk/install/stm32_mavlink_msgs/share/stm32_mavlink_msgs/msg/RobomasterMotorState.msg
[34.374s] -- Installing: /home/a/ws_nhk/install/stm32_mavlink_msgs/share/stm32_mavlink_msgs/msg/RobomasterMotorConfig.msg
[34.374s] -- Installing: /home/a/ws_nhk/install/stm32_mavlink_msgs/share/stm32_mavlink_msgs/msg/DCMotorCommand.msg
[34.375s] -- Installing: /home/a/ws_nhk/install/stm32_mavlink_msgs/share/stm32_mavlink_msgs/msg/DCMotorState.msg
[34.375s] -- Installing: /home/a/ws_nhk/install/stm32_mavlink_msgs/share/stm32_mavlink_msgs/msg/DCMotorConfig.msg
[34.375s] -- Installing: /home/a/ws_nhk/install/stm32_mavlink_msgs/share/stm32_mavlink_msgs/msg/RS485MotorCommand.msg
[34.375s] -- Installing: /home/a/ws_nhk/install/stm32_mavlink_msgs/share/stm32_mavlink_msgs/msg/RS485MotorState.msg
[34.375s] -- Installing: /home/a/ws_nhk/install/stm32_mavlink_msgs/share/stm32_mavlink_msgs/msg/RS485MotorConfig.msg
[34.375s] -- Installing: /home/a/ws_nhk/install/stm32_mavlink_msgs/share/stm32_mavlink_msgs/msg/RS485ReadRequest.msg
[34.375s] -- Installing: /home/a/ws_nhk/install/stm32_mavlink_msgs/share/stm32_mavlink_msgs/msg/RS485ReadResponse.msg
[34.376s] -- Installing: /home/a/ws_nhk/install/stm32_mavlink_msgs/share/stm32_mavlink_msgs/msg/RS485WriteRequest.msg
[34.376s] -- Installing: /home/a/ws_nhk/install/stm32_mavlink_msgs/share/stm32_mavlink_msgs/msg/RS485WriteResponse.msg
[34.376s] -- Installing: /home/a/ws_nhk/install/stm32_mavlink_msgs/share/stm32_mavlink_msgs/msg/RS485FlashSaveRequest.msg
[34.376s] -- Installing: /home/a/ws_nhk/install/stm32_mavlink_msgs/share/stm32_mavlink_msgs/msg/LimitSwitchStatus.msg
[34.376s] -- Installing: /home/a/ws_nhk/install/stm32_mavlink_msgs/share/stm32_mavlink_msgs/msg/WTT12LStatus.msg
[34.376s] -- Installing: /home/a/ws_nhk/install/stm32_mavlink_msgs/share/stm32_mavlink_msgs/msg/SolenoidCommand.msg
[34.377s] -- Installing: /home/a/ws_nhk/install/stm32_mavlink_msgs/share/stm32_mavlink_msgs/msg/SolenoidStatus.msg
[34.377s] -- Installing: /home/a/ws_nhk/install/stm32_mavlink_msgs/share/stm32_mavlink_msgs/srv/SetServoConfig.srv
[34.377s] -- Installing: /home/a/ws_nhk/install/stm32_mavlink_msgs/share/stm32_mavlink_msgs/srv/SetServoConfig_Request.msg
[34.377s] -- Installing: /home/a/ws_nhk/install/stm32_mavlink_msgs/share/stm32_mavlink_msgs/srv/SetServoConfig_Response.msg
[34.377s] -- Installing: /home/a/ws_nhk/install/stm32_mavlink_msgs/share/stm32_mavlink_msgs/srv/SetEncoderConfig.srv
[34.377s] -- Installing: /home/a/ws_nhk/install/stm32_mavlink_msgs/share/stm32_mavlink_msgs/srv/SetEncoderConfig_Request.msg
[34.377s] -- Installing: /home/a/ws_nhk/install/stm32_mavlink_msgs/share/stm32_mavlink_msgs/srv/SetEncoderConfig_Response.msg
[34.378s] -- Installing: /home/a/ws_nhk/install/stm32_mavlink_msgs/share/stm32_mavlink_msgs/srv/SetRobomasterMotorConfig.srv
[34.378s] -- Installing: /home/a/ws_nhk/install/stm32_mavlink_msgs/share/stm32_mavlink_msgs/srv/SetRobomasterMotorConfig_Request.msg
[34.378s] -- Installing: /home/a/ws_nhk/install/stm32_mavlink_msgs/share/stm32_mavlink_msgs/srv/SetRobomasterMotorConfig_Response.msg
[34.378s] -- Installing: /home/a/ws_nhk/install/stm32_mavlink_msgs/share/stm32_mavlink_msgs/srv/GetRobomasterMotorConfig.srv
[34.378s] -- Installing: /home/a/ws_nhk/install/stm32_mavlink_msgs/share/stm32_mavlink_msgs/srv/GetRobomasterMotorConfig_Request.msg
[34.378s] -- Installing: /home/a/ws_nhk/install/stm32_mavlink_msgs/share/stm32_mavlink_msgs/srv/GetRobomasterMotorConfig_Response.msg
[34.378s] -- Installing: /home/a/ws_nhk/install/stm32_mavlink_msgs/share/stm32_mavlink_msgs/srv/SetDCMotorConfig.srv
[34.379s] -- Installing: /home/a/ws_nhk/install/stm32_mavlink_msgs/share/stm32_mavlink_msgs/srv/SetDCMotorConfig_Request.msg
[34.379s] -- Installing: /home/a/ws_nhk/install/stm32_mavlink_msgs/share/stm32_mavlink_msgs/srv/SetDCMotorConfig_Response.msg
[34.379s] -- Installing: /home/a/ws_nhk/install/stm32_mavlink_msgs/share/stm32_mavlink_msgs/srv/GetDCMotorConfig.srv
[34.379s] -- Installing: /home/a/ws_nhk/install/stm32_mavlink_msgs/share/stm32_mavlink_msgs/srv/GetDCMotorConfig_Request.msg
[34.379s] -- Installing: /home/a/ws_nhk/install/stm32_mavlink_msgs/share/stm32_mavlink_msgs/srv/GetDCMotorConfig_Response.msg
[34.379s] -- Installing: /home/a/ws_nhk/install/stm32_mavlink_msgs/share/stm32_mavlink_msgs/srv/ReadRS485Param.srv
[34.380s] -- Installing: /home/a/ws_nhk/install/stm32_mavlink_msgs/share/stm32_mavlink_msgs/srv/ReadRS485Param_Request.msg
[34.380s] -- Installing: /home/a/ws_nhk/install/stm32_mavlink_msgs/share/stm32_mavlink_msgs/srv/ReadRS485Param_Response.msg
[34.380s] -- Installing: /home/a/ws_nhk/install/stm32_mavlink_msgs/share/stm32_mavlink_msgs/srv/WriteRS485Param.srv
[34.380s] -- Installing: /home/a/ws_nhk/install/stm32_mavlink_msgs/share/stm32_mavlink_msgs/srv/WriteRS485Param_Request.msg
[34.380s] -- Installing: /home/a/ws_nhk/install/stm32_mavlink_msgs/share/stm32_mavlink_msgs/srv/WriteRS485Param_Response.msg
[34.380s] -- Installing: /home/a/ws_nhk/install/stm32_mavlink_msgs/share/stm32_mavlink_msgs/srv/FlashSaveRS485.srv
[34.380s] -- Installing: /home/a/ws_nhk/install/stm32_mavlink_msgs/share/stm32_mavlink_msgs/srv/FlashSaveRS485_Request.msg
[34.381s] -- Installing: /home/a/ws_nhk/install/stm32_mavlink_msgs/share/stm32_mavlink_msgs/srv/FlashSaveRS485_Response.msg
[34.381s] -- Installing: /home/a/ws_nhk/install/stm32_mavlink_msgs/share/ament_index/resource_index/package_run_dependencies/stm32_mavlink_msgs
[34.381s] -- Installing: /home/a/ws_nhk/install/stm32_mavlink_msgs/share/ament_index/resource_index/parent_prefix_path/stm32_mavlink_msgs
[34.381s] -- Installing: /home/a/ws_nhk/install/stm32_mavlink_msgs/share/stm32_mavlink_msgs/environment/ament_prefix_path.sh
[34.381s] -- Installing: /home/a/ws_nhk/install/stm32_mavlink_msgs/share/stm32_mavlink_msgs/environment/ament_prefix_path.dsv
[34.382s] -- Installing: /home/a/ws_nhk/install/stm32_mavlink_msgs/share/stm32_mavlink_msgs/environment/path.sh
[34.382s] -- Installing: /home/a/ws_nhk/install/stm32_mavlink_msgs/share/stm32_mavlink_msgs/environment/path.dsv
[34.382s] -- Installing: /home/a/ws_nhk/install/stm32_mavlink_msgs/share/stm32_mavlink_msgs/local_setup.bash
[34.382s] -- Installing: /home/a/ws_nhk/install/stm32_mavlink_msgs/share/stm32_mavlink_msgs/local_setup.sh
[34.382s] -- Installing: /home/a/ws_nhk/install/stm32_mavlink_msgs/share/stm32_mavlink_msgs/local_setup.zsh
[34.382s] -- Installing: /home/a/ws_nhk/install/stm32_mavlink_msgs/share/stm32_mavlink_msgs/local_setup.dsv
[34.382s] -- Installing: /home/a/ws_nhk/install/stm32_mavlink_msgs/share/stm32_mavlink_msgs/package.dsv
[34.383s] -- Installing: /home/a/ws_nhk/install/stm32_mavlink_msgs/share/ament_index/resource_index/packages/stm32_mavlink_msgs
[34.383s] -- Installing: /home/a/ws_nhk/install/stm32_mavlink_msgs/share/stm32_mavlink_msgs/cmake/export_stm32_mavlink_msgs__rosidl_generator_cExport.cmake
[34.383s] -- Installing: /home/a/ws_nhk/install/stm32_mavlink_msgs/share/stm32_mavlink_msgs/cmake/export_stm32_mavlink_msgs__rosidl_generator_cExport-noconfig.cmake
[34.383s] -- Installing: /home/a/ws_nhk/install/stm32_mavlink_msgs/share/stm32_mavlink_msgs/cmake/export_stm32_mavlink_msgs__rosidl_typesupport_fastrtps_cExport.cmake
[34.383s] -- Installing: /home/a/ws_nhk/install/stm32_mavlink_msgs/share/stm32_mavlink_msgs/cmake/export_stm32_mavlink_msgs__rosidl_typesupport_fastrtps_cExport-noconfig.cmake
[34.384s] -- Installing: /home/a/ws_nhk/install/stm32_mavlink_msgs/share/stm32_mavlink_msgs/cmake/stm32_mavlink_msgs__rosidl_typesupport_introspection_cExport.cmake
[34.384s] -- Installing: /home/a/ws_nhk/install/stm32_mavlink_msgs/share/stm32_mavlink_msgs/cmake/stm32_mavlink_msgs__rosidl_typesupport_introspection_cExport-noconfig.cmake
[34.384s] -- Installing: /home/a/ws_nhk/install/stm32_mavlink_msgs/share/stm32_mavlink_msgs/cmake/stm32_mavlink_msgs__rosidl_typesupport_cExport.cmake
[34.384s] -- Installing: /home/a/ws_nhk/install/stm32_mavlink_msgs/share/stm32_mavlink_msgs/cmake/stm32_mavlink_msgs__rosidl_typesupport_cExport-noconfig.cmake
[34.384s] -- Installing: /home/a/ws_nhk/install/stm32_mavlink_msgs/share/stm32_mavlink_msgs/cmake/export_stm32_mavlink_msgs__rosidl_generator_cppExport.cmake
[34.384s] -- Installing: /home/a/ws_nhk/install/stm32_mavlink_msgs/share/stm32_mavlink_msgs/cmake/export_stm32_mavlink_msgs__rosidl_typesupport_fastrtps_cppExport.cmake
[34.385s] -- Installing: /home/a/ws_nhk/install/stm32_mavlink_msgs/share/stm32_mavlink_msgs/cmake/export_stm32_mavlink_msgs__rosidl_typesupport_fastrtps_cppExport-noconfig.cmake
[34.385s] -- Installing: /home/a/ws_nhk/install/stm32_mavlink_msgs/share/stm32_mavlink_msgs/cmake/stm32_mavlink_msgs__rosidl_typesupport_introspection_cppExport.cmake
[34.385s] -- Installing: /home/a/ws_nhk/install/stm32_mavlink_msgs/share/stm32_mavlink_msgs/cmake/stm32_mavlink_msgs__rosidl_typesupport_introspection_cppExport-noconfig.cmake
[34.385s] -- Installing: /home/a/ws_nhk/install/stm32_mavlink_msgs/share/stm32_mavlink_msgs/cmake/stm32_mavlink_msgs__rosidl_typesupport_cppExport.cmake
[34.385s] -- Installing: /home/a/ws_nhk/install/stm32_mavlink_msgs/share/stm32_mavlink_msgs/cmake/stm32_mavlink_msgs__rosidl_typesupport_cppExport-noconfig.cmake
[34.385s] -- Installing: /home/a/ws_nhk/install/stm32_mavlink_msgs/share/stm32_mavlink_msgs/cmake/export_stm32_mavlink_msgs__rosidl_generator_pyExport.cmake
[34.386s] -- Installing: /home/a/ws_nhk/install/stm32_mavlink_msgs/share/stm32_mavlink_msgs/cmake/export_stm32_mavlink_msgs__rosidl_generator_pyExport-noconfig.cmake
[34.386s] -- Installing: /home/a/ws_nhk/install/stm32_mavlink_msgs/share/stm32_mavlink_msgs/cmake/rosidl_cmake-extras.cmake
[34.386s] -- Installing: /home/a/ws_nhk/install/stm32_mavlink_msgs/share/stm32_mavlink_msgs/cmake/ament_cmake_export_dependencies-extras.cmake
[34.386s] -- Installing: /home/a/ws_nhk/install/stm32_mavlink_msgs/share/stm32_mavlink_msgs/cmake/ament_cmake_export_include_directories-extras.cmake
[34.386s] -- Installing: /home/a/ws_nhk/install/stm32_mavlink_msgs/share/stm32_mavlink_msgs/cmake/ament_cmake_export_libraries-extras.cmake
[34.386s] -- Installing: /home/a/ws_nhk/install/stm32_mavlink_msgs/share/stm32_mavlink_msgs/cmake/ament_cmake_export_targets-extras.cmake
[34.387s] -- Installing: /home/a/ws_nhk/install/stm32_mavlink_msgs/share/stm32_mavlink_msgs/cmake/rosidl_cmake_export_typesupport_targets-extras.cmake
[34.387s] -- Installing: /home/a/ws_nhk/install/stm32_mavlink_msgs/share/stm32_mavlink_msgs/cmake/rosidl_cmake_export_typesupport_libraries-extras.cmake
[34.387s] -- Installing: /home/a/ws_nhk/install/stm32_mavlink_msgs/share/stm32_mavlink_msgs/cmake/stm32_mavlink_msgsConfig.cmake
[34.387s] -- Installing: /home/a/ws_nhk/install/stm32_mavlink_msgs/share/stm32_mavlink_msgs/cmake/stm32_mavlink_msgsConfig-version.cmake
[34.387s] -- Installing: /home/a/ws_nhk/install/stm32_mavlink_msgs/share/stm32_mavlink_msgs/package.xml
[34.391s] Invoked command in '/home/a/ws_nhk/build/stm32_mavlink_msgs' returned '0': CMAKE_PREFIX_PATH=${CMAKE_PREFIX_PATH}:/home/a/ws_nhk/install/moveit_configs_utils:/home/a/ws_nhk/install/rogidrive:/home/a/ws_nhk/install/launch_param_builder:/home/a/ws_nhk/install/dynamixel_controller_gui:/home/a/ws_nhk/install/dynamixel_controller_client:/opt/ros/humble /usr/bin/cmake --install /home/a/ws_nhk/build/stm32_mavlink_msgs
