[0.013s] Invoking command in '/home/a/ws_nhk/build/moveit_core': CMAKE_PREFIX_PATH=/home/a/ws_nhk/install/moveit_resources_panda_moveit_config:/home/a/ws_nhk/install/srdfdom:/home/a/ws_nhk/install/moveit_resources_pr2_description:/home/a/ws_nhk/install/moveit_resources_panda_description:/home/a/ws_nhk/install/moveit_common:/home/a/ws_nhk/install/sakai_r2_config:/home/a/ws_nhk/install/moveit_runtime:/home/a/ws_nhk/install/moveit_r2_config:/home/a/ws_nhk/install/moveit_config:/home/a/ws_nhk/install/moveit2_tutorials:/home/a/ws_nhk/install/moveit:/home/a/ws_nhk/install/moveit_planners:/home/a/ws_nhk/install/pilz_industrial_motion_planner:/home/a/ws_nhk/install/moveit_task_constructor_visualization:/home/a/ws_nhk/install/moveit_task_constructor_demo:/home/a/ws_nhk/install/moveit_task_constructor_capabilities:/home/a/ws_nhk/install/moveit_task_constructor_core:/home/a/ws_nhk/install/moveit_setup_assistant:/home/a/ws_nhk/install/moveit_setup_srdf_plugins:/home/a/ws_nhk/install/moveit_setup_core_plugins:/home/a/ws_nhk/install/moveit_setup_controllers:/home/a/ws_nhk/install/moveit_setup_app_plugins:/home/a/ws_nhk/install/moveit_setup_framework:/home/a/ws_nhk/install/moveit_servo:/home/a/ws_nhk/install/moveit_ros:/home/a/ws_nhk/install/moveit_ros_visualization:/home/a/ws_nhk/install/moveit_hybrid_planning:/home/a/ws_nhk/install/moveit_ros_planning_interface:/home/a/ws_nhk/install/moveit_resources_prbt_pg70_support:/home/a/ws_nhk/install/moveit_resources_prbt_moveit_config:/home/a/ws_nhk/install/moveit_ros_move_group:/home/a/ws_nhk/install/moveit_kinematics:/home/a/ws_nhk/install/trac_ik:/home/a/ws_nhk/install/trac_ik_kinematics_plugin:/home/a/ws_nhk/install/trac_ik_lib:/home/a/ws_nhk/install/stm32_mavlink_udp:/home/a/ws_nhk/install/mavlink_wizard:/home/a/ws_nhk/install/stm32_mavlink_uart:/home/a/ws_nhk/install/stm32_mavlink_msgs:/home/a/ws_nhk/install/pilz_industrial_motion_planner_testutils:/home/a/ws_nhk/install/moveit_visual_tools:/home/a/ws_nhk/install/moveit_ros_control_interface:/home/a/ws_nhk/install/moveit_plugins:/home/a/ws_nhk/install/moveit_simple_controller_manager:/home/a/ws_nhk/install/moveit_ros_benchmarks:/home/a/ws_nhk/install/moveit_ros_warehouse:/home/a/ws_nhk/install/moveit_ros_robot_interaction:/home/a/ws_nhk/install/moveit_ros_perception:/home/a/ws_nhk/install/moveit_planners_ompl:/home/a/ws_nhk/install/moveit_ros_planning:/home/a/ws_nhk/install/moveit_ros_occupancy_map_monitor:/home/a/ws_nhk/install/moveit_resources_prbt_ikfast_manipulator_plugin:/home/a/ws_nhk/install/moveit_planners_chomp:/home/a/ws_nhk/install/moveit_chomp_optimizer_adapter:/home/a/ws_nhk/install/chomp_motion_planner:/home/a/ws_nhk/install/moveit_core:/home/a/ws_nhk/install/rviz_marker_tools:/home/a/ws_nhk/install/rosparam_shortcuts:/home/a/ws_nhk/install/r2_odrive:/home/a/ws_nhk/install/rogidrive_msg:/home/a/ws_nhk/install/nhk_bt:/home/a/ws_nhk/install/moveit_task_constructor_msgs:/home/a/ws_nhk/install/moveit_resources_prbt_support:/home/a/ws_nhk/install/moveit_resources:/home/a/ws_nhk/install/moveit_resources_fanuc_moveit_config:/home/a/ws_nhk/install/moveit_resources_fanuc_description:/home/a/ws_nhk/install/dynamixel_sdk_examples:/home/a/ws_nhk/install/dynamixel_sdk_custom_interfaces:/home/a/ws_nhk/install/dynamixel_controller:/home/a/ws_nhk/install/dynamixel_sdk:/home/a/ws_nhk/install/arm_v20_description:/home/a/ws_nhk/install/arm_module_description:/home/a/ws_nhk/install/a_r2_description:/home/a/install/field_description_test:/home/a/ws_nhk/install/ikeyaMD_wizard:/home/a/ws_nhk/install/moveit_configs_utils:/home/a/ws_nhk/install/rogidrive:/home/a/ws_nhk/install/launch_param_builder:/home/a/ws_nhk/install/dynamixel_controller_gui:/home/a/ws_nhk/install/dynamixel_controller_client:/opt/ros/humble LD_LIBRARY_PATH=/home/a/ws_nhk/install/srdfdom/lib:/usr/local/lib:/home/a/ws_nhk/install/pilz_industrial_motion_planner/lib:/home/a/ws_nhk/install/moveit_task_constructor_visualization/lib:/home/a/ws_nhk/install/moveit_task_constructor_demo/lib:/home/a/ws_nhk/install/moveit_task_constructor_capabilities/lib:/home/a/ws_nhk/install/moveit_task_constructor_core/lib:/home/a/ws_nhk/install/moveit_setup_assistant/lib:/home/a/ws_nhk/install/moveit_setup_srdf_plugins/lib:/home/a/ws_nhk/install/moveit_setup_core_plugins/lib:/home/a/ws_nhk/install/moveit_setup_controllers/lib:/home/a/ws_nhk/install/moveit_setup_app_plugins/lib:/home/a/ws_nhk/install/moveit_setup_framework/lib:/home/a/ws_nhk/install/moveit_servo/lib:/home/a/ws_nhk/install/moveit_ros_visualization/lib:/home/a/ws_nhk/install/moveit_hybrid_planning/lib:/home/a/ws_nhk/install/moveit_ros_planning_interface/lib:/home/a/ws_nhk/install/moveit_ros_move_group/lib:/home/a/ws_nhk/install/moveit_kinematics/lib:/home/a/ws_nhk/install/trac_ik_kinematics_plugin/lib:/home/a/ws_nhk/install/trac_ik_lib/lib:/home/a/ws_nhk/install/stm32_mavlink_msgs/lib:/home/a/ws_nhk/install/pilz_industrial_motion_planner_testutils/lib:/home/a/ws_nhk/install/moveit_visual_tools/lib:/home/a/ws_nhk/install/moveit_ros_control_interface/lib:/home/a/ws_nhk/install/moveit_simple_controller_manager/lib:/home/a/ws_nhk/install/moveit_ros_benchmarks/lib:/home/a/ws_nhk/install/moveit_ros_warehouse/lib:/home/a/ws_nhk/install/moveit_ros_robot_interaction/lib:/home/a/ws_nhk/install/moveit_ros_perception/lib:/home/a/ws_nhk/install/moveit_planners_ompl/lib:/home/a/ws_nhk/install/moveit_ros_planning/lib:/home/a/ws_nhk/install/moveit_ros_occupancy_map_monitor/lib:/home/a/ws_nhk/install/moveit_resources_prbt_ikfast_manipulator_plugin/lib:/home/a/ws_nhk/install/moveit_planners_chomp/lib:/home/a/ws_nhk/install/moveit_chomp_optimizer_adapter/lib:/home/a/ws_nhk/install/chomp_motion_planner/lib:/home/a/ws_nhk/install/moveit_core/lib:/home/a/ws_nhk/install/rviz_marker_tools/lib:/home/a/ws_nhk/install/rosparam_shortcuts/lib:/home/a/ws_nhk/install/rogidrive_msg/lib:/home/a/ws_nhk/install/moveit_task_constructor_msgs/lib:/home/a/ws_nhk/install/dynamixel_sdk_custom_interfaces/lib:/home/a/ws_nhk/install/dynamixel_controller/lib:/home/a/ws_nhk/install/dynamixel_sdk/lib:/usr/lib/x86_64-linux-gnu/gazebo-11/plugins:/opt/ros/humble/opt/rviz_ogre_vendor/lib:/opt/ros/humble/lib/x86_64-linux-gnu:/opt/ros/humble/lib /usr/bin/cmake /home/a/ws_nhk/src/moveit2/moveit_core -DCMAKE_BUILD_TYPE=Release -DCMAKE_INSTALL_PREFIX=/home/a/ws_nhk/install/moveit_core
[0.023s] -- Found moveit_common: 2.5.9 (/home/a/ws_nhk/install/moveit_common/share/moveit_common/cmake)
[0.023s] -- Found ament_cmake: 1.3.12 (/opt/ros/humble/share/ament_cmake/cmake)
[0.159s] -- Found angles: 1.15.0 (/opt/ros/humble/share/angles/cmake)
[0.177s] -- Found common_interfaces: 4.9.0 (/opt/ros/humble/share/common_interfaces/cmake)
[0.177s] -- Found eigen_stl_containers: 1.1.0 (/opt/ros/humble/share/eigen_stl_containers/cmake)
[0.178s] -- Found eigen3_cmake_module: 0.1.1 (/opt/ros/humble/share/eigen3_cmake_module/cmake)
[0.180s] -- Found generate_parameter_library: 0.6.0 (/opt/ros/humble/share/generate_parameter_library/cmake)
[0.180s] -- Found parameter_traits: 0.6.0 (/opt/ros/humble/share/parameter_traits/cmake)
[0.193s] -- Found rosidl_generator_c: 3.1.8 (/opt/ros/humble/share/rosidl_generator_c/cmake)
[0.194s] -- Found rosidl_adapter: 3.1.8 (/opt/ros/humble/share/rosidl_adapter/cmake)
[0.198s] -- Found rosidl_generator_cpp: 3.1.8 (/opt/ros/humble/share/rosidl_generator_cpp/cmake)
[0.205s] -- Using all available rosidl_typesupport_c: rosidl_typesupport_fastrtps_c;rosidl_typesupport_introspection_c
[0.213s] -- Using all available rosidl_typesupport_cpp: rosidl_typesupport_fastrtps_cpp;rosidl_typesupport_introspection_cpp
[0.234s] -- Found rmw_implementation_cmake: 6.1.2 (/opt/ros/humble/share/rmw_implementation_cmake/cmake)
[0.236s] -- Found rmw_fastrtps_cpp: 6.2.9 (/opt/ros/humble/share/rmw_fastrtps_cpp/cmake)
[0.321s] -- Using RMW implementation 'rmw_fastrtps_cpp' as default
[0.353s] -- Found rclcpp_lifecycle: 16.0.17 (/opt/ros/humble/share/rclcpp_lifecycle/cmake)
[0.362s] -- Found geometric_shapes: 2.3.2 (/opt/ros/humble/share/geometric_shapes/cmake)
[0.365s] -- Found Boost: /usr/lib/x86_64-linux-gnu/cmake/Boost-1.74.0/BoostConfig.cmake (found version "1.74.0") found components: filesystem 
[0.407s] -- library: /usr/lib/x86_64-linux-gnu/libcurl.so
[0.436s] -- Found kdl_parser: 2.6.4 (/opt/ros/humble/share/kdl_parser/cmake)
[0.438s] -- Ensuring Eigen3 include directory is part of orocos-kdl CMake target
[0.439s] -- Found moveit_msgs: 2.2.1 (/opt/ros/humble/share/moveit_msgs/cmake)
[0.501s] -- Found pluginlib: 5.1.3 (/opt/ros/humble/share/pluginlib/cmake)
[0.513s] -- Found srdfdom: 2.0.8 (/home/a/ws_nhk/install/srdfdom/share/srdfdom/cmake)
[0.516s] -- Found tf2_eigen: 0.25.18 (/opt/ros/humble/share/tf2_eigen/cmake)
[0.552s] -- Found tf2_geometry_msgs: 0.25.18 (/opt/ros/humble/share/tf2_geometry_msgs/cmake)
[0.554s] -- Found tf2_kdl: 0.25.18 (/opt/ros/humble/share/tf2_kdl/cmake)
[0.565s] -- Found Boost: /usr/lib/x86_64-linux-gnu/cmake/Boost-1.74.0/BoostConfig.cmake (found version "1.74.0") found components: chrono date_time filesystem iostreams program_options regex serialization system thread 
[0.566s] --  *** Building MoveIt 2.5.9-Alpha ***
[0.579s] -- Found ament_cmake_gtest: 1.3.12 (/opt/ros/humble/share/ament_cmake_gtest/cmake)
[0.579s] -- Found gtest sources under '/opt/ros/humble/src/gtest_vendor': C++ tests using 'Google Test' will be built
[0.598s] -- Found ament_cmake_gmock: 1.3.12 (/opt/ros/humble/share/ament_cmake_gmock/cmake)
[0.600s] -- Found gmock sources under '/opt/ros/humble/src/gmock_vendor': C++ tests using 'Google Mock' will be built
[0.602s] -- Found ament_cmake_gtest: 1.3.12 (/opt/ros/humble/share/ament_cmake_gtest/cmake)
[0.602s] -- Found gtest sources under '/opt/ros/humble/src/gtest_vendor': C++ tests using 'Google Test' will be built
[0.621s] -- Found ament_cmake_gtest: 1.3.12 (/opt/ros/humble/share/ament_cmake_gtest/cmake)
[0.622s] -- Found gtest sources under '/opt/ros/humble/src/gtest_vendor': C++ tests using 'Google Test' will be built
[0.667s] -- Found ament_cmake_gtest: 1.3.12 (/opt/ros/humble/share/ament_cmake_gtest/cmake)
[0.668s] -- Found gtest sources under '/opt/ros/humble/src/gtest_vendor': C++ tests using 'Google Test' will be built
[0.682s] -- Found ament_lint_auto: 0.12.14 (/opt/ros/humble/share/ament_lint_auto/cmake)
[0.682s] -- Found ament_cmake_gtest: 1.3.12 (/opt/ros/humble/share/ament_cmake_gtest/cmake)
[0.683s] -- Found gtest sources under '/opt/ros/humble/src/gtest_vendor': C++ tests using 'Google Test' will be built
[0.712s] -- Found ament_cmake_gtest: 1.3.12 (/opt/ros/humble/share/ament_cmake_gtest/cmake)
[0.713s] -- Found gtest sources under '/opt/ros/humble/src/gtest_vendor': C++ tests using 'Google Test' will be built
[0.739s] -- Found ament_cmake_gtest: 1.3.12 (/opt/ros/humble/share/ament_cmake_gtest/cmake)
[0.739s] -- Found gtest sources under '/opt/ros/humble/src/gtest_vendor': C++ tests using 'Google Test' will be built
[0.756s] -- Found ament_cmake_gtest: 1.3.12 (/opt/ros/humble/share/ament_cmake_gtest/cmake)
[0.756s] -- Found gmock sources under '/opt/ros/humble/src/gmock_vendor': C++ tests using 'Google Mock' will be built
[0.757s] -- Found gtest sources under '/opt/ros/humble/src/gtest_vendor': C++ tests using 'Google Test' will be built
[0.768s] -- Found gtest sources under '/opt/ros/humble/src/gtest_vendor': C++ tests using 'Google Test' will be built
[0.782s] -- Found gtest sources under '/opt/ros/humble/src/gtest_vendor': C++ tests using 'Google Test' will be built
[0.798s] -- Found ament_cmake_gtest: 1.3.12 (/opt/ros/humble/share/ament_cmake_gtest/cmake)
[0.799s] -- Found gtest sources under '/opt/ros/humble/src/gtest_vendor': C++ tests using 'Google Test' will be built
[0.835s] -- Found gtest sources under '/opt/ros/humble/src/gtest_vendor': C++ tests using 'Google Test' will be built
[0.860s] -- Found gtest sources under '/opt/ros/humble/src/gtest_vendor': C++ tests using 'Google Test' will be built
[0.879s] -- Found gtest sources under '/opt/ros/humble/src/gtest_vendor': C++ tests using 'Google Test' will be built
[0.883s] -- Found ament_lint_auto: 0.12.14 (/opt/ros/humble/share/ament_lint_auto/cmake)
[0.895s] -- Added test 'cppcheck' to perform static code analysis on C / C++ code
[0.896s] -- Configured cppcheck include dirs: /home/a/ws_nhk/src/moveit2/moveit_core/exceptions/include;/home/a/ws_nhk/src/moveit2/moveit_core/collision_detection/include;/home/a/ws_nhk/src/moveit2/moveit_core/collision_detection_fcl/include;/home/a/ws_nhk/src/moveit2/moveit_core/collision_detection_bullet/include;/home/a/ws_nhk/src/moveit2/moveit_core/constraint_samplers/include;/home/a/ws_nhk/src/moveit2/moveit_core/controller_manager/include;/home/a/ws_nhk/src/moveit2/moveit_core/distance_field/include;/home/a/ws_nhk/src/moveit2/moveit_core/collision_distance_field/include;/home/a/ws_nhk/src/moveit2/moveit_core/dynamics_solver/include;/home/a/ws_nhk/src/moveit2/moveit_core/kinematics_base/include;/home/a/ws_nhk/src/moveit2/moveit_core/kinematics_metrics/include;/home/a/ws_nhk/src/moveit2/moveit_core/robot_model/include;/home/a/ws_nhk/src/moveit2/moveit_core/transforms/include;/home/a/ws_nhk/src/moveit2/moveit_core/robot_state/include;/home/a/ws_nhk/src/moveit2/moveit_core/robot_trajectory/include;/home/a/ws_nhk/src/moveit2/moveit_core/kinematic_constraints/include;/home/a/ws_nhk/src/moveit2/moveit_core/macros/include;/home/a/ws_nhk/src/moveit2/moveit_core/online_signal_smoothing/include;/home/a/ws_nhk/src/moveit2/moveit_core/planning_interface/include;/home/a/ws_nhk/src/moveit2/moveit_core/planning_request_adapter/include;/home/a/ws_nhk/src/moveit2/moveit_core/planning_scene/include;/home/a/ws_nhk/src/moveit2/moveit_core/sensor_manager/include;/home/a/ws_nhk/src/moveit2/moveit_core/trajectory_processing/include;/home/a/ws_nhk/src/moveit2/moveit_core/utils/include
[0.896s] -- Configured cppcheck exclude dirs and/or files: 
[0.897s] -- Added test 'pep257' to check Python code against some of the docstring style conventions in PEP 257
[0.898s] -- Added test 'xmllint' to check XML markup files
[0.899s] -- Configuring done
[1.216s] -- Generating done
[1.321s] -- Build files have been written to: /home/a/ws_nhk/build/moveit_core
[1.347s] Invoked command in '/home/a/ws_nhk/build/moveit_core' returned '0': CMAKE_PREFIX_PATH=/home/a/ws_nhk/install/moveit_resources_panda_moveit_config:/home/a/ws_nhk/install/srdfdom:/home/a/ws_nhk/install/moveit_resources_pr2_description:/home/a/ws_nhk/install/moveit_resources_panda_description:/home/a/ws_nhk/install/moveit_common:/home/a/ws_nhk/install/sakai_r2_config:/home/a/ws_nhk/install/moveit_runtime:/home/a/ws_nhk/install/moveit_r2_config:/home/a/ws_nhk/install/moveit_config:/home/a/ws_nhk/install/moveit2_tutorials:/home/a/ws_nhk/install/moveit:/home/a/ws_nhk/install/moveit_planners:/home/a/ws_nhk/install/pilz_industrial_motion_planner:/home/a/ws_nhk/install/moveit_task_constructor_visualization:/home/a/ws_nhk/install/moveit_task_constructor_demo:/home/a/ws_nhk/install/moveit_task_constructor_capabilities:/home/a/ws_nhk/install/moveit_task_constructor_core:/home/a/ws_nhk/install/moveit_setup_assistant:/home/a/ws_nhk/install/moveit_setup_srdf_plugins:/home/a/ws_nhk/install/moveit_setup_core_plugins:/home/a/ws_nhk/install/moveit_setup_controllers:/home/a/ws_nhk/install/moveit_setup_app_plugins:/home/a/ws_nhk/install/moveit_setup_framework:/home/a/ws_nhk/install/moveit_servo:/home/a/ws_nhk/install/moveit_ros:/home/a/ws_nhk/install/moveit_ros_visualization:/home/a/ws_nhk/install/moveit_hybrid_planning:/home/a/ws_nhk/install/moveit_ros_planning_interface:/home/a/ws_nhk/install/moveit_resources_prbt_pg70_support:/home/a/ws_nhk/install/moveit_resources_prbt_moveit_config:/home/a/ws_nhk/install/moveit_ros_move_group:/home/a/ws_nhk/install/moveit_kinematics:/home/a/ws_nhk/install/trac_ik:/home/a/ws_nhk/install/trac_ik_kinematics_plugin:/home/a/ws_nhk/install/trac_ik_lib:/home/a/ws_nhk/install/stm32_mavlink_udp:/home/a/ws_nhk/install/mavlink_wizard:/home/a/ws_nhk/install/stm32_mavlink_uart:/home/a/ws_nhk/install/stm32_mavlink_msgs:/home/a/ws_nhk/install/pilz_industrial_motion_planner_testutils:/home/a/ws_nhk/install/moveit_visual_tools:/home/a/ws_nhk/install/moveit_ros_control_interface:/home/a/ws_nhk/install/moveit_plugins:/home/a/ws_nhk/install/moveit_simple_controller_manager:/home/a/ws_nhk/install/moveit_ros_benchmarks:/home/a/ws_nhk/install/moveit_ros_warehouse:/home/a/ws_nhk/install/moveit_ros_robot_interaction:/home/a/ws_nhk/install/moveit_ros_perception:/home/a/ws_nhk/install/moveit_planners_ompl:/home/a/ws_nhk/install/moveit_ros_planning:/home/a/ws_nhk/install/moveit_ros_occupancy_map_monitor:/home/a/ws_nhk/install/moveit_resources_prbt_ikfast_manipulator_plugin:/home/a/ws_nhk/install/moveit_planners_chomp:/home/a/ws_nhk/install/moveit_chomp_optimizer_adapter:/home/a/ws_nhk/install/chomp_motion_planner:/home/a/ws_nhk/install/moveit_core:/home/a/ws_nhk/install/rviz_marker_tools:/home/a/ws_nhk/install/rosparam_shortcuts:/home/a/ws_nhk/install/r2_odrive:/home/a/ws_nhk/install/rogidrive_msg:/home/a/ws_nhk/install/nhk_bt:/home/a/ws_nhk/install/moveit_task_constructor_msgs:/home/a/ws_nhk/install/moveit_resources_prbt_support:/home/a/ws_nhk/install/moveit_resources:/home/a/ws_nhk/install/moveit_resources_fanuc_moveit_config:/home/a/ws_nhk/install/moveit_resources_fanuc_description:/home/a/ws_nhk/install/dynamixel_sdk_examples:/home/a/ws_nhk/install/dynamixel_sdk_custom_interfaces:/home/a/ws_nhk/install/dynamixel_controller:/home/a/ws_nhk/install/dynamixel_sdk:/home/a/ws_nhk/install/arm_v20_description:/home/a/ws_nhk/install/arm_module_description:/home/a/ws_nhk/install/a_r2_description:/home/a/install/field_description_test:/home/a/ws_nhk/install/ikeyaMD_wizard:/home/a/ws_nhk/install/moveit_configs_utils:/home/a/ws_nhk/install/rogidrive:/home/a/ws_nhk/install/launch_param_builder:/home/a/ws_nhk/install/dynamixel_controller_gui:/home/a/ws_nhk/install/dynamixel_controller_client:/opt/ros/humble LD_LIBRARY_PATH=/home/a/ws_nhk/install/srdfdom/lib:/usr/local/lib:/home/a/ws_nhk/install/pilz_industrial_motion_planner/lib:/home/a/ws_nhk/install/moveit_task_constructor_visualization/lib:/home/a/ws_nhk/install/moveit_task_constructor_demo/lib:/home/a/ws_nhk/install/moveit_task_constructor_capabilities/lib:/home/a/ws_nhk/install/moveit_task_constructor_core/lib:/home/a/ws_nhk/install/moveit_setup_assistant/lib:/home/a/ws_nhk/install/moveit_setup_srdf_plugins/lib:/home/a/ws_nhk/install/moveit_setup_core_plugins/lib:/home/a/ws_nhk/install/moveit_setup_controllers/lib:/home/a/ws_nhk/install/moveit_setup_app_plugins/lib:/home/a/ws_nhk/install/moveit_setup_framework/lib:/home/a/ws_nhk/install/moveit_servo/lib:/home/a/ws_nhk/install/moveit_ros_visualization/lib:/home/a/ws_nhk/install/moveit_hybrid_planning/lib:/home/a/ws_nhk/install/moveit_ros_planning_interface/lib:/home/a/ws_nhk/install/moveit_ros_move_group/lib:/home/a/ws_nhk/install/moveit_kinematics/lib:/home/a/ws_nhk/install/trac_ik_kinematics_plugin/lib:/home/a/ws_nhk/install/trac_ik_lib/lib:/home/a/ws_nhk/install/stm32_mavlink_msgs/lib:/home/a/ws_nhk/install/pilz_industrial_motion_planner_testutils/lib:/home/a/ws_nhk/install/moveit_visual_tools/lib:/home/a/ws_nhk/install/moveit_ros_control_interface/lib:/home/a/ws_nhk/install/moveit_simple_controller_manager/lib:/home/a/ws_nhk/install/moveit_ros_benchmarks/lib:/home/a/ws_nhk/install/moveit_ros_warehouse/lib:/home/a/ws_nhk/install/moveit_ros_robot_interaction/lib:/home/a/ws_nhk/install/moveit_ros_perception/lib:/home/a/ws_nhk/install/moveit_planners_ompl/lib:/home/a/ws_nhk/install/moveit_ros_planning/lib:/home/a/ws_nhk/install/moveit_ros_occupancy_map_monitor/lib:/home/a/ws_nhk/install/moveit_resources_prbt_ikfast_manipulator_plugin/lib:/home/a/ws_nhk/install/moveit_planners_chomp/lib:/home/a/ws_nhk/install/moveit_chomp_optimizer_adapter/lib:/home/a/ws_nhk/install/chomp_motion_planner/lib:/home/a/ws_nhk/install/moveit_core/lib:/home/a/ws_nhk/install/rviz_marker_tools/lib:/home/a/ws_nhk/install/rosparam_shortcuts/lib:/home/a/ws_nhk/install/rogidrive_msg/lib:/home/a/ws_nhk/install/moveit_task_constructor_msgs/lib:/home/a/ws_nhk/install/dynamixel_sdk_custom_interfaces/lib:/home/a/ws_nhk/install/dynamixel_controller/lib:/home/a/ws_nhk/install/dynamixel_sdk/lib:/usr/lib/x86_64-linux-gnu/gazebo-11/plugins:/opt/ros/humble/opt/rviz_ogre_vendor/lib:/opt/ros/humble/lib/x86_64-linux-gnu:/opt/ros/humble/lib /usr/bin/cmake /home/a/ws_nhk/src/moveit2/moveit_core -DCMAKE_BUILD_TYPE=Release -DCMAKE_INSTALL_PREFIX=/home/a/ws_nhk/install/moveit_core
[1.349s] Invoking command in '/home/a/ws_nhk/build/moveit_core': CMAKE_PREFIX_PATH=/home/a/ws_nhk/install/moveit_resources_panda_moveit_config:/home/a/ws_nhk/install/srdfdom:/home/a/ws_nhk/install/moveit_resources_pr2_description:/home/a/ws_nhk/install/moveit_resources_panda_description:/home/a/ws_nhk/install/moveit_common:/home/a/ws_nhk/install/sakai_r2_config:/home/a/ws_nhk/install/moveit_runtime:/home/a/ws_nhk/install/moveit_r2_config:/home/a/ws_nhk/install/moveit_config:/home/a/ws_nhk/install/moveit2_tutorials:/home/a/ws_nhk/install/moveit:/home/a/ws_nhk/install/moveit_planners:/home/a/ws_nhk/install/pilz_industrial_motion_planner:/home/a/ws_nhk/install/moveit_task_constructor_visualization:/home/a/ws_nhk/install/moveit_task_constructor_demo:/home/a/ws_nhk/install/moveit_task_constructor_capabilities:/home/a/ws_nhk/install/moveit_task_constructor_core:/home/a/ws_nhk/install/moveit_setup_assistant:/home/a/ws_nhk/install/moveit_setup_srdf_plugins:/home/a/ws_nhk/install/moveit_setup_core_plugins:/home/a/ws_nhk/install/moveit_setup_controllers:/home/a/ws_nhk/install/moveit_setup_app_plugins:/home/a/ws_nhk/install/moveit_setup_framework:/home/a/ws_nhk/install/moveit_servo:/home/a/ws_nhk/install/moveit_ros:/home/a/ws_nhk/install/moveit_ros_visualization:/home/a/ws_nhk/install/moveit_hybrid_planning:/home/a/ws_nhk/install/moveit_ros_planning_interface:/home/a/ws_nhk/install/moveit_resources_prbt_pg70_support:/home/a/ws_nhk/install/moveit_resources_prbt_moveit_config:/home/a/ws_nhk/install/moveit_ros_move_group:/home/a/ws_nhk/install/moveit_kinematics:/home/a/ws_nhk/install/trac_ik:/home/a/ws_nhk/install/trac_ik_kinematics_plugin:/home/a/ws_nhk/install/trac_ik_lib:/home/a/ws_nhk/install/stm32_mavlink_udp:/home/a/ws_nhk/install/mavlink_wizard:/home/a/ws_nhk/install/stm32_mavlink_uart:/home/a/ws_nhk/install/stm32_mavlink_msgs:/home/a/ws_nhk/install/pilz_industrial_motion_planner_testutils:/home/a/ws_nhk/install/moveit_visual_tools:/home/a/ws_nhk/install/moveit_ros_control_interface:/home/a/ws_nhk/install/moveit_plugins:/home/a/ws_nhk/install/moveit_simple_controller_manager:/home/a/ws_nhk/install/moveit_ros_benchmarks:/home/a/ws_nhk/install/moveit_ros_warehouse:/home/a/ws_nhk/install/moveit_ros_robot_interaction:/home/a/ws_nhk/install/moveit_ros_perception:/home/a/ws_nhk/install/moveit_planners_ompl:/home/a/ws_nhk/install/moveit_ros_planning:/home/a/ws_nhk/install/moveit_ros_occupancy_map_monitor:/home/a/ws_nhk/install/moveit_resources_prbt_ikfast_manipulator_plugin:/home/a/ws_nhk/install/moveit_planners_chomp:/home/a/ws_nhk/install/moveit_chomp_optimizer_adapter:/home/a/ws_nhk/install/chomp_motion_planner:/home/a/ws_nhk/install/moveit_core:/home/a/ws_nhk/install/rviz_marker_tools:/home/a/ws_nhk/install/rosparam_shortcuts:/home/a/ws_nhk/install/r2_odrive:/home/a/ws_nhk/install/rogidrive_msg:/home/a/ws_nhk/install/nhk_bt:/home/a/ws_nhk/install/moveit_task_constructor_msgs:/home/a/ws_nhk/install/moveit_resources_prbt_support:/home/a/ws_nhk/install/moveit_resources:/home/a/ws_nhk/install/moveit_resources_fanuc_moveit_config:/home/a/ws_nhk/install/moveit_resources_fanuc_description:/home/a/ws_nhk/install/dynamixel_sdk_examples:/home/a/ws_nhk/install/dynamixel_sdk_custom_interfaces:/home/a/ws_nhk/install/dynamixel_controller:/home/a/ws_nhk/install/dynamixel_sdk:/home/a/ws_nhk/install/arm_v20_description:/home/a/ws_nhk/install/arm_module_description:/home/a/ws_nhk/install/a_r2_description:/home/a/install/field_description_test:/home/a/ws_nhk/install/ikeyaMD_wizard:/home/a/ws_nhk/install/moveit_configs_utils:/home/a/ws_nhk/install/rogidrive:/home/a/ws_nhk/install/launch_param_builder:/home/a/ws_nhk/install/dynamixel_controller_gui:/home/a/ws_nhk/install/dynamixel_controller_client:/opt/ros/humble LD_LIBRARY_PATH=/home/a/ws_nhk/install/srdfdom/lib:/usr/local/lib:/home/a/ws_nhk/install/pilz_industrial_motion_planner/lib:/home/a/ws_nhk/install/moveit_task_constructor_visualization/lib:/home/a/ws_nhk/install/moveit_task_constructor_demo/lib:/home/a/ws_nhk/install/moveit_task_constructor_capabilities/lib:/home/a/ws_nhk/install/moveit_task_constructor_core/lib:/home/a/ws_nhk/install/moveit_setup_assistant/lib:/home/a/ws_nhk/install/moveit_setup_srdf_plugins/lib:/home/a/ws_nhk/install/moveit_setup_core_plugins/lib:/home/a/ws_nhk/install/moveit_setup_controllers/lib:/home/a/ws_nhk/install/moveit_setup_app_plugins/lib:/home/a/ws_nhk/install/moveit_setup_framework/lib:/home/a/ws_nhk/install/moveit_servo/lib:/home/a/ws_nhk/install/moveit_ros_visualization/lib:/home/a/ws_nhk/install/moveit_hybrid_planning/lib:/home/a/ws_nhk/install/moveit_ros_planning_interface/lib:/home/a/ws_nhk/install/moveit_ros_move_group/lib:/home/a/ws_nhk/install/moveit_kinematics/lib:/home/a/ws_nhk/install/trac_ik_kinematics_plugin/lib:/home/a/ws_nhk/install/trac_ik_lib/lib:/home/a/ws_nhk/install/stm32_mavlink_msgs/lib:/home/a/ws_nhk/install/pilz_industrial_motion_planner_testutils/lib:/home/a/ws_nhk/install/moveit_visual_tools/lib:/home/a/ws_nhk/install/moveit_ros_control_interface/lib:/home/a/ws_nhk/install/moveit_simple_controller_manager/lib:/home/a/ws_nhk/install/moveit_ros_benchmarks/lib:/home/a/ws_nhk/install/moveit_ros_warehouse/lib:/home/a/ws_nhk/install/moveit_ros_robot_interaction/lib:/home/a/ws_nhk/install/moveit_ros_perception/lib:/home/a/ws_nhk/install/moveit_planners_ompl/lib:/home/a/ws_nhk/install/moveit_ros_planning/lib:/home/a/ws_nhk/install/moveit_ros_occupancy_map_monitor/lib:/home/a/ws_nhk/install/moveit_resources_prbt_ikfast_manipulator_plugin/lib:/home/a/ws_nhk/install/moveit_planners_chomp/lib:/home/a/ws_nhk/install/moveit_chomp_optimizer_adapter/lib:/home/a/ws_nhk/install/chomp_motion_planner/lib:/home/a/ws_nhk/install/moveit_core/lib:/home/a/ws_nhk/install/rviz_marker_tools/lib:/home/a/ws_nhk/install/rosparam_shortcuts/lib:/home/a/ws_nhk/install/rogidrive_msg/lib:/home/a/ws_nhk/install/moveit_task_constructor_msgs/lib:/home/a/ws_nhk/install/dynamixel_sdk_custom_interfaces/lib:/home/a/ws_nhk/install/dynamixel_controller/lib:/home/a/ws_nhk/install/dynamixel_sdk/lib:/usr/lib/x86_64-linux-gnu/gazebo-11/plugins:/opt/ros/humble/opt/rviz_ogre_vendor/lib:/opt/ros/humble/lib/x86_64-linux-gnu:/opt/ros/humble/lib /usr/bin/cmake --build /home/a/ws_nhk/build/moveit_core -- -j22 -l22
[1.396s] [35m[1mConsolidate compiler generated dependencies of target gtest_main[0m
[1.396s] [35m[1mConsolidate compiler generated dependencies of target moveit_kinematics_base[0m
[1.396s] [35m[1mConsolidate compiler generated dependencies of target moveit_smoothing_base[0m
[1.396s] [35m[1mConsolidate compiler generated dependencies of target gtest[0m
[1.396s] [35m[1mConsolidate compiler generated dependencies of target moveit_utils[0m
[1.398s] [35m[1mConsolidate compiler generated dependencies of target moveit_version[0m
[1.399s] [35m[1mConsolidate compiler generated dependencies of target moveit_transforms[0m
[1.399s] [35m[1mConsolidate compiler generated dependencies of target moveit_exceptions[0m
[1.403s] [35m[1mConsolidate compiler generated dependencies of target gmock_main[0m
[1.403s] [35m[1mConsolidate compiler generated dependencies of target gmock[0m
[1.404s] [35m[1mConsolidate compiler generated dependencies of target moveit_distance_field[0m
[1.407s] [  1%] Built target gtest_main
[1.407s] [  2%] Built target gtest
[1.407s] [  3%] Built target moveit_version
[1.409s] [  4%] [32mBuilding CXX object online_signal_smoothing/CMakeFiles/moveit_smoothing_base.dir/src/smoothing_base_class.cpp.o[0m
[1.409s] [  7%] Built target moveit_utils
[1.410s] [  9%] Built target moveit_butterworth_parameters
[1.414s] [ 10%] Built target gmock_main
[1.414s] [ 11%] [32mBuilding CXX object kinematics_base/CMakeFiles/moveit_kinematics_base.dir/src/kinematics_base.cpp.o[0m
[1.416s] [ 13%] Built target gmock
[1.416s] [ 14%] Built target moveit_exceptions
[1.421s] [ 15%] [32mBuilding CXX object transforms/CMakeFiles/moveit_transforms.dir/src/transforms.cpp.o[0m
[1.426s] [ 15%] [32mBuilding CXX object distance_field/CMakeFiles/moveit_distance_field.dir/src/propagation_distance_field.cpp.o[0m
[1.428s] [ 16%] [32mBuilding CXX object distance_field/CMakeFiles/moveit_distance_field.dir/src/distance_field.cpp.o[0m
[1.429s] [ 17%] [32mBuilding CXX object distance_field/CMakeFiles/moveit_distance_field.dir/src/find_internal_points.cpp.o[0m
[3.395s] [ 17%] [32m[1mLinking CXX shared library libmoveit_smoothing_base.so[0m
[3.552s] [ 17%] Built target moveit_smoothing_base
[5.967s] [ 17%] [32m[1mLinking CXX shared library libmoveit_kinematics_base.so[0m
[6.291s] [ 17%] Built target moveit_kinematics_base
[6.349s] [35m[1mConsolidate compiler generated dependencies of target moveit_robot_model[0m
[6.450s] [ 18%] [32mBuilding CXX object robot_model/CMakeFiles/moveit_robot_model.dir/src/floating_joint_model.cpp.o[0m
[6.450s] [ 18%] [32mBuilding CXX object robot_model/CMakeFiles/moveit_robot_model.dir/src/fixed_joint_model.cpp.o[0m
[6.453s] [ 18%] [32mBuilding CXX object robot_model/CMakeFiles/moveit_robot_model.dir/src/aabb.cpp.o[0m
[6.458s] [ 19%] [32mBuilding CXX object robot_model/CMakeFiles/moveit_robot_model.dir/src/joint_model.cpp.o[0m
[6.460s] [ 19%] [32mBuilding CXX object robot_model/CMakeFiles/moveit_robot_model.dir/src/joint_model_group.cpp.o[0m
[6.462s] [ 20%] [32mBuilding CXX object robot_model/CMakeFiles/moveit_robot_model.dir/src/link_model.cpp.o[0m
[6.466s] [ 21%] [32mBuilding CXX object robot_model/CMakeFiles/moveit_robot_model.dir/src/planar_joint_model.cpp.o[0m
[6.469s] [ 22%] [32mBuilding CXX object robot_model/CMakeFiles/moveit_robot_model.dir/src/revolute_joint_model.cpp.o[0m
[6.470s] [ 22%] [32mBuilding CXX object robot_model/CMakeFiles/moveit_robot_model.dir/src/prismatic_joint_model.cpp.o[0m
[6.477s] [ 22%] [32mBuilding CXX object robot_model/CMakeFiles/moveit_robot_model.dir/src/robot_model.cpp.o[0m
[13.008s] [ 22%] [32m[1mLinking CXX shared library libmoveit_transforms.so[0m
[13.899s] [ 22%] Built target moveit_transforms
[13.955s] [35m[1mConsolidate compiler generated dependencies of target test_transforms[0m
[14.028s] [ 22%] [32mBuilding CXX object transforms/CMakeFiles/test_transforms.dir/test/test_transforms.cpp.o[0m
[20.136s] [ 23%] [32m[1mLinking CXX shared library libmoveit_distance_field.so[0m
[20.745s] [ 23%] Built target moveit_distance_field
[20.799s] [35m[1mConsolidate compiler generated dependencies of target test_voxel_grid[0m
[20.810s] [35m[1mConsolidate compiler generated dependencies of target test_distance_field[0m
[20.879s] [ 24%] [32mBuilding CXX object distance_field/CMakeFiles/test_voxel_grid.dir/test/test_voxel_grid.cpp.o[0m
[20.914s] [ 25%] [32mBuilding CXX object distance_field/CMakeFiles/test_distance_field.dir/test/test_distance_field.cpp.o[0m
[23.408s] [ 26%] [32m[1mLinking CXX executable test_transforms[0m
[23.858s] [ 26%] Built target test_transforms
[30.672s] [ 26%] [32m[1mLinking CXX executable test_voxel_grid[0m
[31.013s] [ 26%] Built target test_voxel_grid
[32.005s] [ 27%] [32m[1mLinking CXX shared library libmoveit_robot_model.so[0m
[32.267s] [ 27%] Built target moveit_robot_model
[32.294s] [35m[1mConsolidate compiler generated dependencies of target moveit_butterworth_filter[0m
[32.295s] [35m[1mConsolidate compiler generated dependencies of target moveit_test_utils[0m
[32.301s] [35m[1mConsolidate compiler generated dependencies of target moveit_robot_state[0m
[32.338s] [ 28%] [32mBuilding CXX object online_signal_smoothing/CMakeFiles/moveit_butterworth_filter.dir/src/butterworth_filter.cpp.o[0m
[32.340s] [ 29%] [32mBuilding CXX object utils/CMakeFiles/moveit_test_utils.dir/src/robot_model_test_utils.cpp.o[0m
[32.364s] [ 30%] [32mBuilding CXX object robot_state/CMakeFiles/moveit_robot_state.dir/src/robot_state.cpp.o[0m
[32.364s] [ 30%] [32mBuilding CXX object robot_state/CMakeFiles/moveit_robot_state.dir/src/cartesian_interpolator.cpp.o[0m
[32.367s] [ 31%] [32mBuilding CXX object robot_state/CMakeFiles/moveit_robot_state.dir/src/attached_body.cpp.o[0m
[32.374s] [ 31%] [32mBuilding CXX object robot_state/CMakeFiles/moveit_robot_state.dir/src/conversions.cpp.o[0m
[44.065s] [ 31%] [32m[1mLinking CXX executable test_distance_field[0m
[44.812s] [ 31%] Built target test_distance_field
[50.146s] [ 31%] [32m[1mLinking CXX shared library libmoveit_butterworth_filter.so[0m
[50.506s] [ 31%] Built target moveit_butterworth_filter
[50.544s] [35m[1mConsolidate compiler generated dependencies of target test_butterworth_filter[0m
[50.609s] [ 31%] [32mBuilding CXX object online_signal_smoothing/CMakeFiles/test_butterworth_filter.dir/test/test_butterworth_filter.cpp.o[0m
[55.975s] [ 32%] [32m[1mLinking CXX shared library libmoveit_test_utils.so[0m
[56.350s] [ 32%] Built target moveit_test_utils
[56.391s] [35m[1mConsolidate compiler generated dependencies of target test_robot_model[0m
[56.444s] [ 33%] [32mBuilding CXX object robot_model/CMakeFiles/test_robot_model.dir/test/test.cpp.o[0m
[62.537s] [ 34%] [32m[1mLinking CXX executable test_butterworth_filter[0m
[62.817s] [ 34%] Built target test_butterworth_filter
[65.702s] [ 34%] [32m[1mLinking CXX executable test_robot_model[0m
[66.051s] [ 34%] Built target test_robot_model
[70.847s] [ 35%] [32m[1mLinking CXX shared library libmoveit_robot_state.so[0m
[70.997s] [ 35%] Built target moveit_robot_state
[71.011s] [35m[1mConsolidate compiler generated dependencies of target test_robot_state_complex[0m
[71.012s] [35m[1mConsolidate compiler generated dependencies of target test_robot_state_benchmark[0m
[71.012s] [35m[1mConsolidate compiler generated dependencies of target test_cartesian_interpolator[0m
[71.012s] [35m[1mConsolidate compiler generated dependencies of target moveit_kinematics_metrics[0m
[71.012s] [35m[1mConsolidate compiler generated dependencies of target test_aabb[0m
[71.014s] [35m[1mConsolidate compiler generated dependencies of target test_robot_state[0m
[71.014s] [35m[1mConsolidate compiler generated dependencies of target moveit_dynamics_solver[0m
[71.015s] [35m[1mConsolidate compiler generated dependencies of target moveit_robot_trajectory[0m
[71.020s] [35m[1mConsolidate compiler generated dependencies of target moveit_collision_detection[0m
[71.035s] [ 36%] [32mBuilding CXX object kinematics_metrics/CMakeFiles/moveit_kinematics_metrics.dir/src/kinematics_metrics.cpp.o[0m
[71.035s] [ 36%] [32mBuilding CXX object robot_state/CMakeFiles/test_robot_state_benchmark.dir/test/robot_state_benchmark.cpp.o[0m
[71.036s] [ 36%] [32mBuilding CXX object dynamics_solver/CMakeFiles/moveit_dynamics_solver.dir/src/dynamics_solver.cpp.o[0m
[71.036s] [ 36%] [32mBuilding CXX object robot_state/CMakeFiles/test_robot_state_complex.dir/test/test_kinematic_complex.cpp.o[0m
[71.036s] [ 36%] [32mBuilding CXX object robot_state/CMakeFiles/test_aabb.dir/test/test_aabb.cpp.o[0m
[71.039s] [ 37%] [32mBuilding CXX object robot_state/CMakeFiles/test_cartesian_interpolator.dir/test/test_cartesian_interpolator.cpp.o[0m
[71.039s] [ 38%] [32mBuilding CXX object robot_state/CMakeFiles/test_robot_state.dir/test/robot_state_test.cpp.o[0m
[71.041s] [ 39%] [32mBuilding CXX object robot_trajectory/CMakeFiles/moveit_robot_trajectory.dir/src/robot_trajectory.cpp.o[0m
[71.064s] [ 39%] [32mBuilding CXX object collision_detection/CMakeFiles/moveit_collision_detection.dir/src/allvalid/collision_env_allvalid.cpp.o[0m
[71.064s] [ 40%] [32mBuilding CXX object collision_detection/CMakeFiles/moveit_collision_detection.dir/src/collision_common.cpp.o[0m
[71.064s] [ 41%] [32mBuilding CXX object collision_detection/CMakeFiles/moveit_collision_detection.dir/src/collision_matrix.cpp.o[0m
[71.064s] [ 41%] [32mBuilding CXX object collision_detection/CMakeFiles/moveit_collision_detection.dir/src/collision_tools.cpp.o[0m
[71.066s] [ 42%] [32mBuilding CXX object collision_detection/CMakeFiles/moveit_collision_detection.dir/src/world.cpp.o[0m
[71.066s] [ 42%] [32mBuilding CXX object collision_detection/CMakeFiles/moveit_collision_detection.dir/src/collision_octomap_filter.cpp.o[0m
[71.067s] [ 43%] [32mBuilding CXX object collision_detection/CMakeFiles/moveit_collision_detection.dir/src/world_diff.cpp.o[0m
[71.071s] [ 44%] [32mBuilding CXX object collision_detection/CMakeFiles/moveit_collision_detection.dir/src/collision_plugin_cache.cpp.o[0m
[71.072s] [ 44%] [32mBuilding CXX object collision_detection/CMakeFiles/moveit_collision_detection.dir/src/collision_env.cpp.o[0m
[106.428s] [ 45%] [32m[1mLinking CXX shared library libmoveit_dynamics_solver.so[0m
[106.746s] [ 45%] [32m[1mLinking CXX executable test_cartesian_interpolator[0m
[107.110s] [ 46%] [32m[1mLinking CXX executable test_robot_state_benchmark[0m
[107.236s] [ 46%] Built target moveit_dynamics_solver
[107.744s] [ 46%] Built target test_cartesian_interpolator
[108.100s] [ 46%] Built target test_robot_state_benchmark
[110.765s] [ 47%] [32m[1mLinking CXX executable test_aabb[0m
[110.866s] [ 47%] [32m[1mLinking CXX shared library libmoveit_robot_trajectory.so[0m
[111.473s] [ 47%] Built target moveit_robot_trajectory
[111.545s] [35m[1mConsolidate compiler generated dependencies of target test_robot_trajectory[0m
[111.550s] [35m[1mConsolidate compiler generated dependencies of target moveit_trajectory_processing[0m
[111.550s] [35m[1mConsolidate compiler generated dependencies of target moveit_planning_interface[0m
[111.602s] [ 47%] Built target test_aabb
[111.632s] [ 48%] [32mBuilding CXX object robot_trajectory/CMakeFiles/test_robot_trajectory.dir/test/test_robot_trajectory.cpp.o[0m
[111.657s] [ 49%] [32mBuilding CXX object planning_interface/CMakeFiles/moveit_planning_interface.dir/src/planning_response.cpp.o[0m
[111.658s] [ 50%] [32mBuilding CXX object planning_interface/CMakeFiles/moveit_planning_interface.dir/src/planning_interface.cpp.o[0m
[111.686s] [ 51%] [32mBuilding CXX object trajectory_processing/CMakeFiles/moveit_trajectory_processing.dir/src/iterative_spline_parameterization.cpp.o[0m
[111.688s] [ 52%] [32mBuilding CXX object trajectory_processing/CMakeFiles/moveit_trajectory_processing.dir/src/trajectory_tools.cpp.o[0m
[111.692s] [ 52%] [32mBuilding CXX object trajectory_processing/CMakeFiles/moveit_trajectory_processing.dir/src/iterative_time_parameterization.cpp.o[0m
[111.699s] [ 52%] [32mBuilding CXX object trajectory_processing/CMakeFiles/moveit_trajectory_processing.dir/src/time_optimal_trajectory_generation.cpp.o[0m
[111.703s] [ 52%] [32mBuilding CXX object trajectory_processing/CMakeFiles/moveit_trajectory_processing.dir/src/ruckig_traj_smoothing.cpp.o[0m
[114.700s] [ 53%] [32m[1mLinking CXX executable test_robot_state_complex[0m
[115.622s] [ 53%] Built target test_robot_state_complex
[128.286s] [ 54%] [32m[1mLinking CXX executable test_robot_state[0m
[129.493s] [ 54%] Built target test_robot_state
[132.720s] [ 54%] [32m[1mLinking CXX shared library libmoveit_collision_detection.so[0m
[133.513s] [ 54%] Built target moveit_collision_detection
[133.587s] [35m[1mConsolidate compiler generated dependencies of target test_world_diff[0m
[133.587s] [35m[1mConsolidate compiler generated dependencies of target moveit_collision_detection_fcl[0m
[133.588s] [35m[1mConsolidate compiler generated dependencies of target test_world[0m
[133.596s] [35m[1mConsolidate compiler generated dependencies of target test_all_valid[0m
[133.610s] [35m[1mConsolidate compiler generated dependencies of target moveit_collision_detection_bullet[0m
[133.662s] [ 55%] [32mBuilding CXX object collision_detection/CMakeFiles/test_world_diff.dir/test/test_world_diff.cpp.o[0m
[133.676s] [ 56%] [32mBuilding CXX object collision_detection/CMakeFiles/test_world.dir/test/test_world.cpp.o[0m
[133.716s] [ 57%] [32mBuilding CXX object collision_detection/CMakeFiles/test_all_valid.dir/test/test_all_valid.cpp.o[0m
[133.732s] [ 58%] [32mBuilding CXX object collision_detection_fcl/CMakeFiles/moveit_collision_detection_fcl.dir/src/collision_common.cpp.o[0m
[133.756s] [ 58%] [32mBuilding CXX object collision_detection_fcl/CMakeFiles/moveit_collision_detection_fcl.dir/src/collision_env_fcl.cpp.o[0m
[133.806s] [ 59%] [32mBuilding CXX object collision_detection_bullet/CMakeFiles/moveit_collision_detection_bullet.dir/src/bullet_integration/bullet_utils.cpp.o[0m
[133.835s] [ 59%] [32mBuilding CXX object collision_detection_bullet/CMakeFiles/moveit_collision_detection_bullet.dir/src/bullet_integration/bullet_cast_bvh_manager.cpp.o[0m
[133.836s] [ 60%] [32mBuilding CXX object collision_detection_bullet/CMakeFiles/moveit_collision_detection_bullet.dir/src/bullet_integration/bullet_discrete_bvh_manager.cpp.o[0m
[133.846s] [ 60%] [32mBuilding CXX object collision_detection_bullet/CMakeFiles/moveit_collision_detection_bullet.dir/src/bullet_integration/bullet_bvh_manager.cpp.o[0m
[133.846s] [ 61%] [32mBuilding CXX object collision_detection_bullet/CMakeFiles/moveit_collision_detection_bullet.dir/src/collision_env_bullet.cpp.o[0m
[133.863s] [ 62%] [32mBuilding CXX object collision_detection_bullet/CMakeFiles/moveit_collision_detection_bullet.dir/src/bullet_integration/contact_checker_common.cpp.o[0m
[133.864s] [ 63%] [32mBuilding CXX object collision_detection_bullet/CMakeFiles/moveit_collision_detection_bullet.dir/src/bullet_integration/ros_bullet_utils.cpp.o[0m
[150.371s] [ 63%] [32m[1mLinking CXX shared library libmoveit_kinematics_metrics.so[0m
[151.427s] [ 63%] Built target moveit_kinematics_metrics
[154.177s] [ 63%] [32m[1mLinking CXX shared library libmoveit_planning_interface.so[0m
[155.200s] [ 63%] Built target moveit_planning_interface
[163.639s] [ 63%] [32m[1mLinking CXX executable test_robot_trajectory[0m
[165.066s] [ 63%] Built target test_robot_trajectory
[166.290s] [ 64%] [32m[1mLinking CXX executable test_world_diff[0m
[167.450s] [ 64%] Built target test_world_diff
[168.888s] [ 65%] [32m[1mLinking CXX shared library libmoveit_trajectory_processing.so[0m
[169.549s] [ 65%] [32m[1mLinking CXX executable test_all_valid[0m
[169.563s] [ 65%] Built target moveit_trajectory_processing
[169.627s] [35m[1mConsolidate compiler generated dependencies of target test_time_parameterization[0m
[169.650s] [35m[1mConsolidate compiler generated dependencies of target test_time_optimal_trajectory_generation[0m
[169.650s] [35m[1mConsolidate compiler generated dependencies of target test_ruckig_traj_smoothing[0m
[169.725s] [ 65%] [32mBuilding CXX object trajectory_processing/CMakeFiles/test_time_parameterization.dir/test/test_time_parameterization.cpp.o[0m
[169.751s] [ 66%] [32mBuilding CXX object trajectory_processing/CMakeFiles/test_ruckig_traj_smoothing.dir/test/test_ruckig_traj_smoothing.cpp.o[0m
[169.754s] [ 67%] [32mBuilding CXX object trajectory_processing/CMakeFiles/test_time_optimal_trajectory_generation.dir/test/test_time_optimal_trajectory_generation.cpp.o[0m
[169.807s] [ 67%] [32m[1mLinking CXX executable test_world[0m
[170.513s] [ 67%] Built target test_all_valid
[170.746s] [ 67%] Built target test_world
[175.840s] [ 67%] [32m[1mLinking CXX shared library libmoveit_collision_detection_bullet.so[0m
[176.538s] [ 67%] Built target moveit_collision_detection_bullet
[176.590s] [35m[1mConsolidate compiler generated dependencies of target test_bullet_collision_detection_panda[0m
[176.592s] [35m[1mConsolidate compiler generated dependencies of target test_bullet_continuous_collision_checking[0m
[176.595s] [35m[1mConsolidate compiler generated dependencies of target test_bullet_collision_detection[0m
[176.679s] [ 68%] [32mBuilding CXX object collision_detection_bullet/CMakeFiles/test_bullet_collision_detection_panda.dir/test/test_bullet_collision_detection_panda.cpp.o[0m
[176.699s] [ 69%] [32mBuilding CXX object collision_detection_bullet/CMakeFiles/test_bullet_collision_detection.dir/test/test_bullet_collision_detection_pr2.cpp.o[0m
[176.704s] [ 69%] [32mBuilding CXX object collision_detection_bullet/CMakeFiles/test_bullet_continuous_collision_checking.dir/test/test_bullet_continuous_collision_checking.cpp.o[0m
[178.046s] [ 70%] [32m[1mLinking CXX shared library libmoveit_collision_detection_fcl.so[0m
[179.176s] [ 70%] Built target moveit_collision_detection_fcl
[179.266s] [35m[1mConsolidate compiler generated dependencies of target test_fcl_collision_env[0m
[179.267s] [35m[1mConsolidate compiler generated dependencies of target test_fcl_collision_detection_panda[0m
[179.267s] [35m[1mConsolidate compiler generated dependencies of target test_fcl_collision_detection[0m
[179.274s] [35m[1mConsolidate compiler generated dependencies of target moveit_kinematic_constraints[0m
[179.385s] [ 70%] [32mBuilding CXX object collision_detection_fcl/CMakeFiles/test_fcl_collision_env.dir/test/test_fcl_env.cpp.o[0m
[179.430s] [ 71%] [32mBuilding CXX object collision_detection_fcl/CMakeFiles/test_fcl_collision_detection_panda.dir/test/test_fcl_collision_detection_panda.cpp.o[0m
[179.431s] [ 72%] [32mBuilding CXX object collision_detection_fcl/CMakeFiles/test_fcl_collision_detection.dir/test/test_fcl_collision_detection_pr2.cpp.o[0m
[179.449s] [ 72%] [32mBuilding CXX object kinematic_constraints/CMakeFiles/moveit_kinematic_constraints.dir/src/utils.cpp.o[0m
[179.459s] [ 73%] [32mBuilding CXX object kinematic_constraints/CMakeFiles/moveit_kinematic_constraints.dir/src/kinematic_constraint.cpp.o[0m
[196.539s] [ 74%] [32m[1mLinking CXX executable test_time_parameterization[0m
[196.638s] [ 74%] [32m[1mLinking CXX executable test_ruckig_traj_smoothing[0m
[198.222s] [ 74%] Built target test_time_parameterization
[198.301s] [ 74%] Built target test_ruckig_traj_smoothing
[213.280s] [ 75%] [32m[1mLinking CXX executable test_time_optimal_trajectory_generation[0m
[213.514s] [ 76%] [32m[1mLinking CXX executable test_bullet_collision_detection_panda[0m
[214.604s] [ 76%] Built target test_bullet_collision_detection_panda
[214.616s] [ 76%] Built target test_time_optimal_trajectory_generation
[216.232s] [ 77%] [32m[1mLinking CXX executable test_fcl_collision_env[0m
[216.506s] [ 78%] [32m[1mLinking CXX executable test_bullet_continuous_collision_checking[0m
[217.037s] [ 79%] [32m[1mLinking CXX executable test_fcl_collision_detection_panda[0m
[217.250s] [ 79%] Built target test_fcl_collision_env
[217.648s] [ 79%] Built target test_bullet_continuous_collision_checking
[218.003s] [ 79%] Built target test_fcl_collision_detection_panda
[218.033s] [ 79%] [32m[1mLinking CXX executable test_fcl_collision_detection[0m
[218.880s] [ 79%] Built target test_fcl_collision_detection
[221.516s] [ 79%] [32m[1mLinking CXX executable test_bullet_collision_detection[0m
[221.947s] [ 79%] Built target test_bullet_collision_detection
[223.120s] [ 80%] [32m[1mLinking CXX shared library libmoveit_kinematic_constraints.so[0m
[223.350s] [ 80%] Built target moveit_kinematic_constraints
[223.372s] [35m[1mConsolidate compiler generated dependencies of target test_constraints[0m
[223.374s] [35m[1mConsolidate compiler generated dependencies of target test_orientation_constraints[0m
[223.375s] [35m[1mConsolidate compiler generated dependencies of target moveit_planning_scene[0m
[223.404s] [ 80%] [32mBuilding CXX object kinematic_constraints/CMakeFiles/test_constraints.dir/test/test_constraints.cpp.o[0m
[223.409s] [ 81%] [32mBuilding CXX object kinematic_constraints/CMakeFiles/test_orientation_constraints.dir/test/test_orientation_constraints.cpp.o[0m
[223.424s] [ 82%] [32mBuilding CXX object planning_scene/CMakeFiles/moveit_planning_scene.dir/src/planning_scene.cpp.o[0m
[238.060s] [ 82%] [32m[1mLinking CXX executable test_orientation_constraints[0m
[238.547s] [ 82%] Built target test_orientation_constraints
[240.674s] [ 83%] [32m[1mLinking CXX executable test_constraints[0m
[241.080s] [ 83%] Built target test_constraints
[246.444s] [ 84%] [32m[1mLinking CXX shared library libmoveit_planning_scene.so[0m
[246.621s] [ 84%] Built target moveit_planning_scene
[246.636s] [35m[1mConsolidate compiler generated dependencies of target test_collision_objects[0m
[246.636s] [35m[1mConsolidate compiler generated dependencies of target collision_detector_bullet_plugin[0m
[246.636s] [35m[1mConsolidate compiler generated dependencies of target test_planning_scene[0m
[246.638s] [35m[1mConsolidate compiler generated dependencies of target moveit_planning_request_adapter[0m
[246.638s] [35m[1mConsolidate compiler generated dependencies of target collision_detector_fcl_plugin[0m
[246.638s] [35m[1mConsolidate compiler generated dependencies of target test_multi_threaded[0m
[246.640s] [35m[1mConsolidate compiler generated dependencies of target moveit_collision_distance_field[0m
[246.643s] [35m[1mConsolidate compiler generated dependencies of target moveit_constraint_samplers[0m
[246.655s] [ 85%] [32mBuilding CXX object planning_scene/CMakeFiles/test_collision_objects.dir/test/test_collision_objects.cpp.o[0m
[246.659s] [ 85%] [32mBuilding CXX object collision_detection_bullet/CMakeFiles/collision_detector_bullet_plugin.dir/src/collision_detector_bullet_plugin_loader.cpp.o[0m
[246.663s] [ 86%] [32mBuilding CXX object planning_scene/CMakeFiles/test_planning_scene.dir/test/test_planning_scene.cpp.o[0m
[246.666s] [ 86%] [32mBuilding CXX object collision_detection_fcl/CMakeFiles/collision_detector_fcl_plugin.dir/src/collision_detector_fcl_plugin_loader.cpp.o[0m
[246.667s] [ 87%] [32mBuilding CXX object planning_scene/CMakeFiles/test_multi_threaded.dir/test/test_multi_threaded.cpp.o[0m
[246.667s] [ 87%] [32mBuilding CXX object planning_request_adapter/CMakeFiles/moveit_planning_request_adapter.dir/src/planning_request_adapter.cpp.o[0m
[246.674s] [ 87%] [32mBuilding CXX object constraint_samplers/CMakeFiles/moveit_constraint_samplers.dir/src/constraint_sampler_manager.cpp.o[0m
[246.675s] [ 87%] [32mBuilding CXX object collision_distance_field/CMakeFiles/moveit_collision_distance_field.dir/src/collision_common_distance_field.cpp.o[0m
[246.675s] [ 88%] [32mBuilding CXX object collision_distance_field/CMakeFiles/moveit_collision_distance_field.dir/src/collision_env_distance_field.cpp.o[0m
[246.676s] [ 89%] [32mBuilding CXX object constraint_samplers/CMakeFiles/moveit_constraint_samplers.dir/src/union_constraint_sampler.cpp.o[0m
[246.676s] [ 91%] [32mBuilding CXX object collision_distance_field/CMakeFiles/moveit_collision_distance_field.dir/src/collision_distance_field_types.cpp.o[0m
[246.676s] [ 91%] [32mBuilding CXX object constraint_samplers/CMakeFiles/moveit_constraint_samplers.dir/src/constraint_sampler.cpp.o[0m
[246.678s] [ 91%] [32mBuilding CXX object collision_distance_field/CMakeFiles/moveit_collision_distance_field.dir/src/collision_env_hybrid.cpp.o[0m
[246.680s] [ 91%] [32mBuilding CXX object constraint_samplers/CMakeFiles/moveit_constraint_samplers.dir/src/default_constraint_samplers.cpp.o[0m
[246.685s] [ 92%] [32mBuilding CXX object constraint_samplers/CMakeFiles/moveit_constraint_samplers.dir/src/constraint_sampler_tools.cpp.o[0m
[288.928s] [ 93%] [32m[1mLinking CXX executable test_multi_threaded[0m
[290.282s] [ 93%] Built target test_multi_threaded
[292.890s] [ 94%] [32m[1mLinking CXX shared library libcollision_detector_bullet_plugin.so[0m
[293.482s] [ 94%] [32m[1mLinking CXX shared library libmoveit_planning_request_adapter.so[0m
[293.684s] [ 94%] Built target collision_detector_bullet_plugin
[294.388s] [ 94%] Built target moveit_planning_request_adapter
[297.631s] [ 95%] [32m[1mLinking CXX shared library libcollision_detector_fcl_plugin.so[0m
[298.066s] [ 95%] Built target collision_detector_fcl_plugin
[299.743s] [ 95%] [32m[1mLinking CXX shared library libmoveit_constraint_samplers.so[0m
[300.141s] [ 95%] Built target moveit_constraint_samplers
[300.180s] [35m[1mConsolidate compiler generated dependencies of target test_constraint_samplers[0m
[300.263s] [ 96%] [32mBuilding CXX object constraint_samplers/CMakeFiles/test_constraint_samplers.dir/test/test_constraint_samplers.cpp.o[0m
[300.264s] [ 97%] [32mBuilding CXX object constraint_samplers/CMakeFiles/test_constraint_samplers.dir/test/pr2_arm_kinematics_plugin.cpp.o[0m
[300.268s] [ 97%] [32mBuilding CXX object constraint_samplers/CMakeFiles/test_constraint_samplers.dir/test/pr2_arm_ik.cpp.o[0m
[301.053s] [ 97%] [32m[1mLinking CXX executable test_collision_objects[0m
[301.790s] [ 97%] Built target test_collision_objects
[305.923s] [ 98%] [32m[1mLinking CXX shared library libmoveit_collision_distance_field.so[0m
[306.510s] [ 98%] Built target moveit_collision_distance_field
[306.563s] [35m[1mConsolidate compiler generated dependencies of target test_collision_distance_field[0m
[306.648s] [ 99%] [32mBuilding CXX object collision_distance_field/CMakeFiles/test_collision_distance_field.dir/test/test_collision_distance_field.cpp.o[0m
[312.022s] [ 99%] [32m[1mLinking CXX executable test_planning_scene[0m
[312.795s] [ 99%] Built target test_planning_scene
[324.795s] [100%] [32m[1mLinking CXX executable test_constraint_samplers[0m
[324.857s] [100%] [32m[1mLinking CXX executable test_collision_distance_field[0m
[325.248s] [100%] Built target test_collision_distance_field
[325.249s] [100%] Built target test_constraint_samplers
[325.267s] Invoked command in '/home/a/ws_nhk/build/moveit_core' returned '0': CMAKE_PREFIX_PATH=/home/a/ws_nhk/install/moveit_resources_panda_moveit_config:/home/a/ws_nhk/install/srdfdom:/home/a/ws_nhk/install/moveit_resources_pr2_description:/home/a/ws_nhk/install/moveit_resources_panda_description:/home/a/ws_nhk/install/moveit_common:/home/a/ws_nhk/install/sakai_r2_config:/home/a/ws_nhk/install/moveit_runtime:/home/a/ws_nhk/install/moveit_r2_config:/home/a/ws_nhk/install/moveit_config:/home/a/ws_nhk/install/moveit2_tutorials:/home/a/ws_nhk/install/moveit:/home/a/ws_nhk/install/moveit_planners:/home/a/ws_nhk/install/pilz_industrial_motion_planner:/home/a/ws_nhk/install/moveit_task_constructor_visualization:/home/a/ws_nhk/install/moveit_task_constructor_demo:/home/a/ws_nhk/install/moveit_task_constructor_capabilities:/home/a/ws_nhk/install/moveit_task_constructor_core:/home/a/ws_nhk/install/moveit_setup_assistant:/home/a/ws_nhk/install/moveit_setup_srdf_plugins:/home/a/ws_nhk/install/moveit_setup_core_plugins:/home/a/ws_nhk/install/moveit_setup_controllers:/home/a/ws_nhk/install/moveit_setup_app_plugins:/home/a/ws_nhk/install/moveit_setup_framework:/home/a/ws_nhk/install/moveit_servo:/home/a/ws_nhk/install/moveit_ros:/home/a/ws_nhk/install/moveit_ros_visualization:/home/a/ws_nhk/install/moveit_hybrid_planning:/home/a/ws_nhk/install/moveit_ros_planning_interface:/home/a/ws_nhk/install/moveit_resources_prbt_pg70_support:/home/a/ws_nhk/install/moveit_resources_prbt_moveit_config:/home/a/ws_nhk/install/moveit_ros_move_group:/home/a/ws_nhk/install/moveit_kinematics:/home/a/ws_nhk/install/trac_ik:/home/a/ws_nhk/install/trac_ik_kinematics_plugin:/home/a/ws_nhk/install/trac_ik_lib:/home/a/ws_nhk/install/stm32_mavlink_udp:/home/a/ws_nhk/install/mavlink_wizard:/home/a/ws_nhk/install/stm32_mavlink_uart:/home/a/ws_nhk/install/stm32_mavlink_msgs:/home/a/ws_nhk/install/pilz_industrial_motion_planner_testutils:/home/a/ws_nhk/install/moveit_visual_tools:/home/a/ws_nhk/install/moveit_ros_control_interface:/home/a/ws_nhk/install/moveit_plugins:/home/a/ws_nhk/install/moveit_simple_controller_manager:/home/a/ws_nhk/install/moveit_ros_benchmarks:/home/a/ws_nhk/install/moveit_ros_warehouse:/home/a/ws_nhk/install/moveit_ros_robot_interaction:/home/a/ws_nhk/install/moveit_ros_perception:/home/a/ws_nhk/install/moveit_planners_ompl:/home/a/ws_nhk/install/moveit_ros_planning:/home/a/ws_nhk/install/moveit_ros_occupancy_map_monitor:/home/a/ws_nhk/install/moveit_resources_prbt_ikfast_manipulator_plugin:/home/a/ws_nhk/install/moveit_planners_chomp:/home/a/ws_nhk/install/moveit_chomp_optimizer_adapter:/home/a/ws_nhk/install/chomp_motion_planner:/home/a/ws_nhk/install/moveit_core:/home/a/ws_nhk/install/rviz_marker_tools:/home/a/ws_nhk/install/rosparam_shortcuts:/home/a/ws_nhk/install/r2_odrive:/home/a/ws_nhk/install/rogidrive_msg:/home/a/ws_nhk/install/nhk_bt:/home/a/ws_nhk/install/moveit_task_constructor_msgs:/home/a/ws_nhk/install/moveit_resources_prbt_support:/home/a/ws_nhk/install/moveit_resources:/home/a/ws_nhk/install/moveit_resources_fanuc_moveit_config:/home/a/ws_nhk/install/moveit_resources_fanuc_description:/home/a/ws_nhk/install/dynamixel_sdk_examples:/home/a/ws_nhk/install/dynamixel_sdk_custom_interfaces:/home/a/ws_nhk/install/dynamixel_controller:/home/a/ws_nhk/install/dynamixel_sdk:/home/a/ws_nhk/install/arm_v20_description:/home/a/ws_nhk/install/arm_module_description:/home/a/ws_nhk/install/a_r2_description:/home/a/install/field_description_test:/home/a/ws_nhk/install/ikeyaMD_wizard:/home/a/ws_nhk/install/moveit_configs_utils:/home/a/ws_nhk/install/rogidrive:/home/a/ws_nhk/install/launch_param_builder:/home/a/ws_nhk/install/dynamixel_controller_gui:/home/a/ws_nhk/install/dynamixel_controller_client:/opt/ros/humble LD_LIBRARY_PATH=/home/a/ws_nhk/install/srdfdom/lib:/usr/local/lib:/home/a/ws_nhk/install/pilz_industrial_motion_planner/lib:/home/a/ws_nhk/install/moveit_task_constructor_visualization/lib:/home/a/ws_nhk/install/moveit_task_constructor_demo/lib:/home/a/ws_nhk/install/moveit_task_constructor_capabilities/lib:/home/a/ws_nhk/install/moveit_task_constructor_core/lib:/home/a/ws_nhk/install/moveit_setup_assistant/lib:/home/a/ws_nhk/install/moveit_setup_srdf_plugins/lib:/home/a/ws_nhk/install/moveit_setup_core_plugins/lib:/home/a/ws_nhk/install/moveit_setup_controllers/lib:/home/a/ws_nhk/install/moveit_setup_app_plugins/lib:/home/a/ws_nhk/install/moveit_setup_framework/lib:/home/a/ws_nhk/install/moveit_servo/lib:/home/a/ws_nhk/install/moveit_ros_visualization/lib:/home/a/ws_nhk/install/moveit_hybrid_planning/lib:/home/a/ws_nhk/install/moveit_ros_planning_interface/lib:/home/a/ws_nhk/install/moveit_ros_move_group/lib:/home/a/ws_nhk/install/moveit_kinematics/lib:/home/a/ws_nhk/install/trac_ik_kinematics_plugin/lib:/home/a/ws_nhk/install/trac_ik_lib/lib:/home/a/ws_nhk/install/stm32_mavlink_msgs/lib:/home/a/ws_nhk/install/pilz_industrial_motion_planner_testutils/lib:/home/a/ws_nhk/install/moveit_visual_tools/lib:/home/a/ws_nhk/install/moveit_ros_control_interface/lib:/home/a/ws_nhk/install/moveit_simple_controller_manager/lib:/home/a/ws_nhk/install/moveit_ros_benchmarks/lib:/home/a/ws_nhk/install/moveit_ros_warehouse/lib:/home/a/ws_nhk/install/moveit_ros_robot_interaction/lib:/home/a/ws_nhk/install/moveit_ros_perception/lib:/home/a/ws_nhk/install/moveit_planners_ompl/lib:/home/a/ws_nhk/install/moveit_ros_planning/lib:/home/a/ws_nhk/install/moveit_ros_occupancy_map_monitor/lib:/home/a/ws_nhk/install/moveit_resources_prbt_ikfast_manipulator_plugin/lib:/home/a/ws_nhk/install/moveit_planners_chomp/lib:/home/a/ws_nhk/install/moveit_chomp_optimizer_adapter/lib:/home/a/ws_nhk/install/chomp_motion_planner/lib:/home/a/ws_nhk/install/moveit_core/lib:/home/a/ws_nhk/install/rviz_marker_tools/lib:/home/a/ws_nhk/install/rosparam_shortcuts/lib:/home/a/ws_nhk/install/rogidrive_msg/lib:/home/a/ws_nhk/install/moveit_task_constructor_msgs/lib:/home/a/ws_nhk/install/dynamixel_sdk_custom_interfaces/lib:/home/a/ws_nhk/install/dynamixel_controller/lib:/home/a/ws_nhk/install/dynamixel_sdk/lib:/usr/lib/x86_64-linux-gnu/gazebo-11/plugins:/opt/ros/humble/opt/rviz_ogre_vendor/lib:/opt/ros/humble/lib/x86_64-linux-gnu:/opt/ros/humble/lib /usr/bin/cmake --build /home/a/ws_nhk/build/moveit_core -- -j22 -l22
[325.271s] Invoking command in '/home/a/ws_nhk/build/moveit_core': CMAKE_PREFIX_PATH=/home/a/ws_nhk/install/moveit_resources_panda_moveit_config:/home/a/ws_nhk/install/srdfdom:/home/a/ws_nhk/install/moveit_resources_pr2_description:/home/a/ws_nhk/install/moveit_resources_panda_description:/home/a/ws_nhk/install/moveit_common:/home/a/ws_nhk/install/sakai_r2_config:/home/a/ws_nhk/install/moveit_runtime:/home/a/ws_nhk/install/moveit_r2_config:/home/a/ws_nhk/install/moveit_config:/home/a/ws_nhk/install/moveit2_tutorials:/home/a/ws_nhk/install/moveit:/home/a/ws_nhk/install/moveit_planners:/home/a/ws_nhk/install/pilz_industrial_motion_planner:/home/a/ws_nhk/install/moveit_task_constructor_visualization:/home/a/ws_nhk/install/moveit_task_constructor_demo:/home/a/ws_nhk/install/moveit_task_constructor_capabilities:/home/a/ws_nhk/install/moveit_task_constructor_core:/home/a/ws_nhk/install/moveit_setup_assistant:/home/a/ws_nhk/install/moveit_setup_srdf_plugins:/home/a/ws_nhk/install/moveit_setup_core_plugins:/home/a/ws_nhk/install/moveit_setup_controllers:/home/a/ws_nhk/install/moveit_setup_app_plugins:/home/a/ws_nhk/install/moveit_setup_framework:/home/a/ws_nhk/install/moveit_servo:/home/a/ws_nhk/install/moveit_ros:/home/a/ws_nhk/install/moveit_ros_visualization:/home/a/ws_nhk/install/moveit_hybrid_planning:/home/a/ws_nhk/install/moveit_ros_planning_interface:/home/a/ws_nhk/install/moveit_resources_prbt_pg70_support:/home/a/ws_nhk/install/moveit_resources_prbt_moveit_config:/home/a/ws_nhk/install/moveit_ros_move_group:/home/a/ws_nhk/install/moveit_kinematics:/home/a/ws_nhk/install/trac_ik:/home/a/ws_nhk/install/trac_ik_kinematics_plugin:/home/a/ws_nhk/install/trac_ik_lib:/home/a/ws_nhk/install/stm32_mavlink_udp:/home/a/ws_nhk/install/mavlink_wizard:/home/a/ws_nhk/install/stm32_mavlink_uart:/home/a/ws_nhk/install/stm32_mavlink_msgs:/home/a/ws_nhk/install/pilz_industrial_motion_planner_testutils:/home/a/ws_nhk/install/moveit_visual_tools:/home/a/ws_nhk/install/moveit_ros_control_interface:/home/a/ws_nhk/install/moveit_plugins:/home/a/ws_nhk/install/moveit_simple_controller_manager:/home/a/ws_nhk/install/moveit_ros_benchmarks:/home/a/ws_nhk/install/moveit_ros_warehouse:/home/a/ws_nhk/install/moveit_ros_robot_interaction:/home/a/ws_nhk/install/moveit_ros_perception:/home/a/ws_nhk/install/moveit_planners_ompl:/home/a/ws_nhk/install/moveit_ros_planning:/home/a/ws_nhk/install/moveit_ros_occupancy_map_monitor:/home/a/ws_nhk/install/moveit_resources_prbt_ikfast_manipulator_plugin:/home/a/ws_nhk/install/moveit_planners_chomp:/home/a/ws_nhk/install/moveit_chomp_optimizer_adapter:/home/a/ws_nhk/install/chomp_motion_planner:/home/a/ws_nhk/install/moveit_core:/home/a/ws_nhk/install/rviz_marker_tools:/home/a/ws_nhk/install/rosparam_shortcuts:/home/a/ws_nhk/install/r2_odrive:/home/a/ws_nhk/install/rogidrive_msg:/home/a/ws_nhk/install/nhk_bt:/home/a/ws_nhk/install/moveit_task_constructor_msgs:/home/a/ws_nhk/install/moveit_resources_prbt_support:/home/a/ws_nhk/install/moveit_resources:/home/a/ws_nhk/install/moveit_resources_fanuc_moveit_config:/home/a/ws_nhk/install/moveit_resources_fanuc_description:/home/a/ws_nhk/install/dynamixel_sdk_examples:/home/a/ws_nhk/install/dynamixel_sdk_custom_interfaces:/home/a/ws_nhk/install/dynamixel_controller:/home/a/ws_nhk/install/dynamixel_sdk:/home/a/ws_nhk/install/arm_v20_description:/home/a/ws_nhk/install/arm_module_description:/home/a/ws_nhk/install/a_r2_description:/home/a/install/field_description_test:/home/a/ws_nhk/install/ikeyaMD_wizard:/home/a/ws_nhk/install/moveit_configs_utils:/home/a/ws_nhk/install/rogidrive:/home/a/ws_nhk/install/launch_param_builder:/home/a/ws_nhk/install/dynamixel_controller_gui:/home/a/ws_nhk/install/dynamixel_controller_client:/opt/ros/humble LD_LIBRARY_PATH=/home/a/ws_nhk/install/srdfdom/lib:/usr/local/lib:/home/a/ws_nhk/install/pilz_industrial_motion_planner/lib:/home/a/ws_nhk/install/moveit_task_constructor_visualization/lib:/home/a/ws_nhk/install/moveit_task_constructor_demo/lib:/home/a/ws_nhk/install/moveit_task_constructor_capabilities/lib:/home/a/ws_nhk/install/moveit_task_constructor_core/lib:/home/a/ws_nhk/install/moveit_setup_assistant/lib:/home/a/ws_nhk/install/moveit_setup_srdf_plugins/lib:/home/a/ws_nhk/install/moveit_setup_core_plugins/lib:/home/a/ws_nhk/install/moveit_setup_controllers/lib:/home/a/ws_nhk/install/moveit_setup_app_plugins/lib:/home/a/ws_nhk/install/moveit_setup_framework/lib:/home/a/ws_nhk/install/moveit_servo/lib:/home/a/ws_nhk/install/moveit_ros_visualization/lib:/home/a/ws_nhk/install/moveit_hybrid_planning/lib:/home/a/ws_nhk/install/moveit_ros_planning_interface/lib:/home/a/ws_nhk/install/moveit_ros_move_group/lib:/home/a/ws_nhk/install/moveit_kinematics/lib:/home/a/ws_nhk/install/trac_ik_kinematics_plugin/lib:/home/a/ws_nhk/install/trac_ik_lib/lib:/home/a/ws_nhk/install/stm32_mavlink_msgs/lib:/home/a/ws_nhk/install/pilz_industrial_motion_planner_testutils/lib:/home/a/ws_nhk/install/moveit_visual_tools/lib:/home/a/ws_nhk/install/moveit_ros_control_interface/lib:/home/a/ws_nhk/install/moveit_simple_controller_manager/lib:/home/a/ws_nhk/install/moveit_ros_benchmarks/lib:/home/a/ws_nhk/install/moveit_ros_warehouse/lib:/home/a/ws_nhk/install/moveit_ros_robot_interaction/lib:/home/a/ws_nhk/install/moveit_ros_perception/lib:/home/a/ws_nhk/install/moveit_planners_ompl/lib:/home/a/ws_nhk/install/moveit_ros_planning/lib:/home/a/ws_nhk/install/moveit_ros_occupancy_map_monitor/lib:/home/a/ws_nhk/install/moveit_resources_prbt_ikfast_manipulator_plugin/lib:/home/a/ws_nhk/install/moveit_planners_chomp/lib:/home/a/ws_nhk/install/moveit_chomp_optimizer_adapter/lib:/home/a/ws_nhk/install/chomp_motion_planner/lib:/home/a/ws_nhk/install/moveit_core/lib:/home/a/ws_nhk/install/rviz_marker_tools/lib:/home/a/ws_nhk/install/rosparam_shortcuts/lib:/home/a/ws_nhk/install/rogidrive_msg/lib:/home/a/ws_nhk/install/moveit_task_constructor_msgs/lib:/home/a/ws_nhk/install/dynamixel_sdk_custom_interfaces/lib:/home/a/ws_nhk/install/dynamixel_controller/lib:/home/a/ws_nhk/install/dynamixel_sdk/lib:/usr/lib/x86_64-linux-gnu/gazebo-11/plugins:/opt/ros/humble/opt/rviz_ogre_vendor/lib:/opt/ros/humble/lib/x86_64-linux-gnu:/opt/ros/humble/lib /usr/bin/cmake --install /home/a/ws_nhk/build/moveit_core
[325.288s] -- Install configuration: "Release"
[325.289s] -- Up-to-date: /home/a/ws_nhk/install/moveit_core/include/moveit/version.h
[325.289s] -- Up-to-date: /home/a/ws_nhk/install/moveit_core/include
[325.289s] -- Up-to-date: /home/a/ws_nhk/install/moveit_core/include/moveit
[325.289s] -- Up-to-date: /home/a/ws_nhk/install/moveit_core/include/moveit/collision_distance_field
[325.289s] -- Up-to-date: /home/a/ws_nhk/install/moveit_core/include/moveit/collision_distance_field/collision_distance_field_types.h
[325.289s] -- Up-to-date: /home/a/ws_nhk/install/moveit_core/include/moveit/collision_distance_field/collision_env_hybrid.h
[325.289s] -- Up-to-date: /home/a/ws_nhk/install/moveit_core/include/moveit/collision_distance_field/collision_common_distance_field.h
[325.290s] -- Up-to-date: /home/a/ws_nhk/install/moveit_core/include/moveit/collision_distance_field/collision_detector_allocator_distance_field.h
[325.290s] -- Up-to-date: /home/a/ws_nhk/install/moveit_core/include/moveit/collision_distance_field/collision_env_distance_field.h
[325.290s] -- Up-to-date: /home/a/ws_nhk/install/moveit_core/include/moveit/collision_distance_field/collision_detector_allocator_hybrid.h
[325.290s] -- Up-to-date: /home/a/ws_nhk/install/moveit_core/include/moveit_collision_distance_field_export.h
[325.290s] -- Up-to-date: /home/a/ws_nhk/install/moveit_core/include
[325.290s] -- Up-to-date: /home/a/ws_nhk/install/moveit_core/include/moveit
[325.290s] -- Up-to-date: /home/a/ws_nhk/install/moveit_core/include/moveit/constraint_samplers
[325.290s] -- Up-to-date: /home/a/ws_nhk/install/moveit_core/include/moveit/constraint_samplers/union_constraint_sampler.h
[325.290s] -- Up-to-date: /home/a/ws_nhk/install/moveit_core/include/moveit/constraint_samplers/default_constraint_samplers.h
[325.290s] -- Up-to-date: /home/a/ws_nhk/install/moveit_core/include/moveit/constraint_samplers/constraint_sampler_tools.h
[325.290s] -- Up-to-date: /home/a/ws_nhk/install/moveit_core/include/moveit/constraint_samplers/constraint_sampler_allocator.h
[325.290s] -- Up-to-date: /home/a/ws_nhk/install/moveit_core/include/moveit/constraint_samplers/constraint_sampler.h
[325.290s] -- Up-to-date: /home/a/ws_nhk/install/moveit_core/include/moveit/constraint_samplers/constraint_sampler_manager.h
[325.290s] -- Up-to-date: /home/a/ws_nhk/install/moveit_core/include
[325.291s] -- Up-to-date: /home/a/ws_nhk/install/moveit_core/include/moveit
[325.291s] -- Up-to-date: /home/a/ws_nhk/install/moveit_core/include/moveit/controller_manager
[325.291s] -- Up-to-date: /home/a/ws_nhk/install/moveit_core/include/moveit/controller_manager/controller_manager.h
[325.291s] -- Up-to-date: /home/a/ws_nhk/install/moveit_core/include
[325.291s] -- Up-to-date: /home/a/ws_nhk/install/moveit_core/include/moveit
[325.291s] -- Up-to-date: /home/a/ws_nhk/install/moveit_core/include/moveit/distance_field
[325.291s] -- Up-to-date: /home/a/ws_nhk/install/moveit_core/include/moveit/distance_field/voxel_grid.h
[325.291s] -- Up-to-date: /home/a/ws_nhk/install/moveit_core/include/moveit/distance_field/propagation_distance_field.h
[325.291s] -- Up-to-date: /home/a/ws_nhk/install/moveit_core/include/moveit/distance_field/find_internal_points.h
[325.291s] -- Up-to-date: /home/a/ws_nhk/install/moveit_core/include/moveit/distance_field/distance_field.h
[325.291s] -- Up-to-date: /home/a/ws_nhk/install/moveit_core/include
[325.291s] -- Up-to-date: /home/a/ws_nhk/install/moveit_core/include/moveit
[325.291s] -- Up-to-date: /home/a/ws_nhk/install/moveit_core/include/moveit/dynamics_solver
[325.291s] -- Up-to-date: /home/a/ws_nhk/install/moveit_core/include/moveit/dynamics_solver/dynamics_solver.h
[325.291s] -- Up-to-date: /home/a/ws_nhk/install/moveit_core/include
[325.292s] -- Up-to-date: /home/a/ws_nhk/install/moveit_core/include/moveit
[325.292s] -- Up-to-date: /home/a/ws_nhk/install/moveit_core/include/moveit/exceptions
[325.292s] -- Up-to-date: /home/a/ws_nhk/install/moveit_core/include/moveit/exceptions/exceptions.h
[325.292s] -- Up-to-date: /home/a/ws_nhk/install/moveit_core/include
[325.292s] -- Up-to-date: /home/a/ws_nhk/install/moveit_core/include/moveit
[325.292s] -- Up-to-date: /home/a/ws_nhk/install/moveit_core/include/moveit/kinematics_base
[325.292s] -- Up-to-date: /home/a/ws_nhk/install/moveit_core/include/moveit/kinematics_base/kinematics_base.h
[325.292s] -- Up-to-date: /home/a/ws_nhk/install/moveit_core/include/moveit_kinematics_base_export.h
[325.292s] -- Up-to-date: /home/a/ws_nhk/install/moveit_core/include
[325.292s] -- Up-to-date: /home/a/ws_nhk/install/moveit_core/include/moveit
[325.292s] -- Up-to-date: /home/a/ws_nhk/install/moveit_core/include/moveit/kinematic_constraints
[325.292s] -- Up-to-date: /home/a/ws_nhk/install/moveit_core/include/moveit/kinematic_constraints/utils.h
[325.292s] -- Up-to-date: /home/a/ws_nhk/install/moveit_core/include/moveit/kinematic_constraints/kinematic_constraint.h
[325.292s] -- Up-to-date: /home/a/ws_nhk/install/moveit_core/include
[325.292s] -- Up-to-date: /home/a/ws_nhk/install/moveit_core/include/moveit
[325.292s] -- Up-to-date: /home/a/ws_nhk/install/moveit_core/include/moveit/kinematics_metrics
[325.292s] -- Up-to-date: /home/a/ws_nhk/install/moveit_core/include/moveit/kinematics_metrics/kinematics_metrics.h
[325.293s] -- Up-to-date: /home/a/ws_nhk/install/moveit_core/include
[325.293s] -- Up-to-date: /home/a/ws_nhk/install/moveit_core/include/moveit
[325.293s] -- Up-to-date: /home/a/ws_nhk/install/moveit_core/include/moveit/macros
[325.293s] -- Up-to-date: /home/a/ws_nhk/install/moveit_core/include/moveit/macros/declare_ptr.h
[325.293s] -- Up-to-date: /home/a/ws_nhk/install/moveit_core/include/moveit/macros/deprecation.h
[325.293s] -- Up-to-date: /home/a/ws_nhk/install/moveit_core/include/moveit/macros/class_forward.h
[325.293s] -- Up-to-date: /home/a/ws_nhk/install/moveit_core/include/moveit/macros/console_colors.h
[325.293s] -- Up-to-date: /home/a/ws_nhk/install/moveit_core/include/moveit_core
[325.293s] -- Up-to-date: /home/a/ws_nhk/install/moveit_core/include/moveit_core/moveit_butterworth_parameters.hpp
[325.293s] -- Up-to-date: /home/a/ws_nhk/install/moveit_core/include
[325.294s] -- Up-to-date: /home/a/ws_nhk/install/moveit_core/include/moveit
[325.294s] -- Up-to-date: /home/a/ws_nhk/install/moveit_core/include/moveit/online_signal_smoothing
[325.294s] -- Up-to-date: /home/a/ws_nhk/install/moveit_core/include/moveit/online_signal_smoothing/smoothing_base_class.h
[325.294s] -- Up-to-date: /home/a/ws_nhk/install/moveit_core/include/moveit/online_signal_smoothing/butterworth_filter.h
[325.294s] -- Up-to-date: /home/a/ws_nhk/install/moveit_core/include/moveit_smoothing_base_export.h
[325.294s] -- Up-to-date: /home/a/ws_nhk/install/moveit_core/include/moveit_butterworth_filter_export.h
[325.294s] -- Up-to-date: /home/a/ws_nhk/install/moveit_core/include
[325.294s] -- Up-to-date: /home/a/ws_nhk/install/moveit_core/include/moveit
[325.294s] -- Up-to-date: /home/a/ws_nhk/install/moveit_core/include/moveit/planning_interface
[325.294s] -- Up-to-date: /home/a/ws_nhk/install/moveit_core/include/moveit/planning_interface/planning_request.h
[325.294s] -- Up-to-date: /home/a/ws_nhk/install/moveit_core/include/moveit/planning_interface/planning_interface.h
[325.294s] -- Up-to-date: /home/a/ws_nhk/install/moveit_core/include/moveit/planning_interface/planning_response.h
[325.294s] -- Up-to-date: /home/a/ws_nhk/install/moveit_core/include
[325.294s] -- Up-to-date: /home/a/ws_nhk/install/moveit_core/include/moveit
[325.294s] -- Up-to-date: /home/a/ws_nhk/install/moveit_core/include/moveit/planning_request_adapter
[325.294s] -- Up-to-date: /home/a/ws_nhk/install/moveit_core/include/moveit/planning_request_adapter/planning_request_adapter.h
[325.295s] -- Up-to-date: /home/a/ws_nhk/install/moveit_core/include
[325.295s] -- Up-to-date: /home/a/ws_nhk/install/moveit_core/include/moveit
[325.295s] -- Up-to-date: /home/a/ws_nhk/install/moveit_core/include/moveit/planning_scene
[325.295s] -- Up-to-date: /home/a/ws_nhk/install/moveit_core/include/moveit/planning_scene/planning_scene.h
[325.295s] -- Up-to-date: /home/a/ws_nhk/install/moveit_core/include/moveit_planning_scene_export.h
[325.295s] -- Up-to-date: /home/a/ws_nhk/install/moveit_core/include
[325.295s] -- Up-to-date: /home/a/ws_nhk/install/moveit_core/include/moveit
[325.295s] -- Up-to-date: /home/a/ws_nhk/install/moveit_core/include/moveit/robot_model
[325.295s] -- Up-to-date: /home/a/ws_nhk/install/moveit_core/include/moveit/robot_model/robot_model.h
[325.295s] -- Up-to-date: /home/a/ws_nhk/install/moveit_core/include/moveit/robot_model/link_model.h
[325.295s] -- Up-to-date: /home/a/ws_nhk/install/moveit_core/include/moveit/robot_model/floating_joint_model.h
[325.295s] -- Up-to-date: /home/a/ws_nhk/install/moveit_core/include/moveit/robot_model/joint_model.h
[325.295s] -- Up-to-date: /home/a/ws_nhk/install/moveit_core/include/moveit/robot_model/planar_joint_model.h
[325.296s] -- Up-to-date: /home/a/ws_nhk/install/moveit_core/include/moveit/robot_model/aabb.h
[325.296s] -- Up-to-date: /home/a/ws_nhk/install/moveit_core/include/moveit/robot_model/fixed_joint_model.h
[325.296s] -- Up-to-date: /home/a/ws_nhk/install/moveit_core/include/moveit/robot_model/prismatic_joint_model.h
[325.296s] -- Up-to-date: /home/a/ws_nhk/install/moveit_core/include/moveit/robot_model/revolute_joint_model.h
[325.296s] -- Up-to-date: /home/a/ws_nhk/install/moveit_core/include/moveit/robot_model/joint_model_group.h
[325.296s] -- Up-to-date: /home/a/ws_nhk/install/moveit_core/include
[325.296s] -- Up-to-date: /home/a/ws_nhk/install/moveit_core/include/moveit
[325.296s] -- Up-to-date: /home/a/ws_nhk/install/moveit_core/include/moveit/robot_state
[325.296s] -- Up-to-date: /home/a/ws_nhk/install/moveit_core/include/moveit/robot_state/robot_state.h
[325.296s] -- Up-to-date: /home/a/ws_nhk/install/moveit_core/include/moveit/robot_state/cartesian_interpolator.h
[325.296s] -- Up-to-date: /home/a/ws_nhk/install/moveit_core/include/moveit/robot_state/conversions.h
[325.296s] -- Up-to-date: /home/a/ws_nhk/install/moveit_core/include/moveit/robot_state/attached_body.h
[325.296s] -- Up-to-date: /home/a/ws_nhk/install/moveit_core/include
[325.296s] -- Up-to-date: /home/a/ws_nhk/install/moveit_core/include/moveit
[325.296s] -- Up-to-date: /home/a/ws_nhk/install/moveit_core/include/moveit/robot_trajectory
[325.296s] -- Up-to-date: /home/a/ws_nhk/install/moveit_core/include/moveit/robot_trajectory/robot_trajectory.h
[325.296s] -- Up-to-date: /home/a/ws_nhk/install/moveit_core/include
[325.297s] -- Up-to-date: /home/a/ws_nhk/install/moveit_core/include/moveit
[325.297s] -- Up-to-date: /home/a/ws_nhk/install/moveit_core/include/moveit/sensor_manager
[325.297s] -- Up-to-date: /home/a/ws_nhk/install/moveit_core/include/moveit/sensor_manager/sensor_manager.h
[325.297s] -- Up-to-date: /home/a/ws_nhk/install/moveit_core/include
[325.297s] -- Up-to-date: /home/a/ws_nhk/install/moveit_core/include/moveit
[325.297s] -- Up-to-date: /home/a/ws_nhk/install/moveit_core/include/moveit/trajectory_processing
[325.297s] -- Up-to-date: /home/a/ws_nhk/install/moveit_core/include/moveit/trajectory_processing/iterative_time_parameterization.h
[325.297s] -- Up-to-date: /home/a/ws_nhk/install/moveit_core/include/moveit/trajectory_processing/time_parameterization.h
[325.297s] -- Up-to-date: /home/a/ws_nhk/install/moveit_core/include/moveit/trajectory_processing/trajectory_tools.h
[325.297s] -- Up-to-date: /home/a/ws_nhk/install/moveit_core/include/moveit/trajectory_processing/iterative_spline_parameterization.h
[325.297s] -- Up-to-date: /home/a/ws_nhk/install/moveit_core/include/moveit/trajectory_processing/time_optimal_trajectory_generation.h
[325.297s] -- Up-to-date: /home/a/ws_nhk/install/moveit_core/include/moveit/trajectory_processing/ruckig_traj_smoothing.h
[325.298s] -- Up-to-date: /home/a/ws_nhk/install/moveit_core/include
[325.298s] -- Up-to-date: /home/a/ws_nhk/install/moveit_core/include/moveit
[325.298s] -- Up-to-date: /home/a/ws_nhk/install/moveit_core/include/moveit/transforms
[325.298s] -- Up-to-date: /home/a/ws_nhk/install/moveit_core/include/moveit/transforms/transforms.h
[325.298s] -- Up-to-date: /home/a/ws_nhk/install/moveit_core/include
[325.298s] -- Up-to-date: /home/a/ws_nhk/install/moveit_core/include/moveit
[325.298s] -- Up-to-date: /home/a/ws_nhk/install/moveit_core/include/moveit/utils
[325.298s] -- Up-to-date: /home/a/ws_nhk/install/moveit_core/include/moveit/utils/robot_model_test_utils.h
[325.298s] -- Up-to-date: /home/a/ws_nhk/install/moveit_core/include/moveit/utils/rclcpp_utils.h
[325.298s] -- Up-to-date: /home/a/ws_nhk/install/moveit_core/include/moveit/utils/moveit_error_code.h
[325.298s] -- Up-to-date: /home/a/ws_nhk/install/moveit_core/include/moveit/utils/message_checks.h
[325.298s] -- Up-to-date: /home/a/ws_nhk/install/moveit_core/include/moveit/utils/lexical_casts.h
[325.298s] -- Up-to-date: /home/a/ws_nhk/install/moveit_core/bin/moveit_version
[325.298s] -- Up-to-date: /home/a/ws_nhk/install/moveit_core/include
[325.299s] -- Up-to-date: /home/a/ws_nhk/install/moveit_core/include/moveit
[325.299s] -- Up-to-date: /home/a/ws_nhk/install/moveit_core/include/moveit/collision_detection
[325.299s] -- Up-to-date: /home/a/ws_nhk/install/moveit_core/include/moveit/collision_detection/collision_env.h
[325.299s] -- Up-to-date: /home/a/ws_nhk/install/moveit_core/include/moveit/collision_detection/occupancy_map.h
[325.299s] -- Up-to-date: /home/a/ws_nhk/install/moveit_core/include/moveit/collision_detection/collision_tools.h
[325.299s] -- Up-to-date: /home/a/ws_nhk/install/moveit_core/include/moveit/collision_detection/collision_common.h
[325.299s] -- Up-to-date: /home/a/ws_nhk/install/moveit_core/include/moveit/collision_detection/world_diff.h
[325.299s] -- Up-to-date: /home/a/ws_nhk/install/moveit_core/include/moveit/collision_detection/collision_plugin_cache.h
[325.299s] -- Up-to-date: /home/a/ws_nhk/install/moveit_core/include/moveit/collision_detection/collision_plugin.h
[325.299s] -- Up-to-date: /home/a/ws_nhk/install/moveit_core/include/moveit/collision_detection/test_collision_common_panda.h
[325.299s] -- Up-to-date: /home/a/ws_nhk/install/moveit_core/include/moveit/collision_detection/collision_detector_allocator.h
[325.299s] -- Up-to-date: /home/a/ws_nhk/install/moveit_core/include/moveit/collision_detection/test_collision_common_pr2.h
[325.299s] -- Up-to-date: /home/a/ws_nhk/install/moveit_core/include/moveit/collision_detection/allvalid
[325.299s] -- Up-to-date: /home/a/ws_nhk/install/moveit_core/include/moveit/collision_detection/allvalid/collision_detector_allocator_allvalid.h
[325.299s] -- Up-to-date: /home/a/ws_nhk/install/moveit_core/include/moveit/collision_detection/allvalid/collision_env_allvalid.h
[325.299s] -- Up-to-date: /home/a/ws_nhk/install/moveit_core/include/moveit/collision_detection/collision_matrix.h
[325.300s] -- Up-to-date: /home/a/ws_nhk/install/moveit_core/include/moveit/collision_detection/collision_octomap_filter.h
[325.300s] -- Up-to-date: /home/a/ws_nhk/install/moveit_core/include/moveit/collision_detection/world.h
[325.300s] -- Up-to-date: /home/a/ws_nhk/install/moveit_core/include/moveit_collision_detection_export.h
[325.300s] -- Up-to-date: /home/a/ws_nhk/install/moveit_core/include
[325.300s] -- Up-to-date: /home/a/ws_nhk/install/moveit_core/include/moveit
[325.300s] -- Up-to-date: /home/a/ws_nhk/install/moveit_core/include/moveit/collision_detection_bullet
[325.300s] -- Up-to-date: /home/a/ws_nhk/install/moveit_core/include/moveit/collision_detection_bullet/collision_detector_allocator_bullet.h
[325.300s] -- Up-to-date: /home/a/ws_nhk/install/moveit_core/include/moveit/collision_detection_bullet/collision_env_bullet.h
[325.300s] -- Up-to-date: /home/a/ws_nhk/install/moveit_core/include/moveit/collision_detection_bullet/bullet_integration
[325.300s] -- Up-to-date: /home/a/ws_nhk/install/moveit_core/include/moveit/collision_detection_bullet/bullet_integration/ros_bullet_utils.h
[325.300s] -- Up-to-date: /home/a/ws_nhk/install/moveit_core/include/moveit/collision_detection_bullet/bullet_integration/basic_types.h
[325.300s] -- Up-to-date: /home/a/ws_nhk/install/moveit_core/include/moveit/collision_detection_bullet/bullet_integration/bullet_bvh_manager.h
[325.300s] -- Up-to-date: /home/a/ws_nhk/install/moveit_core/include/moveit/collision_detection_bullet/bullet_integration/bullet_utils.h
[325.300s] -- Up-to-date: /home/a/ws_nhk/install/moveit_core/include/moveit/collision_detection_bullet/bullet_integration/bullet_cast_bvh_manager.h
[325.300s] -- Up-to-date: /home/a/ws_nhk/install/moveit_core/include/moveit/collision_detection_bullet/bullet_integration/bullet_discrete_bvh_manager.h
[325.300s] -- Up-to-date: /home/a/ws_nhk/install/moveit_core/include/moveit/collision_detection_bullet/bullet_integration/contact_checker_common.h
[325.300s] -- Up-to-date: /home/a/ws_nhk/install/moveit_core/include/moveit/collision_detection_bullet/collision_detector_bullet_plugin_loader.h
[325.300s] -- Up-to-date: /home/a/ws_nhk/install/moveit_core/include/moveit_collision_detection_bullet_export.h
[325.301s] -- Up-to-date: /home/a/ws_nhk/install/moveit_core/include
[325.301s] -- Up-to-date: /home/a/ws_nhk/install/moveit_core/include/moveit
[325.301s] -- Up-to-date: /home/a/ws_nhk/install/moveit_core/include/moveit/collision_detection_fcl
[325.301s] -- Up-to-date: /home/a/ws_nhk/install/moveit_core/include/moveit/collision_detection_fcl/collision_common.h
[325.301s] -- Up-to-date: /home/a/ws_nhk/install/moveit_core/include/moveit/collision_detection_fcl/fcl_compat.h
[325.301s] -- Up-to-date: /home/a/ws_nhk/install/moveit_core/include/moveit/collision_detection_fcl/collision_env_fcl.h
[325.301s] -- Up-to-date: /home/a/ws_nhk/install/moveit_core/include/moveit/collision_detection_fcl/collision_detector_fcl_plugin_loader.h
[325.301s] -- Up-to-date: /home/a/ws_nhk/install/moveit_core/include/moveit/collision_detection_fcl/collision_detector_allocator_fcl.h
[325.301s] -- Up-to-date: /home/a/ws_nhk/install/moveit_core/include/moveit_collision_detection_fcl_export.h
[325.301s] -- Installing: /home/a/ws_nhk/install/moveit_core/lib/libcollision_detector_bullet_plugin.so.2.5.9
[325.301s] -- Set runtime path of "/home/a/ws_nhk/install/moveit_core/lib/libcollision_detector_bullet_plugin.so.2.5.9" to ""
[325.301s] -- Up-to-date: /home/a/ws_nhk/install/moveit_core/lib/libcollision_detector_bullet_plugin.so
[325.301s] -- Installing: /home/a/ws_nhk/install/moveit_core/lib/libmoveit_butterworth_filter.so.2.5.9
[325.301s] -- Set runtime path of "/home/a/ws_nhk/install/moveit_core/lib/libmoveit_butterworth_filter.so.2.5.9" to ""
[325.301s] -- Up-to-date: /home/a/ws_nhk/install/moveit_core/lib/libmoveit_butterworth_filter.so
[325.301s] -- Installing: /home/a/ws_nhk/install/moveit_core/lib/libmoveit_collision_distance_field.so.2.5.9
[325.301s] -- Set runtime path of "/home/a/ws_nhk/install/moveit_core/lib/libmoveit_collision_distance_field.so.2.5.9" to ""
[325.302s] -- Up-to-date: /home/a/ws_nhk/install/moveit_core/lib/libmoveit_collision_distance_field.so
[325.302s] -- Installing: /home/a/ws_nhk/install/moveit_core/lib/libmoveit_collision_detection.so.2.5.9
[325.302s] -- Set runtime path of "/home/a/ws_nhk/install/moveit_core/lib/libmoveit_collision_detection.so.2.5.9" to ""
[325.302s] -- Up-to-date: /home/a/ws_nhk/install/moveit_core/lib/libmoveit_collision_detection.so
[325.302s] -- Installing: /home/a/ws_nhk/install/moveit_core/lib/libmoveit_collision_detection_fcl.so.2.5.9
[325.303s] -- Set runtime path of "/home/a/ws_nhk/install/moveit_core/lib/libmoveit_collision_detection_fcl.so.2.5.9" to ""
[325.303s] -- Up-to-date: /home/a/ws_nhk/install/moveit_core/lib/libmoveit_collision_detection_fcl.so
[325.303s] -- Installing: /home/a/ws_nhk/install/moveit_core/lib/libmoveit_collision_detection_bullet.so.2.5.9
[325.304s] -- Set runtime path of "/home/a/ws_nhk/install/moveit_core/lib/libmoveit_collision_detection_bullet.so.2.5.9" to ""
[325.304s] -- Up-to-date: /home/a/ws_nhk/install/moveit_core/lib/libmoveit_collision_detection_bullet.so
[325.304s] -- Installing: /home/a/ws_nhk/install/moveit_core/lib/libmoveit_dynamics_solver.so.2.5.9
[325.305s] -- Set runtime path of "/home/a/ws_nhk/install/moveit_core/lib/libmoveit_dynamics_solver.so.2.5.9" to ""
[325.305s] -- Up-to-date: /home/a/ws_nhk/install/moveit_core/lib/libmoveit_dynamics_solver.so
[325.305s] -- Installing: /home/a/ws_nhk/install/moveit_core/lib/libmoveit_constraint_samplers.so.2.5.9
[325.306s] -- Set runtime path of "/home/a/ws_nhk/install/moveit_core/lib/libmoveit_constraint_samplers.so.2.5.9" to ""
[325.306s] -- Up-to-date: /home/a/ws_nhk/install/moveit_core/lib/libmoveit_constraint_samplers.so
[325.306s] -- Installing: /home/a/ws_nhk/install/moveit_core/lib/libmoveit_distance_field.so.2.5.9
[325.306s] -- Set runtime path of "/home/a/ws_nhk/install/moveit_core/lib/libmoveit_distance_field.so.2.5.9" to ""
[325.307s] -- Up-to-date: /home/a/ws_nhk/install/moveit_core/lib/libmoveit_distance_field.so
[325.307s] -- Installing: /home/a/ws_nhk/install/moveit_core/lib/libmoveit_exceptions.so.2.5.9
[325.307s] -- Set runtime path of "/home/a/ws_nhk/install/moveit_core/lib/libmoveit_exceptions.so.2.5.9" to ""
[325.307s] -- Up-to-date: /home/a/ws_nhk/install/moveit_core/lib/libmoveit_exceptions.so
[325.307s] -- Installing: /home/a/ws_nhk/install/moveit_core/lib/libmoveit_kinematics_base.so
[325.308s] -- Set runtime path of "/home/a/ws_nhk/install/moveit_core/lib/libmoveit_kinematics_base.so" to ""
[325.308s] -- Installing: /home/a/ws_nhk/install/moveit_core/lib/libmoveit_kinematic_constraints.so.2.5.9
[325.308s] -- Set runtime path of "/home/a/ws_nhk/install/moveit_core/lib/libmoveit_kinematic_constraints.so.2.5.9" to ""
[325.309s] -- Up-to-date: /home/a/ws_nhk/install/moveit_core/lib/libmoveit_kinematic_constraints.so
[325.309s] -- Installing: /home/a/ws_nhk/install/moveit_core/lib/libmoveit_kinematics_metrics.so.2.5.9
[325.309s] -- Set runtime path of "/home/a/ws_nhk/install/moveit_core/lib/libmoveit_kinematics_metrics.so.2.5.9" to ""
[325.309s] -- Up-to-date: /home/a/ws_nhk/install/moveit_core/lib/libmoveit_kinematics_metrics.so
[325.309s] -- Installing: /home/a/ws_nhk/install/moveit_core/lib/libmoveit_planning_interface.so.2.5.9
[325.310s] -- Set runtime path of "/home/a/ws_nhk/install/moveit_core/lib/libmoveit_planning_interface.so.2.5.9" to ""
[325.310s] -- Up-to-date: /home/a/ws_nhk/install/moveit_core/lib/libmoveit_planning_interface.so
[325.310s] -- Installing: /home/a/ws_nhk/install/moveit_core/lib/libmoveit_planning_scene.so.2.5.9
[325.311s] -- Set runtime path of "/home/a/ws_nhk/install/moveit_core/lib/libmoveit_planning_scene.so.2.5.9" to ""
[325.312s] -- Up-to-date: /home/a/ws_nhk/install/moveit_core/lib/libmoveit_planning_scene.so
[325.312s] -- Installing: /home/a/ws_nhk/install/moveit_core/lib/libmoveit_planning_request_adapter.so.2.5.9
[325.312s] -- Set runtime path of "/home/a/ws_nhk/install/moveit_core/lib/libmoveit_planning_request_adapter.so.2.5.9" to ""
[325.312s] -- Up-to-date: /home/a/ws_nhk/install/moveit_core/lib/libmoveit_planning_request_adapter.so
[325.312s] -- Installing: /home/a/ws_nhk/install/moveit_core/lib/libmoveit_robot_model.so.2.5.9
[325.313s] -- Set runtime path of "/home/a/ws_nhk/install/moveit_core/lib/libmoveit_robot_model.so.2.5.9" to ""
[325.314s] -- Up-to-date: /home/a/ws_nhk/install/moveit_core/lib/libmoveit_robot_model.so
[325.314s] -- Installing: /home/a/ws_nhk/install/moveit_core/lib/libmoveit_robot_state.so.2.5.9
[325.315s] -- Set runtime path of "/home/a/ws_nhk/install/moveit_core/lib/libmoveit_robot_state.so.2.5.9" to ""
[325.315s] -- Up-to-date: /home/a/ws_nhk/install/moveit_core/lib/libmoveit_robot_state.so
[325.315s] -- Installing: /home/a/ws_nhk/install/moveit_core/lib/libmoveit_robot_trajectory.so.2.5.9
[325.316s] -- Set runtime path of "/home/a/ws_nhk/install/moveit_core/lib/libmoveit_robot_trajectory.so.2.5.9" to ""
[325.316s] -- Up-to-date: /home/a/ws_nhk/install/moveit_core/lib/libmoveit_robot_trajectory.so
[325.316s] -- Installing: /home/a/ws_nhk/install/moveit_core/lib/libmoveit_smoothing_base.so.2.5.9
[325.316s] -- Set runtime path of "/home/a/ws_nhk/install/moveit_core/lib/libmoveit_smoothing_base.so.2.5.9" to ""
[325.317s] -- Up-to-date: /home/a/ws_nhk/install/moveit_core/lib/libmoveit_smoothing_base.so
[325.317s] -- Installing: /home/a/ws_nhk/install/moveit_core/lib/libmoveit_test_utils.so.2.5.9
[325.318s] -- Set runtime path of "/home/a/ws_nhk/install/moveit_core/lib/libmoveit_test_utils.so.2.5.9" to ""
[325.318s] -- Up-to-date: /home/a/ws_nhk/install/moveit_core/lib/libmoveit_test_utils.so
[325.318s] -- Installing: /home/a/ws_nhk/install/moveit_core/lib/libmoveit_trajectory_processing.so.2.5.9
[325.319s] -- Set runtime path of "/home/a/ws_nhk/install/moveit_core/lib/libmoveit_trajectory_processing.so.2.5.9" to ""
[325.319s] -- Up-to-date: /home/a/ws_nhk/install/moveit_core/lib/libmoveit_trajectory_processing.so
[325.319s] -- Installing: /home/a/ws_nhk/install/moveit_core/lib/libmoveit_transforms.so.2.5.9
[325.319s] -- Set runtime path of "/home/a/ws_nhk/install/moveit_core/lib/libmoveit_transforms.so.2.5.9" to ""
[325.319s] -- Up-to-date: /home/a/ws_nhk/install/moveit_core/lib/libmoveit_transforms.so
[325.320s] -- Installing: /home/a/ws_nhk/install/moveit_core/lib/libmoveit_utils.so.2.5.9
[325.320s] -- Set runtime path of "/home/a/ws_nhk/install/moveit_core/lib/libmoveit_utils.so.2.5.9" to ""
[325.320s] -- Up-to-date: /home/a/ws_nhk/install/moveit_core/lib/libmoveit_utils.so
[325.320s] -- Up-to-date: /home/a/ws_nhk/install/moveit_core/share/moveit_core/environment/library_path.sh
[325.320s] -- Installing: /home/a/ws_nhk/install/moveit_core/share/moveit_core/environment/library_path.dsv
[325.320s] -- Up-to-date: /home/a/ws_nhk/install/moveit_core/share/moveit_core/collision_detector_fcl_description.xml
[325.320s] -- Up-to-date: /home/a/ws_nhk/install/moveit_core/share/moveit_core/collision_detector_bullet_description.xml
[325.320s] -- Up-to-date: /home/a/ws_nhk/install/moveit_core/share/moveit_core/filter_plugin_butterworth.xml
[325.320s] -- Up-to-date: /home/a/ws_nhk/install/moveit_core/share/ament_index/resource_index/package_run_dependencies/moveit_core
[325.321s] -- Installing: /home/a/ws_nhk/install/moveit_core/share/ament_index/resource_index/parent_prefix_path/moveit_core
[325.321s] -- Up-to-date: /home/a/ws_nhk/install/moveit_core/share/moveit_core/environment/ament_prefix_path.sh
[325.321s] -- Installing: /home/a/ws_nhk/install/moveit_core/share/moveit_core/environment/ament_prefix_path.dsv
[325.321s] -- Up-to-date: /home/a/ws_nhk/install/moveit_core/share/moveit_core/environment/path.sh
[325.321s] -- Installing: /home/a/ws_nhk/install/moveit_core/share/moveit_core/environment/path.dsv
[325.321s] -- Up-to-date: /home/a/ws_nhk/install/moveit_core/share/moveit_core/local_setup.bash
[325.321s] -- Up-to-date: /home/a/ws_nhk/install/moveit_core/share/moveit_core/local_setup.sh
[325.321s] -- Up-to-date: /home/a/ws_nhk/install/moveit_core/share/moveit_core/local_setup.zsh
[325.321s] -- Installing: /home/a/ws_nhk/install/moveit_core/share/moveit_core/local_setup.dsv
[325.321s] -- Installing: /home/a/ws_nhk/install/moveit_core/share/moveit_core/package.dsv
[325.321s] -- Up-to-date: /home/a/ws_nhk/install/moveit_core/share/ament_index/resource_index/packages/moveit_core
[325.321s] -- Up-to-date: /home/a/ws_nhk/install/moveit_core/share/ament_index/resource_index/moveit_core__pluginlib__plugin/moveit_core
[325.322s] -- Up-to-date: /home/a/ws_nhk/install/moveit_core/share/moveit_core/cmake/export_moveit_coreExport.cmake
[325.322s] -- Up-to-date: /home/a/ws_nhk/install/moveit_core/share/moveit_core/cmake/export_moveit_coreExport-release.cmake
[325.322s] -- Up-to-date: /home/a/ws_nhk/install/moveit_core/share/moveit_core/cmake/ConfigExtras.cmake
[325.322s] -- Up-to-date: /home/a/ws_nhk/install/moveit_core/share/moveit_core/cmake/ament_cmake_export_targets-extras.cmake
[325.322s] -- Up-to-date: /home/a/ws_nhk/install/moveit_core/share/moveit_core/cmake/ament_cmake_export_dependencies-extras.cmake
[325.322s] -- Up-to-date: /home/a/ws_nhk/install/moveit_core/share/moveit_core/cmake/moveit_coreConfig.cmake
[325.322s] -- Up-to-date: /home/a/ws_nhk/install/moveit_core/share/moveit_core/cmake/moveit_coreConfig-version.cmake
[325.322s] -- Up-to-date: /home/a/ws_nhk/install/moveit_core/share/moveit_core/package.xml
[325.325s] Invoked command in '/home/a/ws_nhk/build/moveit_core' returned '0': CMAKE_PREFIX_PATH=/home/a/ws_nhk/install/moveit_resources_panda_moveit_config:/home/a/ws_nhk/install/srdfdom:/home/a/ws_nhk/install/moveit_resources_pr2_description:/home/a/ws_nhk/install/moveit_resources_panda_description:/home/a/ws_nhk/install/moveit_common:/home/a/ws_nhk/install/sakai_r2_config:/home/a/ws_nhk/install/moveit_runtime:/home/a/ws_nhk/install/moveit_r2_config:/home/a/ws_nhk/install/moveit_config:/home/a/ws_nhk/install/moveit2_tutorials:/home/a/ws_nhk/install/moveit:/home/a/ws_nhk/install/moveit_planners:/home/a/ws_nhk/install/pilz_industrial_motion_planner:/home/a/ws_nhk/install/moveit_task_constructor_visualization:/home/a/ws_nhk/install/moveit_task_constructor_demo:/home/a/ws_nhk/install/moveit_task_constructor_capabilities:/home/a/ws_nhk/install/moveit_task_constructor_core:/home/a/ws_nhk/install/moveit_setup_assistant:/home/a/ws_nhk/install/moveit_setup_srdf_plugins:/home/a/ws_nhk/install/moveit_setup_core_plugins:/home/a/ws_nhk/install/moveit_setup_controllers:/home/a/ws_nhk/install/moveit_setup_app_plugins:/home/a/ws_nhk/install/moveit_setup_framework:/home/a/ws_nhk/install/moveit_servo:/home/a/ws_nhk/install/moveit_ros:/home/a/ws_nhk/install/moveit_ros_visualization:/home/a/ws_nhk/install/moveit_hybrid_planning:/home/a/ws_nhk/install/moveit_ros_planning_interface:/home/a/ws_nhk/install/moveit_resources_prbt_pg70_support:/home/a/ws_nhk/install/moveit_resources_prbt_moveit_config:/home/a/ws_nhk/install/moveit_ros_move_group:/home/a/ws_nhk/install/moveit_kinematics:/home/a/ws_nhk/install/trac_ik:/home/a/ws_nhk/install/trac_ik_kinematics_plugin:/home/a/ws_nhk/install/trac_ik_lib:/home/a/ws_nhk/install/stm32_mavlink_udp:/home/a/ws_nhk/install/mavlink_wizard:/home/a/ws_nhk/install/stm32_mavlink_uart:/home/a/ws_nhk/install/stm32_mavlink_msgs:/home/a/ws_nhk/install/pilz_industrial_motion_planner_testutils:/home/a/ws_nhk/install/moveit_visual_tools:/home/a/ws_nhk/install/moveit_ros_control_interface:/home/a/ws_nhk/install/moveit_plugins:/home/a/ws_nhk/install/moveit_simple_controller_manager:/home/a/ws_nhk/install/moveit_ros_benchmarks:/home/a/ws_nhk/install/moveit_ros_warehouse:/home/a/ws_nhk/install/moveit_ros_robot_interaction:/home/a/ws_nhk/install/moveit_ros_perception:/home/a/ws_nhk/install/moveit_planners_ompl:/home/a/ws_nhk/install/moveit_ros_planning:/home/a/ws_nhk/install/moveit_ros_occupancy_map_monitor:/home/a/ws_nhk/install/moveit_resources_prbt_ikfast_manipulator_plugin:/home/a/ws_nhk/install/moveit_planners_chomp:/home/a/ws_nhk/install/moveit_chomp_optimizer_adapter:/home/a/ws_nhk/install/chomp_motion_planner:/home/a/ws_nhk/install/moveit_core:/home/a/ws_nhk/install/rviz_marker_tools:/home/a/ws_nhk/install/rosparam_shortcuts:/home/a/ws_nhk/install/r2_odrive:/home/a/ws_nhk/install/rogidrive_msg:/home/a/ws_nhk/install/nhk_bt:/home/a/ws_nhk/install/moveit_task_constructor_msgs:/home/a/ws_nhk/install/moveit_resources_prbt_support:/home/a/ws_nhk/install/moveit_resources:/home/a/ws_nhk/install/moveit_resources_fanuc_moveit_config:/home/a/ws_nhk/install/moveit_resources_fanuc_description:/home/a/ws_nhk/install/dynamixel_sdk_examples:/home/a/ws_nhk/install/dynamixel_sdk_custom_interfaces:/home/a/ws_nhk/install/dynamixel_controller:/home/a/ws_nhk/install/dynamixel_sdk:/home/a/ws_nhk/install/arm_v20_description:/home/a/ws_nhk/install/arm_module_description:/home/a/ws_nhk/install/a_r2_description:/home/a/install/field_description_test:/home/a/ws_nhk/install/ikeyaMD_wizard:/home/a/ws_nhk/install/moveit_configs_utils:/home/a/ws_nhk/install/rogidrive:/home/a/ws_nhk/install/launch_param_builder:/home/a/ws_nhk/install/dynamixel_controller_gui:/home/a/ws_nhk/install/dynamixel_controller_client:/opt/ros/humble LD_LIBRARY_PATH=/home/a/ws_nhk/install/srdfdom/lib:/usr/local/lib:/home/a/ws_nhk/install/pilz_industrial_motion_planner/lib:/home/a/ws_nhk/install/moveit_task_constructor_visualization/lib:/home/a/ws_nhk/install/moveit_task_constructor_demo/lib:/home/a/ws_nhk/install/moveit_task_constructor_capabilities/lib:/home/a/ws_nhk/install/moveit_task_constructor_core/lib:/home/a/ws_nhk/install/moveit_setup_assistant/lib:/home/a/ws_nhk/install/moveit_setup_srdf_plugins/lib:/home/a/ws_nhk/install/moveit_setup_core_plugins/lib:/home/a/ws_nhk/install/moveit_setup_controllers/lib:/home/a/ws_nhk/install/moveit_setup_app_plugins/lib:/home/a/ws_nhk/install/moveit_setup_framework/lib:/home/a/ws_nhk/install/moveit_servo/lib:/home/a/ws_nhk/install/moveit_ros_visualization/lib:/home/a/ws_nhk/install/moveit_hybrid_planning/lib:/home/a/ws_nhk/install/moveit_ros_planning_interface/lib:/home/a/ws_nhk/install/moveit_ros_move_group/lib:/home/a/ws_nhk/install/moveit_kinematics/lib:/home/a/ws_nhk/install/trac_ik_kinematics_plugin/lib:/home/a/ws_nhk/install/trac_ik_lib/lib:/home/a/ws_nhk/install/stm32_mavlink_msgs/lib:/home/a/ws_nhk/install/pilz_industrial_motion_planner_testutils/lib:/home/a/ws_nhk/install/moveit_visual_tools/lib:/home/a/ws_nhk/install/moveit_ros_control_interface/lib:/home/a/ws_nhk/install/moveit_simple_controller_manager/lib:/home/a/ws_nhk/install/moveit_ros_benchmarks/lib:/home/a/ws_nhk/install/moveit_ros_warehouse/lib:/home/a/ws_nhk/install/moveit_ros_robot_interaction/lib:/home/a/ws_nhk/install/moveit_ros_perception/lib:/home/a/ws_nhk/install/moveit_planners_ompl/lib:/home/a/ws_nhk/install/moveit_ros_planning/lib:/home/a/ws_nhk/install/moveit_ros_occupancy_map_monitor/lib:/home/a/ws_nhk/install/moveit_resources_prbt_ikfast_manipulator_plugin/lib:/home/a/ws_nhk/install/moveit_planners_chomp/lib:/home/a/ws_nhk/install/moveit_chomp_optimizer_adapter/lib:/home/a/ws_nhk/install/chomp_motion_planner/lib:/home/a/ws_nhk/install/moveit_core/lib:/home/a/ws_nhk/install/rviz_marker_tools/lib:/home/a/ws_nhk/install/rosparam_shortcuts/lib:/home/a/ws_nhk/install/rogidrive_msg/lib:/home/a/ws_nhk/install/moveit_task_constructor_msgs/lib:/home/a/ws_nhk/install/dynamixel_sdk_custom_interfaces/lib:/home/a/ws_nhk/install/dynamixel_controller/lib:/home/a/ws_nhk/install/dynamixel_sdk/lib:/usr/lib/x86_64-linux-gnu/gazebo-11/plugins:/opt/ros/humble/opt/rviz_ogre_vendor/lib:/opt/ros/humble/lib/x86_64-linux-gnu:/opt/ros/humble/lib /usr/bin/cmake --install /home/a/ws_nhk/build/moveit_core
