[0.159s] [34mcolcon[0m [1;30mDEBUG[0m [32mCommand line arguments: ['/usr/bin/colcon', 'build'][0m
[0.159s] [34mcolcon[0m [1;30mDEBUG[0m [32mParsed command line arguments: Namespace(log_base=None, log_level=None, verb_name='build', build_base='build', install_base='install', merge_install=False, symlink_install=False, test_result_base=None, continue_on_error=False, executor='parallel', parallel_workers=22, event_handlers=None, ignore_user_meta=False, metas=['./colcon.meta'], base_paths=['.'], packages_ignore=None, packages_ignore_regex=None, paths=None, packages_up_to=None, packages_up_to_regex=None, packages_above=None, packages_above_and_dependencies=None, packages_above_depth=None, packages_select_by_dep=None, packages_skip_by_dep=None, packages_skip_up_to=None, packages_select_build_failed=False, packages_skip_build_finished=False, packages_select_test_failures=False, packages_skip_test_passed=False, packages_select=None, packages_skip=None, packages_select_regex=None, packages_skip_regex=None, packages_start=None, packages_end=None, allow_overriding=[], cmake_args=None, cmake_target=None, cmake_target_skip_unavailable=False, cmake_clean_cache=False, cmake_clean_first=False, cmake_force_configure=False, ament_cmake_args=None, catkin_cmake_args=None, catkin_skip_building_tests=False, mixin_files=None, mixin=None, verb_parser=<colcon_mixin.mixin.mixin_argument.MixinArgumentDecorator object at 0x149b784298d0>, verb_extension=<colcon_core.verb.build.BuildVerb object at 0x149b784293c0>, main=<bound method BuildVerb.main of <colcon_core.verb.build.BuildVerb object at 0x149b784293c0>>, mixin_verb=('build',))[0m
[0.357s] [34mcolcon.colcon_core.package_discovery[0m [1;30mLevel 1[0m discover_packages(colcon_meta) check parameters
[0.357s] [34mcolcon.colcon_core.package_discovery[0m [1;30mLevel 1[0m discover_packages(recursive) check parameters
[0.357s] [34mcolcon.colcon_core.package_discovery[0m [1;30mLevel 1[0m discover_packages(ignore) check parameters
[0.357s] [34mcolcon.colcon_core.package_discovery[0m [1;30mLevel 1[0m discover_packages(path) check parameters
[0.357s] [34mcolcon.colcon_core.package_discovery[0m [1;30mLevel 1[0m discover_packages(colcon_meta) discover
[0.357s] [34mcolcon.colcon_core.package_discovery[0m [1;30mLevel 1[0m discover_packages(recursive) discover
[0.357s] [34mcolcon.colcon_core.package_discovery[0m [1;30mINFO[0m Crawling recursively for packages in '/home/a/ws_nhk'
[0.358s] [34mcolcon.colcon_core.package_identification[0m [1;30mLevel 1[0m _identify(.) by extensions ['ignore', 'ignore_ament_install']
[0.358s] [34mcolcon.colcon_core.package_identification[0m [1;30mLevel 1[0m _identify(.) by extension 'ignore'
[0.358s] [34mcolcon.colcon_core.package_identification[0m [1;30mLevel 1[0m _identify(.) by extension 'ignore_ament_install'
[0.358s] [34mcolcon.colcon_core.package_identification[0m [1;30mLevel 1[0m _identify(.) by extensions ['colcon_pkg']
[0.358s] [34mcolcon.colcon_core.package_identification[0m [1;30mLevel 1[0m _identify(.) by extension 'colcon_pkg'
[0.358s] [34mcolcon.colcon_core.package_identification[0m [1;30mLevel 1[0m _identify(.) by extensions ['colcon_meta']
[0.358s] [34mcolcon.colcon_core.package_identification[0m [1;30mLevel 1[0m _identify(.) by extension 'colcon_meta'
[0.358s] [34mcolcon.colcon_core.package_identification[0m [1;30mLevel 1[0m _identify(.) by extensions ['ros']
[0.358s] [34mcolcon.colcon_core.package_identification[0m [1;30mLevel 1[0m _identify(.) by extension 'ros'
[0.368s] [34mcolcon.colcon_core.package_identification[0m [1;30mLevel 1[0m _identify(.) by extensions ['cmake', 'python']
[0.368s] [34mcolcon.colcon_core.package_identification[0m [1;30mLevel 1[0m _identify(.) by extension 'cmake'
[0.368s] [34mcolcon.colcon_core.package_identification[0m [1;30mLevel 1[0m _identify(.) by extension 'python'
[0.368s] [34mcolcon.colcon_core.package_identification[0m [1;30mLevel 1[0m _identify(.) by extensions ['python_setup_py']
[0.368s] [34mcolcon.colcon_core.package_identification[0m [1;30mLevel 1[0m _identify(.) by extension 'python_setup_py'
[0.368s] [34mcolcon.colcon_core.package_identification[0m [1;30mLevel 1[0m _identify(build) by extensions ['ignore', 'ignore_ament_install']
[0.368s] [34mcolcon.colcon_core.package_identification[0m [1;30mLevel 1[0m _identify(build) by extension 'ignore'
[0.369s] [34mcolcon.colcon_core.package_identification[0m [1;30mLevel 1[0m _identify(build) ignored
[0.369s] [34mcolcon.colcon_core.package_identification[0m [1;30mLevel 1[0m _identify(install) by extensions ['ignore', 'ignore_ament_install']
[0.369s] [34mcolcon.colcon_core.package_identification[0m [1;30mLevel 1[0m _identify(install) by extension 'ignore'
[0.369s] [34mcolcon.colcon_core.package_identification[0m [1;30mLevel 1[0m _identify(install) ignored
[0.369s] [34mcolcon.colcon_core.package_identification[0m [1;30mLevel 1[0m _identify(log) by extensions ['ignore', 'ignore_ament_install']
[0.369s] [34mcolcon.colcon_core.package_identification[0m [1;30mLevel 1[0m _identify(log) by extension 'ignore'
[0.369s] [34mcolcon.colcon_core.package_identification[0m [1;30mLevel 1[0m _identify(log) ignored
[0.369s] [34mcolcon.colcon_core.package_identification[0m [1;30mLevel 1[0m _identify(src) by extensions ['ignore', 'ignore_ament_install']
[0.369s] [34mcolcon.colcon_core.package_identification[0m [1;30mLevel 1[0m _identify(src) by extension 'ignore'
[0.369s] [34mcolcon.colcon_core.package_identification[0m [1;30mLevel 1[0m _identify(src) by extension 'ignore_ament_install'
[0.369s] [34mcolcon.colcon_core.package_identification[0m [1;30mLevel 1[0m _identify(src) by extensions ['colcon_pkg']
[0.369s] [34mcolcon.colcon_core.package_identification[0m [1;30mLevel 1[0m _identify(src) by extension 'colcon_pkg'
[0.369s] [34mcolcon.colcon_core.package_identification[0m [1;30mLevel 1[0m _identify(src) by extensions ['colcon_meta']
[0.369s] [34mcolcon.colcon_core.package_identification[0m [1;30mLevel 1[0m _identify(src) by extension 'colcon_meta'
[0.369s] [34mcolcon.colcon_core.package_identification[0m [1;30mLevel 1[0m _identify(src) by extensions ['ros']
[0.369s] [34mcolcon.colcon_core.package_identification[0m [1;30mLevel 1[0m _identify(src) by extension 'ros'
[0.370s] [34mcolcon.colcon_core.package_identification[0m [1;30mLevel 1[0m _identify(src) by extensions ['cmake', 'python']
[0.370s] [34mcolcon.colcon_core.package_identification[0m [1;30mLevel 1[0m _identify(src) by extension 'cmake'
[0.370s] [34mcolcon.colcon_core.package_identification[0m [1;30mLevel 1[0m _identify(src) by extension 'python'
[0.370s] [34mcolcon.colcon_core.package_identification[0m [1;30mLevel 1[0m _identify(src) by extensions ['python_setup_py']
[0.370s] [34mcolcon.colcon_core.package_identification[0m [1;30mLevel 1[0m _identify(src) by extension 'python_setup_py'
[0.370s] [34mcolcon.colcon_core.package_identification[0m [1;30mLevel 1[0m _identify(src/MAVLink_ros2) by extensions ['ignore', 'ignore_ament_install']
[0.370s] [34mcolcon.colcon_core.package_identification[0m [1;30mLevel 1[0m _identify(src/MAVLink_ros2) by extension 'ignore'
[0.370s] [34mcolcon.colcon_core.package_identification[0m [1;30mLevel 1[0m _identify(src/MAVLink_ros2) by extension 'ignore_ament_install'
[0.370s] [34mcolcon.colcon_core.package_identification[0m [1;30mLevel 1[0m _identify(src/MAVLink_ros2) by extensions ['colcon_pkg']
[0.370s] [34mcolcon.colcon_core.package_identification[0m [1;30mLevel 1[0m _identify(src/MAVLink_ros2) by extension 'colcon_pkg'
[0.370s] [34mcolcon.colcon_core.package_identification[0m [1;30mLevel 1[0m _identify(src/MAVLink_ros2) by extensions ['colcon_meta']
[0.370s] [34mcolcon.colcon_core.package_identification[0m [1;30mLevel 1[0m _identify(src/MAVLink_ros2) by extension 'colcon_meta'
[0.370s] [34mcolcon.colcon_core.package_identification[0m [1;30mLevel 1[0m _identify(src/MAVLink_ros2) by extensions ['ros']
[0.370s] [34mcolcon.colcon_core.package_identification[0m [1;30mLevel 1[0m _identify(src/MAVLink_ros2) by extension 'ros'
[0.370s] [34mcolcon.colcon_core.package_identification[0m [1;30mLevel 1[0m _identify(src/MAVLink_ros2) by extensions ['cmake', 'python']
[0.370s] [34mcolcon.colcon_core.package_identification[0m [1;30mLevel 1[0m _identify(src/MAVLink_ros2) by extension 'cmake'
[0.370s] [34mcolcon.colcon_core.package_identification[0m [1;30mLevel 1[0m _identify(src/MAVLink_ros2) by extension 'python'
[0.370s] [34mcolcon.colcon_core.package_identification[0m [1;30mLevel 1[0m _identify(src/MAVLink_ros2) by extensions ['python_setup_py']
[0.370s] [34mcolcon.colcon_core.package_identification[0m [1;30mLevel 1[0m _identify(src/MAVLink_ros2) by extension 'python_setup_py'
[0.370s] [34mcolcon.colcon_core.package_identification[0m [1;30mLevel 1[0m _identify(src/MAVLink_ros2/ikeyaMD_wizard) by extensions ['ignore', 'ignore_ament_install']
[0.370s] [34mcolcon.colcon_core.package_identification[0m [1;30mLevel 1[0m _identify(src/MAVLink_ros2/ikeyaMD_wizard) by extension 'ignore'
[0.370s] [34mcolcon.colcon_core.package_identification[0m [1;30mLevel 1[0m _identify(src/MAVLink_ros2/ikeyaMD_wizard) by extension 'ignore_ament_install'
[0.370s] [34mcolcon.colcon_core.package_identification[0m [1;30mLevel 1[0m _identify(src/MAVLink_ros2/ikeyaMD_wizard) by extensions ['colcon_pkg']
[0.370s] [34mcolcon.colcon_core.package_identification[0m [1;30mLevel 1[0m _identify(src/MAVLink_ros2/ikeyaMD_wizard) by extension 'colcon_pkg'
[0.371s] [34mcolcon.colcon_core.package_identification[0m [1;30mLevel 1[0m _identify(src/MAVLink_ros2/ikeyaMD_wizard) by extensions ['colcon_meta']
[0.371s] [34mcolcon.colcon_core.package_identification[0m [1;30mLevel 1[0m _identify(src/MAVLink_ros2/ikeyaMD_wizard) by extension 'colcon_meta'
[0.371s] [34mcolcon.colcon_core.package_identification[0m [1;30mLevel 1[0m _identify(src/MAVLink_ros2/ikeyaMD_wizard) by extensions ['ros']
[0.371s] [34mcolcon.colcon_core.package_identification[0m [1;30mLevel 1[0m _identify(src/MAVLink_ros2/ikeyaMD_wizard) by extension 'ros'
[0.373s] [34mcolcon.colcon_core.package_identification[0m [1;30mDEBUG[0m [32mPackage 'src/MAVLink_ros2/ikeyaMD_wizard' with type 'ros.ament_python' and name 'ikeyaMD_wizard'[0m
[0.373s] [34mcolcon.colcon_core.package_identification[0m [1;30mLevel 1[0m _identify(src/MAVLink_ros2/mavlink_SDK) by extensions ['ignore', 'ignore_ament_install']
[0.373s] [34mcolcon.colcon_core.package_identification[0m [1;30mLevel 1[0m _identify(src/MAVLink_ros2/mavlink_SDK) by extension 'ignore'
[0.373s] [34mcolcon.colcon_core.package_identification[0m [1;30mLevel 1[0m _identify(src/MAVLink_ros2/mavlink_SDK) ignored
[0.374s] [34mcolcon.colcon_core.package_identification[0m [1;30mLevel 1[0m _identify(src/MAVLink_ros2/mavlink_wizard) by extensions ['ignore', 'ignore_ament_install']
[0.374s] [34mcolcon.colcon_core.package_identification[0m [1;30mLevel 1[0m _identify(src/MAVLink_ros2/mavlink_wizard) by extension 'ignore'
[0.374s] [34mcolcon.colcon_core.package_identification[0m [1;30mLevel 1[0m _identify(src/MAVLink_ros2/mavlink_wizard) by extension 'ignore_ament_install'
[0.374s] [34mcolcon.colcon_core.package_identification[0m [1;30mLevel 1[0m _identify(src/MAVLink_ros2/mavlink_wizard) by extensions ['colcon_pkg']
[0.374s] [34mcolcon.colcon_core.package_identification[0m [1;30mLevel 1[0m _identify(src/MAVLink_ros2/mavlink_wizard) by extension 'colcon_pkg'
[0.374s] [34mcolcon.colcon_core.package_identification[0m [1;30mLevel 1[0m _identify(src/MAVLink_ros2/mavlink_wizard) by extensions ['colcon_meta']
[0.374s] [34mcolcon.colcon_core.package_identification[0m [1;30mLevel 1[0m _identify(src/MAVLink_ros2/mavlink_wizard) by extension 'colcon_meta'
[0.374s] [34mcolcon.colcon_core.package_identification[0m [1;30mLevel 1[0m _identify(src/MAVLink_ros2/mavlink_wizard) by extensions ['ros']
[0.374s] [34mcolcon.colcon_core.package_identification[0m [1;30mLevel 1[0m _identify(src/MAVLink_ros2/mavlink_wizard) by extension 'ros'
[0.375s] [34mcolcon.colcon_core.package_identification[0m [1;30mDEBUG[0m [32mPackage 'src/MAVLink_ros2/mavlink_wizard' with type 'ros.ament_cmake' and name 'mavlink_wizard'[0m
[0.375s] [34mcolcon.colcon_core.package_identification[0m [1;30mLevel 1[0m _identify(src/MAVLink_ros2/rs485_interface2) by extensions ['ignore', 'ignore_ament_install']
[0.375s] [34mcolcon.colcon_core.package_identification[0m [1;30mLevel 1[0m _identify(src/MAVLink_ros2/rs485_interface2) by extension 'ignore'
[0.375s] [34mcolcon.colcon_core.package_identification[0m [1;30mLevel 1[0m _identify(src/MAVLink_ros2/rs485_interface2) by extension 'ignore_ament_install'
[0.375s] [34mcolcon.colcon_core.package_identification[0m [1;30mLevel 1[0m _identify(src/MAVLink_ros2/rs485_interface2) by extensions ['colcon_pkg']
[0.375s] [34mcolcon.colcon_core.package_identification[0m [1;30mLevel 1[0m _identify(src/MAVLink_ros2/rs485_interface2) by extension 'colcon_pkg'
[0.375s] [34mcolcon.colcon_core.package_identification[0m [1;30mLevel 1[0m _identify(src/MAVLink_ros2/rs485_interface2) by extensions ['colcon_meta']
[0.375s] [34mcolcon.colcon_core.package_identification[0m [1;30mLevel 1[0m _identify(src/MAVLink_ros2/rs485_interface2) by extension 'colcon_meta'
[0.375s] [34mcolcon.colcon_core.package_identification[0m [1;30mLevel 1[0m _identify(src/MAVLink_ros2/rs485_interface2) by extensions ['ros']
[0.375s] [34mcolcon.colcon_core.package_identification[0m [1;30mLevel 1[0m _identify(src/MAVLink_ros2/rs485_interface2) by extension 'ros'
[0.376s] [34mcolcon.colcon_core.package_identification[0m [1;30mDEBUG[0m [32mPackage 'src/MAVLink_ros2/rs485_interface2' with type 'ros.ament_cmake' and name 'rs485_interface2'[0m
[0.376s] [34mcolcon.colcon_core.package_identification[0m [1;30mLevel 1[0m _identify(src/MAVLink_ros2/rs485_motor_interface) by extensions ['ignore', 'ignore_ament_install']
[0.376s] [34mcolcon.colcon_core.package_identification[0m [1;30mLevel 1[0m _identify(src/MAVLink_ros2/rs485_motor_interface) by extension 'ignore'
[0.376s] [34mcolcon.colcon_core.package_identification[0m [1;30mLevel 1[0m _identify(src/MAVLink_ros2/rs485_motor_interface) by extension 'ignore_ament_install'
[0.376s] [34mcolcon.colcon_core.package_identification[0m [1;30mLevel 1[0m _identify(src/MAVLink_ros2/rs485_motor_interface) by extensions ['colcon_pkg']
[0.376s] [34mcolcon.colcon_core.package_identification[0m [1;30mLevel 1[0m _identify(src/MAVLink_ros2/rs485_motor_interface) by extension 'colcon_pkg'
[0.376s] [34mcolcon.colcon_core.package_identification[0m [1;30mLevel 1[0m _identify(src/MAVLink_ros2/rs485_motor_interface) by extensions ['colcon_meta']
[0.376s] [34mcolcon.colcon_core.package_identification[0m [1;30mLevel 1[0m _identify(src/MAVLink_ros2/rs485_motor_interface) by extension 'colcon_meta'
[0.376s] [34mcolcon.colcon_core.package_identification[0m [1;30mLevel 1[0m _identify(src/MAVLink_ros2/rs485_motor_interface) by extensions ['ros']
[0.376s] [34mcolcon.colcon_core.package_identification[0m [1;30mLevel 1[0m _identify(src/MAVLink_ros2/rs485_motor_interface) by extension 'ros'
[0.377s] [34mcolcon.colcon_core.package_identification[0m [1;30mDEBUG[0m [32mPackage 'src/MAVLink_ros2/rs485_motor_interface' with type 'ros.ament_cmake' and name 'rs485_motor_interface'[0m
[0.377s] [34mcolcon.colcon_core.package_identification[0m [1;30mLevel 1[0m _identify(src/MAVLink_ros2/stm32_mavlink_msgs) by extensions ['ignore', 'ignore_ament_install']
[0.377s] [34mcolcon.colcon_core.package_identification[0m [1;30mLevel 1[0m _identify(src/MAVLink_ros2/stm32_mavlink_msgs) by extension 'ignore'
[0.377s] [34mcolcon.colcon_core.package_identification[0m [1;30mLevel 1[0m _identify(src/MAVLink_ros2/stm32_mavlink_msgs) by extension 'ignore_ament_install'
[0.377s] [34mcolcon.colcon_core.package_identification[0m [1;30mLevel 1[0m _identify(src/MAVLink_ros2/stm32_mavlink_msgs) by extensions ['colcon_pkg']
[0.377s] [34mcolcon.colcon_core.package_identification[0m [1;30mLevel 1[0m _identify(src/MAVLink_ros2/stm32_mavlink_msgs) by extension 'colcon_pkg'
[0.377s] [34mcolcon.colcon_core.package_identification[0m [1;30mLevel 1[0m _identify(src/MAVLink_ros2/stm32_mavlink_msgs) by extensions ['colcon_meta']
[0.377s] [34mcolcon.colcon_core.package_identification[0m [1;30mLevel 1[0m _identify(src/MAVLink_ros2/stm32_mavlink_msgs) by extension 'colcon_meta'
[0.377s] [34mcolcon.colcon_core.package_identification[0m [1;30mLevel 1[0m _identify(src/MAVLink_ros2/stm32_mavlink_msgs) by extensions ['ros']
[0.377s] [34mcolcon.colcon_core.package_identification[0m [1;30mLevel 1[0m _identify(src/MAVLink_ros2/stm32_mavlink_msgs) by extension 'ros'
[0.378s] [34mcolcon.colcon_core.package_identification[0m [1;30mDEBUG[0m [32mPackage 'src/MAVLink_ros2/stm32_mavlink_msgs' with type 'ros.ament_cmake' and name 'stm32_mavlink_msgs'[0m
[0.378s] [34mcolcon.colcon_core.package_identification[0m [1;30mLevel 1[0m _identify(src/MAVLink_ros2/stm32_mavlink_uart) by extensions ['ignore', 'ignore_ament_install']
[0.378s] [34mcolcon.colcon_core.package_identification[0m [1;30mLevel 1[0m _identify(src/MAVLink_ros2/stm32_mavlink_uart) by extension 'ignore'
[0.378s] [34mcolcon.colcon_core.package_identification[0m [1;30mLevel 1[0m _identify(src/MAVLink_ros2/stm32_mavlink_uart) by extension 'ignore_ament_install'
[0.378s] [34mcolcon.colcon_core.package_identification[0m [1;30mLevel 1[0m _identify(src/MAVLink_ros2/stm32_mavlink_uart) by extensions ['colcon_pkg']
[0.378s] [34mcolcon.colcon_core.package_identification[0m [1;30mLevel 1[0m _identify(src/MAVLink_ros2/stm32_mavlink_uart) by extension 'colcon_pkg'
[0.378s] [34mcolcon.colcon_core.package_identification[0m [1;30mLevel 1[0m _identify(src/MAVLink_ros2/stm32_mavlink_uart) by extensions ['colcon_meta']
[0.378s] [34mcolcon.colcon_core.package_identification[0m [1;30mLevel 1[0m _identify(src/MAVLink_ros2/stm32_mavlink_uart) by extension 'colcon_meta'
[0.378s] [34mcolcon.colcon_core.package_identification[0m [1;30mLevel 1[0m _identify(src/MAVLink_ros2/stm32_mavlink_uart) by extensions ['ros']
[0.378s] [34mcolcon.colcon_core.package_identification[0m [1;30mLevel 1[0m _identify(src/MAVLink_ros2/stm32_mavlink_uart) by extension 'ros'
[0.379s] [34mcolcon.colcon_core.package_identification[0m [1;30mDEBUG[0m [32mPackage 'src/MAVLink_ros2/stm32_mavlink_uart' with type 'ros.ament_cmake' and name 'stm32_mavlink_uart'[0m
[0.380s] [34mcolcon.colcon_core.package_identification[0m [1;30mLevel 1[0m _identify(src/MAVLink_ros2/stm32_mavlink_udp) by extensions ['ignore', 'ignore_ament_install']
[0.380s] [34mcolcon.colcon_core.package_identification[0m [1;30mLevel 1[0m _identify(src/MAVLink_ros2/stm32_mavlink_udp) by extension 'ignore'
[0.380s] [34mcolcon.colcon_core.package_identification[0m [1;30mLevel 1[0m _identify(src/MAVLink_ros2/stm32_mavlink_udp) by extension 'ignore_ament_install'
[0.380s] [34mcolcon.colcon_core.package_identification[0m [1;30mLevel 1[0m _identify(src/MAVLink_ros2/stm32_mavlink_udp) by extensions ['colcon_pkg']
[0.380s] [34mcolcon.colcon_core.package_identification[0m [1;30mLevel 1[0m _identify(src/MAVLink_ros2/stm32_mavlink_udp) by extension 'colcon_pkg'
[0.380s] [34mcolcon.colcon_core.package_identification[0m [1;30mLevel 1[0m _identify(src/MAVLink_ros2/stm32_mavlink_udp) by extensions ['colcon_meta']
[0.380s] [34mcolcon.colcon_core.package_identification[0m [1;30mLevel 1[0m _identify(src/MAVLink_ros2/stm32_mavlink_udp) by extension 'colcon_meta'
[0.380s] [34mcolcon.colcon_core.package_identification[0m [1;30mLevel 1[0m _identify(src/MAVLink_ros2/stm32_mavlink_udp) by extensions ['ros']
[0.380s] [34mcolcon.colcon_core.package_identification[0m [1;30mLevel 1[0m _identify(src/MAVLink_ros2/stm32_mavlink_udp) by extension 'ros'
[0.381s] [34mcolcon.colcon_core.package_identification[0m [1;30mDEBUG[0m [32mPackage 'src/MAVLink_ros2/stm32_mavlink_udp' with type 'ros.ament_cmake' and name 'stm32_mavlink_udp'[0m
[0.381s] [34mcolcon.colcon_core.package_identification[0m [1;30mLevel 1[0m _identify(src/a_r2_description-20251207T063721Z-3-001) by extensions ['ignore', 'ignore_ament_install']
[0.381s] [34mcolcon.colcon_core.package_identification[0m [1;30mLevel 1[0m _identify(src/a_r2_description-20251207T063721Z-3-001) by extension 'ignore'
[0.381s] [34mcolcon.colcon_core.package_identification[0m [1;30mLevel 1[0m _identify(src/a_r2_description-20251207T063721Z-3-001) by extension 'ignore_ament_install'
[0.381s] [34mcolcon.colcon_core.package_identification[0m [1;30mLevel 1[0m _identify(src/a_r2_description-20251207T063721Z-3-001) by extensions ['colcon_pkg']
[0.381s] [34mcolcon.colcon_core.package_identification[0m [1;30mLevel 1[0m _identify(src/a_r2_description-20251207T063721Z-3-001) by extension 'colcon_pkg'
[0.381s] [34mcolcon.colcon_core.package_identification[0m [1;30mLevel 1[0m _identify(src/a_r2_description-20251207T063721Z-3-001) by extensions ['colcon_meta']
[0.381s] [34mcolcon.colcon_core.package_identification[0m [1;30mLevel 1[0m _identify(src/a_r2_description-20251207T063721Z-3-001) by extension 'colcon_meta'
[0.381s] [34mcolcon.colcon_core.package_identification[0m [1;30mLevel 1[0m _identify(src/a_r2_description-20251207T063721Z-3-001) by extensions ['ros']
[0.381s] [34mcolcon.colcon_core.package_identification[0m [1;30mLevel 1[0m _identify(src/a_r2_description-20251207T063721Z-3-001) by extension 'ros'
[0.381s] [34mcolcon.colcon_core.package_identification[0m [1;30mLevel 1[0m _identify(src/a_r2_description-20251207T063721Z-3-001) by extensions ['cmake', 'python']
[0.381s] [34mcolcon.colcon_core.package_identification[0m [1;30mLevel 1[0m _identify(src/a_r2_description-20251207T063721Z-3-001) by extension 'cmake'
[0.381s] [34mcolcon.colcon_core.package_identification[0m [1;30mLevel 1[0m _identify(src/a_r2_description-20251207T063721Z-3-001) by extension 'python'
[0.381s] [34mcolcon.colcon_core.package_identification[0m [1;30mLevel 1[0m _identify(src/a_r2_description-20251207T063721Z-3-001) by extensions ['python_setup_py']
[0.381s] [34mcolcon.colcon_core.package_identification[0m [1;30mLevel 1[0m _identify(src/a_r2_description-20251207T063721Z-3-001) by extension 'python_setup_py'
[0.381s] [34mcolcon.colcon_core.package_identification[0m [1;30mLevel 1[0m _identify(src/a_r2_description-20251207T063721Z-3-001/a_r2_description) by extensions ['ignore', 'ignore_ament_install']
[0.381s] [34mcolcon.colcon_core.package_identification[0m [1;30mLevel 1[0m _identify(src/a_r2_description-20251207T063721Z-3-001/a_r2_description) by extension 'ignore'
[0.381s] [34mcolcon.colcon_core.package_identification[0m [1;30mLevel 1[0m _identify(src/a_r2_description-20251207T063721Z-3-001/a_r2_description) by extension 'ignore_ament_install'
[0.382s] [34mcolcon.colcon_core.package_identification[0m [1;30mLevel 1[0m _identify(src/a_r2_description-20251207T063721Z-3-001/a_r2_description) by extensions ['colcon_pkg']
[0.382s] [34mcolcon.colcon_core.package_identification[0m [1;30mLevel 1[0m _identify(src/a_r2_description-20251207T063721Z-3-001/a_r2_description) by extension 'colcon_pkg'
[0.382s] [34mcolcon.colcon_core.package_identification[0m [1;30mLevel 1[0m _identify(src/a_r2_description-20251207T063721Z-3-001/a_r2_description) by extensions ['colcon_meta']
[0.382s] [34mcolcon.colcon_core.package_identification[0m [1;30mLevel 1[0m _identify(src/a_r2_description-20251207T063721Z-3-001/a_r2_description) by extension 'colcon_meta'
[0.382s] [34mcolcon.colcon_core.package_identification[0m [1;30mLevel 1[0m _identify(src/a_r2_description-20251207T063721Z-3-001/a_r2_description) by extensions ['ros']
[0.382s] [34mcolcon.colcon_core.package_identification[0m [1;30mLevel 1[0m _identify(src/a_r2_description-20251207T063721Z-3-001/a_r2_description) by extension 'ros'
[0.382s] [34mcolcon.colcon_core.package_identification[0m [1;30mDEBUG[0m [32mPackage 'src/a_r2_description-20251207T063721Z-3-001/a_r2_description' with type 'ros.ament_cmake' and name 'a_r2_description'[0m
[0.382s] [34mcolcon.colcon_core.package_identification[0m [1;30mLevel 1[0m _identify(src/arm_module_description-20251221T061328Z-3-001) by extensions ['ignore', 'ignore_ament_install']
[0.382s] [34mcolcon.colcon_core.package_identification[0m [1;30mLevel 1[0m _identify(src/arm_module_description-20251221T061328Z-3-001) by extension 'ignore'
[0.382s] [34mcolcon.colcon_core.package_identification[0m [1;30mLevel 1[0m _identify(src/arm_module_description-20251221T061328Z-3-001) by extension 'ignore_ament_install'
[0.382s] [34mcolcon.colcon_core.package_identification[0m [1;30mLevel 1[0m _identify(src/arm_module_description-20251221T061328Z-3-001) by extensions ['colcon_pkg']
[0.382s] [34mcolcon.colcon_core.package_identification[0m [1;30mLevel 1[0m _identify(src/arm_module_description-20251221T061328Z-3-001) by extension 'colcon_pkg'
[0.382s] [34mcolcon.colcon_core.package_identification[0m [1;30mLevel 1[0m _identify(src/arm_module_description-20251221T061328Z-3-001) by extensions ['colcon_meta']
[0.382s] [34mcolcon.colcon_core.package_identification[0m [1;30mLevel 1[0m _identify(src/arm_module_description-20251221T061328Z-3-001) by extension 'colcon_meta'
[0.383s] [34mcolcon.colcon_core.package_identification[0m [1;30mLevel 1[0m _identify(src/arm_module_description-20251221T061328Z-3-001) by extensions ['ros']
[0.383s] [34mcolcon.colcon_core.package_identification[0m [1;30mLevel 1[0m _identify(src/arm_module_description-20251221T061328Z-3-001) by extension 'ros'
[0.383s] [34mcolcon.colcon_core.package_identification[0m [1;30mLevel 1[0m _identify(src/arm_module_description-20251221T061328Z-3-001) by extensions ['cmake', 'python']
[0.383s] [34mcolcon.colcon_core.package_identification[0m [1;30mLevel 1[0m _identify(src/arm_module_description-20251221T061328Z-3-001) by extension 'cmake'
[0.383s] [34mcolcon.colcon_core.package_identification[0m [1;30mLevel 1[0m _identify(src/arm_module_description-20251221T061328Z-3-001) by extension 'python'
[0.383s] [34mcolcon.colcon_core.package_identification[0m [1;30mLevel 1[0m _identify(src/arm_module_description-20251221T061328Z-3-001) by extensions ['python_setup_py']
[0.383s] [34mcolcon.colcon_core.package_identification[0m [1;30mLevel 1[0m _identify(src/arm_module_description-20251221T061328Z-3-001) by extension 'python_setup_py'
[0.383s] [34mcolcon.colcon_core.package_identification[0m [1;30mLevel 1[0m _identify(src/arm_module_description-20251221T061328Z-3-001/arm_module_description) by extensions ['ignore', 'ignore_ament_install']
[0.383s] [34mcolcon.colcon_core.package_identification[0m [1;30mLevel 1[0m _identify(src/arm_module_description-20251221T061328Z-3-001/arm_module_description) by extension 'ignore'
[0.383s] [34mcolcon.colcon_core.package_identification[0m [1;30mLevel 1[0m _identify(src/arm_module_description-20251221T061328Z-3-001/arm_module_description) by extension 'ignore_ament_install'
[0.383s] [34mcolcon.colcon_core.package_identification[0m [1;30mLevel 1[0m _identify(src/arm_module_description-20251221T061328Z-3-001/arm_module_description) by extensions ['colcon_pkg']
[0.383s] [34mcolcon.colcon_core.package_identification[0m [1;30mLevel 1[0m _identify(src/arm_module_description-20251221T061328Z-3-001/arm_module_description) by extension 'colcon_pkg'
[0.383s] [34mcolcon.colcon_core.package_identification[0m [1;30mLevel 1[0m _identify(src/arm_module_description-20251221T061328Z-3-001/arm_module_description) by extensions ['colcon_meta']
[0.383s] [34mcolcon.colcon_core.package_identification[0m [1;30mLevel 1[0m _identify(src/arm_module_description-20251221T061328Z-3-001/arm_module_description) by extension 'colcon_meta'
[0.383s] [34mcolcon.colcon_core.package_identification[0m [1;30mLevel 1[0m _identify(src/arm_module_description-20251221T061328Z-3-001/arm_module_description) by extensions ['ros']
[0.383s] [34mcolcon.colcon_core.package_identification[0m [1;30mLevel 1[0m _identify(src/arm_module_description-20251221T061328Z-3-001/arm_module_description) by extension 'ros'
[0.384s] [34mcolcon.colcon_core.package_identification[0m [1;30mDEBUG[0m [32mPackage 'src/arm_module_description-20251221T061328Z-3-001/arm_module_description' with type 'ros.ament_cmake' and name 'arm_module_description'[0m
[0.384s] [34mcolcon.colcon_core.package_identification[0m [1;30mLevel 1[0m _identify(src/arm_v20_description-20251026T114629Z-1-001) by extensions ['ignore', 'ignore_ament_install']
[0.384s] [34mcolcon.colcon_core.package_identification[0m [1;30mLevel 1[0m _identify(src/arm_v20_description-20251026T114629Z-1-001) by extension 'ignore'
[0.384s] [34mcolcon.colcon_core.package_identification[0m [1;30mLevel 1[0m _identify(src/arm_v20_description-20251026T114629Z-1-001) by extension 'ignore_ament_install'
[0.384s] [34mcolcon.colcon_core.package_identification[0m [1;30mLevel 1[0m _identify(src/arm_v20_description-20251026T114629Z-1-001) by extensions ['colcon_pkg']
[0.384s] [34mcolcon.colcon_core.package_identification[0m [1;30mLevel 1[0m _identify(src/arm_v20_description-20251026T114629Z-1-001) by extension 'colcon_pkg'
[0.384s] [34mcolcon.colcon_core.package_identification[0m [1;30mLevel 1[0m _identify(src/arm_v20_description-20251026T114629Z-1-001) by extensions ['colcon_meta']
[0.384s] [34mcolcon.colcon_core.package_identification[0m [1;30mLevel 1[0m _identify(src/arm_v20_description-20251026T114629Z-1-001) by extension 'colcon_meta'
[0.384s] [34mcolcon.colcon_core.package_identification[0m [1;30mLevel 1[0m _identify(src/arm_v20_description-20251026T114629Z-1-001) by extensions ['ros']
[0.384s] [34mcolcon.colcon_core.package_identification[0m [1;30mLevel 1[0m _identify(src/arm_v20_description-20251026T114629Z-1-001) by extension 'ros'
[0.384s] [34mcolcon.colcon_core.package_identification[0m [1;30mLevel 1[0m _identify(src/arm_v20_description-20251026T114629Z-1-001) by extensions ['cmake', 'python']
[0.384s] [34mcolcon.colcon_core.package_identification[0m [1;30mLevel 1[0m _identify(src/arm_v20_description-20251026T114629Z-1-001) by extension 'cmake'
[0.384s] [34mcolcon.colcon_core.package_identification[0m [1;30mLevel 1[0m _identify(src/arm_v20_description-20251026T114629Z-1-001) by extension 'python'
[0.384s] [34mcolcon.colcon_core.package_identification[0m [1;30mLevel 1[0m _identify(src/arm_v20_description-20251026T114629Z-1-001) by extensions ['python_setup_py']
[0.384s] [34mcolcon.colcon_core.package_identification[0m [1;30mLevel 1[0m _identify(src/arm_v20_description-20251026T114629Z-1-001) by extension 'python_setup_py'
[0.384s] [34mcolcon.colcon_core.package_identification[0m [1;30mLevel 1[0m _identify(src/arm_v20_description-20251026T114629Z-1-001/arm_v20_description) by extensions ['ignore', 'ignore_ament_install']
[0.384s] [34mcolcon.colcon_core.package_identification[0m [1;30mLevel 1[0m _identify(src/arm_v20_description-20251026T114629Z-1-001/arm_v20_description) by extension 'ignore'
[0.384s] [34mcolcon.colcon_core.package_identification[0m [1;30mLevel 1[0m _identify(src/arm_v20_description-20251026T114629Z-1-001/arm_v20_description) by extension 'ignore_ament_install'
[0.384s] [34mcolcon.colcon_core.package_identification[0m [1;30mLevel 1[0m _identify(src/arm_v20_description-20251026T114629Z-1-001/arm_v20_description) by extensions ['colcon_pkg']
[0.384s] [34mcolcon.colcon_core.package_identification[0m [1;30mLevel 1[0m _identify(src/arm_v20_description-20251026T114629Z-1-001/arm_v20_description) by extension 'colcon_pkg'
[0.384s] [34mcolcon.colcon_core.package_identification[0m [1;30mLevel 1[0m _identify(src/arm_v20_description-20251026T114629Z-1-001/arm_v20_description) by extensions ['colcon_meta']
[0.384s] [34mcolcon.colcon_core.package_identification[0m [1;30mLevel 1[0m _identify(src/arm_v20_description-20251026T114629Z-1-001/arm_v20_description) by extension 'colcon_meta'
[0.384s] [34mcolcon.colcon_core.package_identification[0m [1;30mLevel 1[0m _identify(src/arm_v20_description-20251026T114629Z-1-001/arm_v20_description) by extensions ['ros']
[0.385s] [34mcolcon.colcon_core.package_identification[0m [1;30mLevel 1[0m _identify(src/arm_v20_description-20251026T114629Z-1-001/arm_v20_description) by extension 'ros'
[0.385s] [34mcolcon.colcon_core.package_identification[0m [1;30mDEBUG[0m [32mPackage 'src/arm_v20_description-20251026T114629Z-1-001/arm_v20_description' with type 'ros.ament_cmake' and name 'arm_v20_description'[0m
[0.385s] [34mcolcon.colcon_core.package_identification[0m [1;30mLevel 1[0m _identify(src/dynamixel_ros2) by extensions ['ignore', 'ignore_ament_install']
[0.385s] [34mcolcon.colcon_core.package_identification[0m [1;30mLevel 1[0m _identify(src/dynamixel_ros2) by extension 'ignore'
[0.385s] [34mcolcon.colcon_core.package_identification[0m [1;30mLevel 1[0m _identify(src/dynamixel_ros2) by extension 'ignore_ament_install'
[0.385s] [34mcolcon.colcon_core.package_identification[0m [1;30mLevel 1[0m _identify(src/dynamixel_ros2) by extensions ['colcon_pkg']
[0.385s] [34mcolcon.colcon_core.package_identification[0m [1;30mLevel 1[0m _identify(src/dynamixel_ros2) by extension 'colcon_pkg'
[0.385s] [34mcolcon.colcon_core.package_identification[0m [1;30mLevel 1[0m _identify(src/dynamixel_ros2) by extensions ['colcon_meta']
[0.385s] [34mcolcon.colcon_core.package_identification[0m [1;30mLevel 1[0m _identify(src/dynamixel_ros2) by extension 'colcon_meta'
[0.385s] [34mcolcon.colcon_core.package_identification[0m [1;30mLevel 1[0m _identify(src/dynamixel_ros2) by extensions ['ros']
[0.385s] [34mcolcon.colcon_core.package_identification[0m [1;30mLevel 1[0m _identify(src/dynamixel_ros2) by extension 'ros'
[0.385s] [34mcolcon.colcon_core.package_identification[0m [1;30mLevel 1[0m _identify(src/dynamixel_ros2) by extensions ['cmake', 'python']
[0.385s] [34mcolcon.colcon_core.package_identification[0m [1;30mLevel 1[0m _identify(src/dynamixel_ros2) by extension 'cmake'
[0.386s] [34mcolcon.colcon_core.package_identification[0m [1;30mLevel 1[0m _identify(src/dynamixel_ros2) by extension 'python'
[0.386s] [34mcolcon.colcon_core.package_identification[0m [1;30mLevel 1[0m _identify(src/dynamixel_ros2) by extensions ['python_setup_py']
[0.386s] [34mcolcon.colcon_core.package_identification[0m [1;30mLevel 1[0m _identify(src/dynamixel_ros2) by extension 'python_setup_py'
[0.386s] [34mcolcon.colcon_core.package_identification[0m [1;30mLevel 1[0m _identify(src/dynamixel_ros2/DynamixelSDK) by extensions ['ignore', 'ignore_ament_install']
[0.386s] [34mcolcon.colcon_core.package_identification[0m [1;30mLevel 1[0m _identify(src/dynamixel_ros2/DynamixelSDK) by extension 'ignore'
[0.386s] [34mcolcon.colcon_core.package_identification[0m [1;30mLevel 1[0m _identify(src/dynamixel_ros2/DynamixelSDK) by extension 'ignore_ament_install'
[0.386s] [34mcolcon.colcon_core.package_identification[0m [1;30mLevel 1[0m _identify(src/dynamixel_ros2/DynamixelSDK) by extensions ['colcon_pkg']
[0.386s] [34mcolcon.colcon_core.package_identification[0m [1;30mLevel 1[0m _identify(src/dynamixel_ros2/DynamixelSDK) by extension 'colcon_pkg'
[0.386s] [34mcolcon.colcon_core.package_identification[0m [1;30mLevel 1[0m _identify(src/dynamixel_ros2/DynamixelSDK) by extensions ['colcon_meta']
[0.386s] [34mcolcon.colcon_core.package_identification[0m [1;30mLevel 1[0m _identify(src/dynamixel_ros2/DynamixelSDK) by extension 'colcon_meta'
[0.386s] [34mcolcon.colcon_core.package_identification[0m [1;30mLevel 1[0m _identify(src/dynamixel_ros2/DynamixelSDK) by extensions ['ros']
[0.386s] [34mcolcon.colcon_core.package_identification[0m [1;30mLevel 1[0m _identify(src/dynamixel_ros2/DynamixelSDK) by extension 'ros'
[0.386s] [34mcolcon.colcon_core.package_identification[0m [1;30mLevel 1[0m _identify(src/dynamixel_ros2/DynamixelSDK) by extensions ['cmake', 'python']
[0.386s] [34mcolcon.colcon_core.package_identification[0m [1;30mLevel 1[0m _identify(src/dynamixel_ros2/DynamixelSDK) by extension 'cmake'
[0.386s] [34mcolcon.colcon_core.package_identification[0m [1;30mLevel 1[0m _identify(src/dynamixel_ros2/DynamixelSDK) by extension 'python'
[0.386s] [34mcolcon.colcon_core.package_identification[0m [1;30mLevel 1[0m _identify(src/dynamixel_ros2/DynamixelSDK) by extensions ['python_setup_py']
[0.386s] [34mcolcon.colcon_core.package_identification[0m [1;30mLevel 1[0m _identify(src/dynamixel_ros2/DynamixelSDK) by extension 'python_setup_py'
[0.386s] [34mcolcon.colcon_core.package_identification[0m [1;30mLevel 1[0m _identify(src/dynamixel_ros2/DynamixelSDK/dynamixel_sdk) by extensions ['ignore', 'ignore_ament_install']
[0.386s] [34mcolcon.colcon_core.package_identification[0m [1;30mLevel 1[0m _identify(src/dynamixel_ros2/DynamixelSDK/dynamixel_sdk) by extension 'ignore'
[0.386s] [34mcolcon.colcon_core.package_identification[0m [1;30mLevel 1[0m _identify(src/dynamixel_ros2/DynamixelSDK/dynamixel_sdk) by extension 'ignore_ament_install'
[0.386s] [34mcolcon.colcon_core.package_identification[0m [1;30mLevel 1[0m _identify(src/dynamixel_ros2/DynamixelSDK/dynamixel_sdk) by extensions ['colcon_pkg']
[0.386s] [34mcolcon.colcon_core.package_identification[0m [1;30mLevel 1[0m _identify(src/dynamixel_ros2/DynamixelSDK/dynamixel_sdk) by extension 'colcon_pkg'
[0.386s] [34mcolcon.colcon_core.package_identification[0m [1;30mLevel 1[0m _identify(src/dynamixel_ros2/DynamixelSDK/dynamixel_sdk) by extensions ['colcon_meta']
[0.386s] [34mcolcon.colcon_core.package_identification[0m [1;30mLevel 1[0m _identify(src/dynamixel_ros2/DynamixelSDK/dynamixel_sdk) by extension 'colcon_meta'
[0.386s] [34mcolcon.colcon_core.package_identification[0m [1;30mLevel 1[0m _identify(src/dynamixel_ros2/DynamixelSDK/dynamixel_sdk) by extensions ['ros']
[0.386s] [34mcolcon.colcon_core.package_identification[0m [1;30mLevel 1[0m _identify(src/dynamixel_ros2/DynamixelSDK/dynamixel_sdk) by extension 'ros'
[0.387s] [34mcolcon.colcon_core.package_identification[0m [1;30mDEBUG[0m [32mPackage 'src/dynamixel_ros2/DynamixelSDK/dynamixel_sdk' with type 'ros.ament_cmake' and name 'dynamixel_sdk'[0m
[0.387s] [34mcolcon.colcon_core.package_identification[0m [1;30mLevel 1[0m _identify(src/dynamixel_ros2/DynamixelSDK/dynamixel_sdk_custom_interfaces) by extensions ['ignore', 'ignore_ament_install']
[0.387s] [34mcolcon.colcon_core.package_identification[0m [1;30mLevel 1[0m _identify(src/dynamixel_ros2/DynamixelSDK/dynamixel_sdk_custom_interfaces) by extension 'ignore'
[0.387s] [34mcolcon.colcon_core.package_identification[0m [1;30mLevel 1[0m _identify(src/dynamixel_ros2/DynamixelSDK/dynamixel_sdk_custom_interfaces) by extension 'ignore_ament_install'
[0.387s] [34mcolcon.colcon_core.package_identification[0m [1;30mLevel 1[0m _identify(src/dynamixel_ros2/DynamixelSDK/dynamixel_sdk_custom_interfaces) by extensions ['colcon_pkg']
[0.387s] [34mcolcon.colcon_core.package_identification[0m [1;30mLevel 1[0m _identify(src/dynamixel_ros2/DynamixelSDK/dynamixel_sdk_custom_interfaces) by extension 'colcon_pkg'
[0.387s] [34mcolcon.colcon_core.package_identification[0m [1;30mLevel 1[0m _identify(src/dynamixel_ros2/DynamixelSDK/dynamixel_sdk_custom_interfaces) by extensions ['colcon_meta']
[0.387s] [34mcolcon.colcon_core.package_identification[0m [1;30mLevel 1[0m _identify(src/dynamixel_ros2/DynamixelSDK/dynamixel_sdk_custom_interfaces) by extension 'colcon_meta'
[0.387s] [34mcolcon.colcon_core.package_identification[0m [1;30mLevel 1[0m _identify(src/dynamixel_ros2/DynamixelSDK/dynamixel_sdk_custom_interfaces) by extensions ['ros']
[0.387s] [34mcolcon.colcon_core.package_identification[0m [1;30mLevel 1[0m _identify(src/dynamixel_ros2/DynamixelSDK/dynamixel_sdk_custom_interfaces) by extension 'ros'
[0.388s] [34mcolcon.colcon_core.package_identification[0m [1;30mDEBUG[0m [32mPackage 'src/dynamixel_ros2/DynamixelSDK/dynamixel_sdk_custom_interfaces' with type 'ros.ament_cmake' and name 'dynamixel_sdk_custom_interfaces'[0m
[0.388s] [34mcolcon.colcon_core.package_identification[0m [1;30mLevel 1[0m _identify(src/dynamixel_ros2/DynamixelSDK/dynamixel_sdk_examples) by extensions ['ignore', 'ignore_ament_install']
[0.388s] [34mcolcon.colcon_core.package_identification[0m [1;30mLevel 1[0m _identify(src/dynamixel_ros2/DynamixelSDK/dynamixel_sdk_examples) by extension 'ignore'
[0.388s] [34mcolcon.colcon_core.package_identification[0m [1;30mLevel 1[0m _identify(src/dynamixel_ros2/DynamixelSDK/dynamixel_sdk_examples) by extension 'ignore_ament_install'
[0.388s] [34mcolcon.colcon_core.package_identification[0m [1;30mLevel 1[0m _identify(src/dynamixel_ros2/DynamixelSDK/dynamixel_sdk_examples) by extensions ['colcon_pkg']
[0.388s] [34mcolcon.colcon_core.package_identification[0m [1;30mLevel 1[0m _identify(src/dynamixel_ros2/DynamixelSDK/dynamixel_sdk_examples) by extension 'colcon_pkg'
[0.388s] [34mcolcon.colcon_core.package_identification[0m [1;30mLevel 1[0m _identify(src/dynamixel_ros2/DynamixelSDK/dynamixel_sdk_examples) by extensions ['colcon_meta']
[0.388s] [34mcolcon.colcon_core.package_identification[0m [1;30mLevel 1[0m _identify(src/dynamixel_ros2/DynamixelSDK/dynamixel_sdk_examples) by extension 'colcon_meta'
[0.388s] [34mcolcon.colcon_core.package_identification[0m [1;30mLevel 1[0m _identify(src/dynamixel_ros2/DynamixelSDK/dynamixel_sdk_examples) by extensions ['ros']
[0.388s] [34mcolcon.colcon_core.package_identification[0m [1;30mLevel 1[0m _identify(src/dynamixel_ros2/DynamixelSDK/dynamixel_sdk_examples) by extension 'ros'
[0.389s] [34mcolcon.colcon_core.package_identification[0m [1;30mDEBUG[0m [32mPackage 'src/dynamixel_ros2/DynamixelSDK/dynamixel_sdk_examples' with type 'ros.ament_cmake' and name 'dynamixel_sdk_examples'[0m
[0.389s] [34mcolcon.colcon_core.package_identification[0m [1;30mLevel 1[0m _identify(src/dynamixel_ros2/dynamixel_controller) by extensions ['ignore', 'ignore_ament_install']
[0.389s] [34mcolcon.colcon_core.package_identification[0m [1;30mLevel 1[0m _identify(src/dynamixel_ros2/dynamixel_controller) by extension 'ignore'
[0.389s] [34mcolcon.colcon_core.package_identification[0m [1;30mLevel 1[0m _identify(src/dynamixel_ros2/dynamixel_controller) by extension 'ignore_ament_install'
[0.389s] [34mcolcon.colcon_core.package_identification[0m [1;30mLevel 1[0m _identify(src/dynamixel_ros2/dynamixel_controller) by extensions ['colcon_pkg']
[0.389s] [34mcolcon.colcon_core.package_identification[0m [1;30mLevel 1[0m _identify(src/dynamixel_ros2/dynamixel_controller) by extension 'colcon_pkg'
[0.389s] [34mcolcon.colcon_core.package_identification[0m [1;30mLevel 1[0m _identify(src/dynamixel_ros2/dynamixel_controller) by extensions ['colcon_meta']
[0.389s] [34mcolcon.colcon_core.package_identification[0m [1;30mLevel 1[0m _identify(src/dynamixel_ros2/dynamixel_controller) by extension 'colcon_meta'
[0.389s] [34mcolcon.colcon_core.package_identification[0m [1;30mLevel 1[0m _identify(src/dynamixel_ros2/dynamixel_controller) by extensions ['ros']
[0.389s] [34mcolcon.colcon_core.package_identification[0m [1;30mLevel 1[0m _identify(src/dynamixel_ros2/dynamixel_controller) by extension 'ros'
[0.390s] [34mcolcon.colcon_core.package_identification[0m [1;30mDEBUG[0m [32mPackage 'src/dynamixel_ros2/dynamixel_controller' with type 'ros.ament_cmake' and name 'dynamixel_controller'[0m
[0.390s] [34mcolcon.colcon_core.package_identification[0m [1;30mLevel 1[0m _identify(src/dynamixel_ros2/dynamixel_controller_client) by extensions ['ignore', 'ignore_ament_install']
[0.390s] [34mcolcon.colcon_core.package_identification[0m [1;30mLevel 1[0m _identify(src/dynamixel_ros2/dynamixel_controller_client) by extension 'ignore'
[0.390s] [34mcolcon.colcon_core.package_identification[0m [1;30mLevel 1[0m _identify(src/dynamixel_ros2/dynamixel_controller_client) by extension 'ignore_ament_install'
[0.390s] [34mcolcon.colcon_core.package_identification[0m [1;30mLevel 1[0m _identify(src/dynamixel_ros2/dynamixel_controller_client) by extensions ['colcon_pkg']
[0.390s] [34mcolcon.colcon_core.package_identification[0m [1;30mLevel 1[0m _identify(src/dynamixel_ros2/dynamixel_controller_client) by extension 'colcon_pkg'
[0.390s] [34mcolcon.colcon_core.package_identification[0m [1;30mLevel 1[0m _identify(src/dynamixel_ros2/dynamixel_controller_client) by extensions ['colcon_meta']
[0.390s] [34mcolcon.colcon_core.package_identification[0m [1;30mLevel 1[0m _identify(src/dynamixel_ros2/dynamixel_controller_client) by extension 'colcon_meta'
[0.390s] [34mcolcon.colcon_core.package_identification[0m [1;30mLevel 1[0m _identify(src/dynamixel_ros2/dynamixel_controller_client) by extensions ['ros']
[0.391s] [34mcolcon.colcon_core.package_identification[0m [1;30mLevel 1[0m _identify(src/dynamixel_ros2/dynamixel_controller_client) by extension 'ros'
[0.391s] [34mcolcon.colcon_core.package_identification[0m [1;30mDEBUG[0m [32mPackage 'src/dynamixel_ros2/dynamixel_controller_client' with type 'ros.ament_python' and name 'dynamixel_controller_client'[0m
[0.391s] [34mcolcon.colcon_core.package_identification[0m [1;30mLevel 1[0m _identify(src/dynamixel_ros2/dynamixel_controller_gui) by extensions ['ignore', 'ignore_ament_install']
[0.391s] [34mcolcon.colcon_core.package_identification[0m [1;30mLevel 1[0m _identify(src/dynamixel_ros2/dynamixel_controller_gui) by extension 'ignore'
[0.391s] [34mcolcon.colcon_core.package_identification[0m [1;30mLevel 1[0m _identify(src/dynamixel_ros2/dynamixel_controller_gui) by extension 'ignore_ament_install'
[0.391s] [34mcolcon.colcon_core.package_identification[0m [1;30mLevel 1[0m _identify(src/dynamixel_ros2/dynamixel_controller_gui) by extensions ['colcon_pkg']
[0.391s] [34mcolcon.colcon_core.package_identification[0m [1;30mLevel 1[0m _identify(src/dynamixel_ros2/dynamixel_controller_gui) by extension 'colcon_pkg'
[0.391s] [34mcolcon.colcon_core.package_identification[0m [1;30mLevel 1[0m _identify(src/dynamixel_ros2/dynamixel_controller_gui) by extensions ['colcon_meta']
[0.391s] [34mcolcon.colcon_core.package_identification[0m [1;30mLevel 1[0m _identify(src/dynamixel_ros2/dynamixel_controller_gui) by extension 'colcon_meta'
[0.391s] [34mcolcon.colcon_core.package_identification[0m [1;30mLevel 1[0m _identify(src/dynamixel_ros2/dynamixel_controller_gui) by extensions ['ros']
[0.391s] [34mcolcon.colcon_core.package_identification[0m [1;30mLevel 1[0m _identify(src/dynamixel_ros2/dynamixel_controller_gui) by extension 'ros'
[0.392s] [34mcolcon.colcon_core.package_identification[0m [1;30mDEBUG[0m [32mPackage 'src/dynamixel_ros2/dynamixel_controller_gui' with type 'ros.ament_python' and name 'dynamixel_controller_gui'[0m
[0.392s] [34mcolcon.colcon_core.package_identification[0m [1;30mLevel 1[0m _identify(src/launch_param_builder) by extensions ['ignore', 'ignore_ament_install']
[0.392s] [34mcolcon.colcon_core.package_identification[0m [1;30mLevel 1[0m _identify(src/launch_param_builder) by extension 'ignore'
[0.392s] [34mcolcon.colcon_core.package_identification[0m [1;30mLevel 1[0m _identify(src/launch_param_builder) by extension 'ignore_ament_install'
[0.392s] [34mcolcon.colcon_core.package_identification[0m [1;30mLevel 1[0m _identify(src/launch_param_builder) by extensions ['colcon_pkg']
[0.392s] [34mcolcon.colcon_core.package_identification[0m [1;30mLevel 1[0m _identify(src/launch_param_builder) by extension 'colcon_pkg'
[0.392s] [34mcolcon.colcon_core.package_identification[0m [1;30mLevel 1[0m _identify(src/launch_param_builder) by extensions ['colcon_meta']
[0.392s] [34mcolcon.colcon_core.package_identification[0m [1;30mLevel 1[0m _identify(src/launch_param_builder) by extension 'colcon_meta'
[0.392s] [34mcolcon.colcon_core.package_identification[0m [1;30mLevel 1[0m _identify(src/launch_param_builder) by extensions ['ros']
[0.392s] [34mcolcon.colcon_core.package_identification[0m [1;30mLevel 1[0m _identify(src/launch_param_builder) by extension 'ros'
[0.393s] [34mcolcon.colcon_core.package_identification[0m [1;30mDEBUG[0m [32mPackage 'src/launch_param_builder' with type 'ros.ament_python' and name 'launch_param_builder'[0m
[0.393s] [34mcolcon.colcon_core.package_identification[0m [1;30mLevel 1[0m _identify(src/moveit2) by extensions ['ignore', 'ignore_ament_install']
[0.393s] [34mcolcon.colcon_core.package_identification[0m [1;30mLevel 1[0m _identify(src/moveit2) by extension 'ignore'
[0.393s] [34mcolcon.colcon_core.package_identification[0m [1;30mLevel 1[0m _identify(src/moveit2) by extension 'ignore_ament_install'
[0.393s] [34mcolcon.colcon_core.package_identification[0m [1;30mLevel 1[0m _identify(src/moveit2) by extensions ['colcon_pkg']
[0.393s] [34mcolcon.colcon_core.package_identification[0m [1;30mLevel 1[0m _identify(src/moveit2) by extension 'colcon_pkg'
[0.393s] [34mcolcon.colcon_core.package_identification[0m [1;30mLevel 1[0m _identify(src/moveit2) by extensions ['colcon_meta']
[0.393s] [34mcolcon.colcon_core.package_identification[0m [1;30mLevel 1[0m _identify(src/moveit2) by extension 'colcon_meta'
[0.393s] [34mcolcon.colcon_core.package_identification[0m [1;30mLevel 1[0m _identify(src/moveit2) by extensions ['ros']
[0.393s] [34mcolcon.colcon_core.package_identification[0m [1;30mLevel 1[0m _identify(src/moveit2) by extension 'ros'
[0.393s] [34mcolcon.colcon_core.package_identification[0m [1;30mLevel 1[0m _identify(src/moveit2) by extensions ['cmake', 'python']
[0.393s] [34mcolcon.colcon_core.package_identification[0m [1;30mLevel 1[0m _identify(src/moveit2) by extension 'cmake'
[0.393s] [34mcolcon.colcon_core.package_identification[0m [1;30mLevel 1[0m _identify(src/moveit2) by extension 'python'
[0.393s] [34mcolcon.colcon_core.package_identification[0m [1;30mLevel 1[0m _identify(src/moveit2) by extensions ['python_setup_py']
[0.393s] [34mcolcon.colcon_core.package_identification[0m [1;30mLevel 1[0m _identify(src/moveit2) by extension 'python_setup_py'
[0.393s] [34mcolcon.colcon_core.package_identification[0m [1;30mLevel 1[0m _identify(src/moveit2/doc) by extensions ['ignore', 'ignore_ament_install']
[0.394s] [34mcolcon.colcon_core.package_identification[0m [1;30mLevel 1[0m _identify(src/moveit2/doc) by extension 'ignore'
[0.394s] [34mcolcon.colcon_core.package_identification[0m [1;30mLevel 1[0m _identify(src/moveit2/doc) by extension 'ignore_ament_install'
[0.394s] [34mcolcon.colcon_core.package_identification[0m [1;30mLevel 1[0m _identify(src/moveit2/doc) by extensions ['colcon_pkg']
[0.394s] [34mcolcon.colcon_core.package_identification[0m [1;30mLevel 1[0m _identify(src/moveit2/doc) by extension 'colcon_pkg'
[0.394s] [34mcolcon.colcon_core.package_identification[0m [1;30mLevel 1[0m _identify(src/moveit2/doc) by extensions ['colcon_meta']
[0.394s] [34mcolcon.colcon_core.package_identification[0m [1;30mLevel 1[0m _identify(src/moveit2/doc) by extension 'colcon_meta'
[0.394s] [34mcolcon.colcon_core.package_identification[0m [1;30mLevel 1[0m _identify(src/moveit2/doc) by extensions ['ros']
[0.394s] [34mcolcon.colcon_core.package_identification[0m [1;30mLevel 1[0m _identify(src/moveit2/doc) by extension 'ros'
[0.394s] [34mcolcon.colcon_core.package_identification[0m [1;30mLevel 1[0m _identify(src/moveit2/doc) by extensions ['cmake', 'python']
[0.394s] [34mcolcon.colcon_core.package_identification[0m [1;30mLevel 1[0m _identify(src/moveit2/doc) by extension 'cmake'
[0.394s] [34mcolcon.colcon_core.package_identification[0m [1;30mLevel 1[0m _identify(src/moveit2/doc) by extension 'python'
[0.394s] [34mcolcon.colcon_core.package_identification[0m [1;30mLevel 1[0m _identify(src/moveit2/doc) by extensions ['python_setup_py']
[0.394s] [34mcolcon.colcon_core.package_identification[0m [1;30mLevel 1[0m _identify(src/moveit2/doc) by extension 'python_setup_py'
[0.394s] [34mcolcon.colcon_core.package_identification[0m [1;30mLevel 1[0m _identify(src/moveit2/moveit) by extensions ['ignore', 'ignore_ament_install']
[0.394s] [34mcolcon.colcon_core.package_identification[0m [1;30mLevel 1[0m _identify(src/moveit2/moveit) by extension 'ignore'
[0.394s] [34mcolcon.colcon_core.package_identification[0m [1;30mLevel 1[0m _identify(src/moveit2/moveit) by extension 'ignore_ament_install'
[0.394s] [34mcolcon.colcon_core.package_identification[0m [1;30mLevel 1[0m _identify(src/moveit2/moveit) by extensions ['colcon_pkg']
[0.394s] [34mcolcon.colcon_core.package_identification[0m [1;30mLevel 1[0m _identify(src/moveit2/moveit) by extension 'colcon_pkg'
[0.394s] [34mcolcon.colcon_core.package_identification[0m [1;30mLevel 1[0m _identify(src/moveit2/moveit) by extensions ['colcon_meta']
[0.394s] [34mcolcon.colcon_core.package_identification[0m [1;30mLevel 1[0m _identify(src/moveit2/moveit) by extension 'colcon_meta'
[0.394s] [34mcolcon.colcon_core.package_identification[0m [1;30mLevel 1[0m _identify(src/moveit2/moveit) by extensions ['ros']
[0.394s] [34mcolcon.colcon_core.package_identification[0m [1;30mLevel 1[0m _identify(src/moveit2/moveit) by extension 'ros'
[0.395s] [34mcolcon.colcon_core.package_identification[0m [1;30mDEBUG[0m [32mPackage 'src/moveit2/moveit' with type 'ros.ament_cmake' and name 'moveit'[0m
[0.395s] [34mcolcon.colcon_core.package_identification[0m [1;30mLevel 1[0m _identify(src/moveit2/moveit_commander) by extensions ['ignore', 'ignore_ament_install']
[0.395s] [34mcolcon.colcon_core.package_identification[0m [1;30mLevel 1[0m _identify(src/moveit2/moveit_commander) by extension 'ignore'
[0.395s] [34mcolcon.colcon_core.package_identification[0m [1;30mLevel 1[0m _identify(src/moveit2/moveit_commander) ignored
[0.395s] [34mcolcon.colcon_core.package_identification[0m [1;30mLevel 1[0m _identify(src/moveit2/moveit_common) by extensions ['ignore', 'ignore_ament_install']
[0.395s] [34mcolcon.colcon_core.package_identification[0m [1;30mLevel 1[0m _identify(src/moveit2/moveit_common) by extension 'ignore'
[0.395s] [34mcolcon.colcon_core.package_identification[0m [1;30mLevel 1[0m _identify(src/moveit2/moveit_common) by extension 'ignore_ament_install'
[0.395s] [34mcolcon.colcon_core.package_identification[0m [1;30mLevel 1[0m _identify(src/moveit2/moveit_common) by extensions ['colcon_pkg']
[0.395s] [34mcolcon.colcon_core.package_identification[0m [1;30mLevel 1[0m _identify(src/moveit2/moveit_common) by extension 'colcon_pkg'
[0.396s] [34mcolcon.colcon_core.package_identification[0m [1;30mLevel 1[0m _identify(src/moveit2/moveit_common) by extensions ['colcon_meta']
[0.396s] [34mcolcon.colcon_core.package_identification[0m [1;30mLevel 1[0m _identify(src/moveit2/moveit_common) by extension 'colcon_meta'
[0.396s] [34mcolcon.colcon_core.package_identification[0m [1;30mLevel 1[0m _identify(src/moveit2/moveit_common) by extensions ['ros']
[0.396s] [34mcolcon.colcon_core.package_identification[0m [1;30mLevel 1[0m _identify(src/moveit2/moveit_common) by extension 'ros'
[0.396s] [34mcolcon.colcon_core.package_identification[0m [1;30mDEBUG[0m [32mPackage 'src/moveit2/moveit_common' with type 'ros.ament_cmake' and name 'moveit_common'[0m
[0.396s] [34mcolcon.colcon_core.package_identification[0m [1;30mLevel 1[0m _identify(src/moveit2/moveit_configs_utils) by extensions ['ignore', 'ignore_ament_install']
[0.396s] [34mcolcon.colcon_core.package_identification[0m [1;30mLevel 1[0m _identify(src/moveit2/moveit_configs_utils) by extension 'ignore'
[0.396s] [34mcolcon.colcon_core.package_identification[0m [1;30mLevel 1[0m _identify(src/moveit2/moveit_configs_utils) by extension 'ignore_ament_install'
[0.396s] [34mcolcon.colcon_core.package_identification[0m [1;30mLevel 1[0m _identify(src/moveit2/moveit_configs_utils) by extensions ['colcon_pkg']
[0.396s] [34mcolcon.colcon_core.package_identification[0m [1;30mLevel 1[0m _identify(src/moveit2/moveit_configs_utils) by extension 'colcon_pkg'
[0.396s] [34mcolcon.colcon_core.package_identification[0m [1;30mLevel 1[0m _identify(src/moveit2/moveit_configs_utils) by extensions ['colcon_meta']
[0.397s] [34mcolcon.colcon_core.package_identification[0m [1;30mLevel 1[0m _identify(src/moveit2/moveit_configs_utils) by extension 'colcon_meta'
[0.397s] [34mcolcon.colcon_core.package_identification[0m [1;30mLevel 1[0m _identify(src/moveit2/moveit_configs_utils) by extensions ['ros']
[0.397s] [34mcolcon.colcon_core.package_identification[0m [1;30mLevel 1[0m _identify(src/moveit2/moveit_configs_utils) by extension 'ros'
[0.397s] [34mcolcon.colcon_core.package_identification[0m [1;30mDEBUG[0m [32mPackage 'src/moveit2/moveit_configs_utils' with type 'ros.ament_python' and name 'moveit_configs_utils'[0m
[0.397s] [34mcolcon.colcon_core.package_identification[0m [1;30mLevel 1[0m _identify(src/moveit2/moveit_core) by extensions ['ignore', 'ignore_ament_install']
[0.397s] [34mcolcon.colcon_core.package_identification[0m [1;30mLevel 1[0m _identify(src/moveit2/moveit_core) by extension 'ignore'
[0.397s] [34mcolcon.colcon_core.package_identification[0m [1;30mLevel 1[0m _identify(src/moveit2/moveit_core) by extension 'ignore_ament_install'
[0.397s] [34mcolcon.colcon_core.package_identification[0m [1;30mLevel 1[0m _identify(src/moveit2/moveit_core) by extensions ['colcon_pkg']
[0.397s] [34mcolcon.colcon_core.package_identification[0m [1;30mLevel 1[0m _identify(src/moveit2/moveit_core) by extension 'colcon_pkg'
[0.397s] [34mcolcon.colcon_core.package_identification[0m [1;30mLevel 1[0m _identify(src/moveit2/moveit_core) by extensions ['colcon_meta']
[0.397s] [34mcolcon.colcon_core.package_identification[0m [1;30mLevel 1[0m _identify(src/moveit2/moveit_core) by extension 'colcon_meta'
[0.397s] [34mcolcon.colcon_core.package_identification[0m [1;30mLevel 1[0m _identify(src/moveit2/moveit_core) by extensions ['ros']
[0.398s] [34mcolcon.colcon_core.package_identification[0m [1;30mLevel 1[0m _identify(src/moveit2/moveit_core) by extension 'ros'
[0.401s] [34mcolcon.colcon_core.package_identification[0m [1;30mDEBUG[0m [32mPackage 'src/moveit2/moveit_core' with type 'ros.ament_cmake' and name 'moveit_core'[0m
[0.401s] [34mcolcon.colcon_core.package_identification[0m [1;30mLevel 1[0m _identify(src/moveit2/moveit_experimental) by extensions ['ignore', 'ignore_ament_install']
[0.401s] [34mcolcon.colcon_core.package_identification[0m [1;30mLevel 1[0m _identify(src/moveit2/moveit_experimental) by extension 'ignore'
[0.401s] [34mcolcon.colcon_core.package_identification[0m [1;30mLevel 1[0m _identify(src/moveit2/moveit_experimental) ignored
[0.401s] [34mcolcon.colcon_core.package_identification[0m [1;30mLevel 1[0m _identify(src/moveit2/moveit_kinematics) by extensions ['ignore', 'ignore_ament_install']
[0.401s] [34mcolcon.colcon_core.package_identification[0m [1;30mLevel 1[0m _identify(src/moveit2/moveit_kinematics) by extension 'ignore'
[0.401s] [34mcolcon.colcon_core.package_identification[0m [1;30mLevel 1[0m _identify(src/moveit2/moveit_kinematics) by extension 'ignore_ament_install'
[0.401s] [34mcolcon.colcon_core.package_identification[0m [1;30mLevel 1[0m _identify(src/moveit2/moveit_kinematics) by extensions ['colcon_pkg']
[0.401s] [34mcolcon.colcon_core.package_identification[0m [1;30mLevel 1[0m _identify(src/moveit2/moveit_kinematics) by extension 'colcon_pkg'
[0.401s] [34mcolcon.colcon_core.package_identification[0m [1;30mLevel 1[0m _identify(src/moveit2/moveit_kinematics) by extensions ['colcon_meta']
[0.401s] [34mcolcon.colcon_core.package_identification[0m [1;30mLevel 1[0m _identify(src/moveit2/moveit_kinematics) by extension 'colcon_meta'
[0.401s] [34mcolcon.colcon_core.package_identification[0m [1;30mLevel 1[0m _identify(src/moveit2/moveit_kinematics) by extensions ['ros']
[0.401s] [34mcolcon.colcon_core.package_identification[0m [1;30mLevel 1[0m _identify(src/moveit2/moveit_kinematics) by extension 'ros'
[0.403s] [34mcolcon.colcon_core.package_identification[0m [1;30mDEBUG[0m [32mPackage 'src/moveit2/moveit_kinematics' with type 'ros.ament_cmake' and name 'moveit_kinematics'[0m
[0.403s] [34mcolcon.colcon_core.package_identification[0m [1;30mLevel 1[0m _identify(src/moveit2/moveit_planners) by extensions ['ignore', 'ignore_ament_install']
[0.403s] [34mcolcon.colcon_core.package_identification[0m [1;30mLevel 1[0m _identify(src/moveit2/moveit_planners) by extension 'ignore'
[0.403s] [34mcolcon.colcon_core.package_identification[0m [1;30mLevel 1[0m _identify(src/moveit2/moveit_planners) by extension 'ignore_ament_install'
[0.403s] [34mcolcon.colcon_core.package_identification[0m [1;30mLevel 1[0m _identify(src/moveit2/moveit_planners) by extensions ['colcon_pkg']
[0.403s] [34mcolcon.colcon_core.package_identification[0m [1;30mLevel 1[0m _identify(src/moveit2/moveit_planners) by extension 'colcon_pkg'
[0.404s] [34mcolcon.colcon_core.package_identification[0m [1;30mLevel 1[0m _identify(src/moveit2/moveit_planners) by extensions ['colcon_meta']
[0.404s] [34mcolcon.colcon_core.package_identification[0m [1;30mLevel 1[0m _identify(src/moveit2/moveit_planners) by extension 'colcon_meta'
[0.404s] [34mcolcon.colcon_core.package_identification[0m [1;30mLevel 1[0m _identify(src/moveit2/moveit_planners) by extensions ['ros']
[0.404s] [34mcolcon.colcon_core.package_identification[0m [1;30mLevel 1[0m _identify(src/moveit2/moveit_planners) by extension 'ros'
[0.404s] [34mcolcon.colcon_core.package_identification[0m [1;30mLevel 1[0m _identify(src/moveit2/moveit_planners) by extensions ['cmake', 'python']
[0.404s] [34mcolcon.colcon_core.package_identification[0m [1;30mLevel 1[0m _identify(src/moveit2/moveit_planners) by extension 'cmake'
[0.404s] [34mcolcon.colcon_core.package_identification[0m [1;30mLevel 1[0m _identify(src/moveit2/moveit_planners) by extension 'python'
[0.404s] [34mcolcon.colcon_core.package_identification[0m [1;30mLevel 1[0m _identify(src/moveit2/moveit_planners) by extensions ['python_setup_py']
[0.404s] [34mcolcon.colcon_core.package_identification[0m [1;30mLevel 1[0m _identify(src/moveit2/moveit_planners) by extension 'python_setup_py'
[0.404s] [34mcolcon.colcon_core.package_identification[0m [1;30mLevel 1[0m _identify(src/moveit2/moveit_planners/chomp) by extensions ['ignore', 'ignore_ament_install']
[0.404s] [34mcolcon.colcon_core.package_identification[0m [1;30mLevel 1[0m _identify(src/moveit2/moveit_planners/chomp) by extension 'ignore'
[0.404s] [34mcolcon.colcon_core.package_identification[0m [1;30mLevel 1[0m _identify(src/moveit2/moveit_planners/chomp) by extension 'ignore_ament_install'
[0.404s] [34mcolcon.colcon_core.package_identification[0m [1;30mLevel 1[0m _identify(src/moveit2/moveit_planners/chomp) by extensions ['colcon_pkg']
[0.404s] [34mcolcon.colcon_core.package_identification[0m [1;30mLevel 1[0m _identify(src/moveit2/moveit_planners/chomp) by extension 'colcon_pkg'
[0.404s] [34mcolcon.colcon_core.package_identification[0m [1;30mLevel 1[0m _identify(src/moveit2/moveit_planners/chomp) by extensions ['colcon_meta']
[0.404s] [34mcolcon.colcon_core.package_identification[0m [1;30mLevel 1[0m _identify(src/moveit2/moveit_planners/chomp) by extension 'colcon_meta'
[0.404s] [34mcolcon.colcon_core.package_identification[0m [1;30mLevel 1[0m _identify(src/moveit2/moveit_planners/chomp) by extensions ['ros']
[0.404s] [34mcolcon.colcon_core.package_identification[0m [1;30mLevel 1[0m _identify(src/moveit2/moveit_planners/chomp) by extension 'ros'
[0.404s] [34mcolcon.colcon_core.package_identification[0m [1;30mLevel 1[0m _identify(src/moveit2/moveit_planners/chomp) by extensions ['cmake', 'python']
[0.404s] [34mcolcon.colcon_core.package_identification[0m [1;30mLevel 1[0m _identify(src/moveit2/moveit_planners/chomp) by extension 'cmake'
[0.404s] [34mcolcon.colcon_core.package_identification[0m [1;30mLevel 1[0m _identify(src/moveit2/moveit_planners/chomp) by extension 'python'
[0.404s] [34mcolcon.colcon_core.package_identification[0m [1;30mLevel 1[0m _identify(src/moveit2/moveit_planners/chomp) by extensions ['python_setup_py']
[0.404s] [34mcolcon.colcon_core.package_identification[0m [1;30mLevel 1[0m _identify(src/moveit2/moveit_planners/chomp) by extension 'python_setup_py'
[0.404s] [34mcolcon.colcon_core.package_identification[0m [1;30mLevel 1[0m _identify(src/moveit2/moveit_planners/chomp/chomp_interface) by extensions ['ignore', 'ignore_ament_install']
[0.404s] [34mcolcon.colcon_core.package_identification[0m [1;30mLevel 1[0m _identify(src/moveit2/moveit_planners/chomp/chomp_interface) by extension 'ignore'
[0.405s] [34mcolcon.colcon_core.package_identification[0m [1;30mLevel 1[0m _identify(src/moveit2/moveit_planners/chomp/chomp_interface) by extension 'ignore_ament_install'
[0.405s] [34mcolcon.colcon_core.package_identification[0m [1;30mLevel 1[0m _identify(src/moveit2/moveit_planners/chomp/chomp_interface) by extensions ['colcon_pkg']
[0.405s] [34mcolcon.colcon_core.package_identification[0m [1;30mLevel 1[0m _identify(src/moveit2/moveit_planners/chomp/chomp_interface) by extension 'colcon_pkg'
[0.405s] [34mcolcon.colcon_core.package_identification[0m [1;30mLevel 1[0m _identify(src/moveit2/moveit_planners/chomp/chomp_interface) by extensions ['colcon_meta']
[0.405s] [34mcolcon.colcon_core.package_identification[0m [1;30mLevel 1[0m _identify(src/moveit2/moveit_planners/chomp/chomp_interface) by extension 'colcon_meta'
[0.405s] [34mcolcon.colcon_core.package_identification[0m [1;30mLevel 1[0m _identify(src/moveit2/moveit_planners/chomp/chomp_interface) by extensions ['ros']
[0.405s] [34mcolcon.colcon_core.package_identification[0m [1;30mLevel 1[0m _identify(src/moveit2/moveit_planners/chomp/chomp_interface) by extension 'ros'
[0.405s] [34mcolcon.colcon_core.package_identification[0m [1;30mDEBUG[0m [32mPackage 'src/moveit2/moveit_planners/chomp/chomp_interface' with type 'ros.ament_cmake' and name 'moveit_planners_chomp'[0m
[0.406s] [34mcolcon.colcon_core.package_identification[0m [1;30mLevel 1[0m _identify(src/moveit2/moveit_planners/chomp/chomp_motion_planner) by extensions ['ignore', 'ignore_ament_install']
[0.406s] [34mcolcon.colcon_core.package_identification[0m [1;30mLevel 1[0m _identify(src/moveit2/moveit_planners/chomp/chomp_motion_planner) by extension 'ignore'
[0.406s] [34mcolcon.colcon_core.package_identification[0m [1;30mLevel 1[0m _identify(src/moveit2/moveit_planners/chomp/chomp_motion_planner) by extension 'ignore_ament_install'
[0.406s] [34mcolcon.colcon_core.package_identification[0m [1;30mLevel 1[0m _identify(src/moveit2/moveit_planners/chomp/chomp_motion_planner) by extensions ['colcon_pkg']
[0.406s] [34mcolcon.colcon_core.package_identification[0m [1;30mLevel 1[0m _identify(src/moveit2/moveit_planners/chomp/chomp_motion_planner) by extension 'colcon_pkg'
[0.406s] [34mcolcon.colcon_core.package_identification[0m [1;30mLevel 1[0m _identify(src/moveit2/moveit_planners/chomp/chomp_motion_planner) by extensions ['colcon_meta']
[0.406s] [34mcolcon.colcon_core.package_identification[0m [1;30mLevel 1[0m _identify(src/moveit2/moveit_planners/chomp/chomp_motion_planner) by extension 'colcon_meta'
[0.406s] [34mcolcon.colcon_core.package_identification[0m [1;30mLevel 1[0m _identify(src/moveit2/moveit_planners/chomp/chomp_motion_planner) by extensions ['ros']
[0.406s] [34mcolcon.colcon_core.package_identification[0m [1;30mLevel 1[0m _identify(src/moveit2/moveit_planners/chomp/chomp_motion_planner) by extension 'ros'
[0.407s] [34mcolcon.colcon_core.package_identification[0m [1;30mDEBUG[0m [32mPackage 'src/moveit2/moveit_planners/chomp/chomp_motion_planner' with type 'ros.ament_cmake' and name 'chomp_motion_planner'[0m
[0.407s] [34mcolcon.colcon_core.package_identification[0m [1;30mLevel 1[0m _identify(src/moveit2/moveit_planners/chomp/chomp_optimizer_adapter) by extensions ['ignore', 'ignore_ament_install']
[0.407s] [34mcolcon.colcon_core.package_identification[0m [1;30mLevel 1[0m _identify(src/moveit2/moveit_planners/chomp/chomp_optimizer_adapter) by extension 'ignore'
[0.407s] [34mcolcon.colcon_core.package_identification[0m [1;30mLevel 1[0m _identify(src/moveit2/moveit_planners/chomp/chomp_optimizer_adapter) by extension 'ignore_ament_install'
[0.407s] [34mcolcon.colcon_core.package_identification[0m [1;30mLevel 1[0m _identify(src/moveit2/moveit_planners/chomp/chomp_optimizer_adapter) by extensions ['colcon_pkg']
[0.407s] [34mcolcon.colcon_core.package_identification[0m [1;30mLevel 1[0m _identify(src/moveit2/moveit_planners/chomp/chomp_optimizer_adapter) by extension 'colcon_pkg'
[0.407s] [34mcolcon.colcon_core.package_identification[0m [1;30mLevel 1[0m _identify(src/moveit2/moveit_planners/chomp/chomp_optimizer_adapter) by extensions ['colcon_meta']
[0.407s] [34mcolcon.colcon_core.package_identification[0m [1;30mLevel 1[0m _identify(src/moveit2/moveit_planners/chomp/chomp_optimizer_adapter) by extension 'colcon_meta'
[0.407s] [34mcolcon.colcon_core.package_identification[0m [1;30mLevel 1[0m _identify(src/moveit2/moveit_planners/chomp/chomp_optimizer_adapter) by extensions ['ros']
[0.407s] [34mcolcon.colcon_core.package_identification[0m [1;30mLevel 1[0m _identify(src/moveit2/moveit_planners/chomp/chomp_optimizer_adapter) by extension 'ros'
[0.408s] [34mcolcon.colcon_core.package_identification[0m [1;30mDEBUG[0m [32mPackage 'src/moveit2/moveit_planners/chomp/chomp_optimizer_adapter' with type 'ros.ament_cmake' and name 'moveit_chomp_optimizer_adapter'[0m
[0.408s] [34mcolcon.colcon_core.package_identification[0m [1;30mLevel 1[0m _identify(src/moveit2/moveit_planners/moveit_planners) by extensions ['ignore', 'ignore_ament_install']
[0.408s] [34mcolcon.colcon_core.package_identification[0m [1;30mLevel 1[0m _identify(src/moveit2/moveit_planners/moveit_planners) by extension 'ignore'
[0.408s] [34mcolcon.colcon_core.package_identification[0m [1;30mLevel 1[0m _identify(src/moveit2/moveit_planners/moveit_planners) by extension 'ignore_ament_install'
[0.408s] [34mcolcon.colcon_core.package_identification[0m [1;30mLevel 1[0m _identify(src/moveit2/moveit_planners/moveit_planners) by extensions ['colcon_pkg']
[0.408s] [34mcolcon.colcon_core.package_identification[0m [1;30mLevel 1[0m _identify(src/moveit2/moveit_planners/moveit_planners) by extension 'colcon_pkg'
[0.408s] [34mcolcon.colcon_core.package_identification[0m [1;30mLevel 1[0m _identify(src/moveit2/moveit_planners/moveit_planners) by extensions ['colcon_meta']
[0.408s] [34mcolcon.colcon_core.package_identification[0m [1;30mLevel 1[0m _identify(src/moveit2/moveit_planners/moveit_planners) by extension 'colcon_meta'
[0.408s] [34mcolcon.colcon_core.package_identification[0m [1;30mLevel 1[0m _identify(src/moveit2/moveit_planners/moveit_planners) by extensions ['ros']
[0.408s] [34mcolcon.colcon_core.package_identification[0m [1;30mLevel 1[0m _identify(src/moveit2/moveit_planners/moveit_planners) by extension 'ros'
[0.409s] [34mcolcon.colcon_core.package_identification[0m [1;30mDEBUG[0m [32mPackage 'src/moveit2/moveit_planners/moveit_planners' with type 'ros.ament_cmake' and name 'moveit_planners'[0m
[0.409s] [34mcolcon.colcon_core.package_identification[0m [1;30mLevel 1[0m _identify(src/moveit2/moveit_planners/ompl) by extensions ['ignore', 'ignore_ament_install']
[0.409s] [34mcolcon.colcon_core.package_identification[0m [1;30mLevel 1[0m _identify(src/moveit2/moveit_planners/ompl) by extension 'ignore'
[0.409s] [34mcolcon.colcon_core.package_identification[0m [1;30mLevel 1[0m _identify(src/moveit2/moveit_planners/ompl) by extension 'ignore_ament_install'
[0.409s] [34mcolcon.colcon_core.package_identification[0m [1;30mLevel 1[0m _identify(src/moveit2/moveit_planners/ompl) by extensions ['colcon_pkg']
[0.409s] [34mcolcon.colcon_core.package_identification[0m [1;30mLevel 1[0m _identify(src/moveit2/moveit_planners/ompl) by extension 'colcon_pkg'
[0.409s] [34mcolcon.colcon_core.package_identification[0m [1;30mLevel 1[0m _identify(src/moveit2/moveit_planners/ompl) by extensions ['colcon_meta']
[0.409s] [34mcolcon.colcon_core.package_identification[0m [1;30mLevel 1[0m _identify(src/moveit2/moveit_planners/ompl) by extension 'colcon_meta'
[0.409s] [34mcolcon.colcon_core.package_identification[0m [1;30mLevel 1[0m _identify(src/moveit2/moveit_planners/ompl) by extensions ['ros']
[0.409s] [34mcolcon.colcon_core.package_identification[0m [1;30mLevel 1[0m _identify(src/moveit2/moveit_planners/ompl) by extension 'ros'
[0.410s] [34mcolcon.colcon_core.package_identification[0m [1;30mDEBUG[0m [32mPackage 'src/moveit2/moveit_planners/ompl' with type 'ros.ament_cmake' and name 'moveit_planners_ompl'[0m
[0.411s] [34mcolcon.colcon_core.package_identification[0m [1;30mLevel 1[0m _identify(src/moveit2/moveit_planners/pilz_industrial_motion_planner) by extensions ['ignore', 'ignore_ament_install']
[0.411s] [34mcolcon.colcon_core.package_identification[0m [1;30mLevel 1[0m _identify(src/moveit2/moveit_planners/pilz_industrial_motion_planner) by extension 'ignore'
[0.411s] [34mcolcon.colcon_core.package_identification[0m [1;30mLevel 1[0m _identify(src/moveit2/moveit_planners/pilz_industrial_motion_planner) by extension 'ignore_ament_install'
[0.411s] [34mcolcon.colcon_core.package_identification[0m [1;30mLevel 1[0m _identify(src/moveit2/moveit_planners/pilz_industrial_motion_planner) by extensions ['colcon_pkg']
[0.411s] [34mcolcon.colcon_core.package_identification[0m [1;30mLevel 1[0m _identify(src/moveit2/moveit_planners/pilz_industrial_motion_planner) by extension 'colcon_pkg'
[0.411s] [34mcolcon.colcon_core.package_identification[0m [1;30mLevel 1[0m _identify(src/moveit2/moveit_planners/pilz_industrial_motion_planner) by extensions ['colcon_meta']
[0.411s] [34mcolcon.colcon_core.package_identification[0m [1;30mLevel 1[0m _identify(src/moveit2/moveit_planners/pilz_industrial_motion_planner) by extension 'colcon_meta'
[0.411s] [34mcolcon.colcon_core.package_identification[0m [1;30mLevel 1[0m _identify(src/moveit2/moveit_planners/pilz_industrial_motion_planner) by extensions ['ros']
[0.411s] [34mcolcon.colcon_core.package_identification[0m [1;30mLevel 1[0m _identify(src/moveit2/moveit_planners/pilz_industrial_motion_planner) by extension 'ros'
[0.412s] [34mcolcon.colcon_core.package_identification[0m [1;30mDEBUG[0m [32mPackage 'src/moveit2/moveit_planners/pilz_industrial_motion_planner' with type 'ros.ament_cmake' and name 'pilz_industrial_motion_planner'[0m
[0.413s] [34mcolcon.colcon_core.package_identification[0m [1;30mLevel 1[0m _identify(src/moveit2/moveit_planners/pilz_industrial_motion_planner_testutils) by extensions ['ignore', 'ignore_ament_install']
[0.413s] [34mcolcon.colcon_core.package_identification[0m [1;30mLevel 1[0m _identify(src/moveit2/moveit_planners/pilz_industrial_motion_planner_testutils) by extension 'ignore'
[0.413s] [34mcolcon.colcon_core.package_identification[0m [1;30mLevel 1[0m _identify(src/moveit2/moveit_planners/pilz_industrial_motion_planner_testutils) by extension 'ignore_ament_install'
[0.413s] [34mcolcon.colcon_core.package_identification[0m [1;30mLevel 1[0m _identify(src/moveit2/moveit_planners/pilz_industrial_motion_planner_testutils) by extensions ['colcon_pkg']
[0.413s] [34mcolcon.colcon_core.package_identification[0m [1;30mLevel 1[0m _identify(src/moveit2/moveit_planners/pilz_industrial_motion_planner_testutils) by extension 'colcon_pkg'
[0.413s] [34mcolcon.colcon_core.package_identification[0m [1;30mLevel 1[0m _identify(src/moveit2/moveit_planners/pilz_industrial_motion_planner_testutils) by extensions ['colcon_meta']
[0.413s] [34mcolcon.colcon_core.package_identification[0m [1;30mLevel 1[0m _identify(src/moveit2/moveit_planners/pilz_industrial_motion_planner_testutils) by extension 'colcon_meta'
[0.413s] [34mcolcon.colcon_core.package_identification[0m [1;30mLevel 1[0m _identify(src/moveit2/moveit_planners/pilz_industrial_motion_planner_testutils) by extensions ['ros']
[0.413s] [34mcolcon.colcon_core.package_identification[0m [1;30mLevel 1[0m _identify(src/moveit2/moveit_planners/pilz_industrial_motion_planner_testutils) by extension 'ros'
[0.414s] [34mcolcon.colcon_core.package_identification[0m [1;30mDEBUG[0m [32mPackage 'src/moveit2/moveit_planners/pilz_industrial_motion_planner_testutils' with type 'ros.ament_cmake' and name 'pilz_industrial_motion_planner_testutils'[0m
[0.414s] [34mcolcon.colcon_core.package_identification[0m [1;30mLevel 1[0m _identify(src/moveit2/moveit_planners/test_configs) by extensions ['ignore', 'ignore_ament_install']
[0.414s] [34mcolcon.colcon_core.package_identification[0m [1;30mLevel 1[0m _identify(src/moveit2/moveit_planners/test_configs) by extension 'ignore'
[0.414s] [34mcolcon.colcon_core.package_identification[0m [1;30mLevel 1[0m _identify(src/moveit2/moveit_planners/test_configs) by extension 'ignore_ament_install'
[0.414s] [34mcolcon.colcon_core.package_identification[0m [1;30mLevel 1[0m _identify(src/moveit2/moveit_planners/test_configs) by extensions ['colcon_pkg']
[0.414s] [34mcolcon.colcon_core.package_identification[0m [1;30mLevel 1[0m _identify(src/moveit2/moveit_planners/test_configs) by extension 'colcon_pkg'
[0.414s] [34mcolcon.colcon_core.package_identification[0m [1;30mLevel 1[0m _identify(src/moveit2/moveit_planners/test_configs) by extensions ['colcon_meta']
[0.414s] [34mcolcon.colcon_core.package_identification[0m [1;30mLevel 1[0m _identify(src/moveit2/moveit_planners/test_configs) by extension 'colcon_meta'
[0.414s] [34mcolcon.colcon_core.package_identification[0m [1;30mLevel 1[0m _identify(src/moveit2/moveit_planners/test_configs) by extensions ['ros']
[0.414s] [34mcolcon.colcon_core.package_identification[0m [1;30mLevel 1[0m _identify(src/moveit2/moveit_planners/test_configs) by extension 'ros'
[0.414s] [34mcolcon.colcon_core.package_identification[0m [1;30mLevel 1[0m _identify(src/moveit2/moveit_planners/test_configs) by extensions ['cmake', 'python']
[0.414s] [34mcolcon.colcon_core.package_identification[0m [1;30mLevel 1[0m _identify(src/moveit2/moveit_planners/test_configs) by extension 'cmake'
[0.414s] [34mcolcon.colcon_core.package_identification[0m [1;30mLevel 1[0m _identify(src/moveit2/moveit_planners/test_configs) by extension 'python'
[0.414s] [34mcolcon.colcon_core.package_identification[0m [1;30mLevel 1[0m _identify(src/moveit2/moveit_planners/test_configs) by extensions ['python_setup_py']
[0.414s] [34mcolcon.colcon_core.package_identification[0m [1;30mLevel 1[0m _identify(src/moveit2/moveit_planners/test_configs) by extension 'python_setup_py'
[0.414s] [34mcolcon.colcon_core.package_identification[0m [1;30mLevel 1[0m _identify(src/moveit2/moveit_planners/test_configs/prbt_ikfast_manipulator_plugin) by extensions ['ignore', 'ignore_ament_install']
[0.415s] [34mcolcon.colcon_core.package_identification[0m [1;30mLevel 1[0m _identify(src/moveit2/moveit_planners/test_configs/prbt_ikfast_manipulator_plugin) by extension 'ignore'
[0.415s] [34mcolcon.colcon_core.package_identification[0m [1;30mLevel 1[0m _identify(src/moveit2/moveit_planners/test_configs/prbt_ikfast_manipulator_plugin) by extension 'ignore_ament_install'
[0.415s] [34mcolcon.colcon_core.package_identification[0m [1;30mLevel 1[0m _identify(src/moveit2/moveit_planners/test_configs/prbt_ikfast_manipulator_plugin) by extensions ['colcon_pkg']
[0.415s] [34mcolcon.colcon_core.package_identification[0m [1;30mLevel 1[0m _identify(src/moveit2/moveit_planners/test_configs/prbt_ikfast_manipulator_plugin) by extension 'colcon_pkg'
[0.415s] [34mcolcon.colcon_core.package_identification[0m [1;30mLevel 1[0m _identify(src/moveit2/moveit_planners/test_configs/prbt_ikfast_manipulator_plugin) by extensions ['colcon_meta']
[0.415s] [34mcolcon.colcon_core.package_identification[0m [1;30mLevel 1[0m _identify(src/moveit2/moveit_planners/test_configs/prbt_ikfast_manipulator_plugin) by extension 'colcon_meta'
[0.415s] [34mcolcon.colcon_core.package_identification[0m [1;30mLevel 1[0m _identify(src/moveit2/moveit_planners/test_configs/prbt_ikfast_manipulator_plugin) by extensions ['ros']
[0.415s] [34mcolcon.colcon_core.package_identification[0m [1;30mLevel 1[0m _identify(src/moveit2/moveit_planners/test_configs/prbt_ikfast_manipulator_plugin) by extension 'ros'
[0.415s] [34mcolcon.colcon_core.package_identification[0m [1;30mDEBUG[0m [32mPackage 'src/moveit2/moveit_planners/test_configs/prbt_ikfast_manipulator_plugin' with type 'ros.ament_cmake' and name 'moveit_resources_prbt_ikfast_manipulator_plugin'[0m
[0.416s] [34mcolcon.colcon_core.package_identification[0m [1;30mLevel 1[0m _identify(src/moveit2/moveit_planners/test_configs/prbt_moveit_config) by extensions ['ignore', 'ignore_ament_install']
[0.416s] [34mcolcon.colcon_core.package_identification[0m [1;30mLevel 1[0m _identify(src/moveit2/moveit_planners/test_configs/prbt_moveit_config) by extension 'ignore'
[0.416s] [34mcolcon.colcon_core.package_identification[0m [1;30mLevel 1[0m _identify(src/moveit2/moveit_planners/test_configs/prbt_moveit_config) by extension 'ignore_ament_install'
[0.416s] [34mcolcon.colcon_core.package_identification[0m [1;30mLevel 1[0m _identify(src/moveit2/moveit_planners/test_configs/prbt_moveit_config) by extensions ['colcon_pkg']
[0.416s] [34mcolcon.colcon_core.package_identification[0m [1;30mLevel 1[0m _identify(src/moveit2/moveit_planners/test_configs/prbt_moveit_config) by extension 'colcon_pkg'
[0.416s] [34mcolcon.colcon_core.package_identification[0m [1;30mLevel 1[0m _identify(src/moveit2/moveit_planners/test_configs/prbt_moveit_config) by extensions ['colcon_meta']
[0.416s] [34mcolcon.colcon_core.package_identification[0m [1;30mLevel 1[0m _identify(src/moveit2/moveit_planners/test_configs/prbt_moveit_config) by extension 'colcon_meta'
[0.416s] [34mcolcon.colcon_core.package_identification[0m [1;30mLevel 1[0m _identify(src/moveit2/moveit_planners/test_configs/prbt_moveit_config) by extensions ['ros']
[0.416s] [34mcolcon.colcon_core.package_identification[0m [1;30mLevel 1[0m _identify(src/moveit2/moveit_planners/test_configs/prbt_moveit_config) by extension 'ros'
[0.416s] [34mcolcon.colcon_core.package_identification[0m [1;30mDEBUG[0m [32mPackage 'src/moveit2/moveit_planners/test_configs/prbt_moveit_config' with type 'ros.ament_cmake' and name 'moveit_resources_prbt_moveit_config'[0m
[0.417s] [34mcolcon.colcon_core.package_identification[0m [1;30mLevel 1[0m _identify(src/moveit2/moveit_planners/test_configs/prbt_pg70_support) by extensions ['ignore', 'ignore_ament_install']
[0.417s] [34mcolcon.colcon_core.package_identification[0m [1;30mLevel 1[0m _identify(src/moveit2/moveit_planners/test_configs/prbt_pg70_support) by extension 'ignore'
[0.417s] [34mcolcon.colcon_core.package_identification[0m [1;30mLevel 1[0m _identify(src/moveit2/moveit_planners/test_configs/prbt_pg70_support) by extension 'ignore_ament_install'
[0.417s] [34mcolcon.colcon_core.package_identification[0m [1;30mLevel 1[0m _identify(src/moveit2/moveit_planners/test_configs/prbt_pg70_support) by extensions ['colcon_pkg']
[0.417s] [34mcolcon.colcon_core.package_identification[0m [1;30mLevel 1[0m _identify(src/moveit2/moveit_planners/test_configs/prbt_pg70_support) by extension 'colcon_pkg'
[0.417s] [34mcolcon.colcon_core.package_identification[0m [1;30mLevel 1[0m _identify(src/moveit2/moveit_planners/test_configs/prbt_pg70_support) by extensions ['colcon_meta']
[0.417s] [34mcolcon.colcon_core.package_identification[0m [1;30mLevel 1[0m _identify(src/moveit2/moveit_planners/test_configs/prbt_pg70_support) by extension 'colcon_meta'
[0.417s] [34mcolcon.colcon_core.package_identification[0m [1;30mLevel 1[0m _identify(src/moveit2/moveit_planners/test_configs/prbt_pg70_support) by extensions ['ros']
[0.417s] [34mcolcon.colcon_core.package_identification[0m [1;30mLevel 1[0m _identify(src/moveit2/moveit_planners/test_configs/prbt_pg70_support) by extension 'ros'
[0.417s] [34mcolcon.colcon_core.package_identification[0m [1;30mDEBUG[0m [32mPackage 'src/moveit2/moveit_planners/test_configs/prbt_pg70_support' with type 'ros.ament_cmake' and name 'moveit_resources_prbt_pg70_support'[0m
[0.418s] [34mcolcon.colcon_core.package_identification[0m [1;30mLevel 1[0m _identify(src/moveit2/moveit_planners/test_configs/prbt_support) by extensions ['ignore', 'ignore_ament_install']
[0.418s] [34mcolcon.colcon_core.package_identification[0m [1;30mLevel 1[0m _identify(src/moveit2/moveit_planners/test_configs/prbt_support) by extension 'ignore'
[0.418s] [34mcolcon.colcon_core.package_identification[0m [1;30mLevel 1[0m _identify(src/moveit2/moveit_planners/test_configs/prbt_support) by extension 'ignore_ament_install'
[0.418s] [34mcolcon.colcon_core.package_identification[0m [1;30mLevel 1[0m _identify(src/moveit2/moveit_planners/test_configs/prbt_support) by extensions ['colcon_pkg']
[0.418s] [34mcolcon.colcon_core.package_identification[0m [1;30mLevel 1[0m _identify(src/moveit2/moveit_planners/test_configs/prbt_support) by extension 'colcon_pkg'
[0.418s] [34mcolcon.colcon_core.package_identification[0m [1;30mLevel 1[0m _identify(src/moveit2/moveit_planners/test_configs/prbt_support) by extensions ['colcon_meta']
[0.418s] [34mcolcon.colcon_core.package_identification[0m [1;30mLevel 1[0m _identify(src/moveit2/moveit_planners/test_configs/prbt_support) by extension 'colcon_meta'
[0.418s] [34mcolcon.colcon_core.package_identification[0m [1;30mLevel 1[0m _identify(src/moveit2/moveit_planners/test_configs/prbt_support) by extensions ['ros']
[0.418s] [34mcolcon.colcon_core.package_identification[0m [1;30mLevel 1[0m _identify(src/moveit2/moveit_planners/test_configs/prbt_support) by extension 'ros'
[0.418s] [34mcolcon.colcon_core.package_identification[0m [1;30mDEBUG[0m [32mPackage 'src/moveit2/moveit_planners/test_configs/prbt_support' with type 'ros.ament_cmake' and name 'moveit_resources_prbt_support'[0m
[0.418s] [34mcolcon.colcon_core.package_identification[0m [1;30mLevel 1[0m _identify(src/moveit2/moveit_planners/trajopt) by extensions ['ignore', 'ignore_ament_install']
[0.419s] [34mcolcon.colcon_core.package_identification[0m [1;30mLevel 1[0m _identify(src/moveit2/moveit_planners/trajopt) by extension 'ignore'
[0.419s] [34mcolcon.colcon_core.package_identification[0m [1;30mLevel 1[0m _identify(src/moveit2/moveit_planners/trajopt) ignored
[0.419s] [34mcolcon.colcon_core.package_identification[0m [1;30mLevel 1[0m _identify(src/moveit2/moveit_plugins) by extensions ['ignore', 'ignore_ament_install']
[0.419s] [34mcolcon.colcon_core.package_identification[0m [1;30mLevel 1[0m _identify(src/moveit2/moveit_plugins) by extension 'ignore'
[0.419s] [34mcolcon.colcon_core.package_identification[0m [1;30mLevel 1[0m _identify(src/moveit2/moveit_plugins) by extension 'ignore_ament_install'
[0.419s] [34mcolcon.colcon_core.package_identification[0m [1;30mLevel 1[0m _identify(src/moveit2/moveit_plugins) by extensions ['colcon_pkg']
[0.419s] [34mcolcon.colcon_core.package_identification[0m [1;30mLevel 1[0m _identify(src/moveit2/moveit_plugins) by extension 'colcon_pkg'
[0.419s] [34mcolcon.colcon_core.package_identification[0m [1;30mLevel 1[0m _identify(src/moveit2/moveit_plugins) by extensions ['colcon_meta']
[0.419s] [34mcolcon.colcon_core.package_identification[0m [1;30mLevel 1[0m _identify(src/moveit2/moveit_plugins) by extension 'colcon_meta'
[0.419s] [34mcolcon.colcon_core.package_identification[0m [1;30mLevel 1[0m _identify(src/moveit2/moveit_plugins) by extensions ['ros']
[0.419s] [34mcolcon.colcon_core.package_identification[0m [1;30mLevel 1[0m _identify(src/moveit2/moveit_plugins) by extension 'ros'
[0.419s] [34mcolcon.colcon_core.package_identification[0m [1;30mLevel 1[0m _identify(src/moveit2/moveit_plugins) by extensions ['cmake', 'python']
[0.419s] [34mcolcon.colcon_core.package_identification[0m [1;30mLevel 1[0m _identify(src/moveit2/moveit_plugins) by extension 'cmake'
[0.419s] [34mcolcon.colcon_core.package_identification[0m [1;30mLevel 1[0m _identify(src/moveit2/moveit_plugins) by extension 'python'
[0.419s] [34mcolcon.colcon_core.package_identification[0m [1;30mLevel 1[0m _identify(src/moveit2/moveit_plugins) by extensions ['python_setup_py']
[0.419s] [34mcolcon.colcon_core.package_identification[0m [1;30mLevel 1[0m _identify(src/moveit2/moveit_plugins) by extension 'python_setup_py'
[0.419s] [34mcolcon.colcon_core.package_identification[0m [1;30mLevel 1[0m _identify(src/moveit2/moveit_plugins/moveit_plugins) by extensions ['ignore', 'ignore_ament_install']
[0.419s] [34mcolcon.colcon_core.package_identification[0m [1;30mLevel 1[0m _identify(src/moveit2/moveit_plugins/moveit_plugins) by extension 'ignore'
[0.419s] [34mcolcon.colcon_core.package_identification[0m [1;30mLevel 1[0m _identify(src/moveit2/moveit_plugins/moveit_plugins) by extension 'ignore_ament_install'
[0.419s] [34mcolcon.colcon_core.package_identification[0m [1;30mLevel 1[0m _identify(src/moveit2/moveit_plugins/moveit_plugins) by extensions ['colcon_pkg']
[0.419s] [34mcolcon.colcon_core.package_identification[0m [1;30mLevel 1[0m _identify(src/moveit2/moveit_plugins/moveit_plugins) by extension 'colcon_pkg'
[0.419s] [34mcolcon.colcon_core.package_identification[0m [1;30mLevel 1[0m _identify(src/moveit2/moveit_plugins/moveit_plugins) by extensions ['colcon_meta']
[0.419s] [34mcolcon.colcon_core.package_identification[0m [1;30mLevel 1[0m _identify(src/moveit2/moveit_plugins/moveit_plugins) by extension 'colcon_meta'
[0.419s] [34mcolcon.colcon_core.package_identification[0m [1;30mLevel 1[0m _identify(src/moveit2/moveit_plugins/moveit_plugins) by extensions ['ros']
[0.419s] [34mcolcon.colcon_core.package_identification[0m [1;30mLevel 1[0m _identify(src/moveit2/moveit_plugins/moveit_plugins) by extension 'ros'
[0.420s] [34mcolcon.colcon_core.package_identification[0m [1;30mDEBUG[0m [32mPackage 'src/moveit2/moveit_plugins/moveit_plugins' with type 'ros.ament_cmake' and name 'moveit_plugins'[0m
[0.420s] [34mcolcon.colcon_core.package_identification[0m [1;30mLevel 1[0m _identify(src/moveit2/moveit_plugins/moveit_ros_control_interface) by extensions ['ignore', 'ignore_ament_install']
[0.420s] [34mcolcon.colcon_core.package_identification[0m [1;30mLevel 1[0m _identify(src/moveit2/moveit_plugins/moveit_ros_control_interface) by extension 'ignore'
[0.420s] [34mcolcon.colcon_core.package_identification[0m [1;30mLevel 1[0m _identify(src/moveit2/moveit_plugins/moveit_ros_control_interface) by extension 'ignore_ament_install'
[0.420s] [34mcolcon.colcon_core.package_identification[0m [1;30mLevel 1[0m _identify(src/moveit2/moveit_plugins/moveit_ros_control_interface) by extensions ['colcon_pkg']
[0.420s] [34mcolcon.colcon_core.package_identification[0m [1;30mLevel 1[0m _identify(src/moveit2/moveit_plugins/moveit_ros_control_interface) by extension 'colcon_pkg'
[0.420s] [34mcolcon.colcon_core.package_identification[0m [1;30mLevel 1[0m _identify(src/moveit2/moveit_plugins/moveit_ros_control_interface) by extensions ['colcon_meta']
[0.420s] [34mcolcon.colcon_core.package_identification[0m [1;30mLevel 1[0m _identify(src/moveit2/moveit_plugins/moveit_ros_control_interface) by extension 'colcon_meta'
[0.420s] [34mcolcon.colcon_core.package_identification[0m [1;30mLevel 1[0m _identify(src/moveit2/moveit_plugins/moveit_ros_control_interface) by extensions ['ros']
[0.420s] [34mcolcon.colcon_core.package_identification[0m [1;30mLevel 1[0m _identify(src/moveit2/moveit_plugins/moveit_ros_control_interface) by extension 'ros'
[0.421s] [34mcolcon.colcon_core.package_identification[0m [1;30mDEBUG[0m [32mPackage 'src/moveit2/moveit_plugins/moveit_ros_control_interface' with type 'ros.ament_cmake' and name 'moveit_ros_control_interface'[0m
[0.421s] [34mcolcon.colcon_core.package_identification[0m [1;30mLevel 1[0m _identify(src/moveit2/moveit_plugins/moveit_simple_controller_manager) by extensions ['ignore', 'ignore_ament_install']
[0.421s] [34mcolcon.colcon_core.package_identification[0m [1;30mLevel 1[0m _identify(src/moveit2/moveit_plugins/moveit_simple_controller_manager) by extension 'ignore'
[0.422s] [34mcolcon.colcon_core.package_identification[0m [1;30mLevel 1[0m _identify(src/moveit2/moveit_plugins/moveit_simple_controller_manager) by extension 'ignore_ament_install'
[0.422s] [34mcolcon.colcon_core.package_identification[0m [1;30mLevel 1[0m _identify(src/moveit2/moveit_plugins/moveit_simple_controller_manager) by extensions ['colcon_pkg']
[0.422s] [34mcolcon.colcon_core.package_identification[0m [1;30mLevel 1[0m _identify(src/moveit2/moveit_plugins/moveit_simple_controller_manager) by extension 'colcon_pkg'
[0.422s] [34mcolcon.colcon_core.package_identification[0m [1;30mLevel 1[0m _identify(src/moveit2/moveit_plugins/moveit_simple_controller_manager) by extensions ['colcon_meta']
[0.422s] [34mcolcon.colcon_core.package_identification[0m [1;30mLevel 1[0m _identify(src/moveit2/moveit_plugins/moveit_simple_controller_manager) by extension 'colcon_meta'
[0.422s] [34mcolcon.colcon_core.package_identification[0m [1;30mLevel 1[0m _identify(src/moveit2/moveit_plugins/moveit_simple_controller_manager) by extensions ['ros']
[0.422s] [34mcolcon.colcon_core.package_identification[0m [1;30mLevel 1[0m _identify(src/moveit2/moveit_plugins/moveit_simple_controller_manager) by extension 'ros'
[0.423s] [34mcolcon.colcon_core.package_identification[0m [1;30mDEBUG[0m [32mPackage 'src/moveit2/moveit_plugins/moveit_simple_controller_manager' with type 'ros.ament_cmake' and name 'moveit_simple_controller_manager'[0m
[0.423s] [34mcolcon.colcon_core.package_identification[0m [1;30mLevel 1[0m _identify(src/moveit2/moveit_ros) by extensions ['ignore', 'ignore_ament_install']
[0.423s] [34mcolcon.colcon_core.package_identification[0m [1;30mLevel 1[0m _identify(src/moveit2/moveit_ros) by extension 'ignore'
[0.423s] [34mcolcon.colcon_core.package_identification[0m [1;30mLevel 1[0m _identify(src/moveit2/moveit_ros) by extension 'ignore_ament_install'
[0.423s] [34mcolcon.colcon_core.package_identification[0m [1;30mLevel 1[0m _identify(src/moveit2/moveit_ros) by extensions ['colcon_pkg']
[0.423s] [34mcolcon.colcon_core.package_identification[0m [1;30mLevel 1[0m _identify(src/moveit2/moveit_ros) by extension 'colcon_pkg'
[0.423s] [34mcolcon.colcon_core.package_identification[0m [1;30mLevel 1[0m _identify(src/moveit2/moveit_ros) by extensions ['colcon_meta']
[0.423s] [34mcolcon.colcon_core.package_identification[0m [1;30mLevel 1[0m _identify(src/moveit2/moveit_ros) by extension 'colcon_meta'
[0.423s] [34mcolcon.colcon_core.package_identification[0m [1;30mLevel 1[0m _identify(src/moveit2/moveit_ros) by extensions ['ros']
[0.423s] [34mcolcon.colcon_core.package_identification[0m [1;30mLevel 1[0m _identify(src/moveit2/moveit_ros) by extension 'ros'
[0.423s] [34mcolcon.colcon_core.package_identification[0m [1;30mLevel 1[0m _identify(src/moveit2/moveit_ros) by extensions ['cmake', 'python']
[0.423s] [34mcolcon.colcon_core.package_identification[0m [1;30mLevel 1[0m _identify(src/moveit2/moveit_ros) by extension 'cmake'
[0.423s] [34mcolcon.colcon_core.package_identification[0m [1;30mLevel 1[0m _identify(src/moveit2/moveit_ros) by extension 'python'
[0.423s] [34mcolcon.colcon_core.package_identification[0m [1;30mLevel 1[0m _identify(src/moveit2/moveit_ros) by extensions ['python_setup_py']
[0.423s] [34mcolcon.colcon_core.package_identification[0m [1;30mLevel 1[0m _identify(src/moveit2/moveit_ros) by extension 'python_setup_py'
[0.423s] [34mcolcon.colcon_core.package_identification[0m [1;30mLevel 1[0m _identify(src/moveit2/moveit_ros/benchmarks) by extensions ['ignore', 'ignore_ament_install']
[0.423s] [34mcolcon.colcon_core.package_identification[0m [1;30mLevel 1[0m _identify(src/moveit2/moveit_ros/benchmarks) by extension 'ignore'
[0.424s] [34mcolcon.colcon_core.package_identification[0m [1;30mLevel 1[0m _identify(src/moveit2/moveit_ros/benchmarks) by extension 'ignore_ament_install'
[0.424s] [34mcolcon.colcon_core.package_identification[0m [1;30mLevel 1[0m _identify(src/moveit2/moveit_ros/benchmarks) by extensions ['colcon_pkg']
[0.424s] [34mcolcon.colcon_core.package_identification[0m [1;30mLevel 1[0m _identify(src/moveit2/moveit_ros/benchmarks) by extension 'colcon_pkg'
[0.424s] [34mcolcon.colcon_core.package_identification[0m [1;30mLevel 1[0m _identify(src/moveit2/moveit_ros/benchmarks) by extensions ['colcon_meta']
[0.424s] [34mcolcon.colcon_core.package_identification[0m [1;30mLevel 1[0m _identify(src/moveit2/moveit_ros/benchmarks) by extension 'colcon_meta'
[0.424s] [34mcolcon.colcon_core.package_identification[0m [1;30mLevel 1[0m _identify(src/moveit2/moveit_ros/benchmarks) by extensions ['ros']
[0.424s] [34mcolcon.colcon_core.package_identification[0m [1;30mLevel 1[0m _identify(src/moveit2/moveit_ros/benchmarks) by extension 'ros'
[0.425s] [34mcolcon.colcon_core.package_identification[0m [1;30mDEBUG[0m [32mPackage 'src/moveit2/moveit_ros/benchmarks' with type 'ros.ament_cmake' and name 'moveit_ros_benchmarks'[0m
[0.425s] [34mcolcon.colcon_core.package_identification[0m [1;30mLevel 1[0m _identify(src/moveit2/moveit_ros/hybrid_planning) by extensions ['ignore', 'ignore_ament_install']
[0.425s] [34mcolcon.colcon_core.package_identification[0m [1;30mLevel 1[0m _identify(src/moveit2/moveit_ros/hybrid_planning) by extension 'ignore'
[0.425s] [34mcolcon.colcon_core.package_identification[0m [1;30mLevel 1[0m _identify(src/moveit2/moveit_ros/hybrid_planning) by extension 'ignore_ament_install'
[0.425s] [34mcolcon.colcon_core.package_identification[0m [1;30mLevel 1[0m _identify(src/moveit2/moveit_ros/hybrid_planning) by extensions ['colcon_pkg']
[0.425s] [34mcolcon.colcon_core.package_identification[0m [1;30mLevel 1[0m _identify(src/moveit2/moveit_ros/hybrid_planning) by extension 'colcon_pkg'
[0.425s] [34mcolcon.colcon_core.package_identification[0m [1;30mLevel 1[0m _identify(src/moveit2/moveit_ros/hybrid_planning) by extensions ['colcon_meta']
[0.425s] [34mcolcon.colcon_core.package_identification[0m [1;30mLevel 1[0m _identify(src/moveit2/moveit_ros/hybrid_planning) by extension 'colcon_meta'
[0.425s] [34mcolcon.colcon_core.package_identification[0m [1;30mLevel 1[0m _identify(src/moveit2/moveit_ros/hybrid_planning) by extensions ['ros']
[0.425s] [34mcolcon.colcon_core.package_identification[0m [1;30mLevel 1[0m _identify(src/moveit2/moveit_ros/hybrid_planning) by extension 'ros'
[0.427s] [34mcolcon.colcon_core.package_identification[0m [1;30mDEBUG[0m [32mPackage 'src/moveit2/moveit_ros/hybrid_planning' with type 'ros.ament_cmake' and name 'moveit_hybrid_planning'[0m
[0.427s] [34mcolcon.colcon_core.package_identification[0m [1;30mLevel 1[0m _identify(src/moveit2/moveit_ros/move_group) by extensions ['ignore', 'ignore_ament_install']
[0.427s] [34mcolcon.colcon_core.package_identification[0m [1;30mLevel 1[0m _identify(src/moveit2/moveit_ros/move_group) by extension 'ignore'
[0.427s] [34mcolcon.colcon_core.package_identification[0m [1;30mLevel 1[0m _identify(src/moveit2/moveit_ros/move_group) by extension 'ignore_ament_install'
[0.427s] [34mcolcon.colcon_core.package_identification[0m [1;30mLevel 1[0m _identify(src/moveit2/moveit_ros/move_group) by extensions ['colcon_pkg']
[0.427s] [34mcolcon.colcon_core.package_identification[0m [1;30mLevel 1[0m _identify(src/moveit2/moveit_ros/move_group) by extension 'colcon_pkg'
[0.427s] [34mcolcon.colcon_core.package_identification[0m [1;30mLevel 1[0m _identify(src/moveit2/moveit_ros/move_group) by extensions ['colcon_meta']
[0.427s] [34mcolcon.colcon_core.package_identification[0m [1;30mLevel 1[0m _identify(src/moveit2/moveit_ros/move_group) by extension 'colcon_meta'
[0.427s] [34mcolcon.colcon_core.package_identification[0m [1;30mLevel 1[0m _identify(src/moveit2/moveit_ros/move_group) by extensions ['ros']
[0.427s] [34mcolcon.colcon_core.package_identification[0m [1;30mLevel 1[0m _identify(src/moveit2/moveit_ros/move_group) by extension 'ros'
[0.428s] [34mcolcon.colcon_core.package_identification[0m [1;30mDEBUG[0m [32mPackage 'src/moveit2/moveit_ros/move_group' with type 'ros.ament_cmake' and name 'moveit_ros_move_group'[0m
[0.428s] [34mcolcon.colcon_core.package_identification[0m [1;30mLevel 1[0m _identify(src/moveit2/moveit_ros/moveit_ros) by extensions ['ignore', 'ignore_ament_install']
[0.429s] [34mcolcon.colcon_core.package_identification[0m [1;30mLevel 1[0m _identify(src/moveit2/moveit_ros/moveit_ros) by extension 'ignore'
[0.429s] [34mcolcon.colcon_core.package_identification[0m [1;30mLevel 1[0m _identify(src/moveit2/moveit_ros/moveit_ros) by extension 'ignore_ament_install'
[0.429s] [34mcolcon.colcon_core.package_identification[0m [1;30mLevel 1[0m _identify(src/moveit2/moveit_ros/moveit_ros) by extensions ['colcon_pkg']
[0.429s] [34mcolcon.colcon_core.package_identification[0m [1;30mLevel 1[0m _identify(src/moveit2/moveit_ros/moveit_ros) by extension 'colcon_pkg'
[0.429s] [34mcolcon.colcon_core.package_identification[0m [1;30mLevel 1[0m _identify(src/moveit2/moveit_ros/moveit_ros) by extensions ['colcon_meta']
[0.429s] [34mcolcon.colcon_core.package_identification[0m [1;30mLevel 1[0m _identify(src/moveit2/moveit_ros/moveit_ros) by extension 'colcon_meta'
[0.429s] [34mcolcon.colcon_core.package_identification[0m [1;30mLevel 1[0m _identify(src/moveit2/moveit_ros/moveit_ros) by extensions ['ros']
[0.429s] [34mcolcon.colcon_core.package_identification[0m [1;30mLevel 1[0m _identify(src/moveit2/moveit_ros/moveit_ros) by extension 'ros'
[0.429s] [34mcolcon.colcon_core.package_identification[0m [1;30mDEBUG[0m [32mPackage 'src/moveit2/moveit_ros/moveit_ros' with type 'ros.ament_cmake' and name 'moveit_ros'[0m
[0.430s] [34mcolcon.colcon_core.package_identification[0m [1;30mLevel 1[0m _identify(src/moveit2/moveit_ros/moveit_servo) by extensions ['ignore', 'ignore_ament_install']
[0.430s] [34mcolcon.colcon_core.package_identification[0m [1;30mLevel 1[0m _identify(src/moveit2/moveit_ros/moveit_servo) by extension 'ignore'
[0.430s] [34mcolcon.colcon_core.package_identification[0m [1;30mLevel 1[0m _identify(src/moveit2/moveit_ros/moveit_servo) by extension 'ignore_ament_install'
[0.430s] [34mcolcon.colcon_core.package_identification[0m [1;30mLevel 1[0m _identify(src/moveit2/moveit_ros/moveit_servo) by extensions ['colcon_pkg']
[0.430s] [34mcolcon.colcon_core.package_identification[0m [1;30mLevel 1[0m _identify(src/moveit2/moveit_ros/moveit_servo) by extension 'colcon_pkg'
[0.430s] [34mcolcon.colcon_core.package_identification[0m [1;30mLevel 1[0m _identify(src/moveit2/moveit_ros/moveit_servo) by extensions ['colcon_meta']
[0.430s] [34mcolcon.colcon_core.package_identification[0m [1;30mLevel 1[0m _identify(src/moveit2/moveit_ros/moveit_servo) by extension 'colcon_meta'
[0.430s] [34mcolcon.colcon_core.package_identification[0m [1;30mLevel 1[0m _identify(src/moveit2/moveit_ros/moveit_servo) by extensions ['ros']
[0.430s] [34mcolcon.colcon_core.package_identification[0m [1;30mLevel 1[0m _identify(src/moveit2/moveit_ros/moveit_servo) by extension 'ros'
[0.432s] [34mcolcon.colcon_core.package_identification[0m [1;30mDEBUG[0m [32mPackage 'src/moveit2/moveit_ros/moveit_servo' with type 'ros.ament_cmake' and name 'moveit_servo'[0m
[0.432s] [34mcolcon.colcon_core.package_identification[0m [1;30mLevel 1[0m _identify(src/moveit2/moveit_ros/occupancy_map_monitor) by extensions ['ignore', 'ignore_ament_install']
[0.432s] [34mcolcon.colcon_core.package_identification[0m [1;30mLevel 1[0m _identify(src/moveit2/moveit_ros/occupancy_map_monitor) by extension 'ignore'
[0.432s] [34mcolcon.colcon_core.package_identification[0m [1;30mLevel 1[0m _identify(src/moveit2/moveit_ros/occupancy_map_monitor) by extension 'ignore_ament_install'
[0.432s] [34mcolcon.colcon_core.package_identification[0m [1;30mLevel 1[0m _identify(src/moveit2/moveit_ros/occupancy_map_monitor) by extensions ['colcon_pkg']
[0.432s] [34mcolcon.colcon_core.package_identification[0m [1;30mLevel 1[0m _identify(src/moveit2/moveit_ros/occupancy_map_monitor) by extension 'colcon_pkg'
[0.432s] [34mcolcon.colcon_core.package_identification[0m [1;30mLevel 1[0m _identify(src/moveit2/moveit_ros/occupancy_map_monitor) by extensions ['colcon_meta']
[0.432s] [34mcolcon.colcon_core.package_identification[0m [1;30mLevel 1[0m _identify(src/moveit2/moveit_ros/occupancy_map_monitor) by extension 'colcon_meta'
[0.432s] [34mcolcon.colcon_core.package_identification[0m [1;30mLevel 1[0m _identify(src/moveit2/moveit_ros/occupancy_map_monitor) by extensions ['ros']
[0.432s] [34mcolcon.colcon_core.package_identification[0m [1;30mLevel 1[0m _identify(src/moveit2/moveit_ros/occupancy_map_monitor) by extension 'ros'
[0.433s] [34mcolcon.colcon_core.package_identification[0m [1;30mDEBUG[0m [32mPackage 'src/moveit2/moveit_ros/occupancy_map_monitor' with type 'ros.ament_cmake' and name 'moveit_ros_occupancy_map_monitor'[0m
[0.434s] [34mcolcon.colcon_core.package_identification[0m [1;30mLevel 1[0m _identify(src/moveit2/moveit_ros/perception) by extensions ['ignore', 'ignore_ament_install']
[0.434s] [34mcolcon.colcon_core.package_identification[0m [1;30mLevel 1[0m _identify(src/moveit2/moveit_ros/perception) by extension 'ignore'
[0.434s] [34mcolcon.colcon_core.package_identification[0m [1;30mLevel 1[0m _identify(src/moveit2/moveit_ros/perception) by extension 'ignore_ament_install'
[0.434s] [34mcolcon.colcon_core.package_identification[0m [1;30mLevel 1[0m _identify(src/moveit2/moveit_ros/perception) by extensions ['colcon_pkg']
[0.434s] [34mcolcon.colcon_core.package_identification[0m [1;30mLevel 1[0m _identify(src/moveit2/moveit_ros/perception) by extension 'colcon_pkg'
[0.434s] [34mcolcon.colcon_core.package_identification[0m [1;30mLevel 1[0m _identify(src/moveit2/moveit_ros/perception) by extensions ['colcon_meta']
[0.434s] [34mcolcon.colcon_core.package_identification[0m [1;30mLevel 1[0m _identify(src/moveit2/moveit_ros/perception) by extension 'colcon_meta'
[0.434s] [34mcolcon.colcon_core.package_identification[0m [1;30mLevel 1[0m _identify(src/moveit2/moveit_ros/perception) by extensions ['ros']
[0.434s] [34mcolcon.colcon_core.package_identification[0m [1;30mLevel 1[0m _identify(src/moveit2/moveit_ros/perception) by extension 'ros'
[0.436s] [34mcolcon.colcon_core.package_identification[0m [1;30mDEBUG[0m [32mPackage 'src/moveit2/moveit_ros/perception' with type 'ros.ament_cmake' and name 'moveit_ros_perception'[0m
[0.436s] [34mcolcon.colcon_core.package_identification[0m [1;30mLevel 1[0m _identify(src/moveit2/moveit_ros/planning) by extensions ['ignore', 'ignore_ament_install']
[0.436s] [34mcolcon.colcon_core.package_identification[0m [1;30mLevel 1[0m _identify(src/moveit2/moveit_ros/planning) by extension 'ignore'
[0.436s] [34mcolcon.colcon_core.package_identification[0m [1;30mLevel 1[0m _identify(src/moveit2/moveit_ros/planning) by extension 'ignore_ament_install'
[0.436s] [34mcolcon.colcon_core.package_identification[0m [1;30mLevel 1[0m _identify(src/moveit2/moveit_ros/planning) by extensions ['colcon_pkg']
[0.436s] [34mcolcon.colcon_core.package_identification[0m [1;30mLevel 1[0m _identify(src/moveit2/moveit_ros/planning) by extension 'colcon_pkg'
[0.436s] [34mcolcon.colcon_core.package_identification[0m [1;30mLevel 1[0m _identify(src/moveit2/moveit_ros/planning) by extensions ['colcon_meta']
[0.436s] [34mcolcon.colcon_core.package_identification[0m [1;30mLevel 1[0m _identify(src/moveit2/moveit_ros/planning) by extension 'colcon_meta'
[0.436s] [34mcolcon.colcon_core.package_identification[0m [1;30mLevel 1[0m _identify(src/moveit2/moveit_ros/planning) by extensions ['ros']
[0.436s] [34mcolcon.colcon_core.package_identification[0m [1;30mLevel 1[0m _identify(src/moveit2/moveit_ros/planning) by extension 'ros'
[0.438s] [34mcolcon.colcon_core.package_identification[0m [1;30mDEBUG[0m [32mPackage 'src/moveit2/moveit_ros/planning' with type 'ros.ament_cmake' and name 'moveit_ros_planning'[0m
[0.438s] [34mcolcon.colcon_core.package_identification[0m [1;30mLevel 1[0m _identify(src/moveit2/moveit_ros/planning_interface) by extensions ['ignore', 'ignore_ament_install']
[0.438s] [34mcolcon.colcon_core.package_identification[0m [1;30mLevel 1[0m _identify(src/moveit2/moveit_ros/planning_interface) by extension 'ignore'
[0.438s] [34mcolcon.colcon_core.package_identification[0m [1;30mLevel 1[0m _identify(src/moveit2/moveit_ros/planning_interface) by extension 'ignore_ament_install'
[0.438s] [34mcolcon.colcon_core.package_identification[0m [1;30mLevel 1[0m _identify(src/moveit2/moveit_ros/planning_interface) by extensions ['colcon_pkg']
[0.438s] [34mcolcon.colcon_core.package_identification[0m [1;30mLevel 1[0m _identify(src/moveit2/moveit_ros/planning_interface) by extension 'colcon_pkg'
[0.438s] [34mcolcon.colcon_core.package_identification[0m [1;30mLevel 1[0m _identify(src/moveit2/moveit_ros/planning_interface) by extensions ['colcon_meta']
[0.438s] [34mcolcon.colcon_core.package_identification[0m [1;30mLevel 1[0m _identify(src/moveit2/moveit_ros/planning_interface) by extension 'colcon_meta'
[0.438s] [34mcolcon.colcon_core.package_identification[0m [1;30mLevel 1[0m _identify(src/moveit2/moveit_ros/planning_interface) by extensions ['ros']
[0.438s] [34mcolcon.colcon_core.package_identification[0m [1;30mLevel 1[0m _identify(src/moveit2/moveit_ros/planning_interface) by extension 'ros'
[0.440s] [34mcolcon.colcon_core.package_identification[0m [1;30mDEBUG[0m [32mPackage 'src/moveit2/moveit_ros/planning_interface' with type 'ros.ament_cmake' and name 'moveit_ros_planning_interface'[0m
[0.440s] [34mcolcon.colcon_core.package_identification[0m [1;30mLevel 1[0m _identify(src/moveit2/moveit_ros/robot_interaction) by extensions ['ignore', 'ignore_ament_install']
[0.440s] [34mcolcon.colcon_core.package_identification[0m [1;30mLevel 1[0m _identify(src/moveit2/moveit_ros/robot_interaction) by extension 'ignore'
[0.440s] [34mcolcon.colcon_core.package_identification[0m [1;30mLevel 1[0m _identify(src/moveit2/moveit_ros/robot_interaction) by extension 'ignore_ament_install'
[0.440s] [34mcolcon.colcon_core.package_identification[0m [1;30mLevel 1[0m _identify(src/moveit2/moveit_ros/robot_interaction) by extensions ['colcon_pkg']
[0.440s] [34mcolcon.colcon_core.package_identification[0m [1;30mLevel 1[0m _identify(src/moveit2/moveit_ros/robot_interaction) by extension 'colcon_pkg'
[0.440s] [34mcolcon.colcon_core.package_identification[0m [1;30mLevel 1[0m _identify(src/moveit2/moveit_ros/robot_interaction) by extensions ['colcon_meta']
[0.440s] [34mcolcon.colcon_core.package_identification[0m [1;30mLevel 1[0m _identify(src/moveit2/moveit_ros/robot_interaction) by extension 'colcon_meta'
[0.440s] [34mcolcon.colcon_core.package_identification[0m [1;30mLevel 1[0m _identify(src/moveit2/moveit_ros/robot_interaction) by extensions ['ros']
[0.440s] [34mcolcon.colcon_core.package_identification[0m [1;30mLevel 1[0m _identify(src/moveit2/moveit_ros/robot_interaction) by extension 'ros'
[0.442s] [34mcolcon.colcon_core.package_identification[0m [1;30mDEBUG[0m [32mPackage 'src/moveit2/moveit_ros/robot_interaction' with type 'ros.ament_cmake' and name 'moveit_ros_robot_interaction'[0m
[0.442s] [34mcolcon.colcon_core.package_identification[0m [1;30mLevel 1[0m _identify(src/moveit2/moveit_ros/visualization) by extensions ['ignore', 'ignore_ament_install']
[0.442s] [34mcolcon.colcon_core.package_identification[0m [1;30mLevel 1[0m _identify(src/moveit2/moveit_ros/visualization) by extension 'ignore'
[0.442s] [34mcolcon.colcon_core.package_identification[0m [1;30mLevel 1[0m _identify(src/moveit2/moveit_ros/visualization) by extension 'ignore_ament_install'
[0.442s] [34mcolcon.colcon_core.package_identification[0m [1;30mLevel 1[0m _identify(src/moveit2/moveit_ros/visualization) by extensions ['colcon_pkg']
[0.442s] [34mcolcon.colcon_core.package_identification[0m [1;30mLevel 1[0m _identify(src/moveit2/moveit_ros/visualization) by extension 'colcon_pkg'
[0.442s] [34mcolcon.colcon_core.package_identification[0m [1;30mLevel 1[0m _identify(src/moveit2/moveit_ros/visualization) by extensions ['colcon_meta']
[0.442s] [34mcolcon.colcon_core.package_identification[0m [1;30mLevel 1[0m _identify(src/moveit2/moveit_ros/visualization) by extension 'colcon_meta'
[0.442s] [34mcolcon.colcon_core.package_identification[0m [1;30mLevel 1[0m _identify(src/moveit2/moveit_ros/visualization) by extensions ['ros']
[0.442s] [34mcolcon.colcon_core.package_identification[0m [1;30mLevel 1[0m _identify(src/moveit2/moveit_ros/visualization) by extension 'ros'
[0.443s] [34mcolcon.colcon_core.package_identification[0m [1;30mDEBUG[0m [32mPackage 'src/moveit2/moveit_ros/visualization' with type 'ros.ament_cmake' and name 'moveit_ros_visualization'[0m
[0.443s] [34mcolcon.colcon_core.package_identification[0m [1;30mLevel 1[0m _identify(src/moveit2/moveit_ros/warehouse) by extensions ['ignore', 'ignore_ament_install']
[0.444s] [34mcolcon.colcon_core.package_identification[0m [1;30mLevel 1[0m _identify(src/moveit2/moveit_ros/warehouse) by extension 'ignore'
[0.444s] [34mcolcon.colcon_core.package_identification[0m [1;30mLevel 1[0m _identify(src/moveit2/moveit_ros/warehouse) by extension 'ignore_ament_install'
[0.444s] [34mcolcon.colcon_core.package_identification[0m [1;30mLevel 1[0m _identify(src/moveit2/moveit_ros/warehouse) by extensions ['colcon_pkg']
[0.444s] [34mcolcon.colcon_core.package_identification[0m [1;30mLevel 1[0m _identify(src/moveit2/moveit_ros/warehouse) by extension 'colcon_pkg'
[0.444s] [34mcolcon.colcon_core.package_identification[0m [1;30mLevel 1[0m _identify(src/moveit2/moveit_ros/warehouse) by extensions ['colcon_meta']
[0.444s] [34mcolcon.colcon_core.package_identification[0m [1;30mLevel 1[0m _identify(src/moveit2/moveit_ros/warehouse) by extension 'colcon_meta'
[0.444s] [34mcolcon.colcon_core.package_identification[0m [1;30mLevel 1[0m _identify(src/moveit2/moveit_ros/warehouse) by extensions ['ros']
[0.444s] [34mcolcon.colcon_core.package_identification[0m [1;30mLevel 1[0m _identify(src/moveit2/moveit_ros/warehouse) by extension 'ros'
[0.445s] [34mcolcon.colcon_core.package_identification[0m [1;30mDEBUG[0m [32mPackage 'src/moveit2/moveit_ros/warehouse' with type 'ros.ament_cmake' and name 'moveit_ros_warehouse'[0m
[0.445s] [34mcolcon.colcon_core.package_identification[0m [1;30mLevel 1[0m _identify(src/moveit2/moveit_runtime) by extensions ['ignore', 'ignore_ament_install']
[0.445s] [34mcolcon.colcon_core.package_identification[0m [1;30mLevel 1[0m _identify(src/moveit2/moveit_runtime) by extension 'ignore'
[0.445s] [34mcolcon.colcon_core.package_identification[0m [1;30mLevel 1[0m _identify(src/moveit2/moveit_runtime) by extension 'ignore_ament_install'
[0.445s] [34mcolcon.colcon_core.package_identification[0m [1;30mLevel 1[0m _identify(src/moveit2/moveit_runtime) by extensions ['colcon_pkg']
[0.445s] [34mcolcon.colcon_core.package_identification[0m [1;30mLevel 1[0m _identify(src/moveit2/moveit_runtime) by extension 'colcon_pkg'
[0.445s] [34mcolcon.colcon_core.package_identification[0m [1;30mLevel 1[0m _identify(src/moveit2/moveit_runtime) by extensions ['colcon_meta']
[0.445s] [34mcolcon.colcon_core.package_identification[0m [1;30mLevel 1[0m _identify(src/moveit2/moveit_runtime) by extension 'colcon_meta'
[0.445s] [34mcolcon.colcon_core.package_identification[0m [1;30mLevel 1[0m _identify(src/moveit2/moveit_runtime) by extensions ['ros']
[0.445s] [34mcolcon.colcon_core.package_identification[0m [1;30mLevel 1[0m _identify(src/moveit2/moveit_runtime) by extension 'ros'
[0.446s] [34mcolcon.colcon_core.package_identification[0m [1;30mDEBUG[0m [32mPackage 'src/moveit2/moveit_runtime' with type 'ros.ament_cmake' and name 'moveit_runtime'[0m
[0.446s] [34mcolcon.colcon_core.package_identification[0m [1;30mLevel 1[0m _identify(src/moveit2/moveit_setup_assistant) by extensions ['ignore', 'ignore_ament_install']
[0.446s] [34mcolcon.colcon_core.package_identification[0m [1;30mLevel 1[0m _identify(src/moveit2/moveit_setup_assistant) by extension 'ignore'
[0.446s] [34mcolcon.colcon_core.package_identification[0m [1;30mLevel 1[0m _identify(src/moveit2/moveit_setup_assistant) by extension 'ignore_ament_install'
[0.446s] [34mcolcon.colcon_core.package_identification[0m [1;30mLevel 1[0m _identify(src/moveit2/moveit_setup_assistant) by extensions ['colcon_pkg']
[0.446s] [34mcolcon.colcon_core.package_identification[0m [1;30mLevel 1[0m _identify(src/moveit2/moveit_setup_assistant) by extension 'colcon_pkg'
[0.446s] [34mcolcon.colcon_core.package_identification[0m [1;30mLevel 1[0m _identify(src/moveit2/moveit_setup_assistant) by extensions ['colcon_meta']
[0.446s] [34mcolcon.colcon_core.package_identification[0m [1;30mLevel 1[0m _identify(src/moveit2/moveit_setup_assistant) by extension 'colcon_meta'
[0.446s] [34mcolcon.colcon_core.package_identification[0m [1;30mLevel 1[0m _identify(src/moveit2/moveit_setup_assistant) by extensions ['ros']
[0.446s] [34mcolcon.colcon_core.package_identification[0m [1;30mLevel 1[0m _identify(src/moveit2/moveit_setup_assistant) by extension 'ros'
[0.446s] [34mcolcon.colcon_core.package_identification[0m [1;30mLevel 1[0m _identify(src/moveit2/moveit_setup_assistant) by extensions ['cmake', 'python']
[0.446s] [34mcolcon.colcon_core.package_identification[0m [1;30mLevel 1[0m _identify(src/moveit2/moveit_setup_assistant) by extension 'cmake'
[0.446s] [34mcolcon.colcon_core.package_identification[0m [1;30mLevel 1[0m _identify(src/moveit2/moveit_setup_assistant) by extension 'python'
[0.446s] [34mcolcon.colcon_core.package_identification[0m [1;30mLevel 1[0m _identify(src/moveit2/moveit_setup_assistant) by extensions ['python_setup_py']
[0.446s] [34mcolcon.colcon_core.package_identification[0m [1;30mLevel 1[0m _identify(src/moveit2/moveit_setup_assistant) by extension 'python_setup_py'
[0.446s] [34mcolcon.colcon_core.package_identification[0m [1;30mLevel 1[0m _identify(src/moveit2/moveit_setup_assistant/graphics) by extensions ['ignore', 'ignore_ament_install']
[0.446s] [34mcolcon.colcon_core.package_identification[0m [1;30mLevel 1[0m _identify(src/moveit2/moveit_setup_assistant/graphics) by extension 'ignore'
[0.447s] [34mcolcon.colcon_core.package_identification[0m [1;30mLevel 1[0m _identify(src/moveit2/moveit_setup_assistant/graphics) by extension 'ignore_ament_install'
[0.447s] [34mcolcon.colcon_core.package_identification[0m [1;30mLevel 1[0m _identify(src/moveit2/moveit_setup_assistant/graphics) by extensions ['colcon_pkg']
[0.447s] [34mcolcon.colcon_core.package_identification[0m [1;30mLevel 1[0m _identify(src/moveit2/moveit_setup_assistant/graphics) by extension 'colcon_pkg'
[0.447s] [34mcolcon.colcon_core.package_identification[0m [1;30mLevel 1[0m _identify(src/moveit2/moveit_setup_assistant/graphics) by extensions ['colcon_meta']
[0.447s] [34mcolcon.colcon_core.package_identification[0m [1;30mLevel 1[0m _identify(src/moveit2/moveit_setup_assistant/graphics) by extension 'colcon_meta'
[0.447s] [34mcolcon.colcon_core.package_identification[0m [1;30mLevel 1[0m _identify(src/moveit2/moveit_setup_assistant/graphics) by extensions ['ros']
[0.447s] [34mcolcon.colcon_core.package_identification[0m [1;30mLevel 1[0m _identify(src/moveit2/moveit_setup_assistant/graphics) by extension 'ros'
[0.447s] [34mcolcon.colcon_core.package_identification[0m [1;30mLevel 1[0m _identify(src/moveit2/moveit_setup_assistant/graphics) by extensions ['cmake', 'python']
[0.447s] [34mcolcon.colcon_core.package_identification[0m [1;30mLevel 1[0m _identify(src/moveit2/moveit_setup_assistant/graphics) by extension 'cmake'
[0.447s] [34mcolcon.colcon_core.package_identification[0m [1;30mLevel 1[0m _identify(src/moveit2/moveit_setup_assistant/graphics) by extension 'python'
[0.447s] [34mcolcon.colcon_core.package_identification[0m [1;30mLevel 1[0m _identify(src/moveit2/moveit_setup_assistant/graphics) by extensions ['python_setup_py']
[0.447s] [34mcolcon.colcon_core.package_identification[0m [1;30mLevel 1[0m _identify(src/moveit2/moveit_setup_assistant/graphics) by extension 'python_setup_py'
[0.447s] [34mcolcon.colcon_core.package_identification[0m [1;30mLevel 1[0m _identify(src/moveit2/moveit_setup_assistant/graphics/source) by extensions ['ignore', 'ignore_ament_install']
[0.447s] [34mcolcon.colcon_core.package_identification[0m [1;30mLevel 1[0m _identify(src/moveit2/moveit_setup_assistant/graphics/source) by extension 'ignore'
[0.447s] [34mcolcon.colcon_core.package_identification[0m [1;30mLevel 1[0m _identify(src/moveit2/moveit_setup_assistant/graphics/source) by extension 'ignore_ament_install'
[0.447s] [34mcolcon.colcon_core.package_identification[0m [1;30mLevel 1[0m _identify(src/moveit2/moveit_setup_assistant/graphics/source) by extensions ['colcon_pkg']
[0.447s] [34mcolcon.colcon_core.package_identification[0m [1;30mLevel 1[0m _identify(src/moveit2/moveit_setup_assistant/graphics/source) by extension 'colcon_pkg'
[0.447s] [34mcolcon.colcon_core.package_identification[0m [1;30mLevel 1[0m _identify(src/moveit2/moveit_setup_assistant/graphics/source) by extensions ['colcon_meta']
[0.447s] [34mcolcon.colcon_core.package_identification[0m [1;30mLevel 1[0m _identify(src/moveit2/moveit_setup_assistant/graphics/source) by extension 'colcon_meta'
[0.447s] [34mcolcon.colcon_core.package_identification[0m [1;30mLevel 1[0m _identify(src/moveit2/moveit_setup_assistant/graphics/source) by extensions ['ros']
[0.447s] [34mcolcon.colcon_core.package_identification[0m [1;30mLevel 1[0m _identify(src/moveit2/moveit_setup_assistant/graphics/source) by extension 'ros'
[0.447s] [34mcolcon.colcon_core.package_identification[0m [1;30mLevel 1[0m _identify(src/moveit2/moveit_setup_assistant/graphics/source) by extensions ['cmake', 'python']
[0.447s] [34mcolcon.colcon_core.package_identification[0m [1;30mLevel 1[0m _identify(src/moveit2/moveit_setup_assistant/graphics/source) by extension 'cmake'
[0.447s] [34mcolcon.colcon_core.package_identification[0m [1;30mLevel 1[0m _identify(src/moveit2/moveit_setup_assistant/graphics/source) by extension 'python'
[0.447s] [34mcolcon.colcon_core.package_identification[0m [1;30mLevel 1[0m _identify(src/moveit2/moveit_setup_assistant/graphics/source) by extensions ['python_setup_py']
[0.447s] [34mcolcon.colcon_core.package_identification[0m [1;30mLevel 1[0m _identify(src/moveit2/moveit_setup_assistant/graphics/source) by extension 'python_setup_py'
[0.447s] [34mcolcon.colcon_core.package_identification[0m [1;30mLevel 1[0m _identify(src/moveit2/moveit_setup_assistant/moveit_setup_app_plugins) by extensions ['ignore', 'ignore_ament_install']
[0.448s] [34mcolcon.colcon_core.package_identification[0m [1;30mLevel 1[0m _identify(src/moveit2/moveit_setup_assistant/moveit_setup_app_plugins) by extension 'ignore'
[0.448s] [34mcolcon.colcon_core.package_identification[0m [1;30mLevel 1[0m _identify(src/moveit2/moveit_setup_assistant/moveit_setup_app_plugins) by extension 'ignore_ament_install'
[0.448s] [34mcolcon.colcon_core.package_identification[0m [1;30mLevel 1[0m _identify(src/moveit2/moveit_setup_assistant/moveit_setup_app_plugins) by extensions ['colcon_pkg']
[0.448s] [34mcolcon.colcon_core.package_identification[0m [1;30mLevel 1[0m _identify(src/moveit2/moveit_setup_assistant/moveit_setup_app_plugins) by extension 'colcon_pkg'
[0.448s] [34mcolcon.colcon_core.package_identification[0m [1;30mLevel 1[0m _identify(src/moveit2/moveit_setup_assistant/moveit_setup_app_plugins) by extensions ['colcon_meta']
[0.448s] [34mcolcon.colcon_core.package_identification[0m [1;30mLevel 1[0m _identify(src/moveit2/moveit_setup_assistant/moveit_setup_app_plugins) by extension 'colcon_meta'
[0.448s] [34mcolcon.colcon_core.package_identification[0m [1;30mLevel 1[0m _identify(src/moveit2/moveit_setup_assistant/moveit_setup_app_plugins) by extensions ['ros']
[0.448s] [34mcolcon.colcon_core.package_identification[0m [1;30mLevel 1[0m _identify(src/moveit2/moveit_setup_assistant/moveit_setup_app_plugins) by extension 'ros'
[0.449s] [34mcolcon.colcon_core.package_identification[0m [1;30mDEBUG[0m [32mPackage 'src/moveit2/moveit_setup_assistant/moveit_setup_app_plugins' with type 'ros.ament_cmake' and name 'moveit_setup_app_plugins'[0m
[0.449s] [34mcolcon.colcon_core.package_identification[0m [1;30mLevel 1[0m _identify(src/moveit2/moveit_setup_assistant/moveit_setup_assistant) by extensions ['ignore', 'ignore_ament_install']
[0.449s] [34mcolcon.colcon_core.package_identification[0m [1;30mLevel 1[0m _identify(src/moveit2/moveit_setup_assistant/moveit_setup_assistant) by extension 'ignore'
[0.449s] [34mcolcon.colcon_core.package_identification[0m [1;30mLevel 1[0m _identify(src/moveit2/moveit_setup_assistant/moveit_setup_assistant) by extension 'ignore_ament_install'
[0.449s] [34mcolcon.colcon_core.package_identification[0m [1;30mLevel 1[0m _identify(src/moveit2/moveit_setup_assistant/moveit_setup_assistant) by extensions ['colcon_pkg']
[0.449s] [34mcolcon.colcon_core.package_identification[0m [1;30mLevel 1[0m _identify(src/moveit2/moveit_setup_assistant/moveit_setup_assistant) by extension 'colcon_pkg'
[0.449s] [34mcolcon.colcon_core.package_identification[0m [1;30mLevel 1[0m _identify(src/moveit2/moveit_setup_assistant/moveit_setup_assistant) by extensions ['colcon_meta']
[0.449s] [34mcolcon.colcon_core.package_identification[0m [1;30mLevel 1[0m _identify(src/moveit2/moveit_setup_assistant/moveit_setup_assistant) by extension 'colcon_meta'
[0.449s] [34mcolcon.colcon_core.package_identification[0m [1;30mLevel 1[0m _identify(src/moveit2/moveit_setup_assistant/moveit_setup_assistant) by extensions ['ros']
[0.449s] [34mcolcon.colcon_core.package_identification[0m [1;30mLevel 1[0m _identify(src/moveit2/moveit_setup_assistant/moveit_setup_assistant) by extension 'ros'
[0.450s] [34mcolcon.colcon_core.package_identification[0m [1;30mDEBUG[0m [32mPackage 'src/moveit2/moveit_setup_assistant/moveit_setup_assistant' with type 'ros.ament_cmake' and name 'moveit_setup_assistant'[0m
[0.450s] [34mcolcon.colcon_core.package_identification[0m [1;30mLevel 1[0m _identify(src/moveit2/moveit_setup_assistant/moveit_setup_controllers) by extensions ['ignore', 'ignore_ament_install']
[0.450s] [34mcolcon.colcon_core.package_identification[0m [1;30mLevel 1[0m _identify(src/moveit2/moveit_setup_assistant/moveit_setup_controllers) by extension 'ignore'
[0.450s] [34mcolcon.colcon_core.package_identification[0m [1;30mLevel 1[0m _identify(src/moveit2/moveit_setup_assistant/moveit_setup_controllers) by extension 'ignore_ament_install'
[0.450s] [34mcolcon.colcon_core.package_identification[0m [1;30mLevel 1[0m _identify(src/moveit2/moveit_setup_assistant/moveit_setup_controllers) by extensions ['colcon_pkg']
[0.450s] [34mcolcon.colcon_core.package_identification[0m [1;30mLevel 1[0m _identify(src/moveit2/moveit_setup_assistant/moveit_setup_controllers) by extension 'colcon_pkg'
[0.450s] [34mcolcon.colcon_core.package_identification[0m [1;30mLevel 1[0m _identify(src/moveit2/moveit_setup_assistant/moveit_setup_controllers) by extensions ['colcon_meta']
[0.450s] [34mcolcon.colcon_core.package_identification[0m [1;30mLevel 1[0m _identify(src/moveit2/moveit_setup_assistant/moveit_setup_controllers) by extension 'colcon_meta'
[0.451s] [34mcolcon.colcon_core.package_identification[0m [1;30mLevel 1[0m _identify(src/moveit2/moveit_setup_assistant/moveit_setup_controllers) by extensions ['ros']
[0.451s] [34mcolcon.colcon_core.package_identification[0m [1;30mLevel 1[0m _identify(src/moveit2/moveit_setup_assistant/moveit_setup_controllers) by extension 'ros'
[0.451s] [34mcolcon.colcon_core.package_identification[0m [1;30mDEBUG[0m [32mPackage 'src/moveit2/moveit_setup_assistant/moveit_setup_controllers' with type 'ros.ament_cmake' and name 'moveit_setup_controllers'[0m
[0.451s] [34mcolcon.colcon_core.package_identification[0m [1;30mLevel 1[0m _identify(src/moveit2/moveit_setup_assistant/moveit_setup_core_plugins) by extensions ['ignore', 'ignore_ament_install']
[0.451s] [34mcolcon.colcon_core.package_identification[0m [1;30mLevel 1[0m _identify(src/moveit2/moveit_setup_assistant/moveit_setup_core_plugins) by extension 'ignore'
[0.451s] [34mcolcon.colcon_core.package_identification[0m [1;30mLevel 1[0m _identify(src/moveit2/moveit_setup_assistant/moveit_setup_core_plugins) by extension 'ignore_ament_install'
[0.452s] [34mcolcon.colcon_core.package_identification[0m [1;30mLevel 1[0m _identify(src/moveit2/moveit_setup_assistant/moveit_setup_core_plugins) by extensions ['colcon_pkg']
[0.452s] [34mcolcon.colcon_core.package_identification[0m [1;30mLevel 1[0m _identify(src/moveit2/moveit_setup_assistant/moveit_setup_core_plugins) by extension 'colcon_pkg'
[0.452s] [34mcolcon.colcon_core.package_identification[0m [1;30mLevel 1[0m _identify(src/moveit2/moveit_setup_assistant/moveit_setup_core_plugins) by extensions ['colcon_meta']
[0.452s] [34mcolcon.colcon_core.package_identification[0m [1;30mLevel 1[0m _identify(src/moveit2/moveit_setup_assistant/moveit_setup_core_plugins) by extension 'colcon_meta'
[0.452s] [34mcolcon.colcon_core.package_identification[0m [1;30mLevel 1[0m _identify(src/moveit2/moveit_setup_assistant/moveit_setup_core_plugins) by extensions ['ros']
[0.452s] [34mcolcon.colcon_core.package_identification[0m [1;30mLevel 1[0m _identify(src/moveit2/moveit_setup_assistant/moveit_setup_core_plugins) by extension 'ros'
[0.453s] [34mcolcon.colcon_core.package_identification[0m [1;30mDEBUG[0m [32mPackage 'src/moveit2/moveit_setup_assistant/moveit_setup_core_plugins' with type 'ros.ament_cmake' and name 'moveit_setup_core_plugins'[0m
[0.453s] [34mcolcon.colcon_core.package_identification[0m [1;30mLevel 1[0m _identify(src/moveit2/moveit_setup_assistant/moveit_setup_framework) by extensions ['ignore', 'ignore_ament_install']
[0.453s] [34mcolcon.colcon_core.package_identification[0m [1;30mLevel 1[0m _identify(src/moveit2/moveit_setup_assistant/moveit_setup_framework) by extension 'ignore'
[0.453s] [34mcolcon.colcon_core.package_identification[0m [1;30mLevel 1[0m _identify(src/moveit2/moveit_setup_assistant/moveit_setup_framework) by extension 'ignore_ament_install'
[0.453s] [34mcolcon.colcon_core.package_identification[0m [1;30mLevel 1[0m _identify(src/moveit2/moveit_setup_assistant/moveit_setup_framework) by extensions ['colcon_pkg']
[0.453s] [34mcolcon.colcon_core.package_identification[0m [1;30mLevel 1[0m _identify(src/moveit2/moveit_setup_assistant/moveit_setup_framework) by extension 'colcon_pkg'
[0.453s] [34mcolcon.colcon_core.package_identification[0m [1;30mLevel 1[0m _identify(src/moveit2/moveit_setup_assistant/moveit_setup_framework) by extensions ['colcon_meta']
[0.453s] [34mcolcon.colcon_core.package_identification[0m [1;30mLevel 1[0m _identify(src/moveit2/moveit_setup_assistant/moveit_setup_framework) by extension 'colcon_meta'
[0.453s] [34mcolcon.colcon_core.package_identification[0m [1;30mLevel 1[0m _identify(src/moveit2/moveit_setup_assistant/moveit_setup_framework) by extensions ['ros']
[0.453s] [34mcolcon.colcon_core.package_identification[0m [1;30mLevel 1[0m _identify(src/moveit2/moveit_setup_assistant/moveit_setup_framework) by extension 'ros'
[0.454s] [34mcolcon.colcon_core.package_identification[0m [1;30mDEBUG[0m [32mPackage 'src/moveit2/moveit_setup_assistant/moveit_setup_framework' with type 'ros.ament_cmake' and name 'moveit_setup_framework'[0m
[0.454s] [34mcolcon.colcon_core.package_identification[0m [1;30mLevel 1[0m _identify(src/moveit2/moveit_setup_assistant/moveit_setup_simulation) by extensions ['ignore', 'ignore_ament_install']
[0.454s] [34mcolcon.colcon_core.package_identification[0m [1;30mLevel 1[0m _identify(src/moveit2/moveit_setup_assistant/moveit_setup_simulation) by extension 'ignore'
[0.454s] [34mcolcon.colcon_core.package_identification[0m [1;30mLevel 1[0m _identify(src/moveit2/moveit_setup_assistant/moveit_setup_simulation) ignored
[0.454s] [34mcolcon.colcon_core.package_identification[0m [1;30mLevel 1[0m _identify(src/moveit2/moveit_setup_assistant/moveit_setup_srdf_plugins) by extensions ['ignore', 'ignore_ament_install']
[0.454s] [34mcolcon.colcon_core.package_identification[0m [1;30mLevel 1[0m _identify(src/moveit2/moveit_setup_assistant/moveit_setup_srdf_plugins) by extension 'ignore'
[0.454s] [34mcolcon.colcon_core.package_identification[0m [1;30mLevel 1[0m _identify(src/moveit2/moveit_setup_assistant/moveit_setup_srdf_plugins) by extension 'ignore_ament_install'
[0.455s] [34mcolcon.colcon_core.package_identification[0m [1;30mLevel 1[0m _identify(src/moveit2/moveit_setup_assistant/moveit_setup_srdf_plugins) by extensions ['colcon_pkg']
[0.455s] [34mcolcon.colcon_core.package_identification[0m [1;30mLevel 1[0m _identify(src/moveit2/moveit_setup_assistant/moveit_setup_srdf_plugins) by extension 'colcon_pkg'
[0.455s] [34mcolcon.colcon_core.package_identification[0m [1;30mLevel 1[0m _identify(src/moveit2/moveit_setup_assistant/moveit_setup_srdf_plugins) by extensions ['colcon_meta']
[0.455s] [34mcolcon.colcon_core.package_identification[0m [1;30mLevel 1[0m _identify(src/moveit2/moveit_setup_assistant/moveit_setup_srdf_plugins) by extension 'colcon_meta'
[0.455s] [34mcolcon.colcon_core.package_identification[0m [1;30mLevel 1[0m _identify(src/moveit2/moveit_setup_assistant/moveit_setup_srdf_plugins) by extensions ['ros']
[0.455s] [34mcolcon.colcon_core.package_identification[0m [1;30mLevel 1[0m _identify(src/moveit2/moveit_setup_assistant/moveit_setup_srdf_plugins) by extension 'ros'
[0.455s] [34mcolcon.colcon_core.package_identification[0m [1;30mDEBUG[0m [32mPackage 'src/moveit2/moveit_setup_assistant/moveit_setup_srdf_plugins' with type 'ros.ament_cmake' and name 'moveit_setup_srdf_plugins'[0m
[0.456s] [34mcolcon.colcon_core.package_identification[0m [1;30mLevel 1[0m _identify(src/moveit2/moveit_setup_assistant/unported_templates) by extensions ['ignore', 'ignore_ament_install']
[0.456s] [34mcolcon.colcon_core.package_identification[0m [1;30mLevel 1[0m _identify(src/moveit2/moveit_setup_assistant/unported_templates) by extension 'ignore'
[0.456s] [34mcolcon.colcon_core.package_identification[0m [1;30mLevel 1[0m _identify(src/moveit2/moveit_setup_assistant/unported_templates) by extension 'ignore_ament_install'
[0.456s] [34mcolcon.colcon_core.package_identification[0m [1;30mLevel 1[0m _identify(src/moveit2/moveit_setup_assistant/unported_templates) by extensions ['colcon_pkg']
[0.456s] [34mcolcon.colcon_core.package_identification[0m [1;30mLevel 1[0m _identify(src/moveit2/moveit_setup_assistant/unported_templates) by extension 'colcon_pkg'
[0.456s] [34mcolcon.colcon_core.package_identification[0m [1;30mLevel 1[0m _identify(src/moveit2/moveit_setup_assistant/unported_templates) by extensions ['colcon_meta']
[0.456s] [34mcolcon.colcon_core.package_identification[0m [1;30mLevel 1[0m _identify(src/moveit2/moveit_setup_assistant/unported_templates) by extension 'colcon_meta'
[0.456s] [34mcolcon.colcon_core.package_identification[0m [1;30mLevel 1[0m _identify(src/moveit2/moveit_setup_assistant/unported_templates) by extensions ['ros']
[0.456s] [34mcolcon.colcon_core.package_identification[0m [1;30mLevel 1[0m _identify(src/moveit2/moveit_setup_assistant/unported_templates) by extension 'ros'
[0.456s] [34mcolcon.colcon_core.package_identification[0m [1;30mLevel 1[0m _identify(src/moveit2/moveit_setup_assistant/unported_templates) by extensions ['cmake', 'python']
[0.456s] [34mcolcon.colcon_core.package_identification[0m [1;30mLevel 1[0m _identify(src/moveit2/moveit_setup_assistant/unported_templates) by extension 'cmake'
[0.456s] [34mcolcon.colcon_core.package_identification[0m [1;30mLevel 1[0m _identify(src/moveit2/moveit_setup_assistant/unported_templates) by extension 'python'
[0.456s] [34mcolcon.colcon_core.package_identification[0m [1;30mLevel 1[0m _identify(src/moveit2/moveit_setup_assistant/unported_templates) by extensions ['python_setup_py']
[0.456s] [34mcolcon.colcon_core.package_identification[0m [1;30mLevel 1[0m _identify(src/moveit2/moveit_setup_assistant/unported_templates) by extension 'python_setup_py'
[0.456s] [34mcolcon.colcon_core.package_identification[0m [1;30mLevel 1[0m _identify(src/moveit2_tutorials) by extensions ['ignore', 'ignore_ament_install']
[0.456s] [34mcolcon.colcon_core.package_identification[0m [1;30mLevel 1[0m _identify(src/moveit2_tutorials) by extension 'ignore'
[0.456s] [34mcolcon.colcon_core.package_identification[0m [1;30mLevel 1[0m _identify(src/moveit2_tutorials) by extension 'ignore_ament_install'
[0.456s] [34mcolcon.colcon_core.package_identification[0m [1;30mLevel 1[0m _identify(src/moveit2_tutorials) by extensions ['colcon_pkg']
[0.456s] [34mcolcon.colcon_core.package_identification[0m [1;30mLevel 1[0m _identify(src/moveit2_tutorials) by extension 'colcon_pkg'
[0.456s] [34mcolcon.colcon_core.package_identification[0m [1;30mLevel 1[0m _identify(src/moveit2_tutorials) by extensions ['colcon_meta']
[0.456s] [34mcolcon.colcon_core.package_identification[0m [1;30mLevel 1[0m _identify(src/moveit2_tutorials) by extension 'colcon_meta'
[0.456s] [34mcolcon.colcon_core.package_identification[0m [1;30mLevel 1[0m _identify(src/moveit2_tutorials) by extensions ['ros']
[0.456s] [34mcolcon.colcon_core.package_identification[0m [1;30mLevel 1[0m _identify(src/moveit2_tutorials) by extension 'ros'
[0.458s] [34mcolcon.colcon_core.package_identification[0m [1;30mDEBUG[0m [32mPackage 'src/moveit2_tutorials' with type 'ros.ament_cmake' and name 'moveit2_tutorials'[0m
[0.458s] [34mcolcon.colcon_core.package_identification[0m [1;30mLevel 1[0m _identify(src/moveit_config) by extensions ['ignore', 'ignore_ament_install']
[0.458s] [34mcolcon.colcon_core.package_identification[0m [1;30mLevel 1[0m _identify(src/moveit_config) by extension 'ignore'
[0.458s] [34mcolcon.colcon_core.package_identification[0m [1;30mLevel 1[0m _identify(src/moveit_config) by extension 'ignore_ament_install'
[0.458s] [34mcolcon.colcon_core.package_identification[0m [1;30mLevel 1[0m _identify(src/moveit_config) by extensions ['colcon_pkg']
[0.459s] [34mcolcon.colcon_core.package_identification[0m [1;30mLevel 1[0m _identify(src/moveit_config) by extension 'colcon_pkg'
[0.459s] [34mcolcon.colcon_core.package_identification[0m [1;30mLevel 1[0m _identify(src/moveit_config) by extensions ['colcon_meta']
[0.459s] [34mcolcon.colcon_core.package_identification[0m [1;30mLevel 1[0m _identify(src/moveit_config) by extension 'colcon_meta'
[0.459s] [34mcolcon.colcon_core.package_identification[0m [1;30mLevel 1[0m _identify(src/moveit_config) by extensions ['ros']
[0.459s] [34mcolcon.colcon_core.package_identification[0m [1;30mLevel 1[0m _identify(src/moveit_config) by extension 'ros'
[0.459s] [34mcolcon.colcon_core.package_identification[0m [1;30mDEBUG[0m [32mPackage 'src/moveit_config' with type 'ros.ament_cmake' and name 'moveit_config'[0m
[0.460s] [34mcolcon.colcon_core.package_identification[0m [1;30mLevel 1[0m _identify(src/moveit_r2_config) by extensions ['ignore', 'ignore_ament_install']
[0.460s] [34mcolcon.colcon_core.package_identification[0m [1;30mLevel 1[0m _identify(src/moveit_r2_config) by extension 'ignore'
[0.460s] [34mcolcon.colcon_core.package_identification[0m [1;30mLevel 1[0m _identify(src/moveit_r2_config) by extension 'ignore_ament_install'
[0.460s] [34mcolcon.colcon_core.package_identification[0m [1;30mLevel 1[0m _identify(src/moveit_r2_config) by extensions ['colcon_pkg']
[0.460s] [34mcolcon.colcon_core.package_identification[0m [1;30mLevel 1[0m _identify(src/moveit_r2_config) by extension 'colcon_pkg'
[0.460s] [34mcolcon.colcon_core.package_identification[0m [1;30mLevel 1[0m _identify(src/moveit_r2_config) by extensions ['colcon_meta']
[0.460s] [34mcolcon.colcon_core.package_identification[0m [1;30mLevel 1[0m _identify(src/moveit_r2_config) by extension 'colcon_meta'
[0.460s] [34mcolcon.colcon_core.package_identification[0m [1;30mLevel 1[0m _identify(src/moveit_r2_config) by extensions ['ros']
[0.460s] [34mcolcon.colcon_core.package_identification[0m [1;30mLevel 1[0m _identify(src/moveit_r2_config) by extension 'ros'
[0.461s] [34mcolcon.colcon_core.package_identification[0m [1;30mDEBUG[0m [32mPackage 'src/moveit_r2_config' with type 'ros.ament_cmake' and name 'moveit_r2_config'[0m
[0.461s] [34mcolcon.colcon_core.package_identification[0m [1;30mLevel 1[0m _identify(src/moveit_resources) by extensions ['ignore', 'ignore_ament_install']
[0.461s] [34mcolcon.colcon_core.package_identification[0m [1;30mLevel 1[0m _identify(src/moveit_resources) by extension 'ignore'
[0.461s] [34mcolcon.colcon_core.package_identification[0m [1;30mLevel 1[0m _identify(src/moveit_resources) by extension 'ignore_ament_install'
[0.461s] [34mcolcon.colcon_core.package_identification[0m [1;30mLevel 1[0m _identify(src/moveit_resources) by extensions ['colcon_pkg']
[0.461s] [34mcolcon.colcon_core.package_identification[0m [1;30mLevel 1[0m _identify(src/moveit_resources) by extension 'colcon_pkg'
[0.461s] [34mcolcon.colcon_core.package_identification[0m [1;30mLevel 1[0m _identify(src/moveit_resources) by extensions ['colcon_meta']
[0.461s] [34mcolcon.colcon_core.package_identification[0m [1;30mLevel 1[0m _identify(src/moveit_resources) by extension 'colcon_meta'
[0.461s] [34mcolcon.colcon_core.package_identification[0m [1;30mLevel 1[0m _identify(src/moveit_resources) by extensions ['ros']
[0.461s] [34mcolcon.colcon_core.package_identification[0m [1;30mLevel 1[0m _identify(src/moveit_resources) by extension 'ros'
[0.461s] [34mcolcon.colcon_core.package_identification[0m [1;30mLevel 1[0m _identify(src/moveit_resources) by extensions ['cmake', 'python']
[0.461s] [34mcolcon.colcon_core.package_identification[0m [1;30mLevel 1[0m _identify(src/moveit_resources) by extension 'cmake'
[0.461s] [34mcolcon.colcon_core.package_identification[0m [1;30mLevel 1[0m _identify(src/moveit_resources) by extension 'python'
[0.461s] [34mcolcon.colcon_core.package_identification[0m [1;30mLevel 1[0m _identify(src/moveit_resources) by extensions ['python_setup_py']
[0.461s] [34mcolcon.colcon_core.package_identification[0m [1;30mLevel 1[0m _identify(src/moveit_resources) by extension 'python_setup_py'
[0.461s] [34mcolcon.colcon_core.package_identification[0m [1;30mLevel 1[0m _identify(src/moveit_resources/fanuc_description) by extensions ['ignore', 'ignore_ament_install']
[0.461s] [34mcolcon.colcon_core.package_identification[0m [1;30mLevel 1[0m _identify(src/moveit_resources/fanuc_description) by extension 'ignore'
[0.462s] [34mcolcon.colcon_core.package_identification[0m [1;30mLevel 1[0m _identify(src/moveit_resources/fanuc_description) by extension 'ignore_ament_install'
[0.462s] [34mcolcon.colcon_core.package_identification[0m [1;30mLevel 1[0m _identify(src/moveit_resources/fanuc_description) by extensions ['colcon_pkg']
[0.462s] [34mcolcon.colcon_core.package_identification[0m [1;30mLevel 1[0m _identify(src/moveit_resources/fanuc_description) by extension 'colcon_pkg'
[0.462s] [34mcolcon.colcon_core.package_identification[0m [1;30mLevel 1[0m _identify(src/moveit_resources/fanuc_description) by extensions ['colcon_meta']
[0.462s] [34mcolcon.colcon_core.package_identification[0m [1;30mLevel 1[0m _identify(src/moveit_resources/fanuc_description) by extension 'colcon_meta'
[0.462s] [34mcolcon.colcon_core.package_identification[0m [1;30mLevel 1[0m _identify(src/moveit_resources/fanuc_description) by extensions ['ros']
[0.462s] [34mcolcon.colcon_core.package_identification[0m [1;30mLevel 1[0m _identify(src/moveit_resources/fanuc_description) by extension 'ros'
[0.462s] [34mcolcon.colcon_core.package_identification[0m [1;30mDEBUG[0m [32mPackage 'src/moveit_resources/fanuc_description' with type 'ros.ament_cmake' and name 'moveit_resources_fanuc_description'[0m
[0.462s] [34mcolcon.colcon_core.package_identification[0m [1;30mLevel 1[0m _identify(src/moveit_resources/fanuc_moveit_config) by extensions ['ignore', 'ignore_ament_install']
[0.462s] [34mcolcon.colcon_core.package_identification[0m [1;30mLevel 1[0m _identify(src/moveit_resources/fanuc_moveit_config) by extension 'ignore'
[0.462s] [34mcolcon.colcon_core.package_identification[0m [1;30mLevel 1[0m _identify(src/moveit_resources/fanuc_moveit_config) by extension 'ignore_ament_install'
[0.462s] [34mcolcon.colcon_core.package_identification[0m [1;30mLevel 1[0m _identify(src/moveit_resources/fanuc_moveit_config) by extensions ['colcon_pkg']
[0.462s] [34mcolcon.colcon_core.package_identification[0m [1;30mLevel 1[0m _identify(src/moveit_resources/fanuc_moveit_config) by extension 'colcon_pkg'
[0.462s] [34mcolcon.colcon_core.package_identification[0m [1;30mLevel 1[0m _identify(src/moveit_resources/fanuc_moveit_config) by extensions ['colcon_meta']
[0.463s] [34mcolcon.colcon_core.package_identification[0m [1;30mLevel 1[0m _identify(src/moveit_resources/fanuc_moveit_config) by extension 'colcon_meta'
[0.463s] [34mcolcon.colcon_core.package_identification[0m [1;30mLevel 1[0m _identify(src/moveit_resources/fanuc_moveit_config) by extensions ['ros']
[0.463s] [34mcolcon.colcon_core.package_identification[0m [1;30mLevel 1[0m _identify(src/moveit_resources/fanuc_moveit_config) by extension 'ros'
[0.463s] [34mcolcon.colcon_core.package_identification[0m [1;30mDEBUG[0m [32mPackage 'src/moveit_resources/fanuc_moveit_config' with type 'ros.ament_cmake' and name 'moveit_resources_fanuc_moveit_config'[0m
[0.463s] [34mcolcon.colcon_core.package_identification[0m [1;30mLevel 1[0m _identify(src/moveit_resources/moveit_resources) by extensions ['ignore', 'ignore_ament_install']
[0.463s] [34mcolcon.colcon_core.package_identification[0m [1;30mLevel 1[0m _identify(src/moveit_resources/moveit_resources) by extension 'ignore'
[0.463s] [34mcolcon.colcon_core.package_identification[0m [1;30mLevel 1[0m _identify(src/moveit_resources/moveit_resources) by extension 'ignore_ament_install'
[0.463s] [34mcolcon.colcon_core.package_identification[0m [1;30mLevel 1[0m _identify(src/moveit_resources/moveit_resources) by extensions ['colcon_pkg']
[0.463s] [34mcolcon.colcon_core.package_identification[0m [1;30mLevel 1[0m _identify(src/moveit_resources/moveit_resources) by extension 'colcon_pkg'
[0.463s] [34mcolcon.colcon_core.package_identification[0m [1;30mLevel 1[0m _identify(src/moveit_resources/moveit_resources) by extensions ['colcon_meta']
[0.463s] [34mcolcon.colcon_core.package_identification[0m [1;30mLevel 1[0m _identify(src/moveit_resources/moveit_resources) by extension 'colcon_meta'
[0.464s] [34mcolcon.colcon_core.package_identification[0m [1;30mLevel 1[0m _identify(src/moveit_resources/moveit_resources) by extensions ['ros']
[0.464s] [34mcolcon.colcon_core.package_identification[0m [1;30mLevel 1[0m _identify(src/moveit_resources/moveit_resources) by extension 'ros'
[0.464s] [34mcolcon.colcon_core.package_identification[0m [1;30mDEBUG[0m [32mPackage 'src/moveit_resources/moveit_resources' with type 'ros.ament_cmake' and name 'moveit_resources'[0m
[0.464s] [34mcolcon.colcon_core.package_identification[0m [1;30mLevel 1[0m _identify(src/moveit_resources/panda_description) by extensions ['ignore', 'ignore_ament_install']
[0.464s] [34mcolcon.colcon_core.package_identification[0m [1;30mLevel 1[0m _identify(src/moveit_resources/panda_description) by extension 'ignore'
[0.464s] [34mcolcon.colcon_core.package_identification[0m [1;30mLevel 1[0m _identify(src/moveit_resources/panda_description) by extension 'ignore_ament_install'
[0.464s] [34mcolcon.colcon_core.package_identification[0m [1;30mLevel 1[0m _identify(src/moveit_resources/panda_description) by extensions ['colcon_pkg']
[0.464s] [34mcolcon.colcon_core.package_identification[0m [1;30mLevel 1[0m _identify(src/moveit_resources/panda_description) by extension 'colcon_pkg'
[0.465s] [34mcolcon.colcon_core.package_identification[0m [1;30mLevel 1[0m _identify(src/moveit_resources/panda_description) by extensions ['colcon_meta']
[0.465s] [34mcolcon.colcon_core.package_identification[0m [1;30mLevel 1[0m _identify(src/moveit_resources/panda_description) by extension 'colcon_meta'
[0.465s] [34mcolcon.colcon_core.package_identification[0m [1;30mLevel 1[0m _identify(src/moveit_resources/panda_description) by extensions ['ros']
[0.465s] [34mcolcon.colcon_core.package_identification[0m [1;30mLevel 1[0m _identify(src/moveit_resources/panda_description) by extension 'ros'
[0.465s] [34mcolcon.colcon_core.package_identification[0m [1;30mDEBUG[0m [32mPackage 'src/moveit_resources/panda_description' with type 'ros.ament_cmake' and name 'moveit_resources_panda_description'[0m
[0.465s] [34mcolcon.colcon_core.package_identification[0m [1;30mLevel 1[0m _identify(src/moveit_resources/panda_moveit_config) by extensions ['ignore', 'ignore_ament_install']
[0.465s] [34mcolcon.colcon_core.package_identification[0m [1;30mLevel 1[0m _identify(src/moveit_resources/panda_moveit_config) by extension 'ignore'
[0.465s] [34mcolcon.colcon_core.package_identification[0m [1;30mLevel 1[0m _identify(src/moveit_resources/panda_moveit_config) by extension 'ignore_ament_install'
[0.465s] [34mcolcon.colcon_core.package_identification[0m [1;30mLevel 1[0m _identify(src/moveit_resources/panda_moveit_config) by extensions ['colcon_pkg']
[0.465s] [34mcolcon.colcon_core.package_identification[0m [1;30mLevel 1[0m _identify(src/moveit_resources/panda_moveit_config) by extension 'colcon_pkg'
[0.465s] [34mcolcon.colcon_core.package_identification[0m [1;30mLevel 1[0m _identify(src/moveit_resources/panda_moveit_config) by extensions ['colcon_meta']
[0.465s] [34mcolcon.colcon_core.package_identification[0m [1;30mLevel 1[0m _identify(src/moveit_resources/panda_moveit_config) by extension 'colcon_meta'
[0.465s] [34mcolcon.colcon_core.package_identification[0m [1;30mLevel 1[0m _identify(src/moveit_resources/panda_moveit_config) by extensions ['ros']
[0.465s] [34mcolcon.colcon_core.package_identification[0m [1;30mLevel 1[0m _identify(src/moveit_resources/panda_moveit_config) by extension 'ros'
[0.466s] [34mcolcon.colcon_core.package_identification[0m [1;30mDEBUG[0m [32mPackage 'src/moveit_resources/panda_moveit_config' with type 'ros.ament_cmake' and name 'moveit_resources_panda_moveit_config'[0m
[0.466s] [34mcolcon.colcon_core.package_identification[0m [1;30mLevel 1[0m _identify(src/moveit_resources/pr2_description) by extensions ['ignore', 'ignore_ament_install']
[0.466s] [34mcolcon.colcon_core.package_identification[0m [1;30mLevel 1[0m _identify(src/moveit_resources/pr2_description) by extension 'ignore'
[0.466s] [34mcolcon.colcon_core.package_identification[0m [1;30mLevel 1[0m _identify(src/moveit_resources/pr2_description) by extension 'ignore_ament_install'
[0.466s] [34mcolcon.colcon_core.package_identification[0m [1;30mLevel 1[0m _identify(src/moveit_resources/pr2_description) by extensions ['colcon_pkg']
[0.466s] [34mcolcon.colcon_core.package_identification[0m [1;30mLevel 1[0m _identify(src/moveit_resources/pr2_description) by extension 'colcon_pkg'
[0.466s] [34mcolcon.colcon_core.package_identification[0m [1;30mLevel 1[0m _identify(src/moveit_resources/pr2_description) by extensions ['colcon_meta']
[0.466s] [34mcolcon.colcon_core.package_identification[0m [1;30mLevel 1[0m _identify(src/moveit_resources/pr2_description) by extension 'colcon_meta'
[0.466s] [34mcolcon.colcon_core.package_identification[0m [1;30mLevel 1[0m _identify(src/moveit_resources/pr2_description) by extensions ['ros']
[0.466s] [34mcolcon.colcon_core.package_identification[0m [1;30mLevel 1[0m _identify(src/moveit_resources/pr2_description) by extension 'ros'
[0.467s] [34mcolcon.colcon_core.package_identification[0m [1;30mDEBUG[0m [32mPackage 'src/moveit_resources/pr2_description' with type 'ros.ament_cmake' and name 'moveit_resources_pr2_description'[0m
[0.467s] [34mcolcon.colcon_core.package_identification[0m [1;30mLevel 1[0m _identify(src/moveit_task_constructor) by extensions ['ignore', 'ignore_ament_install']
[0.467s] [34mcolcon.colcon_core.package_identification[0m [1;30mLevel 1[0m _identify(src/moveit_task_constructor) by extension 'ignore'
[0.467s] [34mcolcon.colcon_core.package_identification[0m [1;30mLevel 1[0m _identify(src/moveit_task_constructor) by extension 'ignore_ament_install'
[0.467s] [34mcolcon.colcon_core.package_identification[0m [1;30mLevel 1[0m _identify(src/moveit_task_constructor) by extensions ['colcon_pkg']
[0.467s] [34mcolcon.colcon_core.package_identification[0m [1;30mLevel 1[0m _identify(src/moveit_task_constructor) by extension 'colcon_pkg'
[0.467s] [34mcolcon.colcon_core.package_identification[0m [1;30mLevel 1[0m _identify(src/moveit_task_constructor) by extensions ['colcon_meta']
[0.467s] [34mcolcon.colcon_core.package_identification[0m [1;30mLevel 1[0m _identify(src/moveit_task_constructor) by extension 'colcon_meta'
[0.467s] [34mcolcon.colcon_core.package_identification[0m [1;30mLevel 1[0m _identify(src/moveit_task_constructor) by extensions ['ros']
[0.467s] [34mcolcon.colcon_core.package_identification[0m [1;30mLevel 1[0m _identify(src/moveit_task_constructor) by extension 'ros'
[0.467s] [34mcolcon.colcon_core.package_identification[0m [1;30mLevel 1[0m _identify(src/moveit_task_constructor) by extensions ['cmake', 'python']
[0.467s] [34mcolcon.colcon_core.package_identification[0m [1;30mLevel 1[0m _identify(src/moveit_task_constructor) by extension 'cmake'
[0.467s] [34mcolcon.colcon_core.package_identification[0m [1;30mLevel 1[0m _identify(src/moveit_task_constructor) by extension 'python'
[0.467s] [34mcolcon.colcon_core.package_identification[0m [1;30mLevel 1[0m _identify(src/moveit_task_constructor) by extensions ['python_setup_py']
[0.467s] [34mcolcon.colcon_core.package_identification[0m [1;30mLevel 1[0m _identify(src/moveit_task_constructor) by extension 'python_setup_py'
[0.468s] [34mcolcon.colcon_core.package_identification[0m [1;30mLevel 1[0m _identify(src/moveit_task_constructor/capabilities) by extensions ['ignore', 'ignore_ament_install']
[0.468s] [34mcolcon.colcon_core.package_identification[0m [1;30mLevel 1[0m _identify(src/moveit_task_constructor/capabilities) by extension 'ignore'
[0.468s] [34mcolcon.colcon_core.package_identification[0m [1;30mLevel 1[0m _identify(src/moveit_task_constructor/capabilities) by extension 'ignore_ament_install'
[0.468s] [34mcolcon.colcon_core.package_identification[0m [1;30mLevel 1[0m _identify(src/moveit_task_constructor/capabilities) by extensions ['colcon_pkg']
[0.468s] [34mcolcon.colcon_core.package_identification[0m [1;30mLevel 1[0m _identify(src/moveit_task_constructor/capabilities) by extension 'colcon_pkg'
[0.468s] [34mcolcon.colcon_core.package_identification[0m [1;30mLevel 1[0m _identify(src/moveit_task_constructor/capabilities) by extensions ['colcon_meta']
[0.468s] [34mcolcon.colcon_core.package_identification[0m [1;30mLevel 1[0m _identify(src/moveit_task_constructor/capabilities) by extension 'colcon_meta'
[0.468s] [34mcolcon.colcon_core.package_identification[0m [1;30mLevel 1[0m _identify(src/moveit_task_constructor/capabilities) by extensions ['ros']
[0.468s] [34mcolcon.colcon_core.package_identification[0m [1;30mLevel 1[0m _identify(src/moveit_task_constructor/capabilities) by extension 'ros'
[0.469s] [34mcolcon.colcon_core.package_identification[0m [1;30mDEBUG[0m [32mPackage 'src/moveit_task_constructor/capabilities' with type 'ros.ament_cmake' and name 'moveit_task_constructor_capabilities'[0m
[0.469s] [34mcolcon.colcon_core.package_identification[0m [1;30mLevel 1[0m _identify(src/moveit_task_constructor/core) by extensions ['ignore', 'ignore_ament_install']
[0.469s] [34mcolcon.colcon_core.package_identification[0m [1;30mLevel 1[0m _identify(src/moveit_task_constructor/core) by extension 'ignore'
[0.469s] [34mcolcon.colcon_core.package_identification[0m [1;30mLevel 1[0m _identify(src/moveit_task_constructor/core) by extension 'ignore_ament_install'
[0.469s] [34mcolcon.colcon_core.package_identification[0m [1;30mLevel 1[0m _identify(src/moveit_task_constructor/core) by extensions ['colcon_pkg']
[0.469s] [34mcolcon.colcon_core.package_identification[0m [1;30mLevel 1[0m _identify(src/moveit_task_constructor/core) by extension 'colcon_pkg'
[0.469s] [34mcolcon.colcon_core.package_identification[0m [1;30mLevel 1[0m _identify(src/moveit_task_constructor/core) by extensions ['colcon_meta']
[0.469s] [34mcolcon.colcon_core.package_identification[0m [1;30mLevel 1[0m _identify(src/moveit_task_constructor/core) by extension 'colcon_meta'
[0.469s] [34mcolcon.colcon_core.package_identification[0m [1;30mLevel 1[0m _identify(src/moveit_task_constructor/core) by extensions ['ros']
[0.469s] [34mcolcon.colcon_core.package_identification[0m [1;30mLevel 1[0m _identify(src/moveit_task_constructor/core) by extension 'ros'
[0.471s] [34mcolcon.colcon_core.package_identification[0m [1;30mDEBUG[0m [32mPackage 'src/moveit_task_constructor/core' with type 'ros.ament_cmake' and name 'moveit_task_constructor_core'[0m
[0.471s] [34mcolcon.colcon_core.package_identification[0m [1;30mLevel 1[0m _identify(src/moveit_task_constructor/demo) by extensions ['ignore', 'ignore_ament_install']
[0.471s] [34mcolcon.colcon_core.package_identification[0m [1;30mLevel 1[0m _identify(src/moveit_task_constructor/demo) by extension 'ignore'
[0.471s] [34mcolcon.colcon_core.package_identification[0m [1;30mLevel 1[0m _identify(src/moveit_task_constructor/demo) by extension 'ignore_ament_install'
[0.471s] [34mcolcon.colcon_core.package_identification[0m [1;30mLevel 1[0m _identify(src/moveit_task_constructor/demo) by extensions ['colcon_pkg']
[0.471s] [34mcolcon.colcon_core.package_identification[0m [1;30mLevel 1[0m _identify(src/moveit_task_constructor/demo) by extension 'colcon_pkg'
[0.471s] [34mcolcon.colcon_core.package_identification[0m [1;30mLevel 1[0m _identify(src/moveit_task_constructor/demo) by extensions ['colcon_meta']
[0.471s] [34mcolcon.colcon_core.package_identification[0m [1;30mLevel 1[0m _identify(src/moveit_task_constructor/demo) by extension 'colcon_meta'
[0.471s] [34mcolcon.colcon_core.package_identification[0m [1;30mLevel 1[0m _identify(src/moveit_task_constructor/demo) by extensions ['ros']
[0.471s] [34mcolcon.colcon_core.package_identification[0m [1;30mLevel 1[0m _identify(src/moveit_task_constructor/demo) by extension 'ros'
[0.472s] [34mcolcon.colcon_core.package_identification[0m [1;30mDEBUG[0m [32mPackage 'src/moveit_task_constructor/demo' with type 'ros.ament_cmake' and name 'moveit_task_constructor_demo'[0m
[0.472s] [34mcolcon.colcon_core.package_identification[0m [1;30mLevel 1[0m _identify(src/moveit_task_constructor/msgs) by extensions ['ignore', 'ignore_ament_install']
[0.472s] [34mcolcon.colcon_core.package_identification[0m [1;30mLevel 1[0m _identify(src/moveit_task_constructor/msgs) by extension 'ignore'
[0.472s] [34mcolcon.colcon_core.package_identification[0m [1;30mLevel 1[0m _identify(src/moveit_task_constructor/msgs) by extension 'ignore_ament_install'
[0.472s] [34mcolcon.colcon_core.package_identification[0m [1;30mLevel 1[0m _identify(src/moveit_task_constructor/msgs) by extensions ['colcon_pkg']
[0.472s] [34mcolcon.colcon_core.package_identification[0m [1;30mLevel 1[0m _identify(src/moveit_task_constructor/msgs) by extension 'colcon_pkg'
[0.472s] [34mcolcon.colcon_core.package_identification[0m [1;30mLevel 1[0m _identify(src/moveit_task_constructor/msgs) by extensions ['colcon_meta']
[0.472s] [34mcolcon.colcon_core.package_identification[0m [1;30mLevel 1[0m _identify(src/moveit_task_constructor/msgs) by extension 'colcon_meta'
[0.472s] [34mcolcon.colcon_core.package_identification[0m [1;30mLevel 1[0m _identify(src/moveit_task_constructor/msgs) by extensions ['ros']
[0.472s] [34mcolcon.colcon_core.package_identification[0m [1;30mLevel 1[0m _identify(src/moveit_task_constructor/msgs) by extension 'ros'
[0.473s] [34mcolcon.colcon_core.package_identification[0m [1;30mDEBUG[0m [32mPackage 'src/moveit_task_constructor/msgs' with type 'ros.ament_cmake' and name 'moveit_task_constructor_msgs'[0m
[0.473s] [34mcolcon.colcon_core.package_identification[0m [1;30mLevel 1[0m _identify(src/moveit_task_constructor/rviz_marker_tools) by extensions ['ignore', 'ignore_ament_install']
[0.473s] [34mcolcon.colcon_core.package_identification[0m [1;30mLevel 1[0m _identify(src/moveit_task_constructor/rviz_marker_tools) by extension 'ignore'
[0.473s] [34mcolcon.colcon_core.package_identification[0m [1;30mLevel 1[0m _identify(src/moveit_task_constructor/rviz_marker_tools) by extension 'ignore_ament_install'
[0.473s] [34mcolcon.colcon_core.package_identification[0m [1;30mLevel 1[0m _identify(src/moveit_task_constructor/rviz_marker_tools) by extensions ['colcon_pkg']
[0.473s] [34mcolcon.colcon_core.package_identification[0m [1;30mLevel 1[0m _identify(src/moveit_task_constructor/rviz_marker_tools) by extension 'colcon_pkg'
[0.473s] [34mcolcon.colcon_core.package_identification[0m [1;30mLevel 1[0m _identify(src/moveit_task_constructor/rviz_marker_tools) by extensions ['colcon_meta']
[0.473s] [34mcolcon.colcon_core.package_identification[0m [1;30mLevel 1[0m _identify(src/moveit_task_constructor/rviz_marker_tools) by extension 'colcon_meta'
[0.473s] [34mcolcon.colcon_core.package_identification[0m [1;30mLevel 1[0m _identify(src/moveit_task_constructor/rviz_marker_tools) by extensions ['ros']
[0.473s] [34mcolcon.colcon_core.package_identification[0m [1;30mLevel 1[0m _identify(src/moveit_task_constructor/rviz_marker_tools) by extension 'ros'
[0.474s] [34mcolcon.colcon_core.package_identification[0m [1;30mDEBUG[0m [32mPackage 'src/moveit_task_constructor/rviz_marker_tools' with type 'ros.ament_cmake' and name 'rviz_marker_tools'[0m
[0.474s] [34mcolcon.colcon_core.package_identification[0m [1;30mLevel 1[0m _identify(src/moveit_task_constructor/visualization) by extensions ['ignore', 'ignore_ament_install']
[0.474s] [34mcolcon.colcon_core.package_identification[0m [1;30mLevel 1[0m _identify(src/moveit_task_constructor/visualization) by extension 'ignore'
[0.474s] [34mcolcon.colcon_core.package_identification[0m [1;30mLevel 1[0m _identify(src/moveit_task_constructor/visualization) by extension 'ignore_ament_install'
[0.474s] [34mcolcon.colcon_core.package_identification[0m [1;30mLevel 1[0m _identify(src/moveit_task_constructor/visualization) by extensions ['colcon_pkg']
[0.474s] [34mcolcon.colcon_core.package_identification[0m [1;30mLevel 1[0m _identify(src/moveit_task_constructor/visualization) by extension 'colcon_pkg'
[0.474s] [34mcolcon.colcon_core.package_identification[0m [1;30mLevel 1[0m _identify(src/moveit_task_constructor/visualization) by extensions ['colcon_meta']
[0.474s] [34mcolcon.colcon_core.package_identification[0m [1;30mLevel 1[0m _identify(src/moveit_task_constructor/visualization) by extension 'colcon_meta'
[0.474s] [34mcolcon.colcon_core.package_identification[0m [1;30mLevel 1[0m _identify(src/moveit_task_constructor/visualization) by extensions ['ros']
[0.474s] [34mcolcon.colcon_core.package_identification[0m [1;30mLevel 1[0m _identify(src/moveit_task_constructor/visualization) by extension 'ros'
[0.475s] [34mcolcon.colcon_core.package_identification[0m [1;30mDEBUG[0m [32mPackage 'src/moveit_task_constructor/visualization' with type 'ros.ament_cmake' and name 'moveit_task_constructor_visualization'[0m
[0.476s] [34mcolcon.colcon_core.package_identification[0m [1;30mLevel 1[0m _identify(src/moveit_visual_tools) by extensions ['ignore', 'ignore_ament_install']
[0.476s] [34mcolcon.colcon_core.package_identification[0m [1;30mLevel 1[0m _identify(src/moveit_visual_tools) by extension 'ignore'
[0.476s] [34mcolcon.colcon_core.package_identification[0m [1;30mLevel 1[0m _identify(src/moveit_visual_tools) by extension 'ignore_ament_install'
[0.476s] [34mcolcon.colcon_core.package_identification[0m [1;30mLevel 1[0m _identify(src/moveit_visual_tools) by extensions ['colcon_pkg']
[0.476s] [34mcolcon.colcon_core.package_identification[0m [1;30mLevel 1[0m _identify(src/moveit_visual_tools) by extension 'colcon_pkg'
[0.476s] [34mcolcon.colcon_core.package_identification[0m [1;30mLevel 1[0m _identify(src/moveit_visual_tools) by extensions ['colcon_meta']
[0.476s] [34mcolcon.colcon_core.package_identification[0m [1;30mLevel 1[0m _identify(src/moveit_visual_tools) by extension 'colcon_meta'
[0.476s] [34mcolcon.colcon_core.package_identification[0m [1;30mLevel 1[0m _identify(src/moveit_visual_tools) by extensions ['ros']
[0.476s] [34mcolcon.colcon_core.package_identification[0m [1;30mLevel 1[0m _identify(src/moveit_visual_tools) by extension 'ros'
[0.477s] [34mcolcon.colcon_core.package_identification[0m [1;30mDEBUG[0m [32mPackage 'src/moveit_visual_tools' with type 'ros.ament_cmake' and name 'moveit_visual_tools'[0m
[0.477s] [34mcolcon.colcon_core.package_identification[0m [1;30mLevel 1[0m _identify(src/nhk_bt) by extensions ['ignore', 'ignore_ament_install']
[0.477s] [34mcolcon.colcon_core.package_identification[0m [1;30mLevel 1[0m _identify(src/nhk_bt) by extension 'ignore'
[0.477s] [34mcolcon.colcon_core.package_identification[0m [1;30mLevel 1[0m _identify(src/nhk_bt) by extension 'ignore_ament_install'
[0.477s] [34mcolcon.colcon_core.package_identification[0m [1;30mLevel 1[0m _identify(src/nhk_bt) by extensions ['colcon_pkg']
[0.477s] [34mcolcon.colcon_core.package_identification[0m [1;30mLevel 1[0m _identify(src/nhk_bt) by extension 'colcon_pkg'
[0.477s] [34mcolcon.colcon_core.package_identification[0m [1;30mLevel 1[0m _identify(src/nhk_bt) by extensions ['colcon_meta']
[0.477s] [34mcolcon.colcon_core.package_identification[0m [1;30mLevel 1[0m _identify(src/nhk_bt) by extension 'colcon_meta'
[0.478s] [34mcolcon.colcon_core.package_identification[0m [1;30mLevel 1[0m _identify(src/nhk_bt) by extensions ['ros']
[0.478s] [34mcolcon.colcon_core.package_identification[0m [1;30mLevel 1[0m _identify(src/nhk_bt) by extension 'ros'
[0.478s] [34mcolcon.colcon_core.package_identification[0m [1;30mDEBUG[0m [32mPackage 'src/nhk_bt' with type 'ros.ament_cmake' and name 'nhk_bt'[0m
[0.478s] [34mcolcon.colcon_core.package_identification[0m [1;30mLevel 1[0m _identify(src/r2_odrive) by extensions ['ignore', 'ignore_ament_install']
[0.478s] [34mcolcon.colcon_core.package_identification[0m [1;30mLevel 1[0m _identify(src/r2_odrive) by extension 'ignore'
[0.478s] [34mcolcon.colcon_core.package_identification[0m [1;30mLevel 1[0m _identify(src/r2_odrive) by extension 'ignore_ament_install'
[0.478s] [34mcolcon.colcon_core.package_identification[0m [1;30mLevel 1[0m _identify(src/r2_odrive) by extensions ['colcon_pkg']
[0.478s] [34mcolcon.colcon_core.package_identification[0m [1;30mLevel 1[0m _identify(src/r2_odrive) by extension 'colcon_pkg'
[0.478s] [34mcolcon.colcon_core.package_identification[0m [1;30mLevel 1[0m _identify(src/r2_odrive) by extensions ['colcon_meta']
[0.478s] [34mcolcon.colcon_core.package_identification[0m [1;30mLevel 1[0m _identify(src/r2_odrive) by extension 'colcon_meta'
[0.479s] [34mcolcon.colcon_core.package_identification[0m [1;30mLevel 1[0m _identify(src/r2_odrive) by extensions ['ros']
[0.479s] [34mcolcon.colcon_core.package_identification[0m [1;30mLevel 1[0m _identify(src/r2_odrive) by extension 'ros'
[0.479s] [34mcolcon.colcon_core.package_identification[0m [1;30mDEBUG[0m [32mPackage 'src/r2_odrive' with type 'ros.ament_python' and name 'r2_odrive'[0m
[0.479s] [34mcolcon.colcon_core.package_identification[0m [1;30mLevel 1[0m _identify(src/rogidrive) by extensions ['ignore', 'ignore_ament_install']
[0.479s] [34mcolcon.colcon_core.package_identification[0m [1;30mLevel 1[0m _identify(src/rogidrive) by extension 'ignore'
[0.479s] [34mcolcon.colcon_core.package_identification[0m [1;30mLevel 1[0m _identify(src/rogidrive) by extension 'ignore_ament_install'
[0.479s] [34mcolcon.colcon_core.package_identification[0m [1;30mLevel 1[0m _identify(src/rogidrive) by extensions ['colcon_pkg']
[0.480s] [34mcolcon.colcon_core.package_identification[0m [1;30mLevel 1[0m _identify(src/rogidrive) by extension 'colcon_pkg'
[0.480s] [34mcolcon.colcon_core.package_identification[0m [1;30mLevel 1[0m _identify(src/rogidrive) by extensions ['colcon_meta']
[0.480s] [34mcolcon.colcon_core.package_identification[0m [1;30mLevel 1[0m _identify(src/rogidrive) by extension 'colcon_meta'
[0.480s] [34mcolcon.colcon_core.package_identification[0m [1;30mLevel 1[0m _identify(src/rogidrive) by extensions ['ros']
[0.480s] [34mcolcon.colcon_core.package_identification[0m [1;30mLevel 1[0m _identify(src/rogidrive) by extension 'ros'
[0.480s] [34mcolcon.colcon_core.package_identification[0m [1;30mLevel 1[0m _identify(src/rogidrive) by extensions ['cmake', 'python']
[0.480s] [34mcolcon.colcon_core.package_identification[0m [1;30mLevel 1[0m _identify(src/rogidrive) by extension 'cmake'
[0.480s] [34mcolcon.colcon_core.package_identification[0m [1;30mLevel 1[0m _identify(src/rogidrive) by extension 'python'
[0.480s] [34mcolcon.colcon_core.package_identification[0m [1;30mLevel 1[0m _identify(src/rogidrive) by extensions ['python_setup_py']
[0.480s] [34mcolcon.colcon_core.package_identification[0m [1;30mLevel 1[0m _identify(src/rogidrive) by extension 'python_setup_py'
[0.480s] [34mcolcon.colcon_core.package_identification[0m [1;30mLevel 1[0m _identify(src/rogidrive/rogidrive) by extensions ['ignore', 'ignore_ament_install']
[0.480s] [34mcolcon.colcon_core.package_identification[0m [1;30mLevel 1[0m _identify(src/rogidrive/rogidrive) by extension 'ignore'
[0.480s] [34mcolcon.colcon_core.package_identification[0m [1;30mLevel 1[0m _identify(src/rogidrive/rogidrive) by extension 'ignore_ament_install'
[0.480s] [34mcolcon.colcon_core.package_identification[0m [1;30mLevel 1[0m _identify(src/rogidrive/rogidrive) by extensions ['colcon_pkg']
[0.480s] [34mcolcon.colcon_core.package_identification[0m [1;30mLevel 1[0m _identify(src/rogidrive/rogidrive) by extension 'colcon_pkg'
[0.480s] [34mcolcon.colcon_core.package_identification[0m [1;30mLevel 1[0m _identify(src/rogidrive/rogidrive) by extensions ['colcon_meta']
[0.480s] [34mcolcon.colcon_core.package_identification[0m [1;30mLevel 1[0m _identify(src/rogidrive/rogidrive) by extension 'colcon_meta'
[0.480s] [34mcolcon.colcon_core.package_identification[0m [1;30mLevel 1[0m _identify(src/rogidrive/rogidrive) by extensions ['ros']
[0.480s] [34mcolcon.colcon_core.package_identification[0m [1;30mLevel 1[0m _identify(src/rogidrive/rogidrive) by extension 'ros'
[0.481s] [34mcolcon.colcon_core.package_identification[0m [1;30mDEBUG[0m [32mPackage 'src/rogidrive/rogidrive' with type 'ros.ament_python' and name 'rogidrive'[0m
[0.481s] [34mcolcon.colcon_core.package_identification[0m [1;30mLevel 1[0m _identify(src/rogidrive/rogidrive_msg) by extensions ['ignore', 'ignore_ament_install']
[0.481s] [34mcolcon.colcon_core.package_identification[0m [1;30mLevel 1[0m _identify(src/rogidrive/rogidrive_msg) by extension 'ignore'
[0.481s] [34mcolcon.colcon_core.package_identification[0m [1;30mLevel 1[0m _identify(src/rogidrive/rogidrive_msg) by extension 'ignore_ament_install'
[0.481s] [34mcolcon.colcon_core.package_identification[0m [1;30mLevel 1[0m _identify(src/rogidrive/rogidrive_msg) by extensions ['colcon_pkg']
[0.481s] [34mcolcon.colcon_core.package_identification[0m [1;30mLevel 1[0m _identify(src/rogidrive/rogidrive_msg) by extension 'colcon_pkg'
[0.481s] [34mcolcon.colcon_core.package_identification[0m [1;30mLevel 1[0m _identify(src/rogidrive/rogidrive_msg) by extensions ['colcon_meta']
[0.481s] [34mcolcon.colcon_core.package_identification[0m [1;30mLevel 1[0m _identify(src/rogidrive/rogidrive_msg) by extension 'colcon_meta'
[0.481s] [34mcolcon.colcon_core.package_identification[0m [1;30mLevel 1[0m _identify(src/rogidrive/rogidrive_msg) by extensions ['ros']
[0.481s] [34mcolcon.colcon_core.package_identification[0m [1;30mLevel 1[0m _identify(src/rogidrive/rogidrive_msg) by extension 'ros'
[0.482s] [34mcolcon.colcon_core.package_identification[0m [1;30mDEBUG[0m [32mPackage 'src/rogidrive/rogidrive_msg' with type 'ros.ament_cmake' and name 'rogidrive_msg'[0m
[0.482s] [34mcolcon.colcon_core.package_identification[0m [1;30mLevel 1[0m _identify(src/rosparam_shortcuts) by extensions ['ignore', 'ignore_ament_install']
[0.482s] [34mcolcon.colcon_core.package_identification[0m [1;30mLevel 1[0m _identify(src/rosparam_shortcuts) by extension 'ignore'
[0.482s] [34mcolcon.colcon_core.package_identification[0m [1;30mLevel 1[0m _identify(src/rosparam_shortcuts) by extension 'ignore_ament_install'
[0.482s] [34mcolcon.colcon_core.package_identification[0m [1;30mLevel 1[0m _identify(src/rosparam_shortcuts) by extensions ['colcon_pkg']
[0.482s] [34mcolcon.colcon_core.package_identification[0m [1;30mLevel 1[0m _identify(src/rosparam_shortcuts) by extension 'colcon_pkg'
[0.482s] [34mcolcon.colcon_core.package_identification[0m [1;30mLevel 1[0m _identify(src/rosparam_shortcuts) by extensions ['colcon_meta']
[0.482s] [34mcolcon.colcon_core.package_identification[0m [1;30mLevel 1[0m _identify(src/rosparam_shortcuts) by extension 'colcon_meta'
[0.482s] [34mcolcon.colcon_core.package_identification[0m [1;30mLevel 1[0m _identify(src/rosparam_shortcuts) by extensions ['ros']
[0.482s] [34mcolcon.colcon_core.package_identification[0m [1;30mLevel 1[0m _identify(src/rosparam_shortcuts) by extension 'ros'
[0.483s] [34mcolcon.colcon_core.package_identification[0m [1;30mDEBUG[0m [32mPackage 'src/rosparam_shortcuts' with type 'ros.ament_cmake' and name 'rosparam_shortcuts'[0m
[0.483s] [34mcolcon.colcon_core.package_identification[0m [1;30mLevel 1[0m _identify(src/sakai_r2_config) by extensions ['ignore', 'ignore_ament_install']
[0.483s] [34mcolcon.colcon_core.package_identification[0m [1;30mLevel 1[0m _identify(src/sakai_r2_config) by extension 'ignore'
[0.483s] [34mcolcon.colcon_core.package_identification[0m [1;30mLevel 1[0m _identify(src/sakai_r2_config) by extension 'ignore_ament_install'
[0.483s] [34mcolcon.colcon_core.package_identification[0m [1;30mLevel 1[0m _identify(src/sakai_r2_config) by extensions ['colcon_pkg']
[0.483s] [34mcolcon.colcon_core.package_identification[0m [1;30mLevel 1[0m _identify(src/sakai_r2_config) by extension 'colcon_pkg'
[0.483s] [34mcolcon.colcon_core.package_identification[0m [1;30mLevel 1[0m _identify(src/sakai_r2_config) by extensions ['colcon_meta']
[0.483s] [34mcolcon.colcon_core.package_identification[0m [1;30mLevel 1[0m _identify(src/sakai_r2_config) by extension 'colcon_meta'
[0.483s] [34mcolcon.colcon_core.package_identification[0m [1;30mLevel 1[0m _identify(src/sakai_r2_config) by extensions ['ros']
[0.483s] [34mcolcon.colcon_core.package_identification[0m [1;30mLevel 1[0m _identify(src/sakai_r2_config) by extension 'ros'
[0.484s] [34mcolcon.colcon_core.package_identification[0m [1;30mDEBUG[0m [32mPackage 'src/sakai_r2_config' with type 'ros.ament_cmake' and name 'sakai_r2_config'[0m
[0.484s] [34mcolcon.colcon_core.package_identification[0m [1;30mLevel 1[0m _identify(src/srdfdom) by extensions ['ignore', 'ignore_ament_install']
[0.484s] [34mcolcon.colcon_core.package_identification[0m [1;30mLevel 1[0m _identify(src/srdfdom) by extension 'ignore'
[0.484s] [34mcolcon.colcon_core.package_identification[0m [1;30mLevel 1[0m _identify(src/srdfdom) by extension 'ignore_ament_install'
[0.484s] [34mcolcon.colcon_core.package_identification[0m [1;30mLevel 1[0m _identify(src/srdfdom) by extensions ['colcon_pkg']
[0.484s] [34mcolcon.colcon_core.package_identification[0m [1;30mLevel 1[0m _identify(src/srdfdom) by extension 'colcon_pkg'
[0.484s] [34mcolcon.colcon_core.package_identification[0m [1;30mLevel 1[0m _identify(src/srdfdom) by extensions ['colcon_meta']
[0.484s] [34mcolcon.colcon_core.package_identification[0m [1;30mLevel 1[0m _identify(src/srdfdom) by extension 'colcon_meta'
[0.484s] [34mcolcon.colcon_core.package_identification[0m [1;30mLevel 1[0m _identify(src/srdfdom) by extensions ['ros']
[0.484s] [34mcolcon.colcon_core.package_identification[0m [1;30mLevel 1[0m _identify(src/srdfdom) by extension 'ros'
[0.485s] [34mcolcon.colcon_core.package_identification[0m [1;30mDEBUG[0m [32mPackage 'src/srdfdom' with type 'ros.ament_cmake' and name 'srdfdom'[0m
[0.485s] [34mcolcon.colcon_core.package_identification[0m [1;30mLevel 1[0m _identify(src/trac_ik) by extensions ['ignore', 'ignore_ament_install']
[0.485s] [34mcolcon.colcon_core.package_identification[0m [1;30mLevel 1[0m _identify(src/trac_ik) by extension 'ignore'
[0.486s] [34mcolcon.colcon_core.package_identification[0m [1;30mLevel 1[0m _identify(src/trac_ik) by extension 'ignore_ament_install'
[0.486s] [34mcolcon.colcon_core.package_identification[0m [1;30mLevel 1[0m _identify(src/trac_ik) by extensions ['colcon_pkg']
[0.486s] [34mcolcon.colcon_core.package_identification[0m [1;30mLevel 1[0m _identify(src/trac_ik) by extension 'colcon_pkg'
[0.486s] [34mcolcon.colcon_core.package_identification[0m [1;30mLevel 1[0m _identify(src/trac_ik) by extensions ['colcon_meta']
[0.486s] [34mcolcon.colcon_core.package_identification[0m [1;30mLevel 1[0m _identify(src/trac_ik) by extension 'colcon_meta'
[0.486s] [34mcolcon.colcon_core.package_identification[0m [1;30mLevel 1[0m _identify(src/trac_ik) by extensions ['ros']
[0.486s] [34mcolcon.colcon_core.package_identification[0m [1;30mLevel 1[0m _identify(src/trac_ik) by extension 'ros'
[0.486s] [34mcolcon.colcon_core.package_identification[0m [1;30mLevel 1[0m _identify(src/trac_ik) by extensions ['cmake', 'python']
[0.486s] [34mcolcon.colcon_core.package_identification[0m [1;30mLevel 1[0m _identify(src/trac_ik) by extension 'cmake'
[0.486s] [34mcolcon.colcon_core.package_identification[0m [1;30mLevel 1[0m _identify(src/trac_ik) by extension 'python'
[0.486s] [34mcolcon.colcon_core.package_identification[0m [1;30mLevel 1[0m _identify(src/trac_ik) by extensions ['python_setup_py']
[0.486s] [34mcolcon.colcon_core.package_identification[0m [1;30mLevel 1[0m _identify(src/trac_ik) by extension 'python_setup_py'
[0.486s] [34mcolcon.colcon_core.package_identification[0m [1;30mLevel 1[0m _identify(src/trac_ik/trac_ik) by extensions ['ignore', 'ignore_ament_install']
[0.486s] [34mcolcon.colcon_core.package_identification[0m [1;30mLevel 1[0m _identify(src/trac_ik/trac_ik) by extension 'ignore'
[0.486s] [34mcolcon.colcon_core.package_identification[0m [1;30mLevel 1[0m _identify(src/trac_ik/trac_ik) by extension 'ignore_ament_install'
[0.486s] [34mcolcon.colcon_core.package_identification[0m [1;30mLevel 1[0m _identify(src/trac_ik/trac_ik) by extensions ['colcon_pkg']
[0.486s] [34mcolcon.colcon_core.package_identification[0m [1;30mLevel 1[0m _identify(src/trac_ik/trac_ik) by extension 'colcon_pkg'
[0.486s] [34mcolcon.colcon_core.package_identification[0m [1;30mLevel 1[0m _identify(src/trac_ik/trac_ik) by extensions ['colcon_meta']
[0.486s] [34mcolcon.colcon_core.package_identification[0m [1;30mLevel 1[0m _identify(src/trac_ik/trac_ik) by extension 'colcon_meta'
[0.486s] [34mcolcon.colcon_core.package_identification[0m [1;30mLevel 1[0m _identify(src/trac_ik/trac_ik) by extensions ['ros']
[0.486s] [34mcolcon.colcon_core.package_identification[0m [1;30mLevel 1[0m _identify(src/trac_ik/trac_ik) by extension 'ros'
[0.487s] [34mcolcon.colcon_core.package_identification[0m [1;30mDEBUG[0m [32mPackage 'src/trac_ik/trac_ik' with type 'ros.ament_cmake' and name 'trac_ik'[0m
[0.487s] [34mcolcon.colcon_core.package_identification[0m [1;30mLevel 1[0m _identify(src/trac_ik/trac_ik_examples) by extensions ['ignore', 'ignore_ament_install']
[0.487s] [34mcolcon.colcon_core.package_identification[0m [1;30mLevel 1[0m _identify(src/trac_ik/trac_ik_examples) by extension 'ignore'
[0.487s] [34mcolcon.colcon_core.package_identification[0m [1;30mLevel 1[0m _identify(src/trac_ik/trac_ik_examples) ignored
[0.487s] [34mcolcon.colcon_core.package_identification[0m [1;30mLevel 1[0m _identify(src/trac_ik/trac_ik_kinematics_plugin) by extensions ['ignore', 'ignore_ament_install']
[0.487s] [34mcolcon.colcon_core.package_identification[0m [1;30mLevel 1[0m _identify(src/trac_ik/trac_ik_kinematics_plugin) by extension 'ignore'
[0.487s] [34mcolcon.colcon_core.package_identification[0m [1;30mLevel 1[0m _identify(src/trac_ik/trac_ik_kinematics_plugin) by extension 'ignore_ament_install'
[0.487s] [34mcolcon.colcon_core.package_identification[0m [1;30mLevel 1[0m _identify(src/trac_ik/trac_ik_kinematics_plugin) by extensions ['colcon_pkg']
[0.487s] [34mcolcon.colcon_core.package_identification[0m [1;30mLevel 1[0m _identify(src/trac_ik/trac_ik_kinematics_plugin) by extension 'colcon_pkg'
[0.487s] [34mcolcon.colcon_core.package_identification[0m [1;30mLevel 1[0m _identify(src/trac_ik/trac_ik_kinematics_plugin) by extensions ['colcon_meta']
[0.487s] [34mcolcon.colcon_core.package_identification[0m [1;30mLevel 1[0m _identify(src/trac_ik/trac_ik_kinematics_plugin) by extension 'colcon_meta'
[0.487s] [34mcolcon.colcon_core.package_identification[0m [1;30mLevel 1[0m _identify(src/trac_ik/trac_ik_kinematics_plugin) by extensions ['ros']
[0.487s] [34mcolcon.colcon_core.package_identification[0m [1;30mLevel 1[0m _identify(src/trac_ik/trac_ik_kinematics_plugin) by extension 'ros'
[0.488s] [34mcolcon.colcon_core.package_identification[0m [1;30mDEBUG[0m [32mPackage 'src/trac_ik/trac_ik_kinematics_plugin' with type 'ros.ament_cmake' and name 'trac_ik_kinematics_plugin'[0m
[0.488s] [34mcolcon.colcon_core.package_identification[0m [1;30mLevel 1[0m _identify(src/trac_ik/trac_ik_lib) by extensions ['ignore', 'ignore_ament_install']
[0.488s] [34mcolcon.colcon_core.package_identification[0m [1;30mLevel 1[0m _identify(src/trac_ik/trac_ik_lib) by extension 'ignore'
[0.488s] [34mcolcon.colcon_core.package_identification[0m [1;30mLevel 1[0m _identify(src/trac_ik/trac_ik_lib) by extension 'ignore_ament_install'
[0.489s] [34mcolcon.colcon_core.package_identification[0m [1;30mLevel 1[0m _identify(src/trac_ik/trac_ik_lib) by extensions ['colcon_pkg']
[0.489s] [34mcolcon.colcon_core.package_identification[0m [1;30mLevel 1[0m _identify(src/trac_ik/trac_ik_lib) by extension 'colcon_pkg'
[0.489s] [34mcolcon.colcon_core.package_identification[0m [1;30mLevel 1[0m _identify(src/trac_ik/trac_ik_lib) by extensions ['colcon_meta']
[0.489s] [34mcolcon.colcon_core.package_identification[0m [1;30mLevel 1[0m _identify(src/trac_ik/trac_ik_lib) by extension 'colcon_meta'
[0.489s] [34mcolcon.colcon_core.package_identification[0m [1;30mLevel 1[0m _identify(src/trac_ik/trac_ik_lib) by extensions ['ros']
[0.489s] [34mcolcon.colcon_core.package_identification[0m [1;30mLevel 1[0m _identify(src/trac_ik/trac_ik_lib) by extension 'ros'
[0.490s] [34mcolcon.colcon_core.package_identification[0m [1;30mDEBUG[0m [32mPackage 'src/trac_ik/trac_ik_lib' with type 'ros.ament_cmake' and name 'trac_ik_lib'[0m
[0.490s] [34mcolcon.colcon_core.package_identification[0m [1;30mLevel 1[0m _identify(src/trac_ik/trac_ik_python) by extensions ['ignore', 'ignore_ament_install']
[0.490s] [34mcolcon.colcon_core.package_identification[0m [1;30mLevel 1[0m _identify(src/trac_ik/trac_ik_python) by extension 'ignore'
[0.490s] [34mcolcon.colcon_core.package_identification[0m [1;30mLevel 1[0m _identify(src/trac_ik/trac_ik_python) ignored
[0.490s] [34mcolcon.colcon_core.package_discovery[0m [1;30mLevel 1[0m discover_packages(recursive) using defaults
[0.490s] [34mcolcon.colcon_core.package_discovery[0m [1;30mLevel 1[0m discover_packages(ignore) discover
[0.490s] [34mcolcon.colcon_core.package_discovery[0m [1;30mLevel 1[0m discover_packages(ignore) using defaults
[0.490s] [34mcolcon.colcon_core.package_discovery[0m [1;30mLevel 1[0m discover_packages(path) discover
[0.490s] [34mcolcon.colcon_core.package_discovery[0m [1;30mLevel 1[0m discover_packages(path) using defaults
[0.567s] [34mcolcon.colcon_core.package_discovery[0m [1;30mLevel 1[0m discover_packages(prefix_path) check parameters
[0.567s] [34mcolcon.colcon_core.package_discovery[0m [1;30mLevel 1[0m discover_packages(prefix_path) discover
[0.572s] [34mcolcon.colcon_installed_package_information.package_discovery[0m [1;30mDEBUG[0m [32mFound 79 installed packages in /home/a/ws_nhk/install[0m
[0.573s] [34mcolcon.colcon_installed_package_information.package_discovery[0m [1;30mDEBUG[0m [32mFound 1 installed packages in /home/a/install[0m
[0.574s] [34mcolcon.colcon_installed_package_information.package_discovery[0m [1;30mDEBUG[0m [32mFound 364 installed packages in /opt/ros/humble[0m
[0.576s] [34mcolcon.colcon_core.package_discovery[0m [1;30mLevel 1[0m discover_packages(prefix_path) using defaults
[0.614s] [34mcolcon.colcon_core.verb[0m [1;30mLevel 5[0m set package 'a_r2_description' build argument 'cmake_args' from command line to 'None'
[0.614s] [34mcolcon.colcon_core.verb[0m [1;30mLevel 5[0m set package 'a_r2_description' build argument 'cmake_target' from command line to 'None'
[0.614s] [34mcolcon.colcon_core.verb[0m [1;30mLevel 5[0m set package 'a_r2_description' build argument 'cmake_target_skip_unavailable' from command line to 'False'
[0.614s] [34mcolcon.colcon_core.verb[0m [1;30mLevel 5[0m set package 'a_r2_description' build argument 'cmake_clean_cache' from command line to 'False'
[0.614s] [34mcolcon.colcon_core.verb[0m [1;30mLevel 5[0m set package 'a_r2_description' build argument 'cmake_clean_first' from command line to 'False'
[0.614s] [34mcolcon.colcon_core.verb[0m [1;30mLevel 5[0m set package 'a_r2_description' build argument 'cmake_force_configure' from command line to 'False'
[0.614s] [34mcolcon.colcon_core.verb[0m [1;30mLevel 5[0m set package 'a_r2_description' build argument 'ament_cmake_args' from command line to 'None'
[0.614s] [34mcolcon.colcon_core.verb[0m [1;30mLevel 5[0m set package 'a_r2_description' build argument 'catkin_cmake_args' from command line to 'None'
[0.614s] [34mcolcon.colcon_core.verb[0m [1;30mLevel 5[0m set package 'a_r2_description' build argument 'catkin_skip_building_tests' from command line to 'False'
[0.614s] [34mcolcon.colcon_core.verb[0m [1;30mDEBUG[0m [32mBuilding package 'a_r2_description' with the following arguments: {'ament_cmake_args': None, 'build_base': '/home/a/ws_nhk/build/a_r2_description', 'catkin_cmake_args': None, 'catkin_skip_building_tests': False, 'cmake_args': None, 'cmake_clean_cache': False, 'cmake_clean_first': False, 'cmake_force_configure': False, 'cmake_target': None, 'cmake_target_skip_unavailable': False, 'install_base': '/home/a/ws_nhk/install/a_r2_description', 'merge_install': False, 'path': '/home/a/ws_nhk/src/a_r2_description-20251207T063721Z-3-001/a_r2_description', 'symlink_install': False, 'test_result_base': None}[0m
[0.615s] [34mcolcon.colcon_core.verb[0m [1;30mLevel 5[0m set package 'arm_module_description' build argument 'cmake_args' from command line to 'None'
[0.615s] [34mcolcon.colcon_core.verb[0m [1;30mLevel 5[0m set package 'arm_module_description' build argument 'cmake_target' from command line to 'None'
[0.615s] [34mcolcon.colcon_core.verb[0m [1;30mLevel 5[0m set package 'arm_module_description' build argument 'cmake_target_skip_unavailable' from command line to 'False'
[0.615s] [34mcolcon.colcon_core.verb[0m [1;30mLevel 5[0m set package 'arm_module_description' build argument 'cmake_clean_cache' from command line to 'False'
[0.615s] [34mcolcon.colcon_core.verb[0m [1;30mLevel 5[0m set package 'arm_module_description' build argument 'cmake_clean_first' from command line to 'False'
[0.615s] [34mcolcon.colcon_core.verb[0m [1;30mLevel 5[0m set package 'arm_module_description' build argument 'cmake_force_configure' from command line to 'False'
[0.615s] [34mcolcon.colcon_core.verb[0m [1;30mLevel 5[0m set package 'arm_module_description' build argument 'ament_cmake_args' from command line to 'None'
[0.615s] [34mcolcon.colcon_core.verb[0m [1;30mLevel 5[0m set package 'arm_module_description' build argument 'catkin_cmake_args' from command line to 'None'
[0.615s] [34mcolcon.colcon_core.verb[0m [1;30mLevel 5[0m set package 'arm_module_description' build argument 'catkin_skip_building_tests' from command line to 'False'
[0.615s] [34mcolcon.colcon_core.verb[0m [1;30mDEBUG[0m [32mBuilding package 'arm_module_description' with the following arguments: {'ament_cmake_args': None, 'build_base': '/home/a/ws_nhk/build/arm_module_description', 'catkin_cmake_args': None, 'catkin_skip_building_tests': False, 'cmake_args': None, 'cmake_clean_cache': False, 'cmake_clean_first': False, 'cmake_force_configure': False, 'cmake_target': None, 'cmake_target_skip_unavailable': False, 'install_base': '/home/a/ws_nhk/install/arm_module_description', 'merge_install': False, 'path': '/home/a/ws_nhk/src/arm_module_description-20251221T061328Z-3-001/arm_module_description', 'symlink_install': False, 'test_result_base': None}[0m
[0.615s] [34mcolcon.colcon_core.verb[0m [1;30mLevel 5[0m set package 'arm_v20_description' build argument 'cmake_args' from command line to 'None'
[0.615s] [34mcolcon.colcon_core.verb[0m [1;30mLevel 5[0m set package 'arm_v20_description' build argument 'cmake_target' from command line to 'None'
[0.615s] [34mcolcon.colcon_core.verb[0m [1;30mLevel 5[0m set package 'arm_v20_description' build argument 'cmake_target_skip_unavailable' from command line to 'False'
[0.615s] [34mcolcon.colcon_core.verb[0m [1;30mLevel 5[0m set package 'arm_v20_description' build argument 'cmake_clean_cache' from command line to 'False'
[0.615s] [34mcolcon.colcon_core.verb[0m [1;30mLevel 5[0m set package 'arm_v20_description' build argument 'cmake_clean_first' from command line to 'False'
[0.615s] [34mcolcon.colcon_core.verb[0m [1;30mLevel 5[0m set package 'arm_v20_description' build argument 'cmake_force_configure' from command line to 'False'
[0.615s] [34mcolcon.colcon_core.verb[0m [1;30mLevel 5[0m set package 'arm_v20_description' build argument 'ament_cmake_args' from command line to 'None'
[0.615s] [34mcolcon.colcon_core.verb[0m [1;30mLevel 5[0m set package 'arm_v20_description' build argument 'catkin_cmake_args' from command line to 'None'
[0.615s] [34mcolcon.colcon_core.verb[0m [1;30mLevel 5[0m set package 'arm_v20_description' build argument 'catkin_skip_building_tests' from command line to 'False'
[0.615s] [34mcolcon.colcon_core.verb[0m [1;30mDEBUG[0m [32mBuilding package 'arm_v20_description' with the following arguments: {'ament_cmake_args': None, 'build_base': '/home/a/ws_nhk/build/arm_v20_description', 'catkin_cmake_args': None, 'catkin_skip_building_tests': False, 'cmake_args': None, 'cmake_clean_cache': False, 'cmake_clean_first': False, 'cmake_force_configure': False, 'cmake_target': None, 'cmake_target_skip_unavailable': False, 'install_base': '/home/a/ws_nhk/install/arm_v20_description', 'merge_install': False, 'path': '/home/a/ws_nhk/src/arm_v20_description-20251026T114629Z-1-001/arm_v20_description', 'symlink_install': False, 'test_result_base': None}[0m
[0.616s] [34mcolcon.colcon_core.verb[0m [1;30mLevel 5[0m set package 'dynamixel_controller_client' build argument 'cmake_args' from command line to 'None'
[0.616s] [34mcolcon.colcon_core.verb[0m [1;30mLevel 5[0m set package 'dynamixel_controller_client' build argument 'cmake_target' from command line to 'None'
[0.616s] [34mcolcon.colcon_core.verb[0m [1;30mLevel 5[0m set package 'dynamixel_controller_client' build argument 'cmake_target_skip_unavailable' from command line to 'False'
[0.616s] [34mcolcon.colcon_core.verb[0m [1;30mLevel 5[0m set package 'dynamixel_controller_client' build argument 'cmake_clean_cache' from command line to 'False'
[0.616s] [34mcolcon.colcon_core.verb[0m [1;30mLevel 5[0m set package 'dynamixel_controller_client' build argument 'cmake_clean_first' from command line to 'False'
[0.616s] [34mcolcon.colcon_core.verb[0m [1;30mLevel 5[0m set package 'dynamixel_controller_client' build argument 'cmake_force_configure' from command line to 'False'
[0.616s] [34mcolcon.colcon_core.verb[0m [1;30mLevel 5[0m set package 'dynamixel_controller_client' build argument 'ament_cmake_args' from command line to 'None'
[0.616s] [34mcolcon.colcon_core.verb[0m [1;30mLevel 5[0m set package 'dynamixel_controller_client' build argument 'catkin_cmake_args' from command line to 'None'
[0.616s] [34mcolcon.colcon_core.verb[0m [1;30mLevel 5[0m set package 'dynamixel_controller_client' build argument 'catkin_skip_building_tests' from command line to 'False'
[0.616s] [34mcolcon.colcon_core.verb[0m [1;30mDEBUG[0m [32mBuilding package 'dynamixel_controller_client' with the following arguments: {'ament_cmake_args': None, 'build_base': '/home/a/ws_nhk/build/dynamixel_controller_client', 'catkin_cmake_args': None, 'catkin_skip_building_tests': False, 'cmake_args': None, 'cmake_clean_cache': False, 'cmake_clean_first': False, 'cmake_force_configure': False, 'cmake_target': None, 'cmake_target_skip_unavailable': False, 'install_base': '/home/a/ws_nhk/install/dynamixel_controller_client', 'merge_install': False, 'path': '/home/a/ws_nhk/src/dynamixel_ros2/dynamixel_controller_client', 'symlink_install': False, 'test_result_base': None}[0m
[0.616s] [34mcolcon.colcon_core.verb[0m [1;30mLevel 5[0m set package 'dynamixel_sdk' build argument 'cmake_args' from command line to 'None'
[0.616s] [34mcolcon.colcon_core.verb[0m [1;30mLevel 5[0m set package 'dynamixel_sdk' build argument 'cmake_target' from command line to 'None'
[0.616s] [34mcolcon.colcon_core.verb[0m [1;30mLevel 5[0m set package 'dynamixel_sdk' build argument 'cmake_target_skip_unavailable' from command line to 'False'
[0.616s] [34mcolcon.colcon_core.verb[0m [1;30mLevel 5[0m set package 'dynamixel_sdk' build argument 'cmake_clean_cache' from command line to 'False'
[0.616s] [34mcolcon.colcon_core.verb[0m [1;30mLevel 5[0m set package 'dynamixel_sdk' build argument 'cmake_clean_first' from command line to 'False'
[0.616s] [34mcolcon.colcon_core.verb[0m [1;30mLevel 5[0m set package 'dynamixel_sdk' build argument 'cmake_force_configure' from command line to 'False'
[0.616s] [34mcolcon.colcon_core.verb[0m [1;30mLevel 5[0m set package 'dynamixel_sdk' build argument 'ament_cmake_args' from command line to 'None'
[0.616s] [34mcolcon.colcon_core.verb[0m [1;30mLevel 5[0m set package 'dynamixel_sdk' build argument 'catkin_cmake_args' from command line to 'None'
[0.616s] [34mcolcon.colcon_core.verb[0m [1;30mLevel 5[0m set package 'dynamixel_sdk' build argument 'catkin_skip_building_tests' from command line to 'False'
[0.616s] [34mcolcon.colcon_core.verb[0m [1;30mDEBUG[0m [32mBuilding package 'dynamixel_sdk' with the following arguments: {'ament_cmake_args': None, 'build_base': '/home/a/ws_nhk/build/dynamixel_sdk', 'catkin_cmake_args': None, 'catkin_skip_building_tests': False, 'cmake_args': None, 'cmake_clean_cache': False, 'cmake_clean_first': False, 'cmake_force_configure': False, 'cmake_target': None, 'cmake_target_skip_unavailable': False, 'install_base': '/home/a/ws_nhk/install/dynamixel_sdk', 'merge_install': False, 'path': '/home/a/ws_nhk/src/dynamixel_ros2/DynamixelSDK/dynamixel_sdk', 'symlink_install': False, 'test_result_base': None}[0m
[0.617s] [34mcolcon.colcon_core.verb[0m [1;30mLevel 5[0m set package 'dynamixel_sdk_custom_interfaces' build argument 'cmake_args' from command line to 'None'
[0.617s] [34mcolcon.colcon_core.verb[0m [1;30mLevel 5[0m set package 'dynamixel_sdk_custom_interfaces' build argument 'cmake_target' from command line to 'None'
[0.617s] [34mcolcon.colcon_core.verb[0m [1;30mLevel 5[0m set package 'dynamixel_sdk_custom_interfaces' build argument 'cmake_target_skip_unavailable' from command line to 'False'
[0.617s] [34mcolcon.colcon_core.verb[0m [1;30mLevel 5[0m set package 'dynamixel_sdk_custom_interfaces' build argument 'cmake_clean_cache' from command line to 'False'
[0.617s] [34mcolcon.colcon_core.verb[0m [1;30mLevel 5[0m set package 'dynamixel_sdk_custom_interfaces' build argument 'cmake_clean_first' from command line to 'False'
[0.617s] [34mcolcon.colcon_core.verb[0m [1;30mLevel 5[0m set package 'dynamixel_sdk_custom_interfaces' build argument 'cmake_force_configure' from command line to 'False'
[0.617s] [34mcolcon.colcon_core.verb[0m [1;30mLevel 5[0m set package 'dynamixel_sdk_custom_interfaces' build argument 'ament_cmake_args' from command line to 'None'
[0.617s] [34mcolcon.colcon_core.verb[0m [1;30mLevel 5[0m set package 'dynamixel_sdk_custom_interfaces' build argument 'catkin_cmake_args' from command line to 'None'
[0.617s] [34mcolcon.colcon_core.verb[0m [1;30mLevel 5[0m set package 'dynamixel_sdk_custom_interfaces' build argument 'catkin_skip_building_tests' from command line to 'False'
[0.617s] [34mcolcon.colcon_core.verb[0m [1;30mDEBUG[0m [32mBuilding package 'dynamixel_sdk_custom_interfaces' with the following arguments: {'ament_cmake_args': None, 'build_base': '/home/a/ws_nhk/build/dynamixel_sdk_custom_interfaces', 'catkin_cmake_args': None, 'catkin_skip_building_tests': False, 'cmake_args': None, 'cmake_clean_cache': False, 'cmake_clean_first': False, 'cmake_force_configure': False, 'cmake_target': None, 'cmake_target_skip_unavailable': False, 'install_base': '/home/a/ws_nhk/install/dynamixel_sdk_custom_interfaces', 'merge_install': False, 'path': '/home/a/ws_nhk/src/dynamixel_ros2/DynamixelSDK/dynamixel_sdk_custom_interfaces', 'symlink_install': False, 'test_result_base': None}[0m
[0.617s] [34mcolcon.colcon_core.verb[0m [1;30mLevel 5[0m set package 'launch_param_builder' build argument 'cmake_args' from command line to 'None'
[0.617s] [34mcolcon.colcon_core.verb[0m [1;30mLevel 5[0m set package 'launch_param_builder' build argument 'cmake_target' from command line to 'None'
[0.617s] [34mcolcon.colcon_core.verb[0m [1;30mLevel 5[0m set package 'launch_param_builder' build argument 'cmake_target_skip_unavailable' from command line to 'False'
[0.617s] [34mcolcon.colcon_core.verb[0m [1;30mLevel 5[0m set package 'launch_param_builder' build argument 'cmake_clean_cache' from command line to 'False'
[0.617s] [34mcolcon.colcon_core.verb[0m [1;30mLevel 5[0m set package 'launch_param_builder' build argument 'cmake_clean_first' from command line to 'False'
[0.617s] [34mcolcon.colcon_core.verb[0m [1;30mLevel 5[0m set package 'launch_param_builder' build argument 'cmake_force_configure' from command line to 'False'
[0.617s] [34mcolcon.colcon_core.verb[0m [1;30mLevel 5[0m set package 'launch_param_builder' build argument 'ament_cmake_args' from command line to 'None'
[0.617s] [34mcolcon.colcon_core.verb[0m [1;30mLevel 5[0m set package 'launch_param_builder' build argument 'catkin_cmake_args' from command line to 'None'
[0.617s] [34mcolcon.colcon_core.verb[0m [1;30mLevel 5[0m set package 'launch_param_builder' build argument 'catkin_skip_building_tests' from command line to 'False'
[0.617s] [34mcolcon.colcon_core.verb[0m [1;30mDEBUG[0m [32mBuilding package 'launch_param_builder' with the following arguments: {'ament_cmake_args': None, 'build_base': '/home/a/ws_nhk/build/launch_param_builder', 'catkin_cmake_args': None, 'catkin_skip_building_tests': False, 'cmake_args': None, 'cmake_clean_cache': False, 'cmake_clean_first': False, 'cmake_force_configure': False, 'cmake_target': None, 'cmake_target_skip_unavailable': False, 'install_base': '/home/a/ws_nhk/install/launch_param_builder', 'merge_install': False, 'path': '/home/a/ws_nhk/src/launch_param_builder', 'symlink_install': False, 'test_result_base': None}[0m
[0.618s] [34mcolcon.colcon_core.verb[0m [1;30mLevel 5[0m set package 'moveit_common' build argument 'cmake_args' from command line to 'None'
[0.618s] [34mcolcon.colcon_core.verb[0m [1;30mLevel 5[0m set package 'moveit_common' build argument 'cmake_target' from command line to 'None'
[0.618s] [34mcolcon.colcon_core.verb[0m [1;30mLevel 5[0m set package 'moveit_common' build argument 'cmake_target_skip_unavailable' from command line to 'False'
[0.618s] [34mcolcon.colcon_core.verb[0m [1;30mLevel 5[0m set package 'moveit_common' build argument 'cmake_clean_cache' from command line to 'False'
[0.618s] [34mcolcon.colcon_core.verb[0m [1;30mLevel 5[0m set package 'moveit_common' build argument 'cmake_clean_first' from command line to 'False'
[0.618s] [34mcolcon.colcon_core.verb[0m [1;30mLevel 5[0m set package 'moveit_common' build argument 'cmake_force_configure' from command line to 'False'
[0.618s] [34mcolcon.colcon_core.verb[0m [1;30mLevel 5[0m set package 'moveit_common' build argument 'ament_cmake_args' from command line to 'None'
[0.618s] [34mcolcon.colcon_core.verb[0m [1;30mLevel 5[0m set package 'moveit_common' build argument 'catkin_cmake_args' from command line to 'None'
[0.618s] [34mcolcon.colcon_core.verb[0m [1;30mLevel 5[0m set package 'moveit_common' build argument 'catkin_skip_building_tests' from command line to 'False'
[0.618s] [34mcolcon.colcon_core.verb[0m [1;30mDEBUG[0m [32mBuilding package 'moveit_common' with the following arguments: {'ament_cmake_args': None, 'build_base': '/home/a/ws_nhk/build/moveit_common', 'catkin_cmake_args': None, 'catkin_skip_building_tests': False, 'cmake_args': None, 'cmake_clean_cache': False, 'cmake_clean_first': False, 'cmake_force_configure': False, 'cmake_target': None, 'cmake_target_skip_unavailable': False, 'install_base': '/home/a/ws_nhk/install/moveit_common', 'merge_install': False, 'path': '/home/a/ws_nhk/src/moveit2/moveit_common', 'symlink_install': False, 'test_result_base': None}[0m
[0.618s] [34mcolcon.colcon_core.verb[0m [1;30mLevel 5[0m set package 'moveit_resources_fanuc_description' build argument 'cmake_args' from command line to 'None'
[0.618s] [34mcolcon.colcon_core.verb[0m [1;30mLevel 5[0m set package 'moveit_resources_fanuc_description' build argument 'cmake_target' from command line to 'None'
[0.618s] [34mcolcon.colcon_core.verb[0m [1;30mLevel 5[0m set package 'moveit_resources_fanuc_description' build argument 'cmake_target_skip_unavailable' from command line to 'False'
[0.618s] [34mcolcon.colcon_core.verb[0m [1;30mLevel 5[0m set package 'moveit_resources_fanuc_description' build argument 'cmake_clean_cache' from command line to 'False'
[0.618s] [34mcolcon.colcon_core.verb[0m [1;30mLevel 5[0m set package 'moveit_resources_fanuc_description' build argument 'cmake_clean_first' from command line to 'False'
[0.618s] [34mcolcon.colcon_core.verb[0m [1;30mLevel 5[0m set package 'moveit_resources_fanuc_description' build argument 'cmake_force_configure' from command line to 'False'
[0.618s] [34mcolcon.colcon_core.verb[0m [1;30mLevel 5[0m set package 'moveit_resources_fanuc_description' build argument 'ament_cmake_args' from command line to 'None'
[0.618s] [34mcolcon.colcon_core.verb[0m [1;30mLevel 5[0m set package 'moveit_resources_fanuc_description' build argument 'catkin_cmake_args' from command line to 'None'
[0.618s] [34mcolcon.colcon_core.verb[0m [1;30mLevel 5[0m set package 'moveit_resources_fanuc_description' build argument 'catkin_skip_building_tests' from command line to 'False'
[0.618s] [34mcolcon.colcon_core.verb[0m [1;30mDEBUG[0m [32mBuilding package 'moveit_resources_fanuc_description' with the following arguments: {'ament_cmake_args': None, 'build_base': '/home/a/ws_nhk/build/moveit_resources_fanuc_description', 'catkin_cmake_args': None, 'catkin_skip_building_tests': False, 'cmake_args': None, 'cmake_clean_cache': False, 'cmake_clean_first': False, 'cmake_force_configure': False, 'cmake_target': None, 'cmake_target_skip_unavailable': False, 'install_base': '/home/a/ws_nhk/install/moveit_resources_fanuc_description', 'merge_install': False, 'path': '/home/a/ws_nhk/src/moveit_resources/fanuc_description', 'symlink_install': False, 'test_result_base': None}[0m
[0.618s] [34mcolcon.colcon_core.verb[0m [1;30mLevel 5[0m set package 'moveit_resources_panda_description' build argument 'cmake_args' from command line to 'None'
[0.618s] [34mcolcon.colcon_core.verb[0m [1;30mLevel 5[0m set package 'moveit_resources_panda_description' build argument 'cmake_target' from command line to 'None'
[0.619s] [34mcolcon.colcon_core.verb[0m [1;30mLevel 5[0m set package 'moveit_resources_panda_description' build argument 'cmake_target_skip_unavailable' from command line to 'False'
[0.619s] [34mcolcon.colcon_core.verb[0m [1;30mLevel 5[0m set package 'moveit_resources_panda_description' build argument 'cmake_clean_cache' from command line to 'False'
[0.619s] [34mcolcon.colcon_core.verb[0m [1;30mLevel 5[0m set package 'moveit_resources_panda_description' build argument 'cmake_clean_first' from command line to 'False'
[0.619s] [34mcolcon.colcon_core.verb[0m [1;30mLevel 5[0m set package 'moveit_resources_panda_description' build argument 'cmake_force_configure' from command line to 'False'
[0.619s] [34mcolcon.colcon_core.verb[0m [1;30mLevel 5[0m set package 'moveit_resources_panda_description' build argument 'ament_cmake_args' from command line to 'None'
[0.619s] [34mcolcon.colcon_core.verb[0m [1;30mLevel 5[0m set package 'moveit_resources_panda_description' build argument 'catkin_cmake_args' from command line to 'None'
[0.619s] [34mcolcon.colcon_core.verb[0m [1;30mLevel 5[0m set package 'moveit_resources_panda_description' build argument 'catkin_skip_building_tests' from command line to 'False'
[0.619s] [34mcolcon.colcon_core.verb[0m [1;30mDEBUG[0m [32mBuilding package 'moveit_resources_panda_description' with the following arguments: {'ament_cmake_args': None, 'build_base': '/home/a/ws_nhk/build/moveit_resources_panda_description', 'catkin_cmake_args': None, 'catkin_skip_building_tests': False, 'cmake_args': None, 'cmake_clean_cache': False, 'cmake_clean_first': False, 'cmake_force_configure': False, 'cmake_target': None, 'cmake_target_skip_unavailable': False, 'install_base': '/home/a/ws_nhk/install/moveit_resources_panda_description', 'merge_install': False, 'path': '/home/a/ws_nhk/src/moveit_resources/panda_description', 'symlink_install': False, 'test_result_base': None}[0m
[0.619s] [34mcolcon.colcon_core.verb[0m [1;30mLevel 5[0m set package 'moveit_resources_pr2_description' build argument 'cmake_args' from command line to 'None'
[0.619s] [34mcolcon.colcon_core.verb[0m [1;30mLevel 5[0m set package 'moveit_resources_pr2_description' build argument 'cmake_target' from command line to 'None'
[0.619s] [34mcolcon.colcon_core.verb[0m [1;30mLevel 5[0m set package 'moveit_resources_pr2_description' build argument 'cmake_target_skip_unavailable' from command line to 'False'
[0.619s] [34mcolcon.colcon_core.verb[0m [1;30mLevel 5[0m set package 'moveit_resources_pr2_description' build argument 'cmake_clean_cache' from command line to 'False'
[0.619s] [34mcolcon.colcon_core.verb[0m [1;30mLevel 5[0m set package 'moveit_resources_pr2_description' build argument 'cmake_clean_first' from command line to 'False'
[0.619s] [34mcolcon.colcon_core.verb[0m [1;30mLevel 5[0m set package 'moveit_resources_pr2_description' build argument 'cmake_force_configure' from command line to 'False'
[0.619s] [34mcolcon.colcon_core.verb[0m [1;30mLevel 5[0m set package 'moveit_resources_pr2_description' build argument 'ament_cmake_args' from command line to 'None'
[0.619s] [34mcolcon.colcon_core.verb[0m [1;30mLevel 5[0m set package 'moveit_resources_pr2_description' build argument 'catkin_cmake_args' from command line to 'None'
[0.619s] [34mcolcon.colcon_core.verb[0m [1;30mLevel 5[0m set package 'moveit_resources_pr2_description' build argument 'catkin_skip_building_tests' from command line to 'False'
[0.619s] [34mcolcon.colcon_core.verb[0m [1;30mDEBUG[0m [32mBuilding package 'moveit_resources_pr2_description' with the following arguments: {'ament_cmake_args': None, 'build_base': '/home/a/ws_nhk/build/moveit_resources_pr2_description', 'catkin_cmake_args': None, 'catkin_skip_building_tests': False, 'cmake_args': None, 'cmake_clean_cache': False, 'cmake_clean_first': False, 'cmake_force_configure': False, 'cmake_target': None, 'cmake_target_skip_unavailable': False, 'install_base': '/home/a/ws_nhk/install/moveit_resources_pr2_description', 'merge_install': False, 'path': '/home/a/ws_nhk/src/moveit_resources/pr2_description', 'symlink_install': False, 'test_result_base': None}[0m
[0.619s] [34mcolcon.colcon_core.verb[0m [1;30mLevel 5[0m set package 'moveit_resources_prbt_support' build argument 'cmake_args' from command line to 'None'
[0.619s] [34mcolcon.colcon_core.verb[0m [1;30mLevel 5[0m set package 'moveit_resources_prbt_support' build argument 'cmake_target' from command line to 'None'
[0.619s] [34mcolcon.colcon_core.verb[0m [1;30mLevel 5[0m set package 'moveit_resources_prbt_support' build argument 'cmake_target_skip_unavailable' from command line to 'False'
[0.619s] [34mcolcon.colcon_core.verb[0m [1;30mLevel 5[0m set package 'moveit_resources_prbt_support' build argument 'cmake_clean_cache' from command line to 'False'
[0.619s] [34mcolcon.colcon_core.verb[0m [1;30mLevel 5[0m set package 'moveit_resources_prbt_support' build argument 'cmake_clean_first' from command line to 'False'
[0.619s] [34mcolcon.colcon_core.verb[0m [1;30mLevel 5[0m set package 'moveit_resources_prbt_support' build argument 'cmake_force_configure' from command line to 'False'
[0.619s] [34mcolcon.colcon_core.verb[0m [1;30mLevel 5[0m set package 'moveit_resources_prbt_support' build argument 'ament_cmake_args' from command line to 'None'
[0.620s] [34mcolcon.colcon_core.verb[0m [1;30mLevel 5[0m set package 'moveit_resources_prbt_support' build argument 'catkin_cmake_args' from command line to 'None'
[0.620s] [34mcolcon.colcon_core.verb[0m [1;30mLevel 5[0m set package 'moveit_resources_prbt_support' build argument 'catkin_skip_building_tests' from command line to 'False'
[0.620s] [34mcolcon.colcon_core.verb[0m [1;30mDEBUG[0m [32mBuilding package 'moveit_resources_prbt_support' with the following arguments: {'ament_cmake_args': None, 'build_base': '/home/a/ws_nhk/build/moveit_resources_prbt_support', 'catkin_cmake_args': None, 'catkin_skip_building_tests': False, 'cmake_args': None, 'cmake_clean_cache': False, 'cmake_clean_first': False, 'cmake_force_configure': False, 'cmake_target': None, 'cmake_target_skip_unavailable': False, 'install_base': '/home/a/ws_nhk/install/moveit_resources_prbt_support', 'merge_install': False, 'path': '/home/a/ws_nhk/src/moveit2/moveit_planners/test_configs/prbt_support', 'symlink_install': False, 'test_result_base': None}[0m
[0.620s] [34mcolcon.colcon_core.verb[0m [1;30mLevel 5[0m set package 'moveit_task_constructor_msgs' build argument 'cmake_args' from command line to 'None'
[0.620s] [34mcolcon.colcon_core.verb[0m [1;30mLevel 5[0m set package 'moveit_task_constructor_msgs' build argument 'cmake_target' from command line to 'None'
[0.620s] [34mcolcon.colcon_core.verb[0m [1;30mLevel 5[0m set package 'moveit_task_constructor_msgs' build argument 'cmake_target_skip_unavailable' from command line to 'False'
[0.620s] [34mcolcon.colcon_core.verb[0m [1;30mLevel 5[0m set package 'moveit_task_constructor_msgs' build argument 'cmake_clean_cache' from command line to 'False'
[0.620s] [34mcolcon.colcon_core.verb[0m [1;30mLevel 5[0m set package 'moveit_task_constructor_msgs' build argument 'cmake_clean_first' from command line to 'False'
[0.620s] [34mcolcon.colcon_core.verb[0m [1;30mLevel 5[0m set package 'moveit_task_constructor_msgs' build argument 'cmake_force_configure' from command line to 'False'
[0.620s] [34mcolcon.colcon_core.verb[0m [1;30mLevel 5[0m set package 'moveit_task_constructor_msgs' build argument 'ament_cmake_args' from command line to 'None'
[0.620s] [34mcolcon.colcon_core.verb[0m [1;30mLevel 5[0m set package 'moveit_task_constructor_msgs' build argument 'catkin_cmake_args' from command line to 'None'
[0.620s] [34mcolcon.colcon_core.verb[0m [1;30mLevel 5[0m set package 'moveit_task_constructor_msgs' build argument 'catkin_skip_building_tests' from command line to 'False'
[0.620s] [34mcolcon.colcon_core.verb[0m [1;30mDEBUG[0m [32mBuilding package 'moveit_task_constructor_msgs' with the following arguments: {'ament_cmake_args': None, 'build_base': '/home/a/ws_nhk/build/moveit_task_constructor_msgs', 'catkin_cmake_args': None, 'catkin_skip_building_tests': False, 'cmake_args': None, 'cmake_clean_cache': False, 'cmake_clean_first': False, 'cmake_force_configure': False, 'cmake_target': None, 'cmake_target_skip_unavailable': False, 'install_base': '/home/a/ws_nhk/install/moveit_task_constructor_msgs', 'merge_install': False, 'path': '/home/a/ws_nhk/src/moveit_task_constructor/msgs', 'symlink_install': False, 'test_result_base': None}[0m
[0.620s] [34mcolcon.colcon_core.verb[0m [1;30mLevel 5[0m set package 'nhk_bt' build argument 'cmake_args' from command line to 'None'
[0.620s] [34mcolcon.colcon_core.verb[0m [1;30mLevel 5[0m set package 'nhk_bt' build argument 'cmake_target' from command line to 'None'
[0.620s] [34mcolcon.colcon_core.verb[0m [1;30mLevel 5[0m set package 'nhk_bt' build argument 'cmake_target_skip_unavailable' from command line to 'False'
[0.620s] [34mcolcon.colcon_core.verb[0m [1;30mLevel 5[0m set package 'nhk_bt' build argument 'cmake_clean_cache' from command line to 'False'
[0.620s] [34mcolcon.colcon_core.verb[0m [1;30mLevel 5[0m set package 'nhk_bt' build argument 'cmake_clean_first' from command line to 'False'
[0.620s] [34mcolcon.colcon_core.verb[0m [1;30mLevel 5[0m set package 'nhk_bt' build argument 'cmake_force_configure' from command line to 'False'
[0.620s] [34mcolcon.colcon_core.verb[0m [1;30mLevel 5[0m set package 'nhk_bt' build argument 'ament_cmake_args' from command line to 'None'
[0.620s] [34mcolcon.colcon_core.verb[0m [1;30mLevel 5[0m set package 'nhk_bt' build argument 'catkin_cmake_args' from command line to 'None'
[0.620s] [34mcolcon.colcon_core.verb[0m [1;30mLevel 5[0m set package 'nhk_bt' build argument 'catkin_skip_building_tests' from command line to 'False'
[0.620s] [34mcolcon.colcon_core.verb[0m [1;30mDEBUG[0m [32mBuilding package 'nhk_bt' with the following arguments: {'ament_cmake_args': None, 'build_base': '/home/a/ws_nhk/build/nhk_bt', 'catkin_cmake_args': None, 'catkin_skip_building_tests': False, 'cmake_args': None, 'cmake_clean_cache': False, 'cmake_clean_first': False, 'cmake_force_configure': False, 'cmake_target': None, 'cmake_target_skip_unavailable': False, 'install_base': '/home/a/ws_nhk/install/nhk_bt', 'merge_install': False, 'path': '/home/a/ws_nhk/src/nhk_bt', 'symlink_install': False, 'test_result_base': None}[0m
[0.621s] [34mcolcon.colcon_core.verb[0m [1;30mLevel 5[0m set package 'rogidrive_msg' build argument 'cmake_args' from command line to 'None'
[0.621s] [34mcolcon.colcon_core.verb[0m [1;30mLevel 5[0m set package 'rogidrive_msg' build argument 'cmake_target' from command line to 'None'
[0.621s] [34mcolcon.colcon_core.verb[0m [1;30mLevel 5[0m set package 'rogidrive_msg' build argument 'cmake_target_skip_unavailable' from command line to 'False'
[0.621s] [34mcolcon.colcon_core.verb[0m [1;30mLevel 5[0m set package 'rogidrive_msg' build argument 'cmake_clean_cache' from command line to 'False'
[0.621s] [34mcolcon.colcon_core.verb[0m [1;30mLevel 5[0m set package 'rogidrive_msg' build argument 'cmake_clean_first' from command line to 'False'
[0.621s] [34mcolcon.colcon_core.verb[0m [1;30mLevel 5[0m set package 'rogidrive_msg' build argument 'cmake_force_configure' from command line to 'False'
[0.621s] [34mcolcon.colcon_core.verb[0m [1;30mLevel 5[0m set package 'rogidrive_msg' build argument 'ament_cmake_args' from command line to 'None'
[0.621s] [34mcolcon.colcon_core.verb[0m [1;30mLevel 5[0m set package 'rogidrive_msg' build argument 'catkin_cmake_args' from command line to 'None'
[0.621s] [34mcolcon.colcon_core.verb[0m [1;30mLevel 5[0m set package 'rogidrive_msg' build argument 'catkin_skip_building_tests' from command line to 'False'
[0.621s] [34mcolcon.colcon_core.verb[0m [1;30mDEBUG[0m [32mBuilding package 'rogidrive_msg' with the following arguments: {'ament_cmake_args': None, 'build_base': '/home/a/ws_nhk/build/rogidrive_msg', 'catkin_cmake_args': None, 'catkin_skip_building_tests': False, 'cmake_args': None, 'cmake_clean_cache': False, 'cmake_clean_first': False, 'cmake_force_configure': False, 'cmake_target': None, 'cmake_target_skip_unavailable': False, 'install_base': '/home/a/ws_nhk/install/rogidrive_msg', 'merge_install': False, 'path': '/home/a/ws_nhk/src/rogidrive/rogidrive_msg', 'symlink_install': False, 'test_result_base': None}[0m
[0.621s] [34mcolcon.colcon_core.verb[0m [1;30mLevel 5[0m set package 'rosparam_shortcuts' build argument 'cmake_args' from command line to 'None'
[0.621s] [34mcolcon.colcon_core.verb[0m [1;30mLevel 5[0m set package 'rosparam_shortcuts' build argument 'cmake_target' from command line to 'None'
[0.621s] [34mcolcon.colcon_core.verb[0m [1;30mLevel 5[0m set package 'rosparam_shortcuts' build argument 'cmake_target_skip_unavailable' from command line to 'False'
[0.621s] [34mcolcon.colcon_core.verb[0m [1;30mLevel 5[0m set package 'rosparam_shortcuts' build argument 'cmake_clean_cache' from command line to 'False'
[0.621s] [34mcolcon.colcon_core.verb[0m [1;30mLevel 5[0m set package 'rosparam_shortcuts' build argument 'cmake_clean_first' from command line to 'False'
[0.621s] [34mcolcon.colcon_core.verb[0m [1;30mLevel 5[0m set package 'rosparam_shortcuts' build argument 'cmake_force_configure' from command line to 'False'
[0.621s] [34mcolcon.colcon_core.verb[0m [1;30mLevel 5[0m set package 'rosparam_shortcuts' build argument 'ament_cmake_args' from command line to 'None'
[0.621s] [34mcolcon.colcon_core.verb[0m [1;30mLevel 5[0m set package 'rosparam_shortcuts' build argument 'catkin_cmake_args' from command line to 'None'
[0.621s] [34mcolcon.colcon_core.verb[0m [1;30mLevel 5[0m set package 'rosparam_shortcuts' build argument 'catkin_skip_building_tests' from command line to 'False'
[0.621s] [34mcolcon.colcon_core.verb[0m [1;30mDEBUG[0m [32mBuilding package 'rosparam_shortcuts' with the following arguments: {'ament_cmake_args': None, 'build_base': '/home/a/ws_nhk/build/rosparam_shortcuts', 'catkin_cmake_args': None, 'catkin_skip_building_tests': False, 'cmake_args': None, 'cmake_clean_cache': False, 'cmake_clean_first': False, 'cmake_force_configure': False, 'cmake_target': None, 'cmake_target_skip_unavailable': False, 'install_base': '/home/a/ws_nhk/install/rosparam_shortcuts', 'merge_install': False, 'path': '/home/a/ws_nhk/src/rosparam_shortcuts', 'symlink_install': False, 'test_result_base': None}[0m
[0.622s] [34mcolcon.colcon_core.verb[0m [1;30mLevel 5[0m set package 'srdfdom' build argument 'cmake_args' from command line to 'None'
[0.622s] [34mcolcon.colcon_core.verb[0m [1;30mLevel 5[0m set package 'srdfdom' build argument 'cmake_target' from command line to 'None'
[0.622s] [34mcolcon.colcon_core.verb[0m [1;30mLevel 5[0m set package 'srdfdom' build argument 'cmake_target_skip_unavailable' from command line to 'False'
[0.622s] [34mcolcon.colcon_core.verb[0m [1;30mLevel 5[0m set package 'srdfdom' build argument 'cmake_clean_cache' from command line to 'False'
[0.622s] [34mcolcon.colcon_core.verb[0m [1;30mLevel 5[0m set package 'srdfdom' build argument 'cmake_clean_first' from command line to 'False'
[0.622s] [34mcolcon.colcon_core.verb[0m [1;30mLevel 5[0m set package 'srdfdom' build argument 'cmake_force_configure' from command line to 'False'
[0.622s] [34mcolcon.colcon_core.verb[0m [1;30mLevel 5[0m set package 'srdfdom' build argument 'ament_cmake_args' from command line to 'None'
[0.622s] [34mcolcon.colcon_core.verb[0m [1;30mLevel 5[0m set package 'srdfdom' build argument 'catkin_cmake_args' from command line to 'None'
[0.622s] [34mcolcon.colcon_core.verb[0m [1;30mLevel 5[0m set package 'srdfdom' build argument 'catkin_skip_building_tests' from command line to 'False'
[0.622s] [34mcolcon.colcon_core.verb[0m [1;30mDEBUG[0m [32mBuilding package 'srdfdom' with the following arguments: {'ament_cmake_args': None, 'build_base': '/home/a/ws_nhk/build/srdfdom', 'catkin_cmake_args': None, 'catkin_skip_building_tests': False, 'cmake_args': None, 'cmake_clean_cache': False, 'cmake_clean_first': False, 'cmake_force_configure': False, 'cmake_target': None, 'cmake_target_skip_unavailable': False, 'install_base': '/home/a/ws_nhk/install/srdfdom', 'merge_install': False, 'path': '/home/a/ws_nhk/src/srdfdom', 'symlink_install': False, 'test_result_base': None}[0m
[0.622s] [34mcolcon.colcon_core.verb[0m [1;30mLevel 5[0m set package 'stm32_mavlink_msgs' build argument 'cmake_args' from command line to 'None'
[0.622s] [34mcolcon.colcon_core.verb[0m [1;30mLevel 5[0m set package 'stm32_mavlink_msgs' build argument 'cmake_target' from command line to 'None'
[0.622s] [34mcolcon.colcon_core.verb[0m [1;30mLevel 5[0m set package 'stm32_mavlink_msgs' build argument 'cmake_target_skip_unavailable' from command line to 'False'
[0.622s] [34mcolcon.colcon_core.verb[0m [1;30mLevel 5[0m set package 'stm32_mavlink_msgs' build argument 'cmake_clean_cache' from command line to 'False'
[0.622s] [34mcolcon.colcon_core.verb[0m [1;30mLevel 5[0m set package 'stm32_mavlink_msgs' build argument 'cmake_clean_first' from command line to 'False'
[0.622s] [34mcolcon.colcon_core.verb[0m [1;30mLevel 5[0m set package 'stm32_mavlink_msgs' build argument 'cmake_force_configure' from command line to 'False'
[0.622s] [34mcolcon.colcon_core.verb[0m [1;30mLevel 5[0m set package 'stm32_mavlink_msgs' build argument 'ament_cmake_args' from command line to 'None'
[0.622s] [34mcolcon.colcon_core.verb[0m [1;30mLevel 5[0m set package 'stm32_mavlink_msgs' build argument 'catkin_cmake_args' from command line to 'None'
[0.622s] [34mcolcon.colcon_core.verb[0m [1;30mLevel 5[0m set package 'stm32_mavlink_msgs' build argument 'catkin_skip_building_tests' from command line to 'False'
[0.622s] [34mcolcon.colcon_core.verb[0m [1;30mDEBUG[0m [32mBuilding package 'stm32_mavlink_msgs' with the following arguments: {'ament_cmake_args': None, 'build_base': '/home/a/ws_nhk/build/stm32_mavlink_msgs', 'catkin_cmake_args': None, 'catkin_skip_building_tests': False, 'cmake_args': None, 'cmake_clean_cache': False, 'cmake_clean_first': False, 'cmake_force_configure': False, 'cmake_target': None, 'cmake_target_skip_unavailable': False, 'install_base': '/home/a/ws_nhk/install/stm32_mavlink_msgs', 'merge_install': False, 'path': '/home/a/ws_nhk/src/MAVLink_ros2/stm32_mavlink_msgs', 'symlink_install': False, 'test_result_base': None}[0m
[0.623s] [34mcolcon.colcon_core.verb[0m [1;30mLevel 5[0m set package 'trac_ik_lib' build argument 'cmake_args' from command line to 'None'
[0.623s] [34mcolcon.colcon_core.verb[0m [1;30mLevel 5[0m set package 'trac_ik_lib' build argument 'cmake_target' from command line to 'None'
[0.623s] [34mcolcon.colcon_core.verb[0m [1;30mLevel 5[0m set package 'trac_ik_lib' build argument 'cmake_target_skip_unavailable' from command line to 'False'
[0.623s] [34mcolcon.colcon_core.verb[0m [1;30mLevel 5[0m set package 'trac_ik_lib' build argument 'cmake_clean_cache' from command line to 'False'
[0.623s] [34mcolcon.colcon_core.verb[0m [1;30mLevel 5[0m set package 'trac_ik_lib' build argument 'cmake_clean_first' from command line to 'False'
[0.623s] [34mcolcon.colcon_core.verb[0m [1;30mLevel 5[0m set package 'trac_ik_lib' build argument 'cmake_force_configure' from command line to 'False'
[0.623s] [34mcolcon.colcon_core.verb[0m [1;30mLevel 5[0m set package 'trac_ik_lib' build argument 'ament_cmake_args' from command line to 'None'
[0.623s] [34mcolcon.colcon_core.verb[0m [1;30mLevel 5[0m set package 'trac_ik_lib' build argument 'catkin_cmake_args' from command line to 'None'
[0.623s] [34mcolcon.colcon_core.verb[0m [1;30mLevel 5[0m set package 'trac_ik_lib' build argument 'catkin_skip_building_tests' from command line to 'False'
[0.623s] [34mcolcon.colcon_core.verb[0m [1;30mDEBUG[0m [32mBuilding package 'trac_ik_lib' with the following arguments: {'ament_cmake_args': None, 'build_base': '/home/a/ws_nhk/build/trac_ik_lib', 'catkin_cmake_args': None, 'catkin_skip_building_tests': False, 'cmake_args': None, 'cmake_clean_cache': False, 'cmake_clean_first': False, 'cmake_force_configure': False, 'cmake_target': None, 'cmake_target_skip_unavailable': False, 'install_base': '/home/a/ws_nhk/install/trac_ik_lib', 'merge_install': False, 'path': '/home/a/ws_nhk/src/trac_ik/trac_ik_lib', 'symlink_install': False, 'test_result_base': None}[0m
[0.623s] [34mcolcon.colcon_core.verb[0m [1;30mLevel 5[0m set package 'dynamixel_controller' build argument 'cmake_args' from command line to 'None'
[0.623s] [34mcolcon.colcon_core.verb[0m [1;30mLevel 5[0m set package 'dynamixel_controller' build argument 'cmake_target' from command line to 'None'
[0.623s] [34mcolcon.colcon_core.verb[0m [1;30mLevel 5[0m set package 'dynamixel_controller' build argument 'cmake_target_skip_unavailable' from command line to 'False'
[0.623s] [34mcolcon.colcon_core.verb[0m [1;30mLevel 5[0m set package 'dynamixel_controller' build argument 'cmake_clean_cache' from command line to 'False'
[0.623s] [34mcolcon.colcon_core.verb[0m [1;30mLevel 5[0m set package 'dynamixel_controller' build argument 'cmake_clean_first' from command line to 'False'
[0.623s] [34mcolcon.colcon_core.verb[0m [1;30mLevel 5[0m set package 'dynamixel_controller' build argument 'cmake_force_configure' from command line to 'False'
[0.623s] [34mcolcon.colcon_core.verb[0m [1;30mLevel 5[0m set package 'dynamixel_controller' build argument 'ament_cmake_args' from command line to 'None'
[0.623s] [34mcolcon.colcon_core.verb[0m [1;30mLevel 5[0m set package 'dynamixel_controller' build argument 'catkin_cmake_args' from command line to 'None'
[0.623s] [34mcolcon.colcon_core.verb[0m [1;30mLevel 5[0m set package 'dynamixel_controller' build argument 'catkin_skip_building_tests' from command line to 'False'
[0.623s] [34mcolcon.colcon_core.verb[0m [1;30mDEBUG[0m [32mBuilding package 'dynamixel_controller' with the following arguments: {'ament_cmake_args': None, 'build_base': '/home/a/ws_nhk/build/dynamixel_controller', 'catkin_cmake_args': None, 'catkin_skip_building_tests': False, 'cmake_args': None, 'cmake_clean_cache': False, 'cmake_clean_first': False, 'cmake_force_configure': False, 'cmake_target': None, 'cmake_target_skip_unavailable': False, 'install_base': '/home/a/ws_nhk/install/dynamixel_controller', 'merge_install': False, 'path': '/home/a/ws_nhk/src/dynamixel_ros2/dynamixel_controller', 'symlink_install': False, 'test_result_base': None}[0m
[0.624s] [34mcolcon.colcon_core.verb[0m [1;30mLevel 5[0m set package 'dynamixel_sdk_examples' build argument 'cmake_args' from command line to 'None'
[0.624s] [34mcolcon.colcon_core.verb[0m [1;30mLevel 5[0m set package 'dynamixel_sdk_examples' build argument 'cmake_target' from command line to 'None'
[0.624s] [34mcolcon.colcon_core.verb[0m [1;30mLevel 5[0m set package 'dynamixel_sdk_examples' build argument 'cmake_target_skip_unavailable' from command line to 'False'
[0.624s] [34mcolcon.colcon_core.verb[0m [1;30mLevel 5[0m set package 'dynamixel_sdk_examples' build argument 'cmake_clean_cache' from command line to 'False'
[0.624s] [34mcolcon.colcon_core.verb[0m [1;30mLevel 5[0m set package 'dynamixel_sdk_examples' build argument 'cmake_clean_first' from command line to 'False'
[0.624s] [34mcolcon.colcon_core.verb[0m [1;30mLevel 5[0m set package 'dynamixel_sdk_examples' build argument 'cmake_force_configure' from command line to 'False'
[0.624s] [34mcolcon.colcon_core.verb[0m [1;30mLevel 5[0m set package 'dynamixel_sdk_examples' build argument 'ament_cmake_args' from command line to 'None'
[0.624s] [34mcolcon.colcon_core.verb[0m [1;30mLevel 5[0m set package 'dynamixel_sdk_examples' build argument 'catkin_cmake_args' from command line to 'None'
[0.624s] [34mcolcon.colcon_core.verb[0m [1;30mLevel 5[0m set package 'dynamixel_sdk_examples' build argument 'catkin_skip_building_tests' from command line to 'False'
[0.624s] [34mcolcon.colcon_core.verb[0m [1;30mDEBUG[0m [32mBuilding package 'dynamixel_sdk_examples' with the following arguments: {'ament_cmake_args': None, 'build_base': '/home/a/ws_nhk/build/dynamixel_sdk_examples', 'catkin_cmake_args': None, 'catkin_skip_building_tests': False, 'cmake_args': None, 'cmake_clean_cache': False, 'cmake_clean_first': False, 'cmake_force_configure': False, 'cmake_target': None, 'cmake_target_skip_unavailable': False, 'install_base': '/home/a/ws_nhk/install/dynamixel_sdk_examples', 'merge_install': False, 'path': '/home/a/ws_nhk/src/dynamixel_ros2/DynamixelSDK/dynamixel_sdk_examples', 'symlink_install': False, 'test_result_base': None}[0m
[0.624s] [34mcolcon.colcon_core.verb[0m [1;30mLevel 5[0m set package 'moveit_configs_utils' build argument 'cmake_args' from command line to 'None'
[0.624s] [34mcolcon.colcon_core.verb[0m [1;30mLevel 5[0m set package 'moveit_configs_utils' build argument 'cmake_target' from command line to 'None'
[0.624s] [34mcolcon.colcon_core.verb[0m [1;30mLevel 5[0m set package 'moveit_configs_utils' build argument 'cmake_target_skip_unavailable' from command line to 'False'
[0.624s] [34mcolcon.colcon_core.verb[0m [1;30mLevel 5[0m set package 'moveit_configs_utils' build argument 'cmake_clean_cache' from command line to 'False'
[0.624s] [34mcolcon.colcon_core.verb[0m [1;30mLevel 5[0m set package 'moveit_configs_utils' build argument 'cmake_clean_first' from command line to 'False'
[0.624s] [34mcolcon.colcon_core.verb[0m [1;30mLevel 5[0m set package 'moveit_configs_utils' build argument 'cmake_force_configure' from command line to 'False'
[0.624s] [34mcolcon.colcon_core.verb[0m [1;30mLevel 5[0m set package 'moveit_configs_utils' build argument 'ament_cmake_args' from command line to 'None'
[0.624s] [34mcolcon.colcon_core.verb[0m [1;30mLevel 5[0m set package 'moveit_configs_utils' build argument 'catkin_cmake_args' from command line to 'None'
[0.624s] [34mcolcon.colcon_core.verb[0m [1;30mLevel 5[0m set package 'moveit_configs_utils' build argument 'catkin_skip_building_tests' from command line to 'False'
[0.624s] [34mcolcon.colcon_core.verb[0m [1;30mDEBUG[0m [32mBuilding package 'moveit_configs_utils' with the following arguments: {'ament_cmake_args': None, 'build_base': '/home/a/ws_nhk/build/moveit_configs_utils', 'catkin_cmake_args': None, 'catkin_skip_building_tests': False, 'cmake_args': None, 'cmake_clean_cache': False, 'cmake_clean_first': False, 'cmake_force_configure': False, 'cmake_target': None, 'cmake_target_skip_unavailable': False, 'install_base': '/home/a/ws_nhk/install/moveit_configs_utils', 'merge_install': False, 'path': '/home/a/ws_nhk/src/moveit2/moveit_configs_utils', 'symlink_install': False, 'test_result_base': None}[0m
[0.624s] [34mcolcon.colcon_core.verb[0m [1;30mLevel 5[0m set package 'moveit_resources_fanuc_moveit_config' build argument 'cmake_args' from command line to 'None'
[0.624s] [34mcolcon.colcon_core.verb[0m [1;30mLevel 5[0m set package 'moveit_resources_fanuc_moveit_config' build argument 'cmake_target' from command line to 'None'
[0.624s] [34mcolcon.colcon_core.verb[0m [1;30mLevel 5[0m set package 'moveit_resources_fanuc_moveit_config' build argument 'cmake_target_skip_unavailable' from command line to 'False'
[0.625s] [34mcolcon.colcon_core.verb[0m [1;30mLevel 5[0m set package 'moveit_resources_fanuc_moveit_config' build argument 'cmake_clean_cache' from command line to 'False'
[0.625s] [34mcolcon.colcon_core.verb[0m [1;30mLevel 5[0m set package 'moveit_resources_fanuc_moveit_config' build argument 'cmake_clean_first' from command line to 'False'
[0.625s] [34mcolcon.colcon_core.verb[0m [1;30mLevel 5[0m set package 'moveit_resources_fanuc_moveit_config' build argument 'cmake_force_configure' from command line to 'False'
[0.625s] [34mcolcon.colcon_core.verb[0m [1;30mLevel 5[0m set package 'moveit_resources_fanuc_moveit_config' build argument 'ament_cmake_args' from command line to 'None'
[0.625s] [34mcolcon.colcon_core.verb[0m [1;30mLevel 5[0m set package 'moveit_resources_fanuc_moveit_config' build argument 'catkin_cmake_args' from command line to 'None'
[0.625s] [34mcolcon.colcon_core.verb[0m [1;30mLevel 5[0m set package 'moveit_resources_fanuc_moveit_config' build argument 'catkin_skip_building_tests' from command line to 'False'
[0.625s] [34mcolcon.colcon_core.verb[0m [1;30mDEBUG[0m [32mBuilding package 'moveit_resources_fanuc_moveit_config' with the following arguments: {'ament_cmake_args': None, 'build_base': '/home/a/ws_nhk/build/moveit_resources_fanuc_moveit_config', 'catkin_cmake_args': None, 'catkin_skip_building_tests': False, 'cmake_args': None, 'cmake_clean_cache': False, 'cmake_clean_first': False, 'cmake_force_configure': False, 'cmake_target': None, 'cmake_target_skip_unavailable': False, 'install_base': '/home/a/ws_nhk/install/moveit_resources_fanuc_moveit_config', 'merge_install': False, 'path': '/home/a/ws_nhk/src/moveit_resources/fanuc_moveit_config', 'symlink_install': False, 'test_result_base': None}[0m
[0.625s] [34mcolcon.colcon_core.verb[0m [1;30mLevel 5[0m set package 'moveit_resources_panda_moveit_config' build argument 'cmake_args' from command line to 'None'
[0.625s] [34mcolcon.colcon_core.verb[0m [1;30mLevel 5[0m set package 'moveit_resources_panda_moveit_config' build argument 'cmake_target' from command line to 'None'
[0.625s] [34mcolcon.colcon_core.verb[0m [1;30mLevel 5[0m set package 'moveit_resources_panda_moveit_config' build argument 'cmake_target_skip_unavailable' from command line to 'False'
[0.625s] [34mcolcon.colcon_core.verb[0m [1;30mLevel 5[0m set package 'moveit_resources_panda_moveit_config' build argument 'cmake_clean_cache' from command line to 'False'
[0.625s] [34mcolcon.colcon_core.verb[0m [1;30mLevel 5[0m set package 'moveit_resources_panda_moveit_config' build argument 'cmake_clean_first' from command line to 'False'
[0.625s] [34mcolcon.colcon_core.verb[0m [1;30mLevel 5[0m set package 'moveit_resources_panda_moveit_config' build argument 'cmake_force_configure' from command line to 'False'
[0.625s] [34mcolcon.colcon_core.verb[0m [1;30mLevel 5[0m set package 'moveit_resources_panda_moveit_config' build argument 'ament_cmake_args' from command line to 'None'
[0.625s] [34mcolcon.colcon_core.verb[0m [1;30mLevel 5[0m set package 'moveit_resources_panda_moveit_config' build argument 'catkin_cmake_args' from command line to 'None'
[0.625s] [34mcolcon.colcon_core.verb[0m [1;30mLevel 5[0m set package 'moveit_resources_panda_moveit_config' build argument 'catkin_skip_building_tests' from command line to 'False'
[0.625s] [34mcolcon.colcon_core.verb[0m [1;30mDEBUG[0m [32mBuilding package 'moveit_resources_panda_moveit_config' with the following arguments: {'ament_cmake_args': None, 'build_base': '/home/a/ws_nhk/build/moveit_resources_panda_moveit_config', 'catkin_cmake_args': None, 'catkin_skip_building_tests': False, 'cmake_args': None, 'cmake_clean_cache': False, 'cmake_clean_first': False, 'cmake_force_configure': False, 'cmake_target': None, 'cmake_target_skip_unavailable': False, 'install_base': '/home/a/ws_nhk/install/moveit_resources_panda_moveit_config', 'merge_install': False, 'path': '/home/a/ws_nhk/src/moveit_resources/panda_moveit_config', 'symlink_install': False, 'test_result_base': None}[0m
[0.625s] [34mcolcon.colcon_core.verb[0m [1;30mLevel 5[0m set package 'r2_odrive' build argument 'cmake_args' from command line to 'None'
[0.625s] [34mcolcon.colcon_core.verb[0m [1;30mLevel 5[0m set package 'r2_odrive' build argument 'cmake_target' from command line to 'None'
[0.625s] [34mcolcon.colcon_core.verb[0m [1;30mLevel 5[0m set package 'r2_odrive' build argument 'cmake_target_skip_unavailable' from command line to 'False'
[0.625s] [34mcolcon.colcon_core.verb[0m [1;30mLevel 5[0m set package 'r2_odrive' build argument 'cmake_clean_cache' from command line to 'False'
[0.625s] [34mcolcon.colcon_core.verb[0m [1;30mLevel 5[0m set package 'r2_odrive' build argument 'cmake_clean_first' from command line to 'False'
[0.625s] [34mcolcon.colcon_core.verb[0m [1;30mLevel 5[0m set package 'r2_odrive' build argument 'cmake_force_configure' from command line to 'False'
[0.625s] [34mcolcon.colcon_core.verb[0m [1;30mLevel 5[0m set package 'r2_odrive' build argument 'ament_cmake_args' from command line to 'None'
[0.625s] [34mcolcon.colcon_core.verb[0m [1;30mLevel 5[0m set package 'r2_odrive' build argument 'catkin_cmake_args' from command line to 'None'
[0.625s] [34mcolcon.colcon_core.verb[0m [1;30mLevel 5[0m set package 'r2_odrive' build argument 'catkin_skip_building_tests' from command line to 'False'
[0.626s] [34mcolcon.colcon_core.verb[0m [1;30mDEBUG[0m [32mBuilding package 'r2_odrive' with the following arguments: {'ament_cmake_args': None, 'build_base': '/home/a/ws_nhk/build/r2_odrive', 'catkin_cmake_args': None, 'catkin_skip_building_tests': False, 'cmake_args': None, 'cmake_clean_cache': False, 'cmake_clean_first': False, 'cmake_force_configure': False, 'cmake_target': None, 'cmake_target_skip_unavailable': False, 'install_base': '/home/a/ws_nhk/install/r2_odrive', 'merge_install': False, 'path': '/home/a/ws_nhk/src/r2_odrive', 'symlink_install': False, 'test_result_base': None}[0m
[0.626s] [34mcolcon.colcon_core.verb[0m [1;30mLevel 5[0m set package 'rogidrive' build argument 'cmake_args' from command line to 'None'
[0.626s] [34mcolcon.colcon_core.verb[0m [1;30mLevel 5[0m set package 'rogidrive' build argument 'cmake_target' from command line to 'None'
[0.626s] [34mcolcon.colcon_core.verb[0m [1;30mLevel 5[0m set package 'rogidrive' build argument 'cmake_target_skip_unavailable' from command line to 'False'
[0.626s] [34mcolcon.colcon_core.verb[0m [1;30mLevel 5[0m set package 'rogidrive' build argument 'cmake_clean_cache' from command line to 'False'
[0.626s] [34mcolcon.colcon_core.verb[0m [1;30mLevel 5[0m set package 'rogidrive' build argument 'cmake_clean_first' from command line to 'False'
[0.626s] [34mcolcon.colcon_core.verb[0m [1;30mLevel 5[0m set package 'rogidrive' build argument 'cmake_force_configure' from command line to 'False'
[0.626s] [34mcolcon.colcon_core.verb[0m [1;30mLevel 5[0m set package 'rogidrive' build argument 'ament_cmake_args' from command line to 'None'
[0.626s] [34mcolcon.colcon_core.verb[0m [1;30mLevel 5[0m set package 'rogidrive' build argument 'catkin_cmake_args' from command line to 'None'
[0.626s] [34mcolcon.colcon_core.verb[0m [1;30mLevel 5[0m set package 'rogidrive' build argument 'catkin_skip_building_tests' from command line to 'False'
[0.626s] [34mcolcon.colcon_core.verb[0m [1;30mDEBUG[0m [32mBuilding package 'rogidrive' with the following arguments: {'ament_cmake_args': None, 'build_base': '/home/a/ws_nhk/build/rogidrive', 'catkin_cmake_args': None, 'catkin_skip_building_tests': False, 'cmake_args': None, 'cmake_clean_cache': False, 'cmake_clean_first': False, 'cmake_force_configure': False, 'cmake_target': None, 'cmake_target_skip_unavailable': False, 'install_base': '/home/a/ws_nhk/install/rogidrive', 'merge_install': False, 'path': '/home/a/ws_nhk/src/rogidrive/rogidrive', 'symlink_install': False, 'test_result_base': None}[0m
[0.626s] [34mcolcon.colcon_core.verb[0m [1;30mLevel 5[0m set package 'rs485_interface2' build argument 'cmake_args' from command line to 'None'
[0.626s] [34mcolcon.colcon_core.verb[0m [1;30mLevel 5[0m set package 'rs485_interface2' build argument 'cmake_target' from command line to 'None'
[0.626s] [34mcolcon.colcon_core.verb[0m [1;30mLevel 5[0m set package 'rs485_interface2' build argument 'cmake_target_skip_unavailable' from command line to 'False'
[0.626s] [34mcolcon.colcon_core.verb[0m [1;30mLevel 5[0m set package 'rs485_interface2' build argument 'cmake_clean_cache' from command line to 'False'
[0.626s] [34mcolcon.colcon_core.verb[0m [1;30mLevel 5[0m set package 'rs485_interface2' build argument 'cmake_clean_first' from command line to 'False'
[0.626s] [34mcolcon.colcon_core.verb[0m [1;30mLevel 5[0m set package 'rs485_interface2' build argument 'cmake_force_configure' from command line to 'False'
[0.626s] [34mcolcon.colcon_core.verb[0m [1;30mLevel 5[0m set package 'rs485_interface2' build argument 'ament_cmake_args' from command line to 'None'
[0.626s] [34mcolcon.colcon_core.verb[0m [1;30mLevel 5[0m set package 'rs485_interface2' build argument 'catkin_cmake_args' from command line to 'None'
[0.626s] [34mcolcon.colcon_core.verb[0m [1;30mLevel 5[0m set package 'rs485_interface2' build argument 'catkin_skip_building_tests' from command line to 'False'
[0.626s] [34mcolcon.colcon_core.verb[0m [1;30mDEBUG[0m [32mBuilding package 'rs485_interface2' with the following arguments: {'ament_cmake_args': None, 'build_base': '/home/a/ws_nhk/build/rs485_interface2', 'catkin_cmake_args': None, 'catkin_skip_building_tests': False, 'cmake_args': None, 'cmake_clean_cache': False, 'cmake_clean_first': False, 'cmake_force_configure': False, 'cmake_target': None, 'cmake_target_skip_unavailable': False, 'install_base': '/home/a/ws_nhk/install/rs485_interface2', 'merge_install': False, 'path': '/home/a/ws_nhk/src/MAVLink_ros2/rs485_interface2', 'symlink_install': False, 'test_result_base': None}[0m
[0.627s] [34mcolcon.colcon_core.verb[0m [1;30mLevel 5[0m set package 'rs485_motor_interface' build argument 'cmake_args' from command line to 'None'
[0.627s] [34mcolcon.colcon_core.verb[0m [1;30mLevel 5[0m set package 'rs485_motor_interface' build argument 'cmake_target' from command line to 'None'
[0.627s] [34mcolcon.colcon_core.verb[0m [1;30mLevel 5[0m set package 'rs485_motor_interface' build argument 'cmake_target_skip_unavailable' from command line to 'False'
[0.627s] [34mcolcon.colcon_core.verb[0m [1;30mLevel 5[0m set package 'rs485_motor_interface' build argument 'cmake_clean_cache' from command line to 'False'
[0.627s] [34mcolcon.colcon_core.verb[0m [1;30mLevel 5[0m set package 'rs485_motor_interface' build argument 'cmake_clean_first' from command line to 'False'
[0.627s] [34mcolcon.colcon_core.verb[0m [1;30mLevel 5[0m set package 'rs485_motor_interface' build argument 'cmake_force_configure' from command line to 'False'
[0.627s] [34mcolcon.colcon_core.verb[0m [1;30mLevel 5[0m set package 'rs485_motor_interface' build argument 'ament_cmake_args' from command line to 'None'
[0.627s] [34mcolcon.colcon_core.verb[0m [1;30mLevel 5[0m set package 'rs485_motor_interface' build argument 'catkin_cmake_args' from command line to 'None'
[0.627s] [34mcolcon.colcon_core.verb[0m [1;30mLevel 5[0m set package 'rs485_motor_interface' build argument 'catkin_skip_building_tests' from command line to 'False'
[0.627s] [34mcolcon.colcon_core.verb[0m [1;30mDEBUG[0m [32mBuilding package 'rs485_motor_interface' with the following arguments: {'ament_cmake_args': None, 'build_base': '/home/a/ws_nhk/build/rs485_motor_interface', 'catkin_cmake_args': None, 'catkin_skip_building_tests': False, 'cmake_args': None, 'cmake_clean_cache': False, 'cmake_clean_first': False, 'cmake_force_configure': False, 'cmake_target': None, 'cmake_target_skip_unavailable': False, 'install_base': '/home/a/ws_nhk/install/rs485_motor_interface', 'merge_install': False, 'path': '/home/a/ws_nhk/src/MAVLink_ros2/rs485_motor_interface', 'symlink_install': False, 'test_result_base': None}[0m
[0.627s] [34mcolcon.colcon_core.verb[0m [1;30mLevel 5[0m set package 'rviz_marker_tools' build argument 'cmake_args' from command line to 'None'
[0.627s] [34mcolcon.colcon_core.verb[0m [1;30mLevel 5[0m set package 'rviz_marker_tools' build argument 'cmake_target' from command line to 'None'
[0.627s] [34mcolcon.colcon_core.verb[0m [1;30mLevel 5[0m set package 'rviz_marker_tools' build argument 'cmake_target_skip_unavailable' from command line to 'False'
[0.627s] [34mcolcon.colcon_core.verb[0m [1;30mLevel 5[0m set package 'rviz_marker_tools' build argument 'cmake_clean_cache' from command line to 'False'
[0.627s] [34mcolcon.colcon_core.verb[0m [1;30mLevel 5[0m set package 'rviz_marker_tools' build argument 'cmake_clean_first' from command line to 'False'
[0.627s] [34mcolcon.colcon_core.verb[0m [1;30mLevel 5[0m set package 'rviz_marker_tools' build argument 'cmake_force_configure' from command line to 'False'
[0.627s] [34mcolcon.colcon_core.verb[0m [1;30mLevel 5[0m set package 'rviz_marker_tools' build argument 'ament_cmake_args' from command line to 'None'
[0.627s] [34mcolcon.colcon_core.verb[0m [1;30mLevel 5[0m set package 'rviz_marker_tools' build argument 'catkin_cmake_args' from command line to 'None'
[0.627s] [34mcolcon.colcon_core.verb[0m [1;30mLevel 5[0m set package 'rviz_marker_tools' build argument 'catkin_skip_building_tests' from command line to 'False'
[0.627s] [34mcolcon.colcon_core.verb[0m [1;30mDEBUG[0m [32mBuilding package 'rviz_marker_tools' with the following arguments: {'ament_cmake_args': None, 'build_base': '/home/a/ws_nhk/build/rviz_marker_tools', 'catkin_cmake_args': None, 'catkin_skip_building_tests': False, 'cmake_args': None, 'cmake_clean_cache': False, 'cmake_clean_first': False, 'cmake_force_configure': False, 'cmake_target': None, 'cmake_target_skip_unavailable': False, 'install_base': '/home/a/ws_nhk/install/rviz_marker_tools', 'merge_install': False, 'path': '/home/a/ws_nhk/src/moveit_task_constructor/rviz_marker_tools', 'symlink_install': False, 'test_result_base': None}[0m
[0.628s] [34mcolcon.colcon_core.verb[0m [1;30mLevel 5[0m set package 'stm32_mavlink_uart' build argument 'cmake_args' from command line to 'None'
[0.628s] [34mcolcon.colcon_core.verb[0m [1;30mLevel 5[0m set package 'stm32_mavlink_uart' build argument 'cmake_target' from command line to 'None'
[0.628s] [34mcolcon.colcon_core.verb[0m [1;30mLevel 5[0m set package 'stm32_mavlink_uart' build argument 'cmake_target_skip_unavailable' from command line to 'False'
[0.628s] [34mcolcon.colcon_core.verb[0m [1;30mLevel 5[0m set package 'stm32_mavlink_uart' build argument 'cmake_clean_cache' from command line to 'False'
[0.628s] [34mcolcon.colcon_core.verb[0m [1;30mLevel 5[0m set package 'stm32_mavlink_uart' build argument 'cmake_clean_first' from command line to 'False'
[0.628s] [34mcolcon.colcon_core.verb[0m [1;30mLevel 5[0m set package 'stm32_mavlink_uart' build argument 'cmake_force_configure' from command line to 'False'
[0.628s] [34mcolcon.colcon_core.verb[0m [1;30mLevel 5[0m set package 'stm32_mavlink_uart' build argument 'ament_cmake_args' from command line to 'None'
[0.628s] [34mcolcon.colcon_core.verb[0m [1;30mLevel 5[0m set package 'stm32_mavlink_uart' build argument 'catkin_cmake_args' from command line to 'None'
[0.628s] [34mcolcon.colcon_core.verb[0m [1;30mLevel 5[0m set package 'stm32_mavlink_uart' build argument 'catkin_skip_building_tests' from command line to 'False'
[0.628s] [34mcolcon.colcon_core.verb[0m [1;30mDEBUG[0m [32mBuilding package 'stm32_mavlink_uart' with the following arguments: {'ament_cmake_args': None, 'build_base': '/home/a/ws_nhk/build/stm32_mavlink_uart', 'catkin_cmake_args': None, 'catkin_skip_building_tests': False, 'cmake_args': None, 'cmake_clean_cache': False, 'cmake_clean_first': False, 'cmake_force_configure': False, 'cmake_target': None, 'cmake_target_skip_unavailable': False, 'install_base': '/home/a/ws_nhk/install/stm32_mavlink_uart', 'merge_install': False, 'path': '/home/a/ws_nhk/src/MAVLink_ros2/stm32_mavlink_uart', 'symlink_install': False, 'test_result_base': None}[0m
[0.628s] [34mcolcon.colcon_core.verb[0m [1;30mLevel 5[0m set package 'stm32_mavlink_udp' build argument 'cmake_args' from command line to 'None'
[0.628s] [34mcolcon.colcon_core.verb[0m [1;30mLevel 5[0m set package 'stm32_mavlink_udp' build argument 'cmake_target' from command line to 'None'
[0.628s] [34mcolcon.colcon_core.verb[0m [1;30mLevel 5[0m set package 'stm32_mavlink_udp' build argument 'cmake_target_skip_unavailable' from command line to 'False'
[0.628s] [34mcolcon.colcon_core.verb[0m [1;30mLevel 5[0m set package 'stm32_mavlink_udp' build argument 'cmake_clean_cache' from command line to 'False'
[0.628s] [34mcolcon.colcon_core.verb[0m [1;30mLevel 5[0m set package 'stm32_mavlink_udp' build argument 'cmake_clean_first' from command line to 'False'
[0.628s] [34mcolcon.colcon_core.verb[0m [1;30mLevel 5[0m set package 'stm32_mavlink_udp' build argument 'cmake_force_configure' from command line to 'False'
[0.628s] [34mcolcon.colcon_core.verb[0m [1;30mLevel 5[0m set package 'stm32_mavlink_udp' build argument 'ament_cmake_args' from command line to 'None'
[0.628s] [34mcolcon.colcon_core.verb[0m [1;30mLevel 5[0m set package 'stm32_mavlink_udp' build argument 'catkin_cmake_args' from command line to 'None'
[0.628s] [34mcolcon.colcon_core.verb[0m [1;30mLevel 5[0m set package 'stm32_mavlink_udp' build argument 'catkin_skip_building_tests' from command line to 'False'
[0.628s] [34mcolcon.colcon_core.verb[0m [1;30mDEBUG[0m [32mBuilding package 'stm32_mavlink_udp' with the following arguments: {'ament_cmake_args': None, 'build_base': '/home/a/ws_nhk/build/stm32_mavlink_udp', 'catkin_cmake_args': None, 'catkin_skip_building_tests': False, 'cmake_args': None, 'cmake_clean_cache': False, 'cmake_clean_first': False, 'cmake_force_configure': False, 'cmake_target': None, 'cmake_target_skip_unavailable': False, 'install_base': '/home/a/ws_nhk/install/stm32_mavlink_udp', 'merge_install': False, 'path': '/home/a/ws_nhk/src/MAVLink_ros2/stm32_mavlink_udp', 'symlink_install': False, 'test_result_base': None}[0m
[0.629s] [34mcolcon.colcon_core.verb[0m [1;30mLevel 5[0m set package 'dynamixel_controller_gui' build argument 'cmake_args' from command line to 'None'
[0.629s] [34mcolcon.colcon_core.verb[0m [1;30mLevel 5[0m set package 'dynamixel_controller_gui' build argument 'cmake_target' from command line to 'None'
[0.629s] [34mcolcon.colcon_core.verb[0m [1;30mLevel 5[0m set package 'dynamixel_controller_gui' build argument 'cmake_target_skip_unavailable' from command line to 'False'
[0.629s] [34mcolcon.colcon_core.verb[0m [1;30mLevel 5[0m set package 'dynamixel_controller_gui' build argument 'cmake_clean_cache' from command line to 'False'
[0.629s] [34mcolcon.colcon_core.verb[0m [1;30mLevel 5[0m set package 'dynamixel_controller_gui' build argument 'cmake_clean_first' from command line to 'False'
[0.629s] [34mcolcon.colcon_core.verb[0m [1;30mLevel 5[0m set package 'dynamixel_controller_gui' build argument 'cmake_force_configure' from command line to 'False'
[0.629s] [34mcolcon.colcon_core.verb[0m [1;30mLevel 5[0m set package 'dynamixel_controller_gui' build argument 'ament_cmake_args' from command line to 'None'
[0.629s] [34mcolcon.colcon_core.verb[0m [1;30mLevel 5[0m set package 'dynamixel_controller_gui' build argument 'catkin_cmake_args' from command line to 'None'
[0.629s] [34mcolcon.colcon_core.verb[0m [1;30mLevel 5[0m set package 'dynamixel_controller_gui' build argument 'catkin_skip_building_tests' from command line to 'False'
[0.629s] [34mcolcon.colcon_core.verb[0m [1;30mDEBUG[0m [32mBuilding package 'dynamixel_controller_gui' with the following arguments: {'ament_cmake_args': None, 'build_base': '/home/a/ws_nhk/build/dynamixel_controller_gui', 'catkin_cmake_args': None, 'catkin_skip_building_tests': False, 'cmake_args': None, 'cmake_clean_cache': False, 'cmake_clean_first': False, 'cmake_force_configure': False, 'cmake_target': None, 'cmake_target_skip_unavailable': False, 'install_base': '/home/a/ws_nhk/install/dynamixel_controller_gui', 'merge_install': False, 'path': '/home/a/ws_nhk/src/dynamixel_ros2/dynamixel_controller_gui', 'symlink_install': False, 'test_result_base': None}[0m
[0.629s] [34mcolcon.colcon_core.verb[0m [1;30mLevel 5[0m set package 'ikeyaMD_wizard' build argument 'cmake_args' from command line to 'None'
[0.629s] [34mcolcon.colcon_core.verb[0m [1;30mLevel 5[0m set package 'ikeyaMD_wizard' build argument 'cmake_target' from command line to 'None'
[0.629s] [34mcolcon.colcon_core.verb[0m [1;30mLevel 5[0m set package 'ikeyaMD_wizard' build argument 'cmake_target_skip_unavailable' from command line to 'False'
[0.629s] [34mcolcon.colcon_core.verb[0m [1;30mLevel 5[0m set package 'ikeyaMD_wizard' build argument 'cmake_clean_cache' from command line to 'False'
[0.629s] [34mcolcon.colcon_core.verb[0m [1;30mLevel 5[0m set package 'ikeyaMD_wizard' build argument 'cmake_clean_first' from command line to 'False'
[0.629s] [34mcolcon.colcon_core.verb[0m [1;30mLevel 5[0m set package 'ikeyaMD_wizard' build argument 'cmake_force_configure' from command line to 'False'
[0.629s] [34mcolcon.colcon_core.verb[0m [1;30mLevel 5[0m set package 'ikeyaMD_wizard' build argument 'ament_cmake_args' from command line to 'None'
[0.629s] [34mcolcon.colcon_core.verb[0m [1;30mLevel 5[0m set package 'ikeyaMD_wizard' build argument 'catkin_cmake_args' from command line to 'None'
[0.629s] [34mcolcon.colcon_core.verb[0m [1;30mLevel 5[0m set package 'ikeyaMD_wizard' build argument 'catkin_skip_building_tests' from command line to 'False'
[0.629s] [34mcolcon.colcon_core.verb[0m [1;30mDEBUG[0m [32mBuilding package 'ikeyaMD_wizard' with the following arguments: {'ament_cmake_args': None, 'build_base': '/home/a/ws_nhk/build/ikeyaMD_wizard', 'catkin_cmake_args': None, 'catkin_skip_building_tests': False, 'cmake_args': None, 'cmake_clean_cache': False, 'cmake_clean_first': False, 'cmake_force_configure': False, 'cmake_target': None, 'cmake_target_skip_unavailable': False, 'install_base': '/home/a/ws_nhk/install/ikeyaMD_wizard', 'merge_install': False, 'path': '/home/a/ws_nhk/src/MAVLink_ros2/ikeyaMD_wizard', 'symlink_install': False, 'test_result_base': None}[0m
[0.629s] [34mcolcon.colcon_core.verb[0m [1;30mLevel 5[0m set package 'mavlink_wizard' build argument 'cmake_args' from command line to 'None'
[0.629s] [34mcolcon.colcon_core.verb[0m [1;30mLevel 5[0m set package 'mavlink_wizard' build argument 'cmake_target' from command line to 'None'
[0.629s] [34mcolcon.colcon_core.verb[0m [1;30mLevel 5[0m set package 'mavlink_wizard' build argument 'cmake_target_skip_unavailable' from command line to 'False'
[0.629s] [34mcolcon.colcon_core.verb[0m [1;30mLevel 5[0m set package 'mavlink_wizard' build argument 'cmake_clean_cache' from command line to 'False'
[0.629s] [34mcolcon.colcon_core.verb[0m [1;30mLevel 5[0m set package 'mavlink_wizard' build argument 'cmake_clean_first' from command line to 'False'
[0.629s] [34mcolcon.colcon_core.verb[0m [1;30mLevel 5[0m set package 'mavlink_wizard' build argument 'cmake_force_configure' from command line to 'False'
[0.630s] [34mcolcon.colcon_core.verb[0m [1;30mLevel 5[0m set package 'mavlink_wizard' build argument 'ament_cmake_args' from command line to 'None'
[0.630s] [34mcolcon.colcon_core.verb[0m [1;30mLevel 5[0m set package 'mavlink_wizard' build argument 'catkin_cmake_args' from command line to 'None'
[0.630s] [34mcolcon.colcon_core.verb[0m [1;30mLevel 5[0m set package 'mavlink_wizard' build argument 'catkin_skip_building_tests' from command line to 'False'
[0.630s] [34mcolcon.colcon_core.verb[0m [1;30mDEBUG[0m [32mBuilding package 'mavlink_wizard' with the following arguments: {'ament_cmake_args': None, 'build_base': '/home/a/ws_nhk/build/mavlink_wizard', 'catkin_cmake_args': None, 'catkin_skip_building_tests': False, 'cmake_args': None, 'cmake_clean_cache': False, 'cmake_clean_first': False, 'cmake_force_configure': False, 'cmake_target': None, 'cmake_target_skip_unavailable': False, 'install_base': '/home/a/ws_nhk/install/mavlink_wizard', 'merge_install': False, 'path': '/home/a/ws_nhk/src/MAVLink_ros2/mavlink_wizard', 'symlink_install': False, 'test_result_base': None}[0m
[0.630s] [34mcolcon.colcon_core.verb[0m [1;30mLevel 5[0m set package 'moveit_core' build argument 'cmake_args' from command line to 'None'
[0.630s] [34mcolcon.colcon_core.verb[0m [1;30mLevel 5[0m set package 'moveit_core' build argument 'cmake_target' from command line to 'None'
[0.630s] [34mcolcon.colcon_core.verb[0m [1;30mLevel 5[0m set package 'moveit_core' build argument 'cmake_target_skip_unavailable' from command line to 'False'
[0.630s] [34mcolcon.colcon_core.verb[0m [1;30mLevel 5[0m set package 'moveit_core' build argument 'cmake_clean_cache' from command line to 'False'
[0.630s] [34mcolcon.colcon_core.verb[0m [1;30mLevel 5[0m set package 'moveit_core' build argument 'cmake_clean_first' from command line to 'False'
[0.630s] [34mcolcon.colcon_core.verb[0m [1;30mLevel 5[0m set package 'moveit_core' build argument 'cmake_force_configure' from command line to 'False'
[0.630s] [34mcolcon.colcon_core.verb[0m [1;30mLevel 5[0m set package 'moveit_core' build argument 'ament_cmake_args' from command line to 'None'
[0.630s] [34mcolcon.colcon_core.verb[0m [1;30mLevel 5[0m set package 'moveit_core' build argument 'catkin_cmake_args' from command line to 'None'
[0.630s] [34mcolcon.colcon_core.verb[0m [1;30mLevel 5[0m set package 'moveit_core' build argument 'catkin_skip_building_tests' from command line to 'False'
[0.630s] [34mcolcon.colcon_core.verb[0m [1;30mDEBUG[0m [32mBuilding package 'moveit_core' with the following arguments: {'ament_cmake_args': None, 'build_base': '/home/a/ws_nhk/build/moveit_core', 'catkin_cmake_args': None, 'catkin_skip_building_tests': False, 'cmake_args': None, 'cmake_clean_cache': False, 'cmake_clean_first': False, 'cmake_force_configure': False, 'cmake_target': None, 'cmake_target_skip_unavailable': False, 'install_base': '/home/a/ws_nhk/install/moveit_core', 'merge_install': False, 'path': '/home/a/ws_nhk/src/moveit2/moveit_core', 'symlink_install': False, 'test_result_base': None}[0m
[0.630s] [34mcolcon.colcon_core.verb[0m [1;30mLevel 5[0m set package 'moveit_resources' build argument 'cmake_args' from command line to 'None'
[0.630s] [34mcolcon.colcon_core.verb[0m [1;30mLevel 5[0m set package 'moveit_resources' build argument 'cmake_target' from command line to 'None'
[0.630s] [34mcolcon.colcon_core.verb[0m [1;30mLevel 5[0m set package 'moveit_resources' build argument 'cmake_target_skip_unavailable' from command line to 'False'
[0.630s] [34mcolcon.colcon_core.verb[0m [1;30mLevel 5[0m set package 'moveit_resources' build argument 'cmake_clean_cache' from command line to 'False'
[0.630s] [34mcolcon.colcon_core.verb[0m [1;30mLevel 5[0m set package 'moveit_resources' build argument 'cmake_clean_first' from command line to 'False'
[0.630s] [34mcolcon.colcon_core.verb[0m [1;30mLevel 5[0m set package 'moveit_resources' build argument 'cmake_force_configure' from command line to 'False'
[0.630s] [34mcolcon.colcon_core.verb[0m [1;30mLevel 5[0m set package 'moveit_resources' build argument 'ament_cmake_args' from command line to 'None'
[0.630s] [34mcolcon.colcon_core.verb[0m [1;30mLevel 5[0m set package 'moveit_resources' build argument 'catkin_cmake_args' from command line to 'None'
[0.630s] [34mcolcon.colcon_core.verb[0m [1;30mLevel 5[0m set package 'moveit_resources' build argument 'catkin_skip_building_tests' from command line to 'False'
[0.630s] [34mcolcon.colcon_core.verb[0m [1;30mDEBUG[0m [32mBuilding package 'moveit_resources' with the following arguments: {'ament_cmake_args': None, 'build_base': '/home/a/ws_nhk/build/moveit_resources', 'catkin_cmake_args': None, 'catkin_skip_building_tests': False, 'cmake_args': None, 'cmake_clean_cache': False, 'cmake_clean_first': False, 'cmake_force_configure': False, 'cmake_target': None, 'cmake_target_skip_unavailable': False, 'install_base': '/home/a/ws_nhk/install/moveit_resources', 'merge_install': False, 'path': '/home/a/ws_nhk/src/moveit_resources/moveit_resources', 'symlink_install': False, 'test_result_base': None}[0m
[0.631s] [34mcolcon.colcon_core.verb[0m [1;30mLevel 5[0m set package 'chomp_motion_planner' build argument 'cmake_args' from command line to 'None'
[0.631s] [34mcolcon.colcon_core.verb[0m [1;30mLevel 5[0m set package 'chomp_motion_planner' build argument 'cmake_target' from command line to 'None'
[0.631s] [34mcolcon.colcon_core.verb[0m [1;30mLevel 5[0m set package 'chomp_motion_planner' build argument 'cmake_target_skip_unavailable' from command line to 'False'
[0.631s] [34mcolcon.colcon_core.verb[0m [1;30mLevel 5[0m set package 'chomp_motion_planner' build argument 'cmake_clean_cache' from command line to 'False'
[0.631s] [34mcolcon.colcon_core.verb[0m [1;30mLevel 5[0m set package 'chomp_motion_planner' build argument 'cmake_clean_first' from command line to 'False'
[0.631s] [34mcolcon.colcon_core.verb[0m [1;30mLevel 5[0m set package 'chomp_motion_planner' build argument 'cmake_force_configure' from command line to 'False'
[0.631s] [34mcolcon.colcon_core.verb[0m [1;30mLevel 5[0m set package 'chomp_motion_planner' build argument 'ament_cmake_args' from command line to 'None'
[0.631s] [34mcolcon.colcon_core.verb[0m [1;30mLevel 5[0m set package 'chomp_motion_planner' build argument 'catkin_cmake_args' from command line to 'None'
[0.631s] [34mcolcon.colcon_core.verb[0m [1;30mLevel 5[0m set package 'chomp_motion_planner' build argument 'catkin_skip_building_tests' from command line to 'False'
[0.631s] [34mcolcon.colcon_core.verb[0m [1;30mDEBUG[0m [32mBuilding package 'chomp_motion_planner' with the following arguments: {'ament_cmake_args': None, 'build_base': '/home/a/ws_nhk/build/chomp_motion_planner', 'catkin_cmake_args': None, 'catkin_skip_building_tests': False, 'cmake_args': None, 'cmake_clean_cache': False, 'cmake_clean_first': False, 'cmake_force_configure': False, 'cmake_target': None, 'cmake_target_skip_unavailable': False, 'install_base': '/home/a/ws_nhk/install/chomp_motion_planner', 'merge_install': False, 'path': '/home/a/ws_nhk/src/moveit2/moveit_planners/chomp/chomp_motion_planner', 'symlink_install': False, 'test_result_base': None}[0m
[0.631s] [34mcolcon.colcon_core.verb[0m [1;30mLevel 5[0m set package 'moveit_resources_prbt_ikfast_manipulator_plugin' build argument 'cmake_args' from command line to 'None'
[0.631s] [34mcolcon.colcon_core.verb[0m [1;30mLevel 5[0m set package 'moveit_resources_prbt_ikfast_manipulator_plugin' build argument 'cmake_target' from command line to 'None'
[0.631s] [34mcolcon.colcon_core.verb[0m [1;30mLevel 5[0m set package 'moveit_resources_prbt_ikfast_manipulator_plugin' build argument 'cmake_target_skip_unavailable' from command line to 'False'
[0.631s] [34mcolcon.colcon_core.verb[0m [1;30mLevel 5[0m set package 'moveit_resources_prbt_ikfast_manipulator_plugin' build argument 'cmake_clean_cache' from command line to 'False'
[0.631s] [34mcolcon.colcon_core.verb[0m [1;30mLevel 5[0m set package 'moveit_resources_prbt_ikfast_manipulator_plugin' build argument 'cmake_clean_first' from command line to 'False'
[0.631s] [34mcolcon.colcon_core.verb[0m [1;30mLevel 5[0m set package 'moveit_resources_prbt_ikfast_manipulator_plugin' build argument 'cmake_force_configure' from command line to 'False'
[0.631s] [34mcolcon.colcon_core.verb[0m [1;30mLevel 5[0m set package 'moveit_resources_prbt_ikfast_manipulator_plugin' build argument 'ament_cmake_args' from command line to 'None'
[0.631s] [34mcolcon.colcon_core.verb[0m [1;30mLevel 5[0m set package 'moveit_resources_prbt_ikfast_manipulator_plugin' build argument 'catkin_cmake_args' from command line to 'None'
[0.631s] [34mcolcon.colcon_core.verb[0m [1;30mLevel 5[0m set package 'moveit_resources_prbt_ikfast_manipulator_plugin' build argument 'catkin_skip_building_tests' from command line to 'False'
[0.631s] [34mcolcon.colcon_core.verb[0m [1;30mDEBUG[0m [32mBuilding package 'moveit_resources_prbt_ikfast_manipulator_plugin' with the following arguments: {'ament_cmake_args': None, 'build_base': '/home/a/ws_nhk/build/moveit_resources_prbt_ikfast_manipulator_plugin', 'catkin_cmake_args': None, 'catkin_skip_building_tests': False, 'cmake_args': None, 'cmake_clean_cache': False, 'cmake_clean_first': False, 'cmake_force_configure': False, 'cmake_target': None, 'cmake_target_skip_unavailable': False, 'install_base': '/home/a/ws_nhk/install/moveit_resources_prbt_ikfast_manipulator_plugin', 'merge_install': False, 'path': '/home/a/ws_nhk/src/moveit2/moveit_planners/test_configs/prbt_ikfast_manipulator_plugin', 'symlink_install': False, 'test_result_base': None}[0m
[0.632s] [34mcolcon.colcon_core.verb[0m [1;30mLevel 5[0m set package 'moveit_ros_occupancy_map_monitor' build argument 'cmake_args' from command line to 'None'
[0.632s] [34mcolcon.colcon_core.verb[0m [1;30mLevel 5[0m set package 'moveit_ros_occupancy_map_monitor' build argument 'cmake_target' from command line to 'None'
[0.632s] [34mcolcon.colcon_core.verb[0m [1;30mLevel 5[0m set package 'moveit_ros_occupancy_map_monitor' build argument 'cmake_target_skip_unavailable' from command line to 'False'
[0.632s] [34mcolcon.colcon_core.verb[0m [1;30mLevel 5[0m set package 'moveit_ros_occupancy_map_monitor' build argument 'cmake_clean_cache' from command line to 'False'
[0.632s] [34mcolcon.colcon_core.verb[0m [1;30mLevel 5[0m set package 'moveit_ros_occupancy_map_monitor' build argument 'cmake_clean_first' from command line to 'False'
[0.632s] [34mcolcon.colcon_core.verb[0m [1;30mLevel 5[0m set package 'moveit_ros_occupancy_map_monitor' build argument 'cmake_force_configure' from command line to 'False'
[0.632s] [34mcolcon.colcon_core.verb[0m [1;30mLevel 5[0m set package 'moveit_ros_occupancy_map_monitor' build argument 'ament_cmake_args' from command line to 'None'
[0.632s] [34mcolcon.colcon_core.verb[0m [1;30mLevel 5[0m set package 'moveit_ros_occupancy_map_monitor' build argument 'catkin_cmake_args' from command line to 'None'
[0.632s] [34mcolcon.colcon_core.verb[0m [1;30mLevel 5[0m set package 'moveit_ros_occupancy_map_monitor' build argument 'catkin_skip_building_tests' from command line to 'False'
[0.632s] [34mcolcon.colcon_core.verb[0m [1;30mDEBUG[0m [32mBuilding package 'moveit_ros_occupancy_map_monitor' with the following arguments: {'ament_cmake_args': None, 'build_base': '/home/a/ws_nhk/build/moveit_ros_occupancy_map_monitor', 'catkin_cmake_args': None, 'catkin_skip_building_tests': False, 'cmake_args': None, 'cmake_clean_cache': False, 'cmake_clean_first': False, 'cmake_force_configure': False, 'cmake_target': None, 'cmake_target_skip_unavailable': False, 'install_base': '/home/a/ws_nhk/install/moveit_ros_occupancy_map_monitor', 'merge_install': False, 'path': '/home/a/ws_nhk/src/moveit2/moveit_ros/occupancy_map_monitor', 'symlink_install': False, 'test_result_base': None}[0m
[0.632s] [34mcolcon.colcon_core.verb[0m [1;30mLevel 5[0m set package 'moveit_simple_controller_manager' build argument 'cmake_args' from command line to 'None'
[0.632s] [34mcolcon.colcon_core.verb[0m [1;30mLevel 5[0m set package 'moveit_simple_controller_manager' build argument 'cmake_target' from command line to 'None'
[0.632s] [34mcolcon.colcon_core.verb[0m [1;30mLevel 5[0m set package 'moveit_simple_controller_manager' build argument 'cmake_target_skip_unavailable' from command line to 'False'
[0.632s] [34mcolcon.colcon_core.verb[0m [1;30mLevel 5[0m set package 'moveit_simple_controller_manager' build argument 'cmake_clean_cache' from command line to 'False'
[0.632s] [34mcolcon.colcon_core.verb[0m [1;30mLevel 5[0m set package 'moveit_simple_controller_manager' build argument 'cmake_clean_first' from command line to 'False'
[0.632s] [34mcolcon.colcon_core.verb[0m [1;30mLevel 5[0m set package 'moveit_simple_controller_manager' build argument 'cmake_force_configure' from command line to 'False'
[0.632s] [34mcolcon.colcon_core.verb[0m [1;30mLevel 5[0m set package 'moveit_simple_controller_manager' build argument 'ament_cmake_args' from command line to 'None'
[0.632s] [34mcolcon.colcon_core.verb[0m [1;30mLevel 5[0m set package 'moveit_simple_controller_manager' build argument 'catkin_cmake_args' from command line to 'None'
[0.632s] [34mcolcon.colcon_core.verb[0m [1;30mLevel 5[0m set package 'moveit_simple_controller_manager' build argument 'catkin_skip_building_tests' from command line to 'False'
[0.632s] [34mcolcon.colcon_core.verb[0m [1;30mDEBUG[0m [32mBuilding package 'moveit_simple_controller_manager' with the following arguments: {'ament_cmake_args': None, 'build_base': '/home/a/ws_nhk/build/moveit_simple_controller_manager', 'catkin_cmake_args': None, 'catkin_skip_building_tests': False, 'cmake_args': None, 'cmake_clean_cache': False, 'cmake_clean_first': False, 'cmake_force_configure': False, 'cmake_target': None, 'cmake_target_skip_unavailable': False, 'install_base': '/home/a/ws_nhk/install/moveit_simple_controller_manager', 'merge_install': False, 'path': '/home/a/ws_nhk/src/moveit2/moveit_plugins/moveit_simple_controller_manager', 'symlink_install': False, 'test_result_base': None}[0m
[0.633s] [34mcolcon.colcon_core.verb[0m [1;30mLevel 5[0m set package 'pilz_industrial_motion_planner_testutils' build argument 'cmake_args' from command line to 'None'
[0.633s] [34mcolcon.colcon_core.verb[0m [1;30mLevel 5[0m set package 'pilz_industrial_motion_planner_testutils' build argument 'cmake_target' from command line to 'None'
[0.633s] [34mcolcon.colcon_core.verb[0m [1;30mLevel 5[0m set package 'pilz_industrial_motion_planner_testutils' build argument 'cmake_target_skip_unavailable' from command line to 'False'
[0.633s] [34mcolcon.colcon_core.verb[0m [1;30mLevel 5[0m set package 'pilz_industrial_motion_planner_testutils' build argument 'cmake_clean_cache' from command line to 'False'
[0.633s] [34mcolcon.colcon_core.verb[0m [1;30mLevel 5[0m set package 'pilz_industrial_motion_planner_testutils' build argument 'cmake_clean_first' from command line to 'False'
[0.633s] [34mcolcon.colcon_core.verb[0m [1;30mLevel 5[0m set package 'pilz_industrial_motion_planner_testutils' build argument 'cmake_force_configure' from command line to 'False'
[0.633s] [34mcolcon.colcon_core.verb[0m [1;30mLevel 5[0m set package 'pilz_industrial_motion_planner_testutils' build argument 'ament_cmake_args' from command line to 'None'
[0.633s] [34mcolcon.colcon_core.verb[0m [1;30mLevel 5[0m set package 'pilz_industrial_motion_planner_testutils' build argument 'catkin_cmake_args' from command line to 'None'
[0.633s] [34mcolcon.colcon_core.verb[0m [1;30mLevel 5[0m set package 'pilz_industrial_motion_planner_testutils' build argument 'catkin_skip_building_tests' from command line to 'False'
[0.633s] [34mcolcon.colcon_core.verb[0m [1;30mDEBUG[0m [32mBuilding package 'pilz_industrial_motion_planner_testutils' with the following arguments: {'ament_cmake_args': None, 'build_base': '/home/a/ws_nhk/build/pilz_industrial_motion_planner_testutils', 'catkin_cmake_args': None, 'catkin_skip_building_tests': False, 'cmake_args': None, 'cmake_clean_cache': False, 'cmake_clean_first': False, 'cmake_force_configure': False, 'cmake_target': None, 'cmake_target_skip_unavailable': False, 'install_base': '/home/a/ws_nhk/install/pilz_industrial_motion_planner_testutils', 'merge_install': False, 'path': '/home/a/ws_nhk/src/moveit2/moveit_planners/pilz_industrial_motion_planner_testutils', 'symlink_install': False, 'test_result_base': None}[0m
[0.633s] [34mcolcon.colcon_core.verb[0m [1;30mLevel 5[0m set package 'trac_ik_kinematics_plugin' build argument 'cmake_args' from command line to 'None'
[0.633s] [34mcolcon.colcon_core.verb[0m [1;30mLevel 5[0m set package 'trac_ik_kinematics_plugin' build argument 'cmake_target' from command line to 'None'
[0.633s] [34mcolcon.colcon_core.verb[0m [1;30mLevel 5[0m set package 'trac_ik_kinematics_plugin' build argument 'cmake_target_skip_unavailable' from command line to 'False'
[0.633s] [34mcolcon.colcon_core.verb[0m [1;30mLevel 5[0m set package 'trac_ik_kinematics_plugin' build argument 'cmake_clean_cache' from command line to 'False'
[0.633s] [34mcolcon.colcon_core.verb[0m [1;30mLevel 5[0m set package 'trac_ik_kinematics_plugin' build argument 'cmake_clean_first' from command line to 'False'
[0.633s] [34mcolcon.colcon_core.verb[0m [1;30mLevel 5[0m set package 'trac_ik_kinematics_plugin' build argument 'cmake_force_configure' from command line to 'False'
[0.633s] [34mcolcon.colcon_core.verb[0m [1;30mLevel 5[0m set package 'trac_ik_kinematics_plugin' build argument 'ament_cmake_args' from command line to 'None'
[0.633s] [34mcolcon.colcon_core.verb[0m [1;30mLevel 5[0m set package 'trac_ik_kinematics_plugin' build argument 'catkin_cmake_args' from command line to 'None'
[0.633s] [34mcolcon.colcon_core.verb[0m [1;30mLevel 5[0m set package 'trac_ik_kinematics_plugin' build argument 'catkin_skip_building_tests' from command line to 'False'
[0.633s] [34mcolcon.colcon_core.verb[0m [1;30mDEBUG[0m [32mBuilding package 'trac_ik_kinematics_plugin' with the following arguments: {'ament_cmake_args': None, 'build_base': '/home/a/ws_nhk/build/trac_ik_kinematics_plugin', 'catkin_cmake_args': None, 'catkin_skip_building_tests': False, 'cmake_args': None, 'cmake_clean_cache': False, 'cmake_clean_first': False, 'cmake_force_configure': False, 'cmake_target': None, 'cmake_target_skip_unavailable': False, 'install_base': '/home/a/ws_nhk/install/trac_ik_kinematics_plugin', 'merge_install': False, 'path': '/home/a/ws_nhk/src/trac_ik/trac_ik_kinematics_plugin', 'symlink_install': False, 'test_result_base': None}[0m
[0.633s] [34mcolcon.colcon_core.verb[0m [1;30mLevel 5[0m set package 'moveit_chomp_optimizer_adapter' build argument 'cmake_args' from command line to 'None'
[0.633s] [34mcolcon.colcon_core.verb[0m [1;30mLevel 5[0m set package 'moveit_chomp_optimizer_adapter' build argument 'cmake_target' from command line to 'None'
[0.633s] [34mcolcon.colcon_core.verb[0m [1;30mLevel 5[0m set package 'moveit_chomp_optimizer_adapter' build argument 'cmake_target_skip_unavailable' from command line to 'False'
[0.634s] [34mcolcon.colcon_core.verb[0m [1;30mLevel 5[0m set package 'moveit_chomp_optimizer_adapter' build argument 'cmake_clean_cache' from command line to 'False'
[0.634s] [34mcolcon.colcon_core.verb[0m [1;30mLevel 5[0m set package 'moveit_chomp_optimizer_adapter' build argument 'cmake_clean_first' from command line to 'False'
[0.634s] [34mcolcon.colcon_core.verb[0m [1;30mLevel 5[0m set package 'moveit_chomp_optimizer_adapter' build argument 'cmake_force_configure' from command line to 'False'
[0.634s] [34mcolcon.colcon_core.verb[0m [1;30mLevel 5[0m set package 'moveit_chomp_optimizer_adapter' build argument 'ament_cmake_args' from command line to 'None'
[0.634s] [34mcolcon.colcon_core.verb[0m [1;30mLevel 5[0m set package 'moveit_chomp_optimizer_adapter' build argument 'catkin_cmake_args' from command line to 'None'
[0.634s] [34mcolcon.colcon_core.verb[0m [1;30mLevel 5[0m set package 'moveit_chomp_optimizer_adapter' build argument 'catkin_skip_building_tests' from command line to 'False'
[0.634s] [34mcolcon.colcon_core.verb[0m [1;30mDEBUG[0m [32mBuilding package 'moveit_chomp_optimizer_adapter' with the following arguments: {'ament_cmake_args': None, 'build_base': '/home/a/ws_nhk/build/moveit_chomp_optimizer_adapter', 'catkin_cmake_args': None, 'catkin_skip_building_tests': False, 'cmake_args': None, 'cmake_clean_cache': False, 'cmake_clean_first': False, 'cmake_force_configure': False, 'cmake_target': None, 'cmake_target_skip_unavailable': False, 'install_base': '/home/a/ws_nhk/install/moveit_chomp_optimizer_adapter', 'merge_install': False, 'path': '/home/a/ws_nhk/src/moveit2/moveit_planners/chomp/chomp_optimizer_adapter', 'symlink_install': False, 'test_result_base': None}[0m
[0.634s] [34mcolcon.colcon_core.verb[0m [1;30mLevel 5[0m set package 'moveit_planners_chomp' build argument 'cmake_args' from command line to 'None'
[0.634s] [34mcolcon.colcon_core.verb[0m [1;30mLevel 5[0m set package 'moveit_planners_chomp' build argument 'cmake_target' from command line to 'None'
[0.634s] [34mcolcon.colcon_core.verb[0m [1;30mLevel 5[0m set package 'moveit_planners_chomp' build argument 'cmake_target_skip_unavailable' from command line to 'False'
[0.634s] [34mcolcon.colcon_core.verb[0m [1;30mLevel 5[0m set package 'moveit_planners_chomp' build argument 'cmake_clean_cache' from command line to 'False'
[0.634s] [34mcolcon.colcon_core.verb[0m [1;30mLevel 5[0m set package 'moveit_planners_chomp' build argument 'cmake_clean_first' from command line to 'False'
[0.634s] [34mcolcon.colcon_core.verb[0m [1;30mLevel 5[0m set package 'moveit_planners_chomp' build argument 'cmake_force_configure' from command line to 'False'
[0.634s] [34mcolcon.colcon_core.verb[0m [1;30mLevel 5[0m set package 'moveit_planners_chomp' build argument 'ament_cmake_args' from command line to 'None'
[0.634s] [34mcolcon.colcon_core.verb[0m [1;30mLevel 5[0m set package 'moveit_planners_chomp' build argument 'catkin_cmake_args' from command line to 'None'
[0.634s] [34mcolcon.colcon_core.verb[0m [1;30mLevel 5[0m set package 'moveit_planners_chomp' build argument 'catkin_skip_building_tests' from command line to 'False'
[0.634s] [34mcolcon.colcon_core.verb[0m [1;30mDEBUG[0m [32mBuilding package 'moveit_planners_chomp' with the following arguments: {'ament_cmake_args': None, 'build_base': '/home/a/ws_nhk/build/moveit_planners_chomp', 'catkin_cmake_args': None, 'catkin_skip_building_tests': False, 'cmake_args': None, 'cmake_clean_cache': False, 'cmake_clean_first': False, 'cmake_force_configure': False, 'cmake_target': None, 'cmake_target_skip_unavailable': False, 'install_base': '/home/a/ws_nhk/install/moveit_planners_chomp', 'merge_install': False, 'path': '/home/a/ws_nhk/src/moveit2/moveit_planners/chomp/chomp_interface', 'symlink_install': False, 'test_result_base': None}[0m
[0.634s] [34mcolcon.colcon_core.verb[0m [1;30mLevel 5[0m set package 'moveit_plugins' build argument 'cmake_args' from command line to 'None'
[0.634s] [34mcolcon.colcon_core.verb[0m [1;30mLevel 5[0m set package 'moveit_plugins' build argument 'cmake_target' from command line to 'None'
[0.634s] [34mcolcon.colcon_core.verb[0m [1;30mLevel 5[0m set package 'moveit_plugins' build argument 'cmake_target_skip_unavailable' from command line to 'False'
[0.634s] [34mcolcon.colcon_core.verb[0m [1;30mLevel 5[0m set package 'moveit_plugins' build argument 'cmake_clean_cache' from command line to 'False'
[0.634s] [34mcolcon.colcon_core.verb[0m [1;30mLevel 5[0m set package 'moveit_plugins' build argument 'cmake_clean_first' from command line to 'False'
[0.634s] [34mcolcon.colcon_core.verb[0m [1;30mLevel 5[0m set package 'moveit_plugins' build argument 'cmake_force_configure' from command line to 'False'
[0.634s] [34mcolcon.colcon_core.verb[0m [1;30mLevel 5[0m set package 'moveit_plugins' build argument 'ament_cmake_args' from command line to 'None'
[0.634s] [34mcolcon.colcon_core.verb[0m [1;30mLevel 5[0m set package 'moveit_plugins' build argument 'catkin_cmake_args' from command line to 'None'
[0.634s] [34mcolcon.colcon_core.verb[0m [1;30mLevel 5[0m set package 'moveit_plugins' build argument 'catkin_skip_building_tests' from command line to 'False'
[0.635s] [34mcolcon.colcon_core.verb[0m [1;30mDEBUG[0m [32mBuilding package 'moveit_plugins' with the following arguments: {'ament_cmake_args': None, 'build_base': '/home/a/ws_nhk/build/moveit_plugins', 'catkin_cmake_args': None, 'catkin_skip_building_tests': False, 'cmake_args': None, 'cmake_clean_cache': False, 'cmake_clean_first': False, 'cmake_force_configure': False, 'cmake_target': None, 'cmake_target_skip_unavailable': False, 'install_base': '/home/a/ws_nhk/install/moveit_plugins', 'merge_install': False, 'path': '/home/a/ws_nhk/src/moveit2/moveit_plugins/moveit_plugins', 'symlink_install': False, 'test_result_base': None}[0m
[0.635s] [34mcolcon.colcon_core.verb[0m [1;30mLevel 5[0m set package 'moveit_ros_control_interface' build argument 'cmake_args' from command line to 'None'
[0.635s] [34mcolcon.colcon_core.verb[0m [1;30mLevel 5[0m set package 'moveit_ros_control_interface' build argument 'cmake_target' from command line to 'None'
[0.635s] [34mcolcon.colcon_core.verb[0m [1;30mLevel 5[0m set package 'moveit_ros_control_interface' build argument 'cmake_target_skip_unavailable' from command line to 'False'
[0.635s] [34mcolcon.colcon_core.verb[0m [1;30mLevel 5[0m set package 'moveit_ros_control_interface' build argument 'cmake_clean_cache' from command line to 'False'
[0.635s] [34mcolcon.colcon_core.verb[0m [1;30mLevel 5[0m set package 'moveit_ros_control_interface' build argument 'cmake_clean_first' from command line to 'False'
[0.635s] [34mcolcon.colcon_core.verb[0m [1;30mLevel 5[0m set package 'moveit_ros_control_interface' build argument 'cmake_force_configure' from command line to 'False'
[0.635s] [34mcolcon.colcon_core.verb[0m [1;30mLevel 5[0m set package 'moveit_ros_control_interface' build argument 'ament_cmake_args' from command line to 'None'
[0.635s] [34mcolcon.colcon_core.verb[0m [1;30mLevel 5[0m set package 'moveit_ros_control_interface' build argument 'catkin_cmake_args' from command line to 'None'
[0.635s] [34mcolcon.colcon_core.verb[0m [1;30mLevel 5[0m set package 'moveit_ros_control_interface' build argument 'catkin_skip_building_tests' from command line to 'False'
[0.635s] [34mcolcon.colcon_core.verb[0m [1;30mDEBUG[0m [32mBuilding package 'moveit_ros_control_interface' with the following arguments: {'ament_cmake_args': None, 'build_base': '/home/a/ws_nhk/build/moveit_ros_control_interface', 'catkin_cmake_args': None, 'catkin_skip_building_tests': False, 'cmake_args': None, 'cmake_clean_cache': False, 'cmake_clean_first': False, 'cmake_force_configure': False, 'cmake_target': None, 'cmake_target_skip_unavailable': False, 'install_base': '/home/a/ws_nhk/install/moveit_ros_control_interface', 'merge_install': False, 'path': '/home/a/ws_nhk/src/moveit2/moveit_plugins/moveit_ros_control_interface', 'symlink_install': False, 'test_result_base': None}[0m
[0.635s] [34mcolcon.colcon_core.verb[0m [1;30mLevel 5[0m set package 'moveit_ros_planning' build argument 'cmake_args' from command line to 'None'
[0.635s] [34mcolcon.colcon_core.verb[0m [1;30mLevel 5[0m set package 'moveit_ros_planning' build argument 'cmake_target' from command line to 'None'
[0.635s] [34mcolcon.colcon_core.verb[0m [1;30mLevel 5[0m set package 'moveit_ros_planning' build argument 'cmake_target_skip_unavailable' from command line to 'False'
[0.635s] [34mcolcon.colcon_core.verb[0m [1;30mLevel 5[0m set package 'moveit_ros_planning' build argument 'cmake_clean_cache' from command line to 'False'
[0.635s] [34mcolcon.colcon_core.verb[0m [1;30mLevel 5[0m set package 'moveit_ros_planning' build argument 'cmake_clean_first' from command line to 'False'
[0.635s] [34mcolcon.colcon_core.verb[0m [1;30mLevel 5[0m set package 'moveit_ros_planning' build argument 'cmake_force_configure' from command line to 'False'
[0.635s] [34mcolcon.colcon_core.verb[0m [1;30mLevel 5[0m set package 'moveit_ros_planning' build argument 'ament_cmake_args' from command line to 'None'
[0.635s] [34mcolcon.colcon_core.verb[0m [1;30mLevel 5[0m set package 'moveit_ros_planning' build argument 'catkin_cmake_args' from command line to 'None'
[0.635s] [34mcolcon.colcon_core.verb[0m [1;30mLevel 5[0m set package 'moveit_ros_planning' build argument 'catkin_skip_building_tests' from command line to 'False'
[0.635s] [34mcolcon.colcon_core.verb[0m [1;30mDEBUG[0m [32mBuilding package 'moveit_ros_planning' with the following arguments: {'ament_cmake_args': None, 'build_base': '/home/a/ws_nhk/build/moveit_ros_planning', 'catkin_cmake_args': None, 'catkin_skip_building_tests': False, 'cmake_args': None, 'cmake_clean_cache': False, 'cmake_clean_first': False, 'cmake_force_configure': False, 'cmake_target': None, 'cmake_target_skip_unavailable': False, 'install_base': '/home/a/ws_nhk/install/moveit_ros_planning', 'merge_install': False, 'path': '/home/a/ws_nhk/src/moveit2/moveit_ros/planning', 'symlink_install': False, 'test_result_base': None}[0m
[0.636s] [34mcolcon.colcon_core.verb[0m [1;30mLevel 5[0m set package 'trac_ik' build argument 'cmake_args' from command line to 'None'
[0.636s] [34mcolcon.colcon_core.verb[0m [1;30mLevel 5[0m set package 'trac_ik' build argument 'cmake_target' from command line to 'None'
[0.636s] [34mcolcon.colcon_core.verb[0m [1;30mLevel 5[0m set package 'trac_ik' build argument 'cmake_target_skip_unavailable' from command line to 'False'
[0.636s] [34mcolcon.colcon_core.verb[0m [1;30mLevel 5[0m set package 'trac_ik' build argument 'cmake_clean_cache' from command line to 'False'
[0.636s] [34mcolcon.colcon_core.verb[0m [1;30mLevel 5[0m set package 'trac_ik' build argument 'cmake_clean_first' from command line to 'False'
[0.636s] [34mcolcon.colcon_core.verb[0m [1;30mLevel 5[0m set package 'trac_ik' build argument 'cmake_force_configure' from command line to 'False'
[0.636s] [34mcolcon.colcon_core.verb[0m [1;30mLevel 5[0m set package 'trac_ik' build argument 'ament_cmake_args' from command line to 'None'
[0.636s] [34mcolcon.colcon_core.verb[0m [1;30mLevel 5[0m set package 'trac_ik' build argument 'catkin_cmake_args' from command line to 'None'
[0.636s] [34mcolcon.colcon_core.verb[0m [1;30mLevel 5[0m set package 'trac_ik' build argument 'catkin_skip_building_tests' from command line to 'False'
[0.636s] [34mcolcon.colcon_core.verb[0m [1;30mDEBUG[0m [32mBuilding package 'trac_ik' with the following arguments: {'ament_cmake_args': None, 'build_base': '/home/a/ws_nhk/build/trac_ik', 'catkin_cmake_args': None, 'catkin_skip_building_tests': False, 'cmake_args': None, 'cmake_clean_cache': False, 'cmake_clean_first': False, 'cmake_force_configure': False, 'cmake_target': None, 'cmake_target_skip_unavailable': False, 'install_base': '/home/a/ws_nhk/install/trac_ik', 'merge_install': False, 'path': '/home/a/ws_nhk/src/trac_ik/trac_ik', 'symlink_install': False, 'test_result_base': None}[0m
[0.636s] [34mcolcon.colcon_core.verb[0m [1;30mLevel 5[0m set package 'moveit_kinematics' build argument 'cmake_args' from command line to 'None'
[0.636s] [34mcolcon.colcon_core.verb[0m [1;30mLevel 5[0m set package 'moveit_kinematics' build argument 'cmake_target' from command line to 'None'
[0.636s] [34mcolcon.colcon_core.verb[0m [1;30mLevel 5[0m set package 'moveit_kinematics' build argument 'cmake_target_skip_unavailable' from command line to 'False'
[0.636s] [34mcolcon.colcon_core.verb[0m [1;30mLevel 5[0m set package 'moveit_kinematics' build argument 'cmake_clean_cache' from command line to 'False'
[0.636s] [34mcolcon.colcon_core.verb[0m [1;30mLevel 5[0m set package 'moveit_kinematics' build argument 'cmake_clean_first' from command line to 'False'
[0.636s] [34mcolcon.colcon_core.verb[0m [1;30mLevel 5[0m set package 'moveit_kinematics' build argument 'cmake_force_configure' from command line to 'False'
[0.636s] [34mcolcon.colcon_core.verb[0m [1;30mLevel 5[0m set package 'moveit_kinematics' build argument 'ament_cmake_args' from command line to 'None'
[0.636s] [34mcolcon.colcon_core.verb[0m [1;30mLevel 5[0m set package 'moveit_kinematics' build argument 'catkin_cmake_args' from command line to 'None'
[0.636s] [34mcolcon.colcon_core.verb[0m [1;30mLevel 5[0m set package 'moveit_kinematics' build argument 'catkin_skip_building_tests' from command line to 'False'
[0.636s] [34mcolcon.colcon_core.verb[0m [1;30mDEBUG[0m [32mBuilding package 'moveit_kinematics' with the following arguments: {'ament_cmake_args': None, 'build_base': '/home/a/ws_nhk/build/moveit_kinematics', 'catkin_cmake_args': None, 'catkin_skip_building_tests': False, 'cmake_args': None, 'cmake_clean_cache': False, 'cmake_clean_first': False, 'cmake_force_configure': False, 'cmake_target': None, 'cmake_target_skip_unavailable': False, 'install_base': '/home/a/ws_nhk/install/moveit_kinematics', 'merge_install': False, 'path': '/home/a/ws_nhk/src/moveit2/moveit_kinematics', 'symlink_install': False, 'test_result_base': None}[0m
[0.637s] [34mcolcon.colcon_core.verb[0m [1;30mLevel 5[0m set package 'moveit_planners_ompl' build argument 'cmake_args' from command line to 'None'
[0.637s] [34mcolcon.colcon_core.verb[0m [1;30mLevel 5[0m set package 'moveit_planners_ompl' build argument 'cmake_target' from command line to 'None'
[0.637s] [34mcolcon.colcon_core.verb[0m [1;30mLevel 5[0m set package 'moveit_planners_ompl' build argument 'cmake_target_skip_unavailable' from command line to 'False'
[0.637s] [34mcolcon.colcon_core.verb[0m [1;30mLevel 5[0m set package 'moveit_planners_ompl' build argument 'cmake_clean_cache' from command line to 'False'
[0.637s] [34mcolcon.colcon_core.verb[0m [1;30mLevel 5[0m set package 'moveit_planners_ompl' build argument 'cmake_clean_first' from command line to 'False'
[0.637s] [34mcolcon.colcon_core.verb[0m [1;30mLevel 5[0m set package 'moveit_planners_ompl' build argument 'cmake_force_configure' from command line to 'False'
[0.637s] [34mcolcon.colcon_core.verb[0m [1;30mLevel 5[0m set package 'moveit_planners_ompl' build argument 'ament_cmake_args' from command line to 'None'
[0.637s] [34mcolcon.colcon_core.verb[0m [1;30mLevel 5[0m set package 'moveit_planners_ompl' build argument 'catkin_cmake_args' from command line to 'None'
[0.637s] [34mcolcon.colcon_core.verb[0m [1;30mLevel 5[0m set package 'moveit_planners_ompl' build argument 'catkin_skip_building_tests' from command line to 'False'
[0.637s] [34mcolcon.colcon_core.verb[0m [1;30mDEBUG[0m [32mBuilding package 'moveit_planners_ompl' with the following arguments: {'ament_cmake_args': None, 'build_base': '/home/a/ws_nhk/build/moveit_planners_ompl', 'catkin_cmake_args': None, 'catkin_skip_building_tests': False, 'cmake_args': None, 'cmake_clean_cache': False, 'cmake_clean_first': False, 'cmake_force_configure': False, 'cmake_target': None, 'cmake_target_skip_unavailable': False, 'install_base': '/home/a/ws_nhk/install/moveit_planners_ompl', 'merge_install': False, 'path': '/home/a/ws_nhk/src/moveit2/moveit_planners/ompl', 'symlink_install': False, 'test_result_base': None}[0m
[0.637s] [34mcolcon.colcon_core.verb[0m [1;30mLevel 5[0m set package 'moveit_ros_perception' build argument 'cmake_args' from command line to 'None'
[0.637s] [34mcolcon.colcon_core.verb[0m [1;30mLevel 5[0m set package 'moveit_ros_perception' build argument 'cmake_target' from command line to 'None'
[0.637s] [34mcolcon.colcon_core.verb[0m [1;30mLevel 5[0m set package 'moveit_ros_perception' build argument 'cmake_target_skip_unavailable' from command line to 'False'
[0.637s] [34mcolcon.colcon_core.verb[0m [1;30mLevel 5[0m set package 'moveit_ros_perception' build argument 'cmake_clean_cache' from command line to 'False'
[0.637s] [34mcolcon.colcon_core.verb[0m [1;30mLevel 5[0m set package 'moveit_ros_perception' build argument 'cmake_clean_first' from command line to 'False'
[0.637s] [34mcolcon.colcon_core.verb[0m [1;30mLevel 5[0m set package 'moveit_ros_perception' build argument 'cmake_force_configure' from command line to 'False'
[0.637s] [34mcolcon.colcon_core.verb[0m [1;30mLevel 5[0m set package 'moveit_ros_perception' build argument 'ament_cmake_args' from command line to 'None'
[0.637s] [34mcolcon.colcon_core.verb[0m [1;30mLevel 5[0m set package 'moveit_ros_perception' build argument 'catkin_cmake_args' from command line to 'None'
[0.637s] [34mcolcon.colcon_core.verb[0m [1;30mLevel 5[0m set package 'moveit_ros_perception' build argument 'catkin_skip_building_tests' from command line to 'False'
[0.637s] [34mcolcon.colcon_core.verb[0m [1;30mDEBUG[0m [32mBuilding package 'moveit_ros_perception' with the following arguments: {'ament_cmake_args': None, 'build_base': '/home/a/ws_nhk/build/moveit_ros_perception', 'catkin_cmake_args': None, 'catkin_skip_building_tests': False, 'cmake_args': None, 'cmake_clean_cache': False, 'cmake_clean_first': False, 'cmake_force_configure': False, 'cmake_target': None, 'cmake_target_skip_unavailable': False, 'install_base': '/home/a/ws_nhk/install/moveit_ros_perception', 'merge_install': False, 'path': '/home/a/ws_nhk/src/moveit2/moveit_ros/perception', 'symlink_install': False, 'test_result_base': None}[0m
[0.638s] [34mcolcon.colcon_core.verb[0m [1;30mLevel 5[0m set package 'moveit_ros_robot_interaction' build argument 'cmake_args' from command line to 'None'
[0.638s] [34mcolcon.colcon_core.verb[0m [1;30mLevel 5[0m set package 'moveit_ros_robot_interaction' build argument 'cmake_target' from command line to 'None'
[0.638s] [34mcolcon.colcon_core.verb[0m [1;30mLevel 5[0m set package 'moveit_ros_robot_interaction' build argument 'cmake_target_skip_unavailable' from command line to 'False'
[0.638s] [34mcolcon.colcon_core.verb[0m [1;30mLevel 5[0m set package 'moveit_ros_robot_interaction' build argument 'cmake_clean_cache' from command line to 'False'
[0.638s] [34mcolcon.colcon_core.verb[0m [1;30mLevel 5[0m set package 'moveit_ros_robot_interaction' build argument 'cmake_clean_first' from command line to 'False'
[0.638s] [34mcolcon.colcon_core.verb[0m [1;30mLevel 5[0m set package 'moveit_ros_robot_interaction' build argument 'cmake_force_configure' from command line to 'False'
[0.638s] [34mcolcon.colcon_core.verb[0m [1;30mLevel 5[0m set package 'moveit_ros_robot_interaction' build argument 'ament_cmake_args' from command line to 'None'
[0.638s] [34mcolcon.colcon_core.verb[0m [1;30mLevel 5[0m set package 'moveit_ros_robot_interaction' build argument 'catkin_cmake_args' from command line to 'None'
[0.638s] [34mcolcon.colcon_core.verb[0m [1;30mLevel 5[0m set package 'moveit_ros_robot_interaction' build argument 'catkin_skip_building_tests' from command line to 'False'
[0.638s] [34mcolcon.colcon_core.verb[0m [1;30mDEBUG[0m [32mBuilding package 'moveit_ros_robot_interaction' with the following arguments: {'ament_cmake_args': None, 'build_base': '/home/a/ws_nhk/build/moveit_ros_robot_interaction', 'catkin_cmake_args': None, 'catkin_skip_building_tests': False, 'cmake_args': None, 'cmake_clean_cache': False, 'cmake_clean_first': False, 'cmake_force_configure': False, 'cmake_target': None, 'cmake_target_skip_unavailable': False, 'install_base': '/home/a/ws_nhk/install/moveit_ros_robot_interaction', 'merge_install': False, 'path': '/home/a/ws_nhk/src/moveit2/moveit_ros/robot_interaction', 'symlink_install': False, 'test_result_base': None}[0m
[0.638s] [34mcolcon.colcon_core.verb[0m [1;30mLevel 5[0m set package 'moveit_ros_warehouse' build argument 'cmake_args' from command line to 'None'
[0.638s] [34mcolcon.colcon_core.verb[0m [1;30mLevel 5[0m set package 'moveit_ros_warehouse' build argument 'cmake_target' from command line to 'None'
[0.638s] [34mcolcon.colcon_core.verb[0m [1;30mLevel 5[0m set package 'moveit_ros_warehouse' build argument 'cmake_target_skip_unavailable' from command line to 'False'
[0.638s] [34mcolcon.colcon_core.verb[0m [1;30mLevel 5[0m set package 'moveit_ros_warehouse' build argument 'cmake_clean_cache' from command line to 'False'
[0.638s] [34mcolcon.colcon_core.verb[0m [1;30mLevel 5[0m set package 'moveit_ros_warehouse' build argument 'cmake_clean_first' from command line to 'False'
[0.638s] [34mcolcon.colcon_core.verb[0m [1;30mLevel 5[0m set package 'moveit_ros_warehouse' build argument 'cmake_force_configure' from command line to 'False'
[0.638s] [34mcolcon.colcon_core.verb[0m [1;30mLevel 5[0m set package 'moveit_ros_warehouse' build argument 'ament_cmake_args' from command line to 'None'
[0.638s] [34mcolcon.colcon_core.verb[0m [1;30mLevel 5[0m set package 'moveit_ros_warehouse' build argument 'catkin_cmake_args' from command line to 'None'
[0.638s] [34mcolcon.colcon_core.verb[0m [1;30mLevel 5[0m set package 'moveit_ros_warehouse' build argument 'catkin_skip_building_tests' from command line to 'False'
[0.638s] [34mcolcon.colcon_core.verb[0m [1;30mDEBUG[0m [32mBuilding package 'moveit_ros_warehouse' with the following arguments: {'ament_cmake_args': None, 'build_base': '/home/a/ws_nhk/build/moveit_ros_warehouse', 'catkin_cmake_args': None, 'catkin_skip_building_tests': False, 'cmake_args': None, 'cmake_clean_cache': False, 'cmake_clean_first': False, 'cmake_force_configure': False, 'cmake_target': None, 'cmake_target_skip_unavailable': False, 'install_base': '/home/a/ws_nhk/install/moveit_ros_warehouse', 'merge_install': False, 'path': '/home/a/ws_nhk/src/moveit2/moveit_ros/warehouse', 'symlink_install': False, 'test_result_base': None}[0m
[0.638s] [34mcolcon.colcon_core.verb[0m [1;30mLevel 5[0m set package 'moveit_visual_tools' build argument 'cmake_args' from command line to 'None'
[0.638s] [34mcolcon.colcon_core.verb[0m [1;30mLevel 5[0m set package 'moveit_visual_tools' build argument 'cmake_target' from command line to 'None'
[0.639s] [34mcolcon.colcon_core.verb[0m [1;30mLevel 5[0m set package 'moveit_visual_tools' build argument 'cmake_target_skip_unavailable' from command line to 'False'
[0.639s] [34mcolcon.colcon_core.verb[0m [1;30mLevel 5[0m set package 'moveit_visual_tools' build argument 'cmake_clean_cache' from command line to 'False'
[0.639s] [34mcolcon.colcon_core.verb[0m [1;30mLevel 5[0m set package 'moveit_visual_tools' build argument 'cmake_clean_first' from command line to 'False'
[0.639s] [34mcolcon.colcon_core.verb[0m [1;30mLevel 5[0m set package 'moveit_visual_tools' build argument 'cmake_force_configure' from command line to 'False'
[0.639s] [34mcolcon.colcon_core.verb[0m [1;30mLevel 5[0m set package 'moveit_visual_tools' build argument 'ament_cmake_args' from command line to 'None'
[0.639s] [34mcolcon.colcon_core.verb[0m [1;30mLevel 5[0m set package 'moveit_visual_tools' build argument 'catkin_cmake_args' from command line to 'None'
[0.639s] [34mcolcon.colcon_core.verb[0m [1;30mLevel 5[0m set package 'moveit_visual_tools' build argument 'catkin_skip_building_tests' from command line to 'False'
[0.639s] [34mcolcon.colcon_core.verb[0m [1;30mDEBUG[0m [32mBuilding package 'moveit_visual_tools' with the following arguments: {'ament_cmake_args': None, 'build_base': '/home/a/ws_nhk/build/moveit_visual_tools', 'catkin_cmake_args': None, 'catkin_skip_building_tests': False, 'cmake_args': None, 'cmake_clean_cache': False, 'cmake_clean_first': False, 'cmake_force_configure': False, 'cmake_target': None, 'cmake_target_skip_unavailable': False, 'install_base': '/home/a/ws_nhk/install/moveit_visual_tools', 'merge_install': False, 'path': '/home/a/ws_nhk/src/moveit_visual_tools', 'symlink_install': False, 'test_result_base': None}[0m
[0.639s] [34mcolcon.colcon_core.verb[0m [1;30mLevel 5[0m set package 'moveit_ros_benchmarks' build argument 'cmake_args' from command line to 'None'
[0.639s] [34mcolcon.colcon_core.verb[0m [1;30mLevel 5[0m set package 'moveit_ros_benchmarks' build argument 'cmake_target' from command line to 'None'
[0.639s] [34mcolcon.colcon_core.verb[0m [1;30mLevel 5[0m set package 'moveit_ros_benchmarks' build argument 'cmake_target_skip_unavailable' from command line to 'False'
[0.639s] [34mcolcon.colcon_core.verb[0m [1;30mLevel 5[0m set package 'moveit_ros_benchmarks' build argument 'cmake_clean_cache' from command line to 'False'
[0.639s] [34mcolcon.colcon_core.verb[0m [1;30mLevel 5[0m set package 'moveit_ros_benchmarks' build argument 'cmake_clean_first' from command line to 'False'
[0.639s] [34mcolcon.colcon_core.verb[0m [1;30mLevel 5[0m set package 'moveit_ros_benchmarks' build argument 'cmake_force_configure' from command line to 'False'
[0.639s] [34mcolcon.colcon_core.verb[0m [1;30mLevel 5[0m set package 'moveit_ros_benchmarks' build argument 'ament_cmake_args' from command line to 'None'
[0.639s] [34mcolcon.colcon_core.verb[0m [1;30mLevel 5[0m set package 'moveit_ros_benchmarks' build argument 'catkin_cmake_args' from command line to 'None'
[0.639s] [34mcolcon.colcon_core.verb[0m [1;30mLevel 5[0m set package 'moveit_ros_benchmarks' build argument 'catkin_skip_building_tests' from command line to 'False'
[0.639s] [34mcolcon.colcon_core.verb[0m [1;30mDEBUG[0m [32mBuilding package 'moveit_ros_benchmarks' with the following arguments: {'ament_cmake_args': None, 'build_base': '/home/a/ws_nhk/build/moveit_ros_benchmarks', 'catkin_cmake_args': None, 'catkin_skip_building_tests': False, 'cmake_args': None, 'cmake_clean_cache': False, 'cmake_clean_first': False, 'cmake_force_configure': False, 'cmake_target': None, 'cmake_target_skip_unavailable': False, 'install_base': '/home/a/ws_nhk/install/moveit_ros_benchmarks', 'merge_install': False, 'path': '/home/a/ws_nhk/src/moveit2/moveit_ros/benchmarks', 'symlink_install': False, 'test_result_base': None}[0m
[0.639s] [34mcolcon.colcon_core.verb[0m [1;30mLevel 5[0m set package 'moveit_ros_move_group' build argument 'cmake_args' from command line to 'None'
[0.639s] [34mcolcon.colcon_core.verb[0m [1;30mLevel 5[0m set package 'moveit_ros_move_group' build argument 'cmake_target' from command line to 'None'
[0.639s] [34mcolcon.colcon_core.verb[0m [1;30mLevel 5[0m set package 'moveit_ros_move_group' build argument 'cmake_target_skip_unavailable' from command line to 'False'
[0.639s] [34mcolcon.colcon_core.verb[0m [1;30mLevel 5[0m set package 'moveit_ros_move_group' build argument 'cmake_clean_cache' from command line to 'False'
[0.639s] [34mcolcon.colcon_core.verb[0m [1;30mLevel 5[0m set package 'moveit_ros_move_group' build argument 'cmake_clean_first' from command line to 'False'
[0.639s] [34mcolcon.colcon_core.verb[0m [1;30mLevel 5[0m set package 'moveit_ros_move_group' build argument 'cmake_force_configure' from command line to 'False'
[0.639s] [34mcolcon.colcon_core.verb[0m [1;30mLevel 5[0m set package 'moveit_ros_move_group' build argument 'ament_cmake_args' from command line to 'None'
[0.640s] [34mcolcon.colcon_core.verb[0m [1;30mLevel 5[0m set package 'moveit_ros_move_group' build argument 'catkin_cmake_args' from command line to 'None'
[0.640s] [34mcolcon.colcon_core.verb[0m [1;30mLevel 5[0m set package 'moveit_ros_move_group' build argument 'catkin_skip_building_tests' from command line to 'False'
[0.640s] [34mcolcon.colcon_core.verb[0m [1;30mDEBUG[0m [32mBuilding package 'moveit_ros_move_group' with the following arguments: {'ament_cmake_args': None, 'build_base': '/home/a/ws_nhk/build/moveit_ros_move_group', 'catkin_cmake_args': None, 'catkin_skip_building_tests': False, 'cmake_args': None, 'cmake_clean_cache': False, 'cmake_clean_first': False, 'cmake_force_configure': False, 'cmake_target': None, 'cmake_target_skip_unavailable': False, 'install_base': '/home/a/ws_nhk/install/moveit_ros_move_group', 'merge_install': False, 'path': '/home/a/ws_nhk/src/moveit2/moveit_ros/move_group', 'symlink_install': False, 'test_result_base': None}[0m
[0.640s] [34mcolcon.colcon_core.verb[0m [1;30mLevel 5[0m set package 'moveit_resources_prbt_moveit_config' build argument 'cmake_args' from command line to 'None'
[0.640s] [34mcolcon.colcon_core.verb[0m [1;30mLevel 5[0m set package 'moveit_resources_prbt_moveit_config' build argument 'cmake_target' from command line to 'None'
[0.640s] [34mcolcon.colcon_core.verb[0m [1;30mLevel 5[0m set package 'moveit_resources_prbt_moveit_config' build argument 'cmake_target_skip_unavailable' from command line to 'False'
[0.640s] [34mcolcon.colcon_core.verb[0m [1;30mLevel 5[0m set package 'moveit_resources_prbt_moveit_config' build argument 'cmake_clean_cache' from command line to 'False'
[0.640s] [34mcolcon.colcon_core.verb[0m [1;30mLevel 5[0m set package 'moveit_resources_prbt_moveit_config' build argument 'cmake_clean_first' from command line to 'False'
[0.640s] [34mcolcon.colcon_core.verb[0m [1;30mLevel 5[0m set package 'moveit_resources_prbt_moveit_config' build argument 'cmake_force_configure' from command line to 'False'
[0.640s] [34mcolcon.colcon_core.verb[0m [1;30mLevel 5[0m set package 'moveit_resources_prbt_moveit_config' build argument 'ament_cmake_args' from command line to 'None'
[0.640s] [34mcolcon.colcon_core.verb[0m [1;30mLevel 5[0m set package 'moveit_resources_prbt_moveit_config' build argument 'catkin_cmake_args' from command line to 'None'
[0.640s] [34mcolcon.colcon_core.verb[0m [1;30mLevel 5[0m set package 'moveit_resources_prbt_moveit_config' build argument 'catkin_skip_building_tests' from command line to 'False'
[0.640s] [34mcolcon.colcon_core.verb[0m [1;30mDEBUG[0m [32mBuilding package 'moveit_resources_prbt_moveit_config' with the following arguments: {'ament_cmake_args': None, 'build_base': '/home/a/ws_nhk/build/moveit_resources_prbt_moveit_config', 'catkin_cmake_args': None, 'catkin_skip_building_tests': False, 'cmake_args': None, 'cmake_clean_cache': False, 'cmake_clean_first': False, 'cmake_force_configure': False, 'cmake_target': None, 'cmake_target_skip_unavailable': False, 'install_base': '/home/a/ws_nhk/install/moveit_resources_prbt_moveit_config', 'merge_install': False, 'path': '/home/a/ws_nhk/src/moveit2/moveit_planners/test_configs/prbt_moveit_config', 'symlink_install': False, 'test_result_base': None}[0m
[0.640s] [34mcolcon.colcon_core.verb[0m [1;30mLevel 5[0m set package 'moveit_ros_planning_interface' build argument 'cmake_args' from command line to 'None'
[0.640s] [34mcolcon.colcon_core.verb[0m [1;30mLevel 5[0m set package 'moveit_ros_planning_interface' build argument 'cmake_target' from command line to 'None'
[0.640s] [34mcolcon.colcon_core.verb[0m [1;30mLevel 5[0m set package 'moveit_ros_planning_interface' build argument 'cmake_target_skip_unavailable' from command line to 'False'
[0.640s] [34mcolcon.colcon_core.verb[0m [1;30mLevel 5[0m set package 'moveit_ros_planning_interface' build argument 'cmake_clean_cache' from command line to 'False'
[0.640s] [34mcolcon.colcon_core.verb[0m [1;30mLevel 5[0m set package 'moveit_ros_planning_interface' build argument 'cmake_clean_first' from command line to 'False'
[0.640s] [34mcolcon.colcon_core.verb[0m [1;30mLevel 5[0m set package 'moveit_ros_planning_interface' build argument 'cmake_force_configure' from command line to 'False'
[0.640s] [34mcolcon.colcon_core.verb[0m [1;30mLevel 5[0m set package 'moveit_ros_planning_interface' build argument 'ament_cmake_args' from command line to 'None'
[0.640s] [34mcolcon.colcon_core.verb[0m [1;30mLevel 5[0m set package 'moveit_ros_planning_interface' build argument 'catkin_cmake_args' from command line to 'None'
[0.640s] [34mcolcon.colcon_core.verb[0m [1;30mLevel 5[0m set package 'moveit_ros_planning_interface' build argument 'catkin_skip_building_tests' from command line to 'False'
[0.641s] [34mcolcon.colcon_core.verb[0m [1;30mDEBUG[0m [32mBuilding package 'moveit_ros_planning_interface' with the following arguments: {'ament_cmake_args': None, 'build_base': '/home/a/ws_nhk/build/moveit_ros_planning_interface', 'catkin_cmake_args': None, 'catkin_skip_building_tests': False, 'cmake_args': None, 'cmake_clean_cache': False, 'cmake_clean_first': False, 'cmake_force_configure': False, 'cmake_target': None, 'cmake_target_skip_unavailable': False, 'install_base': '/home/a/ws_nhk/install/moveit_ros_planning_interface', 'merge_install': False, 'path': '/home/a/ws_nhk/src/moveit2/moveit_ros/planning_interface', 'symlink_install': False, 'test_result_base': None}[0m
[0.641s] [34mcolcon.colcon_core.verb[0m [1;30mLevel 5[0m set package 'moveit_hybrid_planning' build argument 'cmake_args' from command line to 'None'
[0.641s] [34mcolcon.colcon_core.verb[0m [1;30mLevel 5[0m set package 'moveit_hybrid_planning' build argument 'cmake_target' from command line to 'None'
[0.641s] [34mcolcon.colcon_core.verb[0m [1;30mLevel 5[0m set package 'moveit_hybrid_planning' build argument 'cmake_target_skip_unavailable' from command line to 'False'
[0.641s] [34mcolcon.colcon_core.verb[0m [1;30mLevel 5[0m set package 'moveit_hybrid_planning' build argument 'cmake_clean_cache' from command line to 'False'
[0.641s] [34mcolcon.colcon_core.verb[0m [1;30mLevel 5[0m set package 'moveit_hybrid_planning' build argument 'cmake_clean_first' from command line to 'False'
[0.641s] [34mcolcon.colcon_core.verb[0m [1;30mLevel 5[0m set package 'moveit_hybrid_planning' build argument 'cmake_force_configure' from command line to 'False'
[0.641s] [34mcolcon.colcon_core.verb[0m [1;30mLevel 5[0m set package 'moveit_hybrid_planning' build argument 'ament_cmake_args' from command line to 'None'
[0.641s] [34mcolcon.colcon_core.verb[0m [1;30mLevel 5[0m set package 'moveit_hybrid_planning' build argument 'catkin_cmake_args' from command line to 'None'
[0.641s] [34mcolcon.colcon_core.verb[0m [1;30mLevel 5[0m set package 'moveit_hybrid_planning' build argument 'catkin_skip_building_tests' from command line to 'False'
[0.641s] [34mcolcon.colcon_core.verb[0m [1;30mDEBUG[0m [32mBuilding package 'moveit_hybrid_planning' with the following arguments: {'ament_cmake_args': None, 'build_base': '/home/a/ws_nhk/build/moveit_hybrid_planning', 'catkin_cmake_args': None, 'catkin_skip_building_tests': False, 'cmake_args': None, 'cmake_clean_cache': False, 'cmake_clean_first': False, 'cmake_force_configure': False, 'cmake_target': None, 'cmake_target_skip_unavailable': False, 'install_base': '/home/a/ws_nhk/install/moveit_hybrid_planning', 'merge_install': False, 'path': '/home/a/ws_nhk/src/moveit2/moveit_ros/hybrid_planning', 'symlink_install': False, 'test_result_base': None}[0m
[0.641s] [34mcolcon.colcon_core.verb[0m [1;30mLevel 5[0m set package 'moveit_resources_prbt_pg70_support' build argument 'cmake_args' from command line to 'None'
[0.641s] [34mcolcon.colcon_core.verb[0m [1;30mLevel 5[0m set package 'moveit_resources_prbt_pg70_support' build argument 'cmake_target' from command line to 'None'
[0.641s] [34mcolcon.colcon_core.verb[0m [1;30mLevel 5[0m set package 'moveit_resources_prbt_pg70_support' build argument 'cmake_target_skip_unavailable' from command line to 'False'
[0.641s] [34mcolcon.colcon_core.verb[0m [1;30mLevel 5[0m set package 'moveit_resources_prbt_pg70_support' build argument 'cmake_clean_cache' from command line to 'False'
[0.641s] [34mcolcon.colcon_core.verb[0m [1;30mLevel 5[0m set package 'moveit_resources_prbt_pg70_support' build argument 'cmake_clean_first' from command line to 'False'
[0.641s] [34mcolcon.colcon_core.verb[0m [1;30mLevel 5[0m set package 'moveit_resources_prbt_pg70_support' build argument 'cmake_force_configure' from command line to 'False'
[0.641s] [34mcolcon.colcon_core.verb[0m [1;30mLevel 5[0m set package 'moveit_resources_prbt_pg70_support' build argument 'ament_cmake_args' from command line to 'None'
[0.641s] [34mcolcon.colcon_core.verb[0m [1;30mLevel 5[0m set package 'moveit_resources_prbt_pg70_support' build argument 'catkin_cmake_args' from command line to 'None'
[0.641s] [34mcolcon.colcon_core.verb[0m [1;30mLevel 5[0m set package 'moveit_resources_prbt_pg70_support' build argument 'catkin_skip_building_tests' from command line to 'False'
[0.641s] [34mcolcon.colcon_core.verb[0m [1;30mDEBUG[0m [32mBuilding package 'moveit_resources_prbt_pg70_support' with the following arguments: {'ament_cmake_args': None, 'build_base': '/home/a/ws_nhk/build/moveit_resources_prbt_pg70_support', 'catkin_cmake_args': None, 'catkin_skip_building_tests': False, 'cmake_args': None, 'cmake_clean_cache': False, 'cmake_clean_first': False, 'cmake_force_configure': False, 'cmake_target': None, 'cmake_target_skip_unavailable': False, 'install_base': '/home/a/ws_nhk/install/moveit_resources_prbt_pg70_support', 'merge_install': False, 'path': '/home/a/ws_nhk/src/moveit2/moveit_planners/test_configs/prbt_pg70_support', 'symlink_install': False, 'test_result_base': None}[0m
[0.642s] [34mcolcon.colcon_core.verb[0m [1;30mLevel 5[0m set package 'moveit_ros_visualization' build argument 'cmake_args' from command line to 'None'
[0.642s] [34mcolcon.colcon_core.verb[0m [1;30mLevel 5[0m set package 'moveit_ros_visualization' build argument 'cmake_target' from command line to 'None'
[0.642s] [34mcolcon.colcon_core.verb[0m [1;30mLevel 5[0m set package 'moveit_ros_visualization' build argument 'cmake_target_skip_unavailable' from command line to 'False'
[0.642s] [34mcolcon.colcon_core.verb[0m [1;30mLevel 5[0m set package 'moveit_ros_visualization' build argument 'cmake_clean_cache' from command line to 'False'
[0.642s] [34mcolcon.colcon_core.verb[0m [1;30mLevel 5[0m set package 'moveit_ros_visualization' build argument 'cmake_clean_first' from command line to 'False'
[0.642s] [34mcolcon.colcon_core.verb[0m [1;30mLevel 5[0m set package 'moveit_ros_visualization' build argument 'cmake_force_configure' from command line to 'False'
[0.642s] [34mcolcon.colcon_core.verb[0m [1;30mLevel 5[0m set package 'moveit_ros_visualization' build argument 'ament_cmake_args' from command line to 'None'
[0.642s] [34mcolcon.colcon_core.verb[0m [1;30mLevel 5[0m set package 'moveit_ros_visualization' build argument 'catkin_cmake_args' from command line to 'None'
[0.642s] [34mcolcon.colcon_core.verb[0m [1;30mLevel 5[0m set package 'moveit_ros_visualization' build argument 'catkin_skip_building_tests' from command line to 'False'
[0.642s] [34mcolcon.colcon_core.verb[0m [1;30mDEBUG[0m [32mBuilding package 'moveit_ros_visualization' with the following arguments: {'ament_cmake_args': None, 'build_base': '/home/a/ws_nhk/build/moveit_ros_visualization', 'catkin_cmake_args': None, 'catkin_skip_building_tests': False, 'cmake_args': None, 'cmake_clean_cache': False, 'cmake_clean_first': False, 'cmake_force_configure': False, 'cmake_target': None, 'cmake_target_skip_unavailable': False, 'install_base': '/home/a/ws_nhk/install/moveit_ros_visualization', 'merge_install': False, 'path': '/home/a/ws_nhk/src/moveit2/moveit_ros/visualization', 'symlink_install': False, 'test_result_base': None}[0m
[0.642s] [34mcolcon.colcon_core.verb[0m [1;30mLevel 5[0m set package 'moveit_servo' build argument 'cmake_args' from command line to 'None'
[0.642s] [34mcolcon.colcon_core.verb[0m [1;30mLevel 5[0m set package 'moveit_servo' build argument 'cmake_target' from command line to 'None'
[0.642s] [34mcolcon.colcon_core.verb[0m [1;30mLevel 5[0m set package 'moveit_servo' build argument 'cmake_target_skip_unavailable' from command line to 'False'
[0.642s] [34mcolcon.colcon_core.verb[0m [1;30mLevel 5[0m set package 'moveit_servo' build argument 'cmake_clean_cache' from command line to 'False'
[0.642s] [34mcolcon.colcon_core.verb[0m [1;30mLevel 5[0m set package 'moveit_servo' build argument 'cmake_clean_first' from command line to 'False'
[0.642s] [34mcolcon.colcon_core.verb[0m [1;30mLevel 5[0m set package 'moveit_servo' build argument 'cmake_force_configure' from command line to 'False'
[0.642s] [34mcolcon.colcon_core.verb[0m [1;30mLevel 5[0m set package 'moveit_servo' build argument 'ament_cmake_args' from command line to 'None'
[0.642s] [34mcolcon.colcon_core.verb[0m [1;30mLevel 5[0m set package 'moveit_servo' build argument 'catkin_cmake_args' from command line to 'None'
[0.642s] [34mcolcon.colcon_core.verb[0m [1;30mLevel 5[0m set package 'moveit_servo' build argument 'catkin_skip_building_tests' from command line to 'False'
[0.642s] [34mcolcon.colcon_core.verb[0m [1;30mDEBUG[0m [32mBuilding package 'moveit_servo' with the following arguments: {'ament_cmake_args': None, 'build_base': '/home/a/ws_nhk/build/moveit_servo', 'catkin_cmake_args': None, 'catkin_skip_building_tests': False, 'cmake_args': None, 'cmake_clean_cache': False, 'cmake_clean_first': False, 'cmake_force_configure': False, 'cmake_target': None, 'cmake_target_skip_unavailable': False, 'install_base': '/home/a/ws_nhk/install/moveit_servo', 'merge_install': False, 'path': '/home/a/ws_nhk/src/moveit2/moveit_ros/moveit_servo', 'symlink_install': False, 'test_result_base': None}[0m
[0.643s] [34mcolcon.colcon_core.verb[0m [1;30mLevel 5[0m set package 'moveit_ros' build argument 'cmake_args' from command line to 'None'
[0.643s] [34mcolcon.colcon_core.verb[0m [1;30mLevel 5[0m set package 'moveit_ros' build argument 'cmake_target' from command line to 'None'
[0.643s] [34mcolcon.colcon_core.verb[0m [1;30mLevel 5[0m set package 'moveit_ros' build argument 'cmake_target_skip_unavailable' from command line to 'False'
[0.643s] [34mcolcon.colcon_core.verb[0m [1;30mLevel 5[0m set package 'moveit_ros' build argument 'cmake_clean_cache' from command line to 'False'
[0.643s] [34mcolcon.colcon_core.verb[0m [1;30mLevel 5[0m set package 'moveit_ros' build argument 'cmake_clean_first' from command line to 'False'
[0.643s] [34mcolcon.colcon_core.verb[0m [1;30mLevel 5[0m set package 'moveit_ros' build argument 'cmake_force_configure' from command line to 'False'
[0.643s] [34mcolcon.colcon_core.verb[0m [1;30mLevel 5[0m set package 'moveit_ros' build argument 'ament_cmake_args' from command line to 'None'
[0.643s] [34mcolcon.colcon_core.verb[0m [1;30mLevel 5[0m set package 'moveit_ros' build argument 'catkin_cmake_args' from command line to 'None'
[0.643s] [34mcolcon.colcon_core.verb[0m [1;30mLevel 5[0m set package 'moveit_ros' build argument 'catkin_skip_building_tests' from command line to 'False'
[0.643s] [34mcolcon.colcon_core.verb[0m [1;30mDEBUG[0m [32mBuilding package 'moveit_ros' with the following arguments: {'ament_cmake_args': None, 'build_base': '/home/a/ws_nhk/build/moveit_ros', 'catkin_cmake_args': None, 'catkin_skip_building_tests': False, 'cmake_args': None, 'cmake_clean_cache': False, 'cmake_clean_first': False, 'cmake_force_configure': False, 'cmake_target': None, 'cmake_target_skip_unavailable': False, 'install_base': '/home/a/ws_nhk/install/moveit_ros', 'merge_install': False, 'path': '/home/a/ws_nhk/src/moveit2/moveit_ros/moveit_ros', 'symlink_install': False, 'test_result_base': None}[0m
[0.643s] [34mcolcon.colcon_core.verb[0m [1;30mLevel 5[0m set package 'moveit_setup_framework' build argument 'cmake_args' from command line to 'None'
[0.643s] [34mcolcon.colcon_core.verb[0m [1;30mLevel 5[0m set package 'moveit_setup_framework' build argument 'cmake_target' from command line to 'None'
[0.643s] [34mcolcon.colcon_core.verb[0m [1;30mLevel 5[0m set package 'moveit_setup_framework' build argument 'cmake_target_skip_unavailable' from command line to 'False'
[0.643s] [34mcolcon.colcon_core.verb[0m [1;30mLevel 5[0m set package 'moveit_setup_framework' build argument 'cmake_clean_cache' from command line to 'False'
[0.643s] [34mcolcon.colcon_core.verb[0m [1;30mLevel 5[0m set package 'moveit_setup_framework' build argument 'cmake_clean_first' from command line to 'False'
[0.643s] [34mcolcon.colcon_core.verb[0m [1;30mLevel 5[0m set package 'moveit_setup_framework' build argument 'cmake_force_configure' from command line to 'False'
[0.643s] [34mcolcon.colcon_core.verb[0m [1;30mLevel 5[0m set package 'moveit_setup_framework' build argument 'ament_cmake_args' from command line to 'None'
[0.643s] [34mcolcon.colcon_core.verb[0m [1;30mLevel 5[0m set package 'moveit_setup_framework' build argument 'catkin_cmake_args' from command line to 'None'
[0.643s] [34mcolcon.colcon_core.verb[0m [1;30mLevel 5[0m set package 'moveit_setup_framework' build argument 'catkin_skip_building_tests' from command line to 'False'
[0.643s] [34mcolcon.colcon_core.verb[0m [1;30mDEBUG[0m [32mBuilding package 'moveit_setup_framework' with the following arguments: {'ament_cmake_args': None, 'build_base': '/home/a/ws_nhk/build/moveit_setup_framework', 'catkin_cmake_args': None, 'catkin_skip_building_tests': False, 'cmake_args': None, 'cmake_clean_cache': False, 'cmake_clean_first': False, 'cmake_force_configure': False, 'cmake_target': None, 'cmake_target_skip_unavailable': False, 'install_base': '/home/a/ws_nhk/install/moveit_setup_framework', 'merge_install': False, 'path': '/home/a/ws_nhk/src/moveit2/moveit_setup_assistant/moveit_setup_framework', 'symlink_install': False, 'test_result_base': None}[0m
[0.644s] [34mcolcon.colcon_core.verb[0m [1;30mLevel 5[0m set package 'pilz_industrial_motion_planner' build argument 'cmake_args' from command line to 'None'
[0.644s] [34mcolcon.colcon_core.verb[0m [1;30mLevel 5[0m set package 'pilz_industrial_motion_planner' build argument 'cmake_target' from command line to 'None'
[0.644s] [34mcolcon.colcon_core.verb[0m [1;30mLevel 5[0m set package 'pilz_industrial_motion_planner' build argument 'cmake_target_skip_unavailable' from command line to 'False'
[0.644s] [34mcolcon.colcon_core.verb[0m [1;30mLevel 5[0m set package 'pilz_industrial_motion_planner' build argument 'cmake_clean_cache' from command line to 'False'
[0.644s] [34mcolcon.colcon_core.verb[0m [1;30mLevel 5[0m set package 'pilz_industrial_motion_planner' build argument 'cmake_clean_first' from command line to 'False'
[0.644s] [34mcolcon.colcon_core.verb[0m [1;30mLevel 5[0m set package 'pilz_industrial_motion_planner' build argument 'cmake_force_configure' from command line to 'False'
[0.644s] [34mcolcon.colcon_core.verb[0m [1;30mLevel 5[0m set package 'pilz_industrial_motion_planner' build argument 'ament_cmake_args' from command line to 'None'
[0.644s] [34mcolcon.colcon_core.verb[0m [1;30mLevel 5[0m set package 'pilz_industrial_motion_planner' build argument 'catkin_cmake_args' from command line to 'None'
[0.644s] [34mcolcon.colcon_core.verb[0m [1;30mLevel 5[0m set package 'pilz_industrial_motion_planner' build argument 'catkin_skip_building_tests' from command line to 'False'
[0.644s] [34mcolcon.colcon_core.verb[0m [1;30mDEBUG[0m [32mBuilding package 'pilz_industrial_motion_planner' with the following arguments: {'ament_cmake_args': None, 'build_base': '/home/a/ws_nhk/build/pilz_industrial_motion_planner', 'catkin_cmake_args': None, 'catkin_skip_building_tests': False, 'cmake_args': None, 'cmake_clean_cache': False, 'cmake_clean_first': False, 'cmake_force_configure': False, 'cmake_target': None, 'cmake_target_skip_unavailable': False, 'install_base': '/home/a/ws_nhk/install/pilz_industrial_motion_planner', 'merge_install': False, 'path': '/home/a/ws_nhk/src/moveit2/moveit_planners/pilz_industrial_motion_planner', 'symlink_install': False, 'test_result_base': None}[0m
[0.644s] [34mcolcon.colcon_core.verb[0m [1;30mLevel 5[0m set package 'moveit_planners' build argument 'cmake_args' from command line to 'None'
[0.644s] [34mcolcon.colcon_core.verb[0m [1;30mLevel 5[0m set package 'moveit_planners' build argument 'cmake_target' from command line to 'None'
[0.644s] [34mcolcon.colcon_core.verb[0m [1;30mLevel 5[0m set package 'moveit_planners' build argument 'cmake_target_skip_unavailable' from command line to 'False'
[0.644s] [34mcolcon.colcon_core.verb[0m [1;30mLevel 5[0m set package 'moveit_planners' build argument 'cmake_clean_cache' from command line to 'False'
[0.644s] [34mcolcon.colcon_core.verb[0m [1;30mLevel 5[0m set package 'moveit_planners' build argument 'cmake_clean_first' from command line to 'False'
[0.644s] [34mcolcon.colcon_core.verb[0m [1;30mLevel 5[0m set package 'moveit_planners' build argument 'cmake_force_configure' from command line to 'False'
[0.644s] [34mcolcon.colcon_core.verb[0m [1;30mLevel 5[0m set package 'moveit_planners' build argument 'ament_cmake_args' from command line to 'None'
[0.644s] [34mcolcon.colcon_core.verb[0m [1;30mLevel 5[0m set package 'moveit_planners' build argument 'catkin_cmake_args' from command line to 'None'
[0.644s] [34mcolcon.colcon_core.verb[0m [1;30mLevel 5[0m set package 'moveit_planners' build argument 'catkin_skip_building_tests' from command line to 'False'
[0.644s] [34mcolcon.colcon_core.verb[0m [1;30mDEBUG[0m [32mBuilding package 'moveit_planners' with the following arguments: {'ament_cmake_args': None, 'build_base': '/home/a/ws_nhk/build/moveit_planners', 'catkin_cmake_args': None, 'catkin_skip_building_tests': False, 'cmake_args': None, 'cmake_clean_cache': False, 'cmake_clean_first': False, 'cmake_force_configure': False, 'cmake_target': None, 'cmake_target_skip_unavailable': False, 'install_base': '/home/a/ws_nhk/install/moveit_planners', 'merge_install': False, 'path': '/home/a/ws_nhk/src/moveit2/moveit_planners/moveit_planners', 'symlink_install': False, 'test_result_base': None}[0m
[0.645s] [34mcolcon.colcon_core.verb[0m [1;30mLevel 5[0m set package 'moveit_setup_app_plugins' build argument 'cmake_args' from command line to 'None'
[0.645s] [34mcolcon.colcon_core.verb[0m [1;30mLevel 5[0m set package 'moveit_setup_app_plugins' build argument 'cmake_target' from command line to 'None'
[0.645s] [34mcolcon.colcon_core.verb[0m [1;30mLevel 5[0m set package 'moveit_setup_app_plugins' build argument 'cmake_target_skip_unavailable' from command line to 'False'
[0.645s] [34mcolcon.colcon_core.verb[0m [1;30mLevel 5[0m set package 'moveit_setup_app_plugins' build argument 'cmake_clean_cache' from command line to 'False'
[0.645s] [34mcolcon.colcon_core.verb[0m [1;30mLevel 5[0m set package 'moveit_setup_app_plugins' build argument 'cmake_clean_first' from command line to 'False'
[0.645s] [34mcolcon.colcon_core.verb[0m [1;30mLevel 5[0m set package 'moveit_setup_app_plugins' build argument 'cmake_force_configure' from command line to 'False'
[0.645s] [34mcolcon.colcon_core.verb[0m [1;30mLevel 5[0m set package 'moveit_setup_app_plugins' build argument 'ament_cmake_args' from command line to 'None'
[0.645s] [34mcolcon.colcon_core.verb[0m [1;30mLevel 5[0m set package 'moveit_setup_app_plugins' build argument 'catkin_cmake_args' from command line to 'None'
[0.645s] [34mcolcon.colcon_core.verb[0m [1;30mLevel 5[0m set package 'moveit_setup_app_plugins' build argument 'catkin_skip_building_tests' from command line to 'False'
[0.645s] [34mcolcon.colcon_core.verb[0m [1;30mDEBUG[0m [32mBuilding package 'moveit_setup_app_plugins' with the following arguments: {'ament_cmake_args': None, 'build_base': '/home/a/ws_nhk/build/moveit_setup_app_plugins', 'catkin_cmake_args': None, 'catkin_skip_building_tests': False, 'cmake_args': None, 'cmake_clean_cache': False, 'cmake_clean_first': False, 'cmake_force_configure': False, 'cmake_target': None, 'cmake_target_skip_unavailable': False, 'install_base': '/home/a/ws_nhk/install/moveit_setup_app_plugins', 'merge_install': False, 'path': '/home/a/ws_nhk/src/moveit2/moveit_setup_assistant/moveit_setup_app_plugins', 'symlink_install': False, 'test_result_base': None}[0m
[0.645s] [34mcolcon.colcon_core.verb[0m [1;30mLevel 5[0m set package 'moveit_setup_controllers' build argument 'cmake_args' from command line to 'None'
[0.645s] [34mcolcon.colcon_core.verb[0m [1;30mLevel 5[0m set package 'moveit_setup_controllers' build argument 'cmake_target' from command line to 'None'
[0.645s] [34mcolcon.colcon_core.verb[0m [1;30mLevel 5[0m set package 'moveit_setup_controllers' build argument 'cmake_target_skip_unavailable' from command line to 'False'
[0.645s] [34mcolcon.colcon_core.verb[0m [1;30mLevel 5[0m set package 'moveit_setup_controllers' build argument 'cmake_clean_cache' from command line to 'False'
[0.645s] [34mcolcon.colcon_core.verb[0m [1;30mLevel 5[0m set package 'moveit_setup_controllers' build argument 'cmake_clean_first' from command line to 'False'
[0.645s] [34mcolcon.colcon_core.verb[0m [1;30mLevel 5[0m set package 'moveit_setup_controllers' build argument 'cmake_force_configure' from command line to 'False'
[0.645s] [34mcolcon.colcon_core.verb[0m [1;30mLevel 5[0m set package 'moveit_setup_controllers' build argument 'ament_cmake_args' from command line to 'None'
[0.645s] [34mcolcon.colcon_core.verb[0m [1;30mLevel 5[0m set package 'moveit_setup_controllers' build argument 'catkin_cmake_args' from command line to 'None'
[0.645s] [34mcolcon.colcon_core.verb[0m [1;30mLevel 5[0m set package 'moveit_setup_controllers' build argument 'catkin_skip_building_tests' from command line to 'False'
[0.645s] [34mcolcon.colcon_core.verb[0m [1;30mDEBUG[0m [32mBuilding package 'moveit_setup_controllers' with the following arguments: {'ament_cmake_args': None, 'build_base': '/home/a/ws_nhk/build/moveit_setup_controllers', 'catkin_cmake_args': None, 'catkin_skip_building_tests': False, 'cmake_args': None, 'cmake_clean_cache': False, 'cmake_clean_first': False, 'cmake_force_configure': False, 'cmake_target': None, 'cmake_target_skip_unavailable': False, 'install_base': '/home/a/ws_nhk/install/moveit_setup_controllers', 'merge_install': False, 'path': '/home/a/ws_nhk/src/moveit2/moveit_setup_assistant/moveit_setup_controllers', 'symlink_install': False, 'test_result_base': None}[0m
[0.645s] [34mcolcon.colcon_core.verb[0m [1;30mLevel 5[0m set package 'moveit_setup_core_plugins' build argument 'cmake_args' from command line to 'None'
[0.646s] [34mcolcon.colcon_core.verb[0m [1;30mLevel 5[0m set package 'moveit_setup_core_plugins' build argument 'cmake_target' from command line to 'None'
[0.646s] [34mcolcon.colcon_core.verb[0m [1;30mLevel 5[0m set package 'moveit_setup_core_plugins' build argument 'cmake_target_skip_unavailable' from command line to 'False'
[0.646s] [34mcolcon.colcon_core.verb[0m [1;30mLevel 5[0m set package 'moveit_setup_core_plugins' build argument 'cmake_clean_cache' from command line to 'False'
[0.646s] [34mcolcon.colcon_core.verb[0m [1;30mLevel 5[0m set package 'moveit_setup_core_plugins' build argument 'cmake_clean_first' from command line to 'False'
[0.646s] [34mcolcon.colcon_core.verb[0m [1;30mLevel 5[0m set package 'moveit_setup_core_plugins' build argument 'cmake_force_configure' from command line to 'False'
[0.646s] [34mcolcon.colcon_core.verb[0m [1;30mLevel 5[0m set package 'moveit_setup_core_plugins' build argument 'ament_cmake_args' from command line to 'None'
[0.646s] [34mcolcon.colcon_core.verb[0m [1;30mLevel 5[0m set package 'moveit_setup_core_plugins' build argument 'catkin_cmake_args' from command line to 'None'
[0.646s] [34mcolcon.colcon_core.verb[0m [1;30mLevel 5[0m set package 'moveit_setup_core_plugins' build argument 'catkin_skip_building_tests' from command line to 'False'
[0.646s] [34mcolcon.colcon_core.verb[0m [1;30mDEBUG[0m [32mBuilding package 'moveit_setup_core_plugins' with the following arguments: {'ament_cmake_args': None, 'build_base': '/home/a/ws_nhk/build/moveit_setup_core_plugins', 'catkin_cmake_args': None, 'catkin_skip_building_tests': False, 'cmake_args': None, 'cmake_clean_cache': False, 'cmake_clean_first': False, 'cmake_force_configure': False, 'cmake_target': None, 'cmake_target_skip_unavailable': False, 'install_base': '/home/a/ws_nhk/install/moveit_setup_core_plugins', 'merge_install': False, 'path': '/home/a/ws_nhk/src/moveit2/moveit_setup_assistant/moveit_setup_core_plugins', 'symlink_install': False, 'test_result_base': None}[0m
[0.646s] [34mcolcon.colcon_core.verb[0m [1;30mLevel 5[0m set package 'moveit_setup_srdf_plugins' build argument 'cmake_args' from command line to 'None'
[0.646s] [34mcolcon.colcon_core.verb[0m [1;30mLevel 5[0m set package 'moveit_setup_srdf_plugins' build argument 'cmake_target' from command line to 'None'
[0.646s] [34mcolcon.colcon_core.verb[0m [1;30mLevel 5[0m set package 'moveit_setup_srdf_plugins' build argument 'cmake_target_skip_unavailable' from command line to 'False'
[0.646s] [34mcolcon.colcon_core.verb[0m [1;30mLevel 5[0m set package 'moveit_setup_srdf_plugins' build argument 'cmake_clean_cache' from command line to 'False'
[0.646s] [34mcolcon.colcon_core.verb[0m [1;30mLevel 5[0m set package 'moveit_setup_srdf_plugins' build argument 'cmake_clean_first' from command line to 'False'
[0.646s] [34mcolcon.colcon_core.verb[0m [1;30mLevel 5[0m set package 'moveit_setup_srdf_plugins' build argument 'cmake_force_configure' from command line to 'False'
[0.646s] [34mcolcon.colcon_core.verb[0m [1;30mLevel 5[0m set package 'moveit_setup_srdf_plugins' build argument 'ament_cmake_args' from command line to 'None'
[0.646s] [34mcolcon.colcon_core.verb[0m [1;30mLevel 5[0m set package 'moveit_setup_srdf_plugins' build argument 'catkin_cmake_args' from command line to 'None'
[0.646s] [34mcolcon.colcon_core.verb[0m [1;30mLevel 5[0m set package 'moveit_setup_srdf_plugins' build argument 'catkin_skip_building_tests' from command line to 'False'
[0.646s] [34mcolcon.colcon_core.verb[0m [1;30mDEBUG[0m [32mBuilding package 'moveit_setup_srdf_plugins' with the following arguments: {'ament_cmake_args': None, 'build_base': '/home/a/ws_nhk/build/moveit_setup_srdf_plugins', 'catkin_cmake_args': None, 'catkin_skip_building_tests': False, 'cmake_args': None, 'cmake_clean_cache': False, 'cmake_clean_first': False, 'cmake_force_configure': False, 'cmake_target': None, 'cmake_target_skip_unavailable': False, 'install_base': '/home/a/ws_nhk/install/moveit_setup_srdf_plugins', 'merge_install': False, 'path': '/home/a/ws_nhk/src/moveit2/moveit_setup_assistant/moveit_setup_srdf_plugins', 'symlink_install': False, 'test_result_base': None}[0m
[0.646s] [34mcolcon.colcon_core.verb[0m [1;30mLevel 5[0m set package 'moveit_runtime' build argument 'cmake_args' from command line to 'None'
[0.646s] [34mcolcon.colcon_core.verb[0m [1;30mLevel 5[0m set package 'moveit_runtime' build argument 'cmake_target' from command line to 'None'
[0.646s] [34mcolcon.colcon_core.verb[0m [1;30mLevel 5[0m set package 'moveit_runtime' build argument 'cmake_target_skip_unavailable' from command line to 'False'
[0.646s] [34mcolcon.colcon_core.verb[0m [1;30mLevel 5[0m set package 'moveit_runtime' build argument 'cmake_clean_cache' from command line to 'False'
[0.646s] [34mcolcon.colcon_core.verb[0m [1;30mLevel 5[0m set package 'moveit_runtime' build argument 'cmake_clean_first' from command line to 'False'
[0.647s] [34mcolcon.colcon_core.verb[0m [1;30mLevel 5[0m set package 'moveit_runtime' build argument 'cmake_force_configure' from command line to 'False'
[0.647s] [34mcolcon.colcon_core.verb[0m [1;30mLevel 5[0m set package 'moveit_runtime' build argument 'ament_cmake_args' from command line to 'None'
[0.647s] [34mcolcon.colcon_core.verb[0m [1;30mLevel 5[0m set package 'moveit_runtime' build argument 'catkin_cmake_args' from command line to 'None'
[0.647s] [34mcolcon.colcon_core.verb[0m [1;30mLevel 5[0m set package 'moveit_runtime' build argument 'catkin_skip_building_tests' from command line to 'False'
[0.647s] [34mcolcon.colcon_core.verb[0m [1;30mDEBUG[0m [32mBuilding package 'moveit_runtime' with the following arguments: {'ament_cmake_args': None, 'build_base': '/home/a/ws_nhk/build/moveit_runtime', 'catkin_cmake_args': None, 'catkin_skip_building_tests': False, 'cmake_args': None, 'cmake_clean_cache': False, 'cmake_clean_first': False, 'cmake_force_configure': False, 'cmake_target': None, 'cmake_target_skip_unavailable': False, 'install_base': '/home/a/ws_nhk/install/moveit_runtime', 'merge_install': False, 'path': '/home/a/ws_nhk/src/moveit2/moveit_runtime', 'symlink_install': False, 'test_result_base': None}[0m
[0.647s] [34mcolcon.colcon_core.verb[0m [1;30mLevel 5[0m set package 'moveit_setup_assistant' build argument 'cmake_args' from command line to 'None'
[0.647s] [34mcolcon.colcon_core.verb[0m [1;30mLevel 5[0m set package 'moveit_setup_assistant' build argument 'cmake_target' from command line to 'None'
[0.647s] [34mcolcon.colcon_core.verb[0m [1;30mLevel 5[0m set package 'moveit_setup_assistant' build argument 'cmake_target_skip_unavailable' from command line to 'False'
[0.647s] [34mcolcon.colcon_core.verb[0m [1;30mLevel 5[0m set package 'moveit_setup_assistant' build argument 'cmake_clean_cache' from command line to 'False'
[0.647s] [34mcolcon.colcon_core.verb[0m [1;30mLevel 5[0m set package 'moveit_setup_assistant' build argument 'cmake_clean_first' from command line to 'False'
[0.647s] [34mcolcon.colcon_core.verb[0m [1;30mLevel 5[0m set package 'moveit_setup_assistant' build argument 'cmake_force_configure' from command line to 'False'
[0.647s] [34mcolcon.colcon_core.verb[0m [1;30mLevel 5[0m set package 'moveit_setup_assistant' build argument 'ament_cmake_args' from command line to 'None'
[0.647s] [34mcolcon.colcon_core.verb[0m [1;30mLevel 5[0m set package 'moveit_setup_assistant' build argument 'catkin_cmake_args' from command line to 'None'
[0.647s] [34mcolcon.colcon_core.verb[0m [1;30mLevel 5[0m set package 'moveit_setup_assistant' build argument 'catkin_skip_building_tests' from command line to 'False'
[0.647s] [34mcolcon.colcon_core.verb[0m [1;30mDEBUG[0m [32mBuilding package 'moveit_setup_assistant' with the following arguments: {'ament_cmake_args': None, 'build_base': '/home/a/ws_nhk/build/moveit_setup_assistant', 'catkin_cmake_args': None, 'catkin_skip_building_tests': False, 'cmake_args': None, 'cmake_clean_cache': False, 'cmake_clean_first': False, 'cmake_force_configure': False, 'cmake_target': None, 'cmake_target_skip_unavailable': False, 'install_base': '/home/a/ws_nhk/install/moveit_setup_assistant', 'merge_install': False, 'path': '/home/a/ws_nhk/src/moveit2/moveit_setup_assistant/moveit_setup_assistant', 'symlink_install': False, 'test_result_base': None}[0m
[0.647s] [34mcolcon.colcon_core.verb[0m [1;30mLevel 5[0m set package 'moveit_task_constructor_core' build argument 'cmake_args' from command line to 'None'
[0.647s] [34mcolcon.colcon_core.verb[0m [1;30mLevel 5[0m set package 'moveit_task_constructor_core' build argument 'cmake_target' from command line to 'None'
[0.647s] [34mcolcon.colcon_core.verb[0m [1;30mLevel 5[0m set package 'moveit_task_constructor_core' build argument 'cmake_target_skip_unavailable' from command line to 'False'
[0.647s] [34mcolcon.colcon_core.verb[0m [1;30mLevel 5[0m set package 'moveit_task_constructor_core' build argument 'cmake_clean_cache' from command line to 'False'
[0.647s] [34mcolcon.colcon_core.verb[0m [1;30mLevel 5[0m set package 'moveit_task_constructor_core' build argument 'cmake_clean_first' from command line to 'False'
[0.647s] [34mcolcon.colcon_core.verb[0m [1;30mLevel 5[0m set package 'moveit_task_constructor_core' build argument 'cmake_force_configure' from command line to 'False'
[0.647s] [34mcolcon.colcon_core.verb[0m [1;30mLevel 5[0m set package 'moveit_task_constructor_core' build argument 'ament_cmake_args' from command line to 'None'
[0.647s] [34mcolcon.colcon_core.verb[0m [1;30mLevel 5[0m set package 'moveit_task_constructor_core' build argument 'catkin_cmake_args' from command line to 'None'
[0.647s] [34mcolcon.colcon_core.verb[0m [1;30mLevel 5[0m set package 'moveit_task_constructor_core' build argument 'catkin_skip_building_tests' from command line to 'False'
[0.648s] [34mcolcon.colcon_core.verb[0m [1;30mDEBUG[0m [32mBuilding package 'moveit_task_constructor_core' with the following arguments: {'ament_cmake_args': None, 'build_base': '/home/a/ws_nhk/build/moveit_task_constructor_core', 'catkin_cmake_args': None, 'catkin_skip_building_tests': False, 'cmake_args': None, 'cmake_clean_cache': False, 'cmake_clean_first': False, 'cmake_force_configure': False, 'cmake_target': None, 'cmake_target_skip_unavailable': False, 'install_base': '/home/a/ws_nhk/install/moveit_task_constructor_core', 'merge_install': False, 'path': '/home/a/ws_nhk/src/moveit_task_constructor/core', 'symlink_install': False, 'test_result_base': None}[0m
[0.648s] [34mcolcon.colcon_core.verb[0m [1;30mLevel 5[0m set package 'moveit' build argument 'cmake_args' from command line to 'None'
[0.648s] [34mcolcon.colcon_core.verb[0m [1;30mLevel 5[0m set package 'moveit' build argument 'cmake_target' from command line to 'None'
[0.648s] [34mcolcon.colcon_core.verb[0m [1;30mLevel 5[0m set package 'moveit' build argument 'cmake_target_skip_unavailable' from command line to 'False'
[0.648s] [34mcolcon.colcon_core.verb[0m [1;30mLevel 5[0m set package 'moveit' build argument 'cmake_clean_cache' from command line to 'False'
[0.648s] [34mcolcon.colcon_core.verb[0m [1;30mLevel 5[0m set package 'moveit' build argument 'cmake_clean_first' from command line to 'False'
[0.648s] [34mcolcon.colcon_core.verb[0m [1;30mLevel 5[0m set package 'moveit' build argument 'cmake_force_configure' from command line to 'False'
[0.648s] [34mcolcon.colcon_core.verb[0m [1;30mLevel 5[0m set package 'moveit' build argument 'ament_cmake_args' from command line to 'None'
[0.648s] [34mcolcon.colcon_core.verb[0m [1;30mLevel 5[0m set package 'moveit' build argument 'catkin_cmake_args' from command line to 'None'
[0.648s] [34mcolcon.colcon_core.verb[0m [1;30mLevel 5[0m set package 'moveit' build argument 'catkin_skip_building_tests' from command line to 'False'
[0.648s] [34mcolcon.colcon_core.verb[0m [1;30mDEBUG[0m [32mBuilding package 'moveit' with the following arguments: {'ament_cmake_args': None, 'build_base': '/home/a/ws_nhk/build/moveit', 'catkin_cmake_args': None, 'catkin_skip_building_tests': False, 'cmake_args': None, 'cmake_clean_cache': False, 'cmake_clean_first': False, 'cmake_force_configure': False, 'cmake_target': None, 'cmake_target_skip_unavailable': False, 'install_base': '/home/a/ws_nhk/install/moveit', 'merge_install': False, 'path': '/home/a/ws_nhk/src/moveit2/moveit', 'symlink_install': False, 'test_result_base': None}[0m
[0.648s] [34mcolcon.colcon_core.verb[0m [1;30mLevel 5[0m set package 'moveit_config' build argument 'cmake_args' from command line to 'None'
[0.648s] [34mcolcon.colcon_core.verb[0m [1;30mLevel 5[0m set package 'moveit_config' build argument 'cmake_target' from command line to 'None'
[0.648s] [34mcolcon.colcon_core.verb[0m [1;30mLevel 5[0m set package 'moveit_config' build argument 'cmake_target_skip_unavailable' from command line to 'False'
[0.648s] [34mcolcon.colcon_core.verb[0m [1;30mLevel 5[0m set package 'moveit_config' build argument 'cmake_clean_cache' from command line to 'False'
[0.648s] [34mcolcon.colcon_core.verb[0m [1;30mLevel 5[0m set package 'moveit_config' build argument 'cmake_clean_first' from command line to 'False'
[0.648s] [34mcolcon.colcon_core.verb[0m [1;30mLevel 5[0m set package 'moveit_config' build argument 'cmake_force_configure' from command line to 'False'
[0.648s] [34mcolcon.colcon_core.verb[0m [1;30mLevel 5[0m set package 'moveit_config' build argument 'ament_cmake_args' from command line to 'None'
[0.648s] [34mcolcon.colcon_core.verb[0m [1;30mLevel 5[0m set package 'moveit_config' build argument 'catkin_cmake_args' from command line to 'None'
[0.648s] [34mcolcon.colcon_core.verb[0m [1;30mLevel 5[0m set package 'moveit_config' build argument 'catkin_skip_building_tests' from command line to 'False'
[0.648s] [34mcolcon.colcon_core.verb[0m [1;30mDEBUG[0m [32mBuilding package 'moveit_config' with the following arguments: {'ament_cmake_args': None, 'build_base': '/home/a/ws_nhk/build/moveit_config', 'catkin_cmake_args': None, 'catkin_skip_building_tests': False, 'cmake_args': None, 'cmake_clean_cache': False, 'cmake_clean_first': False, 'cmake_force_configure': False, 'cmake_target': None, 'cmake_target_skip_unavailable': False, 'install_base': '/home/a/ws_nhk/install/moveit_config', 'merge_install': False, 'path': '/home/a/ws_nhk/src/moveit_config', 'symlink_install': False, 'test_result_base': None}[0m
[0.649s] [34mcolcon.colcon_core.verb[0m [1;30mLevel 5[0m set package 'moveit_r2_config' build argument 'cmake_args' from command line to 'None'
[0.649s] [34mcolcon.colcon_core.verb[0m [1;30mLevel 5[0m set package 'moveit_r2_config' build argument 'cmake_target' from command line to 'None'
[0.649s] [34mcolcon.colcon_core.verb[0m [1;30mLevel 5[0m set package 'moveit_r2_config' build argument 'cmake_target_skip_unavailable' from command line to 'False'
[0.649s] [34mcolcon.colcon_core.verb[0m [1;30mLevel 5[0m set package 'moveit_r2_config' build argument 'cmake_clean_cache' from command line to 'False'
[0.649s] [34mcolcon.colcon_core.verb[0m [1;30mLevel 5[0m set package 'moveit_r2_config' build argument 'cmake_clean_first' from command line to 'False'
[0.649s] [34mcolcon.colcon_core.verb[0m [1;30mLevel 5[0m set package 'moveit_r2_config' build argument 'cmake_force_configure' from command line to 'False'
[0.649s] [34mcolcon.colcon_core.verb[0m [1;30mLevel 5[0m set package 'moveit_r2_config' build argument 'ament_cmake_args' from command line to 'None'
[0.649s] [34mcolcon.colcon_core.verb[0m [1;30mLevel 5[0m set package 'moveit_r2_config' build argument 'catkin_cmake_args' from command line to 'None'
[0.649s] [34mcolcon.colcon_core.verb[0m [1;30mLevel 5[0m set package 'moveit_r2_config' build argument 'catkin_skip_building_tests' from command line to 'False'
[0.649s] [34mcolcon.colcon_core.verb[0m [1;30mDEBUG[0m [32mBuilding package 'moveit_r2_config' with the following arguments: {'ament_cmake_args': None, 'build_base': '/home/a/ws_nhk/build/moveit_r2_config', 'catkin_cmake_args': None, 'catkin_skip_building_tests': False, 'cmake_args': None, 'cmake_clean_cache': False, 'cmake_clean_first': False, 'cmake_force_configure': False, 'cmake_target': None, 'cmake_target_skip_unavailable': False, 'install_base': '/home/a/ws_nhk/install/moveit_r2_config', 'merge_install': False, 'path': '/home/a/ws_nhk/src/moveit_r2_config', 'symlink_install': False, 'test_result_base': None}[0m
[0.649s] [34mcolcon.colcon_core.verb[0m [1;30mLevel 5[0m set package 'moveit_task_constructor_capabilities' build argument 'cmake_args' from command line to 'None'
[0.649s] [34mcolcon.colcon_core.verb[0m [1;30mLevel 5[0m set package 'moveit_task_constructor_capabilities' build argument 'cmake_target' from command line to 'None'
[0.649s] [34mcolcon.colcon_core.verb[0m [1;30mLevel 5[0m set package 'moveit_task_constructor_capabilities' build argument 'cmake_target_skip_unavailable' from command line to 'False'
[0.649s] [34mcolcon.colcon_core.verb[0m [1;30mLevel 5[0m set package 'moveit_task_constructor_capabilities' build argument 'cmake_clean_cache' from command line to 'False'
[0.649s] [34mcolcon.colcon_core.verb[0m [1;30mLevel 5[0m set package 'moveit_task_constructor_capabilities' build argument 'cmake_clean_first' from command line to 'False'
[0.649s] [34mcolcon.colcon_core.verb[0m [1;30mLevel 5[0m set package 'moveit_task_constructor_capabilities' build argument 'cmake_force_configure' from command line to 'False'
[0.649s] [34mcolcon.colcon_core.verb[0m [1;30mLevel 5[0m set package 'moveit_task_constructor_capabilities' build argument 'ament_cmake_args' from command line to 'None'
[0.649s] [34mcolcon.colcon_core.verb[0m [1;30mLevel 5[0m set package 'moveit_task_constructor_capabilities' build argument 'catkin_cmake_args' from command line to 'None'
[0.649s] [34mcolcon.colcon_core.verb[0m [1;30mLevel 5[0m set package 'moveit_task_constructor_capabilities' build argument 'catkin_skip_building_tests' from command line to 'False'
[0.649s] [34mcolcon.colcon_core.verb[0m [1;30mDEBUG[0m [32mBuilding package 'moveit_task_constructor_capabilities' with the following arguments: {'ament_cmake_args': None, 'build_base': '/home/a/ws_nhk/build/moveit_task_constructor_capabilities', 'catkin_cmake_args': None, 'catkin_skip_building_tests': False, 'cmake_args': None, 'cmake_clean_cache': False, 'cmake_clean_first': False, 'cmake_force_configure': False, 'cmake_target': None, 'cmake_target_skip_unavailable': False, 'install_base': '/home/a/ws_nhk/install/moveit_task_constructor_capabilities', 'merge_install': False, 'path': '/home/a/ws_nhk/src/moveit_task_constructor/capabilities', 'symlink_install': False, 'test_result_base': None}[0m
[0.650s] [34mcolcon.colcon_core.verb[0m [1;30mLevel 5[0m set package 'moveit_task_constructor_visualization' build argument 'cmake_args' from command line to 'None'
[0.650s] [34mcolcon.colcon_core.verb[0m [1;30mLevel 5[0m set package 'moveit_task_constructor_visualization' build argument 'cmake_target' from command line to 'None'
[0.650s] [34mcolcon.colcon_core.verb[0m [1;30mLevel 5[0m set package 'moveit_task_constructor_visualization' build argument 'cmake_target_skip_unavailable' from command line to 'False'
[0.650s] [34mcolcon.colcon_core.verb[0m [1;30mLevel 5[0m set package 'moveit_task_constructor_visualization' build argument 'cmake_clean_cache' from command line to 'False'
[0.650s] [34mcolcon.colcon_core.verb[0m [1;30mLevel 5[0m set package 'moveit_task_constructor_visualization' build argument 'cmake_clean_first' from command line to 'False'
[0.650s] [34mcolcon.colcon_core.verb[0m [1;30mLevel 5[0m set package 'moveit_task_constructor_visualization' build argument 'cmake_force_configure' from command line to 'False'
[0.650s] [34mcolcon.colcon_core.verb[0m [1;30mLevel 5[0m set package 'moveit_task_constructor_visualization' build argument 'ament_cmake_args' from command line to 'None'
[0.650s] [34mcolcon.colcon_core.verb[0m [1;30mLevel 5[0m set package 'moveit_task_constructor_visualization' build argument 'catkin_cmake_args' from command line to 'None'
[0.650s] [34mcolcon.colcon_core.verb[0m [1;30mLevel 5[0m set package 'moveit_task_constructor_visualization' build argument 'catkin_skip_building_tests' from command line to 'False'
[0.650s] [34mcolcon.colcon_core.verb[0m [1;30mDEBUG[0m [32mBuilding package 'moveit_task_constructor_visualization' with the following arguments: {'ament_cmake_args': None, 'build_base': '/home/a/ws_nhk/build/moveit_task_constructor_visualization', 'catkin_cmake_args': None, 'catkin_skip_building_tests': False, 'cmake_args': None, 'cmake_clean_cache': False, 'cmake_clean_first': False, 'cmake_force_configure': False, 'cmake_target': None, 'cmake_target_skip_unavailable': False, 'install_base': '/home/a/ws_nhk/install/moveit_task_constructor_visualization', 'merge_install': False, 'path': '/home/a/ws_nhk/src/moveit_task_constructor/visualization', 'symlink_install': False, 'test_result_base': None}[0m
[0.650s] [34mcolcon.colcon_core.verb[0m [1;30mLevel 5[0m set package 'sakai_r2_config' build argument 'cmake_args' from command line to 'None'
[0.650s] [34mcolcon.colcon_core.verb[0m [1;30mLevel 5[0m set package 'sakai_r2_config' build argument 'cmake_target' from command line to 'None'
[0.650s] [34mcolcon.colcon_core.verb[0m [1;30mLevel 5[0m set package 'sakai_r2_config' build argument 'cmake_target_skip_unavailable' from command line to 'False'
[0.650s] [34mcolcon.colcon_core.verb[0m [1;30mLevel 5[0m set package 'sakai_r2_config' build argument 'cmake_clean_cache' from command line to 'False'
[0.650s] [34mcolcon.colcon_core.verb[0m [1;30mLevel 5[0m set package 'sakai_r2_config' build argument 'cmake_clean_first' from command line to 'False'
[0.650s] [34mcolcon.colcon_core.verb[0m [1;30mLevel 5[0m set package 'sakai_r2_config' build argument 'cmake_force_configure' from command line to 'False'
[0.650s] [34mcolcon.colcon_core.verb[0m [1;30mLevel 5[0m set package 'sakai_r2_config' build argument 'ament_cmake_args' from command line to 'None'
[0.650s] [34mcolcon.colcon_core.verb[0m [1;30mLevel 5[0m set package 'sakai_r2_config' build argument 'catkin_cmake_args' from command line to 'None'
[0.650s] [34mcolcon.colcon_core.verb[0m [1;30mLevel 5[0m set package 'sakai_r2_config' build argument 'catkin_skip_building_tests' from command line to 'False'
[0.650s] [34mcolcon.colcon_core.verb[0m [1;30mDEBUG[0m [32mBuilding package 'sakai_r2_config' with the following arguments: {'ament_cmake_args': None, 'build_base': '/home/a/ws_nhk/build/sakai_r2_config', 'catkin_cmake_args': None, 'catkin_skip_building_tests': False, 'cmake_args': None, 'cmake_clean_cache': False, 'cmake_clean_first': False, 'cmake_force_configure': False, 'cmake_target': None, 'cmake_target_skip_unavailable': False, 'install_base': '/home/a/ws_nhk/install/sakai_r2_config', 'merge_install': False, 'path': '/home/a/ws_nhk/src/sakai_r2_config', 'symlink_install': False, 'test_result_base': None}[0m
[0.651s] [34mcolcon.colcon_core.verb[0m [1;30mLevel 5[0m set package 'moveit2_tutorials' build argument 'cmake_args' from command line to 'None'
[0.651s] [34mcolcon.colcon_core.verb[0m [1;30mLevel 5[0m set package 'moveit2_tutorials' build argument 'cmake_target' from command line to 'None'
[0.651s] [34mcolcon.colcon_core.verb[0m [1;30mLevel 5[0m set package 'moveit2_tutorials' build argument 'cmake_target_skip_unavailable' from command line to 'False'
[0.651s] [34mcolcon.colcon_core.verb[0m [1;30mLevel 5[0m set package 'moveit2_tutorials' build argument 'cmake_clean_cache' from command line to 'False'
[0.651s] [34mcolcon.colcon_core.verb[0m [1;30mLevel 5[0m set package 'moveit2_tutorials' build argument 'cmake_clean_first' from command line to 'False'
[0.651s] [34mcolcon.colcon_core.verb[0m [1;30mLevel 5[0m set package 'moveit2_tutorials' build argument 'cmake_force_configure' from command line to 'False'
[0.651s] [34mcolcon.colcon_core.verb[0m [1;30mLevel 5[0m set package 'moveit2_tutorials' build argument 'ament_cmake_args' from command line to 'None'
[0.651s] [34mcolcon.colcon_core.verb[0m [1;30mLevel 5[0m set package 'moveit2_tutorials' build argument 'catkin_cmake_args' from command line to 'None'
[0.651s] [34mcolcon.colcon_core.verb[0m [1;30mLevel 5[0m set package 'moveit2_tutorials' build argument 'catkin_skip_building_tests' from command line to 'False'
[0.651s] [34mcolcon.colcon_core.verb[0m [1;30mDEBUG[0m [32mBuilding package 'moveit2_tutorials' with the following arguments: {'ament_cmake_args': None, 'build_base': '/home/a/ws_nhk/build/moveit2_tutorials', 'catkin_cmake_args': None, 'catkin_skip_building_tests': False, 'cmake_args': None, 'cmake_clean_cache': False, 'cmake_clean_first': False, 'cmake_force_configure': False, 'cmake_target': None, 'cmake_target_skip_unavailable': False, 'install_base': '/home/a/ws_nhk/install/moveit2_tutorials', 'merge_install': False, 'path': '/home/a/ws_nhk/src/moveit2_tutorials', 'symlink_install': False, 'test_result_base': None}[0m
[0.651s] [34mcolcon.colcon_core.verb[0m [1;30mLevel 5[0m set package 'moveit_task_constructor_demo' build argument 'cmake_args' from command line to 'None'
[0.651s] [34mcolcon.colcon_core.verb[0m [1;30mLevel 5[0m set package 'moveit_task_constructor_demo' build argument 'cmake_target' from command line to 'None'
[0.651s] [34mcolcon.colcon_core.verb[0m [1;30mLevel 5[0m set package 'moveit_task_constructor_demo' build argument 'cmake_target_skip_unavailable' from command line to 'False'
[0.651s] [34mcolcon.colcon_core.verb[0m [1;30mLevel 5[0m set package 'moveit_task_constructor_demo' build argument 'cmake_clean_cache' from command line to 'False'
[0.651s] [34mcolcon.colcon_core.verb[0m [1;30mLevel 5[0m set package 'moveit_task_constructor_demo' build argument 'cmake_clean_first' from command line to 'False'
[0.651s] [34mcolcon.colcon_core.verb[0m [1;30mLevel 5[0m set package 'moveit_task_constructor_demo' build argument 'cmake_force_configure' from command line to 'False'
[0.651s] [34mcolcon.colcon_core.verb[0m [1;30mLevel 5[0m set package 'moveit_task_constructor_demo' build argument 'ament_cmake_args' from command line to 'None'
[0.651s] [34mcolcon.colcon_core.verb[0m [1;30mLevel 5[0m set package 'moveit_task_constructor_demo' build argument 'catkin_cmake_args' from command line to 'None'
[0.651s] [34mcolcon.colcon_core.verb[0m [1;30mLevel 5[0m set package 'moveit_task_constructor_demo' build argument 'catkin_skip_building_tests' from command line to 'False'
[0.651s] [34mcolcon.colcon_core.verb[0m [1;30mDEBUG[0m [32mBuilding package 'moveit_task_constructor_demo' with the following arguments: {'ament_cmake_args': None, 'build_base': '/home/a/ws_nhk/build/moveit_task_constructor_demo', 'catkin_cmake_args': None, 'catkin_skip_building_tests': False, 'cmake_args': None, 'cmake_clean_cache': False, 'cmake_clean_first': False, 'cmake_force_configure': False, 'cmake_target': None, 'cmake_target_skip_unavailable': False, 'install_base': '/home/a/ws_nhk/install/moveit_task_constructor_demo', 'merge_install': False, 'path': '/home/a/ws_nhk/src/moveit_task_constructor/demo', 'symlink_install': False, 'test_result_base': None}[0m
[0.651s] [34mcolcon.colcon_core.executor[0m [1;30mINFO[0m Executing jobs using 'parallel' executor
[0.653s] [34mcolcon.colcon_parallel_executor.executor.parallel[0m [1;30mDEBUG[0m [32mrun_until_complete[0m
[0.655s] [34mcolcon.colcon_ros.task.ament_cmake.build[0m [1;30mINFO[0m Building ROS package in '/home/a/ws_nhk/src/moveit_resources/panda_description' with build type 'ament_cmake'
[0.655s] [34mcolcon.colcon_cmake.task.cmake.build[0m [1;30mINFO[0m Building CMake package in '/home/a/ws_nhk/src/moveit_resources/panda_description'
[0.658s] [34mcolcon.colcon_core.plugin_system[0m [1;30mINFO[0m Skipping extension 'colcon_core.shell.bat': Not used on non-Windows systems
[0.658s] [34mcolcon.colcon_core.shell[0m [1;30mINFO[0m Skip shell extension 'powershell' for command environment: Not usable outside of PowerShell
[0.658s] [34mcolcon.colcon_core.shell[0m [1;30mDEBUG[0m [32mSkip shell extension 'dsv' for command environment[0m
[0.667s] [34mcolcon.colcon_ros.task.ament_cmake.build[0m [1;30mINFO[0m Building ROS package in '/home/a/ws_nhk/src/moveit2/moveit_common' with build type 'ament_cmake'
[0.667s] [34mcolcon.colcon_cmake.task.cmake.build[0m [1;30mINFO[0m Building CMake package in '/home/a/ws_nhk/src/moveit2/moveit_common'
[0.667s] [34mcolcon.colcon_core.shell[0m [1;30mINFO[0m Skip shell extension 'powershell' for command environment: Not usable outside of PowerShell
[0.667s] [34mcolcon.colcon_core.shell[0m [1;30mDEBUG[0m [32mSkip shell extension 'dsv' for command environment[0m
[0.673s] [34mcolcon.colcon_ros.task.ament_cmake.build[0m [1;30mINFO[0m Building ROS package in '/home/a/ws_nhk/src/moveit_resources/pr2_description' with build type 'ament_cmake'
[0.673s] [34mcolcon.colcon_cmake.task.cmake.build[0m [1;30mINFO[0m Building CMake package in '/home/a/ws_nhk/src/moveit_resources/pr2_description'
[0.674s] [34mcolcon.colcon_core.shell[0m [1;30mINFO[0m Skip shell extension 'powershell' for command environment: Not usable outside of PowerShell
[0.674s] [34mcolcon.colcon_core.shell[0m [1;30mDEBUG[0m [32mSkip shell extension 'dsv' for command environment[0m
[0.679s] [34mcolcon.colcon_ros.task.ament_cmake.build[0m [1;30mINFO[0m Building ROS package in '/home/a/ws_nhk/src/srdfdom' with build type 'ament_cmake'
[0.680s] [34mcolcon.colcon_cmake.task.cmake.build[0m [1;30mINFO[0m Building CMake package in '/home/a/ws_nhk/src/srdfdom'
[0.680s] [34mcolcon.colcon_core.shell[0m [1;30mINFO[0m Skip shell extension 'powershell' for command environment: Not usable outside of PowerShell
[0.680s] [34mcolcon.colcon_core.shell[0m [1;30mDEBUG[0m [32mSkip shell extension 'dsv' for command environment[0m
[0.686s] [34mcolcon.colcon_ros.task.ament_python.build[0m [1;30mINFO[0m Building ROS package in '/home/a/ws_nhk/src/launch_param_builder' with build type 'ament_python'
[0.686s] [34mcolcon.colcon_core.shell[0m [1;30mLevel 1[0m create_environment_hook('launch_param_builder', 'ament_prefix_path')
[0.686s] [34mcolcon.colcon_core.shell[0m [1;30mINFO[0m Creating environment hook '/home/a/ws_nhk/install/launch_param_builder/share/launch_param_builder/hook/ament_prefix_path.ps1'
[0.687s] [34mcolcon.colcon_core.shell[0m [1;30mINFO[0m Creating environment descriptor '/home/a/ws_nhk/install/launch_param_builder/share/launch_param_builder/hook/ament_prefix_path.dsv'
[0.687s] [34mcolcon.colcon_core.shell[0m [1;30mINFO[0m Creating environment hook '/home/a/ws_nhk/install/launch_param_builder/share/launch_param_builder/hook/ament_prefix_path.sh'
[0.688s] [34mcolcon.colcon_core.shell[0m [1;30mINFO[0m Skip shell extension 'powershell' for command environment: Not usable outside of PowerShell
[0.688s] [34mcolcon.colcon_core.shell[0m [1;30mDEBUG[0m [32mSkip shell extension 'dsv' for command environment[0m
[0.694s] [34mcolcon.colcon_ros.task.ament_cmake.build[0m [1;30mINFO[0m Building ROS package in '/home/a/ws_nhk/src/moveit_resources/fanuc_description' with build type 'ament_cmake'
[0.694s] [34mcolcon.colcon_cmake.task.cmake.build[0m [1;30mINFO[0m Building CMake package in '/home/a/ws_nhk/src/moveit_resources/fanuc_description'
[0.694s] [34mcolcon.colcon_core.shell[0m [1;30mINFO[0m Skip shell extension 'powershell' for command environment: Not usable outside of PowerShell
[0.694s] [34mcolcon.colcon_core.shell[0m [1;30mDEBUG[0m [32mSkip shell extension 'dsv' for command environment[0m
[0.700s] [34mcolcon.colcon_ros.task.ament_cmake.build[0m [1;30mINFO[0m Building ROS package in '/home/a/ws_nhk/src/trac_ik/trac_ik_lib' with build type 'ament_cmake'
[0.700s] [34mcolcon.colcon_cmake.task.cmake.build[0m [1;30mINFO[0m Building CMake package in '/home/a/ws_nhk/src/trac_ik/trac_ik_lib'
[0.700s] [34mcolcon.colcon_core.shell[0m [1;30mINFO[0m Skip shell extension 'powershell' for command environment: Not usable outside of PowerShell
[0.700s] [34mcolcon.colcon_core.shell[0m [1;30mDEBUG[0m [32mSkip shell extension 'dsv' for command environment[0m
[0.706s] [34mcolcon.colcon_ros.task.ament_cmake.build[0m [1;30mINFO[0m Building ROS package in '/home/a/ws_nhk/src/moveit2/moveit_planners/test_configs/prbt_support' with build type 'ament_cmake'
[0.706s] [34mcolcon.colcon_cmake.task.cmake.build[0m [1;30mINFO[0m Building CMake package in '/home/a/ws_nhk/src/moveit2/moveit_planners/test_configs/prbt_support'
[0.706s] [34mcolcon.colcon_core.shell[0m [1;30mINFO[0m Skip shell extension 'powershell' for command environment: Not usable outside of PowerShell
[0.706s] [34mcolcon.colcon_core.shell[0m [1;30mDEBUG[0m [32mSkip shell extension 'dsv' for command environment[0m
[0.712s] [34mcolcon.colcon_ros.task.ament_cmake.build[0m [1;30mINFO[0m Building ROS package in '/home/a/ws_nhk/src/MAVLink_ros2/stm32_mavlink_msgs' with build type 'ament_cmake'
[0.712s] [34mcolcon.colcon_cmake.task.cmake.build[0m [1;30mINFO[0m Building CMake package in '/home/a/ws_nhk/src/MAVLink_ros2/stm32_mavlink_msgs'
[0.712s] [34mcolcon.colcon_core.shell[0m [1;30mINFO[0m Skip shell extension 'powershell' for command environment: Not usable outside of PowerShell
[0.712s] [34mcolcon.colcon_core.shell[0m [1;30mDEBUG[0m [32mSkip shell extension 'dsv' for command environment[0m
[0.718s] [34mcolcon.colcon_ros.task.ament_cmake.build[0m [1;30mINFO[0m Building ROS package in '/home/a/ws_nhk/src/moveit_task_constructor/msgs' with build type 'ament_cmake'
[0.719s] [34mcolcon.colcon_cmake.task.cmake.build[0m [1;30mINFO[0m Building CMake package in '/home/a/ws_nhk/src/moveit_task_constructor/msgs'
[0.719s] [34mcolcon.colcon_core.shell[0m [1;30mINFO[0m Skip shell extension 'powershell' for command environment: Not usable outside of PowerShell
[0.719s] [34mcolcon.colcon_core.shell[0m [1;30mDEBUG[0m [32mSkip shell extension 'dsv' for command environment[0m
[0.725s] [34mcolcon.colcon_ros.task.ament_cmake.build[0m [1;30mINFO[0m Building ROS package in '/home/a/ws_nhk/src/dynamixel_ros2/DynamixelSDK/dynamixel_sdk' with build type 'ament_cmake'
[0.725s] [34mcolcon.colcon_cmake.task.cmake.build[0m [1;30mINFO[0m Building CMake package in '/home/a/ws_nhk/src/dynamixel_ros2/DynamixelSDK/dynamixel_sdk'
[0.725s] [34mcolcon.colcon_core.shell[0m [1;30mINFO[0m Skip shell extension 'powershell' for command environment: Not usable outside of PowerShell
[0.725s] [34mcolcon.colcon_core.shell[0m [1;30mDEBUG[0m [32mSkip shell extension 'dsv' for command environment[0m
[0.731s] [34mcolcon.colcon_ros.task.ament_cmake.build[0m [1;30mINFO[0m Building ROS package in '/home/a/ws_nhk/src/rogidrive/rogidrive_msg' with build type 'ament_cmake'
[0.731s] [34mcolcon.colcon_cmake.task.cmake.build[0m [1;30mINFO[0m Building CMake package in '/home/a/ws_nhk/src/rogidrive/rogidrive_msg'
[0.731s] [34mcolcon.colcon_core.shell[0m [1;30mINFO[0m Skip shell extension 'powershell' for command environment: Not usable outside of PowerShell
[0.731s] [34mcolcon.colcon_core.shell[0m [1;30mDEBUG[0m [32mSkip shell extension 'dsv' for command environment[0m
[0.737s] [34mcolcon.colcon_ros.task.ament_cmake.build[0m [1;30mINFO[0m Building ROS package in '/home/a/ws_nhk/src/a_r2_description-20251207T063721Z-3-001/a_r2_description' with build type 'ament_cmake'
[0.737s] [34mcolcon.colcon_cmake.task.cmake.build[0m [1;30mINFO[0m Building CMake package in '/home/a/ws_nhk/src/a_r2_description-20251207T063721Z-3-001/a_r2_description'
[0.737s] [34mcolcon.colcon_core.shell[0m [1;30mINFO[0m Skip shell extension 'powershell' for command environment: Not usable outside of PowerShell
[0.737s] [34mcolcon.colcon_core.shell[0m [1;30mDEBUG[0m [32mSkip shell extension 'dsv' for command environment[0m
[0.743s] [34mcolcon.colcon_ros.task.ament_cmake.build[0m [1;30mINFO[0m Building ROS package in '/home/a/ws_nhk/src/arm_module_description-20251221T061328Z-3-001/arm_module_description' with build type 'ament_cmake'
[0.743s] [34mcolcon.colcon_cmake.task.cmake.build[0m [1;30mINFO[0m Building CMake package in '/home/a/ws_nhk/src/arm_module_description-20251221T061328Z-3-001/arm_module_description'
[0.743s] [34mcolcon.colcon_core.shell[0m [1;30mINFO[0m Skip shell extension 'powershell' for command environment: Not usable outside of PowerShell
[0.743s] [34mcolcon.colcon_core.shell[0m [1;30mDEBUG[0m [32mSkip shell extension 'dsv' for command environment[0m
[0.749s] [34mcolcon.colcon_ros.task.ament_cmake.build[0m [1;30mINFO[0m Building ROS package in '/home/a/ws_nhk/src/arm_v20_description-20251026T114629Z-1-001/arm_v20_description' with build type 'ament_cmake'
[0.749s] [34mcolcon.colcon_cmake.task.cmake.build[0m [1;30mINFO[0m Building CMake package in '/home/a/ws_nhk/src/arm_v20_description-20251026T114629Z-1-001/arm_v20_description'
[0.749s] [34mcolcon.colcon_core.shell[0m [1;30mINFO[0m Skip shell extension 'powershell' for command environment: Not usable outside of PowerShell
[0.750s] [34mcolcon.colcon_core.shell[0m [1;30mDEBUG[0m [32mSkip shell extension 'dsv' for command environment[0m
[0.756s] [34mcolcon.colcon_ros.task.ament_cmake.build[0m [1;30mINFO[0m Building ROS package in '/home/a/ws_nhk/src/dynamixel_ros2/DynamixelSDK/dynamixel_sdk_custom_interfaces' with build type 'ament_cmake'
[0.756s] [34mcolcon.colcon_cmake.task.cmake.build[0m [1;30mINFO[0m Building CMake package in '/home/a/ws_nhk/src/dynamixel_ros2/DynamixelSDK/dynamixel_sdk_custom_interfaces'
[0.756s] [34mcolcon.colcon_core.shell[0m [1;30mINFO[0m Skip shell extension 'powershell' for command environment: Not usable outside of PowerShell
[0.756s] [34mcolcon.colcon_core.shell[0m [1;30mDEBUG[0m [32mSkip shell extension 'dsv' for command environment[0m
[0.762s] [34mcolcon.colcon_ros.task.ament_python.build[0m [1;30mINFO[0m Building ROS package in '/home/a/ws_nhk/src/dynamixel_ros2/dynamixel_controller_client' with build type 'ament_python'
[0.762s] [34mcolcon.colcon_core.shell[0m [1;30mLevel 1[0m create_environment_hook('dynamixel_controller_client', 'ament_prefix_path')
[0.762s] [34mcolcon.colcon_core.shell[0m [1;30mINFO[0m Creating environment hook '/home/a/ws_nhk/install/dynamixel_controller_client/share/dynamixel_controller_client/hook/ament_prefix_path.ps1'
[0.762s] [34mcolcon.colcon_core.shell[0m [1;30mINFO[0m Creating environment descriptor '/home/a/ws_nhk/install/dynamixel_controller_client/share/dynamixel_controller_client/hook/ament_prefix_path.dsv'
[0.763s] [34mcolcon.colcon_core.shell[0m [1;30mINFO[0m Creating environment hook '/home/a/ws_nhk/install/dynamixel_controller_client/share/dynamixel_controller_client/hook/ament_prefix_path.sh'
[0.763s] [34mcolcon.colcon_core.shell[0m [1;30mINFO[0m Skip shell extension 'powershell' for command environment: Not usable outside of PowerShell
[0.763s] [34mcolcon.colcon_core.shell[0m [1;30mDEBUG[0m [32mSkip shell extension 'dsv' for command environment[0m
[0.769s] [34mcolcon.colcon_ros.task.ament_cmake.build[0m [1;30mINFO[0m Building ROS package in '/home/a/ws_nhk/src/nhk_bt' with build type 'ament_cmake'
[0.769s] [34mcolcon.colcon_cmake.task.cmake.build[0m [1;30mINFO[0m Building CMake package in '/home/a/ws_nhk/src/nhk_bt'
[0.769s] [34mcolcon.colcon_core.shell[0m [1;30mINFO[0m Skip shell extension 'powershell' for command environment: Not usable outside of PowerShell
[0.769s] [34mcolcon.colcon_core.shell[0m [1;30mDEBUG[0m [32mSkip shell extension 'dsv' for command environment[0m
[0.775s] [34mcolcon.colcon_ros.task.ament_cmake.build[0m [1;30mINFO[0m Building ROS package in '/home/a/ws_nhk/src/rosparam_shortcuts' with build type 'ament_cmake'
[0.775s] [34mcolcon.colcon_cmake.task.cmake.build[0m [1;30mINFO[0m Building CMake package in '/home/a/ws_nhk/src/rosparam_shortcuts'
[0.776s] [34mcolcon.colcon_core.shell[0m [1;30mINFO[0m Skip shell extension 'powershell' for command environment: Not usable outside of PowerShell
[0.776s] [34mcolcon.colcon_core.shell[0m [1;30mDEBUG[0m [32mSkip shell extension 'dsv' for command environment[0m
[0.789s] [34mcolcon.colcon_core.event_handler.log_command[0m [1;30mDEBUG[0m [32mInvoking command in '/home/a/ws_nhk/build/moveit_resources_panda_description': CMAKE_PREFIX_PATH=${CMAKE_PREFIX_PATH}:/home/a/ws_nhk/install/ikeyaMD_wizard:/home/a/ws_nhk/install/moveit_configs_utils:/home/a/ws_nhk/install/rogidrive:/home/a/ws_nhk/install/launch_param_builder:/home/a/ws_nhk/install/dynamixel_controller_gui:/home/a/ws_nhk/install/dynamixel_controller_client:/opt/ros/humble /usr/bin/cmake --build /home/a/ws_nhk/build/moveit_resources_panda_description -- -j22 -l22[0m
[0.792s] [34mcolcon.colcon_core.event_handler.log_command[0m [1;30mDEBUG[0m [32mInvoking command in '/home/a/ws_nhk/build/moveit_common': CMAKE_PREFIX_PATH=${CMAKE_PREFIX_PATH}:/home/a/ws_nhk/install/ikeyaMD_wizard:/home/a/ws_nhk/install/moveit_configs_utils:/home/a/ws_nhk/install/rogidrive:/home/a/ws_nhk/install/launch_param_builder:/home/a/ws_nhk/install/dynamixel_controller_gui:/home/a/ws_nhk/install/dynamixel_controller_client:/opt/ros/humble /usr/bin/cmake --build /home/a/ws_nhk/build/moveit_common -- -j22 -l22[0m
[0.794s] [34mcolcon.colcon_core.event_handler.log_command[0m [1;30mDEBUG[0m [32mInvoking command in '/home/a/ws_nhk/build/moveit_resources_pr2_description': CMAKE_PREFIX_PATH=${CMAKE_PREFIX_PATH}:/home/a/ws_nhk/install/ikeyaMD_wizard:/home/a/ws_nhk/install/moveit_configs_utils:/home/a/ws_nhk/install/rogidrive:/home/a/ws_nhk/install/launch_param_builder:/home/a/ws_nhk/install/dynamixel_controller_gui:/home/a/ws_nhk/install/dynamixel_controller_client:/opt/ros/humble /usr/bin/cmake --build /home/a/ws_nhk/build/moveit_resources_pr2_description -- -j22 -l22[0m
[0.796s] [34mcolcon.colcon_core.event_handler.log_command[0m [1;30mDEBUG[0m [32mInvoking command in '/home/a/ws_nhk/build/srdfdom': CMAKE_PREFIX_PATH=${CMAKE_PREFIX_PATH}:/home/a/ws_nhk/install/ikeyaMD_wizard:/home/a/ws_nhk/install/moveit_configs_utils:/home/a/ws_nhk/install/rogidrive:/home/a/ws_nhk/install/launch_param_builder:/home/a/ws_nhk/install/dynamixel_controller_gui:/home/a/ws_nhk/install/dynamixel_controller_client:/opt/ros/humble /usr/bin/cmake --build /home/a/ws_nhk/build/srdfdom -- -j22 -l22[0m
[1.116s] [34mcolcon.colcon_core.task.python.build[0m [1;30mINFO[0m Building Python package in '/home/a/ws_nhk/src/launch_param_builder'
[1.116s] [34mcolcon.colcon_core.shell[0m [1;30mINFO[0m Skip shell extension 'powershell' for command environment: Not usable outside of PowerShell
[1.116s] [34mcolcon.colcon_core.shell[0m [1;30mDEBUG[0m [32mSkip shell extension 'dsv' for command environment[0m
[1.128s] [34mcolcon.colcon_core.event_handler.log_command[0m [1;30mDEBUG[0m [32mInvoking command in '/home/a/ws_nhk/build/moveit_resources_fanuc_description': CMAKE_PREFIX_PATH=${CMAKE_PREFIX_PATH}:/home/a/ws_nhk/install/ikeyaMD_wizard:/home/a/ws_nhk/install/moveit_configs_utils:/home/a/ws_nhk/install/rogidrive:/home/a/ws_nhk/install/launch_param_builder:/home/a/ws_nhk/install/dynamixel_controller_gui:/home/a/ws_nhk/install/dynamixel_controller_client:/opt/ros/humble /usr/bin/cmake --build /home/a/ws_nhk/build/moveit_resources_fanuc_description -- -j22 -l22[0m
[1.130s] [34mcolcon.colcon_core.event_handler.log_command[0m [1;30mDEBUG[0m [32mInvoking command in '/home/a/ws_nhk/build/trac_ik_lib': CMAKE_PREFIX_PATH=${CMAKE_PREFIX_PATH}:/home/a/ws_nhk/install/ikeyaMD_wizard:/home/a/ws_nhk/install/moveit_configs_utils:/home/a/ws_nhk/install/rogidrive:/home/a/ws_nhk/install/launch_param_builder:/home/a/ws_nhk/install/dynamixel_controller_gui:/home/a/ws_nhk/install/dynamixel_controller_client:/opt/ros/humble /usr/bin/cmake --build /home/a/ws_nhk/build/trac_ik_lib -- -j22 -l22[0m
[1.133s] [34mcolcon.colcon_core.event_handler.log_command[0m [1;30mDEBUG[0m [32mInvoking command in '/home/a/ws_nhk/build/moveit_resources_prbt_support': CMAKE_PREFIX_PATH=${CMAKE_PREFIX_PATH}:/home/a/ws_nhk/install/ikeyaMD_wizard:/home/a/ws_nhk/install/moveit_configs_utils:/home/a/ws_nhk/install/rogidrive:/home/a/ws_nhk/install/launch_param_builder:/home/a/ws_nhk/install/dynamixel_controller_gui:/home/a/ws_nhk/install/dynamixel_controller_client:/opt/ros/humble /usr/bin/cmake --build /home/a/ws_nhk/build/moveit_resources_prbt_support -- -j22 -l22[0m
[1.136s] [34mcolcon.colcon_core.event_handler.log_command[0m [1;30mDEBUG[0m [32mInvoking command in '/home/a/ws_nhk/build/stm32_mavlink_msgs': CMAKE_PREFIX_PATH=${CMAKE_PREFIX_PATH}:/home/a/ws_nhk/install/ikeyaMD_wizard:/home/a/ws_nhk/install/moveit_configs_utils:/home/a/ws_nhk/install/rogidrive:/home/a/ws_nhk/install/launch_param_builder:/home/a/ws_nhk/install/dynamixel_controller_gui:/home/a/ws_nhk/install/dynamixel_controller_client:/opt/ros/humble /usr/bin/cmake --build /home/a/ws_nhk/build/stm32_mavlink_msgs -- -j22 -l22[0m
[1.140s] [34mcolcon.colcon_core.event_handler.log_command[0m [1;30mDEBUG[0m [32mInvoking command in '/home/a/ws_nhk/build/moveit_task_constructor_msgs': CMAKE_PREFIX_PATH=${CMAKE_PREFIX_PATH}:/home/a/ws_nhk/install/ikeyaMD_wizard:/home/a/ws_nhk/install/moveit_configs_utils:/home/a/ws_nhk/install/rogidrive:/home/a/ws_nhk/install/launch_param_builder:/home/a/ws_nhk/install/dynamixel_controller_gui:/home/a/ws_nhk/install/dynamixel_controller_client:/opt/ros/humble /usr/bin/cmake --build /home/a/ws_nhk/build/moveit_task_constructor_msgs -- -j22 -l22[0m
[1.144s] [34mcolcon.colcon_core.event_handler.log_command[0m [1;30mDEBUG[0m [32mInvoking command in '/home/a/ws_nhk/build/dynamixel_sdk': CMAKE_PREFIX_PATH=${CMAKE_PREFIX_PATH}:/home/a/ws_nhk/install/ikeyaMD_wizard:/home/a/ws_nhk/install/moveit_configs_utils:/home/a/ws_nhk/install/rogidrive:/home/a/ws_nhk/install/launch_param_builder:/home/a/ws_nhk/install/dynamixel_controller_gui:/home/a/ws_nhk/install/dynamixel_controller_client:/opt/ros/humble /usr/bin/cmake --build /home/a/ws_nhk/build/dynamixel_sdk -- -j22 -l22[0m
[1.146s] [34mcolcon.colcon_core.event_handler.log_command[0m [1;30mDEBUG[0m [32mInvoking command in '/home/a/ws_nhk/build/rogidrive_msg': CMAKE_PREFIX_PATH=${CMAKE_PREFIX_PATH}:/home/a/ws_nhk/install/ikeyaMD_wizard:/home/a/ws_nhk/install/moveit_configs_utils:/home/a/ws_nhk/install/rogidrive:/home/a/ws_nhk/install/launch_param_builder:/home/a/ws_nhk/install/dynamixel_controller_gui:/home/a/ws_nhk/install/dynamixel_controller_client:/opt/ros/humble /usr/bin/cmake --build /home/a/ws_nhk/build/rogidrive_msg -- -j22 -l22[0m
[1.151s] [34mcolcon.colcon_core.event_handler.log_command[0m [1;30mDEBUG[0m [32mInvoking command in '/home/a/ws_nhk/build/a_r2_description': CMAKE_PREFIX_PATH=${CMAKE_PREFIX_PATH}:/home/a/ws_nhk/install/ikeyaMD_wizard:/home/a/ws_nhk/install/moveit_configs_utils:/home/a/ws_nhk/install/rogidrive:/home/a/ws_nhk/install/launch_param_builder:/home/a/ws_nhk/install/dynamixel_controller_gui:/home/a/ws_nhk/install/dynamixel_controller_client:/opt/ros/humble /usr/bin/cmake --build /home/a/ws_nhk/build/a_r2_description -- -j22 -l22[0m
[1.154s] [34mcolcon.colcon_core.event_handler.log_command[0m [1;30mDEBUG[0m [32mInvoking command in '/home/a/ws_nhk/build/arm_module_description': CMAKE_PREFIX_PATH=${CMAKE_PREFIX_PATH}:/home/a/ws_nhk/install/ikeyaMD_wizard:/home/a/ws_nhk/install/moveit_configs_utils:/home/a/ws_nhk/install/rogidrive:/home/a/ws_nhk/install/launch_param_builder:/home/a/ws_nhk/install/dynamixel_controller_gui:/home/a/ws_nhk/install/dynamixel_controller_client:/opt/ros/humble /usr/bin/cmake --build /home/a/ws_nhk/build/arm_module_description -- -j22 -l22[0m
[1.160s] [34mcolcon.colcon_core.event_handler.log_command[0m [1;30mDEBUG[0m [32mInvoking command in '/home/a/ws_nhk/build/arm_v20_description': CMAKE_PREFIX_PATH=${CMAKE_PREFIX_PATH}:/home/a/ws_nhk/install/ikeyaMD_wizard:/home/a/ws_nhk/install/moveit_configs_utils:/home/a/ws_nhk/install/rogidrive:/home/a/ws_nhk/install/launch_param_builder:/home/a/ws_nhk/install/dynamixel_controller_gui:/home/a/ws_nhk/install/dynamixel_controller_client:/opt/ros/humble /usr/bin/cmake --build /home/a/ws_nhk/build/arm_v20_description -- -j22 -l22[0m
[1.164s] [34mcolcon.colcon_core.event_handler.log_command[0m [1;30mDEBUG[0m [32mInvoking command in '/home/a/ws_nhk/build/dynamixel_sdk_custom_interfaces': CMAKE_PREFIX_PATH=${CMAKE_PREFIX_PATH}:/home/a/ws_nhk/install/ikeyaMD_wizard:/home/a/ws_nhk/install/moveit_configs_utils:/home/a/ws_nhk/install/rogidrive:/home/a/ws_nhk/install/launch_param_builder:/home/a/ws_nhk/install/dynamixel_controller_gui:/home/a/ws_nhk/install/dynamixel_controller_client:/opt/ros/humble /usr/bin/cmake --build /home/a/ws_nhk/build/dynamixel_sdk_custom_interfaces -- -j22 -l22[0m
[1.798s] [34mcolcon.colcon_core.task.python.build[0m [1;30mINFO[0m Building Python package in '/home/a/ws_nhk/src/dynamixel_ros2/dynamixel_controller_client'
[1.799s] [34mcolcon.colcon_core.shell[0m [1;30mINFO[0m Skip shell extension 'powershell' for command environment: Not usable outside of PowerShell
[1.799s] [34mcolcon.colcon_core.shell[0m [1;30mDEBUG[0m [32mSkip shell extension 'dsv' for command environment[0m
[1.826s] [34mcolcon.colcon_core.event_handler.log_command[0m [1;30mDEBUG[0m [32mInvoking command in '/home/a/ws_nhk/build/nhk_bt': CMAKE_PREFIX_PATH=${CMAKE_PREFIX_PATH}:/home/a/ws_nhk/install/ikeyaMD_wizard:/home/a/ws_nhk/install/moveit_configs_utils:/home/a/ws_nhk/install/rogidrive:/home/a/ws_nhk/install/launch_param_builder:/home/a/ws_nhk/install/dynamixel_controller_gui:/home/a/ws_nhk/install/dynamixel_controller_client:/opt/ros/humble /usr/bin/cmake --build /home/a/ws_nhk/build/nhk_bt -- -j22 -l22[0m
[1.869s] [34mcolcon.colcon_core.event_handler.log_command[0m [1;30mDEBUG[0m [32mInvoking command in '/home/a/ws_nhk/build/rosparam_shortcuts': CMAKE_PREFIX_PATH=${CMAKE_PREFIX_PATH}:/home/a/ws_nhk/install/ikeyaMD_wizard:/home/a/ws_nhk/install/moveit_configs_utils:/home/a/ws_nhk/install/rogidrive:/home/a/ws_nhk/install/launch_param_builder:/home/a/ws_nhk/install/dynamixel_controller_gui:/home/a/ws_nhk/install/dynamixel_controller_client:/opt/ros/humble /usr/bin/cmake --build /home/a/ws_nhk/build/rosparam_shortcuts -- -j22 -l22[0m
[1.869s] [34mcolcon.colcon_core.event_handler.log_command[0m [1;30mDEBUG[0m [32mInvoked command in '/home/a/ws_nhk/build/moveit_resources_panda_description' returned '0': CMAKE_PREFIX_PATH=${CMAKE_PREFIX_PATH}:/home/a/ws_nhk/install/ikeyaMD_wizard:/home/a/ws_nhk/install/moveit_configs_utils:/home/a/ws_nhk/install/rogidrive:/home/a/ws_nhk/install/launch_param_builder:/home/a/ws_nhk/install/dynamixel_controller_gui:/home/a/ws_nhk/install/dynamixel_controller_client:/opt/ros/humble /usr/bin/cmake --build /home/a/ws_nhk/build/moveit_resources_panda_description -- -j22 -l22[0m
[1.886s] [34mcolcon.colcon_core.event_handler.log_command[0m [1;30mDEBUG[0m [32mInvoking command in '/home/a/ws_nhk/build/moveit_resources_panda_description': CMAKE_PREFIX_PATH=${CMAKE_PREFIX_PATH}:/home/a/ws_nhk/install/ikeyaMD_wizard:/home/a/ws_nhk/install/moveit_configs_utils:/home/a/ws_nhk/install/rogidrive:/home/a/ws_nhk/install/launch_param_builder:/home/a/ws_nhk/install/dynamixel_controller_gui:/home/a/ws_nhk/install/dynamixel_controller_client:/opt/ros/humble /usr/bin/cmake --install /home/a/ws_nhk/build/moveit_resources_panda_description[0m
[1.888s] [34mcolcon.colcon_core.event_handler.log_command[0m [1;30mDEBUG[0m [32mInvoked command in '/home/a/ws_nhk/build/moveit_resources_fanuc_description' returned '0': CMAKE_PREFIX_PATH=${CMAKE_PREFIX_PATH}:/home/a/ws_nhk/install/ikeyaMD_wizard:/home/a/ws_nhk/install/moveit_configs_utils:/home/a/ws_nhk/install/rogidrive:/home/a/ws_nhk/install/launch_param_builder:/home/a/ws_nhk/install/dynamixel_controller_gui:/home/a/ws_nhk/install/dynamixel_controller_client:/opt/ros/humble /usr/bin/cmake --build /home/a/ws_nhk/build/moveit_resources_fanuc_description -- -j22 -l22[0m
[1.889s] [34mcolcon.colcon_core.event_handler.log_command[0m [1;30mDEBUG[0m [32mInvoking command in '/home/a/ws_nhk/build/moveit_resources_fanuc_description': CMAKE_PREFIX_PATH=${CMAKE_PREFIX_PATH}:/home/a/ws_nhk/install/ikeyaMD_wizard:/home/a/ws_nhk/install/moveit_configs_utils:/home/a/ws_nhk/install/rogidrive:/home/a/ws_nhk/install/launch_param_builder:/home/a/ws_nhk/install/dynamixel_controller_gui:/home/a/ws_nhk/install/dynamixel_controller_client:/opt/ros/humble /usr/bin/cmake --install /home/a/ws_nhk/build/moveit_resources_fanuc_description[0m
[1.890s] [34mcolcon.colcon_core.event_handler.log_command[0m [1;30mDEBUG[0m [32mInvoked command in '/home/a/ws_nhk/build/arm_v20_description' returned '0': CMAKE_PREFIX_PATH=${CMAKE_PREFIX_PATH}:/home/a/ws_nhk/install/ikeyaMD_wizard:/home/a/ws_nhk/install/moveit_configs_utils:/home/a/ws_nhk/install/rogidrive:/home/a/ws_nhk/install/launch_param_builder:/home/a/ws_nhk/install/dynamixel_controller_gui:/home/a/ws_nhk/install/dynamixel_controller_client:/opt/ros/humble /usr/bin/cmake --build /home/a/ws_nhk/build/arm_v20_description -- -j22 -l22[0m
[1.894s] [34mcolcon.colcon_core.event_handler.log_command[0m [1;30mDEBUG[0m [32mInvoking command in '/home/a/ws_nhk/build/arm_v20_description': CMAKE_PREFIX_PATH=${CMAKE_PREFIX_PATH}:/home/a/ws_nhk/install/ikeyaMD_wizard:/home/a/ws_nhk/install/moveit_configs_utils:/home/a/ws_nhk/install/rogidrive:/home/a/ws_nhk/install/launch_param_builder:/home/a/ws_nhk/install/dynamixel_controller_gui:/home/a/ws_nhk/install/dynamixel_controller_client:/opt/ros/humble /usr/bin/cmake --install /home/a/ws_nhk/build/arm_v20_description[0m
[1.895s] [34mcolcon.colcon_core.event_handler.log_command[0m [1;30mDEBUG[0m [32mInvoked command in '/home/a/ws_nhk/build/moveit_resources_pr2_description' returned '0': CMAKE_PREFIX_PATH=${CMAKE_PREFIX_PATH}:/home/a/ws_nhk/install/ikeyaMD_wizard:/home/a/ws_nhk/install/moveit_configs_utils:/home/a/ws_nhk/install/rogidrive:/home/a/ws_nhk/install/launch_param_builder:/home/a/ws_nhk/install/dynamixel_controller_gui:/home/a/ws_nhk/install/dynamixel_controller_client:/opt/ros/humble /usr/bin/cmake --build /home/a/ws_nhk/build/moveit_resources_pr2_description -- -j22 -l22[0m
[1.900s] [34mcolcon.colcon_core.event_handler.log_command[0m [1;30mDEBUG[0m [32mInvoking command in '/home/a/ws_nhk/build/moveit_resources_pr2_description': CMAKE_PREFIX_PATH=${CMAKE_PREFIX_PATH}:/home/a/ws_nhk/install/ikeyaMD_wizard:/home/a/ws_nhk/install/moveit_configs_utils:/home/a/ws_nhk/install/rogidrive:/home/a/ws_nhk/install/launch_param_builder:/home/a/ws_nhk/install/dynamixel_controller_gui:/home/a/ws_nhk/install/dynamixel_controller_client:/opt/ros/humble /usr/bin/cmake --install /home/a/ws_nhk/build/moveit_resources_pr2_description[0m
[1.901s] [34mcolcon.colcon_core.event_handler.log_command[0m [1;30mDEBUG[0m [32mInvoked command in '/home/a/ws_nhk/build/moveit_resources_prbt_support' returned '0': CMAKE_PREFIX_PATH=${CMAKE_PREFIX_PATH}:/home/a/ws_nhk/install/ikeyaMD_wizard:/home/a/ws_nhk/install/moveit_configs_utils:/home/a/ws_nhk/install/rogidrive:/home/a/ws_nhk/install/launch_param_builder:/home/a/ws_nhk/install/dynamixel_controller_gui:/home/a/ws_nhk/install/dynamixel_controller_client:/opt/ros/humble /usr/bin/cmake --build /home/a/ws_nhk/build/moveit_resources_prbt_support -- -j22 -l22[0m
[1.905s] [34mcolcon.colcon_core.event_handler.log_command[0m [1;30mDEBUG[0m [32mInvoking command in '/home/a/ws_nhk/build/moveit_resources_prbt_support': CMAKE_PREFIX_PATH=${CMAKE_PREFIX_PATH}:/home/a/ws_nhk/install/ikeyaMD_wizard:/home/a/ws_nhk/install/moveit_configs_utils:/home/a/ws_nhk/install/rogidrive:/home/a/ws_nhk/install/launch_param_builder:/home/a/ws_nhk/install/dynamixel_controller_gui:/home/a/ws_nhk/install/dynamixel_controller_client:/opt/ros/humble /usr/bin/cmake --install /home/a/ws_nhk/build/moveit_resources_prbt_support[0m
[1.906s] [34mcolcon.colcon_core.event_handler.log_command[0m [1;30mDEBUG[0m [32mInvoked command in '/home/a/ws_nhk/build/a_r2_description' returned '0': CMAKE_PREFIX_PATH=${CMAKE_PREFIX_PATH}:/home/a/ws_nhk/install/ikeyaMD_wizard:/home/a/ws_nhk/install/moveit_configs_utils:/home/a/ws_nhk/install/rogidrive:/home/a/ws_nhk/install/launch_param_builder:/home/a/ws_nhk/install/dynamixel_controller_gui:/home/a/ws_nhk/install/dynamixel_controller_client:/opt/ros/humble /usr/bin/cmake --build /home/a/ws_nhk/build/a_r2_description -- -j22 -l22[0m
[1.909s] [34mcolcon.colcon_core.event_handler.log_command[0m [1;30mDEBUG[0m [32mInvoking command in '/home/a/ws_nhk/build/a_r2_description': CMAKE_PREFIX_PATH=${CMAKE_PREFIX_PATH}:/home/a/ws_nhk/install/ikeyaMD_wizard:/home/a/ws_nhk/install/moveit_configs_utils:/home/a/ws_nhk/install/rogidrive:/home/a/ws_nhk/install/launch_param_builder:/home/a/ws_nhk/install/dynamixel_controller_gui:/home/a/ws_nhk/install/dynamixel_controller_client:/opt/ros/humble /usr/bin/cmake --install /home/a/ws_nhk/build/a_r2_description[0m
[1.910s] [34mcolcon.colcon_core.event_handler.log_command[0m [1;30mDEBUG[0m [32mInvoked command in '/home/a/ws_nhk/build/moveit_common' returned '0': CMAKE_PREFIX_PATH=${CMAKE_PREFIX_PATH}:/home/a/ws_nhk/install/ikeyaMD_wizard:/home/a/ws_nhk/install/moveit_configs_utils:/home/a/ws_nhk/install/rogidrive:/home/a/ws_nhk/install/launch_param_builder:/home/a/ws_nhk/install/dynamixel_controller_gui:/home/a/ws_nhk/install/dynamixel_controller_client:/opt/ros/humble /usr/bin/cmake --build /home/a/ws_nhk/build/moveit_common -- -j22 -l22[0m
[1.914s] [34mcolcon.colcon_core.event_handler.log_command[0m [1;30mDEBUG[0m [32mInvoking command in '/home/a/ws_nhk/build/moveit_common': CMAKE_PREFIX_PATH=${CMAKE_PREFIX_PATH}:/home/a/ws_nhk/install/ikeyaMD_wizard:/home/a/ws_nhk/install/moveit_configs_utils:/home/a/ws_nhk/install/rogidrive:/home/a/ws_nhk/install/launch_param_builder:/home/a/ws_nhk/install/dynamixel_controller_gui:/home/a/ws_nhk/install/dynamixel_controller_client:/opt/ros/humble /usr/bin/cmake --install /home/a/ws_nhk/build/moveit_common[0m
[1.915s] [34mcolcon.colcon_core.event_handler.log_command[0m [1;30mDEBUG[0m [32mInvoked command in '/home/a/ws_nhk/build/arm_module_description' returned '0': CMAKE_PREFIX_PATH=${CMAKE_PREFIX_PATH}:/home/a/ws_nhk/install/ikeyaMD_wizard:/home/a/ws_nhk/install/moveit_configs_utils:/home/a/ws_nhk/install/rogidrive:/home/a/ws_nhk/install/launch_param_builder:/home/a/ws_nhk/install/dynamixel_controller_gui:/home/a/ws_nhk/install/dynamixel_controller_client:/opt/ros/humble /usr/bin/cmake --build /home/a/ws_nhk/build/arm_module_description -- -j22 -l22[0m
[1.919s] [34mcolcon.colcon_core.event_handler.log_command[0m [1;30mDEBUG[0m [32mInvoking command in '/home/a/ws_nhk/build/arm_module_description': CMAKE_PREFIX_PATH=${CMAKE_PREFIX_PATH}:/home/a/ws_nhk/install/ikeyaMD_wizard:/home/a/ws_nhk/install/moveit_configs_utils:/home/a/ws_nhk/install/rogidrive:/home/a/ws_nhk/install/launch_param_builder:/home/a/ws_nhk/install/dynamixel_controller_gui:/home/a/ws_nhk/install/dynamixel_controller_client:/opt/ros/humble /usr/bin/cmake --install /home/a/ws_nhk/build/arm_module_description[0m
[1.920s] [34mcolcon.colcon_core.event_handler.log_command[0m [1;30mDEBUG[0m [32mInvoked command in '/home/a/ws_nhk/build/srdfdom' returned '0': CMAKE_PREFIX_PATH=${CMAKE_PREFIX_PATH}:/home/a/ws_nhk/install/ikeyaMD_wizard:/home/a/ws_nhk/install/moveit_configs_utils:/home/a/ws_nhk/install/rogidrive:/home/a/ws_nhk/install/launch_param_builder:/home/a/ws_nhk/install/dynamixel_controller_gui:/home/a/ws_nhk/install/dynamixel_controller_client:/opt/ros/humble /usr/bin/cmake --build /home/a/ws_nhk/build/srdfdom -- -j22 -l22[0m
[1.925s] [34mcolcon.colcon_core.event_handler.log_command[0m [1;30mDEBUG[0m [32mInvoking command in '/home/a/ws_nhk/build/srdfdom': CMAKE_PREFIX_PATH=${CMAKE_PREFIX_PATH}:/home/a/ws_nhk/install/ikeyaMD_wizard:/home/a/ws_nhk/install/moveit_configs_utils:/home/a/ws_nhk/install/rogidrive:/home/a/ws_nhk/install/launch_param_builder:/home/a/ws_nhk/install/dynamixel_controller_gui:/home/a/ws_nhk/install/dynamixel_controller_client:/opt/ros/humble /usr/bin/cmake --install /home/a/ws_nhk/build/srdfdom[0m
[1.926s] [34mcolcon.colcon_core.event_handler.log_command[0m [1;30mDEBUG[0m [32mInvoked command in '/home/a/ws_nhk/build/rogidrive_msg' returned '0': CMAKE_PREFIX_PATH=${CMAKE_PREFIX_PATH}:/home/a/ws_nhk/install/ikeyaMD_wizard:/home/a/ws_nhk/install/moveit_configs_utils:/home/a/ws_nhk/install/rogidrive:/home/a/ws_nhk/install/launch_param_builder:/home/a/ws_nhk/install/dynamixel_controller_gui:/home/a/ws_nhk/install/dynamixel_controller_client:/opt/ros/humble /usr/bin/cmake --build /home/a/ws_nhk/build/rogidrive_msg -- -j22 -l22[0m
[1.931s] [34mcolcon.colcon_core.event_handler.log_command[0m [1;30mDEBUG[0m [32mInvoking command in '/home/a/ws_nhk/build/rogidrive_msg': CMAKE_PREFIX_PATH=${CMAKE_PREFIX_PATH}:/home/a/ws_nhk/install/ikeyaMD_wizard:/home/a/ws_nhk/install/moveit_configs_utils:/home/a/ws_nhk/install/rogidrive:/home/a/ws_nhk/install/launch_param_builder:/home/a/ws_nhk/install/dynamixel_controller_gui:/home/a/ws_nhk/install/dynamixel_controller_client:/opt/ros/humble /usr/bin/cmake --install /home/a/ws_nhk/build/rogidrive_msg[0m
[1.932s] [34mcolcon.colcon_core.event_handler.log_command[0m [1;30mDEBUG[0m [32mInvoked command in '/home/a/ws_nhk/build/dynamixel_sdk' returned '0': CMAKE_PREFIX_PATH=${CMAKE_PREFIX_PATH}:/home/a/ws_nhk/install/ikeyaMD_wizard:/home/a/ws_nhk/install/moveit_configs_utils:/home/a/ws_nhk/install/rogidrive:/home/a/ws_nhk/install/launch_param_builder:/home/a/ws_nhk/install/dynamixel_controller_gui:/home/a/ws_nhk/install/dynamixel_controller_client:/opt/ros/humble /usr/bin/cmake --build /home/a/ws_nhk/build/dynamixel_sdk -- -j22 -l22[0m
[1.936s] [34mcolcon.colcon_core.event_handler.log_command[0m [1;30mDEBUG[0m [32mInvoking command in '/home/a/ws_nhk/build/dynamixel_sdk': CMAKE_PREFIX_PATH=${CMAKE_PREFIX_PATH}:/home/a/ws_nhk/install/ikeyaMD_wizard:/home/a/ws_nhk/install/moveit_configs_utils:/home/a/ws_nhk/install/rogidrive:/home/a/ws_nhk/install/launch_param_builder:/home/a/ws_nhk/install/dynamixel_controller_gui:/home/a/ws_nhk/install/dynamixel_controller_client:/opt/ros/humble /usr/bin/cmake --install /home/a/ws_nhk/build/dynamixel_sdk[0m
[1.987s] [34mcolcon.colcon_core.environment[0m [1;30mLevel 1[0m create_environment_scripts_only(moveit_resources_fanuc_description)
[2.005s] [34mcolcon.colcon_core.environment[0m [1;30mLevel 1[0m checking '/home/a/ws_nhk/install/moveit_resources_fanuc_description' for CMake module files
[2.009s] [34mcolcon.colcon_core.environment[0m [1;30mLevel 1[0m checking '/home/a/ws_nhk/install/moveit_resources_fanuc_description' for CMake config files
[2.012s] [34mcolcon.colcon_core.shell[0m [1;30mLevel 1[0m create_environment_hook('moveit_resources_fanuc_description', 'cmake_prefix_path')
[2.013s] [34mcolcon.colcon_core.shell[0m [1;30mINFO[0m Creating environment hook '/home/a/ws_nhk/install/moveit_resources_fanuc_description/share/moveit_resources_fanuc_description/hook/cmake_prefix_path.ps1'
[2.015s] [34mcolcon.colcon_core.shell[0m [1;30mINFO[0m Creating environment descriptor '/home/a/ws_nhk/install/moveit_resources_fanuc_description/share/moveit_resources_fanuc_description/hook/cmake_prefix_path.dsv'
[2.023s] [34mcolcon.colcon_core.shell[0m [1;30mINFO[0m Creating environment hook '/home/a/ws_nhk/install/moveit_resources_fanuc_description/share/moveit_resources_fanuc_description/hook/cmake_prefix_path.sh'
[2.037s] [34mcolcon.colcon_core.environment[0m [1;30mLevel 1[0m checking '/home/a/ws_nhk/install/moveit_resources_fanuc_description/bin'
[2.039s] [34mcolcon.colcon_core.environment[0m [1;30mLevel 1[0m checking '/home/a/ws_nhk/install/moveit_resources_fanuc_description/lib/pkgconfig/moveit_resources_fanuc_description.pc'
[2.040s] [34mcolcon.colcon_core.environment[0m [1;30mLevel 1[0m checking '/home/a/ws_nhk/install/moveit_resources_fanuc_description/lib/python3.10/site-packages'
[2.042s] [34mcolcon.colcon_core.environment[0m [1;30mLevel 1[0m checking '/home/a/ws_nhk/install/moveit_resources_fanuc_description/bin'
[2.043s] [34mcolcon.colcon_core.shell[0m [1;30mINFO[0m Creating package script '/home/a/ws_nhk/install/moveit_resources_fanuc_description/share/moveit_resources_fanuc_description/package.ps1'
[2.048s] [34mcolcon.colcon_core.shell[0m [1;30mINFO[0m Creating package descriptor '/home/a/ws_nhk/install/moveit_resources_fanuc_description/share/moveit_resources_fanuc_description/package.dsv'
[2.051s] [34mcolcon.colcon_core.shell[0m [1;30mINFO[0m Creating package script '/home/a/ws_nhk/install/moveit_resources_fanuc_description/share/moveit_resources_fanuc_description/package.sh'
[2.054s] [34mcolcon.colcon_core.shell[0m [1;30mINFO[0m Creating package script '/home/a/ws_nhk/install/moveit_resources_fanuc_description/share/moveit_resources_fanuc_description/package.bash'
[2.057s] [34mcolcon.colcon_core.shell[0m [1;30mINFO[0m Creating package script '/home/a/ws_nhk/install/moveit_resources_fanuc_description/share/moveit_resources_fanuc_description/package.zsh'
[2.059s] [34mcolcon.colcon_core.environment[0m [1;30mLevel 1[0m create_file_with_runtime_dependencies(/home/a/ws_nhk/install/moveit_resources_fanuc_description/share/colcon-core/packages/moveit_resources_fanuc_description)
[2.062s] [34mcolcon.colcon_core.environment[0m [1;30mLevel 1[0m create_environment_scripts_only(moveit_resources_fanuc_description)
[2.062s] [34mcolcon.colcon_core.environment[0m [1;30mLevel 1[0m checking '/home/a/ws_nhk/install/moveit_resources_fanuc_description' for CMake module files
[2.065s] [34mcolcon.colcon_core.environment[0m [1;30mLevel 1[0m checking '/home/a/ws_nhk/install/moveit_resources_fanuc_description' for CMake config files
[2.070s] [34mcolcon.colcon_core.shell[0m [1;30mLevel 1[0m create_environment_hook('moveit_resources_fanuc_description', 'cmake_prefix_path')
[2.071s] [34mcolcon.colcon_core.shell[0m [1;30mINFO[0m Creating environment hook '/home/a/ws_nhk/install/moveit_resources_fanuc_description/share/moveit_resources_fanuc_description/hook/cmake_prefix_path.ps1'
[2.077s] [34mcolcon.colcon_core.shell[0m [1;30mINFO[0m Creating environment descriptor '/home/a/ws_nhk/install/moveit_resources_fanuc_description/share/moveit_resources_fanuc_description/hook/cmake_prefix_path.dsv'
[2.082s] [34mcolcon.colcon_core.shell[0m [1;30mINFO[0m Creating environment hook '/home/a/ws_nhk/install/moveit_resources_fanuc_description/share/moveit_resources_fanuc_description/hook/cmake_prefix_path.sh'
[2.086s] [34mcolcon.colcon_core.environment[0m [1;30mLevel 1[0m checking '/home/a/ws_nhk/install/moveit_resources_fanuc_description/bin'
[2.087s] [34mcolcon.colcon_core.environment[0m [1;30mLevel 1[0m checking '/home/a/ws_nhk/install/moveit_resources_fanuc_description/lib/pkgconfig/moveit_resources_fanuc_description.pc'
[2.088s] [34mcolcon.colcon_core.environment[0m [1;30mLevel 1[0m checking '/home/a/ws_nhk/install/moveit_resources_fanuc_description/lib/python3.10/site-packages'
[2.090s] [34mcolcon.colcon_core.environment[0m [1;30mLevel 1[0m checking '/home/a/ws_nhk/install/moveit_resources_fanuc_description/bin'
[2.091s] [34mcolcon.colcon_core.shell[0m [1;30mINFO[0m Creating package script '/home/a/ws_nhk/install/moveit_resources_fanuc_description/share/moveit_resources_fanuc_description/package.ps1'
[2.094s] [34mcolcon.colcon_core.shell[0m [1;30mINFO[0m Creating package descriptor '/home/a/ws_nhk/install/moveit_resources_fanuc_description/share/moveit_resources_fanuc_description/package.dsv'
[2.097s] [34mcolcon.colcon_core.event_handler.log_command[0m [1;30mDEBUG[0m [32mInvoked command in '/home/a/ws_nhk/build/moveit_task_constructor_msgs' returned '0': CMAKE_PREFIX_PATH=${CMAKE_PREFIX_PATH}:/home/a/ws_nhk/install/ikeyaMD_wizard:/home/a/ws_nhk/install/moveit_configs_utils:/home/a/ws_nhk/install/rogidrive:/home/a/ws_nhk/install/launch_param_builder:/home/a/ws_nhk/install/dynamixel_controller_gui:/home/a/ws_nhk/install/dynamixel_controller_client:/opt/ros/humble /usr/bin/cmake --build /home/a/ws_nhk/build/moveit_task_constructor_msgs -- -j22 -l22[0m
[2.098s] [34mcolcon.colcon_core.shell[0m [1;30mINFO[0m Creating package script '/home/a/ws_nhk/install/moveit_resources_fanuc_description/share/moveit_resources_fanuc_description/package.sh'
[2.100s] [34mcolcon.colcon_core.event_handler.log_command[0m [1;30mDEBUG[0m [32mInvoking command in '/home/a/ws_nhk/build/moveit_task_constructor_msgs': CMAKE_PREFIX_PATH=${CMAKE_PREFIX_PATH}:/home/a/ws_nhk/install/ikeyaMD_wizard:/home/a/ws_nhk/install/moveit_configs_utils:/home/a/ws_nhk/install/rogidrive:/home/a/ws_nhk/install/launch_param_builder:/home/a/ws_nhk/install/dynamixel_controller_gui:/home/a/ws_nhk/install/dynamixel_controller_client:/opt/ros/humble /usr/bin/cmake --install /home/a/ws_nhk/build/moveit_task_constructor_msgs[0m
[2.100s] [34mcolcon.colcon_core.shell[0m [1;30mINFO[0m Creating package script '/home/a/ws_nhk/install/moveit_resources_fanuc_description/share/moveit_resources_fanuc_description/package.bash'
[2.104s] [34mcolcon.colcon_core.shell[0m [1;30mINFO[0m Creating package script '/home/a/ws_nhk/install/moveit_resources_fanuc_description/share/moveit_resources_fanuc_description/package.zsh'
[2.107s] [34mcolcon.colcon_core.environment[0m [1;30mLevel 1[0m create_file_with_runtime_dependencies(/home/a/ws_nhk/install/moveit_resources_fanuc_description/share/colcon-core/packages/moveit_resources_fanuc_description)
[2.117s] [34mcolcon.colcon_core.environment[0m [1;30mLevel 1[0m create_environment_scripts_only(arm_v20_description)
[2.118s] [34mcolcon.colcon_core.environment[0m [1;30mLevel 1[0m checking '/home/a/ws_nhk/install/arm_v20_description' for CMake module files
[2.120s] [34mcolcon.colcon_core.environment[0m [1;30mLevel 1[0m checking '/home/a/ws_nhk/install/arm_v20_description' for CMake config files
[2.130s] [34mcolcon.colcon_core.shell[0m [1;30mLevel 1[0m create_environment_hook('arm_v20_description', 'cmake_prefix_path')
[2.131s] [34mcolcon.colcon_core.shell[0m [1;30mINFO[0m Creating environment hook '/home/a/ws_nhk/install/arm_v20_description/share/arm_v20_description/hook/cmake_prefix_path.ps1'
[2.136s] [34mcolcon.colcon_core.shell[0m [1;30mINFO[0m Creating environment descriptor '/home/a/ws_nhk/install/arm_v20_description/share/arm_v20_description/hook/cmake_prefix_path.dsv'
[2.141s] [34mcolcon.colcon_core.event_handler.log_command[0m [1;30mDEBUG[0m [32mInvoked command in '/home/a/ws_nhk/build/stm32_mavlink_msgs' returned '0': CMAKE_PREFIX_PATH=${CMAKE_PREFIX_PATH}:/home/a/ws_nhk/install/ikeyaMD_wizard:/home/a/ws_nhk/install/moveit_configs_utils:/home/a/ws_nhk/install/rogidrive:/home/a/ws_nhk/install/launch_param_builder:/home/a/ws_nhk/install/dynamixel_controller_gui:/home/a/ws_nhk/install/dynamixel_controller_client:/opt/ros/humble /usr/bin/cmake --build /home/a/ws_nhk/build/stm32_mavlink_msgs -- -j22 -l22[0m
[2.142s] [34mcolcon.colcon_core.shell[0m [1;30mINFO[0m Creating environment hook '/home/a/ws_nhk/install/arm_v20_description/share/arm_v20_description/hook/cmake_prefix_path.sh'
[2.142s] [34mcolcon.colcon_core.event_handler.log_command[0m [1;30mDEBUG[0m [32mInvoking command in '/home/a/ws_nhk/build/stm32_mavlink_msgs': CMAKE_PREFIX_PATH=${CMAKE_PREFIX_PATH}:/home/a/ws_nhk/install/ikeyaMD_wizard:/home/a/ws_nhk/install/moveit_configs_utils:/home/a/ws_nhk/install/rogidrive:/home/a/ws_nhk/install/launch_param_builder:/home/a/ws_nhk/install/dynamixel_controller_gui:/home/a/ws_nhk/install/dynamixel_controller_client:/opt/ros/humble /usr/bin/cmake --install /home/a/ws_nhk/build/stm32_mavlink_msgs[0m
[2.143s] [34mcolcon.colcon_core.event_handler.log_command[0m [1;30mDEBUG[0m [32mInvoked command in '/home/a/ws_nhk/build/moveit_resources_fanuc_description' returned '0': CMAKE_PREFIX_PATH=${CMAKE_PREFIX_PATH}:/home/a/ws_nhk/install/ikeyaMD_wizard:/home/a/ws_nhk/install/moveit_configs_utils:/home/a/ws_nhk/install/rogidrive:/home/a/ws_nhk/install/launch_param_builder:/home/a/ws_nhk/install/dynamixel_controller_gui:/home/a/ws_nhk/install/dynamixel_controller_client:/opt/ros/humble /usr/bin/cmake --install /home/a/ws_nhk/build/moveit_resources_fanuc_description[0m
[2.148s] [34mcolcon.colcon_core.environment[0m [1;30mLevel 1[0m checking '/home/a/ws_nhk/install/arm_v20_description/bin'
[2.148s] [34mcolcon.colcon_core.environment[0m [1;30mLevel 1[0m checking '/home/a/ws_nhk/install/arm_v20_description/lib/pkgconfig/arm_v20_description.pc'
[2.149s] [34mcolcon.colcon_core.environment[0m [1;30mLevel 1[0m checking '/home/a/ws_nhk/install/arm_v20_description/lib/python3.10/site-packages'
[2.150s] [34mcolcon.colcon_core.environment[0m [1;30mLevel 1[0m checking '/home/a/ws_nhk/install/arm_v20_description/bin'
[2.151s] [34mcolcon.colcon_core.shell[0m [1;30mINFO[0m Creating package script '/home/a/ws_nhk/install/arm_v20_description/share/arm_v20_description/package.ps1'
[2.153s] [34mcolcon.colcon_core.shell[0m [1;30mINFO[0m Creating package descriptor '/home/a/ws_nhk/install/arm_v20_description/share/arm_v20_description/package.dsv'
[2.156s] [34mcolcon.colcon_core.shell[0m [1;30mINFO[0m Creating package script '/home/a/ws_nhk/install/arm_v20_description/share/arm_v20_description/package.sh'
[2.159s] [34mcolcon.colcon_core.shell[0m [1;30mINFO[0m Creating package script '/home/a/ws_nhk/install/arm_v20_description/share/arm_v20_description/package.bash'
[2.162s] [34mcolcon.colcon_core.shell[0m [1;30mINFO[0m Creating package script '/home/a/ws_nhk/install/arm_v20_description/share/arm_v20_description/package.zsh'
[2.165s] [34mcolcon.colcon_core.environment[0m [1;30mLevel 1[0m create_file_with_runtime_dependencies(/home/a/ws_nhk/install/arm_v20_description/share/colcon-core/packages/arm_v20_description)
[2.170s] [34mcolcon.colcon_core.environment[0m [1;30mLevel 1[0m create_environment_scripts_only(arm_v20_description)
[2.171s] [34mcolcon.colcon_core.environment[0m [1;30mLevel 1[0m checking '/home/a/ws_nhk/install/arm_v20_description' for CMake module files
[2.174s] [34mcolcon.colcon_core.environment[0m [1;30mLevel 1[0m checking '/home/a/ws_nhk/install/arm_v20_description' for CMake config files
[2.182s] [34mcolcon.colcon_core.shell[0m [1;30mLevel 1[0m create_environment_hook('arm_v20_description', 'cmake_prefix_path')
[2.184s] [34mcolcon.colcon_core.shell[0m [1;30mINFO[0m Creating environment hook '/home/a/ws_nhk/install/arm_v20_description/share/arm_v20_description/hook/cmake_prefix_path.ps1'
[2.186s] [34mcolcon.colcon_core.shell[0m [1;30mINFO[0m Creating environment descriptor '/home/a/ws_nhk/install/arm_v20_description/share/arm_v20_description/hook/cmake_prefix_path.dsv'
[2.189s] [34mcolcon.colcon_core.shell[0m [1;30mINFO[0m Creating environment hook '/home/a/ws_nhk/install/arm_v20_description/share/arm_v20_description/hook/cmake_prefix_path.sh'
[2.194s] [34mcolcon.colcon_core.environment[0m [1;30mLevel 1[0m checking '/home/a/ws_nhk/install/arm_v20_description/bin'
[2.194s] [34mcolcon.colcon_core.environment[0m [1;30mLevel 1[0m checking '/home/a/ws_nhk/install/arm_v20_description/lib/pkgconfig/arm_v20_description.pc'
[2.195s] [34mcolcon.colcon_core.environment[0m [1;30mLevel 1[0m checking '/home/a/ws_nhk/install/arm_v20_description/lib/python3.10/site-packages'
[2.196s] [34mcolcon.colcon_core.environment[0m [1;30mLevel 1[0m checking '/home/a/ws_nhk/install/arm_v20_description/bin'
[2.197s] [34mcolcon.colcon_core.shell[0m [1;30mINFO[0m Creating package script '/home/a/ws_nhk/install/arm_v20_description/share/arm_v20_description/package.ps1'
[2.201s] [34mcolcon.colcon_core.shell[0m [1;30mINFO[0m Creating package descriptor '/home/a/ws_nhk/install/arm_v20_description/share/arm_v20_description/package.dsv'
[2.205s] [34mcolcon.colcon_core.shell[0m [1;30mINFO[0m Creating package script '/home/a/ws_nhk/install/arm_v20_description/share/arm_v20_description/package.sh'
[2.208s] [34mcolcon.colcon_core.shell[0m [1;30mINFO[0m Creating package script '/home/a/ws_nhk/install/arm_v20_description/share/arm_v20_description/package.bash'
[2.211s] [34mcolcon.colcon_core.shell[0m [1;30mINFO[0m Creating package script '/home/a/ws_nhk/install/arm_v20_description/share/arm_v20_description/package.zsh'
[2.214s] [34mcolcon.colcon_core.environment[0m [1;30mLevel 1[0m create_file_with_runtime_dependencies(/home/a/ws_nhk/install/arm_v20_description/share/colcon-core/packages/arm_v20_description)
[2.216s] [34mcolcon.colcon_core.environment[0m [1;30mLevel 1[0m create_environment_scripts_only(moveit_resources_panda_description)
[2.218s] [34mcolcon.colcon_core.environment[0m [1;30mLevel 1[0m checking '/home/a/ws_nhk/install/moveit_resources_panda_description' for CMake module files
[2.221s] [34mcolcon.colcon_core.environment[0m [1;30mLevel 1[0m checking '/home/a/ws_nhk/install/moveit_resources_panda_description' for CMake config files
[2.225s] [34mcolcon.colcon_core.shell[0m [1;30mLevel 1[0m create_environment_hook('moveit_resources_panda_description', 'cmake_prefix_path')
[2.226s] [34mcolcon.colcon_core.shell[0m [1;30mINFO[0m Creating environment hook '/home/a/ws_nhk/install/moveit_resources_panda_description/share/moveit_resources_panda_description/hook/cmake_prefix_path.ps1'
[2.230s] [34mcolcon.colcon_core.shell[0m [1;30mINFO[0m Creating environment descriptor '/home/a/ws_nhk/install/moveit_resources_panda_description/share/moveit_resources_panda_description/hook/cmake_prefix_path.dsv'
[2.235s] [34mcolcon.colcon_core.shell[0m [1;30mINFO[0m Creating environment hook '/home/a/ws_nhk/install/moveit_resources_panda_description/share/moveit_resources_panda_description/hook/cmake_prefix_path.sh'
[2.240s] [34mcolcon.colcon_core.environment[0m [1;30mLevel 1[0m checking '/home/a/ws_nhk/install/moveit_resources_panda_description/bin'
[2.240s] [34mcolcon.colcon_core.environment[0m [1;30mLevel 1[0m checking '/home/a/ws_nhk/install/moveit_resources_panda_description/lib/pkgconfig/moveit_resources_panda_description.pc'
[2.241s] [34mcolcon.colcon_core.environment[0m [1;30mLevel 1[0m checking '/home/a/ws_nhk/install/moveit_resources_panda_description/lib/python3.10/site-packages'
[2.242s] [34mcolcon.colcon_core.environment[0m [1;30mLevel 1[0m checking '/home/a/ws_nhk/install/moveit_resources_panda_description/bin'
[2.243s] [34mcolcon.colcon_core.shell[0m [1;30mINFO[0m Creating package script '/home/a/ws_nhk/install/moveit_resources_panda_description/share/moveit_resources_panda_description/package.ps1'
[2.247s] [34mcolcon.colcon_core.shell[0m [1;30mINFO[0m Creating package descriptor '/home/a/ws_nhk/install/moveit_resources_panda_description/share/moveit_resources_panda_description/package.dsv'
[2.250s] [34mcolcon.colcon_core.shell[0m [1;30mINFO[0m Creating package script '/home/a/ws_nhk/install/moveit_resources_panda_description/share/moveit_resources_panda_description/package.sh'
[2.253s] [34mcolcon.colcon_core.shell[0m [1;30mINFO[0m Creating package script '/home/a/ws_nhk/install/moveit_resources_panda_description/share/moveit_resources_panda_description/package.bash'
[2.254s] [34mcolcon.colcon_core.shell[0m [1;30mINFO[0m Creating package script '/home/a/ws_nhk/install/moveit_resources_panda_description/share/moveit_resources_panda_description/package.zsh'
[2.256s] [34mcolcon.colcon_core.environment[0m [1;30mLevel 1[0m create_file_with_runtime_dependencies(/home/a/ws_nhk/install/moveit_resources_panda_description/share/colcon-core/packages/moveit_resources_panda_description)
[2.257s] [34mcolcon.colcon_core.environment[0m [1;30mLevel 1[0m create_environment_scripts_only(moveit_resources_panda_description)
[2.258s] [34mcolcon.colcon_core.environment[0m [1;30mLevel 1[0m checking '/home/a/ws_nhk/install/moveit_resources_panda_description' for CMake module files
[2.261s] [34mcolcon.colcon_core.environment[0m [1;30mLevel 1[0m checking '/home/a/ws_nhk/install/moveit_resources_panda_description' for CMake config files
[2.262s] [34mcolcon.colcon_core.shell[0m [1;30mLevel 1[0m create_environment_hook('moveit_resources_panda_description', 'cmake_prefix_path')
[2.263s] [34mcolcon.colcon_core.shell[0m [1;30mINFO[0m Creating environment hook '/home/a/ws_nhk/install/moveit_resources_panda_description/share/moveit_resources_panda_description/hook/cmake_prefix_path.ps1'
[2.264s] [34mcolcon.colcon_core.shell[0m [1;30mINFO[0m Creating environment descriptor '/home/a/ws_nhk/install/moveit_resources_panda_description/share/moveit_resources_panda_description/hook/cmake_prefix_path.dsv'
[2.265s] [34mcolcon.colcon_core.shell[0m [1;30mINFO[0m Creating environment hook '/home/a/ws_nhk/install/moveit_resources_panda_description/share/moveit_resources_panda_description/hook/cmake_prefix_path.sh'
[2.267s] [34mcolcon.colcon_core.environment[0m [1;30mLevel 1[0m checking '/home/a/ws_nhk/install/moveit_resources_panda_description/bin'
[2.268s] [34mcolcon.colcon_core.environment[0m [1;30mLevel 1[0m checking '/home/a/ws_nhk/install/moveit_resources_panda_description/lib/pkgconfig/moveit_resources_panda_description.pc'
[2.268s] [34mcolcon.colcon_core.environment[0m [1;30mLevel 1[0m checking '/home/a/ws_nhk/install/moveit_resources_panda_description/lib/python3.10/site-packages'
[2.269s] [34mcolcon.colcon_core.environment[0m [1;30mLevel 1[0m checking '/home/a/ws_nhk/install/moveit_resources_panda_description/bin'
[2.270s] [34mcolcon.colcon_core.shell[0m [1;30mINFO[0m Creating package script '/home/a/ws_nhk/install/moveit_resources_panda_description/share/moveit_resources_panda_description/package.ps1'
[2.271s] [34mcolcon.colcon_core.shell[0m [1;30mINFO[0m Creating package descriptor '/home/a/ws_nhk/install/moveit_resources_panda_description/share/moveit_resources_panda_description/package.dsv'
[2.274s] [34mcolcon.colcon_core.shell[0m [1;30mINFO[0m Creating package script '/home/a/ws_nhk/install/moveit_resources_panda_description/share/moveit_resources_panda_description/package.sh'
[2.278s] [34mcolcon.colcon_core.shell[0m [1;30mINFO[0m Creating package script '/home/a/ws_nhk/install/moveit_resources_panda_description/share/moveit_resources_panda_description/package.bash'
[2.279s] [34mcolcon.colcon_core.shell[0m [1;30mINFO[0m Creating package script '/home/a/ws_nhk/install/moveit_resources_panda_description/share/moveit_resources_panda_description/package.zsh'
[2.281s] [34mcolcon.colcon_core.environment[0m [1;30mLevel 1[0m create_file_with_runtime_dependencies(/home/a/ws_nhk/install/moveit_resources_panda_description/share/colcon-core/packages/moveit_resources_panda_description)
[2.282s] [34mcolcon.colcon_core.environment[0m [1;30mLevel 1[0m create_environment_scripts_only(moveit_resources_prbt_support)
[2.283s] [34mcolcon.colcon_core.environment[0m [1;30mLevel 1[0m checking '/home/a/ws_nhk/install/moveit_resources_prbt_support' for CMake module files
[2.285s] [34mcolcon.colcon_core.environment[0m [1;30mLevel 1[0m checking '/home/a/ws_nhk/install/moveit_resources_prbt_support' for CMake config files
[2.287s] [34mcolcon.colcon_core.shell[0m [1;30mLevel 1[0m create_environment_hook('moveit_resources_prbt_support', 'cmake_prefix_path')
[2.288s] [34mcolcon.colcon_core.shell[0m [1;30mINFO[0m Creating environment hook '/home/a/ws_nhk/install/moveit_resources_prbt_support/share/moveit_resources_prbt_support/hook/cmake_prefix_path.ps1'
[2.289s] [34mcolcon.colcon_core.shell[0m [1;30mINFO[0m Creating environment descriptor '/home/a/ws_nhk/install/moveit_resources_prbt_support/share/moveit_resources_prbt_support/hook/cmake_prefix_path.dsv'
[2.291s] [34mcolcon.colcon_core.shell[0m [1;30mINFO[0m Creating environment hook '/home/a/ws_nhk/install/moveit_resources_prbt_support/share/moveit_resources_prbt_support/hook/cmake_prefix_path.sh'
[2.293s] [34mcolcon.colcon_core.environment[0m [1;30mLevel 1[0m checking '/home/a/ws_nhk/install/moveit_resources_prbt_support/bin'
[2.293s] [34mcolcon.colcon_core.environment[0m [1;30mLevel 1[0m checking '/home/a/ws_nhk/install/moveit_resources_prbt_support/lib/pkgconfig/moveit_resources_prbt_support.pc'
[2.294s] [34mcolcon.colcon_core.environment[0m [1;30mLevel 1[0m checking '/home/a/ws_nhk/install/moveit_resources_prbt_support/lib/python3.10/site-packages'
[2.295s] [34mcolcon.colcon_core.environment[0m [1;30mLevel 1[0m checking '/home/a/ws_nhk/install/moveit_resources_prbt_support/bin'
[2.295s] [34mcolcon.colcon_core.shell[0m [1;30mINFO[0m Creating package script '/home/a/ws_nhk/install/moveit_resources_prbt_support/share/moveit_resources_prbt_support/package.ps1'
[2.297s] [34mcolcon.colcon_core.shell[0m [1;30mINFO[0m Creating package descriptor '/home/a/ws_nhk/install/moveit_resources_prbt_support/share/moveit_resources_prbt_support/package.dsv'
[2.298s] [34mcolcon.colcon_core.shell[0m [1;30mINFO[0m Creating package script '/home/a/ws_nhk/install/moveit_resources_prbt_support/share/moveit_resources_prbt_support/package.sh'
[2.300s] [34mcolcon.colcon_core.shell[0m [1;30mINFO[0m Creating package script '/home/a/ws_nhk/install/moveit_resources_prbt_support/share/moveit_resources_prbt_support/package.bash'
[2.302s] [34mcolcon.colcon_core.event_handler.log_command[0m [1;30mDEBUG[0m [32mInvoked command in '/home/a/ws_nhk/build/dynamixel_sdk_custom_interfaces' returned '0': CMAKE_PREFIX_PATH=${CMAKE_PREFIX_PATH}:/home/a/ws_nhk/install/ikeyaMD_wizard:/home/a/ws_nhk/install/moveit_configs_utils:/home/a/ws_nhk/install/rogidrive:/home/a/ws_nhk/install/launch_param_builder:/home/a/ws_nhk/install/dynamixel_controller_gui:/home/a/ws_nhk/install/dynamixel_controller_client:/opt/ros/humble /usr/bin/cmake --build /home/a/ws_nhk/build/dynamixel_sdk_custom_interfaces -- -j22 -l22[0m
[2.303s] [34mcolcon.colcon_core.shell[0m [1;30mINFO[0m Creating package script '/home/a/ws_nhk/install/moveit_resources_prbt_support/share/moveit_resources_prbt_support/package.zsh'
[2.306s] [34mcolcon.colcon_core.event_handler.log_command[0m [1;30mDEBUG[0m [32mInvoking command in '/home/a/ws_nhk/build/dynamixel_sdk_custom_interfaces': CMAKE_PREFIX_PATH=${CMAKE_PREFIX_PATH}:/home/a/ws_nhk/install/ikeyaMD_wizard:/home/a/ws_nhk/install/moveit_configs_utils:/home/a/ws_nhk/install/rogidrive:/home/a/ws_nhk/install/launch_param_builder:/home/a/ws_nhk/install/dynamixel_controller_gui:/home/a/ws_nhk/install/dynamixel_controller_client:/opt/ros/humble /usr/bin/cmake --install /home/a/ws_nhk/build/dynamixel_sdk_custom_interfaces[0m
[2.307s] [34mcolcon.colcon_core.environment[0m [1;30mLevel 1[0m create_file_with_runtime_dependencies(/home/a/ws_nhk/install/moveit_resources_prbt_support/share/colcon-core/packages/moveit_resources_prbt_support)
[2.307s] [34mcolcon.colcon_core.event_handler.log_command[0m [1;30mDEBUG[0m [32mInvoked command in '/home/a/ws_nhk/build/arm_v20_description' returned '0': CMAKE_PREFIX_PATH=${CMAKE_PREFIX_PATH}:/home/a/ws_nhk/install/ikeyaMD_wizard:/home/a/ws_nhk/install/moveit_configs_utils:/home/a/ws_nhk/install/rogidrive:/home/a/ws_nhk/install/launch_param_builder:/home/a/ws_nhk/install/dynamixel_controller_gui:/home/a/ws_nhk/install/dynamixel_controller_client:/opt/ros/humble /usr/bin/cmake --install /home/a/ws_nhk/build/arm_v20_description[0m
[2.309s] [34mcolcon.colcon_core.event_handler.log_command[0m [1;30mDEBUG[0m [32mInvoked command in '/home/a/ws_nhk/build/moveit_resources_panda_description' returned '0': CMAKE_PREFIX_PATH=${CMAKE_PREFIX_PATH}:/home/a/ws_nhk/install/ikeyaMD_wizard:/home/a/ws_nhk/install/moveit_configs_utils:/home/a/ws_nhk/install/rogidrive:/home/a/ws_nhk/install/launch_param_builder:/home/a/ws_nhk/install/dynamixel_controller_gui:/home/a/ws_nhk/install/dynamixel_controller_client:/opt/ros/humble /usr/bin/cmake --install /home/a/ws_nhk/build/moveit_resources_panda_description[0m
[2.311s] [34mcolcon.colcon_core.environment[0m [1;30mLevel 1[0m create_environment_scripts_only(moveit_resources_prbt_support)
[2.311s] [34mcolcon.colcon_core.environment[0m [1;30mLevel 1[0m checking '/home/a/ws_nhk/install/moveit_resources_prbt_support' for CMake module files
[2.312s] [34mcolcon.colcon_core.event_handler.log_command[0m [1;30mDEBUG[0m [32mInvoked command in '/home/a/ws_nhk/build/moveit_resources_prbt_support' returned '0': CMAKE_PREFIX_PATH=${CMAKE_PREFIX_PATH}:/home/a/ws_nhk/install/ikeyaMD_wizard:/home/a/ws_nhk/install/moveit_configs_utils:/home/a/ws_nhk/install/rogidrive:/home/a/ws_nhk/install/launch_param_builder:/home/a/ws_nhk/install/dynamixel_controller_gui:/home/a/ws_nhk/install/dynamixel_controller_client:/opt/ros/humble /usr/bin/cmake --install /home/a/ws_nhk/build/moveit_resources_prbt_support[0m
[2.313s] [34mcolcon.colcon_core.environment[0m [1;30mLevel 1[0m checking '/home/a/ws_nhk/install/moveit_resources_prbt_support' for CMake config files
[2.314s] [34mcolcon.colcon_core.shell[0m [1;30mLevel 1[0m create_environment_hook('moveit_resources_prbt_support', 'cmake_prefix_path')
[2.314s] [34mcolcon.colcon_core.shell[0m [1;30mINFO[0m Creating environment hook '/home/a/ws_nhk/install/moveit_resources_prbt_support/share/moveit_resources_prbt_support/hook/cmake_prefix_path.ps1'
[2.315s] [34mcolcon.colcon_core.shell[0m [1;30mINFO[0m Creating environment descriptor '/home/a/ws_nhk/install/moveit_resources_prbt_support/share/moveit_resources_prbt_support/hook/cmake_prefix_path.dsv'
[2.316s] [34mcolcon.colcon_core.shell[0m [1;30mINFO[0m Creating environment hook '/home/a/ws_nhk/install/moveit_resources_prbt_support/share/moveit_resources_prbt_support/hook/cmake_prefix_path.sh'
[2.317s] [34mcolcon.colcon_core.environment[0m [1;30mLevel 1[0m checking '/home/a/ws_nhk/install/moveit_resources_prbt_support/bin'
[2.317s] [34mcolcon.colcon_core.environment[0m [1;30mLevel 1[0m checking '/home/a/ws_nhk/install/moveit_resources_prbt_support/lib/pkgconfig/moveit_resources_prbt_support.pc'
[2.317s] [34mcolcon.colcon_core.environment[0m [1;30mLevel 1[0m checking '/home/a/ws_nhk/install/moveit_resources_prbt_support/lib/python3.10/site-packages'
[2.318s] [34mcolcon.colcon_core.environment[0m [1;30mLevel 1[0m checking '/home/a/ws_nhk/install/moveit_resources_prbt_support/bin'
[2.319s] [34mcolcon.colcon_core.shell[0m [1;30mINFO[0m Creating package script '/home/a/ws_nhk/install/moveit_resources_prbt_support/share/moveit_resources_prbt_support/package.ps1'
[2.320s] [34mcolcon.colcon_core.shell[0m [1;30mINFO[0m Creating package descriptor '/home/a/ws_nhk/install/moveit_resources_prbt_support/share/moveit_resources_prbt_support/package.dsv'
[2.321s] [34mcolcon.colcon_core.shell[0m [1;30mINFO[0m Creating package script '/home/a/ws_nhk/install/moveit_resources_prbt_support/share/moveit_resources_prbt_support/package.sh'
[2.322s] [34mcolcon.colcon_core.shell[0m [1;30mINFO[0m Creating package script '/home/a/ws_nhk/install/moveit_resources_prbt_support/share/moveit_resources_prbt_support/package.bash'
[2.323s] [34mcolcon.colcon_core.shell[0m [1;30mINFO[0m Creating package script '/home/a/ws_nhk/install/moveit_resources_prbt_support/share/moveit_resources_prbt_support/package.zsh'
[2.325s] [34mcolcon.colcon_core.environment[0m [1;30mLevel 1[0m create_file_with_runtime_dependencies(/home/a/ws_nhk/install/moveit_resources_prbt_support/share/colcon-core/packages/moveit_resources_prbt_support)
[2.325s] [34mcolcon.colcon_core.environment[0m [1;30mLevel 1[0m create_environment_scripts_only(a_r2_description)
[2.326s] [34mcolcon.colcon_core.environment[0m [1;30mLevel 1[0m checking '/home/a/ws_nhk/install/a_r2_description' for CMake module files
[2.328s] [34mcolcon.colcon_core.event_handler.log_command[0m [1;30mDEBUG[0m [32mInvoked command in '/home/a/ws_nhk/build/a_r2_description' returned '0': CMAKE_PREFIX_PATH=${CMAKE_PREFIX_PATH}:/home/a/ws_nhk/install/ikeyaMD_wizard:/home/a/ws_nhk/install/moveit_configs_utils:/home/a/ws_nhk/install/rogidrive:/home/a/ws_nhk/install/launch_param_builder:/home/a/ws_nhk/install/dynamixel_controller_gui:/home/a/ws_nhk/install/dynamixel_controller_client:/opt/ros/humble /usr/bin/cmake --install /home/a/ws_nhk/build/a_r2_description[0m
[2.328s] [34mcolcon.colcon_core.environment[0m [1;30mLevel 1[0m checking '/home/a/ws_nhk/install/a_r2_description' for CMake config files
[2.329s] [34mcolcon.colcon_core.shell[0m [1;30mLevel 1[0m create_environment_hook('a_r2_description', 'cmake_prefix_path')
[2.330s] [34mcolcon.colcon_core.shell[0m [1;30mINFO[0m Creating environment hook '/home/a/ws_nhk/install/a_r2_description/share/a_r2_description/hook/cmake_prefix_path.ps1'
[2.331s] [34mcolcon.colcon_core.shell[0m [1;30mINFO[0m Creating environment descriptor '/home/a/ws_nhk/install/a_r2_description/share/a_r2_description/hook/cmake_prefix_path.dsv'
[2.331s] [34mcolcon.colcon_core.shell[0m [1;30mINFO[0m Creating environment hook '/home/a/ws_nhk/install/a_r2_description/share/a_r2_description/hook/cmake_prefix_path.sh'
[2.332s] [34mcolcon.colcon_core.environment[0m [1;30mLevel 1[0m checking '/home/a/ws_nhk/install/a_r2_description/bin'
[2.333s] [34mcolcon.colcon_core.environment[0m [1;30mLevel 1[0m checking '/home/a/ws_nhk/install/a_r2_description/lib/pkgconfig/a_r2_description.pc'
[2.333s] [34mcolcon.colcon_core.environment[0m [1;30mLevel 1[0m checking '/home/a/ws_nhk/install/a_r2_description/lib/python3.10/site-packages'
[2.334s] [34mcolcon.colcon_core.environment[0m [1;30mLevel 1[0m checking '/home/a/ws_nhk/install/a_r2_description/bin'
[2.335s] [34mcolcon.colcon_core.shell[0m [1;30mINFO[0m Creating package script '/home/a/ws_nhk/install/a_r2_description/share/a_r2_description/package.ps1'
[2.335s] [34mcolcon.colcon_core.shell[0m [1;30mINFO[0m Creating package descriptor '/home/a/ws_nhk/install/a_r2_description/share/a_r2_description/package.dsv'
[2.336s] [34mcolcon.colcon_core.shell[0m [1;30mINFO[0m Creating package script '/home/a/ws_nhk/install/a_r2_description/share/a_r2_description/package.sh'
[2.337s] [34mcolcon.colcon_core.shell[0m [1;30mINFO[0m Creating package script '/home/a/ws_nhk/install/a_r2_description/share/a_r2_description/package.bash'
[2.338s] [34mcolcon.colcon_core.shell[0m [1;30mINFO[0m Creating package script '/home/a/ws_nhk/install/a_r2_description/share/a_r2_description/package.zsh'
[2.338s] [34mcolcon.colcon_core.environment[0m [1;30mLevel 1[0m create_file_with_runtime_dependencies(/home/a/ws_nhk/install/a_r2_description/share/colcon-core/packages/a_r2_description)
[2.340s] [34mcolcon.colcon_core.environment[0m [1;30mLevel 1[0m create_environment_scripts_only(a_r2_description)
[2.340s] [34mcolcon.colcon_core.environment[0m [1;30mLevel 1[0m checking '/home/a/ws_nhk/install/a_r2_description' for CMake module files
[2.341s] [34mcolcon.colcon_core.environment[0m [1;30mLevel 1[0m checking '/home/a/ws_nhk/install/a_r2_description' for CMake config files
[2.341s] [34mcolcon.colcon_core.shell[0m [1;30mLevel 1[0m create_environment_hook('a_r2_description', 'cmake_prefix_path')
[2.342s] [34mcolcon.colcon_core.shell[0m [1;30mINFO[0m Creating environment hook '/home/a/ws_nhk/install/a_r2_description/share/a_r2_description/hook/cmake_prefix_path.ps1'
[2.343s] [34mcolcon.colcon_core.shell[0m [1;30mINFO[0m Creating environment descriptor '/home/a/ws_nhk/install/a_r2_description/share/a_r2_description/hook/cmake_prefix_path.dsv'
[2.343s] [34mcolcon.colcon_core.shell[0m [1;30mINFO[0m Creating environment hook '/home/a/ws_nhk/install/a_r2_description/share/a_r2_description/hook/cmake_prefix_path.sh'
[2.345s] [34mcolcon.colcon_core.environment[0m [1;30mLevel 1[0m checking '/home/a/ws_nhk/install/a_r2_description/bin'
[2.345s] [34mcolcon.colcon_core.environment[0m [1;30mLevel 1[0m checking '/home/a/ws_nhk/install/a_r2_description/lib/pkgconfig/a_r2_description.pc'
[2.345s] [34mcolcon.colcon_core.environment[0m [1;30mLevel 1[0m checking '/home/a/ws_nhk/install/a_r2_description/lib/python3.10/site-packages'
[2.346s] [34mcolcon.colcon_core.environment[0m [1;30mLevel 1[0m checking '/home/a/ws_nhk/install/a_r2_description/bin'
[2.347s] [34mcolcon.colcon_core.shell[0m [1;30mINFO[0m Creating package script '/home/a/ws_nhk/install/a_r2_description/share/a_r2_description/package.ps1'
[2.348s] [34mcolcon.colcon_core.shell[0m [1;30mINFO[0m Creating package descriptor '/home/a/ws_nhk/install/a_r2_description/share/a_r2_description/package.dsv'
[2.348s] [34mcolcon.colcon_core.shell[0m [1;30mINFO[0m Creating package script '/home/a/ws_nhk/install/a_r2_description/share/a_r2_description/package.sh'
[2.349s] [34mcolcon.colcon_core.shell[0m [1;30mINFO[0m Creating package script '/home/a/ws_nhk/install/a_r2_description/share/a_r2_description/package.bash'
[2.350s] [34mcolcon.colcon_core.shell[0m [1;30mINFO[0m Creating package script '/home/a/ws_nhk/install/a_r2_description/share/a_r2_description/package.zsh'
[2.351s] [34mcolcon.colcon_core.environment[0m [1;30mLevel 1[0m create_file_with_runtime_dependencies(/home/a/ws_nhk/install/a_r2_description/share/colcon-core/packages/a_r2_description)
[2.354s] [34mcolcon.colcon_ros.task.ament_cmake.build[0m [1;30mINFO[0m Building ROS package in '/home/a/ws_nhk/src/moveit_resources/panda_moveit_config' with build type 'ament_cmake'
[2.355s] [34mcolcon.colcon_cmake.task.cmake.build[0m [1;30mINFO[0m Building CMake package in '/home/a/ws_nhk/src/moveit_resources/panda_moveit_config'
[2.355s] [34mcolcon.colcon_core.shell[0m [1;30mINFO[0m Skip shell extension 'powershell' for command environment: Not usable outside of PowerShell
[2.355s] [34mcolcon.colcon_core.shell[0m [1;30mDEBUG[0m [32mSkip shell extension 'dsv' for command environment[0m
[2.548s] [34mcolcon.colcon_ros.task.ament_cmake.build[0m [1;30mINFO[0m Building ROS package in '/home/a/ws_nhk/src/moveit_resources/fanuc_moveit_config' with build type 'ament_cmake'
[2.548s] [34mcolcon.colcon_cmake.task.cmake.build[0m [1;30mINFO[0m Building CMake package in '/home/a/ws_nhk/src/moveit_resources/fanuc_moveit_config'
[2.549s] [34mcolcon.colcon_core.shell[0m [1;30mINFO[0m Skip shell extension 'powershell' for command environment: Not usable outside of PowerShell
[2.550s] [34mcolcon.colcon_core.shell[0m [1;30mDEBUG[0m [32mSkip shell extension 'dsv' for command environment[0m
[2.574s] [34mcolcon.colcon_core.environment[0m [1;30mLevel 1[0m create_environment_scripts_only(moveit_common)
[2.575s] [34mcolcon.colcon_core.environment[0m [1;30mLevel 1[0m checking '/home/a/ws_nhk/install/moveit_common' for CMake module files
[2.577s] [34mcolcon.colcon_core.event_handler.log_command[0m [1;30mDEBUG[0m [32mInvoked command in '/home/a/ws_nhk/build/moveit_common' returned '0': CMAKE_PREFIX_PATH=${CMAKE_PREFIX_PATH}:/home/a/ws_nhk/install/ikeyaMD_wizard:/home/a/ws_nhk/install/moveit_configs_utils:/home/a/ws_nhk/install/rogidrive:/home/a/ws_nhk/install/launch_param_builder:/home/a/ws_nhk/install/dynamixel_controller_gui:/home/a/ws_nhk/install/dynamixel_controller_client:/opt/ros/humble /usr/bin/cmake --install /home/a/ws_nhk/build/moveit_common[0m
[2.580s] [34mcolcon.colcon_core.environment[0m [1;30mLevel 1[0m checking '/home/a/ws_nhk/install/moveit_common' for CMake config files
[2.583s] [34mcolcon.colcon_core.shell[0m [1;30mLevel 1[0m create_environment_hook('moveit_common', 'cmake_prefix_path')
[2.584s] [34mcolcon.colcon_core.shell[0m [1;30mINFO[0m Creating environment hook '/home/a/ws_nhk/install/moveit_common/share/moveit_common/hook/cmake_prefix_path.ps1'
[2.587s] [34mcolcon.colcon_core.shell[0m [1;30mINFO[0m Creating environment descriptor '/home/a/ws_nhk/install/moveit_common/share/moveit_common/hook/cmake_prefix_path.dsv'
[2.589s] [34mcolcon.colcon_core.shell[0m [1;30mINFO[0m Creating environment hook '/home/a/ws_nhk/install/moveit_common/share/moveit_common/hook/cmake_prefix_path.sh'
[2.593s] [34mcolcon.colcon_core.environment[0m [1;30mLevel 1[0m checking '/home/a/ws_nhk/install/moveit_common/bin'
[2.594s] [34mcolcon.colcon_core.environment[0m [1;30mLevel 1[0m checking '/home/a/ws_nhk/install/moveit_common/lib/pkgconfig/moveit_common.pc'
[2.594s] [34mcolcon.colcon_core.environment[0m [1;30mLevel 1[0m checking '/home/a/ws_nhk/install/moveit_common/lib/python3.10/site-packages'
[2.596s] [34mcolcon.colcon_core.environment[0m [1;30mLevel 1[0m checking '/home/a/ws_nhk/install/moveit_common/bin'
[2.597s] [34mcolcon.colcon_core.shell[0m [1;30mINFO[0m Creating package script '/home/a/ws_nhk/install/moveit_common/share/moveit_common/package.ps1'
[2.600s] [34mcolcon.colcon_core.shell[0m [1;30mINFO[0m Creating package descriptor '/home/a/ws_nhk/install/moveit_common/share/moveit_common/package.dsv'
[2.604s] [34mcolcon.colcon_core.shell[0m [1;30mINFO[0m Creating package script '/home/a/ws_nhk/install/moveit_common/share/moveit_common/package.sh'
[2.606s] [34mcolcon.colcon_core.shell[0m [1;30mINFO[0m Creating package script '/home/a/ws_nhk/install/moveit_common/share/moveit_common/package.bash'
[2.607s] [34mcolcon.colcon_core.shell[0m [1;30mINFO[0m Creating package script '/home/a/ws_nhk/install/moveit_common/share/moveit_common/package.zsh'
[2.608s] [34mcolcon.colcon_core.environment[0m [1;30mLevel 1[0m create_file_with_runtime_dependencies(/home/a/ws_nhk/install/moveit_common/share/colcon-core/packages/moveit_common)
[2.610s] [34mcolcon.colcon_core.environment[0m [1;30mLevel 1[0m create_environment_scripts_only(moveit_common)
[2.611s] [34mcolcon.colcon_core.environment[0m [1;30mLevel 1[0m checking '/home/a/ws_nhk/install/moveit_common' for CMake module files
[2.613s] [34mcolcon.colcon_core.environment[0m [1;30mLevel 1[0m checking '/home/a/ws_nhk/install/moveit_common' for CMake config files
[2.614s] [34mcolcon.colcon_core.shell[0m [1;30mLevel 1[0m create_environment_hook('moveit_common', 'cmake_prefix_path')
[2.615s] [34mcolcon.colcon_core.shell[0m [1;30mINFO[0m Creating environment hook '/home/a/ws_nhk/install/moveit_common/share/moveit_common/hook/cmake_prefix_path.ps1'
[2.617s] [34mcolcon.colcon_core.shell[0m [1;30mINFO[0m Creating environment descriptor '/home/a/ws_nhk/install/moveit_common/share/moveit_common/hook/cmake_prefix_path.dsv'
[2.618s] [34mcolcon.colcon_core.shell[0m [1;30mINFO[0m Creating environment hook '/home/a/ws_nhk/install/moveit_common/share/moveit_common/hook/cmake_prefix_path.sh'
[2.620s] [34mcolcon.colcon_core.environment[0m [1;30mLevel 1[0m checking '/home/a/ws_nhk/install/moveit_common/bin'
[2.620s] [34mcolcon.colcon_core.environment[0m [1;30mLevel 1[0m checking '/home/a/ws_nhk/install/moveit_common/lib/pkgconfig/moveit_common.pc'
[2.621s] [34mcolcon.colcon_core.environment[0m [1;30mLevel 1[0m checking '/home/a/ws_nhk/install/moveit_common/lib/python3.10/site-packages'
[2.622s] [34mcolcon.colcon_core.environment[0m [1;30mLevel 1[0m checking '/home/a/ws_nhk/install/moveit_common/bin'
[2.622s] [34mcolcon.colcon_core.shell[0m [1;30mINFO[0m Creating package script '/home/a/ws_nhk/install/moveit_common/share/moveit_common/package.ps1'
[2.624s] [34mcolcon.colcon_core.shell[0m [1;30mINFO[0m Creating package descriptor '/home/a/ws_nhk/install/moveit_common/share/moveit_common/package.dsv'
[2.626s] [34mcolcon.colcon_core.shell[0m [1;30mINFO[0m Creating package script '/home/a/ws_nhk/install/moveit_common/share/moveit_common/package.sh'
[2.628s] [34mcolcon.colcon_core.shell[0m [1;30mINFO[0m Creating package script '/home/a/ws_nhk/install/moveit_common/share/moveit_common/package.bash'
[2.637s] [34mcolcon.colcon_core.shell[0m [1;30mINFO[0m Creating package script '/home/a/ws_nhk/install/moveit_common/share/moveit_common/package.zsh'
[2.643s] [34mcolcon.colcon_core.environment[0m [1;30mLevel 1[0m create_file_with_runtime_dependencies(/home/a/ws_nhk/install/moveit_common/share/colcon-core/packages/moveit_common)
[2.644s] [34mcolcon.colcon_core.environment[0m [1;30mLevel 1[0m create_environment_scripts_only(arm_module_description)
[2.645s] [34mcolcon.colcon_core.environment[0m [1;30mLevel 1[0m checking '/home/a/ws_nhk/install/arm_module_description' for CMake module files
[2.647s] [34mcolcon.colcon_core.event_handler.log_command[0m [1;30mDEBUG[0m [32mInvoked command in '/home/a/ws_nhk/build/arm_module_description' returned '0': CMAKE_PREFIX_PATH=${CMAKE_PREFIX_PATH}:/home/a/ws_nhk/install/ikeyaMD_wizard:/home/a/ws_nhk/install/moveit_configs_utils:/home/a/ws_nhk/install/rogidrive:/home/a/ws_nhk/install/launch_param_builder:/home/a/ws_nhk/install/dynamixel_controller_gui:/home/a/ws_nhk/install/dynamixel_controller_client:/opt/ros/humble /usr/bin/cmake --install /home/a/ws_nhk/build/arm_module_description[0m
[2.648s] [34mcolcon.colcon_core.environment[0m [1;30mLevel 1[0m checking '/home/a/ws_nhk/install/arm_module_description' for CMake config files
[2.648s] [34mcolcon.colcon_core.shell[0m [1;30mLevel 1[0m create_environment_hook('arm_module_description', 'cmake_prefix_path')
[2.649s] [34mcolcon.colcon_core.shell[0m [1;30mINFO[0m Creating environment hook '/home/a/ws_nhk/install/arm_module_description/share/arm_module_description/hook/cmake_prefix_path.ps1'
[2.650s] [34mcolcon.colcon_core.shell[0m [1;30mINFO[0m Creating environment descriptor '/home/a/ws_nhk/install/arm_module_description/share/arm_module_description/hook/cmake_prefix_path.dsv'
[2.651s] [34mcolcon.colcon_core.shell[0m [1;30mINFO[0m Creating environment hook '/home/a/ws_nhk/install/arm_module_description/share/arm_module_description/hook/cmake_prefix_path.sh'
[2.652s] [34mcolcon.colcon_core.environment[0m [1;30mLevel 1[0m checking '/home/a/ws_nhk/install/arm_module_description/bin'
[2.652s] [34mcolcon.colcon_core.environment[0m [1;30mLevel 1[0m checking '/home/a/ws_nhk/install/arm_module_description/lib/pkgconfig/arm_module_description.pc'
[2.653s] [34mcolcon.colcon_core.environment[0m [1;30mLevel 1[0m checking '/home/a/ws_nhk/install/arm_module_description/lib/python3.10/site-packages'
[2.654s] [34mcolcon.colcon_core.environment[0m [1;30mLevel 1[0m checking '/home/a/ws_nhk/install/arm_module_description/bin'
[2.655s] [34mcolcon.colcon_core.shell[0m [1;30mINFO[0m Creating package script '/home/a/ws_nhk/install/arm_module_description/share/arm_module_description/package.ps1'
[2.656s] [34mcolcon.colcon_core.shell[0m [1;30mINFO[0m Creating package descriptor '/home/a/ws_nhk/install/arm_module_description/share/arm_module_description/package.dsv'
[2.657s] [34mcolcon.colcon_core.shell[0m [1;30mINFO[0m Creating package script '/home/a/ws_nhk/install/arm_module_description/share/arm_module_description/package.sh'
[2.657s] [34mcolcon.colcon_core.shell[0m [1;30mINFO[0m Creating package script '/home/a/ws_nhk/install/arm_module_description/share/arm_module_description/package.bash'
[2.658s] [34mcolcon.colcon_core.shell[0m [1;30mINFO[0m Creating package script '/home/a/ws_nhk/install/arm_module_description/share/arm_module_description/package.zsh'
[2.659s] [34mcolcon.colcon_core.environment[0m [1;30mLevel 1[0m create_file_with_runtime_dependencies(/home/a/ws_nhk/install/arm_module_description/share/colcon-core/packages/arm_module_description)
[2.660s] [34mcolcon.colcon_core.environment[0m [1;30mLevel 1[0m create_environment_scripts_only(arm_module_description)
[2.661s] [34mcolcon.colcon_core.environment[0m [1;30mLevel 1[0m checking '/home/a/ws_nhk/install/arm_module_description' for CMake module files
[2.663s] [34mcolcon.colcon_core.environment[0m [1;30mLevel 1[0m checking '/home/a/ws_nhk/install/arm_module_description' for CMake config files
[2.663s] [34mcolcon.colcon_core.shell[0m [1;30mLevel 1[0m create_environment_hook('arm_module_description', 'cmake_prefix_path')
[2.664s] [34mcolcon.colcon_core.shell[0m [1;30mINFO[0m Creating environment hook '/home/a/ws_nhk/install/arm_module_description/share/arm_module_description/hook/cmake_prefix_path.ps1'
[2.665s] [34mcolcon.colcon_core.shell[0m [1;30mINFO[0m Creating environment descriptor '/home/a/ws_nhk/install/arm_module_description/share/arm_module_description/hook/cmake_prefix_path.dsv'
[2.666s] [34mcolcon.colcon_core.shell[0m [1;30mINFO[0m Creating environment hook '/home/a/ws_nhk/install/arm_module_description/share/arm_module_description/hook/cmake_prefix_path.sh'
[2.667s] [34mcolcon.colcon_core.environment[0m [1;30mLevel 1[0m checking '/home/a/ws_nhk/install/arm_module_description/bin'
[2.667s] [34mcolcon.colcon_core.environment[0m [1;30mLevel 1[0m checking '/home/a/ws_nhk/install/arm_module_description/lib/pkgconfig/arm_module_description.pc'
[2.668s] [34mcolcon.colcon_core.environment[0m [1;30mLevel 1[0m checking '/home/a/ws_nhk/install/arm_module_description/lib/python3.10/site-packages'
[2.668s] [34mcolcon.colcon_core.environment[0m [1;30mLevel 1[0m checking '/home/a/ws_nhk/install/arm_module_description/bin'
[2.669s] [34mcolcon.colcon_core.shell[0m [1;30mINFO[0m Creating package script '/home/a/ws_nhk/install/arm_module_description/share/arm_module_description/package.ps1'
[2.670s] [34mcolcon.colcon_core.shell[0m [1;30mINFO[0m Creating package descriptor '/home/a/ws_nhk/install/arm_module_description/share/arm_module_description/package.dsv'
[2.671s] [34mcolcon.colcon_core.shell[0m [1;30mINFO[0m Creating package script '/home/a/ws_nhk/install/arm_module_description/share/arm_module_description/package.sh'
[2.672s] [34mcolcon.colcon_core.shell[0m [1;30mINFO[0m Creating package script '/home/a/ws_nhk/install/arm_module_description/share/arm_module_description/package.bash'
[2.673s] [34mcolcon.colcon_core.shell[0m [1;30mINFO[0m Creating package script '/home/a/ws_nhk/install/arm_module_description/share/arm_module_description/package.zsh'
[2.674s] [34mcolcon.colcon_core.environment[0m [1;30mLevel 1[0m create_file_with_runtime_dependencies(/home/a/ws_nhk/install/arm_module_description/share/colcon-core/packages/arm_module_description)
[2.675s] [34mcolcon.colcon_core.environment[0m [1;30mLevel 1[0m create_environment_scripts_only(moveit_resources_pr2_description)
[2.676s] [34mcolcon.colcon_core.environment[0m [1;30mLevel 1[0m checking '/home/a/ws_nhk/install/moveit_resources_pr2_description' for CMake module files
[2.677s] [34mcolcon.colcon_core.environment[0m [1;30mLevel 1[0m checking '/home/a/ws_nhk/install/moveit_resources_pr2_description' for CMake config files
[2.678s] [34mcolcon.colcon_core.event_handler.log_command[0m [1;30mDEBUG[0m [32mInvoked command in '/home/a/ws_nhk/build/moveit_resources_pr2_description' returned '0': CMAKE_PREFIX_PATH=${CMAKE_PREFIX_PATH}:/home/a/ws_nhk/install/ikeyaMD_wizard:/home/a/ws_nhk/install/moveit_configs_utils:/home/a/ws_nhk/install/rogidrive:/home/a/ws_nhk/install/launch_param_builder:/home/a/ws_nhk/install/dynamixel_controller_gui:/home/a/ws_nhk/install/dynamixel_controller_client:/opt/ros/humble /usr/bin/cmake --install /home/a/ws_nhk/build/moveit_resources_pr2_description[0m
[2.680s] [34mcolcon.colcon_core.shell[0m [1;30mLevel 1[0m create_environment_hook('moveit_resources_pr2_description', 'cmake_prefix_path')
[2.681s] [34mcolcon.colcon_core.shell[0m [1;30mINFO[0m Creating environment hook '/home/a/ws_nhk/install/moveit_resources_pr2_description/share/moveit_resources_pr2_description/hook/cmake_prefix_path.ps1'
[2.682s] [34mcolcon.colcon_core.shell[0m [1;30mINFO[0m Creating environment descriptor '/home/a/ws_nhk/install/moveit_resources_pr2_description/share/moveit_resources_pr2_description/hook/cmake_prefix_path.dsv'
[2.683s] [34mcolcon.colcon_core.shell[0m [1;30mINFO[0m Creating environment hook '/home/a/ws_nhk/install/moveit_resources_pr2_description/share/moveit_resources_pr2_description/hook/cmake_prefix_path.sh'
[2.684s] [34mcolcon.colcon_core.environment[0m [1;30mLevel 1[0m checking '/home/a/ws_nhk/install/moveit_resources_pr2_description/bin'
[2.684s] [34mcolcon.colcon_core.environment[0m [1;30mLevel 1[0m checking '/home/a/ws_nhk/install/moveit_resources_pr2_description/lib/pkgconfig/moveit_resources_pr2_description.pc'
[2.685s] [34mcolcon.colcon_core.environment[0m [1;30mLevel 1[0m checking '/home/a/ws_nhk/install/moveit_resources_pr2_description/lib/python3.10/site-packages'
[2.686s] [34mcolcon.colcon_core.environment[0m [1;30mLevel 1[0m checking '/home/a/ws_nhk/install/moveit_resources_pr2_description/bin'
[2.686s] [34mcolcon.colcon_core.shell[0m [1;30mINFO[0m Creating package script '/home/a/ws_nhk/install/moveit_resources_pr2_description/share/moveit_resources_pr2_description/package.ps1'
[2.687s] [34mcolcon.colcon_core.shell[0m [1;30mINFO[0m Creating package descriptor '/home/a/ws_nhk/install/moveit_resources_pr2_description/share/moveit_resources_pr2_description/package.dsv'
[2.688s] [34mcolcon.colcon_core.shell[0m [1;30mINFO[0m Creating package script '/home/a/ws_nhk/install/moveit_resources_pr2_description/share/moveit_resources_pr2_description/package.sh'
[2.689s] [34mcolcon.colcon_core.shell[0m [1;30mINFO[0m Creating package script '/home/a/ws_nhk/install/moveit_resources_pr2_description/share/moveit_resources_pr2_description/package.bash'
[2.690s] [34mcolcon.colcon_core.shell[0m [1;30mINFO[0m Creating package script '/home/a/ws_nhk/install/moveit_resources_pr2_description/share/moveit_resources_pr2_description/package.zsh'
[2.692s] [34mcolcon.colcon_core.environment[0m [1;30mLevel 1[0m create_file_with_runtime_dependencies(/home/a/ws_nhk/install/moveit_resources_pr2_description/share/colcon-core/packages/moveit_resources_pr2_description)
[2.693s] [34mcolcon.colcon_core.environment[0m [1;30mLevel 1[0m create_environment_scripts_only(moveit_resources_pr2_description)
[2.693s] [34mcolcon.colcon_core.environment[0m [1;30mLevel 1[0m checking '/home/a/ws_nhk/install/moveit_resources_pr2_description' for CMake module files
[2.694s] [34mcolcon.colcon_core.environment[0m [1;30mLevel 1[0m checking '/home/a/ws_nhk/install/moveit_resources_pr2_description' for CMake config files
[2.696s] [34mcolcon.colcon_core.shell[0m [1;30mLevel 1[0m create_environment_hook('moveit_resources_pr2_description', 'cmake_prefix_path')
[2.697s] [34mcolcon.colcon_core.shell[0m [1;30mINFO[0m Creating environment hook '/home/a/ws_nhk/install/moveit_resources_pr2_description/share/moveit_resources_pr2_description/hook/cmake_prefix_path.ps1'
[2.698s] [34mcolcon.colcon_core.shell[0m [1;30mINFO[0m Creating environment descriptor '/home/a/ws_nhk/install/moveit_resources_pr2_description/share/moveit_resources_pr2_description/hook/cmake_prefix_path.dsv'
[2.699s] [34mcolcon.colcon_core.shell[0m [1;30mINFO[0m Creating environment hook '/home/a/ws_nhk/install/moveit_resources_pr2_description/share/moveit_resources_pr2_description/hook/cmake_prefix_path.sh'
[2.700s] [34mcolcon.colcon_core.environment[0m [1;30mLevel 1[0m checking '/home/a/ws_nhk/install/moveit_resources_pr2_description/bin'
[2.701s] [34mcolcon.colcon_core.environment[0m [1;30mLevel 1[0m checking '/home/a/ws_nhk/install/moveit_resources_pr2_description/lib/pkgconfig/moveit_resources_pr2_description.pc'
[2.701s] [34mcolcon.colcon_core.environment[0m [1;30mLevel 1[0m checking '/home/a/ws_nhk/install/moveit_resources_pr2_description/lib/python3.10/site-packages'
[2.702s] [34mcolcon.colcon_core.environment[0m [1;30mLevel 1[0m checking '/home/a/ws_nhk/install/moveit_resources_pr2_description/bin'
[2.703s] [34mcolcon.colcon_core.shell[0m [1;30mINFO[0m Creating package script '/home/a/ws_nhk/install/moveit_resources_pr2_description/share/moveit_resources_pr2_description/package.ps1'
[2.704s] [34mcolcon.colcon_core.shell[0m [1;30mINFO[0m Creating package descriptor '/home/a/ws_nhk/install/moveit_resources_pr2_description/share/moveit_resources_pr2_description/package.dsv'
[2.705s] [34mcolcon.colcon_core.shell[0m [1;30mINFO[0m Creating package script '/home/a/ws_nhk/install/moveit_resources_pr2_description/share/moveit_resources_pr2_description/package.sh'
[2.707s] [34mcolcon.colcon_core.shell[0m [1;30mINFO[0m Creating package script '/home/a/ws_nhk/install/moveit_resources_pr2_description/share/moveit_resources_pr2_description/package.bash'
[2.708s] [34mcolcon.colcon_core.shell[0m [1;30mINFO[0m Creating package script '/home/a/ws_nhk/install/moveit_resources_pr2_description/share/moveit_resources_pr2_description/package.zsh'
[2.709s] [34mcolcon.colcon_core.environment[0m [1;30mLevel 1[0m create_file_with_runtime_dependencies(/home/a/ws_nhk/install/moveit_resources_pr2_description/share/colcon-core/packages/moveit_resources_pr2_description)
[2.709s] [34mcolcon.colcon_core.environment[0m [1;30mLevel 1[0m create_environment_scripts_only(dynamixel_sdk)
[2.710s] [34mcolcon.colcon_core.environment[0m [1;30mLevel 1[0m checking '/home/a/ws_nhk/install/dynamixel_sdk' for CMake module files
[2.712s] [34mcolcon.colcon_core.environment[0m [1;30mLevel 1[0m checking '/home/a/ws_nhk/install/dynamixel_sdk' for CMake config files
[2.713s] [34mcolcon.colcon_core.event_handler.log_command[0m [1;30mDEBUG[0m [32mInvoked command in '/home/a/ws_nhk/build/dynamixel_sdk' returned '0': CMAKE_PREFIX_PATH=${CMAKE_PREFIX_PATH}:/home/a/ws_nhk/install/ikeyaMD_wizard:/home/a/ws_nhk/install/moveit_configs_utils:/home/a/ws_nhk/install/rogidrive:/home/a/ws_nhk/install/launch_param_builder:/home/a/ws_nhk/install/dynamixel_controller_gui:/home/a/ws_nhk/install/dynamixel_controller_client:/opt/ros/humble /usr/bin/cmake --install /home/a/ws_nhk/build/dynamixel_sdk[0m
[2.714s] [34mcolcon.colcon_core.shell[0m [1;30mLevel 1[0m create_environment_hook('dynamixel_sdk', 'cmake_prefix_path')
[2.714s] [34mcolcon.colcon_core.shell[0m [1;30mINFO[0m Creating environment hook '/home/a/ws_nhk/install/dynamixel_sdk/share/dynamixel_sdk/hook/cmake_prefix_path.ps1'
[2.715s] [34mcolcon.colcon_core.shell[0m [1;30mINFO[0m Creating environment descriptor '/home/a/ws_nhk/install/dynamixel_sdk/share/dynamixel_sdk/hook/cmake_prefix_path.dsv'
[2.716s] [34mcolcon.colcon_core.shell[0m [1;30mINFO[0m Creating environment hook '/home/a/ws_nhk/install/dynamixel_sdk/share/dynamixel_sdk/hook/cmake_prefix_path.sh'
[2.718s] [34mcolcon.colcon_core.environment[0m [1;30mLevel 1[0m checking '/home/a/ws_nhk/install/dynamixel_sdk/lib'
[2.718s] [34mcolcon.colcon_core.shell[0m [1;30mLevel 1[0m create_environment_hook('dynamixel_sdk', 'ld_library_path_lib')
[2.719s] [34mcolcon.colcon_core.shell[0m [1;30mINFO[0m Creating environment hook '/home/a/ws_nhk/install/dynamixel_sdk/share/dynamixel_sdk/hook/ld_library_path_lib.ps1'
[2.720s] [34mcolcon.colcon_core.shell[0m [1;30mINFO[0m Creating environment descriptor '/home/a/ws_nhk/install/dynamixel_sdk/share/dynamixel_sdk/hook/ld_library_path_lib.dsv'
[2.721s] [34mcolcon.colcon_core.shell[0m [1;30mINFO[0m Creating environment hook '/home/a/ws_nhk/install/dynamixel_sdk/share/dynamixel_sdk/hook/ld_library_path_lib.sh'
[2.722s] [34mcolcon.colcon_core.environment[0m [1;30mLevel 1[0m checking '/home/a/ws_nhk/install/dynamixel_sdk/bin'
[2.722s] [34mcolcon.colcon_core.environment[0m [1;30mLevel 1[0m checking '/home/a/ws_nhk/install/dynamixel_sdk/lib/pkgconfig/dynamixel_sdk.pc'
[2.723s] [34mcolcon.colcon_core.environment[0m [1;30mLevel 1[0m checking '/home/a/ws_nhk/install/dynamixel_sdk/lib/python3.10/site-packages'
[2.724s] [34mcolcon.colcon_core.environment[0m [1;30mLevel 1[0m checking '/home/a/ws_nhk/install/dynamixel_sdk/bin'
[2.725s] [34mcolcon.colcon_core.shell[0m [1;30mINFO[0m Creating package script '/home/a/ws_nhk/install/dynamixel_sdk/share/dynamixel_sdk/package.ps1'
[2.726s] [34mcolcon.colcon_core.shell[0m [1;30mINFO[0m Creating package descriptor '/home/a/ws_nhk/install/dynamixel_sdk/share/dynamixel_sdk/package.dsv'
[2.727s] [34mcolcon.colcon_core.shell[0m [1;30mINFO[0m Creating package script '/home/a/ws_nhk/install/dynamixel_sdk/share/dynamixel_sdk/package.sh'
[2.728s] [34mcolcon.colcon_core.shell[0m [1;30mINFO[0m Creating package script '/home/a/ws_nhk/install/dynamixel_sdk/share/dynamixel_sdk/package.bash'
[2.729s] [34mcolcon.colcon_core.shell[0m [1;30mINFO[0m Creating package script '/home/a/ws_nhk/install/dynamixel_sdk/share/dynamixel_sdk/package.zsh'
[2.730s] [34mcolcon.colcon_core.environment[0m [1;30mLevel 1[0m create_file_with_runtime_dependencies(/home/a/ws_nhk/install/dynamixel_sdk/share/colcon-core/packages/dynamixel_sdk)
[2.731s] [34mcolcon.colcon_core.environment[0m [1;30mLevel 1[0m create_environment_scripts_only(dynamixel_sdk)
[2.732s] [34mcolcon.colcon_core.environment[0m [1;30mLevel 1[0m checking '/home/a/ws_nhk/install/dynamixel_sdk' for CMake module files
[2.733s] [34mcolcon.colcon_core.environment[0m [1;30mLevel 1[0m checking '/home/a/ws_nhk/install/dynamixel_sdk' for CMake config files
[2.733s] [34mcolcon.colcon_core.shell[0m [1;30mLevel 1[0m create_environment_hook('dynamixel_sdk', 'cmake_prefix_path')
[2.734s] [34mcolcon.colcon_core.shell[0m [1;30mINFO[0m Creating environment hook '/home/a/ws_nhk/install/dynamixel_sdk/share/dynamixel_sdk/hook/cmake_prefix_path.ps1'
[2.735s] [34mcolcon.colcon_core.shell[0m [1;30mINFO[0m Creating environment descriptor '/home/a/ws_nhk/install/dynamixel_sdk/share/dynamixel_sdk/hook/cmake_prefix_path.dsv'
[2.736s] [34mcolcon.colcon_core.shell[0m [1;30mINFO[0m Creating environment hook '/home/a/ws_nhk/install/dynamixel_sdk/share/dynamixel_sdk/hook/cmake_prefix_path.sh'
[2.737s] [34mcolcon.colcon_core.environment[0m [1;30mLevel 1[0m checking '/home/a/ws_nhk/install/dynamixel_sdk/lib'
[2.737s] [34mcolcon.colcon_core.shell[0m [1;30mLevel 1[0m create_environment_hook('dynamixel_sdk', 'ld_library_path_lib')
[2.738s] [34mcolcon.colcon_core.shell[0m [1;30mINFO[0m Creating environment hook '/home/a/ws_nhk/install/dynamixel_sdk/share/dynamixel_sdk/hook/ld_library_path_lib.ps1'
[2.739s] [34mcolcon.colcon_core.shell[0m [1;30mINFO[0m Creating environment descriptor '/home/a/ws_nhk/install/dynamixel_sdk/share/dynamixel_sdk/hook/ld_library_path_lib.dsv'
[2.740s] [34mcolcon.colcon_core.shell[0m [1;30mINFO[0m Creating environment hook '/home/a/ws_nhk/install/dynamixel_sdk/share/dynamixel_sdk/hook/ld_library_path_lib.sh'
[2.741s] [34mcolcon.colcon_core.environment[0m [1;30mLevel 1[0m checking '/home/a/ws_nhk/install/dynamixel_sdk/bin'
[2.741s] [34mcolcon.colcon_core.environment[0m [1;30mLevel 1[0m checking '/home/a/ws_nhk/install/dynamixel_sdk/lib/pkgconfig/dynamixel_sdk.pc'
[2.742s] [34mcolcon.colcon_core.environment[0m [1;30mLevel 1[0m checking '/home/a/ws_nhk/install/dynamixel_sdk/lib/python3.10/site-packages'
[2.743s] [34mcolcon.colcon_core.environment[0m [1;30mLevel 1[0m checking '/home/a/ws_nhk/install/dynamixel_sdk/bin'
[2.743s] [34mcolcon.colcon_core.shell[0m [1;30mINFO[0m Creating package script '/home/a/ws_nhk/install/dynamixel_sdk/share/dynamixel_sdk/package.ps1'
[2.745s] [34mcolcon.colcon_core.shell[0m [1;30mINFO[0m Creating package descriptor '/home/a/ws_nhk/install/dynamixel_sdk/share/dynamixel_sdk/package.dsv'
[2.746s] [34mcolcon.colcon_core.shell[0m [1;30mINFO[0m Creating package script '/home/a/ws_nhk/install/dynamixel_sdk/share/dynamixel_sdk/package.sh'
[2.747s] [34mcolcon.colcon_core.shell[0m [1;30mINFO[0m Creating package script '/home/a/ws_nhk/install/dynamixel_sdk/share/dynamixel_sdk/package.bash'
[2.748s] [34mcolcon.colcon_core.shell[0m [1;30mINFO[0m Creating package script '/home/a/ws_nhk/install/dynamixel_sdk/share/dynamixel_sdk/package.zsh'
[2.750s] [34mcolcon.colcon_core.environment[0m [1;30mLevel 1[0m create_file_with_runtime_dependencies(/home/a/ws_nhk/install/dynamixel_sdk/share/colcon-core/packages/dynamixel_sdk)
[2.755s] [34mcolcon.colcon_ros.task.ament_cmake.build[0m [1;30mINFO[0m Building ROS package in '/home/a/ws_nhk/src/moveit_task_constructor/rviz_marker_tools' with build type 'ament_cmake'
[2.755s] [34mcolcon.colcon_cmake.task.cmake.build[0m [1;30mINFO[0m Building CMake package in '/home/a/ws_nhk/src/moveit_task_constructor/rviz_marker_tools'
[2.756s] [34mcolcon.colcon_core.shell[0m [1;30mINFO[0m Skip shell extension 'powershell' for command environment: Not usable outside of PowerShell
[2.756s] [34mcolcon.colcon_core.shell[0m [1;30mDEBUG[0m [32mSkip shell extension 'dsv' for command environment[0m
[2.790s] [34mcolcon.colcon_ros.task.ament_cmake.build[0m [1;30mINFO[0m Building ROS package in '/home/a/ws_nhk/src/dynamixel_ros2/dynamixel_controller' with build type 'ament_cmake'
[2.791s] [34mcolcon.colcon_cmake.task.cmake.build[0m [1;30mINFO[0m Building CMake package in '/home/a/ws_nhk/src/dynamixel_ros2/dynamixel_controller'
[2.792s] [34mcolcon.colcon_core.shell[0m [1;30mINFO[0m Skip shell extension 'powershell' for command environment: Not usable outside of PowerShell
[2.792s] [34mcolcon.colcon_core.shell[0m [1;30mDEBUG[0m [32mSkip shell extension 'dsv' for command environment[0m
[2.827s] [34mcolcon.colcon_core.environment[0m [1;30mLevel 1[0m create_environment_scripts_only(rogidrive_msg)
[2.829s] [34mcolcon.colcon_core.environment[0m [1;30mLevel 1[0m checking '/home/a/ws_nhk/install/rogidrive_msg' for CMake module files
[2.831s] [34mcolcon.colcon_core.event_handler.log_command[0m [1;30mDEBUG[0m [32mInvoked command in '/home/a/ws_nhk/build/rogidrive_msg' returned '0': CMAKE_PREFIX_PATH=${CMAKE_PREFIX_PATH}:/home/a/ws_nhk/install/ikeyaMD_wizard:/home/a/ws_nhk/install/moveit_configs_utils:/home/a/ws_nhk/install/rogidrive:/home/a/ws_nhk/install/launch_param_builder:/home/a/ws_nhk/install/dynamixel_controller_gui:/home/a/ws_nhk/install/dynamixel_controller_client:/opt/ros/humble /usr/bin/cmake --install /home/a/ws_nhk/build/rogidrive_msg[0m
[2.833s] [34mcolcon.colcon_core.environment[0m [1;30mLevel 1[0m checking '/home/a/ws_nhk/install/rogidrive_msg' for CMake config files
[2.835s] [34mcolcon.colcon_core.shell[0m [1;30mLevel 1[0m create_environment_hook('rogidrive_msg', 'cmake_prefix_path')
[2.836s] [34mcolcon.colcon_core.shell[0m [1;30mINFO[0m Creating environment hook '/home/a/ws_nhk/install/rogidrive_msg/share/rogidrive_msg/hook/cmake_prefix_path.ps1'
[2.838s] [34mcolcon.colcon_core.shell[0m [1;30mINFO[0m Creating environment descriptor '/home/a/ws_nhk/install/rogidrive_msg/share/rogidrive_msg/hook/cmake_prefix_path.dsv'
[2.840s] [34mcolcon.colcon_core.shell[0m [1;30mINFO[0m Creating environment hook '/home/a/ws_nhk/install/rogidrive_msg/share/rogidrive_msg/hook/cmake_prefix_path.sh'
[2.842s] [34mcolcon.colcon_core.environment[0m [1;30mLevel 1[0m checking '/home/a/ws_nhk/install/rogidrive_msg/lib'
[2.842s] [34mcolcon.colcon_core.shell[0m [1;30mLevel 1[0m create_environment_hook('rogidrive_msg', 'ld_library_path_lib')
[2.843s] [34mcolcon.colcon_core.shell[0m [1;30mINFO[0m Creating environment hook '/home/a/ws_nhk/install/rogidrive_msg/share/rogidrive_msg/hook/ld_library_path_lib.ps1'
[2.845s] [34mcolcon.colcon_core.shell[0m [1;30mINFO[0m Creating environment descriptor '/home/a/ws_nhk/install/rogidrive_msg/share/rogidrive_msg/hook/ld_library_path_lib.dsv'
[2.846s] [34mcolcon.colcon_core.shell[0m [1;30mINFO[0m Creating environment hook '/home/a/ws_nhk/install/rogidrive_msg/share/rogidrive_msg/hook/ld_library_path_lib.sh'
[2.848s] [34mcolcon.colcon_core.environment[0m [1;30mLevel 1[0m checking '/home/a/ws_nhk/install/rogidrive_msg/bin'
[2.848s] [34mcolcon.colcon_core.environment[0m [1;30mLevel 1[0m checking '/home/a/ws_nhk/install/rogidrive_msg/lib/pkgconfig/rogidrive_msg.pc'
[2.849s] [34mcolcon.colcon_core.environment[0m [1;30mLevel 1[0m checking '/home/a/ws_nhk/install/rogidrive_msg/lib/python3.10/site-packages'
[2.851s] [34mcolcon.colcon_core.environment[0m [1;30mLevel 1[0m checking '/home/a/ws_nhk/install/rogidrive_msg/bin'
[2.853s] [34mcolcon.colcon_core.shell[0m [1;30mINFO[0m Creating package script '/home/a/ws_nhk/install/rogidrive_msg/share/rogidrive_msg/package.ps1'
[2.855s] [34mcolcon.colcon_core.shell[0m [1;30mINFO[0m Creating package descriptor '/home/a/ws_nhk/install/rogidrive_msg/share/rogidrive_msg/package.dsv'
[2.857s] [34mcolcon.colcon_core.shell[0m [1;30mINFO[0m Creating package script '/home/a/ws_nhk/install/rogidrive_msg/share/rogidrive_msg/package.sh'
[2.858s] [34mcolcon.colcon_core.shell[0m [1;30mINFO[0m Creating package script '/home/a/ws_nhk/install/rogidrive_msg/share/rogidrive_msg/package.bash'
[2.860s] [34mcolcon.colcon_core.shell[0m [1;30mINFO[0m Creating package script '/home/a/ws_nhk/install/rogidrive_msg/share/rogidrive_msg/package.zsh'
[2.861s] [34mcolcon.colcon_core.environment[0m [1;30mLevel 1[0m create_file_with_runtime_dependencies(/home/a/ws_nhk/install/rogidrive_msg/share/colcon-core/packages/rogidrive_msg)
[2.864s] [34mcolcon.colcon_core.environment[0m [1;30mLevel 1[0m create_environment_scripts_only(rogidrive_msg)
[2.865s] [34mcolcon.colcon_core.environment[0m [1;30mLevel 1[0m checking '/home/a/ws_nhk/install/rogidrive_msg' for CMake module files
[2.868s] [34mcolcon.colcon_core.environment[0m [1;30mLevel 1[0m checking '/home/a/ws_nhk/install/rogidrive_msg' for CMake config files
[2.869s] [34mcolcon.colcon_core.shell[0m [1;30mLevel 1[0m create_environment_hook('rogidrive_msg', 'cmake_prefix_path')
[2.870s] [34mcolcon.colcon_core.shell[0m [1;30mINFO[0m Creating environment hook '/home/a/ws_nhk/install/rogidrive_msg/share/rogidrive_msg/hook/cmake_prefix_path.ps1'
[2.871s] [34mcolcon.colcon_core.shell[0m [1;30mINFO[0m Creating environment descriptor '/home/a/ws_nhk/install/rogidrive_msg/share/rogidrive_msg/hook/cmake_prefix_path.dsv'
[2.872s] [34mcolcon.colcon_core.shell[0m [1;30mINFO[0m Creating environment hook '/home/a/ws_nhk/install/rogidrive_msg/share/rogidrive_msg/hook/cmake_prefix_path.sh'
[2.874s] [34mcolcon.colcon_core.environment[0m [1;30mLevel 1[0m checking '/home/a/ws_nhk/install/rogidrive_msg/lib'
[2.874s] [34mcolcon.colcon_core.shell[0m [1;30mLevel 1[0m create_environment_hook('rogidrive_msg', 'ld_library_path_lib')
[2.875s] [34mcolcon.colcon_core.shell[0m [1;30mINFO[0m Creating environment hook '/home/a/ws_nhk/install/rogidrive_msg/share/rogidrive_msg/hook/ld_library_path_lib.ps1'
[2.876s] [34mcolcon.colcon_core.shell[0m [1;30mINFO[0m Creating environment descriptor '/home/a/ws_nhk/install/rogidrive_msg/share/rogidrive_msg/hook/ld_library_path_lib.dsv'
[2.877s] [34mcolcon.colcon_core.shell[0m [1;30mINFO[0m Creating environment hook '/home/a/ws_nhk/install/rogidrive_msg/share/rogidrive_msg/hook/ld_library_path_lib.sh'
[2.878s] [34mcolcon.colcon_core.environment[0m [1;30mLevel 1[0m checking '/home/a/ws_nhk/install/rogidrive_msg/bin'
[2.879s] [34mcolcon.colcon_core.environment[0m [1;30mLevel 1[0m checking '/home/a/ws_nhk/install/rogidrive_msg/lib/pkgconfig/rogidrive_msg.pc'
[2.879s] [34mcolcon.colcon_core.environment[0m [1;30mLevel 1[0m checking '/home/a/ws_nhk/install/rogidrive_msg/lib/python3.10/site-packages'
[2.880s] [34mcolcon.colcon_core.environment[0m [1;30mLevel 1[0m checking '/home/a/ws_nhk/install/rogidrive_msg/bin'
[2.881s] [34mcolcon.colcon_core.shell[0m [1;30mINFO[0m Creating package script '/home/a/ws_nhk/install/rogidrive_msg/share/rogidrive_msg/package.ps1'
[2.884s] [34mcolcon.colcon_core.shell[0m [1;30mINFO[0m Creating package descriptor '/home/a/ws_nhk/install/rogidrive_msg/share/rogidrive_msg/package.dsv'
[2.887s] [34mcolcon.colcon_core.shell[0m [1;30mINFO[0m Creating package script '/home/a/ws_nhk/install/rogidrive_msg/share/rogidrive_msg/package.sh'
[2.888s] [34mcolcon.colcon_core.shell[0m [1;30mINFO[0m Creating package script '/home/a/ws_nhk/install/rogidrive_msg/share/rogidrive_msg/package.bash'
[2.889s] [34mcolcon.colcon_core.shell[0m [1;30mINFO[0m Creating package script '/home/a/ws_nhk/install/rogidrive_msg/share/rogidrive_msg/package.zsh'
[2.890s] [34mcolcon.colcon_core.environment[0m [1;30mLevel 1[0m create_file_with_runtime_dependencies(/home/a/ws_nhk/install/rogidrive_msg/share/colcon-core/packages/rogidrive_msg)
[2.891s] [34mcolcon.colcon_core.environment[0m [1;30mLevel 1[0m create_environment_scripts_only(srdfdom)
[2.892s] [34mcolcon.colcon_core.environment[0m [1;30mLevel 1[0m checking '/home/a/ws_nhk/install/srdfdom' for CMake module files
[2.895s] [34mcolcon.colcon_core.event_handler.log_command[0m [1;30mDEBUG[0m [32mInvoked command in '/home/a/ws_nhk/build/srdfdom' returned '0': CMAKE_PREFIX_PATH=${CMAKE_PREFIX_PATH}:/home/a/ws_nhk/install/ikeyaMD_wizard:/home/a/ws_nhk/install/moveit_configs_utils:/home/a/ws_nhk/install/rogidrive:/home/a/ws_nhk/install/launch_param_builder:/home/a/ws_nhk/install/dynamixel_controller_gui:/home/a/ws_nhk/install/dynamixel_controller_client:/opt/ros/humble /usr/bin/cmake --install /home/a/ws_nhk/build/srdfdom[0m
[2.896s] [34mcolcon.colcon_core.environment[0m [1;30mLevel 1[0m checking '/home/a/ws_nhk/install/srdfdom' for CMake config files
[2.897s] [34mcolcon.colcon_core.shell[0m [1;30mLevel 1[0m create_environment_hook('srdfdom', 'cmake_prefix_path')
[2.898s] [34mcolcon.colcon_core.shell[0m [1;30mINFO[0m Creating environment hook '/home/a/ws_nhk/install/srdfdom/share/srdfdom/hook/cmake_prefix_path.ps1'
[2.901s] [34mcolcon.colcon_core.shell[0m [1;30mINFO[0m Creating environment descriptor '/home/a/ws_nhk/install/srdfdom/share/srdfdom/hook/cmake_prefix_path.dsv'
[2.902s] [34mcolcon.colcon_core.shell[0m [1;30mINFO[0m Creating environment hook '/home/a/ws_nhk/install/srdfdom/share/srdfdom/hook/cmake_prefix_path.sh'
[2.905s] [34mcolcon.colcon_core.environment[0m [1;30mLevel 1[0m checking '/home/a/ws_nhk/install/srdfdom/lib'
[2.905s] [34mcolcon.colcon_core.shell[0m [1;30mLevel 1[0m create_environment_hook('srdfdom', 'ld_library_path_lib')
[2.906s] [34mcolcon.colcon_core.shell[0m [1;30mINFO[0m Creating environment hook '/home/a/ws_nhk/install/srdfdom/share/srdfdom/hook/ld_library_path_lib.ps1'
[2.908s] [34mcolcon.colcon_core.shell[0m [1;30mINFO[0m Creating environment descriptor '/home/a/ws_nhk/install/srdfdom/share/srdfdom/hook/ld_library_path_lib.dsv'
[2.909s] [34mcolcon.colcon_core.shell[0m [1;30mINFO[0m Creating environment hook '/home/a/ws_nhk/install/srdfdom/share/srdfdom/hook/ld_library_path_lib.sh'
[2.911s] [34mcolcon.colcon_core.environment[0m [1;30mLevel 1[0m checking '/home/a/ws_nhk/install/srdfdom/bin'
[2.911s] [34mcolcon.colcon_core.environment[0m [1;30mLevel 1[0m checking '/home/a/ws_nhk/install/srdfdom/lib/pkgconfig/srdfdom.pc'
[2.912s] [34mcolcon.colcon_core.environment[0m [1;30mLevel 1[0m checking '/home/a/ws_nhk/install/srdfdom/lib/python3.10/site-packages'
[2.914s] [34mcolcon.colcon_core.environment[0m [1;30mLevel 1[0m checking '/home/a/ws_nhk/install/srdfdom/bin'
[2.915s] [34mcolcon.colcon_core.shell[0m [1;30mINFO[0m Creating package script '/home/a/ws_nhk/install/srdfdom/share/srdfdom/package.ps1'
[2.919s] [34mcolcon.colcon_core.shell[0m [1;30mINFO[0m Creating package descriptor '/home/a/ws_nhk/install/srdfdom/share/srdfdom/package.dsv'
[2.921s] [34mcolcon.colcon_core.shell[0m [1;30mINFO[0m Creating package script '/home/a/ws_nhk/install/srdfdom/share/srdfdom/package.sh'
[2.923s] [34mcolcon.colcon_core.shell[0m [1;30mINFO[0m Creating package script '/home/a/ws_nhk/install/srdfdom/share/srdfdom/package.bash'
[2.924s] [34mcolcon.colcon_core.shell[0m [1;30mINFO[0m Creating package script '/home/a/ws_nhk/install/srdfdom/share/srdfdom/package.zsh'
[2.926s] [34mcolcon.colcon_core.environment[0m [1;30mLevel 1[0m create_file_with_runtime_dependencies(/home/a/ws_nhk/install/srdfdom/share/colcon-core/packages/srdfdom)
[2.928s] [34mcolcon.colcon_core.environment[0m [1;30mLevel 1[0m create_environment_scripts_only(srdfdom)
[2.929s] [34mcolcon.colcon_core.environment[0m [1;30mLevel 1[0m checking '/home/a/ws_nhk/install/srdfdom' for CMake module files
[2.931s] [34mcolcon.colcon_core.environment[0m [1;30mLevel 1[0m checking '/home/a/ws_nhk/install/srdfdom' for CMake config files
[2.933s] [34mcolcon.colcon_core.shell[0m [1;30mLevel 1[0m create_environment_hook('srdfdom', 'cmake_prefix_path')
[2.934s] [34mcolcon.colcon_core.shell[0m [1;30mINFO[0m Creating environment hook '/home/a/ws_nhk/install/srdfdom/share/srdfdom/hook/cmake_prefix_path.ps1'
[2.936s] [34mcolcon.colcon_core.shell[0m [1;30mINFO[0m Creating environment descriptor '/home/a/ws_nhk/install/srdfdom/share/srdfdom/hook/cmake_prefix_path.dsv'
[2.938s] [34mcolcon.colcon_core.shell[0m [1;30mINFO[0m Creating environment hook '/home/a/ws_nhk/install/srdfdom/share/srdfdom/hook/cmake_prefix_path.sh'
[2.940s] [34mcolcon.colcon_core.environment[0m [1;30mLevel 1[0m checking '/home/a/ws_nhk/install/srdfdom/lib'
[2.940s] [34mcolcon.colcon_core.shell[0m [1;30mLevel 1[0m create_environment_hook('srdfdom', 'ld_library_path_lib')
[2.941s] [34mcolcon.colcon_core.shell[0m [1;30mINFO[0m Creating environment hook '/home/a/ws_nhk/install/srdfdom/share/srdfdom/hook/ld_library_path_lib.ps1'
[2.943s] [34mcolcon.colcon_core.shell[0m [1;30mINFO[0m Creating environment descriptor '/home/a/ws_nhk/install/srdfdom/share/srdfdom/hook/ld_library_path_lib.dsv'
[2.944s] [34mcolcon.colcon_core.shell[0m [1;30mINFO[0m Creating environment hook '/home/a/ws_nhk/install/srdfdom/share/srdfdom/hook/ld_library_path_lib.sh'
[2.946s] [34mcolcon.colcon_core.environment[0m [1;30mLevel 1[0m checking '/home/a/ws_nhk/install/srdfdom/bin'
[2.946s] [34mcolcon.colcon_core.environment[0m [1;30mLevel 1[0m checking '/home/a/ws_nhk/install/srdfdom/lib/pkgconfig/srdfdom.pc'
[2.947s] [34mcolcon.colcon_core.environment[0m [1;30mLevel 1[0m checking '/home/a/ws_nhk/install/srdfdom/lib/python3.10/site-packages'
[2.948s] [34mcolcon.colcon_core.environment[0m [1;30mLevel 1[0m checking '/home/a/ws_nhk/install/srdfdom/bin'
[2.949s] [34mcolcon.colcon_core.shell[0m [1;30mINFO[0m Creating package script '/home/a/ws_nhk/install/srdfdom/share/srdfdom/package.ps1'
[2.951s] [34mcolcon.colcon_core.shell[0m [1;30mINFO[0m Creating package descriptor '/home/a/ws_nhk/install/srdfdom/share/srdfdom/package.dsv'
[2.952s] [34mcolcon.colcon_core.shell[0m [1;30mINFO[0m Creating package script '/home/a/ws_nhk/install/srdfdom/share/srdfdom/package.sh'
[2.954s] [34mcolcon.colcon_core.shell[0m [1;30mINFO[0m Creating package script '/home/a/ws_nhk/install/srdfdom/share/srdfdom/package.bash'
[2.955s] [34mcolcon.colcon_core.shell[0m [1;30mINFO[0m Creating package script '/home/a/ws_nhk/install/srdfdom/share/srdfdom/package.zsh'
[2.956s] [34mcolcon.colcon_core.environment[0m [1;30mLevel 1[0m create_file_with_runtime_dependencies(/home/a/ws_nhk/install/srdfdom/share/colcon-core/packages/srdfdom)
[2.961s] [34mcolcon.colcon_core.environment[0m [1;30mLevel 1[0m create_environment_scripts_only(moveit_task_constructor_msgs)
[2.962s] [34mcolcon.colcon_core.environment[0m [1;30mLevel 1[0m checking '/home/a/ws_nhk/install/moveit_task_constructor_msgs' for CMake module files
[2.963s] [34mcolcon.colcon_core.event_handler.log_command[0m [1;30mDEBUG[0m [32mInvoked command in '/home/a/ws_nhk/build/moveit_task_constructor_msgs' returned '0': CMAKE_PREFIX_PATH=${CMAKE_PREFIX_PATH}:/home/a/ws_nhk/install/ikeyaMD_wizard:/home/a/ws_nhk/install/moveit_configs_utils:/home/a/ws_nhk/install/rogidrive:/home/a/ws_nhk/install/launch_param_builder:/home/a/ws_nhk/install/dynamixel_controller_gui:/home/a/ws_nhk/install/dynamixel_controller_client:/opt/ros/humble /usr/bin/cmake --install /home/a/ws_nhk/build/moveit_task_constructor_msgs[0m
[2.965s] [34mcolcon.colcon_core.environment[0m [1;30mLevel 1[0m checking '/home/a/ws_nhk/install/moveit_task_constructor_msgs' for CMake config files
[2.967s] [34mcolcon.colcon_core.shell[0m [1;30mLevel 1[0m create_environment_hook('moveit_task_constructor_msgs', 'cmake_prefix_path')
[2.967s] [34mcolcon.colcon_core.shell[0m [1;30mINFO[0m Creating environment hook '/home/a/ws_nhk/install/moveit_task_constructor_msgs/share/moveit_task_constructor_msgs/hook/cmake_prefix_path.ps1'
[2.969s] [34mcolcon.colcon_core.shell[0m [1;30mINFO[0m Creating environment descriptor '/home/a/ws_nhk/install/moveit_task_constructor_msgs/share/moveit_task_constructor_msgs/hook/cmake_prefix_path.dsv'
[2.970s] [34mcolcon.colcon_core.shell[0m [1;30mINFO[0m Creating environment hook '/home/a/ws_nhk/install/moveit_task_constructor_msgs/share/moveit_task_constructor_msgs/hook/cmake_prefix_path.sh'
[2.971s] [34mcolcon.colcon_core.environment[0m [1;30mLevel 1[0m checking '/home/a/ws_nhk/install/moveit_task_constructor_msgs/lib'
[2.972s] [34mcolcon.colcon_core.shell[0m [1;30mLevel 1[0m create_environment_hook('moveit_task_constructor_msgs', 'ld_library_path_lib')
[2.972s] [34mcolcon.colcon_core.shell[0m [1;30mINFO[0m Creating environment hook '/home/a/ws_nhk/install/moveit_task_constructor_msgs/share/moveit_task_constructor_msgs/hook/ld_library_path_lib.ps1'
[2.973s] [34mcolcon.colcon_core.shell[0m [1;30mINFO[0m Creating environment descriptor '/home/a/ws_nhk/install/moveit_task_constructor_msgs/share/moveit_task_constructor_msgs/hook/ld_library_path_lib.dsv'
[2.974s] [34mcolcon.colcon_core.shell[0m [1;30mINFO[0m Creating environment hook '/home/a/ws_nhk/install/moveit_task_constructor_msgs/share/moveit_task_constructor_msgs/hook/ld_library_path_lib.sh'
[2.976s] [34mcolcon.colcon_core.environment[0m [1;30mLevel 1[0m checking '/home/a/ws_nhk/install/moveit_task_constructor_msgs/bin'
[2.976s] [34mcolcon.colcon_core.environment[0m [1;30mLevel 1[0m checking '/home/a/ws_nhk/install/moveit_task_constructor_msgs/lib/pkgconfig/moveit_task_constructor_msgs.pc'
[2.977s] [34mcolcon.colcon_core.environment[0m [1;30mLevel 1[0m checking '/home/a/ws_nhk/install/moveit_task_constructor_msgs/lib/python3.10/site-packages'
[2.978s] [34mcolcon.colcon_core.environment[0m [1;30mLevel 1[0m checking '/home/a/ws_nhk/install/moveit_task_constructor_msgs/bin'
[2.979s] [34mcolcon.colcon_core.shell[0m [1;30mINFO[0m Creating package script '/home/a/ws_nhk/install/moveit_task_constructor_msgs/share/moveit_task_constructor_msgs/package.ps1'
[2.980s] [34mcolcon.colcon_core.shell[0m [1;30mINFO[0m Creating package descriptor '/home/a/ws_nhk/install/moveit_task_constructor_msgs/share/moveit_task_constructor_msgs/package.dsv'
[2.981s] [34mcolcon.colcon_core.shell[0m [1;30mINFO[0m Creating package script '/home/a/ws_nhk/install/moveit_task_constructor_msgs/share/moveit_task_constructor_msgs/package.sh'
[2.983s] [34mcolcon.colcon_core.shell[0m [1;30mINFO[0m Creating package script '/home/a/ws_nhk/install/moveit_task_constructor_msgs/share/moveit_task_constructor_msgs/package.bash'
[2.984s] [34mcolcon.colcon_core.shell[0m [1;30mINFO[0m Creating package script '/home/a/ws_nhk/install/moveit_task_constructor_msgs/share/moveit_task_constructor_msgs/package.zsh'
[2.985s] [34mcolcon.colcon_core.environment[0m [1;30mLevel 1[0m create_file_with_runtime_dependencies(/home/a/ws_nhk/install/moveit_task_constructor_msgs/share/colcon-core/packages/moveit_task_constructor_msgs)
[2.986s] [34mcolcon.colcon_core.environment[0m [1;30mLevel 1[0m create_environment_scripts_only(moveit_task_constructor_msgs)
[2.987s] [34mcolcon.colcon_core.environment[0m [1;30mLevel 1[0m checking '/home/a/ws_nhk/install/moveit_task_constructor_msgs' for CMake module files
[2.989s] [34mcolcon.colcon_core.environment[0m [1;30mLevel 1[0m checking '/home/a/ws_nhk/install/moveit_task_constructor_msgs' for CMake config files
[2.990s] [34mcolcon.colcon_core.shell[0m [1;30mLevel 1[0m create_environment_hook('moveit_task_constructor_msgs', 'cmake_prefix_path')
[2.991s] [34mcolcon.colcon_core.shell[0m [1;30mINFO[0m Creating environment hook '/home/a/ws_nhk/install/moveit_task_constructor_msgs/share/moveit_task_constructor_msgs/hook/cmake_prefix_path.ps1'
[2.992s] [34mcolcon.colcon_core.shell[0m [1;30mINFO[0m Creating environment descriptor '/home/a/ws_nhk/install/moveit_task_constructor_msgs/share/moveit_task_constructor_msgs/hook/cmake_prefix_path.dsv'
[2.993s] [34mcolcon.colcon_core.shell[0m [1;30mINFO[0m Creating environment hook '/home/a/ws_nhk/install/moveit_task_constructor_msgs/share/moveit_task_constructor_msgs/hook/cmake_prefix_path.sh'
[2.995s] [34mcolcon.colcon_core.environment[0m [1;30mLevel 1[0m checking '/home/a/ws_nhk/install/moveit_task_constructor_msgs/lib'
[2.995s] [34mcolcon.colcon_core.shell[0m [1;30mLevel 1[0m create_environment_hook('moveit_task_constructor_msgs', 'ld_library_path_lib')
[2.995s] [34mcolcon.colcon_core.shell[0m [1;30mINFO[0m Creating environment hook '/home/a/ws_nhk/install/moveit_task_constructor_msgs/share/moveit_task_constructor_msgs/hook/ld_library_path_lib.ps1'
[2.997s] [34mcolcon.colcon_core.shell[0m [1;30mINFO[0m Creating environment descriptor '/home/a/ws_nhk/install/moveit_task_constructor_msgs/share/moveit_task_constructor_msgs/hook/ld_library_path_lib.dsv'
[2.998s] [34mcolcon.colcon_core.shell[0m [1;30mINFO[0m Creating environment hook '/home/a/ws_nhk/install/moveit_task_constructor_msgs/share/moveit_task_constructor_msgs/hook/ld_library_path_lib.sh'
[2.999s] [34mcolcon.colcon_core.environment[0m [1;30mLevel 1[0m checking '/home/a/ws_nhk/install/moveit_task_constructor_msgs/bin'
[2.999s] [34mcolcon.colcon_core.environment[0m [1;30mLevel 1[0m checking '/home/a/ws_nhk/install/moveit_task_constructor_msgs/lib/pkgconfig/moveit_task_constructor_msgs.pc'
[3.000s] [34mcolcon.colcon_core.environment[0m [1;30mLevel 1[0m checking '/home/a/ws_nhk/install/moveit_task_constructor_msgs/lib/python3.10/site-packages'
[3.001s] [34mcolcon.colcon_core.environment[0m [1;30mLevel 1[0m checking '/home/a/ws_nhk/install/moveit_task_constructor_msgs/bin'
[3.002s] [34mcolcon.colcon_core.shell[0m [1;30mINFO[0m Creating package script '/home/a/ws_nhk/install/moveit_task_constructor_msgs/share/moveit_task_constructor_msgs/package.ps1'
[3.003s] [34mcolcon.colcon_core.shell[0m [1;30mINFO[0m Creating package descriptor '/home/a/ws_nhk/install/moveit_task_constructor_msgs/share/moveit_task_constructor_msgs/package.dsv'
[3.005s] [34mcolcon.colcon_core.shell[0m [1;30mINFO[0m Creating package script '/home/a/ws_nhk/install/moveit_task_constructor_msgs/share/moveit_task_constructor_msgs/package.sh'
[3.006s] [34mcolcon.colcon_core.shell[0m [1;30mINFO[0m Creating package script '/home/a/ws_nhk/install/moveit_task_constructor_msgs/share/moveit_task_constructor_msgs/package.bash'
[3.007s] [34mcolcon.colcon_core.shell[0m [1;30mINFO[0m Creating package script '/home/a/ws_nhk/install/moveit_task_constructor_msgs/share/moveit_task_constructor_msgs/package.zsh'
[3.009s] [34mcolcon.colcon_core.environment[0m [1;30mLevel 1[0m create_file_with_runtime_dependencies(/home/a/ws_nhk/install/moveit_task_constructor_msgs/share/colcon-core/packages/moveit_task_constructor_msgs)
[3.010s] [34mcolcon.colcon_ros.task.ament_python.build[0m [1;30mINFO[0m Building ROS package in '/home/a/ws_nhk/src/r2_odrive' with build type 'ament_python'
[3.010s] [34mcolcon.colcon_core.shell[0m [1;30mLevel 1[0m create_environment_hook('r2_odrive', 'ament_prefix_path')
[3.011s] [34mcolcon.colcon_core.shell[0m [1;30mINFO[0m Creating environment hook '/home/a/ws_nhk/install/r2_odrive/share/r2_odrive/hook/ament_prefix_path.ps1'
[3.012s] [34mcolcon.colcon_core.shell[0m [1;30mINFO[0m Creating environment descriptor '/home/a/ws_nhk/install/r2_odrive/share/r2_odrive/hook/ament_prefix_path.dsv'
[3.014s] [34mcolcon.colcon_core.shell[0m [1;30mINFO[0m Creating environment hook '/home/a/ws_nhk/install/r2_odrive/share/r2_odrive/hook/ament_prefix_path.sh'
[3.016s] [34mcolcon.colcon_core.shell[0m [1;30mINFO[0m Skip shell extension 'powershell' for command environment: Not usable outside of PowerShell
[3.016s] [34mcolcon.colcon_core.shell[0m [1;30mDEBUG[0m [32mSkip shell extension 'dsv' for command environment[0m
[3.038s] [34mcolcon.colcon_ros.task.ament_python.build[0m [1;30mINFO[0m Building ROS package in '/home/a/ws_nhk/src/rogidrive/rogidrive' with build type 'ament_python'
[3.039s] [34mcolcon.colcon_core.shell[0m [1;30mLevel 1[0m create_environment_hook('rogidrive', 'ament_prefix_path')
[3.039s] [34mcolcon.colcon_core.shell[0m [1;30mINFO[0m Creating environment hook '/home/a/ws_nhk/install/rogidrive/share/rogidrive/hook/ament_prefix_path.ps1'
[3.041s] [34mcolcon.colcon_core.shell[0m [1;30mINFO[0m Creating environment descriptor '/home/a/ws_nhk/install/rogidrive/share/rogidrive/hook/ament_prefix_path.dsv'
[3.042s] [34mcolcon.colcon_core.shell[0m [1;30mINFO[0m Creating environment hook '/home/a/ws_nhk/install/rogidrive/share/rogidrive/hook/ament_prefix_path.sh'
[3.044s] [34mcolcon.colcon_core.shell[0m [1;30mINFO[0m Skip shell extension 'powershell' for command environment: Not usable outside of PowerShell
[3.044s] [34mcolcon.colcon_core.shell[0m [1;30mDEBUG[0m [32mSkip shell extension 'dsv' for command environment[0m
[3.067s] [34mcolcon.colcon_core.environment[0m [1;30mLevel 1[0m create_environment_scripts_only(stm32_mavlink_msgs)
[3.068s] [34mcolcon.colcon_core.environment[0m [1;30mLevel 1[0m checking '/home/a/ws_nhk/install/stm32_mavlink_msgs' for CMake module files
[3.070s] [34mcolcon.colcon_core.event_handler.log_command[0m [1;30mDEBUG[0m [32mInvoked command in '/home/a/ws_nhk/build/stm32_mavlink_msgs' returned '0': CMAKE_PREFIX_PATH=${CMAKE_PREFIX_PATH}:/home/a/ws_nhk/install/ikeyaMD_wizard:/home/a/ws_nhk/install/moveit_configs_utils:/home/a/ws_nhk/install/rogidrive:/home/a/ws_nhk/install/launch_param_builder:/home/a/ws_nhk/install/dynamixel_controller_gui:/home/a/ws_nhk/install/dynamixel_controller_client:/opt/ros/humble /usr/bin/cmake --install /home/a/ws_nhk/build/stm32_mavlink_msgs[0m
[3.071s] [34mcolcon.colcon_core.environment[0m [1;30mLevel 1[0m checking '/home/a/ws_nhk/install/stm32_mavlink_msgs' for CMake config files
[3.073s] [34mcolcon.colcon_core.shell[0m [1;30mLevel 1[0m create_environment_hook('stm32_mavlink_msgs', 'cmake_prefix_path')
[3.073s] [34mcolcon.colcon_core.shell[0m [1;30mINFO[0m Creating environment hook '/home/a/ws_nhk/install/stm32_mavlink_msgs/share/stm32_mavlink_msgs/hook/cmake_prefix_path.ps1'
[3.075s] [34mcolcon.colcon_core.shell[0m [1;30mINFO[0m Creating environment descriptor '/home/a/ws_nhk/install/stm32_mavlink_msgs/share/stm32_mavlink_msgs/hook/cmake_prefix_path.dsv'
[3.075s] [34mcolcon.colcon_core.shell[0m [1;30mINFO[0m Creating environment hook '/home/a/ws_nhk/install/stm32_mavlink_msgs/share/stm32_mavlink_msgs/hook/cmake_prefix_path.sh'
[3.077s] [34mcolcon.colcon_core.environment[0m [1;30mLevel 1[0m checking '/home/a/ws_nhk/install/stm32_mavlink_msgs/lib'
[3.078s] [34mcolcon.colcon_core.shell[0m [1;30mLevel 1[0m create_environment_hook('stm32_mavlink_msgs', 'ld_library_path_lib')
[3.078s] [34mcolcon.colcon_core.shell[0m [1;30mINFO[0m Creating environment hook '/home/a/ws_nhk/install/stm32_mavlink_msgs/share/stm32_mavlink_msgs/hook/ld_library_path_lib.ps1'
[3.079s] [34mcolcon.colcon_core.shell[0m [1;30mINFO[0m Creating environment descriptor '/home/a/ws_nhk/install/stm32_mavlink_msgs/share/stm32_mavlink_msgs/hook/ld_library_path_lib.dsv'
[3.080s] [34mcolcon.colcon_core.shell[0m [1;30mINFO[0m Creating environment hook '/home/a/ws_nhk/install/stm32_mavlink_msgs/share/stm32_mavlink_msgs/hook/ld_library_path_lib.sh'
[3.082s] [34mcolcon.colcon_core.environment[0m [1;30mLevel 1[0m checking '/home/a/ws_nhk/install/stm32_mavlink_msgs/bin'
[3.082s] [34mcolcon.colcon_core.environment[0m [1;30mLevel 1[0m checking '/home/a/ws_nhk/install/stm32_mavlink_msgs/lib/pkgconfig/stm32_mavlink_msgs.pc'
[3.083s] [34mcolcon.colcon_core.environment[0m [1;30mLevel 1[0m checking '/home/a/ws_nhk/install/stm32_mavlink_msgs/lib/python3.10/site-packages'
[3.084s] [34mcolcon.colcon_core.environment[0m [1;30mLevel 1[0m checking '/home/a/ws_nhk/install/stm32_mavlink_msgs/bin'
[3.085s] [34mcolcon.colcon_core.shell[0m [1;30mINFO[0m Creating package script '/home/a/ws_nhk/install/stm32_mavlink_msgs/share/stm32_mavlink_msgs/package.ps1'
[3.086s] [34mcolcon.colcon_core.shell[0m [1;30mINFO[0m Creating package descriptor '/home/a/ws_nhk/install/stm32_mavlink_msgs/share/stm32_mavlink_msgs/package.dsv'
[3.087s] [34mcolcon.colcon_core.shell[0m [1;30mINFO[0m Creating package script '/home/a/ws_nhk/install/stm32_mavlink_msgs/share/stm32_mavlink_msgs/package.sh'
[3.091s] [34mcolcon.colcon_core.shell[0m [1;30mINFO[0m Creating package script '/home/a/ws_nhk/install/stm32_mavlink_msgs/share/stm32_mavlink_msgs/package.bash'
[3.092s] [34mcolcon.colcon_core.shell[0m [1;30mINFO[0m Creating package script '/home/a/ws_nhk/install/stm32_mavlink_msgs/share/stm32_mavlink_msgs/package.zsh'
[3.093s] [34mcolcon.colcon_core.environment[0m [1;30mLevel 1[0m create_file_with_runtime_dependencies(/home/a/ws_nhk/install/stm32_mavlink_msgs/share/colcon-core/packages/stm32_mavlink_msgs)
[3.095s] [34mcolcon.colcon_core.environment[0m [1;30mLevel 1[0m create_environment_scripts_only(stm32_mavlink_msgs)
[3.096s] [34mcolcon.colcon_core.environment[0m [1;30mLevel 1[0m checking '/home/a/ws_nhk/install/stm32_mavlink_msgs' for CMake module files
[3.098s] [34mcolcon.colcon_core.environment[0m [1;30mLevel 1[0m checking '/home/a/ws_nhk/install/stm32_mavlink_msgs' for CMake config files
[3.099s] [34mcolcon.colcon_core.shell[0m [1;30mLevel 1[0m create_environment_hook('stm32_mavlink_msgs', 'cmake_prefix_path')
[3.100s] [34mcolcon.colcon_core.shell[0m [1;30mINFO[0m Creating environment hook '/home/a/ws_nhk/install/stm32_mavlink_msgs/share/stm32_mavlink_msgs/hook/cmake_prefix_path.ps1'
[3.101s] [34mcolcon.colcon_core.shell[0m [1;30mINFO[0m Creating environment descriptor '/home/a/ws_nhk/install/stm32_mavlink_msgs/share/stm32_mavlink_msgs/hook/cmake_prefix_path.dsv'
[3.102s] [34mcolcon.colcon_core.shell[0m [1;30mINFO[0m Creating environment hook '/home/a/ws_nhk/install/stm32_mavlink_msgs/share/stm32_mavlink_msgs/hook/cmake_prefix_path.sh'
[3.104s] [34mcolcon.colcon_core.environment[0m [1;30mLevel 1[0m checking '/home/a/ws_nhk/install/stm32_mavlink_msgs/lib'
[3.104s] [34mcolcon.colcon_core.shell[0m [1;30mLevel 1[0m create_environment_hook('stm32_mavlink_msgs', 'ld_library_path_lib')
[3.105s] [34mcolcon.colcon_core.shell[0m [1;30mINFO[0m Creating environment hook '/home/a/ws_nhk/install/stm32_mavlink_msgs/share/stm32_mavlink_msgs/hook/ld_library_path_lib.ps1'
[3.106s] [34mcolcon.colcon_core.shell[0m [1;30mINFO[0m Creating environment descriptor '/home/a/ws_nhk/install/stm32_mavlink_msgs/share/stm32_mavlink_msgs/hook/ld_library_path_lib.dsv'
[3.107s] [34mcolcon.colcon_core.shell[0m [1;30mINFO[0m Creating environment hook '/home/a/ws_nhk/install/stm32_mavlink_msgs/share/stm32_mavlink_msgs/hook/ld_library_path_lib.sh'
[3.108s] [34mcolcon.colcon_core.environment[0m [1;30mLevel 1[0m checking '/home/a/ws_nhk/install/stm32_mavlink_msgs/bin'
[3.108s] [34mcolcon.colcon_core.environment[0m [1;30mLevel 1[0m checking '/home/a/ws_nhk/install/stm32_mavlink_msgs/lib/pkgconfig/stm32_mavlink_msgs.pc'
[3.109s] [34mcolcon.colcon_core.environment[0m [1;30mLevel 1[0m checking '/home/a/ws_nhk/install/stm32_mavlink_msgs/lib/python3.10/site-packages'
[3.110s] [34mcolcon.colcon_core.environment[0m [1;30mLevel 1[0m checking '/home/a/ws_nhk/install/stm32_mavlink_msgs/bin'
[3.111s] [34mcolcon.colcon_core.shell[0m [1;30mINFO[0m Creating package script '/home/a/ws_nhk/install/stm32_mavlink_msgs/share/stm32_mavlink_msgs/package.ps1'
[3.112s] [34mcolcon.colcon_core.shell[0m [1;30mINFO[0m Creating package descriptor '/home/a/ws_nhk/install/stm32_mavlink_msgs/share/stm32_mavlink_msgs/package.dsv'
[3.114s] [34mcolcon.colcon_core.shell[0m [1;30mINFO[0m Creating package script '/home/a/ws_nhk/install/stm32_mavlink_msgs/share/stm32_mavlink_msgs/package.sh'
[3.115s] [34mcolcon.colcon_core.shell[0m [1;30mINFO[0m Creating package script '/home/a/ws_nhk/install/stm32_mavlink_msgs/share/stm32_mavlink_msgs/package.bash'
[3.116s] [34mcolcon.colcon_core.shell[0m [1;30mINFO[0m Creating package script '/home/a/ws_nhk/install/stm32_mavlink_msgs/share/stm32_mavlink_msgs/package.zsh'
[3.117s] [34mcolcon.colcon_core.environment[0m [1;30mLevel 1[0m create_file_with_runtime_dependencies(/home/a/ws_nhk/install/stm32_mavlink_msgs/share/colcon-core/packages/stm32_mavlink_msgs)
[3.118s] [34mcolcon.colcon_core.environment[0m [1;30mLevel 1[0m create_environment_scripts_only(dynamixel_sdk_custom_interfaces)
[3.119s] [34mcolcon.colcon_core.environment[0m [1;30mLevel 1[0m checking '/home/a/ws_nhk/install/dynamixel_sdk_custom_interfaces' for CMake module files
[3.123s] [34mcolcon.colcon_core.event_handler.log_command[0m [1;30mDEBUG[0m [32mInvoked command in '/home/a/ws_nhk/build/dynamixel_sdk_custom_interfaces' returned '0': CMAKE_PREFIX_PATH=${CMAKE_PREFIX_PATH}:/home/a/ws_nhk/install/ikeyaMD_wizard:/home/a/ws_nhk/install/moveit_configs_utils:/home/a/ws_nhk/install/rogidrive:/home/a/ws_nhk/install/launch_param_builder:/home/a/ws_nhk/install/dynamixel_controller_gui:/home/a/ws_nhk/install/dynamixel_controller_client:/opt/ros/humble /usr/bin/cmake --install /home/a/ws_nhk/build/dynamixel_sdk_custom_interfaces[0m
[3.124s] [34mcolcon.colcon_core.environment[0m [1;30mLevel 1[0m checking '/home/a/ws_nhk/install/dynamixel_sdk_custom_interfaces' for CMake config files
[3.125s] [34mcolcon.colcon_core.shell[0m [1;30mLevel 1[0m create_environment_hook('dynamixel_sdk_custom_interfaces', 'cmake_prefix_path')
[3.125s] [34mcolcon.colcon_core.shell[0m [1;30mINFO[0m Creating environment hook '/home/a/ws_nhk/install/dynamixel_sdk_custom_interfaces/share/dynamixel_sdk_custom_interfaces/hook/cmake_prefix_path.ps1'
[3.127s] [34mcolcon.colcon_core.shell[0m [1;30mINFO[0m Creating environment descriptor '/home/a/ws_nhk/install/dynamixel_sdk_custom_interfaces/share/dynamixel_sdk_custom_interfaces/hook/cmake_prefix_path.dsv'
[3.128s] [34mcolcon.colcon_core.shell[0m [1;30mINFO[0m Creating environment hook '/home/a/ws_nhk/install/dynamixel_sdk_custom_interfaces/share/dynamixel_sdk_custom_interfaces/hook/cmake_prefix_path.sh'
[3.129s] [34mcolcon.colcon_core.environment[0m [1;30mLevel 1[0m checking '/home/a/ws_nhk/install/dynamixel_sdk_custom_interfaces/lib'
[3.129s] [34mcolcon.colcon_core.shell[0m [1;30mLevel 1[0m create_environment_hook('dynamixel_sdk_custom_interfaces', 'ld_library_path_lib')
[3.130s] [34mcolcon.colcon_core.shell[0m [1;30mINFO[0m Creating environment hook '/home/a/ws_nhk/install/dynamixel_sdk_custom_interfaces/share/dynamixel_sdk_custom_interfaces/hook/ld_library_path_lib.ps1'
[3.131s] [34mcolcon.colcon_core.shell[0m [1;30mINFO[0m Creating environment descriptor '/home/a/ws_nhk/install/dynamixel_sdk_custom_interfaces/share/dynamixel_sdk_custom_interfaces/hook/ld_library_path_lib.dsv'
[3.132s] [34mcolcon.colcon_core.shell[0m [1;30mINFO[0m Creating environment hook '/home/a/ws_nhk/install/dynamixel_sdk_custom_interfaces/share/dynamixel_sdk_custom_interfaces/hook/ld_library_path_lib.sh'
[3.133s] [34mcolcon.colcon_core.environment[0m [1;30mLevel 1[0m checking '/home/a/ws_nhk/install/dynamixel_sdk_custom_interfaces/bin'
[3.133s] [34mcolcon.colcon_core.environment[0m [1;30mLevel 1[0m checking '/home/a/ws_nhk/install/dynamixel_sdk_custom_interfaces/lib/pkgconfig/dynamixel_sdk_custom_interfaces.pc'
[3.134s] [34mcolcon.colcon_core.environment[0m [1;30mLevel 1[0m checking '/home/a/ws_nhk/install/dynamixel_sdk_custom_interfaces/lib/python3.10/site-packages'
[3.135s] [34mcolcon.colcon_core.environment[0m [1;30mLevel 1[0m checking '/home/a/ws_nhk/install/dynamixel_sdk_custom_interfaces/bin'
[3.136s] [34mcolcon.colcon_core.shell[0m [1;30mINFO[0m Creating package script '/home/a/ws_nhk/install/dynamixel_sdk_custom_interfaces/share/dynamixel_sdk_custom_interfaces/package.ps1'
[3.138s] [34mcolcon.colcon_core.shell[0m [1;30mINFO[0m Creating package descriptor '/home/a/ws_nhk/install/dynamixel_sdk_custom_interfaces/share/dynamixel_sdk_custom_interfaces/package.dsv'
[3.139s] [34mcolcon.colcon_core.shell[0m [1;30mINFO[0m Creating package script '/home/a/ws_nhk/install/dynamixel_sdk_custom_interfaces/share/dynamixel_sdk_custom_interfaces/package.sh'
[3.140s] [34mcolcon.colcon_core.shell[0m [1;30mINFO[0m Creating package script '/home/a/ws_nhk/install/dynamixel_sdk_custom_interfaces/share/dynamixel_sdk_custom_interfaces/package.bash'
[3.141s] [34mcolcon.colcon_core.shell[0m [1;30mINFO[0m Creating package script '/home/a/ws_nhk/install/dynamixel_sdk_custom_interfaces/share/dynamixel_sdk_custom_interfaces/package.zsh'
[3.142s] [34mcolcon.colcon_core.environment[0m [1;30mLevel 1[0m create_file_with_runtime_dependencies(/home/a/ws_nhk/install/dynamixel_sdk_custom_interfaces/share/colcon-core/packages/dynamixel_sdk_custom_interfaces)
[3.144s] [34mcolcon.colcon_core.environment[0m [1;30mLevel 1[0m create_environment_scripts_only(dynamixel_sdk_custom_interfaces)
[3.144s] [34mcolcon.colcon_core.environment[0m [1;30mLevel 1[0m checking '/home/a/ws_nhk/install/dynamixel_sdk_custom_interfaces' for CMake module files
[3.146s] [34mcolcon.colcon_core.environment[0m [1;30mLevel 1[0m checking '/home/a/ws_nhk/install/dynamixel_sdk_custom_interfaces' for CMake config files
[3.147s] [34mcolcon.colcon_core.shell[0m [1;30mLevel 1[0m create_environment_hook('dynamixel_sdk_custom_interfaces', 'cmake_prefix_path')
[3.148s] [34mcolcon.colcon_core.shell[0m [1;30mINFO[0m Creating environment hook '/home/a/ws_nhk/install/dynamixel_sdk_custom_interfaces/share/dynamixel_sdk_custom_interfaces/hook/cmake_prefix_path.ps1'
[3.149s] [34mcolcon.colcon_core.shell[0m [1;30mINFO[0m Creating environment descriptor '/home/a/ws_nhk/install/dynamixel_sdk_custom_interfaces/share/dynamixel_sdk_custom_interfaces/hook/cmake_prefix_path.dsv'
[3.150s] [34mcolcon.colcon_core.shell[0m [1;30mINFO[0m Creating environment hook '/home/a/ws_nhk/install/dynamixel_sdk_custom_interfaces/share/dynamixel_sdk_custom_interfaces/hook/cmake_prefix_path.sh'
[3.152s] [34mcolcon.colcon_core.environment[0m [1;30mLevel 1[0m checking '/home/a/ws_nhk/install/dynamixel_sdk_custom_interfaces/lib'
[3.152s] [34mcolcon.colcon_core.shell[0m [1;30mLevel 1[0m create_environment_hook('dynamixel_sdk_custom_interfaces', 'ld_library_path_lib')
[3.153s] [34mcolcon.colcon_core.shell[0m [1;30mINFO[0m Creating environment hook '/home/a/ws_nhk/install/dynamixel_sdk_custom_interfaces/share/dynamixel_sdk_custom_interfaces/hook/ld_library_path_lib.ps1'
[3.154s] [34mcolcon.colcon_core.shell[0m [1;30mINFO[0m Creating environment descriptor '/home/a/ws_nhk/install/dynamixel_sdk_custom_interfaces/share/dynamixel_sdk_custom_interfaces/hook/ld_library_path_lib.dsv'
[3.155s] [34mcolcon.colcon_core.shell[0m [1;30mINFO[0m Creating environment hook '/home/a/ws_nhk/install/dynamixel_sdk_custom_interfaces/share/dynamixel_sdk_custom_interfaces/hook/ld_library_path_lib.sh'
[3.156s] [34mcolcon.colcon_core.environment[0m [1;30mLevel 1[0m checking '/home/a/ws_nhk/install/dynamixel_sdk_custom_interfaces/bin'
[3.156s] [34mcolcon.colcon_core.environment[0m [1;30mLevel 1[0m checking '/home/a/ws_nhk/install/dynamixel_sdk_custom_interfaces/lib/pkgconfig/dynamixel_sdk_custom_interfaces.pc'
[3.157s] [34mcolcon.colcon_core.environment[0m [1;30mLevel 1[0m checking '/home/a/ws_nhk/install/dynamixel_sdk_custom_interfaces/lib/python3.10/site-packages'
[3.158s] [34mcolcon.colcon_core.environment[0m [1;30mLevel 1[0m checking '/home/a/ws_nhk/install/dynamixel_sdk_custom_interfaces/bin'
[3.159s] [34mcolcon.colcon_core.shell[0m [1;30mINFO[0m Creating package script '/home/a/ws_nhk/install/dynamixel_sdk_custom_interfaces/share/dynamixel_sdk_custom_interfaces/package.ps1'
[3.160s] [34mcolcon.colcon_core.shell[0m [1;30mINFO[0m Creating package descriptor '/home/a/ws_nhk/install/dynamixel_sdk_custom_interfaces/share/dynamixel_sdk_custom_interfaces/package.dsv'
[3.162s] [34mcolcon.colcon_core.shell[0m [1;30mINFO[0m Creating package script '/home/a/ws_nhk/install/dynamixel_sdk_custom_interfaces/share/dynamixel_sdk_custom_interfaces/package.sh'
[3.163s] [34mcolcon.colcon_core.shell[0m [1;30mINFO[0m Creating package script '/home/a/ws_nhk/install/dynamixel_sdk_custom_interfaces/share/dynamixel_sdk_custom_interfaces/package.bash'
[3.166s] [34mcolcon.colcon_core.shell[0m [1;30mINFO[0m Creating package script '/home/a/ws_nhk/install/dynamixel_sdk_custom_interfaces/share/dynamixel_sdk_custom_interfaces/package.zsh'
[3.167s] [34mcolcon.colcon_core.environment[0m [1;30mLevel 1[0m create_file_with_runtime_dependencies(/home/a/ws_nhk/install/dynamixel_sdk_custom_interfaces/share/colcon-core/packages/dynamixel_sdk_custom_interfaces)
[3.172s] [34mcolcon.colcon_ros.task.ament_cmake.build[0m [1;30mINFO[0m Building ROS package in '/home/a/ws_nhk/src/MAVLink_ros2/stm32_mavlink_uart' with build type 'ament_cmake'
[3.172s] [34mcolcon.colcon_cmake.task.cmake.build[0m [1;30mINFO[0m Building CMake package in '/home/a/ws_nhk/src/MAVLink_ros2/stm32_mavlink_uart'
[3.173s] [34mcolcon.colcon_core.shell[0m [1;30mINFO[0m Skip shell extension 'powershell' for command environment: Not usable outside of PowerShell
[3.173s] [34mcolcon.colcon_core.shell[0m [1;30mDEBUG[0m [32mSkip shell extension 'dsv' for command environment[0m
[3.196s] [34mcolcon.colcon_ros.task.ament_cmake.build[0m [1;30mINFO[0m Building ROS package in '/home/a/ws_nhk/src/dynamixel_ros2/DynamixelSDK/dynamixel_sdk_examples' with build type 'ament_cmake'
[3.196s] [34mcolcon.colcon_cmake.task.cmake.build[0m [1;30mINFO[0m Building CMake package in '/home/a/ws_nhk/src/dynamixel_ros2/DynamixelSDK/dynamixel_sdk_examples'
[3.197s] [34mcolcon.colcon_core.shell[0m [1;30mINFO[0m Skip shell extension 'powershell' for command environment: Not usable outside of PowerShell
[3.197s] [34mcolcon.colcon_core.shell[0m [1;30mDEBUG[0m [32mSkip shell extension 'dsv' for command environment[0m
[3.220s] [34mcolcon.colcon_ros.task.ament_cmake.build[0m [1;30mINFO[0m Building ROS package in '/home/a/ws_nhk/src/MAVLink_ros2/rs485_interface2' with build type 'ament_cmake'
[3.221s] [34mcolcon.colcon_cmake.task.cmake.build[0m [1;30mINFO[0m Building CMake package in '/home/a/ws_nhk/src/MAVLink_ros2/rs485_interface2'
[3.222s] [34mcolcon.colcon_core.shell[0m [1;30mINFO[0m Skip shell extension 'powershell' for command environment: Not usable outside of PowerShell
[3.223s] [34mcolcon.colcon_core.shell[0m [1;30mDEBUG[0m [32mSkip shell extension 'dsv' for command environment[0m
[3.261s] [34mcolcon.colcon_ros.task.ament_cmake.build[0m [1;30mINFO[0m Building ROS package in '/home/a/ws_nhk/src/MAVLink_ros2/rs485_motor_interface' with build type 'ament_cmake'
[3.262s] [34mcolcon.colcon_cmake.task.cmake.build[0m [1;30mINFO[0m Building CMake package in '/home/a/ws_nhk/src/MAVLink_ros2/rs485_motor_interface'
[3.263s] [34mcolcon.colcon_core.shell[0m [1;30mINFO[0m Skip shell extension 'powershell' for command environment: Not usable outside of PowerShell
[3.263s] [34mcolcon.colcon_core.shell[0m [1;30mDEBUG[0m [32mSkip shell extension 'dsv' for command environment[0m
[3.293s] [34mcolcon.colcon_ros.task.ament_cmake.build[0m [1;30mINFO[0m Building ROS package in '/home/a/ws_nhk/src/MAVLink_ros2/stm32_mavlink_udp' with build type 'ament_cmake'
[3.294s] [34mcolcon.colcon_cmake.task.cmake.build[0m [1;30mINFO[0m Building CMake package in '/home/a/ws_nhk/src/MAVLink_ros2/stm32_mavlink_udp'
[3.295s] [34mcolcon.colcon_core.shell[0m [1;30mINFO[0m Skip shell extension 'powershell' for command environment: Not usable outside of PowerShell
[3.295s] [34mcolcon.colcon_core.shell[0m [1;30mDEBUG[0m [32mSkip shell extension 'dsv' for command environment[0m
[3.336s] [34mcolcon.colcon_core.event_handler.log_command[0m [1;30mDEBUG[0m [32mInvoking command in '/home/a/ws_nhk/build/moveit_resources_panda_moveit_config': CMAKE_PREFIX_PATH=/home/a/ws_nhk/install/moveit_resources_panda_description:/home/a/ws_nhk/install/stm32_mavlink_udp:/home/a/ws_nhk/install/stm32_mavlink_uart:/home/a/ws_nhk/install/stm32_mavlink_msgs:/home/a/ws_nhk/install/sakai_r2_config:/home/a/ws_nhk/install/moveit_runtime:/home/a/ws_nhk/install/moveit_r2_config:/home/a/ws_nhk/install/moveit_config:/home/a/ws_nhk/install/moveit2_tutorials:/home/a/ws_nhk/install/moveit:/home/a/ws_nhk/install/moveit_planners:/home/a/ws_nhk/install/pilz_industrial_motion_planner:/home/a/ws_nhk/install/moveit_task_constructor_visualization:/home/a/ws_nhk/install/moveit_task_constructor_demo:/home/a/ws_nhk/install/moveit_task_constructor_capabilities:/home/a/ws_nhk/install/moveit_task_constructor_core:/home/a/ws_nhk/install/moveit_setup_assistant:/home/a/ws_nhk/install/moveit_setup_srdf_plugins:/home/a/ws_nhk/install/moveit_setup_core_plugins:/home/a/ws_nhk/install/moveit_setup_controllers:/home/a/ws_nhk/install/moveit_setup_app_plugins:/home/a/ws_nhk/install/moveit_setup_framework:/home/a/ws_nhk/install/moveit_servo:/home/a/ws_nhk/install/moveit_ros:/home/a/ws_nhk/install/moveit_ros_visualization:/home/a/ws_nhk/install/moveit_hybrid_planning:/home/a/ws_nhk/install/moveit_ros_planning_interface:/home/a/ws_nhk/install/moveit_resources_prbt_pg70_support:/home/a/ws_nhk/install/moveit_resources_prbt_moveit_config:/home/a/ws_nhk/install/moveit_ros_move_group:/home/a/ws_nhk/install/moveit_kinematics:/home/a/ws_nhk/install/trac_ik:/home/a/ws_nhk/install/trac_ik_kinematics_plugin:/home/a/ws_nhk/install/trac_ik_lib:/home/a/ws_nhk/install/pilz_industrial_motion_planner_testutils:/home/a/ws_nhk/install/moveit_visual_tools:/home/a/ws_nhk/install/moveit_ros_control_interface:/home/a/ws_nhk/install/moveit_plugins:/home/a/ws_nhk/install/moveit_simple_controller_manager:/home/a/ws_nhk/install/moveit_ros_benchmarks:/home/a/ws_nhk/install/moveit_ros_warehouse:/home/a/ws_nhk/install/moveit_ros_robot_interaction:/home/a/ws_nhk/install/moveit_ros_perception:/home/a/ws_nhk/install/moveit_planners_ompl:/home/a/ws_nhk/install/moveit_ros_planning:/home/a/ws_nhk/install/moveit_ros_occupancy_map_monitor:/home/a/ws_nhk/install/moveit_resources_prbt_ikfast_manipulator_plugin:/home/a/ws_nhk/install/moveit_planners_chomp:/home/a/ws_nhk/install/moveit_chomp_optimizer_adapter:/home/a/ws_nhk/install/chomp_motion_planner:/home/a/ws_nhk/install/moveit_core:/home/a/ws_nhk/install/srdfdom:/home/a/ws_nhk/install/rviz_marker_tools:/home/a/ws_nhk/install/rosparam_shortcuts:/home/a/ws_nhk/install/r2_odrive:/home/a/ws_nhk/install/rogidrive_msg:/home/a/ws_nhk/install/nhk_bt:/home/a/ws_nhk/install/moveit_task_constructor_msgs:/home/a/ws_nhk/install/moveit_resources_prbt_support:/home/a/ws_nhk/install/moveit_resources:/home/a/ws_nhk/install/moveit_resources_pr2_description:/home/a/ws_nhk/install/moveit_resources_panda_moveit_config:/home/a/ws_nhk/install/moveit_resources_fanuc_moveit_config:/home/a/ws_nhk/install/moveit_resources_fanuc_description:/home/a/ws_nhk/install/moveit_common:/home/a/ws_nhk/install/dynamixel_sdk_examples:/home/a/ws_nhk/install/dynamixel_sdk_custom_interfaces:/home/a/ws_nhk/install/dynamixel_controller:/home/a/ws_nhk/install/dynamixel_sdk:/home/a/ws_nhk/install/arm_v20_description:/home/a/ws_nhk/install/arm_module_description:/home/a/ws_nhk/install/a_r2_description:/home/a/install/field_description_test:/home/a/ws_nhk/install/ikeyaMD_wizard:/home/a/ws_nhk/install/moveit_configs_utils:/home/a/ws_nhk/install/rogidrive:/home/a/ws_nhk/install/launch_param_builder:/home/a/ws_nhk/install/dynamixel_controller_gui:/home/a/ws_nhk/install/dynamixel_controller_client:/opt/ros/humble /usr/bin/cmake --build /home/a/ws_nhk/build/moveit_resources_panda_moveit_config -- -j22 -l22[0m
[3.353s] [34mcolcon.colcon_core.event_handler.log_command[0m [1;30mDEBUG[0m [32mInvoking command in '/home/a/ws_nhk/build/moveit_resources_fanuc_moveit_config': CMAKE_PREFIX_PATH=/home/a/ws_nhk/install/moveit_resources_fanuc_description:/home/a/ws_nhk/install/stm32_mavlink_udp:/home/a/ws_nhk/install/stm32_mavlink_uart:/home/a/ws_nhk/install/stm32_mavlink_msgs:/home/a/ws_nhk/install/sakai_r2_config:/home/a/ws_nhk/install/moveit_runtime:/home/a/ws_nhk/install/moveit_r2_config:/home/a/ws_nhk/install/moveit_config:/home/a/ws_nhk/install/moveit2_tutorials:/home/a/ws_nhk/install/moveit:/home/a/ws_nhk/install/moveit_planners:/home/a/ws_nhk/install/pilz_industrial_motion_planner:/home/a/ws_nhk/install/moveit_task_constructor_visualization:/home/a/ws_nhk/install/moveit_task_constructor_demo:/home/a/ws_nhk/install/moveit_task_constructor_capabilities:/home/a/ws_nhk/install/moveit_task_constructor_core:/home/a/ws_nhk/install/moveit_setup_assistant:/home/a/ws_nhk/install/moveit_setup_srdf_plugins:/home/a/ws_nhk/install/moveit_setup_core_plugins:/home/a/ws_nhk/install/moveit_setup_controllers:/home/a/ws_nhk/install/moveit_setup_app_plugins:/home/a/ws_nhk/install/moveit_setup_framework:/home/a/ws_nhk/install/moveit_servo:/home/a/ws_nhk/install/moveit_ros:/home/a/ws_nhk/install/moveit_ros_visualization:/home/a/ws_nhk/install/moveit_hybrid_planning:/home/a/ws_nhk/install/moveit_ros_planning_interface:/home/a/ws_nhk/install/moveit_resources_prbt_pg70_support:/home/a/ws_nhk/install/moveit_resources_prbt_moveit_config:/home/a/ws_nhk/install/moveit_ros_move_group:/home/a/ws_nhk/install/moveit_kinematics:/home/a/ws_nhk/install/trac_ik:/home/a/ws_nhk/install/trac_ik_kinematics_plugin:/home/a/ws_nhk/install/trac_ik_lib:/home/a/ws_nhk/install/pilz_industrial_motion_planner_testutils:/home/a/ws_nhk/install/moveit_visual_tools:/home/a/ws_nhk/install/moveit_ros_control_interface:/home/a/ws_nhk/install/moveit_plugins:/home/a/ws_nhk/install/moveit_simple_controller_manager:/home/a/ws_nhk/install/moveit_ros_benchmarks:/home/a/ws_nhk/install/moveit_ros_warehouse:/home/a/ws_nhk/install/moveit_ros_robot_interaction:/home/a/ws_nhk/install/moveit_ros_perception:/home/a/ws_nhk/install/moveit_planners_ompl:/home/a/ws_nhk/install/moveit_ros_planning:/home/a/ws_nhk/install/moveit_ros_occupancy_map_monitor:/home/a/ws_nhk/install/moveit_resources_prbt_ikfast_manipulator_plugin:/home/a/ws_nhk/install/moveit_planners_chomp:/home/a/ws_nhk/install/moveit_chomp_optimizer_adapter:/home/a/ws_nhk/install/chomp_motion_planner:/home/a/ws_nhk/install/moveit_core:/home/a/ws_nhk/install/srdfdom:/home/a/ws_nhk/install/rviz_marker_tools:/home/a/ws_nhk/install/rosparam_shortcuts:/home/a/ws_nhk/install/r2_odrive:/home/a/ws_nhk/install/rogidrive_msg:/home/a/ws_nhk/install/nhk_bt:/home/a/ws_nhk/install/moveit_task_constructor_msgs:/home/a/ws_nhk/install/moveit_resources_prbt_support:/home/a/ws_nhk/install/moveit_resources:/home/a/ws_nhk/install/moveit_resources_pr2_description:/home/a/ws_nhk/install/moveit_resources_panda_moveit_config:/home/a/ws_nhk/install/moveit_resources_panda_description:/home/a/ws_nhk/install/moveit_resources_fanuc_moveit_config:/home/a/ws_nhk/install/moveit_common:/home/a/ws_nhk/install/dynamixel_sdk_examples:/home/a/ws_nhk/install/dynamixel_sdk_custom_interfaces:/home/a/ws_nhk/install/dynamixel_controller:/home/a/ws_nhk/install/dynamixel_sdk:/home/a/ws_nhk/install/arm_v20_description:/home/a/ws_nhk/install/arm_module_description:/home/a/ws_nhk/install/a_r2_description:/home/a/install/field_description_test:/home/a/ws_nhk/install/ikeyaMD_wizard:/home/a/ws_nhk/install/moveit_configs_utils:/home/a/ws_nhk/install/rogidrive:/home/a/ws_nhk/install/launch_param_builder:/home/a/ws_nhk/install/dynamixel_controller_gui:/home/a/ws_nhk/install/dynamixel_controller_client:/opt/ros/humble /usr/bin/cmake --build /home/a/ws_nhk/build/moveit_resources_fanuc_moveit_config -- -j22 -l22[0m
[3.363s] [34mcolcon.colcon_core.event_handler.log_command[0m [1;30mDEBUG[0m [32mInvoking command in '/home/a/ws_nhk/src/launch_param_builder': PYTHONPATH=/home/a/ws_nhk/build/launch_param_builder/prefix_override:/usr/lib/python3/dist-packages/colcon_core/task/python/colcon_distutils_commands:/home/a/ws_nhk/install/launch_param_builder/lib/python3.10/site-packages:${PYTHONPATH} /usr/bin/python3 -W ignore:setup.py install is deprecated -W ignore:easy_install command is deprecated setup.py egg_info --egg-base ../../build/launch_param_builder build --build-base /home/a/ws_nhk/build/launch_param_builder/build install --record /home/a/ws_nhk/build/launch_param_builder/install.log --single-version-externally-managed install_data[0m
[3.376s] [34mcolcon.colcon_core.event_handler.log_command[0m [1;30mDEBUG[0m [32mInvoking command in '/home/a/ws_nhk/build/rviz_marker_tools': CMAKE_PREFIX_PATH=/home/a/ws_nhk/install/moveit_common:/home/a/ws_nhk/install/stm32_mavlink_udp:/home/a/ws_nhk/install/stm32_mavlink_uart:/home/a/ws_nhk/install/stm32_mavlink_msgs:/home/a/ws_nhk/install/sakai_r2_config:/home/a/ws_nhk/install/moveit_runtime:/home/a/ws_nhk/install/moveit_r2_config:/home/a/ws_nhk/install/moveit_config:/home/a/ws_nhk/install/moveit2_tutorials:/home/a/ws_nhk/install/moveit:/home/a/ws_nhk/install/moveit_planners:/home/a/ws_nhk/install/pilz_industrial_motion_planner:/home/a/ws_nhk/install/moveit_task_constructor_visualization:/home/a/ws_nhk/install/moveit_task_constructor_demo:/home/a/ws_nhk/install/moveit_task_constructor_capabilities:/home/a/ws_nhk/install/moveit_task_constructor_core:/home/a/ws_nhk/install/moveit_setup_assistant:/home/a/ws_nhk/install/moveit_setup_srdf_plugins:/home/a/ws_nhk/install/moveit_setup_core_plugins:/home/a/ws_nhk/install/moveit_setup_controllers:/home/a/ws_nhk/install/moveit_setup_app_plugins:/home/a/ws_nhk/install/moveit_setup_framework:/home/a/ws_nhk/install/moveit_servo:/home/a/ws_nhk/install/moveit_ros:/home/a/ws_nhk/install/moveit_ros_visualization:/home/a/ws_nhk/install/moveit_hybrid_planning:/home/a/ws_nhk/install/moveit_ros_planning_interface:/home/a/ws_nhk/install/moveit_resources_prbt_pg70_support:/home/a/ws_nhk/install/moveit_resources_prbt_moveit_config:/home/a/ws_nhk/install/moveit_ros_move_group:/home/a/ws_nhk/install/moveit_kinematics:/home/a/ws_nhk/install/trac_ik:/home/a/ws_nhk/install/trac_ik_kinematics_plugin:/home/a/ws_nhk/install/trac_ik_lib:/home/a/ws_nhk/install/pilz_industrial_motion_planner_testutils:/home/a/ws_nhk/install/moveit_visual_tools:/home/a/ws_nhk/install/moveit_ros_control_interface:/home/a/ws_nhk/install/moveit_plugins:/home/a/ws_nhk/install/moveit_simple_controller_manager:/home/a/ws_nhk/install/moveit_ros_benchmarks:/home/a/ws_nhk/install/moveit_ros_warehouse:/home/a/ws_nhk/install/moveit_ros_robot_interaction:/home/a/ws_nhk/install/moveit_ros_perception:/home/a/ws_nhk/install/moveit_planners_ompl:/home/a/ws_nhk/install/moveit_ros_planning:/home/a/ws_nhk/install/moveit_ros_occupancy_map_monitor:/home/a/ws_nhk/install/moveit_resources_prbt_ikfast_manipulator_plugin:/home/a/ws_nhk/install/moveit_planners_chomp:/home/a/ws_nhk/install/moveit_chomp_optimizer_adapter:/home/a/ws_nhk/install/chomp_motion_planner:/home/a/ws_nhk/install/moveit_core:/home/a/ws_nhk/install/srdfdom:/home/a/ws_nhk/install/rviz_marker_tools:/home/a/ws_nhk/install/rosparam_shortcuts:/home/a/ws_nhk/install/r2_odrive:/home/a/ws_nhk/install/rogidrive_msg:/home/a/ws_nhk/install/nhk_bt:/home/a/ws_nhk/install/moveit_task_constructor_msgs:/home/a/ws_nhk/install/moveit_resources_prbt_support:/home/a/ws_nhk/install/moveit_resources:/home/a/ws_nhk/install/moveit_resources_pr2_description:/home/a/ws_nhk/install/moveit_resources_panda_moveit_config:/home/a/ws_nhk/install/moveit_resources_panda_description:/home/a/ws_nhk/install/moveit_resources_fanuc_moveit_config:/home/a/ws_nhk/install/moveit_resources_fanuc_description:/home/a/ws_nhk/install/dynamixel_sdk_examples:/home/a/ws_nhk/install/dynamixel_sdk_custom_interfaces:/home/a/ws_nhk/install/dynamixel_controller:/home/a/ws_nhk/install/dynamixel_sdk:/home/a/ws_nhk/install/arm_v20_description:/home/a/ws_nhk/install/arm_module_description:/home/a/ws_nhk/install/a_r2_description:/home/a/install/field_description_test:/home/a/ws_nhk/install/ikeyaMD_wizard:/home/a/ws_nhk/install/moveit_configs_utils:/home/a/ws_nhk/install/rogidrive:/home/a/ws_nhk/install/launch_param_builder:/home/a/ws_nhk/install/dynamixel_controller_gui:/home/a/ws_nhk/install/dynamixel_controller_client:/opt/ros/humble /usr/bin/cmake --build /home/a/ws_nhk/build/rviz_marker_tools -- -j22 -l22[0m
[3.389s] [34mcolcon.colcon_core.event_handler.log_command[0m [1;30mDEBUG[0m [32mInvoking command in '/home/a/ws_nhk/build/dynamixel_controller': CMAKE_PREFIX_PATH=/home/a/ws_nhk/install/dynamixel_sdk:/home/a/ws_nhk/install/stm32_mavlink_udp:/home/a/ws_nhk/install/stm32_mavlink_uart:/home/a/ws_nhk/install/stm32_mavlink_msgs:/home/a/ws_nhk/install/sakai_r2_config:/home/a/ws_nhk/install/moveit_runtime:/home/a/ws_nhk/install/moveit_r2_config:/home/a/ws_nhk/install/moveit_config:/home/a/ws_nhk/install/moveit2_tutorials:/home/a/ws_nhk/install/moveit:/home/a/ws_nhk/install/moveit_planners:/home/a/ws_nhk/install/pilz_industrial_motion_planner:/home/a/ws_nhk/install/moveit_task_constructor_visualization:/home/a/ws_nhk/install/moveit_task_constructor_demo:/home/a/ws_nhk/install/moveit_task_constructor_capabilities:/home/a/ws_nhk/install/moveit_task_constructor_core:/home/a/ws_nhk/install/moveit_setup_assistant:/home/a/ws_nhk/install/moveit_setup_srdf_plugins:/home/a/ws_nhk/install/moveit_setup_core_plugins:/home/a/ws_nhk/install/moveit_setup_controllers:/home/a/ws_nhk/install/moveit_setup_app_plugins:/home/a/ws_nhk/install/moveit_setup_framework:/home/a/ws_nhk/install/moveit_servo:/home/a/ws_nhk/install/moveit_ros:/home/a/ws_nhk/install/moveit_ros_visualization:/home/a/ws_nhk/install/moveit_hybrid_planning:/home/a/ws_nhk/install/moveit_ros_planning_interface:/home/a/ws_nhk/install/moveit_resources_prbt_pg70_support:/home/a/ws_nhk/install/moveit_resources_prbt_moveit_config:/home/a/ws_nhk/install/moveit_ros_move_group:/home/a/ws_nhk/install/moveit_kinematics:/home/a/ws_nhk/install/trac_ik:/home/a/ws_nhk/install/trac_ik_kinematics_plugin:/home/a/ws_nhk/install/trac_ik_lib:/home/a/ws_nhk/install/pilz_industrial_motion_planner_testutils:/home/a/ws_nhk/install/moveit_visual_tools:/home/a/ws_nhk/install/moveit_ros_control_interface:/home/a/ws_nhk/install/moveit_plugins:/home/a/ws_nhk/install/moveit_simple_controller_manager:/home/a/ws_nhk/install/moveit_ros_benchmarks:/home/a/ws_nhk/install/moveit_ros_warehouse:/home/a/ws_nhk/install/moveit_ros_robot_interaction:/home/a/ws_nhk/install/moveit_ros_perception:/home/a/ws_nhk/install/moveit_planners_ompl:/home/a/ws_nhk/install/moveit_ros_planning:/home/a/ws_nhk/install/moveit_ros_occupancy_map_monitor:/home/a/ws_nhk/install/moveit_resources_prbt_ikfast_manipulator_plugin:/home/a/ws_nhk/install/moveit_planners_chomp:/home/a/ws_nhk/install/moveit_chomp_optimizer_adapter:/home/a/ws_nhk/install/chomp_motion_planner:/home/a/ws_nhk/install/moveit_core:/home/a/ws_nhk/install/srdfdom:/home/a/ws_nhk/install/rviz_marker_tools:/home/a/ws_nhk/install/rosparam_shortcuts:/home/a/ws_nhk/install/r2_odrive:/home/a/ws_nhk/install/rogidrive_msg:/home/a/ws_nhk/install/nhk_bt:/home/a/ws_nhk/install/moveit_task_constructor_msgs:/home/a/ws_nhk/install/moveit_resources_prbt_support:/home/a/ws_nhk/install/moveit_resources:/home/a/ws_nhk/install/moveit_resources_pr2_description:/home/a/ws_nhk/install/moveit_resources_panda_moveit_config:/home/a/ws_nhk/install/moveit_resources_panda_description:/home/a/ws_nhk/install/moveit_resources_fanuc_moveit_config:/home/a/ws_nhk/install/moveit_resources_fanuc_description:/home/a/ws_nhk/install/moveit_common:/home/a/ws_nhk/install/dynamixel_sdk_examples:/home/a/ws_nhk/install/dynamixel_sdk_custom_interfaces:/home/a/ws_nhk/install/dynamixel_controller:/home/a/ws_nhk/install/arm_v20_description:/home/a/ws_nhk/install/arm_module_description:/home/a/ws_nhk/install/a_r2_description:/home/a/install/field_description_test:/home/a/ws_nhk/install/ikeyaMD_wizard:/home/a/ws_nhk/install/moveit_configs_utils:/home/a/ws_nhk/install/rogidrive:/home/a/ws_nhk/install/launch_param_builder:/home/a/ws_nhk/install/dynamixel_controller_gui:/home/a/ws_nhk/install/dynamixel_controller_client:/opt/ros/humble LD_LIBRARY_PATH=/home/a/ws_nhk/install/dynamixel_sdk/lib:/home/a/ws_nhk/install/stm32_mavlink_msgs/lib:/home/a/ws_nhk/install/pilz_industrial_motion_planner/lib:/home/a/ws_nhk/install/moveit_task_constructor_visualization/lib:/home/a/ws_nhk/install/moveit_task_constructor_demo/lib:/home/a/ws_nhk/install/moveit_task_constructor_capabilities/lib:/home/a/ws_nhk/install/moveit_task_constructor_core/lib:/home/a/ws_nhk/install/moveit_setup_assistant/lib:/home/a/ws_nhk/install/moveit_setup_srdf_plugins/lib:/home/a/ws_nhk/install/moveit_setup_core_plugins/lib:/home/a/ws_nhk/install/moveit_setup_controllers/lib:/home/a/ws_nhk/install/moveit_setup_app_plugins/lib:/home/a/ws_nhk/install/moveit_setup_framework/lib:/home/a/ws_nhk/install/moveit_servo/lib:/home/a/ws_nhk/install/moveit_ros_visualization/lib:/home/a/ws_nhk/install/moveit_hybrid_planning/lib:/home/a/ws_nhk/install/moveit_ros_planning_interface/lib:/home/a/ws_nhk/install/moveit_ros_move_group/lib:/home/a/ws_nhk/install/moveit_kinematics/lib:/home/a/ws_nhk/install/trac_ik_kinematics_plugin/lib:/home/a/ws_nhk/install/trac_ik_lib/lib:/home/a/ws_nhk/install/pilz_industrial_motion_planner_testutils/lib:/home/a/ws_nhk/install/moveit_visual_tools/lib:/home/a/ws_nhk/install/moveit_ros_control_interface/lib:/home/a/ws_nhk/install/moveit_simple_controller_manager/lib:/home/a/ws_nhk/install/moveit_ros_benchmarks/lib:/home/a/ws_nhk/install/moveit_ros_warehouse/lib:/home/a/ws_nhk/install/moveit_ros_robot_interaction/lib:/home/a/ws_nhk/install/moveit_ros_perception/lib:/home/a/ws_nhk/install/moveit_planners_ompl/lib:/home/a/ws_nhk/install/moveit_ros_planning/lib:/home/a/ws_nhk/install/moveit_ros_occupancy_map_monitor/lib:/home/a/ws_nhk/install/moveit_resources_prbt_ikfast_manipulator_plugin/lib:/home/a/ws_nhk/install/moveit_planners_chomp/lib:/home/a/ws_nhk/install/moveit_chomp_optimizer_adapter/lib:/home/a/ws_nhk/install/chomp_motion_planner/lib:/home/a/ws_nhk/install/moveit_core/lib:/home/a/ws_nhk/install/srdfdom/lib:/home/a/ws_nhk/install/rviz_marker_tools/lib:/home/a/ws_nhk/install/rosparam_shortcuts/lib:/home/a/ws_nhk/install/rogidrive_msg/lib:/home/a/ws_nhk/install/moveit_task_constructor_msgs/lib:/home/a/ws_nhk/install/dynamixel_sdk_custom_interfaces/lib:/home/a/ws_nhk/install/dynamixel_controller/lib:/usr/local/lib:/usr/lib/x86_64-linux-gnu/gazebo-11/plugins:/opt/ros/humble/opt/rviz_ogre_vendor/lib:/opt/ros/humble/lib/x86_64-linux-gnu:/opt/ros/humble/lib /usr/bin/cmake --build /home/a/ws_nhk/build/dynamixel_controller -- -j22 -l22[0m
[3.406s] [34mcolcon.colcon_core.event_handler.log_command[0m [1;30mDEBUG[0m [32mInvoking command in '/home/a/ws_nhk/src/dynamixel_ros2/dynamixel_controller_client': PYTHONPATH=/home/a/ws_nhk/build/dynamixel_controller_client/prefix_override:/usr/lib/python3/dist-packages/colcon_core/task/python/colcon_distutils_commands:/home/a/ws_nhk/install/dynamixel_controller_client/lib/python3.10/site-packages:${PYTHONPATH} /usr/bin/python3 -W ignore:setup.py install is deprecated -W ignore:easy_install command is deprecated setup.py egg_info --egg-base ../../../build/dynamixel_controller_client build --build-base /home/a/ws_nhk/build/dynamixel_controller_client/build install --record /home/a/ws_nhk/build/dynamixel_controller_client/install.log --single-version-externally-managed install_data[0m
[4.989s] [34mcolcon.colcon_core.task.python.build[0m [1;30mINFO[0m Building Python package in '/home/a/ws_nhk/src/r2_odrive'
[4.991s] [34mcolcon.colcon_core.shell[0m [1;30mINFO[0m Skip shell extension 'powershell' for command environment: Not usable outside of PowerShell
[4.991s] [34mcolcon.colcon_core.shell[0m [1;30mDEBUG[0m [32mSkip shell extension 'dsv' for command environment[0m
[6.098s] [34mcolcon.colcon_core.task.python.build[0m [1;30mINFO[0m Building Python package in '/home/a/ws_nhk/src/rogidrive/rogidrive'
[6.099s] [34mcolcon.colcon_core.shell[0m [1;30mINFO[0m Skip shell extension 'powershell' for command environment: Not usable outside of PowerShell
[6.100s] [34mcolcon.colcon_core.shell[0m [1;30mDEBUG[0m [32mSkip shell extension 'dsv' for command environment[0m
[6.144s] [34mcolcon.colcon_core.event_handler.log_command[0m [1;30mDEBUG[0m [32mInvoking command in '/home/a/ws_nhk/build/stm32_mavlink_uart': CMAKE_PREFIX_PATH=/home/a/ws_nhk/install/stm32_mavlink_msgs:/home/a/ws_nhk/install/stm32_mavlink_udp:/home/a/ws_nhk/install/stm32_mavlink_uart:/home/a/ws_nhk/install/sakai_r2_config:/home/a/ws_nhk/install/moveit_runtime:/home/a/ws_nhk/install/moveit_r2_config:/home/a/ws_nhk/install/moveit_config:/home/a/ws_nhk/install/moveit2_tutorials:/home/a/ws_nhk/install/moveit:/home/a/ws_nhk/install/moveit_planners:/home/a/ws_nhk/install/pilz_industrial_motion_planner:/home/a/ws_nhk/install/moveit_task_constructor_visualization:/home/a/ws_nhk/install/moveit_task_constructor_demo:/home/a/ws_nhk/install/moveit_task_constructor_capabilities:/home/a/ws_nhk/install/moveit_task_constructor_core:/home/a/ws_nhk/install/moveit_setup_assistant:/home/a/ws_nhk/install/moveit_setup_srdf_plugins:/home/a/ws_nhk/install/moveit_setup_core_plugins:/home/a/ws_nhk/install/moveit_setup_controllers:/home/a/ws_nhk/install/moveit_setup_app_plugins:/home/a/ws_nhk/install/moveit_setup_framework:/home/a/ws_nhk/install/moveit_servo:/home/a/ws_nhk/install/moveit_ros:/home/a/ws_nhk/install/moveit_ros_visualization:/home/a/ws_nhk/install/moveit_hybrid_planning:/home/a/ws_nhk/install/moveit_ros_planning_interface:/home/a/ws_nhk/install/moveit_resources_prbt_pg70_support:/home/a/ws_nhk/install/moveit_resources_prbt_moveit_config:/home/a/ws_nhk/install/moveit_ros_move_group:/home/a/ws_nhk/install/moveit_kinematics:/home/a/ws_nhk/install/trac_ik:/home/a/ws_nhk/install/trac_ik_kinematics_plugin:/home/a/ws_nhk/install/trac_ik_lib:/home/a/ws_nhk/install/pilz_industrial_motion_planner_testutils:/home/a/ws_nhk/install/moveit_visual_tools:/home/a/ws_nhk/install/moveit_ros_control_interface:/home/a/ws_nhk/install/moveit_plugins:/home/a/ws_nhk/install/moveit_simple_controller_manager:/home/a/ws_nhk/install/moveit_ros_benchmarks:/home/a/ws_nhk/install/moveit_ros_warehouse:/home/a/ws_nhk/install/moveit_ros_robot_interaction:/home/a/ws_nhk/install/moveit_ros_perception:/home/a/ws_nhk/install/moveit_planners_ompl:/home/a/ws_nhk/install/moveit_ros_planning:/home/a/ws_nhk/install/moveit_ros_occupancy_map_monitor:/home/a/ws_nhk/install/moveit_resources_prbt_ikfast_manipulator_plugin:/home/a/ws_nhk/install/moveit_planners_chomp:/home/a/ws_nhk/install/moveit_chomp_optimizer_adapter:/home/a/ws_nhk/install/chomp_motion_planner:/home/a/ws_nhk/install/moveit_core:/home/a/ws_nhk/install/srdfdom:/home/a/ws_nhk/install/rviz_marker_tools:/home/a/ws_nhk/install/rosparam_shortcuts:/home/a/ws_nhk/install/r2_odrive:/home/a/ws_nhk/install/rogidrive_msg:/home/a/ws_nhk/install/nhk_bt:/home/a/ws_nhk/install/moveit_task_constructor_msgs:/home/a/ws_nhk/install/moveit_resources_prbt_support:/home/a/ws_nhk/install/moveit_resources:/home/a/ws_nhk/install/moveit_resources_pr2_description:/home/a/ws_nhk/install/moveit_resources_panda_moveit_config:/home/a/ws_nhk/install/moveit_resources_panda_description:/home/a/ws_nhk/install/moveit_resources_fanuc_moveit_config:/home/a/ws_nhk/install/moveit_resources_fanuc_description:/home/a/ws_nhk/install/moveit_common:/home/a/ws_nhk/install/dynamixel_sdk_examples:/home/a/ws_nhk/install/dynamixel_sdk_custom_interfaces:/home/a/ws_nhk/install/dynamixel_controller:/home/a/ws_nhk/install/dynamixel_sdk:/home/a/ws_nhk/install/arm_v20_description:/home/a/ws_nhk/install/arm_module_description:/home/a/ws_nhk/install/a_r2_description:/home/a/install/field_description_test:/home/a/ws_nhk/install/ikeyaMD_wizard:/home/a/ws_nhk/install/moveit_configs_utils:/home/a/ws_nhk/install/rogidrive:/home/a/ws_nhk/install/launch_param_builder:/home/a/ws_nhk/install/dynamixel_controller_gui:/home/a/ws_nhk/install/dynamixel_controller_client:/opt/ros/humble /usr/bin/cmake --build /home/a/ws_nhk/build/stm32_mavlink_uart -- -j22 -l22[0m
[6.164s] [34mcolcon.colcon_core.event_handler.log_command[0m [1;30mDEBUG[0m [32mInvoking command in '/home/a/ws_nhk/build/dynamixel_sdk_examples': CMAKE_PREFIX_PATH=/home/a/ws_nhk/install/dynamixel_sdk_custom_interfaces:/home/a/ws_nhk/install/dynamixel_sdk:/home/a/ws_nhk/install/stm32_mavlink_udp:/home/a/ws_nhk/install/stm32_mavlink_uart:/home/a/ws_nhk/install/stm32_mavlink_msgs:/home/a/ws_nhk/install/sakai_r2_config:/home/a/ws_nhk/install/moveit_runtime:/home/a/ws_nhk/install/moveit_r2_config:/home/a/ws_nhk/install/moveit_config:/home/a/ws_nhk/install/moveit2_tutorials:/home/a/ws_nhk/install/moveit:/home/a/ws_nhk/install/moveit_planners:/home/a/ws_nhk/install/pilz_industrial_motion_planner:/home/a/ws_nhk/install/moveit_task_constructor_visualization:/home/a/ws_nhk/install/moveit_task_constructor_demo:/home/a/ws_nhk/install/moveit_task_constructor_capabilities:/home/a/ws_nhk/install/moveit_task_constructor_core:/home/a/ws_nhk/install/moveit_setup_assistant:/home/a/ws_nhk/install/moveit_setup_srdf_plugins:/home/a/ws_nhk/install/moveit_setup_core_plugins:/home/a/ws_nhk/install/moveit_setup_controllers:/home/a/ws_nhk/install/moveit_setup_app_plugins:/home/a/ws_nhk/install/moveit_setup_framework:/home/a/ws_nhk/install/moveit_servo:/home/a/ws_nhk/install/moveit_ros:/home/a/ws_nhk/install/moveit_ros_visualization:/home/a/ws_nhk/install/moveit_hybrid_planning:/home/a/ws_nhk/install/moveit_ros_planning_interface:/home/a/ws_nhk/install/moveit_resources_prbt_pg70_support:/home/a/ws_nhk/install/moveit_resources_prbt_moveit_config:/home/a/ws_nhk/install/moveit_ros_move_group:/home/a/ws_nhk/install/moveit_kinematics:/home/a/ws_nhk/install/trac_ik:/home/a/ws_nhk/install/trac_ik_kinematics_plugin:/home/a/ws_nhk/install/trac_ik_lib:/home/a/ws_nhk/install/pilz_industrial_motion_planner_testutils:/home/a/ws_nhk/install/moveit_visual_tools:/home/a/ws_nhk/install/moveit_ros_control_interface:/home/a/ws_nhk/install/moveit_plugins:/home/a/ws_nhk/install/moveit_simple_controller_manager:/home/a/ws_nhk/install/moveit_ros_benchmarks:/home/a/ws_nhk/install/moveit_ros_warehouse:/home/a/ws_nhk/install/moveit_ros_robot_interaction:/home/a/ws_nhk/install/moveit_ros_perception:/home/a/ws_nhk/install/moveit_planners_ompl:/home/a/ws_nhk/install/moveit_ros_planning:/home/a/ws_nhk/install/moveit_ros_occupancy_map_monitor:/home/a/ws_nhk/install/moveit_resources_prbt_ikfast_manipulator_plugin:/home/a/ws_nhk/install/moveit_planners_chomp:/home/a/ws_nhk/install/moveit_chomp_optimizer_adapter:/home/a/ws_nhk/install/chomp_motion_planner:/home/a/ws_nhk/install/moveit_core:/home/a/ws_nhk/install/srdfdom:/home/a/ws_nhk/install/rviz_marker_tools:/home/a/ws_nhk/install/rosparam_shortcuts:/home/a/ws_nhk/install/r2_odrive:/home/a/ws_nhk/install/rogidrive_msg:/home/a/ws_nhk/install/nhk_bt:/home/a/ws_nhk/install/moveit_task_constructor_msgs:/home/a/ws_nhk/install/moveit_resources_prbt_support:/home/a/ws_nhk/install/moveit_resources:/home/a/ws_nhk/install/moveit_resources_pr2_description:/home/a/ws_nhk/install/moveit_resources_panda_moveit_config:/home/a/ws_nhk/install/moveit_resources_panda_description:/home/a/ws_nhk/install/moveit_resources_fanuc_moveit_config:/home/a/ws_nhk/install/moveit_resources_fanuc_description:/home/a/ws_nhk/install/moveit_common:/home/a/ws_nhk/install/dynamixel_sdk_examples:/home/a/ws_nhk/install/dynamixel_controller:/home/a/ws_nhk/install/arm_v20_description:/home/a/ws_nhk/install/arm_module_description:/home/a/ws_nhk/install/a_r2_description:/home/a/install/field_description_test:/home/a/ws_nhk/install/ikeyaMD_wizard:/home/a/ws_nhk/install/moveit_configs_utils:/home/a/ws_nhk/install/rogidrive:/home/a/ws_nhk/install/launch_param_builder:/home/a/ws_nhk/install/dynamixel_controller_gui:/home/a/ws_nhk/install/dynamixel_controller_client:/opt/ros/humble LD_LIBRARY_PATH=/home/a/ws_nhk/install/dynamixel_sdk_custom_interfaces/lib:/home/a/ws_nhk/install/dynamixel_sdk/lib:/home/a/ws_nhk/install/stm32_mavlink_msgs/lib:/home/a/ws_nhk/install/pilz_industrial_motion_planner/lib:/home/a/ws_nhk/install/moveit_task_constructor_visualization/lib:/home/a/ws_nhk/install/moveit_task_constructor_demo/lib:/home/a/ws_nhk/install/moveit_task_constructor_capabilities/lib:/home/a/ws_nhk/install/moveit_task_constructor_core/lib:/home/a/ws_nhk/install/moveit_setup_assistant/lib:/home/a/ws_nhk/install/moveit_setup_srdf_plugins/lib:/home/a/ws_nhk/install/moveit_setup_core_plugins/lib:/home/a/ws_nhk/install/moveit_setup_controllers/lib:/home/a/ws_nhk/install/moveit_setup_app_plugins/lib:/home/a/ws_nhk/install/moveit_setup_framework/lib:/home/a/ws_nhk/install/moveit_servo/lib:/home/a/ws_nhk/install/moveit_ros_visualization/lib:/home/a/ws_nhk/install/moveit_hybrid_planning/lib:/home/a/ws_nhk/install/moveit_ros_planning_interface/lib:/home/a/ws_nhk/install/moveit_ros_move_group/lib:/home/a/ws_nhk/install/moveit_kinematics/lib:/home/a/ws_nhk/install/trac_ik_kinematics_plugin/lib:/home/a/ws_nhk/install/trac_ik_lib/lib:/home/a/ws_nhk/install/pilz_industrial_motion_planner_testutils/lib:/home/a/ws_nhk/install/moveit_visual_tools/lib:/home/a/ws_nhk/install/moveit_ros_control_interface/lib:/home/a/ws_nhk/install/moveit_simple_controller_manager/lib:/home/a/ws_nhk/install/moveit_ros_benchmarks/lib:/home/a/ws_nhk/install/moveit_ros_warehouse/lib:/home/a/ws_nhk/install/moveit_ros_robot_interaction/lib:/home/a/ws_nhk/install/moveit_ros_perception/lib:/home/a/ws_nhk/install/moveit_planners_ompl/lib:/home/a/ws_nhk/install/moveit_ros_planning/lib:/home/a/ws_nhk/install/moveit_ros_occupancy_map_monitor/lib:/home/a/ws_nhk/install/moveit_resources_prbt_ikfast_manipulator_plugin/lib:/home/a/ws_nhk/install/moveit_planners_chomp/lib:/home/a/ws_nhk/install/moveit_chomp_optimizer_adapter/lib:/home/a/ws_nhk/install/chomp_motion_planner/lib:/home/a/ws_nhk/install/moveit_core/lib:/home/a/ws_nhk/install/srdfdom/lib:/home/a/ws_nhk/install/rviz_marker_tools/lib:/home/a/ws_nhk/install/rosparam_shortcuts/lib:/home/a/ws_nhk/install/rogidrive_msg/lib:/home/a/ws_nhk/install/moveit_task_constructor_msgs/lib:/home/a/ws_nhk/install/dynamixel_controller/lib:/usr/local/lib:/usr/lib/x86_64-linux-gnu/gazebo-11/plugins:/opt/ros/humble/opt/rviz_ogre_vendor/lib:/opt/ros/humble/lib/x86_64-linux-gnu:/opt/ros/humble/lib /usr/bin/cmake --build /home/a/ws_nhk/build/dynamixel_sdk_examples -- -j22 -l22[0m
[6.174s] [34mcolcon.colcon_core.event_handler.log_command[0m [1;30mDEBUG[0m [32mInvoking command in '/home/a/ws_nhk/build/rs485_interface2': CMAKE_PREFIX_PATH=/home/a/ws_nhk/install/stm32_mavlink_msgs:/home/a/ws_nhk/install/rogidrive_msg:/home/a/ws_nhk/install/stm32_mavlink_udp:/home/a/ws_nhk/install/stm32_mavlink_uart:/home/a/ws_nhk/install/sakai_r2_config:/home/a/ws_nhk/install/moveit_runtime:/home/a/ws_nhk/install/moveit_r2_config:/home/a/ws_nhk/install/moveit_config:/home/a/ws_nhk/install/moveit2_tutorials:/home/a/ws_nhk/install/moveit:/home/a/ws_nhk/install/moveit_planners:/home/a/ws_nhk/install/pilz_industrial_motion_planner:/home/a/ws_nhk/install/moveit_task_constructor_visualization:/home/a/ws_nhk/install/moveit_task_constructor_demo:/home/a/ws_nhk/install/moveit_task_constructor_capabilities:/home/a/ws_nhk/install/moveit_task_constructor_core:/home/a/ws_nhk/install/moveit_setup_assistant:/home/a/ws_nhk/install/moveit_setup_srdf_plugins:/home/a/ws_nhk/install/moveit_setup_core_plugins:/home/a/ws_nhk/install/moveit_setup_controllers:/home/a/ws_nhk/install/moveit_setup_app_plugins:/home/a/ws_nhk/install/moveit_setup_framework:/home/a/ws_nhk/install/moveit_servo:/home/a/ws_nhk/install/moveit_ros:/home/a/ws_nhk/install/moveit_ros_visualization:/home/a/ws_nhk/install/moveit_hybrid_planning:/home/a/ws_nhk/install/moveit_ros_planning_interface:/home/a/ws_nhk/install/moveit_resources_prbt_pg70_support:/home/a/ws_nhk/install/moveit_resources_prbt_moveit_config:/home/a/ws_nhk/install/moveit_ros_move_group:/home/a/ws_nhk/install/moveit_kinematics:/home/a/ws_nhk/install/trac_ik:/home/a/ws_nhk/install/trac_ik_kinematics_plugin:/home/a/ws_nhk/install/trac_ik_lib:/home/a/ws_nhk/install/pilz_industrial_motion_planner_testutils:/home/a/ws_nhk/install/moveit_visual_tools:/home/a/ws_nhk/install/moveit_ros_control_interface:/home/a/ws_nhk/install/moveit_plugins:/home/a/ws_nhk/install/moveit_simple_controller_manager:/home/a/ws_nhk/install/moveit_ros_benchmarks:/home/a/ws_nhk/install/moveit_ros_warehouse:/home/a/ws_nhk/install/moveit_ros_robot_interaction:/home/a/ws_nhk/install/moveit_ros_perception:/home/a/ws_nhk/install/moveit_planners_ompl:/home/a/ws_nhk/install/moveit_ros_planning:/home/a/ws_nhk/install/moveit_ros_occupancy_map_monitor:/home/a/ws_nhk/install/moveit_resources_prbt_ikfast_manipulator_plugin:/home/a/ws_nhk/install/moveit_planners_chomp:/home/a/ws_nhk/install/moveit_chomp_optimizer_adapter:/home/a/ws_nhk/install/chomp_motion_planner:/home/a/ws_nhk/install/moveit_core:/home/a/ws_nhk/install/srdfdom:/home/a/ws_nhk/install/rviz_marker_tools:/home/a/ws_nhk/install/rosparam_shortcuts:/home/a/ws_nhk/install/r2_odrive:/home/a/ws_nhk/install/nhk_bt:/home/a/ws_nhk/install/moveit_task_constructor_msgs:/home/a/ws_nhk/install/moveit_resources_prbt_support:/home/a/ws_nhk/install/moveit_resources:/home/a/ws_nhk/install/moveit_resources_pr2_description:/home/a/ws_nhk/install/moveit_resources_panda_moveit_config:/home/a/ws_nhk/install/moveit_resources_panda_description:/home/a/ws_nhk/install/moveit_resources_fanuc_moveit_config:/home/a/ws_nhk/install/moveit_resources_fanuc_description:/home/a/ws_nhk/install/moveit_common:/home/a/ws_nhk/install/dynamixel_sdk_examples:/home/a/ws_nhk/install/dynamixel_sdk_custom_interfaces:/home/a/ws_nhk/install/dynamixel_controller:/home/a/ws_nhk/install/dynamixel_sdk:/home/a/ws_nhk/install/arm_v20_description:/home/a/ws_nhk/install/arm_module_description:/home/a/ws_nhk/install/a_r2_description:/home/a/install/field_description_test:/home/a/ws_nhk/install/ikeyaMD_wizard:/home/a/ws_nhk/install/moveit_configs_utils:/home/a/ws_nhk/install/rogidrive:/home/a/ws_nhk/install/launch_param_builder:/home/a/ws_nhk/install/dynamixel_controller_gui:/home/a/ws_nhk/install/dynamixel_controller_client:/opt/ros/humble LD_LIBRARY_PATH=/home/a/ws_nhk/install/stm32_mavlink_msgs/lib:/home/a/ws_nhk/install/rogidrive_msg/lib:/home/a/ws_nhk/install/pilz_industrial_motion_planner/lib:/home/a/ws_nhk/install/moveit_task_constructor_visualization/lib:/home/a/ws_nhk/install/moveit_task_constructor_demo/lib:/home/a/ws_nhk/install/moveit_task_constructor_capabilities/lib:/home/a/ws_nhk/install/moveit_task_constructor_core/lib:/home/a/ws_nhk/install/moveit_setup_assistant/lib:/home/a/ws_nhk/install/moveit_setup_srdf_plugins/lib:/home/a/ws_nhk/install/moveit_setup_core_plugins/lib:/home/a/ws_nhk/install/moveit_setup_controllers/lib:/home/a/ws_nhk/install/moveit_setup_app_plugins/lib:/home/a/ws_nhk/install/moveit_setup_framework/lib:/home/a/ws_nhk/install/moveit_servo/lib:/home/a/ws_nhk/install/moveit_ros_visualization/lib:/home/a/ws_nhk/install/moveit_hybrid_planning/lib:/home/a/ws_nhk/install/moveit_ros_planning_interface/lib:/home/a/ws_nhk/install/moveit_ros_move_group/lib:/home/a/ws_nhk/install/moveit_kinematics/lib:/home/a/ws_nhk/install/trac_ik_kinematics_plugin/lib:/home/a/ws_nhk/install/trac_ik_lib/lib:/home/a/ws_nhk/install/pilz_industrial_motion_planner_testutils/lib:/home/a/ws_nhk/install/moveit_visual_tools/lib:/home/a/ws_nhk/install/moveit_ros_control_interface/lib:/home/a/ws_nhk/install/moveit_simple_controller_manager/lib:/home/a/ws_nhk/install/moveit_ros_benchmarks/lib:/home/a/ws_nhk/install/moveit_ros_warehouse/lib:/home/a/ws_nhk/install/moveit_ros_robot_interaction/lib:/home/a/ws_nhk/install/moveit_ros_perception/lib:/home/a/ws_nhk/install/moveit_planners_ompl/lib:/home/a/ws_nhk/install/moveit_ros_planning/lib:/home/a/ws_nhk/install/moveit_ros_occupancy_map_monitor/lib:/home/a/ws_nhk/install/moveit_resources_prbt_ikfast_manipulator_plugin/lib:/home/a/ws_nhk/install/moveit_planners_chomp/lib:/home/a/ws_nhk/install/moveit_chomp_optimizer_adapter/lib:/home/a/ws_nhk/install/chomp_motion_planner/lib:/home/a/ws_nhk/install/moveit_core/lib:/home/a/ws_nhk/install/srdfdom/lib:/home/a/ws_nhk/install/rviz_marker_tools/lib:/home/a/ws_nhk/install/rosparam_shortcuts/lib:/home/a/ws_nhk/install/moveit_task_constructor_msgs/lib:/home/a/ws_nhk/install/dynamixel_sdk_custom_interfaces/lib:/home/a/ws_nhk/install/dynamixel_controller/lib:/home/a/ws_nhk/install/dynamixel_sdk/lib:/usr/local/lib:/usr/lib/x86_64-linux-gnu/gazebo-11/plugins:/opt/ros/humble/opt/rviz_ogre_vendor/lib:/opt/ros/humble/lib/x86_64-linux-gnu:/opt/ros/humble/lib /usr/bin/cmake --build /home/a/ws_nhk/build/rs485_interface2 -- -j22 -l22[0m
[6.187s] [34mcolcon.colcon_core.event_handler.log_command[0m [1;30mDEBUG[0m [32mInvoking command in '/home/a/ws_nhk/build/rs485_motor_interface': CMAKE_PREFIX_PATH=/home/a/ws_nhk/install/stm32_mavlink_msgs:/home/a/ws_nhk/install/stm32_mavlink_udp:/home/a/ws_nhk/install/stm32_mavlink_uart:/home/a/ws_nhk/install/sakai_r2_config:/home/a/ws_nhk/install/moveit_runtime:/home/a/ws_nhk/install/moveit_r2_config:/home/a/ws_nhk/install/moveit_config:/home/a/ws_nhk/install/moveit2_tutorials:/home/a/ws_nhk/install/moveit:/home/a/ws_nhk/install/moveit_planners:/home/a/ws_nhk/install/pilz_industrial_motion_planner:/home/a/ws_nhk/install/moveit_task_constructor_visualization:/home/a/ws_nhk/install/moveit_task_constructor_demo:/home/a/ws_nhk/install/moveit_task_constructor_capabilities:/home/a/ws_nhk/install/moveit_task_constructor_core:/home/a/ws_nhk/install/moveit_setup_assistant:/home/a/ws_nhk/install/moveit_setup_srdf_plugins:/home/a/ws_nhk/install/moveit_setup_core_plugins:/home/a/ws_nhk/install/moveit_setup_controllers:/home/a/ws_nhk/install/moveit_setup_app_plugins:/home/a/ws_nhk/install/moveit_setup_framework:/home/a/ws_nhk/install/moveit_servo:/home/a/ws_nhk/install/moveit_ros:/home/a/ws_nhk/install/moveit_ros_visualization:/home/a/ws_nhk/install/moveit_hybrid_planning:/home/a/ws_nhk/install/moveit_ros_planning_interface:/home/a/ws_nhk/install/moveit_resources_prbt_pg70_support:/home/a/ws_nhk/install/moveit_resources_prbt_moveit_config:/home/a/ws_nhk/install/moveit_ros_move_group:/home/a/ws_nhk/install/moveit_kinematics:/home/a/ws_nhk/install/trac_ik:/home/a/ws_nhk/install/trac_ik_kinematics_plugin:/home/a/ws_nhk/install/trac_ik_lib:/home/a/ws_nhk/install/pilz_industrial_motion_planner_testutils:/home/a/ws_nhk/install/moveit_visual_tools:/home/a/ws_nhk/install/moveit_ros_control_interface:/home/a/ws_nhk/install/moveit_plugins:/home/a/ws_nhk/install/moveit_simple_controller_manager:/home/a/ws_nhk/install/moveit_ros_benchmarks:/home/a/ws_nhk/install/moveit_ros_warehouse:/home/a/ws_nhk/install/moveit_ros_robot_interaction:/home/a/ws_nhk/install/moveit_ros_perception:/home/a/ws_nhk/install/moveit_planners_ompl:/home/a/ws_nhk/install/moveit_ros_planning:/home/a/ws_nhk/install/moveit_ros_occupancy_map_monitor:/home/a/ws_nhk/install/moveit_resources_prbt_ikfast_manipulator_plugin:/home/a/ws_nhk/install/moveit_planners_chomp:/home/a/ws_nhk/install/moveit_chomp_optimizer_adapter:/home/a/ws_nhk/install/chomp_motion_planner:/home/a/ws_nhk/install/moveit_core:/home/a/ws_nhk/install/srdfdom:/home/a/ws_nhk/install/rviz_marker_tools:/home/a/ws_nhk/install/rosparam_shortcuts:/home/a/ws_nhk/install/r2_odrive:/home/a/ws_nhk/install/rogidrive_msg:/home/a/ws_nhk/install/nhk_bt:/home/a/ws_nhk/install/moveit_task_constructor_msgs:/home/a/ws_nhk/install/moveit_resources_prbt_support:/home/a/ws_nhk/install/moveit_resources:/home/a/ws_nhk/install/moveit_resources_pr2_description:/home/a/ws_nhk/install/moveit_resources_panda_moveit_config:/home/a/ws_nhk/install/moveit_resources_panda_description:/home/a/ws_nhk/install/moveit_resources_fanuc_moveit_config:/home/a/ws_nhk/install/moveit_resources_fanuc_description:/home/a/ws_nhk/install/moveit_common:/home/a/ws_nhk/install/dynamixel_sdk_examples:/home/a/ws_nhk/install/dynamixel_sdk_custom_interfaces:/home/a/ws_nhk/install/dynamixel_controller:/home/a/ws_nhk/install/dynamixel_sdk:/home/a/ws_nhk/install/arm_v20_description:/home/a/ws_nhk/install/arm_module_description:/home/a/ws_nhk/install/a_r2_description:/home/a/install/field_description_test:/home/a/ws_nhk/install/ikeyaMD_wizard:/home/a/ws_nhk/install/moveit_configs_utils:/home/a/ws_nhk/install/rogidrive:/home/a/ws_nhk/install/launch_param_builder:/home/a/ws_nhk/install/dynamixel_controller_gui:/home/a/ws_nhk/install/dynamixel_controller_client:/opt/ros/humble /usr/bin/cmake --build /home/a/ws_nhk/build/rs485_motor_interface -- -j22 -l22[0m
[6.209s] [34mcolcon.colcon_core.event_handler.log_command[0m [1;30mDEBUG[0m [32mInvoking command in '/home/a/ws_nhk/build/stm32_mavlink_udp': CMAKE_PREFIX_PATH=/home/a/ws_nhk/install/stm32_mavlink_msgs:/home/a/ws_nhk/install/stm32_mavlink_udp:/home/a/ws_nhk/install/stm32_mavlink_uart:/home/a/ws_nhk/install/sakai_r2_config:/home/a/ws_nhk/install/moveit_runtime:/home/a/ws_nhk/install/moveit_r2_config:/home/a/ws_nhk/install/moveit_config:/home/a/ws_nhk/install/moveit2_tutorials:/home/a/ws_nhk/install/moveit:/home/a/ws_nhk/install/moveit_planners:/home/a/ws_nhk/install/pilz_industrial_motion_planner:/home/a/ws_nhk/install/moveit_task_constructor_visualization:/home/a/ws_nhk/install/moveit_task_constructor_demo:/home/a/ws_nhk/install/moveit_task_constructor_capabilities:/home/a/ws_nhk/install/moveit_task_constructor_core:/home/a/ws_nhk/install/moveit_setup_assistant:/home/a/ws_nhk/install/moveit_setup_srdf_plugins:/home/a/ws_nhk/install/moveit_setup_core_plugins:/home/a/ws_nhk/install/moveit_setup_controllers:/home/a/ws_nhk/install/moveit_setup_app_plugins:/home/a/ws_nhk/install/moveit_setup_framework:/home/a/ws_nhk/install/moveit_servo:/home/a/ws_nhk/install/moveit_ros:/home/a/ws_nhk/install/moveit_ros_visualization:/home/a/ws_nhk/install/moveit_hybrid_planning:/home/a/ws_nhk/install/moveit_ros_planning_interface:/home/a/ws_nhk/install/moveit_resources_prbt_pg70_support:/home/a/ws_nhk/install/moveit_resources_prbt_moveit_config:/home/a/ws_nhk/install/moveit_ros_move_group:/home/a/ws_nhk/install/moveit_kinematics:/home/a/ws_nhk/install/trac_ik:/home/a/ws_nhk/install/trac_ik_kinematics_plugin:/home/a/ws_nhk/install/trac_ik_lib:/home/a/ws_nhk/install/pilz_industrial_motion_planner_testutils:/home/a/ws_nhk/install/moveit_visual_tools:/home/a/ws_nhk/install/moveit_ros_control_interface:/home/a/ws_nhk/install/moveit_plugins:/home/a/ws_nhk/install/moveit_simple_controller_manager:/home/a/ws_nhk/install/moveit_ros_benchmarks:/home/a/ws_nhk/install/moveit_ros_warehouse:/home/a/ws_nhk/install/moveit_ros_robot_interaction:/home/a/ws_nhk/install/moveit_ros_perception:/home/a/ws_nhk/install/moveit_planners_ompl:/home/a/ws_nhk/install/moveit_ros_planning:/home/a/ws_nhk/install/moveit_ros_occupancy_map_monitor:/home/a/ws_nhk/install/moveit_resources_prbt_ikfast_manipulator_plugin:/home/a/ws_nhk/install/moveit_planners_chomp:/home/a/ws_nhk/install/moveit_chomp_optimizer_adapter:/home/a/ws_nhk/install/chomp_motion_planner:/home/a/ws_nhk/install/moveit_core:/home/a/ws_nhk/install/srdfdom:/home/a/ws_nhk/install/rviz_marker_tools:/home/a/ws_nhk/install/rosparam_shortcuts:/home/a/ws_nhk/install/r2_odrive:/home/a/ws_nhk/install/rogidrive_msg:/home/a/ws_nhk/install/nhk_bt:/home/a/ws_nhk/install/moveit_task_constructor_msgs:/home/a/ws_nhk/install/moveit_resources_prbt_support:/home/a/ws_nhk/install/moveit_resources:/home/a/ws_nhk/install/moveit_resources_pr2_description:/home/a/ws_nhk/install/moveit_resources_panda_moveit_config:/home/a/ws_nhk/install/moveit_resources_panda_description:/home/a/ws_nhk/install/moveit_resources_fanuc_moveit_config:/home/a/ws_nhk/install/moveit_resources_fanuc_description:/home/a/ws_nhk/install/moveit_common:/home/a/ws_nhk/install/dynamixel_sdk_examples:/home/a/ws_nhk/install/dynamixel_sdk_custom_interfaces:/home/a/ws_nhk/install/dynamixel_controller:/home/a/ws_nhk/install/dynamixel_sdk:/home/a/ws_nhk/install/arm_v20_description:/home/a/ws_nhk/install/arm_module_description:/home/a/ws_nhk/install/a_r2_description:/home/a/install/field_description_test:/home/a/ws_nhk/install/ikeyaMD_wizard:/home/a/ws_nhk/install/moveit_configs_utils:/home/a/ws_nhk/install/rogidrive:/home/a/ws_nhk/install/launch_param_builder:/home/a/ws_nhk/install/dynamixel_controller_gui:/home/a/ws_nhk/install/dynamixel_controller_client:/opt/ros/humble /usr/bin/cmake --build /home/a/ws_nhk/build/stm32_mavlink_udp -- -j22 -l22[0m
[6.213s] [34mcolcon.colcon_core.event_handler.log_command[0m [1;30mDEBUG[0m [32mInvoked command in '/home/a/ws_nhk/build/moveit_resources_fanuc_moveit_config' returned '0': CMAKE_PREFIX_PATH=/home/a/ws_nhk/install/moveit_resources_fanuc_description:/home/a/ws_nhk/install/stm32_mavlink_udp:/home/a/ws_nhk/install/stm32_mavlink_uart:/home/a/ws_nhk/install/stm32_mavlink_msgs:/home/a/ws_nhk/install/sakai_r2_config:/home/a/ws_nhk/install/moveit_runtime:/home/a/ws_nhk/install/moveit_r2_config:/home/a/ws_nhk/install/moveit_config:/home/a/ws_nhk/install/moveit2_tutorials:/home/a/ws_nhk/install/moveit:/home/a/ws_nhk/install/moveit_planners:/home/a/ws_nhk/install/pilz_industrial_motion_planner:/home/a/ws_nhk/install/moveit_task_constructor_visualization:/home/a/ws_nhk/install/moveit_task_constructor_demo:/home/a/ws_nhk/install/moveit_task_constructor_capabilities:/home/a/ws_nhk/install/moveit_task_constructor_core:/home/a/ws_nhk/install/moveit_setup_assistant:/home/a/ws_nhk/install/moveit_setup_srdf_plugins:/home/a/ws_nhk/install/moveit_setup_core_plugins:/home/a/ws_nhk/install/moveit_setup_controllers:/home/a/ws_nhk/install/moveit_setup_app_plugins:/home/a/ws_nhk/install/moveit_setup_framework:/home/a/ws_nhk/install/moveit_servo:/home/a/ws_nhk/install/moveit_ros:/home/a/ws_nhk/install/moveit_ros_visualization:/home/a/ws_nhk/install/moveit_hybrid_planning:/home/a/ws_nhk/install/moveit_ros_planning_interface:/home/a/ws_nhk/install/moveit_resources_prbt_pg70_support:/home/a/ws_nhk/install/moveit_resources_prbt_moveit_config:/home/a/ws_nhk/install/moveit_ros_move_group:/home/a/ws_nhk/install/moveit_kinematics:/home/a/ws_nhk/install/trac_ik:/home/a/ws_nhk/install/trac_ik_kinematics_plugin:/home/a/ws_nhk/install/trac_ik_lib:/home/a/ws_nhk/install/pilz_industrial_motion_planner_testutils:/home/a/ws_nhk/install/moveit_visual_tools:/home/a/ws_nhk/install/moveit_ros_control_interface:/home/a/ws_nhk/install/moveit_plugins:/home/a/ws_nhk/install/moveit_simple_controller_manager:/home/a/ws_nhk/install/moveit_ros_benchmarks:/home/a/ws_nhk/install/moveit_ros_warehouse:/home/a/ws_nhk/install/moveit_ros_robot_interaction:/home/a/ws_nhk/install/moveit_ros_perception:/home/a/ws_nhk/install/moveit_planners_ompl:/home/a/ws_nhk/install/moveit_ros_planning:/home/a/ws_nhk/install/moveit_ros_occupancy_map_monitor:/home/a/ws_nhk/install/moveit_resources_prbt_ikfast_manipulator_plugin:/home/a/ws_nhk/install/moveit_planners_chomp:/home/a/ws_nhk/install/moveit_chomp_optimizer_adapter:/home/a/ws_nhk/install/chomp_motion_planner:/home/a/ws_nhk/install/moveit_core:/home/a/ws_nhk/install/srdfdom:/home/a/ws_nhk/install/rviz_marker_tools:/home/a/ws_nhk/install/rosparam_shortcuts:/home/a/ws_nhk/install/r2_odrive:/home/a/ws_nhk/install/rogidrive_msg:/home/a/ws_nhk/install/nhk_bt:/home/a/ws_nhk/install/moveit_task_constructor_msgs:/home/a/ws_nhk/install/moveit_resources_prbt_support:/home/a/ws_nhk/install/moveit_resources:/home/a/ws_nhk/install/moveit_resources_pr2_description:/home/a/ws_nhk/install/moveit_resources_panda_moveit_config:/home/a/ws_nhk/install/moveit_resources_panda_description:/home/a/ws_nhk/install/moveit_resources_fanuc_moveit_config:/home/a/ws_nhk/install/moveit_common:/home/a/ws_nhk/install/dynamixel_sdk_examples:/home/a/ws_nhk/install/dynamixel_sdk_custom_interfaces:/home/a/ws_nhk/install/dynamixel_controller:/home/a/ws_nhk/install/dynamixel_sdk:/home/a/ws_nhk/install/arm_v20_description:/home/a/ws_nhk/install/arm_module_description:/home/a/ws_nhk/install/a_r2_description:/home/a/install/field_description_test:/home/a/ws_nhk/install/ikeyaMD_wizard:/home/a/ws_nhk/install/moveit_configs_utils:/home/a/ws_nhk/install/rogidrive:/home/a/ws_nhk/install/launch_param_builder:/home/a/ws_nhk/install/dynamixel_controller_gui:/home/a/ws_nhk/install/dynamixel_controller_client:/opt/ros/humble /usr/bin/cmake --build /home/a/ws_nhk/build/moveit_resources_fanuc_moveit_config -- -j22 -l22[0m
[6.221s] [34mcolcon.colcon_core.event_handler.log_command[0m [1;30mDEBUG[0m [32mInvoking command in '/home/a/ws_nhk/build/moveit_resources_fanuc_moveit_config': CMAKE_PREFIX_PATH=/home/a/ws_nhk/install/moveit_resources_fanuc_description:/home/a/ws_nhk/install/stm32_mavlink_udp:/home/a/ws_nhk/install/stm32_mavlink_uart:/home/a/ws_nhk/install/stm32_mavlink_msgs:/home/a/ws_nhk/install/sakai_r2_config:/home/a/ws_nhk/install/moveit_runtime:/home/a/ws_nhk/install/moveit_r2_config:/home/a/ws_nhk/install/moveit_config:/home/a/ws_nhk/install/moveit2_tutorials:/home/a/ws_nhk/install/moveit:/home/a/ws_nhk/install/moveit_planners:/home/a/ws_nhk/install/pilz_industrial_motion_planner:/home/a/ws_nhk/install/moveit_task_constructor_visualization:/home/a/ws_nhk/install/moveit_task_constructor_demo:/home/a/ws_nhk/install/moveit_task_constructor_capabilities:/home/a/ws_nhk/install/moveit_task_constructor_core:/home/a/ws_nhk/install/moveit_setup_assistant:/home/a/ws_nhk/install/moveit_setup_srdf_plugins:/home/a/ws_nhk/install/moveit_setup_core_plugins:/home/a/ws_nhk/install/moveit_setup_controllers:/home/a/ws_nhk/install/moveit_setup_app_plugins:/home/a/ws_nhk/install/moveit_setup_framework:/home/a/ws_nhk/install/moveit_servo:/home/a/ws_nhk/install/moveit_ros:/home/a/ws_nhk/install/moveit_ros_visualization:/home/a/ws_nhk/install/moveit_hybrid_planning:/home/a/ws_nhk/install/moveit_ros_planning_interface:/home/a/ws_nhk/install/moveit_resources_prbt_pg70_support:/home/a/ws_nhk/install/moveit_resources_prbt_moveit_config:/home/a/ws_nhk/install/moveit_ros_move_group:/home/a/ws_nhk/install/moveit_kinematics:/home/a/ws_nhk/install/trac_ik:/home/a/ws_nhk/install/trac_ik_kinematics_plugin:/home/a/ws_nhk/install/trac_ik_lib:/home/a/ws_nhk/install/pilz_industrial_motion_planner_testutils:/home/a/ws_nhk/install/moveit_visual_tools:/home/a/ws_nhk/install/moveit_ros_control_interface:/home/a/ws_nhk/install/moveit_plugins:/home/a/ws_nhk/install/moveit_simple_controller_manager:/home/a/ws_nhk/install/moveit_ros_benchmarks:/home/a/ws_nhk/install/moveit_ros_warehouse:/home/a/ws_nhk/install/moveit_ros_robot_interaction:/home/a/ws_nhk/install/moveit_ros_perception:/home/a/ws_nhk/install/moveit_planners_ompl:/home/a/ws_nhk/install/moveit_ros_planning:/home/a/ws_nhk/install/moveit_ros_occupancy_map_monitor:/home/a/ws_nhk/install/moveit_resources_prbt_ikfast_manipulator_plugin:/home/a/ws_nhk/install/moveit_planners_chomp:/home/a/ws_nhk/install/moveit_chomp_optimizer_adapter:/home/a/ws_nhk/install/chomp_motion_planner:/home/a/ws_nhk/install/moveit_core:/home/a/ws_nhk/install/srdfdom:/home/a/ws_nhk/install/rviz_marker_tools:/home/a/ws_nhk/install/rosparam_shortcuts:/home/a/ws_nhk/install/r2_odrive:/home/a/ws_nhk/install/rogidrive_msg:/home/a/ws_nhk/install/nhk_bt:/home/a/ws_nhk/install/moveit_task_constructor_msgs:/home/a/ws_nhk/install/moveit_resources_prbt_support:/home/a/ws_nhk/install/moveit_resources:/home/a/ws_nhk/install/moveit_resources_pr2_description:/home/a/ws_nhk/install/moveit_resources_panda_moveit_config:/home/a/ws_nhk/install/moveit_resources_panda_description:/home/a/ws_nhk/install/moveit_resources_fanuc_moveit_config:/home/a/ws_nhk/install/moveit_common:/home/a/ws_nhk/install/dynamixel_sdk_examples:/home/a/ws_nhk/install/dynamixel_sdk_custom_interfaces:/home/a/ws_nhk/install/dynamixel_controller:/home/a/ws_nhk/install/dynamixel_sdk:/home/a/ws_nhk/install/arm_v20_description:/home/a/ws_nhk/install/arm_module_description:/home/a/ws_nhk/install/a_r2_description:/home/a/install/field_description_test:/home/a/ws_nhk/install/ikeyaMD_wizard:/home/a/ws_nhk/install/moveit_configs_utils:/home/a/ws_nhk/install/rogidrive:/home/a/ws_nhk/install/launch_param_builder:/home/a/ws_nhk/install/dynamixel_controller_gui:/home/a/ws_nhk/install/dynamixel_controller_client:/opt/ros/humble /usr/bin/cmake --install /home/a/ws_nhk/build/moveit_resources_fanuc_moveit_config[0m
[6.224s] [34mcolcon.colcon_core.event_handler.log_command[0m [1;30mDEBUG[0m [32mInvoked command in '/home/a/ws_nhk/build/moveit_resources_panda_moveit_config' returned '0': CMAKE_PREFIX_PATH=/home/a/ws_nhk/install/moveit_resources_panda_description:/home/a/ws_nhk/install/stm32_mavlink_udp:/home/a/ws_nhk/install/stm32_mavlink_uart:/home/a/ws_nhk/install/stm32_mavlink_msgs:/home/a/ws_nhk/install/sakai_r2_config:/home/a/ws_nhk/install/moveit_runtime:/home/a/ws_nhk/install/moveit_r2_config:/home/a/ws_nhk/install/moveit_config:/home/a/ws_nhk/install/moveit2_tutorials:/home/a/ws_nhk/install/moveit:/home/a/ws_nhk/install/moveit_planners:/home/a/ws_nhk/install/pilz_industrial_motion_planner:/home/a/ws_nhk/install/moveit_task_constructor_visualization:/home/a/ws_nhk/install/moveit_task_constructor_demo:/home/a/ws_nhk/install/moveit_task_constructor_capabilities:/home/a/ws_nhk/install/moveit_task_constructor_core:/home/a/ws_nhk/install/moveit_setup_assistant:/home/a/ws_nhk/install/moveit_setup_srdf_plugins:/home/a/ws_nhk/install/moveit_setup_core_plugins:/home/a/ws_nhk/install/moveit_setup_controllers:/home/a/ws_nhk/install/moveit_setup_app_plugins:/home/a/ws_nhk/install/moveit_setup_framework:/home/a/ws_nhk/install/moveit_servo:/home/a/ws_nhk/install/moveit_ros:/home/a/ws_nhk/install/moveit_ros_visualization:/home/a/ws_nhk/install/moveit_hybrid_planning:/home/a/ws_nhk/install/moveit_ros_planning_interface:/home/a/ws_nhk/install/moveit_resources_prbt_pg70_support:/home/a/ws_nhk/install/moveit_resources_prbt_moveit_config:/home/a/ws_nhk/install/moveit_ros_move_group:/home/a/ws_nhk/install/moveit_kinematics:/home/a/ws_nhk/install/trac_ik:/home/a/ws_nhk/install/trac_ik_kinematics_plugin:/home/a/ws_nhk/install/trac_ik_lib:/home/a/ws_nhk/install/pilz_industrial_motion_planner_testutils:/home/a/ws_nhk/install/moveit_visual_tools:/home/a/ws_nhk/install/moveit_ros_control_interface:/home/a/ws_nhk/install/moveit_plugins:/home/a/ws_nhk/install/moveit_simple_controller_manager:/home/a/ws_nhk/install/moveit_ros_benchmarks:/home/a/ws_nhk/install/moveit_ros_warehouse:/home/a/ws_nhk/install/moveit_ros_robot_interaction:/home/a/ws_nhk/install/moveit_ros_perception:/home/a/ws_nhk/install/moveit_planners_ompl:/home/a/ws_nhk/install/moveit_ros_planning:/home/a/ws_nhk/install/moveit_ros_occupancy_map_monitor:/home/a/ws_nhk/install/moveit_resources_prbt_ikfast_manipulator_plugin:/home/a/ws_nhk/install/moveit_planners_chomp:/home/a/ws_nhk/install/moveit_chomp_optimizer_adapter:/home/a/ws_nhk/install/chomp_motion_planner:/home/a/ws_nhk/install/moveit_core:/home/a/ws_nhk/install/srdfdom:/home/a/ws_nhk/install/rviz_marker_tools:/home/a/ws_nhk/install/rosparam_shortcuts:/home/a/ws_nhk/install/r2_odrive:/home/a/ws_nhk/install/rogidrive_msg:/home/a/ws_nhk/install/nhk_bt:/home/a/ws_nhk/install/moveit_task_constructor_msgs:/home/a/ws_nhk/install/moveit_resources_prbt_support:/home/a/ws_nhk/install/moveit_resources:/home/a/ws_nhk/install/moveit_resources_pr2_description:/home/a/ws_nhk/install/moveit_resources_panda_moveit_config:/home/a/ws_nhk/install/moveit_resources_fanuc_moveit_config:/home/a/ws_nhk/install/moveit_resources_fanuc_description:/home/a/ws_nhk/install/moveit_common:/home/a/ws_nhk/install/dynamixel_sdk_examples:/home/a/ws_nhk/install/dynamixel_sdk_custom_interfaces:/home/a/ws_nhk/install/dynamixel_controller:/home/a/ws_nhk/install/dynamixel_sdk:/home/a/ws_nhk/install/arm_v20_description:/home/a/ws_nhk/install/arm_module_description:/home/a/ws_nhk/install/a_r2_description:/home/a/install/field_description_test:/home/a/ws_nhk/install/ikeyaMD_wizard:/home/a/ws_nhk/install/moveit_configs_utils:/home/a/ws_nhk/install/rogidrive:/home/a/ws_nhk/install/launch_param_builder:/home/a/ws_nhk/install/dynamixel_controller_gui:/home/a/ws_nhk/install/dynamixel_controller_client:/opt/ros/humble /usr/bin/cmake --build /home/a/ws_nhk/build/moveit_resources_panda_moveit_config -- -j22 -l22[0m
[6.232s] [34mcolcon.colcon_core.environment[0m [1;30mLevel 1[0m checking '/home/a/ws_nhk/install/dynamixel_controller_client' for CMake module files
[6.234s] [34mcolcon.colcon_core.event_handler.log_command[0m [1;30mDEBUG[0m [32mInvoking command in '/home/a/ws_nhk/build/moveit_resources_panda_moveit_config': CMAKE_PREFIX_PATH=/home/a/ws_nhk/install/moveit_resources_panda_description:/home/a/ws_nhk/install/stm32_mavlink_udp:/home/a/ws_nhk/install/stm32_mavlink_uart:/home/a/ws_nhk/install/stm32_mavlink_msgs:/home/a/ws_nhk/install/sakai_r2_config:/home/a/ws_nhk/install/moveit_runtime:/home/a/ws_nhk/install/moveit_r2_config:/home/a/ws_nhk/install/moveit_config:/home/a/ws_nhk/install/moveit2_tutorials:/home/a/ws_nhk/install/moveit:/home/a/ws_nhk/install/moveit_planners:/home/a/ws_nhk/install/pilz_industrial_motion_planner:/home/a/ws_nhk/install/moveit_task_constructor_visualization:/home/a/ws_nhk/install/moveit_task_constructor_demo:/home/a/ws_nhk/install/moveit_task_constructor_capabilities:/home/a/ws_nhk/install/moveit_task_constructor_core:/home/a/ws_nhk/install/moveit_setup_assistant:/home/a/ws_nhk/install/moveit_setup_srdf_plugins:/home/a/ws_nhk/install/moveit_setup_core_plugins:/home/a/ws_nhk/install/moveit_setup_controllers:/home/a/ws_nhk/install/moveit_setup_app_plugins:/home/a/ws_nhk/install/moveit_setup_framework:/home/a/ws_nhk/install/moveit_servo:/home/a/ws_nhk/install/moveit_ros:/home/a/ws_nhk/install/moveit_ros_visualization:/home/a/ws_nhk/install/moveit_hybrid_planning:/home/a/ws_nhk/install/moveit_ros_planning_interface:/home/a/ws_nhk/install/moveit_resources_prbt_pg70_support:/home/a/ws_nhk/install/moveit_resources_prbt_moveit_config:/home/a/ws_nhk/install/moveit_ros_move_group:/home/a/ws_nhk/install/moveit_kinematics:/home/a/ws_nhk/install/trac_ik:/home/a/ws_nhk/install/trac_ik_kinematics_plugin:/home/a/ws_nhk/install/trac_ik_lib:/home/a/ws_nhk/install/pilz_industrial_motion_planner_testutils:/home/a/ws_nhk/install/moveit_visual_tools:/home/a/ws_nhk/install/moveit_ros_control_interface:/home/a/ws_nhk/install/moveit_plugins:/home/a/ws_nhk/install/moveit_simple_controller_manager:/home/a/ws_nhk/install/moveit_ros_benchmarks:/home/a/ws_nhk/install/moveit_ros_warehouse:/home/a/ws_nhk/install/moveit_ros_robot_interaction:/home/a/ws_nhk/install/moveit_ros_perception:/home/a/ws_nhk/install/moveit_planners_ompl:/home/a/ws_nhk/install/moveit_ros_planning:/home/a/ws_nhk/install/moveit_ros_occupancy_map_monitor:/home/a/ws_nhk/install/moveit_resources_prbt_ikfast_manipulator_plugin:/home/a/ws_nhk/install/moveit_planners_chomp:/home/a/ws_nhk/install/moveit_chomp_optimizer_adapter:/home/a/ws_nhk/install/chomp_motion_planner:/home/a/ws_nhk/install/moveit_core:/home/a/ws_nhk/install/srdfdom:/home/a/ws_nhk/install/rviz_marker_tools:/home/a/ws_nhk/install/rosparam_shortcuts:/home/a/ws_nhk/install/r2_odrive:/home/a/ws_nhk/install/rogidrive_msg:/home/a/ws_nhk/install/nhk_bt:/home/a/ws_nhk/install/moveit_task_constructor_msgs:/home/a/ws_nhk/install/moveit_resources_prbt_support:/home/a/ws_nhk/install/moveit_resources:/home/a/ws_nhk/install/moveit_resources_pr2_description:/home/a/ws_nhk/install/moveit_resources_panda_moveit_config:/home/a/ws_nhk/install/moveit_resources_fanuc_moveit_config:/home/a/ws_nhk/install/moveit_resources_fanuc_description:/home/a/ws_nhk/install/moveit_common:/home/a/ws_nhk/install/dynamixel_sdk_examples:/home/a/ws_nhk/install/dynamixel_sdk_custom_interfaces:/home/a/ws_nhk/install/dynamixel_controller:/home/a/ws_nhk/install/dynamixel_sdk:/home/a/ws_nhk/install/arm_v20_description:/home/a/ws_nhk/install/arm_module_description:/home/a/ws_nhk/install/a_r2_description:/home/a/install/field_description_test:/home/a/ws_nhk/install/ikeyaMD_wizard:/home/a/ws_nhk/install/moveit_configs_utils:/home/a/ws_nhk/install/rogidrive:/home/a/ws_nhk/install/launch_param_builder:/home/a/ws_nhk/install/dynamixel_controller_gui:/home/a/ws_nhk/install/dynamixel_controller_client:/opt/ros/humble /usr/bin/cmake --install /home/a/ws_nhk/build/moveit_resources_panda_moveit_config[0m
[6.236s] [34mcolcon.colcon_core.event_handler.log_command[0m [1;30mDEBUG[0m [32mInvoked command in '/home/a/ws_nhk/src/dynamixel_ros2/dynamixel_controller_client' returned '0': PYTHONPATH=/home/a/ws_nhk/build/dynamixel_controller_client/prefix_override:/usr/lib/python3/dist-packages/colcon_core/task/python/colcon_distutils_commands:/home/a/ws_nhk/install/dynamixel_controller_client/lib/python3.10/site-packages:${PYTHONPATH} /usr/bin/python3 -W ignore:setup.py install is deprecated -W ignore:easy_install command is deprecated setup.py egg_info --egg-base ../../../build/dynamixel_controller_client build --build-base /home/a/ws_nhk/build/dynamixel_controller_client/build install --record /home/a/ws_nhk/build/dynamixel_controller_client/install.log --single-version-externally-managed install_data[0m
[6.237s] [34mcolcon.colcon_core.environment[0m [1;30mLevel 1[0m checking '/home/a/ws_nhk/install/dynamixel_controller_client' for CMake config files
[6.239s] [34mcolcon.colcon_core.environment[0m [1;30mLevel 1[0m checking '/home/a/ws_nhk/install/dynamixel_controller_client/lib'
[6.239s] [34mcolcon.colcon_core.environment[0m [1;30mLevel 1[0m checking '/home/a/ws_nhk/install/dynamixel_controller_client/bin'
[6.239s] [34mcolcon.colcon_core.environment[0m [1;30mLevel 1[0m checking '/home/a/ws_nhk/install/dynamixel_controller_client/lib/pkgconfig/dynamixel_controller_client.pc'
[6.241s] [34mcolcon.colcon_core.environment[0m [1;30mLevel 1[0m checking '/home/a/ws_nhk/install/dynamixel_controller_client/lib/python3.10/site-packages'
[6.242s] [34mcolcon.colcon_core.shell[0m [1;30mLevel 1[0m create_environment_hook('dynamixel_controller_client', 'pythonpath')
[6.244s] [34mcolcon.colcon_core.shell[0m [1;30mINFO[0m Creating environment hook '/home/a/ws_nhk/install/dynamixel_controller_client/share/dynamixel_controller_client/hook/pythonpath.ps1'
[6.247s] [34mcolcon.colcon_core.shell[0m [1;30mINFO[0m Creating environment descriptor '/home/a/ws_nhk/install/dynamixel_controller_client/share/dynamixel_controller_client/hook/pythonpath.dsv'
[6.250s] [34mcolcon.colcon_core.shell[0m [1;30mINFO[0m Creating environment hook '/home/a/ws_nhk/install/dynamixel_controller_client/share/dynamixel_controller_client/hook/pythonpath.sh'
[6.256s] [34mcolcon.colcon_core.environment[0m [1;30mLevel 1[0m checking '/home/a/ws_nhk/install/dynamixel_controller_client/bin'
[6.256s] [34mcolcon.colcon_core.environment[0m [1;30mLevel 1[0m create_environment_scripts_only(dynamixel_controller_client)
[6.258s] [34mcolcon.colcon_core.shell[0m [1;30mINFO[0m Creating package script '/home/a/ws_nhk/install/dynamixel_controller_client/share/dynamixel_controller_client/package.ps1'
[6.262s] [34mcolcon.colcon_core.shell[0m [1;30mINFO[0m Creating package descriptor '/home/a/ws_nhk/install/dynamixel_controller_client/share/dynamixel_controller_client/package.dsv'
[6.264s] [34mcolcon.colcon_core.shell[0m [1;30mINFO[0m Creating package script '/home/a/ws_nhk/install/dynamixel_controller_client/share/dynamixel_controller_client/package.sh'
[6.266s] [34mcolcon.colcon_core.shell[0m [1;30mINFO[0m Creating package script '/home/a/ws_nhk/install/dynamixel_controller_client/share/dynamixel_controller_client/package.bash'
[6.268s] [34mcolcon.colcon_core.shell[0m [1;30mINFO[0m Creating package script '/home/a/ws_nhk/install/dynamixel_controller_client/share/dynamixel_controller_client/package.zsh'
[6.270s] [34mcolcon.colcon_core.environment[0m [1;30mLevel 1[0m create_file_with_runtime_dependencies(/home/a/ws_nhk/install/dynamixel_controller_client/share/colcon-core/packages/dynamixel_controller_client)
[6.272s] [34mcolcon.colcon_core.environment[0m [1;30mLevel 1[0m checking '/home/a/ws_nhk/install/launch_param_builder' for CMake module files
[6.277s] [34mcolcon.colcon_core.event_handler.log_command[0m [1;30mDEBUG[0m [32mInvoked command in '/home/a/ws_nhk/src/launch_param_builder' returned '0': PYTHONPATH=/home/a/ws_nhk/build/launch_param_builder/prefix_override:/usr/lib/python3/dist-packages/colcon_core/task/python/colcon_distutils_commands:/home/a/ws_nhk/install/launch_param_builder/lib/python3.10/site-packages:${PYTHONPATH} /usr/bin/python3 -W ignore:setup.py install is deprecated -W ignore:easy_install command is deprecated setup.py egg_info --egg-base ../../build/launch_param_builder build --build-base /home/a/ws_nhk/build/launch_param_builder/build install --record /home/a/ws_nhk/build/launch_param_builder/install.log --single-version-externally-managed install_data[0m
[6.278s] [34mcolcon.colcon_core.environment[0m [1;30mLevel 1[0m checking '/home/a/ws_nhk/install/launch_param_builder' for CMake config files
[6.281s] [34mcolcon.colcon_core.environment[0m [1;30mLevel 1[0m checking '/home/a/ws_nhk/install/launch_param_builder/lib'
[6.282s] [34mcolcon.colcon_core.environment[0m [1;30mLevel 1[0m checking '/home/a/ws_nhk/install/launch_param_builder/bin'
[6.282s] [34mcolcon.colcon_core.environment[0m [1;30mLevel 1[0m checking '/home/a/ws_nhk/install/launch_param_builder/lib/pkgconfig/launch_param_builder.pc'
[6.283s] [34mcolcon.colcon_core.environment[0m [1;30mLevel 1[0m checking '/home/a/ws_nhk/install/launch_param_builder/lib/python3.10/site-packages'
[6.283s] [34mcolcon.colcon_core.shell[0m [1;30mLevel 1[0m create_environment_hook('launch_param_builder', 'pythonpath')
[6.285s] [34mcolcon.colcon_core.shell[0m [1;30mINFO[0m Creating environment hook '/home/a/ws_nhk/install/launch_param_builder/share/launch_param_builder/hook/pythonpath.ps1'
[6.287s] [34mcolcon.colcon_core.shell[0m [1;30mINFO[0m Creating environment descriptor '/home/a/ws_nhk/install/launch_param_builder/share/launch_param_builder/hook/pythonpath.dsv'
[6.290s] [34mcolcon.colcon_core.shell[0m [1;30mINFO[0m Creating environment hook '/home/a/ws_nhk/install/launch_param_builder/share/launch_param_builder/hook/pythonpath.sh'
[6.293s] [34mcolcon.colcon_core.environment[0m [1;30mLevel 1[0m checking '/home/a/ws_nhk/install/launch_param_builder/bin'
[6.294s] [34mcolcon.colcon_core.environment[0m [1;30mLevel 1[0m create_environment_scripts_only(launch_param_builder)
[6.295s] [34mcolcon.colcon_core.shell[0m [1;30mINFO[0m Creating package script '/home/a/ws_nhk/install/launch_param_builder/share/launch_param_builder/package.ps1'
[6.298s] [34mcolcon.colcon_core.shell[0m [1;30mINFO[0m Creating package descriptor '/home/a/ws_nhk/install/launch_param_builder/share/launch_param_builder/package.dsv'
[6.300s] [34mcolcon.colcon_core.shell[0m [1;30mINFO[0m Creating package script '/home/a/ws_nhk/install/launch_param_builder/share/launch_param_builder/package.sh'
[6.302s] [34mcolcon.colcon_core.shell[0m [1;30mINFO[0m Creating package script '/home/a/ws_nhk/install/launch_param_builder/share/launch_param_builder/package.bash'
[6.304s] [34mcolcon.colcon_core.shell[0m [1;30mINFO[0m Creating package script '/home/a/ws_nhk/install/launch_param_builder/share/launch_param_builder/package.zsh'
[6.305s] [34mcolcon.colcon_core.environment[0m [1;30mLevel 1[0m create_file_with_runtime_dependencies(/home/a/ws_nhk/install/launch_param_builder/share/colcon-core/packages/launch_param_builder)
[6.366s] [34mcolcon.colcon_ros.task.ament_python.build[0m [1;30mINFO[0m Building ROS package in '/home/a/ws_nhk/src/moveit2/moveit_configs_utils' with build type 'ament_python'
[6.366s] [34mcolcon.colcon_core.shell[0m [1;30mLevel 1[0m create_environment_hook('moveit_configs_utils', 'ament_prefix_path')
[6.368s] [34mcolcon.colcon_core.shell[0m [1;30mINFO[0m Creating environment hook '/home/a/ws_nhk/install/moveit_configs_utils/share/moveit_configs_utils/hook/ament_prefix_path.ps1'
[6.376s] [34mcolcon.colcon_core.shell[0m [1;30mINFO[0m Creating environment descriptor '/home/a/ws_nhk/install/moveit_configs_utils/share/moveit_configs_utils/hook/ament_prefix_path.dsv'
[6.388s] [34mcolcon.colcon_core.shell[0m [1;30mINFO[0m Creating environment hook '/home/a/ws_nhk/install/moveit_configs_utils/share/moveit_configs_utils/hook/ament_prefix_path.sh'
[6.393s] [34mcolcon.colcon_core.shell[0m [1;30mINFO[0m Skip shell extension 'powershell' for command environment: Not usable outside of PowerShell
[6.393s] [34mcolcon.colcon_core.shell[0m [1;30mDEBUG[0m [32mSkip shell extension 'dsv' for command environment[0m
[6.478s] [34mcolcon.colcon_core.environment[0m [1;30mLevel 1[0m create_environment_scripts_only(moveit_resources_fanuc_moveit_config)
[6.479s] [34mcolcon.colcon_core.environment[0m [1;30mLevel 1[0m checking '/home/a/ws_nhk/install/moveit_resources_fanuc_moveit_config' for CMake module files
[6.484s] [34mcolcon.colcon_core.environment[0m [1;30mLevel 1[0m checking '/home/a/ws_nhk/install/moveit_resources_fanuc_moveit_config' for CMake config files
[6.482s] [34mcolcon.colcon_core.event_handler.log_command[0m [1;30mDEBUG[0m [32mInvoked command in '/home/a/ws_nhk/build/moveit_resources_fanuc_moveit_config' returned '0': CMAKE_PREFIX_PATH=/home/a/ws_nhk/install/moveit_resources_fanuc_description:/home/a/ws_nhk/install/stm32_mavlink_udp:/home/a/ws_nhk/install/stm32_mavlink_uart:/home/a/ws_nhk/install/stm32_mavlink_msgs:/home/a/ws_nhk/install/sakai_r2_config:/home/a/ws_nhk/install/moveit_runtime:/home/a/ws_nhk/install/moveit_r2_config:/home/a/ws_nhk/install/moveit_config:/home/a/ws_nhk/install/moveit2_tutorials:/home/a/ws_nhk/install/moveit:/home/a/ws_nhk/install/moveit_planners:/home/a/ws_nhk/install/pilz_industrial_motion_planner:/home/a/ws_nhk/install/moveit_task_constructor_visualization:/home/a/ws_nhk/install/moveit_task_constructor_demo:/home/a/ws_nhk/install/moveit_task_constructor_capabilities:/home/a/ws_nhk/install/moveit_task_constructor_core:/home/a/ws_nhk/install/moveit_setup_assistant:/home/a/ws_nhk/install/moveit_setup_srdf_plugins:/home/a/ws_nhk/install/moveit_setup_core_plugins:/home/a/ws_nhk/install/moveit_setup_controllers:/home/a/ws_nhk/install/moveit_setup_app_plugins:/home/a/ws_nhk/install/moveit_setup_framework:/home/a/ws_nhk/install/moveit_servo:/home/a/ws_nhk/install/moveit_ros:/home/a/ws_nhk/install/moveit_ros_visualization:/home/a/ws_nhk/install/moveit_hybrid_planning:/home/a/ws_nhk/install/moveit_ros_planning_interface:/home/a/ws_nhk/install/moveit_resources_prbt_pg70_support:/home/a/ws_nhk/install/moveit_resources_prbt_moveit_config:/home/a/ws_nhk/install/moveit_ros_move_group:/home/a/ws_nhk/install/moveit_kinematics:/home/a/ws_nhk/install/trac_ik:/home/a/ws_nhk/install/trac_ik_kinematics_plugin:/home/a/ws_nhk/install/trac_ik_lib:/home/a/ws_nhk/install/pilz_industrial_motion_planner_testutils:/home/a/ws_nhk/install/moveit_visual_tools:/home/a/ws_nhk/install/moveit_ros_control_interface:/home/a/ws_nhk/install/moveit_plugins:/home/a/ws_nhk/install/moveit_simple_controller_manager:/home/a/ws_nhk/install/moveit_ros_benchmarks:/home/a/ws_nhk/install/moveit_ros_warehouse:/home/a/ws_nhk/install/moveit_ros_robot_interaction:/home/a/ws_nhk/install/moveit_ros_perception:/home/a/ws_nhk/install/moveit_planners_ompl:/home/a/ws_nhk/install/moveit_ros_planning:/home/a/ws_nhk/install/moveit_ros_occupancy_map_monitor:/home/a/ws_nhk/install/moveit_resources_prbt_ikfast_manipulator_plugin:/home/a/ws_nhk/install/moveit_planners_chomp:/home/a/ws_nhk/install/moveit_chomp_optimizer_adapter:/home/a/ws_nhk/install/chomp_motion_planner:/home/a/ws_nhk/install/moveit_core:/home/a/ws_nhk/install/srdfdom:/home/a/ws_nhk/install/rviz_marker_tools:/home/a/ws_nhk/install/rosparam_shortcuts:/home/a/ws_nhk/install/r2_odrive:/home/a/ws_nhk/install/rogidrive_msg:/home/a/ws_nhk/install/nhk_bt:/home/a/ws_nhk/install/moveit_task_constructor_msgs:/home/a/ws_nhk/install/moveit_resources_prbt_support:/home/a/ws_nhk/install/moveit_resources:/home/a/ws_nhk/install/moveit_resources_pr2_description:/home/a/ws_nhk/install/moveit_resources_panda_moveit_config:/home/a/ws_nhk/install/moveit_resources_panda_description:/home/a/ws_nhk/install/moveit_resources_fanuc_moveit_config:/home/a/ws_nhk/install/moveit_common:/home/a/ws_nhk/install/dynamixel_sdk_examples:/home/a/ws_nhk/install/dynamixel_sdk_custom_interfaces:/home/a/ws_nhk/install/dynamixel_controller:/home/a/ws_nhk/install/dynamixel_sdk:/home/a/ws_nhk/install/arm_v20_description:/home/a/ws_nhk/install/arm_module_description:/home/a/ws_nhk/install/a_r2_description:/home/a/install/field_description_test:/home/a/ws_nhk/install/ikeyaMD_wizard:/home/a/ws_nhk/install/moveit_configs_utils:/home/a/ws_nhk/install/rogidrive:/home/a/ws_nhk/install/launch_param_builder:/home/a/ws_nhk/install/dynamixel_controller_gui:/home/a/ws_nhk/install/dynamixel_controller_client:/opt/ros/humble /usr/bin/cmake --install /home/a/ws_nhk/build/moveit_resources_fanuc_moveit_config[0m
[6.491s] [34mcolcon.colcon_core.shell[0m [1;30mLevel 1[0m create_environment_hook('moveit_resources_fanuc_moveit_config', 'cmake_prefix_path')
[6.492s] [34mcolcon.colcon_core.shell[0m [1;30mINFO[0m Creating environment hook '/home/a/ws_nhk/install/moveit_resources_fanuc_moveit_config/share/moveit_resources_fanuc_moveit_config/hook/cmake_prefix_path.ps1'
[6.503s] [34mcolcon.colcon_core.shell[0m [1;30mINFO[0m Creating environment descriptor '/home/a/ws_nhk/install/moveit_resources_fanuc_moveit_config/share/moveit_resources_fanuc_moveit_config/hook/cmake_prefix_path.dsv'
[6.509s] [34mcolcon.colcon_core.shell[0m [1;30mINFO[0m Creating environment hook '/home/a/ws_nhk/install/moveit_resources_fanuc_moveit_config/share/moveit_resources_fanuc_moveit_config/hook/cmake_prefix_path.sh'
[6.520s] [34mcolcon.colcon_core.environment[0m [1;30mLevel 1[0m checking '/home/a/ws_nhk/install/moveit_resources_fanuc_moveit_config/bin'
[6.521s] [34mcolcon.colcon_core.environment[0m [1;30mLevel 1[0m checking '/home/a/ws_nhk/install/moveit_resources_fanuc_moveit_config/lib/pkgconfig/moveit_resources_fanuc_moveit_config.pc'
[6.522s] [34mcolcon.colcon_core.environment[0m [1;30mLevel 1[0m checking '/home/a/ws_nhk/install/moveit_resources_fanuc_moveit_config/lib/python3.10/site-packages'
[6.529s] [34mcolcon.colcon_core.environment[0m [1;30mLevel 1[0m checking '/home/a/ws_nhk/install/moveit_resources_fanuc_moveit_config/bin'
[6.531s] [34mcolcon.colcon_core.shell[0m [1;30mINFO[0m Creating package script '/home/a/ws_nhk/install/moveit_resources_fanuc_moveit_config/share/moveit_resources_fanuc_moveit_config/package.ps1'
[6.537s] [34mcolcon.colcon_core.shell[0m [1;30mINFO[0m Creating package descriptor '/home/a/ws_nhk/install/moveit_resources_fanuc_moveit_config/share/moveit_resources_fanuc_moveit_config/package.dsv'
[6.544s] [34mcolcon.colcon_core.shell[0m [1;30mINFO[0m Creating package script '/home/a/ws_nhk/install/moveit_resources_fanuc_moveit_config/share/moveit_resources_fanuc_moveit_config/package.sh'
[6.546s] [34mcolcon.colcon_core.shell[0m [1;30mINFO[0m Creating package script '/home/a/ws_nhk/install/moveit_resources_fanuc_moveit_config/share/moveit_resources_fanuc_moveit_config/package.bash'
[6.549s] [34mcolcon.colcon_core.shell[0m [1;30mINFO[0m Creating package script '/home/a/ws_nhk/install/moveit_resources_fanuc_moveit_config/share/moveit_resources_fanuc_moveit_config/package.zsh'
[6.551s] [34mcolcon.colcon_core.environment[0m [1;30mLevel 1[0m create_file_with_runtime_dependencies(/home/a/ws_nhk/install/moveit_resources_fanuc_moveit_config/share/colcon-core/packages/moveit_resources_fanuc_moveit_config)
[6.554s] [34mcolcon.colcon_core.environment[0m [1;30mLevel 1[0m create_environment_scripts_only(moveit_resources_fanuc_moveit_config)
[6.557s] [34mcolcon.colcon_core.environment[0m [1;30mLevel 1[0m checking '/home/a/ws_nhk/install/moveit_resources_fanuc_moveit_config' for CMake module files
[6.566s] [34mcolcon.colcon_core.environment[0m [1;30mLevel 1[0m checking '/home/a/ws_nhk/install/moveit_resources_fanuc_moveit_config' for CMake config files
[6.567s] [34mcolcon.colcon_core.shell[0m [1;30mLevel 1[0m create_environment_hook('moveit_resources_fanuc_moveit_config', 'cmake_prefix_path')
[6.569s] [34mcolcon.colcon_core.shell[0m [1;30mINFO[0m Creating environment hook '/home/a/ws_nhk/install/moveit_resources_fanuc_moveit_config/share/moveit_resources_fanuc_moveit_config/hook/cmake_prefix_path.ps1'
[6.574s] [34mcolcon.colcon_core.shell[0m [1;30mINFO[0m Creating environment descriptor '/home/a/ws_nhk/install/moveit_resources_fanuc_moveit_config/share/moveit_resources_fanuc_moveit_config/hook/cmake_prefix_path.dsv'
[6.581s] [34mcolcon.colcon_core.shell[0m [1;30mINFO[0m Creating environment hook '/home/a/ws_nhk/install/moveit_resources_fanuc_moveit_config/share/moveit_resources_fanuc_moveit_config/hook/cmake_prefix_path.sh'
[6.585s] [34mcolcon.colcon_core.environment[0m [1;30mLevel 1[0m checking '/home/a/ws_nhk/install/moveit_resources_fanuc_moveit_config/bin'
[6.585s] [34mcolcon.colcon_core.environment[0m [1;30mLevel 1[0m checking '/home/a/ws_nhk/install/moveit_resources_fanuc_moveit_config/lib/pkgconfig/moveit_resources_fanuc_moveit_config.pc'
[6.587s] [34mcolcon.colcon_core.environment[0m [1;30mLevel 1[0m checking '/home/a/ws_nhk/install/moveit_resources_fanuc_moveit_config/lib/python3.10/site-packages'
[6.590s] [34mcolcon.colcon_core.environment[0m [1;30mLevel 1[0m checking '/home/a/ws_nhk/install/moveit_resources_fanuc_moveit_config/bin'
[6.592s] [34mcolcon.colcon_core.shell[0m [1;30mINFO[0m Creating package script '/home/a/ws_nhk/install/moveit_resources_fanuc_moveit_config/share/moveit_resources_fanuc_moveit_config/package.ps1'
[6.595s] [34mcolcon.colcon_core.shell[0m [1;30mINFO[0m Creating package descriptor '/home/a/ws_nhk/install/moveit_resources_fanuc_moveit_config/share/moveit_resources_fanuc_moveit_config/package.dsv'
[6.598s] [34mcolcon.colcon_core.shell[0m [1;30mINFO[0m Creating package script '/home/a/ws_nhk/install/moveit_resources_fanuc_moveit_config/share/moveit_resources_fanuc_moveit_config/package.sh'
[6.600s] [34mcolcon.colcon_core.shell[0m [1;30mINFO[0m Creating package script '/home/a/ws_nhk/install/moveit_resources_fanuc_moveit_config/share/moveit_resources_fanuc_moveit_config/package.bash'
[6.604s] [34mcolcon.colcon_core.shell[0m [1;30mINFO[0m Creating package script '/home/a/ws_nhk/install/moveit_resources_fanuc_moveit_config/share/moveit_resources_fanuc_moveit_config/package.zsh'
[6.606s] [34mcolcon.colcon_core.environment[0m [1;30mLevel 1[0m create_file_with_runtime_dependencies(/home/a/ws_nhk/install/moveit_resources_fanuc_moveit_config/share/colcon-core/packages/moveit_resources_fanuc_moveit_config)
[6.607s] [34mcolcon.colcon_core.environment[0m [1;30mLevel 1[0m create_environment_scripts_only(moveit_resources_panda_moveit_config)
[6.609s] [34mcolcon.colcon_core.environment[0m [1;30mLevel 1[0m checking '/home/a/ws_nhk/install/moveit_resources_panda_moveit_config' for CMake module files
[6.613s] [34mcolcon.colcon_core.event_handler.log_command[0m [1;30mDEBUG[0m [32mInvoked command in '/home/a/ws_nhk/build/moveit_resources_panda_moveit_config' returned '0': CMAKE_PREFIX_PATH=/home/a/ws_nhk/install/moveit_resources_panda_description:/home/a/ws_nhk/install/stm32_mavlink_udp:/home/a/ws_nhk/install/stm32_mavlink_uart:/home/a/ws_nhk/install/stm32_mavlink_msgs:/home/a/ws_nhk/install/sakai_r2_config:/home/a/ws_nhk/install/moveit_runtime:/home/a/ws_nhk/install/moveit_r2_config:/home/a/ws_nhk/install/moveit_config:/home/a/ws_nhk/install/moveit2_tutorials:/home/a/ws_nhk/install/moveit:/home/a/ws_nhk/install/moveit_planners:/home/a/ws_nhk/install/pilz_industrial_motion_planner:/home/a/ws_nhk/install/moveit_task_constructor_visualization:/home/a/ws_nhk/install/moveit_task_constructor_demo:/home/a/ws_nhk/install/moveit_task_constructor_capabilities:/home/a/ws_nhk/install/moveit_task_constructor_core:/home/a/ws_nhk/install/moveit_setup_assistant:/home/a/ws_nhk/install/moveit_setup_srdf_plugins:/home/a/ws_nhk/install/moveit_setup_core_plugins:/home/a/ws_nhk/install/moveit_setup_controllers:/home/a/ws_nhk/install/moveit_setup_app_plugins:/home/a/ws_nhk/install/moveit_setup_framework:/home/a/ws_nhk/install/moveit_servo:/home/a/ws_nhk/install/moveit_ros:/home/a/ws_nhk/install/moveit_ros_visualization:/home/a/ws_nhk/install/moveit_hybrid_planning:/home/a/ws_nhk/install/moveit_ros_planning_interface:/home/a/ws_nhk/install/moveit_resources_prbt_pg70_support:/home/a/ws_nhk/install/moveit_resources_prbt_moveit_config:/home/a/ws_nhk/install/moveit_ros_move_group:/home/a/ws_nhk/install/moveit_kinematics:/home/a/ws_nhk/install/trac_ik:/home/a/ws_nhk/install/trac_ik_kinematics_plugin:/home/a/ws_nhk/install/trac_ik_lib:/home/a/ws_nhk/install/pilz_industrial_motion_planner_testutils:/home/a/ws_nhk/install/moveit_visual_tools:/home/a/ws_nhk/install/moveit_ros_control_interface:/home/a/ws_nhk/install/moveit_plugins:/home/a/ws_nhk/install/moveit_simple_controller_manager:/home/a/ws_nhk/install/moveit_ros_benchmarks:/home/a/ws_nhk/install/moveit_ros_warehouse:/home/a/ws_nhk/install/moveit_ros_robot_interaction:/home/a/ws_nhk/install/moveit_ros_perception:/home/a/ws_nhk/install/moveit_planners_ompl:/home/a/ws_nhk/install/moveit_ros_planning:/home/a/ws_nhk/install/moveit_ros_occupancy_map_monitor:/home/a/ws_nhk/install/moveit_resources_prbt_ikfast_manipulator_plugin:/home/a/ws_nhk/install/moveit_planners_chomp:/home/a/ws_nhk/install/moveit_chomp_optimizer_adapter:/home/a/ws_nhk/install/chomp_motion_planner:/home/a/ws_nhk/install/moveit_core:/home/a/ws_nhk/install/srdfdom:/home/a/ws_nhk/install/rviz_marker_tools:/home/a/ws_nhk/install/rosparam_shortcuts:/home/a/ws_nhk/install/r2_odrive:/home/a/ws_nhk/install/rogidrive_msg:/home/a/ws_nhk/install/nhk_bt:/home/a/ws_nhk/install/moveit_task_constructor_msgs:/home/a/ws_nhk/install/moveit_resources_prbt_support:/home/a/ws_nhk/install/moveit_resources:/home/a/ws_nhk/install/moveit_resources_pr2_description:/home/a/ws_nhk/install/moveit_resources_panda_moveit_config:/home/a/ws_nhk/install/moveit_resources_fanuc_moveit_config:/home/a/ws_nhk/install/moveit_resources_fanuc_description:/home/a/ws_nhk/install/moveit_common:/home/a/ws_nhk/install/dynamixel_sdk_examples:/home/a/ws_nhk/install/dynamixel_sdk_custom_interfaces:/home/a/ws_nhk/install/dynamixel_controller:/home/a/ws_nhk/install/dynamixel_sdk:/home/a/ws_nhk/install/arm_v20_description:/home/a/ws_nhk/install/arm_module_description:/home/a/ws_nhk/install/a_r2_description:/home/a/install/field_description_test:/home/a/ws_nhk/install/ikeyaMD_wizard:/home/a/ws_nhk/install/moveit_configs_utils:/home/a/ws_nhk/install/rogidrive:/home/a/ws_nhk/install/launch_param_builder:/home/a/ws_nhk/install/dynamixel_controller_gui:/home/a/ws_nhk/install/dynamixel_controller_client:/opt/ros/humble /usr/bin/cmake --install /home/a/ws_nhk/build/moveit_resources_panda_moveit_config[0m
[6.621s] [34mcolcon.colcon_core.environment[0m [1;30mLevel 1[0m checking '/home/a/ws_nhk/install/moveit_resources_panda_moveit_config' for CMake config files
[6.622s] [34mcolcon.colcon_core.shell[0m [1;30mLevel 1[0m create_environment_hook('moveit_resources_panda_moveit_config', 'cmake_prefix_path')
[6.623s] [34mcolcon.colcon_core.shell[0m [1;30mINFO[0m Creating environment hook '/home/a/ws_nhk/install/moveit_resources_panda_moveit_config/share/moveit_resources_panda_moveit_config/hook/cmake_prefix_path.ps1'
[6.630s] [34mcolcon.colcon_core.shell[0m [1;30mINFO[0m Creating environment descriptor '/home/a/ws_nhk/install/moveit_resources_panda_moveit_config/share/moveit_resources_panda_moveit_config/hook/cmake_prefix_path.dsv'
[6.634s] [34mcolcon.colcon_core.shell[0m [1;30mINFO[0m Creating environment hook '/home/a/ws_nhk/install/moveit_resources_panda_moveit_config/share/moveit_resources_panda_moveit_config/hook/cmake_prefix_path.sh'
[6.641s] [34mcolcon.colcon_core.environment[0m [1;30mLevel 1[0m checking '/home/a/ws_nhk/install/moveit_resources_panda_moveit_config/bin'
[6.642s] [34mcolcon.colcon_core.environment[0m [1;30mLevel 1[0m checking '/home/a/ws_nhk/install/moveit_resources_panda_moveit_config/lib/pkgconfig/moveit_resources_panda_moveit_config.pc'
[6.643s] [34mcolcon.colcon_core.environment[0m [1;30mLevel 1[0m checking '/home/a/ws_nhk/install/moveit_resources_panda_moveit_config/lib/python3.10/site-packages'
[6.646s] [34mcolcon.colcon_core.environment[0m [1;30mLevel 1[0m checking '/home/a/ws_nhk/install/moveit_resources_panda_moveit_config/bin'
[6.648s] [34mcolcon.colcon_core.shell[0m [1;30mINFO[0m Creating package script '/home/a/ws_nhk/install/moveit_resources_panda_moveit_config/share/moveit_resources_panda_moveit_config/package.ps1'
[6.651s] [34mcolcon.colcon_core.shell[0m [1;30mINFO[0m Creating package descriptor '/home/a/ws_nhk/install/moveit_resources_panda_moveit_config/share/moveit_resources_panda_moveit_config/package.dsv'
[6.653s] [34mcolcon.colcon_core.shell[0m [1;30mINFO[0m Creating package script '/home/a/ws_nhk/install/moveit_resources_panda_moveit_config/share/moveit_resources_panda_moveit_config/package.sh'
[6.656s] [34mcolcon.colcon_core.shell[0m [1;30mINFO[0m Creating package script '/home/a/ws_nhk/install/moveit_resources_panda_moveit_config/share/moveit_resources_panda_moveit_config/package.bash'
[6.658s] [34mcolcon.colcon_core.shell[0m [1;30mINFO[0m Creating package script '/home/a/ws_nhk/install/moveit_resources_panda_moveit_config/share/moveit_resources_panda_moveit_config/package.zsh'
[6.661s] [34mcolcon.colcon_core.environment[0m [1;30mLevel 1[0m create_file_with_runtime_dependencies(/home/a/ws_nhk/install/moveit_resources_panda_moveit_config/share/colcon-core/packages/moveit_resources_panda_moveit_config)
[6.664s] [34mcolcon.colcon_core.environment[0m [1;30mLevel 1[0m create_environment_scripts_only(moveit_resources_panda_moveit_config)
[6.666s] [34mcolcon.colcon_core.environment[0m [1;30mLevel 1[0m checking '/home/a/ws_nhk/install/moveit_resources_panda_moveit_config' for CMake module files
[6.668s] [34mcolcon.colcon_core.environment[0m [1;30mLevel 1[0m checking '/home/a/ws_nhk/install/moveit_resources_panda_moveit_config' for CMake config files
[6.669s] [34mcolcon.colcon_core.shell[0m [1;30mLevel 1[0m create_environment_hook('moveit_resources_panda_moveit_config', 'cmake_prefix_path')
[6.671s] [34mcolcon.colcon_core.shell[0m [1;30mINFO[0m Creating environment hook '/home/a/ws_nhk/install/moveit_resources_panda_moveit_config/share/moveit_resources_panda_moveit_config/hook/cmake_prefix_path.ps1'
[6.674s] [34mcolcon.colcon_core.shell[0m [1;30mINFO[0m Creating environment descriptor '/home/a/ws_nhk/install/moveit_resources_panda_moveit_config/share/moveit_resources_panda_moveit_config/hook/cmake_prefix_path.dsv'
[6.676s] [34mcolcon.colcon_core.shell[0m [1;30mINFO[0m Creating environment hook '/home/a/ws_nhk/install/moveit_resources_panda_moveit_config/share/moveit_resources_panda_moveit_config/hook/cmake_prefix_path.sh'
[6.682s] [34mcolcon.colcon_core.environment[0m [1;30mLevel 1[0m checking '/home/a/ws_nhk/install/moveit_resources_panda_moveit_config/bin'
[6.682s] [34mcolcon.colcon_core.environment[0m [1;30mLevel 1[0m checking '/home/a/ws_nhk/install/moveit_resources_panda_moveit_config/lib/pkgconfig/moveit_resources_panda_moveit_config.pc'
[6.684s] [34mcolcon.colcon_core.environment[0m [1;30mLevel 1[0m checking '/home/a/ws_nhk/install/moveit_resources_panda_moveit_config/lib/python3.10/site-packages'
[6.690s] [34mcolcon.colcon_core.environment[0m [1;30mLevel 1[0m checking '/home/a/ws_nhk/install/moveit_resources_panda_moveit_config/bin'
[6.699s] [34mcolcon.colcon_core.shell[0m [1;30mINFO[0m Creating package script '/home/a/ws_nhk/install/moveit_resources_panda_moveit_config/share/moveit_resources_panda_moveit_config/package.ps1'
[6.702s] [34mcolcon.colcon_core.shell[0m [1;30mINFO[0m Creating package descriptor '/home/a/ws_nhk/install/moveit_resources_panda_moveit_config/share/moveit_resources_panda_moveit_config/package.dsv'
[6.710s] [34mcolcon.colcon_core.shell[0m [1;30mINFO[0m Creating package script '/home/a/ws_nhk/install/moveit_resources_panda_moveit_config/share/moveit_resources_panda_moveit_config/package.sh'
[6.721s] [34mcolcon.colcon_core.shell[0m [1;30mINFO[0m Creating package script '/home/a/ws_nhk/install/moveit_resources_panda_moveit_config/share/moveit_resources_panda_moveit_config/package.bash'
[6.728s] [34mcolcon.colcon_core.shell[0m [1;30mINFO[0m Creating package script '/home/a/ws_nhk/install/moveit_resources_panda_moveit_config/share/moveit_resources_panda_moveit_config/package.zsh'
[6.736s] [34mcolcon.colcon_core.environment[0m [1;30mLevel 1[0m create_file_with_runtime_dependencies(/home/a/ws_nhk/install/moveit_resources_panda_moveit_config/share/colcon-core/packages/moveit_resources_panda_moveit_config)
[6.751s] [34mcolcon.colcon_ros.task.ament_cmake.build[0m [1;30mINFO[0m Building ROS package in '/home/a/ws_nhk/src/moveit2/moveit_core' with build type 'ament_cmake'
[6.752s] [34mcolcon.colcon_cmake.task.cmake.build[0m [1;30mINFO[0m Building CMake package in '/home/a/ws_nhk/src/moveit2/moveit_core'
[6.753s] [34mcolcon.colcon_core.shell[0m [1;30mINFO[0m Skip shell extension 'powershell' for command environment: Not usable outside of PowerShell
[6.753s] [34mcolcon.colcon_core.shell[0m [1;30mDEBUG[0m [32mSkip shell extension 'dsv' for command environment[0m
[6.891s] [34mcolcon.colcon_ros.task.ament_cmake.build[0m [1;30mINFO[0m Building ROS package in '/home/a/ws_nhk/src/moveit_resources/moveit_resources' with build type 'ament_cmake'
[6.892s] [34mcolcon.colcon_cmake.task.cmake.build[0m [1;30mINFO[0m Building CMake package in '/home/a/ws_nhk/src/moveit_resources/moveit_resources'
[6.894s] [34mcolcon.colcon_core.shell[0m [1;30mINFO[0m Skip shell extension 'powershell' for command environment: Not usable outside of PowerShell
[6.894s] [34mcolcon.colcon_core.shell[0m [1;30mDEBUG[0m [32mSkip shell extension 'dsv' for command environment[0m
[9.743s] [34mcolcon.colcon_core.task.python.build[0m [1;30mINFO[0m Building Python package in '/home/a/ws_nhk/src/moveit2/moveit_configs_utils'
[9.746s] [34mcolcon.colcon_core.shell[0m [1;30mINFO[0m Skip shell extension 'powershell' for command environment: Not usable outside of PowerShell
[9.748s] [34mcolcon.colcon_core.shell[0m [1;30mDEBUG[0m [32mSkip shell extension 'dsv' for command environment[0m
[9.850s] [34mcolcon.colcon_core.event_handler.log_command[0m [1;30mDEBUG[0m [32mInvoked command in '/home/a/ws_nhk/build/stm32_mavlink_uart' returned '0': CMAKE_PREFIX_PATH=/home/a/ws_nhk/install/stm32_mavlink_msgs:/home/a/ws_nhk/install/stm32_mavlink_udp:/home/a/ws_nhk/install/stm32_mavlink_uart:/home/a/ws_nhk/install/sakai_r2_config:/home/a/ws_nhk/install/moveit_runtime:/home/a/ws_nhk/install/moveit_r2_config:/home/a/ws_nhk/install/moveit_config:/home/a/ws_nhk/install/moveit2_tutorials:/home/a/ws_nhk/install/moveit:/home/a/ws_nhk/install/moveit_planners:/home/a/ws_nhk/install/pilz_industrial_motion_planner:/home/a/ws_nhk/install/moveit_task_constructor_visualization:/home/a/ws_nhk/install/moveit_task_constructor_demo:/home/a/ws_nhk/install/moveit_task_constructor_capabilities:/home/a/ws_nhk/install/moveit_task_constructor_core:/home/a/ws_nhk/install/moveit_setup_assistant:/home/a/ws_nhk/install/moveit_setup_srdf_plugins:/home/a/ws_nhk/install/moveit_setup_core_plugins:/home/a/ws_nhk/install/moveit_setup_controllers:/home/a/ws_nhk/install/moveit_setup_app_plugins:/home/a/ws_nhk/install/moveit_setup_framework:/home/a/ws_nhk/install/moveit_servo:/home/a/ws_nhk/install/moveit_ros:/home/a/ws_nhk/install/moveit_ros_visualization:/home/a/ws_nhk/install/moveit_hybrid_planning:/home/a/ws_nhk/install/moveit_ros_planning_interface:/home/a/ws_nhk/install/moveit_resources_prbt_pg70_support:/home/a/ws_nhk/install/moveit_resources_prbt_moveit_config:/home/a/ws_nhk/install/moveit_ros_move_group:/home/a/ws_nhk/install/moveit_kinematics:/home/a/ws_nhk/install/trac_ik:/home/a/ws_nhk/install/trac_ik_kinematics_plugin:/home/a/ws_nhk/install/trac_ik_lib:/home/a/ws_nhk/install/pilz_industrial_motion_planner_testutils:/home/a/ws_nhk/install/moveit_visual_tools:/home/a/ws_nhk/install/moveit_ros_control_interface:/home/a/ws_nhk/install/moveit_plugins:/home/a/ws_nhk/install/moveit_simple_controller_manager:/home/a/ws_nhk/install/moveit_ros_benchmarks:/home/a/ws_nhk/install/moveit_ros_warehouse:/home/a/ws_nhk/install/moveit_ros_robot_interaction:/home/a/ws_nhk/install/moveit_ros_perception:/home/a/ws_nhk/install/moveit_planners_ompl:/home/a/ws_nhk/install/moveit_ros_planning:/home/a/ws_nhk/install/moveit_ros_occupancy_map_monitor:/home/a/ws_nhk/install/moveit_resources_prbt_ikfast_manipulator_plugin:/home/a/ws_nhk/install/moveit_planners_chomp:/home/a/ws_nhk/install/moveit_chomp_optimizer_adapter:/home/a/ws_nhk/install/chomp_motion_planner:/home/a/ws_nhk/install/moveit_core:/home/a/ws_nhk/install/srdfdom:/home/a/ws_nhk/install/rviz_marker_tools:/home/a/ws_nhk/install/rosparam_shortcuts:/home/a/ws_nhk/install/r2_odrive:/home/a/ws_nhk/install/rogidrive_msg:/home/a/ws_nhk/install/nhk_bt:/home/a/ws_nhk/install/moveit_task_constructor_msgs:/home/a/ws_nhk/install/moveit_resources_prbt_support:/home/a/ws_nhk/install/moveit_resources:/home/a/ws_nhk/install/moveit_resources_pr2_description:/home/a/ws_nhk/install/moveit_resources_panda_moveit_config:/home/a/ws_nhk/install/moveit_resources_panda_description:/home/a/ws_nhk/install/moveit_resources_fanuc_moveit_config:/home/a/ws_nhk/install/moveit_resources_fanuc_description:/home/a/ws_nhk/install/moveit_common:/home/a/ws_nhk/install/dynamixel_sdk_examples:/home/a/ws_nhk/install/dynamixel_sdk_custom_interfaces:/home/a/ws_nhk/install/dynamixel_controller:/home/a/ws_nhk/install/dynamixel_sdk:/home/a/ws_nhk/install/arm_v20_description:/home/a/ws_nhk/install/arm_module_description:/home/a/ws_nhk/install/a_r2_description:/home/a/install/field_description_test:/home/a/ws_nhk/install/ikeyaMD_wizard:/home/a/ws_nhk/install/moveit_configs_utils:/home/a/ws_nhk/install/rogidrive:/home/a/ws_nhk/install/launch_param_builder:/home/a/ws_nhk/install/dynamixel_controller_gui:/home/a/ws_nhk/install/dynamixel_controller_client:/opt/ros/humble /usr/bin/cmake --build /home/a/ws_nhk/build/stm32_mavlink_uart -- -j22 -l22[0m
[9.870s] [34mcolcon.colcon_core.event_handler.log_command[0m [1;30mDEBUG[0m [32mInvoking command in '/home/a/ws_nhk/build/stm32_mavlink_uart': CMAKE_PREFIX_PATH=/home/a/ws_nhk/install/stm32_mavlink_msgs:/home/a/ws_nhk/install/stm32_mavlink_udp:/home/a/ws_nhk/install/stm32_mavlink_uart:/home/a/ws_nhk/install/sakai_r2_config:/home/a/ws_nhk/install/moveit_runtime:/home/a/ws_nhk/install/moveit_r2_config:/home/a/ws_nhk/install/moveit_config:/home/a/ws_nhk/install/moveit2_tutorials:/home/a/ws_nhk/install/moveit:/home/a/ws_nhk/install/moveit_planners:/home/a/ws_nhk/install/pilz_industrial_motion_planner:/home/a/ws_nhk/install/moveit_task_constructor_visualization:/home/a/ws_nhk/install/moveit_task_constructor_demo:/home/a/ws_nhk/install/moveit_task_constructor_capabilities:/home/a/ws_nhk/install/moveit_task_constructor_core:/home/a/ws_nhk/install/moveit_setup_assistant:/home/a/ws_nhk/install/moveit_setup_srdf_plugins:/home/a/ws_nhk/install/moveit_setup_core_plugins:/home/a/ws_nhk/install/moveit_setup_controllers:/home/a/ws_nhk/install/moveit_setup_app_plugins:/home/a/ws_nhk/install/moveit_setup_framework:/home/a/ws_nhk/install/moveit_servo:/home/a/ws_nhk/install/moveit_ros:/home/a/ws_nhk/install/moveit_ros_visualization:/home/a/ws_nhk/install/moveit_hybrid_planning:/home/a/ws_nhk/install/moveit_ros_planning_interface:/home/a/ws_nhk/install/moveit_resources_prbt_pg70_support:/home/a/ws_nhk/install/moveit_resources_prbt_moveit_config:/home/a/ws_nhk/install/moveit_ros_move_group:/home/a/ws_nhk/install/moveit_kinematics:/home/a/ws_nhk/install/trac_ik:/home/a/ws_nhk/install/trac_ik_kinematics_plugin:/home/a/ws_nhk/install/trac_ik_lib:/home/a/ws_nhk/install/pilz_industrial_motion_planner_testutils:/home/a/ws_nhk/install/moveit_visual_tools:/home/a/ws_nhk/install/moveit_ros_control_interface:/home/a/ws_nhk/install/moveit_plugins:/home/a/ws_nhk/install/moveit_simple_controller_manager:/home/a/ws_nhk/install/moveit_ros_benchmarks:/home/a/ws_nhk/install/moveit_ros_warehouse:/home/a/ws_nhk/install/moveit_ros_robot_interaction:/home/a/ws_nhk/install/moveit_ros_perception:/home/a/ws_nhk/install/moveit_planners_ompl:/home/a/ws_nhk/install/moveit_ros_planning:/home/a/ws_nhk/install/moveit_ros_occupancy_map_monitor:/home/a/ws_nhk/install/moveit_resources_prbt_ikfast_manipulator_plugin:/home/a/ws_nhk/install/moveit_planners_chomp:/home/a/ws_nhk/install/moveit_chomp_optimizer_adapter:/home/a/ws_nhk/install/chomp_motion_planner:/home/a/ws_nhk/install/moveit_core:/home/a/ws_nhk/install/srdfdom:/home/a/ws_nhk/install/rviz_marker_tools:/home/a/ws_nhk/install/rosparam_shortcuts:/home/a/ws_nhk/install/r2_odrive:/home/a/ws_nhk/install/rogidrive_msg:/home/a/ws_nhk/install/nhk_bt:/home/a/ws_nhk/install/moveit_task_constructor_msgs:/home/a/ws_nhk/install/moveit_resources_prbt_support:/home/a/ws_nhk/install/moveit_resources:/home/a/ws_nhk/install/moveit_resources_pr2_description:/home/a/ws_nhk/install/moveit_resources_panda_moveit_config:/home/a/ws_nhk/install/moveit_resources_panda_description:/home/a/ws_nhk/install/moveit_resources_fanuc_moveit_config:/home/a/ws_nhk/install/moveit_resources_fanuc_description:/home/a/ws_nhk/install/moveit_common:/home/a/ws_nhk/install/dynamixel_sdk_examples:/home/a/ws_nhk/install/dynamixel_sdk_custom_interfaces:/home/a/ws_nhk/install/dynamixel_controller:/home/a/ws_nhk/install/dynamixel_sdk:/home/a/ws_nhk/install/arm_v20_description:/home/a/ws_nhk/install/arm_module_description:/home/a/ws_nhk/install/a_r2_description:/home/a/install/field_description_test:/home/a/ws_nhk/install/ikeyaMD_wizard:/home/a/ws_nhk/install/moveit_configs_utils:/home/a/ws_nhk/install/rogidrive:/home/a/ws_nhk/install/launch_param_builder:/home/a/ws_nhk/install/dynamixel_controller_gui:/home/a/ws_nhk/install/dynamixel_controller_client:/opt/ros/humble /usr/bin/cmake --install /home/a/ws_nhk/build/stm32_mavlink_uart[0m
[9.884s] [34mcolcon.colcon_core.event_handler.log_command[0m [1;30mDEBUG[0m [32mInvoked command in '/home/a/ws_nhk/build/stm32_mavlink_udp' returned '0': CMAKE_PREFIX_PATH=/home/a/ws_nhk/install/stm32_mavlink_msgs:/home/a/ws_nhk/install/stm32_mavlink_udp:/home/a/ws_nhk/install/stm32_mavlink_uart:/home/a/ws_nhk/install/sakai_r2_config:/home/a/ws_nhk/install/moveit_runtime:/home/a/ws_nhk/install/moveit_r2_config:/home/a/ws_nhk/install/moveit_config:/home/a/ws_nhk/install/moveit2_tutorials:/home/a/ws_nhk/install/moveit:/home/a/ws_nhk/install/moveit_planners:/home/a/ws_nhk/install/pilz_industrial_motion_planner:/home/a/ws_nhk/install/moveit_task_constructor_visualization:/home/a/ws_nhk/install/moveit_task_constructor_demo:/home/a/ws_nhk/install/moveit_task_constructor_capabilities:/home/a/ws_nhk/install/moveit_task_constructor_core:/home/a/ws_nhk/install/moveit_setup_assistant:/home/a/ws_nhk/install/moveit_setup_srdf_plugins:/home/a/ws_nhk/install/moveit_setup_core_plugins:/home/a/ws_nhk/install/moveit_setup_controllers:/home/a/ws_nhk/install/moveit_setup_app_plugins:/home/a/ws_nhk/install/moveit_setup_framework:/home/a/ws_nhk/install/moveit_servo:/home/a/ws_nhk/install/moveit_ros:/home/a/ws_nhk/install/moveit_ros_visualization:/home/a/ws_nhk/install/moveit_hybrid_planning:/home/a/ws_nhk/install/moveit_ros_planning_interface:/home/a/ws_nhk/install/moveit_resources_prbt_pg70_support:/home/a/ws_nhk/install/moveit_resources_prbt_moveit_config:/home/a/ws_nhk/install/moveit_ros_move_group:/home/a/ws_nhk/install/moveit_kinematics:/home/a/ws_nhk/install/trac_ik:/home/a/ws_nhk/install/trac_ik_kinematics_plugin:/home/a/ws_nhk/install/trac_ik_lib:/home/a/ws_nhk/install/pilz_industrial_motion_planner_testutils:/home/a/ws_nhk/install/moveit_visual_tools:/home/a/ws_nhk/install/moveit_ros_control_interface:/home/a/ws_nhk/install/moveit_plugins:/home/a/ws_nhk/install/moveit_simple_controller_manager:/home/a/ws_nhk/install/moveit_ros_benchmarks:/home/a/ws_nhk/install/moveit_ros_warehouse:/home/a/ws_nhk/install/moveit_ros_robot_interaction:/home/a/ws_nhk/install/moveit_ros_perception:/home/a/ws_nhk/install/moveit_planners_ompl:/home/a/ws_nhk/install/moveit_ros_planning:/home/a/ws_nhk/install/moveit_ros_occupancy_map_monitor:/home/a/ws_nhk/install/moveit_resources_prbt_ikfast_manipulator_plugin:/home/a/ws_nhk/install/moveit_planners_chomp:/home/a/ws_nhk/install/moveit_chomp_optimizer_adapter:/home/a/ws_nhk/install/chomp_motion_planner:/home/a/ws_nhk/install/moveit_core:/home/a/ws_nhk/install/srdfdom:/home/a/ws_nhk/install/rviz_marker_tools:/home/a/ws_nhk/install/rosparam_shortcuts:/home/a/ws_nhk/install/r2_odrive:/home/a/ws_nhk/install/rogidrive_msg:/home/a/ws_nhk/install/nhk_bt:/home/a/ws_nhk/install/moveit_task_constructor_msgs:/home/a/ws_nhk/install/moveit_resources_prbt_support:/home/a/ws_nhk/install/moveit_resources:/home/a/ws_nhk/install/moveit_resources_pr2_description:/home/a/ws_nhk/install/moveit_resources_panda_moveit_config:/home/a/ws_nhk/install/moveit_resources_panda_description:/home/a/ws_nhk/install/moveit_resources_fanuc_moveit_config:/home/a/ws_nhk/install/moveit_resources_fanuc_description:/home/a/ws_nhk/install/moveit_common:/home/a/ws_nhk/install/dynamixel_sdk_examples:/home/a/ws_nhk/install/dynamixel_sdk_custom_interfaces:/home/a/ws_nhk/install/dynamixel_controller:/home/a/ws_nhk/install/dynamixel_sdk:/home/a/ws_nhk/install/arm_v20_description:/home/a/ws_nhk/install/arm_module_description:/home/a/ws_nhk/install/a_r2_description:/home/a/install/field_description_test:/home/a/ws_nhk/install/ikeyaMD_wizard:/home/a/ws_nhk/install/moveit_configs_utils:/home/a/ws_nhk/install/rogidrive:/home/a/ws_nhk/install/launch_param_builder:/home/a/ws_nhk/install/dynamixel_controller_gui:/home/a/ws_nhk/install/dynamixel_controller_client:/opt/ros/humble /usr/bin/cmake --build /home/a/ws_nhk/build/stm32_mavlink_udp -- -j22 -l22[0m
[9.899s] [34mcolcon.colcon_core.event_handler.log_command[0m [1;30mDEBUG[0m [32mInvoking command in '/home/a/ws_nhk/build/stm32_mavlink_udp': CMAKE_PREFIX_PATH=/home/a/ws_nhk/install/stm32_mavlink_msgs:/home/a/ws_nhk/install/stm32_mavlink_udp:/home/a/ws_nhk/install/stm32_mavlink_uart:/home/a/ws_nhk/install/sakai_r2_config:/home/a/ws_nhk/install/moveit_runtime:/home/a/ws_nhk/install/moveit_r2_config:/home/a/ws_nhk/install/moveit_config:/home/a/ws_nhk/install/moveit2_tutorials:/home/a/ws_nhk/install/moveit:/home/a/ws_nhk/install/moveit_planners:/home/a/ws_nhk/install/pilz_industrial_motion_planner:/home/a/ws_nhk/install/moveit_task_constructor_visualization:/home/a/ws_nhk/install/moveit_task_constructor_demo:/home/a/ws_nhk/install/moveit_task_constructor_capabilities:/home/a/ws_nhk/install/moveit_task_constructor_core:/home/a/ws_nhk/install/moveit_setup_assistant:/home/a/ws_nhk/install/moveit_setup_srdf_plugins:/home/a/ws_nhk/install/moveit_setup_core_plugins:/home/a/ws_nhk/install/moveit_setup_controllers:/home/a/ws_nhk/install/moveit_setup_app_plugins:/home/a/ws_nhk/install/moveit_setup_framework:/home/a/ws_nhk/install/moveit_servo:/home/a/ws_nhk/install/moveit_ros:/home/a/ws_nhk/install/moveit_ros_visualization:/home/a/ws_nhk/install/moveit_hybrid_planning:/home/a/ws_nhk/install/moveit_ros_planning_interface:/home/a/ws_nhk/install/moveit_resources_prbt_pg70_support:/home/a/ws_nhk/install/moveit_resources_prbt_moveit_config:/home/a/ws_nhk/install/moveit_ros_move_group:/home/a/ws_nhk/install/moveit_kinematics:/home/a/ws_nhk/install/trac_ik:/home/a/ws_nhk/install/trac_ik_kinematics_plugin:/home/a/ws_nhk/install/trac_ik_lib:/home/a/ws_nhk/install/pilz_industrial_motion_planner_testutils:/home/a/ws_nhk/install/moveit_visual_tools:/home/a/ws_nhk/install/moveit_ros_control_interface:/home/a/ws_nhk/install/moveit_plugins:/home/a/ws_nhk/install/moveit_simple_controller_manager:/home/a/ws_nhk/install/moveit_ros_benchmarks:/home/a/ws_nhk/install/moveit_ros_warehouse:/home/a/ws_nhk/install/moveit_ros_robot_interaction:/home/a/ws_nhk/install/moveit_ros_perception:/home/a/ws_nhk/install/moveit_planners_ompl:/home/a/ws_nhk/install/moveit_ros_planning:/home/a/ws_nhk/install/moveit_ros_occupancy_map_monitor:/home/a/ws_nhk/install/moveit_resources_prbt_ikfast_manipulator_plugin:/home/a/ws_nhk/install/moveit_planners_chomp:/home/a/ws_nhk/install/moveit_chomp_optimizer_adapter:/home/a/ws_nhk/install/chomp_motion_planner:/home/a/ws_nhk/install/moveit_core:/home/a/ws_nhk/install/srdfdom:/home/a/ws_nhk/install/rviz_marker_tools:/home/a/ws_nhk/install/rosparam_shortcuts:/home/a/ws_nhk/install/r2_odrive:/home/a/ws_nhk/install/rogidrive_msg:/home/a/ws_nhk/install/nhk_bt:/home/a/ws_nhk/install/moveit_task_constructor_msgs:/home/a/ws_nhk/install/moveit_resources_prbt_support:/home/a/ws_nhk/install/moveit_resources:/home/a/ws_nhk/install/moveit_resources_pr2_description:/home/a/ws_nhk/install/moveit_resources_panda_moveit_config:/home/a/ws_nhk/install/moveit_resources_panda_description:/home/a/ws_nhk/install/moveit_resources_fanuc_moveit_config:/home/a/ws_nhk/install/moveit_resources_fanuc_description:/home/a/ws_nhk/install/moveit_common:/home/a/ws_nhk/install/dynamixel_sdk_examples:/home/a/ws_nhk/install/dynamixel_sdk_custom_interfaces:/home/a/ws_nhk/install/dynamixel_controller:/home/a/ws_nhk/install/dynamixel_sdk:/home/a/ws_nhk/install/arm_v20_description:/home/a/ws_nhk/install/arm_module_description:/home/a/ws_nhk/install/a_r2_description:/home/a/install/field_description_test:/home/a/ws_nhk/install/ikeyaMD_wizard:/home/a/ws_nhk/install/moveit_configs_utils:/home/a/ws_nhk/install/rogidrive:/home/a/ws_nhk/install/launch_param_builder:/home/a/ws_nhk/install/dynamixel_controller_gui:/home/a/ws_nhk/install/dynamixel_controller_client:/opt/ros/humble /usr/bin/cmake --install /home/a/ws_nhk/build/stm32_mavlink_udp[0m
[9.951s] [34mcolcon.colcon_core.event_handler.log_command[0m [1;30mDEBUG[0m [32mInvoking command in '/home/a/ws_nhk/build/moveit_core': CMAKE_PREFIX_PATH=/home/a/ws_nhk/install/moveit_resources_panda_moveit_config:/home/a/ws_nhk/install/srdfdom:/home/a/ws_nhk/install/moveit_resources_pr2_description:/home/a/ws_nhk/install/moveit_resources_panda_description:/home/a/ws_nhk/install/moveit_common:/home/a/ws_nhk/install/stm32_mavlink_udp:/home/a/ws_nhk/install/stm32_mavlink_uart:/home/a/ws_nhk/install/stm32_mavlink_msgs:/home/a/ws_nhk/install/sakai_r2_config:/home/a/ws_nhk/install/moveit_runtime:/home/a/ws_nhk/install/moveit_r2_config:/home/a/ws_nhk/install/moveit_config:/home/a/ws_nhk/install/moveit2_tutorials:/home/a/ws_nhk/install/moveit:/home/a/ws_nhk/install/moveit_planners:/home/a/ws_nhk/install/pilz_industrial_motion_planner:/home/a/ws_nhk/install/moveit_task_constructor_visualization:/home/a/ws_nhk/install/moveit_task_constructor_demo:/home/a/ws_nhk/install/moveit_task_constructor_capabilities:/home/a/ws_nhk/install/moveit_task_constructor_core:/home/a/ws_nhk/install/moveit_setup_assistant:/home/a/ws_nhk/install/moveit_setup_srdf_plugins:/home/a/ws_nhk/install/moveit_setup_core_plugins:/home/a/ws_nhk/install/moveit_setup_controllers:/home/a/ws_nhk/install/moveit_setup_app_plugins:/home/a/ws_nhk/install/moveit_setup_framework:/home/a/ws_nhk/install/moveit_servo:/home/a/ws_nhk/install/moveit_ros:/home/a/ws_nhk/install/moveit_ros_visualization:/home/a/ws_nhk/install/moveit_hybrid_planning:/home/a/ws_nhk/install/moveit_ros_planning_interface:/home/a/ws_nhk/install/moveit_resources_prbt_pg70_support:/home/a/ws_nhk/install/moveit_resources_prbt_moveit_config:/home/a/ws_nhk/install/moveit_ros_move_group:/home/a/ws_nhk/install/moveit_kinematics:/home/a/ws_nhk/install/trac_ik:/home/a/ws_nhk/install/trac_ik_kinematics_plugin:/home/a/ws_nhk/install/trac_ik_lib:/home/a/ws_nhk/install/pilz_industrial_motion_planner_testutils:/home/a/ws_nhk/install/moveit_visual_tools:/home/a/ws_nhk/install/moveit_ros_control_interface:/home/a/ws_nhk/install/moveit_plugins:/home/a/ws_nhk/install/moveit_simple_controller_manager:/home/a/ws_nhk/install/moveit_ros_benchmarks:/home/a/ws_nhk/install/moveit_ros_warehouse:/home/a/ws_nhk/install/moveit_ros_robot_interaction:/home/a/ws_nhk/install/moveit_ros_perception:/home/a/ws_nhk/install/moveit_planners_ompl:/home/a/ws_nhk/install/moveit_ros_planning:/home/a/ws_nhk/install/moveit_ros_occupancy_map_monitor:/home/a/ws_nhk/install/moveit_resources_prbt_ikfast_manipulator_plugin:/home/a/ws_nhk/install/moveit_planners_chomp:/home/a/ws_nhk/install/moveit_chomp_optimizer_adapter:/home/a/ws_nhk/install/chomp_motion_planner:/home/a/ws_nhk/install/moveit_core:/home/a/ws_nhk/install/rviz_marker_tools:/home/a/ws_nhk/install/rosparam_shortcuts:/home/a/ws_nhk/install/r2_odrive:/home/a/ws_nhk/install/rogidrive_msg:/home/a/ws_nhk/install/nhk_bt:/home/a/ws_nhk/install/moveit_task_constructor_msgs:/home/a/ws_nhk/install/moveit_resources_prbt_support:/home/a/ws_nhk/install/moveit_resources:/home/a/ws_nhk/install/moveit_resources_fanuc_moveit_config:/home/a/ws_nhk/install/moveit_resources_fanuc_description:/home/a/ws_nhk/install/dynamixel_sdk_examples:/home/a/ws_nhk/install/dynamixel_sdk_custom_interfaces:/home/a/ws_nhk/install/dynamixel_controller:/home/a/ws_nhk/install/dynamixel_sdk:/home/a/ws_nhk/install/arm_v20_description:/home/a/ws_nhk/install/arm_module_description:/home/a/ws_nhk/install/a_r2_description:/home/a/install/field_description_test:/home/a/ws_nhk/install/ikeyaMD_wizard:/home/a/ws_nhk/install/moveit_configs_utils:/home/a/ws_nhk/install/rogidrive:/home/a/ws_nhk/install/launch_param_builder:/home/a/ws_nhk/install/dynamixel_controller_gui:/home/a/ws_nhk/install/dynamixel_controller_client:/opt/ros/humble LD_LIBRARY_PATH=/home/a/ws_nhk/install/srdfdom/lib:/home/a/ws_nhk/install/stm32_mavlink_msgs/lib:/home/a/ws_nhk/install/pilz_industrial_motion_planner/lib:/home/a/ws_nhk/install/moveit_task_constructor_visualization/lib:/home/a/ws_nhk/install/moveit_task_constructor_demo/lib:/home/a/ws_nhk/install/moveit_task_constructor_capabilities/lib:/home/a/ws_nhk/install/moveit_task_constructor_core/lib:/home/a/ws_nhk/install/moveit_setup_assistant/lib:/home/a/ws_nhk/install/moveit_setup_srdf_plugins/lib:/home/a/ws_nhk/install/moveit_setup_core_plugins/lib:/home/a/ws_nhk/install/moveit_setup_controllers/lib:/home/a/ws_nhk/install/moveit_setup_app_plugins/lib:/home/a/ws_nhk/install/moveit_setup_framework/lib:/home/a/ws_nhk/install/moveit_servo/lib:/home/a/ws_nhk/install/moveit_ros_visualization/lib:/home/a/ws_nhk/install/moveit_hybrid_planning/lib:/home/a/ws_nhk/install/moveit_ros_planning_interface/lib:/home/a/ws_nhk/install/moveit_ros_move_group/lib:/home/a/ws_nhk/install/moveit_kinematics/lib:/home/a/ws_nhk/install/trac_ik_kinematics_plugin/lib:/home/a/ws_nhk/install/trac_ik_lib/lib:/home/a/ws_nhk/install/pilz_industrial_motion_planner_testutils/lib:/home/a/ws_nhk/install/moveit_visual_tools/lib:/home/a/ws_nhk/install/moveit_ros_control_interface/lib:/home/a/ws_nhk/install/moveit_simple_controller_manager/lib:/home/a/ws_nhk/install/moveit_ros_benchmarks/lib:/home/a/ws_nhk/install/moveit_ros_warehouse/lib:/home/a/ws_nhk/install/moveit_ros_robot_interaction/lib:/home/a/ws_nhk/install/moveit_ros_perception/lib:/home/a/ws_nhk/install/moveit_planners_ompl/lib:/home/a/ws_nhk/install/moveit_ros_planning/lib:/home/a/ws_nhk/install/moveit_ros_occupancy_map_monitor/lib:/home/a/ws_nhk/install/moveit_resources_prbt_ikfast_manipulator_plugin/lib:/home/a/ws_nhk/install/moveit_planners_chomp/lib:/home/a/ws_nhk/install/moveit_chomp_optimizer_adapter/lib:/home/a/ws_nhk/install/chomp_motion_planner/lib:/home/a/ws_nhk/install/moveit_core/lib:/home/a/ws_nhk/install/rviz_marker_tools/lib:/home/a/ws_nhk/install/rosparam_shortcuts/lib:/home/a/ws_nhk/install/rogidrive_msg/lib:/home/a/ws_nhk/install/moveit_task_constructor_msgs/lib:/home/a/ws_nhk/install/dynamixel_sdk_custom_interfaces/lib:/home/a/ws_nhk/install/dynamixel_controller/lib:/home/a/ws_nhk/install/dynamixel_sdk/lib:/usr/local/lib:/usr/lib/x86_64-linux-gnu/gazebo-11/plugins:/opt/ros/humble/opt/rviz_ogre_vendor/lib:/opt/ros/humble/lib/x86_64-linux-gnu:/opt/ros/humble/lib /usr/bin/cmake --build /home/a/ws_nhk/build/moveit_core -- -j22 -l22[0m
[10.011s] [34mcolcon.colcon_core.event_handler.log_command[0m [1;30mDEBUG[0m [32mInvoking command in '/home/a/ws_nhk/build/moveit_resources': CMAKE_PREFIX_PATH=/home/a/ws_nhk/install/moveit_resources_panda_moveit_config:/home/a/ws_nhk/install/moveit_resources_fanuc_moveit_config:/home/a/ws_nhk/install/moveit_resources_pr2_description:/home/a/ws_nhk/install/moveit_resources_panda_description:/home/a/ws_nhk/install/moveit_resources_fanuc_description:/home/a/ws_nhk/install/stm32_mavlink_udp:/home/a/ws_nhk/install/stm32_mavlink_uart:/home/a/ws_nhk/install/stm32_mavlink_msgs:/home/a/ws_nhk/install/sakai_r2_config:/home/a/ws_nhk/install/moveit_runtime:/home/a/ws_nhk/install/moveit_r2_config:/home/a/ws_nhk/install/moveit_config:/home/a/ws_nhk/install/moveit2_tutorials:/home/a/ws_nhk/install/moveit:/home/a/ws_nhk/install/moveit_planners:/home/a/ws_nhk/install/pilz_industrial_motion_planner:/home/a/ws_nhk/install/moveit_task_constructor_visualization:/home/a/ws_nhk/install/moveit_task_constructor_demo:/home/a/ws_nhk/install/moveit_task_constructor_capabilities:/home/a/ws_nhk/install/moveit_task_constructor_core:/home/a/ws_nhk/install/moveit_setup_assistant:/home/a/ws_nhk/install/moveit_setup_srdf_plugins:/home/a/ws_nhk/install/moveit_setup_core_plugins:/home/a/ws_nhk/install/moveit_setup_controllers:/home/a/ws_nhk/install/moveit_setup_app_plugins:/home/a/ws_nhk/install/moveit_setup_framework:/home/a/ws_nhk/install/moveit_servo:/home/a/ws_nhk/install/moveit_ros:/home/a/ws_nhk/install/moveit_ros_visualization:/home/a/ws_nhk/install/moveit_hybrid_planning:/home/a/ws_nhk/install/moveit_ros_planning_interface:/home/a/ws_nhk/install/moveit_resources_prbt_pg70_support:/home/a/ws_nhk/install/moveit_resources_prbt_moveit_config:/home/a/ws_nhk/install/moveit_ros_move_group:/home/a/ws_nhk/install/moveit_kinematics:/home/a/ws_nhk/install/trac_ik:/home/a/ws_nhk/install/trac_ik_kinematics_plugin:/home/a/ws_nhk/install/trac_ik_lib:/home/a/ws_nhk/install/pilz_industrial_motion_planner_testutils:/home/a/ws_nhk/install/moveit_visual_tools:/home/a/ws_nhk/install/moveit_ros_control_interface:/home/a/ws_nhk/install/moveit_plugins:/home/a/ws_nhk/install/moveit_simple_controller_manager:/home/a/ws_nhk/install/moveit_ros_benchmarks:/home/a/ws_nhk/install/moveit_ros_warehouse:/home/a/ws_nhk/install/moveit_ros_robot_interaction:/home/a/ws_nhk/install/moveit_ros_perception:/home/a/ws_nhk/install/moveit_planners_ompl:/home/a/ws_nhk/install/moveit_ros_planning:/home/a/ws_nhk/install/moveit_ros_occupancy_map_monitor:/home/a/ws_nhk/install/moveit_resources_prbt_ikfast_manipulator_plugin:/home/a/ws_nhk/install/moveit_planners_chomp:/home/a/ws_nhk/install/moveit_chomp_optimizer_adapter:/home/a/ws_nhk/install/chomp_motion_planner:/home/a/ws_nhk/install/moveit_core:/home/a/ws_nhk/install/srdfdom:/home/a/ws_nhk/install/rviz_marker_tools:/home/a/ws_nhk/install/rosparam_shortcuts:/home/a/ws_nhk/install/r2_odrive:/home/a/ws_nhk/install/rogidrive_msg:/home/a/ws_nhk/install/nhk_bt:/home/a/ws_nhk/install/moveit_task_constructor_msgs:/home/a/ws_nhk/install/moveit_resources_prbt_support:/home/a/ws_nhk/install/moveit_resources:/home/a/ws_nhk/install/moveit_common:/home/a/ws_nhk/install/dynamixel_sdk_examples:/home/a/ws_nhk/install/dynamixel_sdk_custom_interfaces:/home/a/ws_nhk/install/dynamixel_controller:/home/a/ws_nhk/install/dynamixel_sdk:/home/a/ws_nhk/install/arm_v20_description:/home/a/ws_nhk/install/arm_module_description:/home/a/ws_nhk/install/a_r2_description:/home/a/install/field_description_test:/home/a/ws_nhk/install/ikeyaMD_wizard:/home/a/ws_nhk/install/moveit_configs_utils:/home/a/ws_nhk/install/rogidrive:/home/a/ws_nhk/install/launch_param_builder:/home/a/ws_nhk/install/dynamixel_controller_gui:/home/a/ws_nhk/install/dynamixel_controller_client:/opt/ros/humble /usr/bin/cmake --build /home/a/ws_nhk/build/moveit_resources -- -j22 -l22[0m
[10.055s] [34mcolcon.colcon_core.event_handler.log_command[0m [1;30mDEBUG[0m [32mInvoking command in '/home/a/ws_nhk/src/rogidrive/rogidrive': CMAKE_PREFIX_PATH=/home/a/ws_nhk/install/rogidrive_msg:/home/a/ws_nhk/install/stm32_mavlink_udp:/home/a/ws_nhk/install/stm32_mavlink_uart:/home/a/ws_nhk/install/stm32_mavlink_msgs:/home/a/ws_nhk/install/sakai_r2_config:/home/a/ws_nhk/install/moveit_runtime:/home/a/ws_nhk/install/moveit_r2_config:/home/a/ws_nhk/install/moveit_config:/home/a/ws_nhk/install/moveit2_tutorials:/home/a/ws_nhk/install/moveit:/home/a/ws_nhk/install/moveit_planners:/home/a/ws_nhk/install/pilz_industrial_motion_planner:/home/a/ws_nhk/install/moveit_task_constructor_visualization:/home/a/ws_nhk/install/moveit_task_constructor_demo:/home/a/ws_nhk/install/moveit_task_constructor_capabilities:/home/a/ws_nhk/install/moveit_task_constructor_core:/home/a/ws_nhk/install/moveit_setup_assistant:/home/a/ws_nhk/install/moveit_setup_srdf_plugins:/home/a/ws_nhk/install/moveit_setup_core_plugins:/home/a/ws_nhk/install/moveit_setup_controllers:/home/a/ws_nhk/install/moveit_setup_app_plugins:/home/a/ws_nhk/install/moveit_setup_framework:/home/a/ws_nhk/install/moveit_servo:/home/a/ws_nhk/install/moveit_ros:/home/a/ws_nhk/install/moveit_ros_visualization:/home/a/ws_nhk/install/moveit_hybrid_planning:/home/a/ws_nhk/install/moveit_ros_planning_interface:/home/a/ws_nhk/install/moveit_resources_prbt_pg70_support:/home/a/ws_nhk/install/moveit_resources_prbt_moveit_config:/home/a/ws_nhk/install/moveit_ros_move_group:/home/a/ws_nhk/install/moveit_kinematics:/home/a/ws_nhk/install/trac_ik:/home/a/ws_nhk/install/trac_ik_kinematics_plugin:/home/a/ws_nhk/install/trac_ik_lib:/home/a/ws_nhk/install/pilz_industrial_motion_planner_testutils:/home/a/ws_nhk/install/moveit_visual_tools:/home/a/ws_nhk/install/moveit_ros_control_interface:/home/a/ws_nhk/install/moveit_plugins:/home/a/ws_nhk/install/moveit_simple_controller_manager:/home/a/ws_nhk/install/moveit_ros_benchmarks:/home/a/ws_nhk/install/moveit_ros_warehouse:/home/a/ws_nhk/install/moveit_ros_robot_interaction:/home/a/ws_nhk/install/moveit_ros_perception:/home/a/ws_nhk/install/moveit_planners_ompl:/home/a/ws_nhk/install/moveit_ros_planning:/home/a/ws_nhk/install/moveit_ros_occupancy_map_monitor:/home/a/ws_nhk/install/moveit_resources_prbt_ikfast_manipulator_plugin:/home/a/ws_nhk/install/moveit_planners_chomp:/home/a/ws_nhk/install/moveit_chomp_optimizer_adapter:/home/a/ws_nhk/install/chomp_motion_planner:/home/a/ws_nhk/install/moveit_core:/home/a/ws_nhk/install/srdfdom:/home/a/ws_nhk/install/rviz_marker_tools:/home/a/ws_nhk/install/rosparam_shortcuts:/home/a/ws_nhk/install/r2_odrive:/home/a/ws_nhk/install/nhk_bt:/home/a/ws_nhk/install/moveit_task_constructor_msgs:/home/a/ws_nhk/install/moveit_resources_prbt_support:/home/a/ws_nhk/install/moveit_resources:/home/a/ws_nhk/install/moveit_resources_pr2_description:/home/a/ws_nhk/install/moveit_resources_panda_moveit_config:/home/a/ws_nhk/install/moveit_resources_panda_description:/home/a/ws_nhk/install/moveit_resources_fanuc_moveit_config:/home/a/ws_nhk/install/moveit_resources_fanuc_description:/home/a/ws_nhk/install/moveit_common:/home/a/ws_nhk/install/dynamixel_sdk_examples:/home/a/ws_nhk/install/dynamixel_sdk_custom_interfaces:/home/a/ws_nhk/install/dynamixel_controller:/home/a/ws_nhk/install/dynamixel_sdk:/home/a/ws_nhk/install/arm_v20_description:/home/a/ws_nhk/install/arm_module_description:/home/a/ws_nhk/install/a_r2_description:/home/a/install/field_description_test LD_LIBRARY_PATH=/home/a/ws_nhk/install/rogidrive_msg/lib:/home/a/ws_nhk/install/stm32_mavlink_msgs/lib:/home/a/ws_nhk/install/pilz_industrial_motion_planner/lib:/home/a/ws_nhk/install/moveit_task_constructor_visualization/lib:/home/a/ws_nhk/install/moveit_task_constructor_demo/lib:/home/a/ws_nhk/install/moveit_task_constructor_capabilities/lib:/home/a/ws_nhk/install/moveit_task_constructor_core/lib:/home/a/ws_nhk/install/moveit_setup_assistant/lib:/home/a/ws_nhk/install/moveit_setup_srdf_plugins/lib:/home/a/ws_nhk/install/moveit_setup_core_plugins/lib:/home/a/ws_nhk/install/moveit_setup_controllers/lib:/home/a/ws_nhk/install/moveit_setup_app_plugins/lib:/home/a/ws_nhk/install/moveit_setup_framework/lib:/home/a/ws_nhk/install/moveit_servo/lib:/home/a/ws_nhk/install/moveit_ros_visualization/lib:/home/a/ws_nhk/install/moveit_hybrid_planning/lib:/home/a/ws_nhk/install/moveit_ros_planning_interface/lib:/home/a/ws_nhk/install/moveit_ros_move_group/lib:/home/a/ws_nhk/install/moveit_kinematics/lib:/home/a/ws_nhk/install/trac_ik_kinematics_plugin/lib:/home/a/ws_nhk/install/trac_ik_lib/lib:/home/a/ws_nhk/install/pilz_industrial_motion_planner_testutils/lib:/home/a/ws_nhk/install/moveit_visual_tools/lib:/home/a/ws_nhk/install/moveit_ros_control_interface/lib:/home/a/ws_nhk/install/moveit_simple_controller_manager/lib:/home/a/ws_nhk/install/moveit_ros_benchmarks/lib:/home/a/ws_nhk/install/moveit_ros_warehouse/lib:/home/a/ws_nhk/install/moveit_ros_robot_interaction/lib:/home/a/ws_nhk/install/moveit_ros_perception/lib:/home/a/ws_nhk/install/moveit_planners_ompl/lib:/home/a/ws_nhk/install/moveit_ros_planning/lib:/home/a/ws_nhk/install/moveit_ros_occupancy_map_monitor/lib:/home/a/ws_nhk/install/moveit_resources_prbt_ikfast_manipulator_plugin/lib:/home/a/ws_nhk/install/moveit_planners_chomp/lib:/home/a/ws_nhk/install/moveit_chomp_optimizer_adapter/lib:/home/a/ws_nhk/install/chomp_motion_planner/lib:/home/a/ws_nhk/install/moveit_core/lib:/home/a/ws_nhk/install/srdfdom/lib:/home/a/ws_nhk/install/rviz_marker_tools/lib:/home/a/ws_nhk/install/rosparam_shortcuts/lib:/home/a/ws_nhk/install/moveit_task_constructor_msgs/lib:/home/a/ws_nhk/install/dynamixel_sdk_custom_interfaces/lib:/home/a/ws_nhk/install/dynamixel_controller/lib:/home/a/ws_nhk/install/dynamixel_sdk/lib:/usr/local/lib:/usr/lib/x86_64-linux-gnu/gazebo-11/plugins:/opt/ros/humble/opt/rviz_ogre_vendor/lib:/opt/ros/humble/lib/x86_64-linux-gnu:/opt/ros/humble/lib PYTHONPATH=/home/a/ws_nhk/build/rogidrive/prefix_override:/usr/lib/python3/dist-packages/colcon_core/task/python/colcon_distutils_commands:/home/a/ws_nhk/install/rogidrive/lib/python3.10/site-packages:${PYTHONPATH} /usr/bin/python3 -W ignore:setup.py install is deprecated -W ignore:easy_install command is deprecated setup.py egg_info --egg-base ../../../build/rogidrive build --build-base /home/a/ws_nhk/build/rogidrive/build install --record /home/a/ws_nhk/build/rogidrive/install.log --single-version-externally-managed install_data[0m
[10.097s] [34mcolcon.colcon_core.event_handler.log_command[0m [1;30mDEBUG[0m [32mInvoking command in '/home/a/ws_nhk/src/r2_odrive': CMAKE_PREFIX_PATH=/home/a/ws_nhk/install/rogidrive_msg:/home/a/ws_nhk/install/stm32_mavlink_udp:/home/a/ws_nhk/install/stm32_mavlink_uart:/home/a/ws_nhk/install/stm32_mavlink_msgs:/home/a/ws_nhk/install/sakai_r2_config:/home/a/ws_nhk/install/moveit_runtime:/home/a/ws_nhk/install/moveit_r2_config:/home/a/ws_nhk/install/moveit_config:/home/a/ws_nhk/install/moveit2_tutorials:/home/a/ws_nhk/install/moveit:/home/a/ws_nhk/install/moveit_planners:/home/a/ws_nhk/install/pilz_industrial_motion_planner:/home/a/ws_nhk/install/moveit_task_constructor_visualization:/home/a/ws_nhk/install/moveit_task_constructor_demo:/home/a/ws_nhk/install/moveit_task_constructor_capabilities:/home/a/ws_nhk/install/moveit_task_constructor_core:/home/a/ws_nhk/install/moveit_setup_assistant:/home/a/ws_nhk/install/moveit_setup_srdf_plugins:/home/a/ws_nhk/install/moveit_setup_core_plugins:/home/a/ws_nhk/install/moveit_setup_controllers:/home/a/ws_nhk/install/moveit_setup_app_plugins:/home/a/ws_nhk/install/moveit_setup_framework:/home/a/ws_nhk/install/moveit_servo:/home/a/ws_nhk/install/moveit_ros:/home/a/ws_nhk/install/moveit_ros_visualization:/home/a/ws_nhk/install/moveit_hybrid_planning:/home/a/ws_nhk/install/moveit_ros_planning_interface:/home/a/ws_nhk/install/moveit_resources_prbt_pg70_support:/home/a/ws_nhk/install/moveit_resources_prbt_moveit_config:/home/a/ws_nhk/install/moveit_ros_move_group:/home/a/ws_nhk/install/moveit_kinematics:/home/a/ws_nhk/install/trac_ik:/home/a/ws_nhk/install/trac_ik_kinematics_plugin:/home/a/ws_nhk/install/trac_ik_lib:/home/a/ws_nhk/install/pilz_industrial_motion_planner_testutils:/home/a/ws_nhk/install/moveit_visual_tools:/home/a/ws_nhk/install/moveit_ros_control_interface:/home/a/ws_nhk/install/moveit_plugins:/home/a/ws_nhk/install/moveit_simple_controller_manager:/home/a/ws_nhk/install/moveit_ros_benchmarks:/home/a/ws_nhk/install/moveit_ros_warehouse:/home/a/ws_nhk/install/moveit_ros_robot_interaction:/home/a/ws_nhk/install/moveit_ros_perception:/home/a/ws_nhk/install/moveit_planners_ompl:/home/a/ws_nhk/install/moveit_ros_planning:/home/a/ws_nhk/install/moveit_ros_occupancy_map_monitor:/home/a/ws_nhk/install/moveit_resources_prbt_ikfast_manipulator_plugin:/home/a/ws_nhk/install/moveit_planners_chomp:/home/a/ws_nhk/install/moveit_chomp_optimizer_adapter:/home/a/ws_nhk/install/chomp_motion_planner:/home/a/ws_nhk/install/moveit_core:/home/a/ws_nhk/install/srdfdom:/home/a/ws_nhk/install/rviz_marker_tools:/home/a/ws_nhk/install/rosparam_shortcuts:/home/a/ws_nhk/install/r2_odrive:/home/a/ws_nhk/install/nhk_bt:/home/a/ws_nhk/install/moveit_task_constructor_msgs:/home/a/ws_nhk/install/moveit_resources_prbt_support:/home/a/ws_nhk/install/moveit_resources:/home/a/ws_nhk/install/moveit_resources_pr2_description:/home/a/ws_nhk/install/moveit_resources_panda_moveit_config:/home/a/ws_nhk/install/moveit_resources_panda_description:/home/a/ws_nhk/install/moveit_resources_fanuc_moveit_config:/home/a/ws_nhk/install/moveit_resources_fanuc_description:/home/a/ws_nhk/install/moveit_common:/home/a/ws_nhk/install/dynamixel_sdk_examples:/home/a/ws_nhk/install/dynamixel_sdk_custom_interfaces:/home/a/ws_nhk/install/dynamixel_controller:/home/a/ws_nhk/install/dynamixel_sdk:/home/a/ws_nhk/install/arm_v20_description:/home/a/ws_nhk/install/arm_module_description:/home/a/ws_nhk/install/a_r2_description:/home/a/install/field_description_test LD_LIBRARY_PATH=/home/a/ws_nhk/install/rogidrive_msg/lib:/home/a/ws_nhk/install/stm32_mavlink_msgs/lib:/home/a/ws_nhk/install/pilz_industrial_motion_planner/lib:/home/a/ws_nhk/install/moveit_task_constructor_visualization/lib:/home/a/ws_nhk/install/moveit_task_constructor_demo/lib:/home/a/ws_nhk/install/moveit_task_constructor_capabilities/lib:/home/a/ws_nhk/install/moveit_task_constructor_core/lib:/home/a/ws_nhk/install/moveit_setup_assistant/lib:/home/a/ws_nhk/install/moveit_setup_srdf_plugins/lib:/home/a/ws_nhk/install/moveit_setup_core_plugins/lib:/home/a/ws_nhk/install/moveit_setup_controllers/lib:/home/a/ws_nhk/install/moveit_setup_app_plugins/lib:/home/a/ws_nhk/install/moveit_setup_framework/lib:/home/a/ws_nhk/install/moveit_servo/lib:/home/a/ws_nhk/install/moveit_ros_visualization/lib:/home/a/ws_nhk/install/moveit_hybrid_planning/lib:/home/a/ws_nhk/install/moveit_ros_planning_interface/lib:/home/a/ws_nhk/install/moveit_ros_move_group/lib:/home/a/ws_nhk/install/moveit_kinematics/lib:/home/a/ws_nhk/install/trac_ik_kinematics_plugin/lib:/home/a/ws_nhk/install/trac_ik_lib/lib:/home/a/ws_nhk/install/pilz_industrial_motion_planner_testutils/lib:/home/a/ws_nhk/install/moveit_visual_tools/lib:/home/a/ws_nhk/install/moveit_ros_control_interface/lib:/home/a/ws_nhk/install/moveit_simple_controller_manager/lib:/home/a/ws_nhk/install/moveit_ros_benchmarks/lib:/home/a/ws_nhk/install/moveit_ros_warehouse/lib:/home/a/ws_nhk/install/moveit_ros_robot_interaction/lib:/home/a/ws_nhk/install/moveit_ros_perception/lib:/home/a/ws_nhk/install/moveit_planners_ompl/lib:/home/a/ws_nhk/install/moveit_ros_planning/lib:/home/a/ws_nhk/install/moveit_ros_occupancy_map_monitor/lib:/home/a/ws_nhk/install/moveit_resources_prbt_ikfast_manipulator_plugin/lib:/home/a/ws_nhk/install/moveit_planners_chomp/lib:/home/a/ws_nhk/install/moveit_chomp_optimizer_adapter/lib:/home/a/ws_nhk/install/chomp_motion_planner/lib:/home/a/ws_nhk/install/moveit_core/lib:/home/a/ws_nhk/install/srdfdom/lib:/home/a/ws_nhk/install/rviz_marker_tools/lib:/home/a/ws_nhk/install/rosparam_shortcuts/lib:/home/a/ws_nhk/install/moveit_task_constructor_msgs/lib:/home/a/ws_nhk/install/dynamixel_sdk_custom_interfaces/lib:/home/a/ws_nhk/install/dynamixel_controller/lib:/home/a/ws_nhk/install/dynamixel_sdk/lib:/usr/local/lib:/usr/lib/x86_64-linux-gnu/gazebo-11/plugins:/opt/ros/humble/opt/rviz_ogre_vendor/lib:/opt/ros/humble/lib/x86_64-linux-gnu:/opt/ros/humble/lib PYTHONPATH=/home/a/ws_nhk/build/r2_odrive/prefix_override:/usr/lib/python3/dist-packages/colcon_core/task/python/colcon_distutils_commands:/home/a/ws_nhk/install/r2_odrive/lib/python3.10/site-packages:${PYTHONPATH} /usr/bin/python3 -W ignore:setup.py install is deprecated -W ignore:easy_install command is deprecated setup.py egg_info --egg-base ../../build/r2_odrive build --build-base /home/a/ws_nhk/build/r2_odrive/build install --record /home/a/ws_nhk/build/r2_odrive/install.log --single-version-externally-managed install_data[0m
[10.227s] [34mcolcon.colcon_core.environment[0m [1;30mLevel 1[0m create_environment_scripts_only(stm32_mavlink_udp)
[10.234s] [34mcolcon.colcon_core.environment[0m [1;30mLevel 1[0m checking '/home/a/ws_nhk/install/stm32_mavlink_udp' for CMake module files
[10.249s] [34mcolcon.colcon_core.environment[0m [1;30mLevel 1[0m checking '/home/a/ws_nhk/install/stm32_mavlink_udp' for CMake config files
[10.251s] [34mcolcon.colcon_core.shell[0m [1;30mLevel 1[0m create_environment_hook('stm32_mavlink_udp', 'cmake_prefix_path')
[10.258s] [34mcolcon.colcon_core.shell[0m [1;30mINFO[0m Creating environment hook '/home/a/ws_nhk/install/stm32_mavlink_udp/share/stm32_mavlink_udp/hook/cmake_prefix_path.ps1'
[10.275s] [34mcolcon.colcon_core.shell[0m [1;30mINFO[0m Creating environment descriptor '/home/a/ws_nhk/install/stm32_mavlink_udp/share/stm32_mavlink_udp/hook/cmake_prefix_path.dsv'
[10.276s] [34mcolcon.colcon_core.event_handler.log_command[0m [1;30mDEBUG[0m [32mInvoked command in '/home/a/ws_nhk/build/stm32_mavlink_udp' returned '0': CMAKE_PREFIX_PATH=/home/a/ws_nhk/install/stm32_mavlink_msgs:/home/a/ws_nhk/install/stm32_mavlink_udp:/home/a/ws_nhk/install/stm32_mavlink_uart:/home/a/ws_nhk/install/sakai_r2_config:/home/a/ws_nhk/install/moveit_runtime:/home/a/ws_nhk/install/moveit_r2_config:/home/a/ws_nhk/install/moveit_config:/home/a/ws_nhk/install/moveit2_tutorials:/home/a/ws_nhk/install/moveit:/home/a/ws_nhk/install/moveit_planners:/home/a/ws_nhk/install/pilz_industrial_motion_planner:/home/a/ws_nhk/install/moveit_task_constructor_visualization:/home/a/ws_nhk/install/moveit_task_constructor_demo:/home/a/ws_nhk/install/moveit_task_constructor_capabilities:/home/a/ws_nhk/install/moveit_task_constructor_core:/home/a/ws_nhk/install/moveit_setup_assistant:/home/a/ws_nhk/install/moveit_setup_srdf_plugins:/home/a/ws_nhk/install/moveit_setup_core_plugins:/home/a/ws_nhk/install/moveit_setup_controllers:/home/a/ws_nhk/install/moveit_setup_app_plugins:/home/a/ws_nhk/install/moveit_setup_framework:/home/a/ws_nhk/install/moveit_servo:/home/a/ws_nhk/install/moveit_ros:/home/a/ws_nhk/install/moveit_ros_visualization:/home/a/ws_nhk/install/moveit_hybrid_planning:/home/a/ws_nhk/install/moveit_ros_planning_interface:/home/a/ws_nhk/install/moveit_resources_prbt_pg70_support:/home/a/ws_nhk/install/moveit_resources_prbt_moveit_config:/home/a/ws_nhk/install/moveit_ros_move_group:/home/a/ws_nhk/install/moveit_kinematics:/home/a/ws_nhk/install/trac_ik:/home/a/ws_nhk/install/trac_ik_kinematics_plugin:/home/a/ws_nhk/install/trac_ik_lib:/home/a/ws_nhk/install/pilz_industrial_motion_planner_testutils:/home/a/ws_nhk/install/moveit_visual_tools:/home/a/ws_nhk/install/moveit_ros_control_interface:/home/a/ws_nhk/install/moveit_plugins:/home/a/ws_nhk/install/moveit_simple_controller_manager:/home/a/ws_nhk/install/moveit_ros_benchmarks:/home/a/ws_nhk/install/moveit_ros_warehouse:/home/a/ws_nhk/install/moveit_ros_robot_interaction:/home/a/ws_nhk/install/moveit_ros_perception:/home/a/ws_nhk/install/moveit_planners_ompl:/home/a/ws_nhk/install/moveit_ros_planning:/home/a/ws_nhk/install/moveit_ros_occupancy_map_monitor:/home/a/ws_nhk/install/moveit_resources_prbt_ikfast_manipulator_plugin:/home/a/ws_nhk/install/moveit_planners_chomp:/home/a/ws_nhk/install/moveit_chomp_optimizer_adapter:/home/a/ws_nhk/install/chomp_motion_planner:/home/a/ws_nhk/install/moveit_core:/home/a/ws_nhk/install/srdfdom:/home/a/ws_nhk/install/rviz_marker_tools:/home/a/ws_nhk/install/rosparam_shortcuts:/home/a/ws_nhk/install/r2_odrive:/home/a/ws_nhk/install/rogidrive_msg:/home/a/ws_nhk/install/nhk_bt:/home/a/ws_nhk/install/moveit_task_constructor_msgs:/home/a/ws_nhk/install/moveit_resources_prbt_support:/home/a/ws_nhk/install/moveit_resources:/home/a/ws_nhk/install/moveit_resources_pr2_description:/home/a/ws_nhk/install/moveit_resources_panda_moveit_config:/home/a/ws_nhk/install/moveit_resources_panda_description:/home/a/ws_nhk/install/moveit_resources_fanuc_moveit_config:/home/a/ws_nhk/install/moveit_resources_fanuc_description:/home/a/ws_nhk/install/moveit_common:/home/a/ws_nhk/install/dynamixel_sdk_examples:/home/a/ws_nhk/install/dynamixel_sdk_custom_interfaces:/home/a/ws_nhk/install/dynamixel_controller:/home/a/ws_nhk/install/dynamixel_sdk:/home/a/ws_nhk/install/arm_v20_description:/home/a/ws_nhk/install/arm_module_description:/home/a/ws_nhk/install/a_r2_description:/home/a/install/field_description_test:/home/a/ws_nhk/install/ikeyaMD_wizard:/home/a/ws_nhk/install/moveit_configs_utils:/home/a/ws_nhk/install/rogidrive:/home/a/ws_nhk/install/launch_param_builder:/home/a/ws_nhk/install/dynamixel_controller_gui:/home/a/ws_nhk/install/dynamixel_controller_client:/opt/ros/humble /usr/bin/cmake --install /home/a/ws_nhk/build/stm32_mavlink_udp[0m
[10.288s] [34mcolcon.colcon_core.shell[0m [1;30mINFO[0m Creating environment hook '/home/a/ws_nhk/install/stm32_mavlink_udp/share/stm32_mavlink_udp/hook/cmake_prefix_path.sh'
[10.297s] [34mcolcon.colcon_core.environment[0m [1;30mLevel 1[0m checking '/home/a/ws_nhk/install/stm32_mavlink_udp/lib'
[10.302s] [34mcolcon.colcon_core.environment[0m [1;30mLevel 1[0m checking '/home/a/ws_nhk/install/stm32_mavlink_udp/bin'
[10.303s] [34mcolcon.colcon_core.environment[0m [1;30mLevel 1[0m checking '/home/a/ws_nhk/install/stm32_mavlink_udp/lib/pkgconfig/stm32_mavlink_udp.pc'
[10.306s] [34mcolcon.colcon_core.environment[0m [1;30mLevel 1[0m checking '/home/a/ws_nhk/install/stm32_mavlink_udp/lib/python3.10/site-packages'
[10.313s] [34mcolcon.colcon_core.environment[0m [1;30mLevel 1[0m checking '/home/a/ws_nhk/install/stm32_mavlink_udp/bin'
[10.323s] [34mcolcon.colcon_core.shell[0m [1;30mINFO[0m Creating package script '/home/a/ws_nhk/install/stm32_mavlink_udp/share/stm32_mavlink_udp/package.ps1'
[10.332s] [34mcolcon.colcon_core.shell[0m [1;30mINFO[0m Creating package descriptor '/home/a/ws_nhk/install/stm32_mavlink_udp/share/stm32_mavlink_udp/package.dsv'
[10.339s] [34mcolcon.colcon_core.shell[0m [1;30mINFO[0m Creating package script '/home/a/ws_nhk/install/stm32_mavlink_udp/share/stm32_mavlink_udp/package.sh'
[10.350s] [34mcolcon.colcon_core.shell[0m [1;30mINFO[0m Creating package script '/home/a/ws_nhk/install/stm32_mavlink_udp/share/stm32_mavlink_udp/package.bash'
[10.357s] [34mcolcon.colcon_core.shell[0m [1;30mINFO[0m Creating package script '/home/a/ws_nhk/install/stm32_mavlink_udp/share/stm32_mavlink_udp/package.zsh'
[10.364s] [34mcolcon.colcon_core.environment[0m [1;30mLevel 1[0m create_file_with_runtime_dependencies(/home/a/ws_nhk/install/stm32_mavlink_udp/share/colcon-core/packages/stm32_mavlink_udp)
[10.373s] [34mcolcon.colcon_core.environment[0m [1;30mLevel 1[0m create_environment_scripts_only(stm32_mavlink_udp)
[10.382s] [34mcolcon.colcon_core.environment[0m [1;30mLevel 1[0m checking '/home/a/ws_nhk/install/stm32_mavlink_udp' for CMake module files
[10.390s] [34mcolcon.colcon_core.environment[0m [1;30mLevel 1[0m checking '/home/a/ws_nhk/install/stm32_mavlink_udp' for CMake config files
[10.395s] [34mcolcon.colcon_core.shell[0m [1;30mLevel 1[0m create_environment_hook('stm32_mavlink_udp', 'cmake_prefix_path')
[10.398s] [34mcolcon.colcon_core.shell[0m [1;30mINFO[0m Creating environment hook '/home/a/ws_nhk/install/stm32_mavlink_udp/share/stm32_mavlink_udp/hook/cmake_prefix_path.ps1'
[10.408s] [34mcolcon.colcon_core.shell[0m [1;30mINFO[0m Creating environment descriptor '/home/a/ws_nhk/install/stm32_mavlink_udp/share/stm32_mavlink_udp/hook/cmake_prefix_path.dsv'
[10.416s] [34mcolcon.colcon_core.shell[0m [1;30mINFO[0m Creating environment hook '/home/a/ws_nhk/install/stm32_mavlink_udp/share/stm32_mavlink_udp/hook/cmake_prefix_path.sh'
[10.429s] [34mcolcon.colcon_core.environment[0m [1;30mLevel 1[0m checking '/home/a/ws_nhk/install/stm32_mavlink_udp/lib'
[10.430s] [34mcolcon.colcon_core.environment[0m [1;30mLevel 1[0m checking '/home/a/ws_nhk/install/stm32_mavlink_udp/bin'
[10.431s] [34mcolcon.colcon_core.environment[0m [1;30mLevel 1[0m checking '/home/a/ws_nhk/install/stm32_mavlink_udp/lib/pkgconfig/stm32_mavlink_udp.pc'
[10.437s] [34mcolcon.colcon_core.environment[0m [1;30mLevel 1[0m checking '/home/a/ws_nhk/install/stm32_mavlink_udp/lib/python3.10/site-packages'
[10.444s] [34mcolcon.colcon_core.environment[0m [1;30mLevel 1[0m checking '/home/a/ws_nhk/install/stm32_mavlink_udp/bin'
[10.452s] [34mcolcon.colcon_core.shell[0m [1;30mINFO[0m Creating package script '/home/a/ws_nhk/install/stm32_mavlink_udp/share/stm32_mavlink_udp/package.ps1'
[10.463s] [34mcolcon.colcon_core.shell[0m [1;30mINFO[0m Creating package descriptor '/home/a/ws_nhk/install/stm32_mavlink_udp/share/stm32_mavlink_udp/package.dsv'
[10.477s] [34mcolcon.colcon_core.shell[0m [1;30mINFO[0m Creating package script '/home/a/ws_nhk/install/stm32_mavlink_udp/share/stm32_mavlink_udp/package.sh'
[10.482s] [34mcolcon.colcon_core.shell[0m [1;30mINFO[0m Creating package script '/home/a/ws_nhk/install/stm32_mavlink_udp/share/stm32_mavlink_udp/package.bash'
[10.490s] [34mcolcon.colcon_core.shell[0m [1;30mINFO[0m Creating package script '/home/a/ws_nhk/install/stm32_mavlink_udp/share/stm32_mavlink_udp/package.zsh'
[10.498s] [34mcolcon.colcon_core.environment[0m [1;30mLevel 1[0m create_file_with_runtime_dependencies(/home/a/ws_nhk/install/stm32_mavlink_udp/share/colcon-core/packages/stm32_mavlink_udp)
[10.508s] [34mcolcon.colcon_core.environment[0m [1;30mLevel 1[0m create_environment_scripts_only(stm32_mavlink_uart)
[10.514s] [34mcolcon.colcon_core.environment[0m [1;30mLevel 1[0m checking '/home/a/ws_nhk/install/stm32_mavlink_uart' for CMake module files
[10.524s] [34mcolcon.colcon_core.event_handler.log_command[0m [1;30mDEBUG[0m [32mInvoked command in '/home/a/ws_nhk/build/stm32_mavlink_uart' returned '0': CMAKE_PREFIX_PATH=/home/a/ws_nhk/install/stm32_mavlink_msgs:/home/a/ws_nhk/install/stm32_mavlink_udp:/home/a/ws_nhk/install/stm32_mavlink_uart:/home/a/ws_nhk/install/sakai_r2_config:/home/a/ws_nhk/install/moveit_runtime:/home/a/ws_nhk/install/moveit_r2_config:/home/a/ws_nhk/install/moveit_config:/home/a/ws_nhk/install/moveit2_tutorials:/home/a/ws_nhk/install/moveit:/home/a/ws_nhk/install/moveit_planners:/home/a/ws_nhk/install/pilz_industrial_motion_planner:/home/a/ws_nhk/install/moveit_task_constructor_visualization:/home/a/ws_nhk/install/moveit_task_constructor_demo:/home/a/ws_nhk/install/moveit_task_constructor_capabilities:/home/a/ws_nhk/install/moveit_task_constructor_core:/home/a/ws_nhk/install/moveit_setup_assistant:/home/a/ws_nhk/install/moveit_setup_srdf_plugins:/home/a/ws_nhk/install/moveit_setup_core_plugins:/home/a/ws_nhk/install/moveit_setup_controllers:/home/a/ws_nhk/install/moveit_setup_app_plugins:/home/a/ws_nhk/install/moveit_setup_framework:/home/a/ws_nhk/install/moveit_servo:/home/a/ws_nhk/install/moveit_ros:/home/a/ws_nhk/install/moveit_ros_visualization:/home/a/ws_nhk/install/moveit_hybrid_planning:/home/a/ws_nhk/install/moveit_ros_planning_interface:/home/a/ws_nhk/install/moveit_resources_prbt_pg70_support:/home/a/ws_nhk/install/moveit_resources_prbt_moveit_config:/home/a/ws_nhk/install/moveit_ros_move_group:/home/a/ws_nhk/install/moveit_kinematics:/home/a/ws_nhk/install/trac_ik:/home/a/ws_nhk/install/trac_ik_kinematics_plugin:/home/a/ws_nhk/install/trac_ik_lib:/home/a/ws_nhk/install/pilz_industrial_motion_planner_testutils:/home/a/ws_nhk/install/moveit_visual_tools:/home/a/ws_nhk/install/moveit_ros_control_interface:/home/a/ws_nhk/install/moveit_plugins:/home/a/ws_nhk/install/moveit_simple_controller_manager:/home/a/ws_nhk/install/moveit_ros_benchmarks:/home/a/ws_nhk/install/moveit_ros_warehouse:/home/a/ws_nhk/install/moveit_ros_robot_interaction:/home/a/ws_nhk/install/moveit_ros_perception:/home/a/ws_nhk/install/moveit_planners_ompl:/home/a/ws_nhk/install/moveit_ros_planning:/home/a/ws_nhk/install/moveit_ros_occupancy_map_monitor:/home/a/ws_nhk/install/moveit_resources_prbt_ikfast_manipulator_plugin:/home/a/ws_nhk/install/moveit_planners_chomp:/home/a/ws_nhk/install/moveit_chomp_optimizer_adapter:/home/a/ws_nhk/install/chomp_motion_planner:/home/a/ws_nhk/install/moveit_core:/home/a/ws_nhk/install/srdfdom:/home/a/ws_nhk/install/rviz_marker_tools:/home/a/ws_nhk/install/rosparam_shortcuts:/home/a/ws_nhk/install/r2_odrive:/home/a/ws_nhk/install/rogidrive_msg:/home/a/ws_nhk/install/nhk_bt:/home/a/ws_nhk/install/moveit_task_constructor_msgs:/home/a/ws_nhk/install/moveit_resources_prbt_support:/home/a/ws_nhk/install/moveit_resources:/home/a/ws_nhk/install/moveit_resources_pr2_description:/home/a/ws_nhk/install/moveit_resources_panda_moveit_config:/home/a/ws_nhk/install/moveit_resources_panda_description:/home/a/ws_nhk/install/moveit_resources_fanuc_moveit_config:/home/a/ws_nhk/install/moveit_resources_fanuc_description:/home/a/ws_nhk/install/moveit_common:/home/a/ws_nhk/install/dynamixel_sdk_examples:/home/a/ws_nhk/install/dynamixel_sdk_custom_interfaces:/home/a/ws_nhk/install/dynamixel_controller:/home/a/ws_nhk/install/dynamixel_sdk:/home/a/ws_nhk/install/arm_v20_description:/home/a/ws_nhk/install/arm_module_description:/home/a/ws_nhk/install/a_r2_description:/home/a/install/field_description_test:/home/a/ws_nhk/install/ikeyaMD_wizard:/home/a/ws_nhk/install/moveit_configs_utils:/home/a/ws_nhk/install/rogidrive:/home/a/ws_nhk/install/launch_param_builder:/home/a/ws_nhk/install/dynamixel_controller_gui:/home/a/ws_nhk/install/dynamixel_controller_client:/opt/ros/humble /usr/bin/cmake --install /home/a/ws_nhk/build/stm32_mavlink_uart[0m
[10.531s] [34mcolcon.colcon_core.environment[0m [1;30mLevel 1[0m checking '/home/a/ws_nhk/install/stm32_mavlink_uart' for CMake config files
[10.538s] [34mcolcon.colcon_core.shell[0m [1;30mLevel 1[0m create_environment_hook('stm32_mavlink_uart', 'cmake_prefix_path')
[10.544s] [34mcolcon.colcon_core.shell[0m [1;30mINFO[0m Creating environment hook '/home/a/ws_nhk/install/stm32_mavlink_uart/share/stm32_mavlink_uart/hook/cmake_prefix_path.ps1'
[10.552s] [34mcolcon.colcon_core.shell[0m [1;30mINFO[0m Creating environment descriptor '/home/a/ws_nhk/install/stm32_mavlink_uart/share/stm32_mavlink_uart/hook/cmake_prefix_path.dsv'
[10.558s] [34mcolcon.colcon_core.shell[0m [1;30mINFO[0m Creating environment hook '/home/a/ws_nhk/install/stm32_mavlink_uart/share/stm32_mavlink_uart/hook/cmake_prefix_path.sh'
[10.572s] [34mcolcon.colcon_core.environment[0m [1;30mLevel 1[0m checking '/home/a/ws_nhk/install/stm32_mavlink_uart/lib'
[10.573s] [34mcolcon.colcon_core.environment[0m [1;30mLevel 1[0m checking '/home/a/ws_nhk/install/stm32_mavlink_uart/bin'
[10.574s] [34mcolcon.colcon_core.environment[0m [1;30mLevel 1[0m checking '/home/a/ws_nhk/install/stm32_mavlink_uart/lib/pkgconfig/stm32_mavlink_uart.pc'
[10.580s] [34mcolcon.colcon_core.environment[0m [1;30mLevel 1[0m checking '/home/a/ws_nhk/install/stm32_mavlink_uart/lib/python3.10/site-packages'
[10.591s] [34mcolcon.colcon_core.environment[0m [1;30mLevel 1[0m checking '/home/a/ws_nhk/install/stm32_mavlink_uart/bin'
[10.597s] [34mcolcon.colcon_core.shell[0m [1;30mINFO[0m Creating package script '/home/a/ws_nhk/install/stm32_mavlink_uart/share/stm32_mavlink_uart/package.ps1'
[10.610s] [34mcolcon.colcon_core.shell[0m [1;30mINFO[0m Creating package descriptor '/home/a/ws_nhk/install/stm32_mavlink_uart/share/stm32_mavlink_uart/package.dsv'
[10.630s] [34mcolcon.colcon_core.shell[0m [1;30mINFO[0m Creating package script '/home/a/ws_nhk/install/stm32_mavlink_uart/share/stm32_mavlink_uart/package.sh'
[10.638s] [34mcolcon.colcon_core.shell[0m [1;30mINFO[0m Creating package script '/home/a/ws_nhk/install/stm32_mavlink_uart/share/stm32_mavlink_uart/package.bash'
[10.646s] [34mcolcon.colcon_core.shell[0m [1;30mINFO[0m Creating package script '/home/a/ws_nhk/install/stm32_mavlink_uart/share/stm32_mavlink_uart/package.zsh'
[10.654s] [34mcolcon.colcon_core.environment[0m [1;30mLevel 1[0m create_file_with_runtime_dependencies(/home/a/ws_nhk/install/stm32_mavlink_uart/share/colcon-core/packages/stm32_mavlink_uart)
[10.664s] [34mcolcon.colcon_core.environment[0m [1;30mLevel 1[0m create_environment_scripts_only(stm32_mavlink_uart)
[10.670s] [34mcolcon.colcon_core.environment[0m [1;30mLevel 1[0m checking '/home/a/ws_nhk/install/stm32_mavlink_uart' for CMake module files
[10.679s] [34mcolcon.colcon_core.environment[0m [1;30mLevel 1[0m checking '/home/a/ws_nhk/install/stm32_mavlink_uart' for CMake config files
[10.682s] [34mcolcon.colcon_core.shell[0m [1;30mLevel 1[0m create_environment_hook('stm32_mavlink_uart', 'cmake_prefix_path')
[10.685s] [34mcolcon.colcon_core.shell[0m [1;30mINFO[0m Creating environment hook '/home/a/ws_nhk/install/stm32_mavlink_uart/share/stm32_mavlink_uart/hook/cmake_prefix_path.ps1'
[10.689s] [34mcolcon.colcon_core.shell[0m [1;30mINFO[0m Creating environment descriptor '/home/a/ws_nhk/install/stm32_mavlink_uart/share/stm32_mavlink_uart/hook/cmake_prefix_path.dsv'
[10.696s] [34mcolcon.colcon_core.shell[0m [1;30mINFO[0m Creating environment hook '/home/a/ws_nhk/install/stm32_mavlink_uart/share/stm32_mavlink_uart/hook/cmake_prefix_path.sh'
[10.701s] [34mcolcon.colcon_core.environment[0m [1;30mLevel 1[0m checking '/home/a/ws_nhk/install/stm32_mavlink_uart/lib'
[10.702s] [34mcolcon.colcon_core.environment[0m [1;30mLevel 1[0m checking '/home/a/ws_nhk/install/stm32_mavlink_uart/bin'
[10.703s] [34mcolcon.colcon_core.environment[0m [1;30mLevel 1[0m checking '/home/a/ws_nhk/install/stm32_mavlink_uart/lib/pkgconfig/stm32_mavlink_uart.pc'
[10.704s] [34mcolcon.colcon_core.environment[0m [1;30mLevel 1[0m checking '/home/a/ws_nhk/install/stm32_mavlink_uart/lib/python3.10/site-packages'
[10.708s] [34mcolcon.colcon_core.environment[0m [1;30mLevel 1[0m checking '/home/a/ws_nhk/install/stm32_mavlink_uart/bin'
[10.711s] [34mcolcon.colcon_core.shell[0m [1;30mINFO[0m Creating package script '/home/a/ws_nhk/install/stm32_mavlink_uart/share/stm32_mavlink_uart/package.ps1'
[10.718s] [34mcolcon.colcon_core.shell[0m [1;30mINFO[0m Creating package descriptor '/home/a/ws_nhk/install/stm32_mavlink_uart/share/stm32_mavlink_uart/package.dsv'
[10.731s] [34mcolcon.colcon_core.shell[0m [1;30mINFO[0m Creating package script '/home/a/ws_nhk/install/stm32_mavlink_uart/share/stm32_mavlink_uart/package.sh'
[10.736s] [34mcolcon.colcon_core.shell[0m [1;30mINFO[0m Creating package script '/home/a/ws_nhk/install/stm32_mavlink_uart/share/stm32_mavlink_uart/package.bash'
[10.740s] [34mcolcon.colcon_core.shell[0m [1;30mINFO[0m Creating package script '/home/a/ws_nhk/install/stm32_mavlink_uart/share/stm32_mavlink_uart/package.zsh'
[10.745s] [34mcolcon.colcon_core.environment[0m [1;30mLevel 1[0m create_file_with_runtime_dependencies(/home/a/ws_nhk/install/stm32_mavlink_uart/share/colcon-core/packages/stm32_mavlink_uart)
[10.751s] [34mcolcon.colcon_ros.task.ament_python.build[0m [1;30mINFO[0m Building ROS package in '/home/a/ws_nhk/src/MAVLink_ros2/ikeyaMD_wizard' with build type 'ament_python'
[10.752s] [34mcolcon.colcon_core.shell[0m [1;30mLevel 1[0m create_environment_hook('ikeyaMD_wizard', 'ament_prefix_path')
[10.764s] [34mcolcon.colcon_core.shell[0m [1;30mINFO[0m Creating environment hook '/home/a/ws_nhk/install/ikeyaMD_wizard/share/ikeyaMD_wizard/hook/ament_prefix_path.ps1'
[10.777s] [34mcolcon.colcon_core.shell[0m [1;30mINFO[0m Creating environment descriptor '/home/a/ws_nhk/install/ikeyaMD_wizard/share/ikeyaMD_wizard/hook/ament_prefix_path.dsv'
[10.792s] [34mcolcon.colcon_core.shell[0m [1;30mINFO[0m Creating environment hook '/home/a/ws_nhk/install/ikeyaMD_wizard/share/ikeyaMD_wizard/hook/ament_prefix_path.sh'
[10.811s] [34mcolcon.colcon_core.shell[0m [1;30mINFO[0m Skip shell extension 'powershell' for command environment: Not usable outside of PowerShell
[10.811s] [34mcolcon.colcon_core.shell[0m [1;30mDEBUG[0m [32mSkip shell extension 'dsv' for command environment[0m
[10.995s] [34mcolcon.colcon_ros.task.ament_cmake.build[0m [1;30mINFO[0m Building ROS package in '/home/a/ws_nhk/src/MAVLink_ros2/mavlink_wizard' with build type 'ament_cmake'
[10.997s] [34mcolcon.colcon_cmake.task.cmake.build[0m [1;30mINFO[0m Building CMake package in '/home/a/ws_nhk/src/MAVLink_ros2/mavlink_wizard'
[11.001s] [34mcolcon.colcon_core.shell[0m [1;30mINFO[0m Skip shell extension 'powershell' for command environment: Not usable outside of PowerShell
[11.002s] [34mcolcon.colcon_core.shell[0m [1;30mDEBUG[0m [32mSkip shell extension 'dsv' for command environment[0m
[15.562s] [34mcolcon.colcon_core.task.python.build[0m [1;30mINFO[0m Building Python package in '/home/a/ws_nhk/src/MAVLink_ros2/ikeyaMD_wizard'
[15.570s] [34mcolcon.colcon_core.shell[0m [1;30mINFO[0m Skip shell extension 'powershell' for command environment: Not usable outside of PowerShell
[15.571s] [34mcolcon.colcon_core.shell[0m [1;30mDEBUG[0m [32mSkip shell extension 'dsv' for command environment[0m
[15.784s] [34mcolcon.colcon_core.event_handler.log_command[0m [1;30mDEBUG[0m [32mInvoked command in '/home/a/ws_nhk/build/moveit_resources' returned '0': CMAKE_PREFIX_PATH=/home/a/ws_nhk/install/moveit_resources_panda_moveit_config:/home/a/ws_nhk/install/moveit_resources_fanuc_moveit_config:/home/a/ws_nhk/install/moveit_resources_pr2_description:/home/a/ws_nhk/install/moveit_resources_panda_description:/home/a/ws_nhk/install/moveit_resources_fanuc_description:/home/a/ws_nhk/install/stm32_mavlink_udp:/home/a/ws_nhk/install/stm32_mavlink_uart:/home/a/ws_nhk/install/stm32_mavlink_msgs:/home/a/ws_nhk/install/sakai_r2_config:/home/a/ws_nhk/install/moveit_runtime:/home/a/ws_nhk/install/moveit_r2_config:/home/a/ws_nhk/install/moveit_config:/home/a/ws_nhk/install/moveit2_tutorials:/home/a/ws_nhk/install/moveit:/home/a/ws_nhk/install/moveit_planners:/home/a/ws_nhk/install/pilz_industrial_motion_planner:/home/a/ws_nhk/install/moveit_task_constructor_visualization:/home/a/ws_nhk/install/moveit_task_constructor_demo:/home/a/ws_nhk/install/moveit_task_constructor_capabilities:/home/a/ws_nhk/install/moveit_task_constructor_core:/home/a/ws_nhk/install/moveit_setup_assistant:/home/a/ws_nhk/install/moveit_setup_srdf_plugins:/home/a/ws_nhk/install/moveit_setup_core_plugins:/home/a/ws_nhk/install/moveit_setup_controllers:/home/a/ws_nhk/install/moveit_setup_app_plugins:/home/a/ws_nhk/install/moveit_setup_framework:/home/a/ws_nhk/install/moveit_servo:/home/a/ws_nhk/install/moveit_ros:/home/a/ws_nhk/install/moveit_ros_visualization:/home/a/ws_nhk/install/moveit_hybrid_planning:/home/a/ws_nhk/install/moveit_ros_planning_interface:/home/a/ws_nhk/install/moveit_resources_prbt_pg70_support:/home/a/ws_nhk/install/moveit_resources_prbt_moveit_config:/home/a/ws_nhk/install/moveit_ros_move_group:/home/a/ws_nhk/install/moveit_kinematics:/home/a/ws_nhk/install/trac_ik:/home/a/ws_nhk/install/trac_ik_kinematics_plugin:/home/a/ws_nhk/install/trac_ik_lib:/home/a/ws_nhk/install/pilz_industrial_motion_planner_testutils:/home/a/ws_nhk/install/moveit_visual_tools:/home/a/ws_nhk/install/moveit_ros_control_interface:/home/a/ws_nhk/install/moveit_plugins:/home/a/ws_nhk/install/moveit_simple_controller_manager:/home/a/ws_nhk/install/moveit_ros_benchmarks:/home/a/ws_nhk/install/moveit_ros_warehouse:/home/a/ws_nhk/install/moveit_ros_robot_interaction:/home/a/ws_nhk/install/moveit_ros_perception:/home/a/ws_nhk/install/moveit_planners_ompl:/home/a/ws_nhk/install/moveit_ros_planning:/home/a/ws_nhk/install/moveit_ros_occupancy_map_monitor:/home/a/ws_nhk/install/moveit_resources_prbt_ikfast_manipulator_plugin:/home/a/ws_nhk/install/moveit_planners_chomp:/home/a/ws_nhk/install/moveit_chomp_optimizer_adapter:/home/a/ws_nhk/install/chomp_motion_planner:/home/a/ws_nhk/install/moveit_core:/home/a/ws_nhk/install/srdfdom:/home/a/ws_nhk/install/rviz_marker_tools:/home/a/ws_nhk/install/rosparam_shortcuts:/home/a/ws_nhk/install/r2_odrive:/home/a/ws_nhk/install/rogidrive_msg:/home/a/ws_nhk/install/nhk_bt:/home/a/ws_nhk/install/moveit_task_constructor_msgs:/home/a/ws_nhk/install/moveit_resources_prbt_support:/home/a/ws_nhk/install/moveit_resources:/home/a/ws_nhk/install/moveit_common:/home/a/ws_nhk/install/dynamixel_sdk_examples:/home/a/ws_nhk/install/dynamixel_sdk_custom_interfaces:/home/a/ws_nhk/install/dynamixel_controller:/home/a/ws_nhk/install/dynamixel_sdk:/home/a/ws_nhk/install/arm_v20_description:/home/a/ws_nhk/install/arm_module_description:/home/a/ws_nhk/install/a_r2_description:/home/a/install/field_description_test:/home/a/ws_nhk/install/ikeyaMD_wizard:/home/a/ws_nhk/install/moveit_configs_utils:/home/a/ws_nhk/install/rogidrive:/home/a/ws_nhk/install/launch_param_builder:/home/a/ws_nhk/install/dynamixel_controller_gui:/home/a/ws_nhk/install/dynamixel_controller_client:/opt/ros/humble /usr/bin/cmake --build /home/a/ws_nhk/build/moveit_resources -- -j22 -l22[0m
[15.801s] [34mcolcon.colcon_core.event_handler.log_command[0m [1;30mDEBUG[0m [32mInvoking command in '/home/a/ws_nhk/build/moveit_resources': CMAKE_PREFIX_PATH=/home/a/ws_nhk/install/moveit_resources_panda_moveit_config:/home/a/ws_nhk/install/moveit_resources_fanuc_moveit_config:/home/a/ws_nhk/install/moveit_resources_pr2_description:/home/a/ws_nhk/install/moveit_resources_panda_description:/home/a/ws_nhk/install/moveit_resources_fanuc_description:/home/a/ws_nhk/install/stm32_mavlink_udp:/home/a/ws_nhk/install/stm32_mavlink_uart:/home/a/ws_nhk/install/stm32_mavlink_msgs:/home/a/ws_nhk/install/sakai_r2_config:/home/a/ws_nhk/install/moveit_runtime:/home/a/ws_nhk/install/moveit_r2_config:/home/a/ws_nhk/install/moveit_config:/home/a/ws_nhk/install/moveit2_tutorials:/home/a/ws_nhk/install/moveit:/home/a/ws_nhk/install/moveit_planners:/home/a/ws_nhk/install/pilz_industrial_motion_planner:/home/a/ws_nhk/install/moveit_task_constructor_visualization:/home/a/ws_nhk/install/moveit_task_constructor_demo:/home/a/ws_nhk/install/moveit_task_constructor_capabilities:/home/a/ws_nhk/install/moveit_task_constructor_core:/home/a/ws_nhk/install/moveit_setup_assistant:/home/a/ws_nhk/install/moveit_setup_srdf_plugins:/home/a/ws_nhk/install/moveit_setup_core_plugins:/home/a/ws_nhk/install/moveit_setup_controllers:/home/a/ws_nhk/install/moveit_setup_app_plugins:/home/a/ws_nhk/install/moveit_setup_framework:/home/a/ws_nhk/install/moveit_servo:/home/a/ws_nhk/install/moveit_ros:/home/a/ws_nhk/install/moveit_ros_visualization:/home/a/ws_nhk/install/moveit_hybrid_planning:/home/a/ws_nhk/install/moveit_ros_planning_interface:/home/a/ws_nhk/install/moveit_resources_prbt_pg70_support:/home/a/ws_nhk/install/moveit_resources_prbt_moveit_config:/home/a/ws_nhk/install/moveit_ros_move_group:/home/a/ws_nhk/install/moveit_kinematics:/home/a/ws_nhk/install/trac_ik:/home/a/ws_nhk/install/trac_ik_kinematics_plugin:/home/a/ws_nhk/install/trac_ik_lib:/home/a/ws_nhk/install/pilz_industrial_motion_planner_testutils:/home/a/ws_nhk/install/moveit_visual_tools:/home/a/ws_nhk/install/moveit_ros_control_interface:/home/a/ws_nhk/install/moveit_plugins:/home/a/ws_nhk/install/moveit_simple_controller_manager:/home/a/ws_nhk/install/moveit_ros_benchmarks:/home/a/ws_nhk/install/moveit_ros_warehouse:/home/a/ws_nhk/install/moveit_ros_robot_interaction:/home/a/ws_nhk/install/moveit_ros_perception:/home/a/ws_nhk/install/moveit_planners_ompl:/home/a/ws_nhk/install/moveit_ros_planning:/home/a/ws_nhk/install/moveit_ros_occupancy_map_monitor:/home/a/ws_nhk/install/moveit_resources_prbt_ikfast_manipulator_plugin:/home/a/ws_nhk/install/moveit_planners_chomp:/home/a/ws_nhk/install/moveit_chomp_optimizer_adapter:/home/a/ws_nhk/install/chomp_motion_planner:/home/a/ws_nhk/install/moveit_core:/home/a/ws_nhk/install/srdfdom:/home/a/ws_nhk/install/rviz_marker_tools:/home/a/ws_nhk/install/rosparam_shortcuts:/home/a/ws_nhk/install/r2_odrive:/home/a/ws_nhk/install/rogidrive_msg:/home/a/ws_nhk/install/nhk_bt:/home/a/ws_nhk/install/moveit_task_constructor_msgs:/home/a/ws_nhk/install/moveit_resources_prbt_support:/home/a/ws_nhk/install/moveit_resources:/home/a/ws_nhk/install/moveit_common:/home/a/ws_nhk/install/dynamixel_sdk_examples:/home/a/ws_nhk/install/dynamixel_sdk_custom_interfaces:/home/a/ws_nhk/install/dynamixel_controller:/home/a/ws_nhk/install/dynamixel_sdk:/home/a/ws_nhk/install/arm_v20_description:/home/a/ws_nhk/install/arm_module_description:/home/a/ws_nhk/install/a_r2_description:/home/a/install/field_description_test:/home/a/ws_nhk/install/ikeyaMD_wizard:/home/a/ws_nhk/install/moveit_configs_utils:/home/a/ws_nhk/install/rogidrive:/home/a/ws_nhk/install/launch_param_builder:/home/a/ws_nhk/install/dynamixel_controller_gui:/home/a/ws_nhk/install/dynamixel_controller_client:/opt/ros/humble /usr/bin/cmake --install /home/a/ws_nhk/build/moveit_resources[0m
[15.865s] [34mcolcon.colcon_core.event_handler.log_command[0m [1;30mDEBUG[0m [32mInvoking command in '/home/a/ws_nhk/build/mavlink_wizard': CMAKE_PREFIX_PATH=/home/a/ws_nhk/install/stm32_mavlink_uart:/home/a/ws_nhk/install/stm32_mavlink_msgs:/home/a/ws_nhk/install/stm32_mavlink_udp:/home/a/ws_nhk/install/sakai_r2_config:/home/a/ws_nhk/install/moveit_runtime:/home/a/ws_nhk/install/moveit_r2_config:/home/a/ws_nhk/install/moveit_config:/home/a/ws_nhk/install/moveit2_tutorials:/home/a/ws_nhk/install/moveit:/home/a/ws_nhk/install/moveit_planners:/home/a/ws_nhk/install/pilz_industrial_motion_planner:/home/a/ws_nhk/install/moveit_task_constructor_visualization:/home/a/ws_nhk/install/moveit_task_constructor_demo:/home/a/ws_nhk/install/moveit_task_constructor_capabilities:/home/a/ws_nhk/install/moveit_task_constructor_core:/home/a/ws_nhk/install/moveit_setup_assistant:/home/a/ws_nhk/install/moveit_setup_srdf_plugins:/home/a/ws_nhk/install/moveit_setup_core_plugins:/home/a/ws_nhk/install/moveit_setup_controllers:/home/a/ws_nhk/install/moveit_setup_app_plugins:/home/a/ws_nhk/install/moveit_setup_framework:/home/a/ws_nhk/install/moveit_servo:/home/a/ws_nhk/install/moveit_ros:/home/a/ws_nhk/install/moveit_ros_visualization:/home/a/ws_nhk/install/moveit_hybrid_planning:/home/a/ws_nhk/install/moveit_ros_planning_interface:/home/a/ws_nhk/install/moveit_resources_prbt_pg70_support:/home/a/ws_nhk/install/moveit_resources_prbt_moveit_config:/home/a/ws_nhk/install/moveit_ros_move_group:/home/a/ws_nhk/install/moveit_kinematics:/home/a/ws_nhk/install/trac_ik:/home/a/ws_nhk/install/trac_ik_kinematics_plugin:/home/a/ws_nhk/install/trac_ik_lib:/home/a/ws_nhk/install/pilz_industrial_motion_planner_testutils:/home/a/ws_nhk/install/moveit_visual_tools:/home/a/ws_nhk/install/moveit_ros_control_interface:/home/a/ws_nhk/install/moveit_plugins:/home/a/ws_nhk/install/moveit_simple_controller_manager:/home/a/ws_nhk/install/moveit_ros_benchmarks:/home/a/ws_nhk/install/moveit_ros_warehouse:/home/a/ws_nhk/install/moveit_ros_robot_interaction:/home/a/ws_nhk/install/moveit_ros_perception:/home/a/ws_nhk/install/moveit_planners_ompl:/home/a/ws_nhk/install/moveit_ros_planning:/home/a/ws_nhk/install/moveit_ros_occupancy_map_monitor:/home/a/ws_nhk/install/moveit_resources_prbt_ikfast_manipulator_plugin:/home/a/ws_nhk/install/moveit_planners_chomp:/home/a/ws_nhk/install/moveit_chomp_optimizer_adapter:/home/a/ws_nhk/install/chomp_motion_planner:/home/a/ws_nhk/install/moveit_core:/home/a/ws_nhk/install/srdfdom:/home/a/ws_nhk/install/rviz_marker_tools:/home/a/ws_nhk/install/rosparam_shortcuts:/home/a/ws_nhk/install/r2_odrive:/home/a/ws_nhk/install/rogidrive_msg:/home/a/ws_nhk/install/nhk_bt:/home/a/ws_nhk/install/moveit_task_constructor_msgs:/home/a/ws_nhk/install/moveit_resources_prbt_support:/home/a/ws_nhk/install/moveit_resources:/home/a/ws_nhk/install/moveit_resources_pr2_description:/home/a/ws_nhk/install/moveit_resources_panda_moveit_config:/home/a/ws_nhk/install/moveit_resources_panda_description:/home/a/ws_nhk/install/moveit_resources_fanuc_moveit_config:/home/a/ws_nhk/install/moveit_resources_fanuc_description:/home/a/ws_nhk/install/moveit_common:/home/a/ws_nhk/install/dynamixel_sdk_examples:/home/a/ws_nhk/install/dynamixel_sdk_custom_interfaces:/home/a/ws_nhk/install/dynamixel_controller:/home/a/ws_nhk/install/dynamixel_sdk:/home/a/ws_nhk/install/arm_v20_description:/home/a/ws_nhk/install/arm_module_description:/home/a/ws_nhk/install/a_r2_description:/home/a/install/field_description_test:/home/a/ws_nhk/install/ikeyaMD_wizard:/home/a/ws_nhk/install/moveit_configs_utils:/home/a/ws_nhk/install/rogidrive:/home/a/ws_nhk/install/launch_param_builder:/home/a/ws_nhk/install/dynamixel_controller_gui:/home/a/ws_nhk/install/dynamixel_controller_client:/opt/ros/humble /usr/bin/cmake --build /home/a/ws_nhk/build/mavlink_wizard -- -j22 -l22[0m
[15.877s] [34mcolcon.colcon_core.environment[0m [1;30mLevel 1[0m checking '/home/a/ws_nhk/install/rogidrive' for CMake module files
[15.886s] [34mcolcon.colcon_core.environment[0m [1;30mLevel 1[0m checking '/home/a/ws_nhk/install/rogidrive' for CMake config files
[15.895s] [34mcolcon.colcon_core.environment[0m [1;30mLevel 1[0m checking '/home/a/ws_nhk/install/rogidrive/lib'
[15.903s] [34mcolcon.colcon_core.environment[0m [1;30mLevel 1[0m checking '/home/a/ws_nhk/install/rogidrive/bin'
[15.904s] [34mcolcon.colcon_core.environment[0m [1;30mLevel 1[0m checking '/home/a/ws_nhk/install/rogidrive/lib/pkgconfig/rogidrive.pc'
[15.899s] [34mcolcon.colcon_core.event_handler.log_command[0m [1;30mDEBUG[0m [32mInvoked command in '/home/a/ws_nhk/src/rogidrive/rogidrive' returned '0': CMAKE_PREFIX_PATH=/home/a/ws_nhk/install/rogidrive_msg:/home/a/ws_nhk/install/stm32_mavlink_udp:/home/a/ws_nhk/install/stm32_mavlink_uart:/home/a/ws_nhk/install/stm32_mavlink_msgs:/home/a/ws_nhk/install/sakai_r2_config:/home/a/ws_nhk/install/moveit_runtime:/home/a/ws_nhk/install/moveit_r2_config:/home/a/ws_nhk/install/moveit_config:/home/a/ws_nhk/install/moveit2_tutorials:/home/a/ws_nhk/install/moveit:/home/a/ws_nhk/install/moveit_planners:/home/a/ws_nhk/install/pilz_industrial_motion_planner:/home/a/ws_nhk/install/moveit_task_constructor_visualization:/home/a/ws_nhk/install/moveit_task_constructor_demo:/home/a/ws_nhk/install/moveit_task_constructor_capabilities:/home/a/ws_nhk/install/moveit_task_constructor_core:/home/a/ws_nhk/install/moveit_setup_assistant:/home/a/ws_nhk/install/moveit_setup_srdf_plugins:/home/a/ws_nhk/install/moveit_setup_core_plugins:/home/a/ws_nhk/install/moveit_setup_controllers:/home/a/ws_nhk/install/moveit_setup_app_plugins:/home/a/ws_nhk/install/moveit_setup_framework:/home/a/ws_nhk/install/moveit_servo:/home/a/ws_nhk/install/moveit_ros:/home/a/ws_nhk/install/moveit_ros_visualization:/home/a/ws_nhk/install/moveit_hybrid_planning:/home/a/ws_nhk/install/moveit_ros_planning_interface:/home/a/ws_nhk/install/moveit_resources_prbt_pg70_support:/home/a/ws_nhk/install/moveit_resources_prbt_moveit_config:/home/a/ws_nhk/install/moveit_ros_move_group:/home/a/ws_nhk/install/moveit_kinematics:/home/a/ws_nhk/install/trac_ik:/home/a/ws_nhk/install/trac_ik_kinematics_plugin:/home/a/ws_nhk/install/trac_ik_lib:/home/a/ws_nhk/install/pilz_industrial_motion_planner_testutils:/home/a/ws_nhk/install/moveit_visual_tools:/home/a/ws_nhk/install/moveit_ros_control_interface:/home/a/ws_nhk/install/moveit_plugins:/home/a/ws_nhk/install/moveit_simple_controller_manager:/home/a/ws_nhk/install/moveit_ros_benchmarks:/home/a/ws_nhk/install/moveit_ros_warehouse:/home/a/ws_nhk/install/moveit_ros_robot_interaction:/home/a/ws_nhk/install/moveit_ros_perception:/home/a/ws_nhk/install/moveit_planners_ompl:/home/a/ws_nhk/install/moveit_ros_planning:/home/a/ws_nhk/install/moveit_ros_occupancy_map_monitor:/home/a/ws_nhk/install/moveit_resources_prbt_ikfast_manipulator_plugin:/home/a/ws_nhk/install/moveit_planners_chomp:/home/a/ws_nhk/install/moveit_chomp_optimizer_adapter:/home/a/ws_nhk/install/chomp_motion_planner:/home/a/ws_nhk/install/moveit_core:/home/a/ws_nhk/install/srdfdom:/home/a/ws_nhk/install/rviz_marker_tools:/home/a/ws_nhk/install/rosparam_shortcuts:/home/a/ws_nhk/install/r2_odrive:/home/a/ws_nhk/install/nhk_bt:/home/a/ws_nhk/install/moveit_task_constructor_msgs:/home/a/ws_nhk/install/moveit_resources_prbt_support:/home/a/ws_nhk/install/moveit_resources:/home/a/ws_nhk/install/moveit_resources_pr2_description:/home/a/ws_nhk/install/moveit_resources_panda_moveit_config:/home/a/ws_nhk/install/moveit_resources_panda_description:/home/a/ws_nhk/install/moveit_resources_fanuc_moveit_config:/home/a/ws_nhk/install/moveit_resources_fanuc_description:/home/a/ws_nhk/install/moveit_common:/home/a/ws_nhk/install/dynamixel_sdk_examples:/home/a/ws_nhk/install/dynamixel_sdk_custom_interfaces:/home/a/ws_nhk/install/dynamixel_controller:/home/a/ws_nhk/install/dynamixel_sdk:/home/a/ws_nhk/install/arm_v20_description:/home/a/ws_nhk/install/arm_module_description:/home/a/ws_nhk/install/a_r2_description:/home/a/install/field_description_test LD_LIBRARY_PATH=/home/a/ws_nhk/install/rogidrive_msg/lib:/home/a/ws_nhk/install/stm32_mavlink_msgs/lib:/home/a/ws_nhk/install/pilz_industrial_motion_planner/lib:/home/a/ws_nhk/install/moveit_task_constructor_visualization/lib:/home/a/ws_nhk/install/moveit_task_constructor_demo/lib:/home/a/ws_nhk/install/moveit_task_constructor_capabilities/lib:/home/a/ws_nhk/install/moveit_task_constructor_core/lib:/home/a/ws_nhk/install/moveit_setup_assistant/lib:/home/a/ws_nhk/install/moveit_setup_srdf_plugins/lib:/home/a/ws_nhk/install/moveit_setup_core_plugins/lib:/home/a/ws_nhk/install/moveit_setup_controllers/lib:/home/a/ws_nhk/install/moveit_setup_app_plugins/lib:/home/a/ws_nhk/install/moveit_setup_framework/lib:/home/a/ws_nhk/install/moveit_servo/lib:/home/a/ws_nhk/install/moveit_ros_visualization/lib:/home/a/ws_nhk/install/moveit_hybrid_planning/lib:/home/a/ws_nhk/install/moveit_ros_planning_interface/lib:/home/a/ws_nhk/install/moveit_ros_move_group/lib:/home/a/ws_nhk/install/moveit_kinematics/lib:/home/a/ws_nhk/install/trac_ik_kinematics_plugin/lib:/home/a/ws_nhk/install/trac_ik_lib/lib:/home/a/ws_nhk/install/pilz_industrial_motion_planner_testutils/lib:/home/a/ws_nhk/install/moveit_visual_tools/lib:/home/a/ws_nhk/install/moveit_ros_control_interface/lib:/home/a/ws_nhk/install/moveit_simple_controller_manager/lib:/home/a/ws_nhk/install/moveit_ros_benchmarks/lib:/home/a/ws_nhk/install/moveit_ros_warehouse/lib:/home/a/ws_nhk/install/moveit_ros_robot_interaction/lib:/home/a/ws_nhk/install/moveit_ros_perception/lib:/home/a/ws_nhk/install/moveit_planners_ompl/lib:/home/a/ws_nhk/install/moveit_ros_planning/lib:/home/a/ws_nhk/install/moveit_ros_occupancy_map_monitor/lib:/home/a/ws_nhk/install/moveit_resources_prbt_ikfast_manipulator_plugin/lib:/home/a/ws_nhk/install/moveit_planners_chomp/lib:/home/a/ws_nhk/install/moveit_chomp_optimizer_adapter/lib:/home/a/ws_nhk/install/chomp_motion_planner/lib:/home/a/ws_nhk/install/moveit_core/lib:/home/a/ws_nhk/install/srdfdom/lib:/home/a/ws_nhk/install/rviz_marker_tools/lib:/home/a/ws_nhk/install/rosparam_shortcuts/lib:/home/a/ws_nhk/install/moveit_task_constructor_msgs/lib:/home/a/ws_nhk/install/dynamixel_sdk_custom_interfaces/lib:/home/a/ws_nhk/install/dynamixel_controller/lib:/home/a/ws_nhk/install/dynamixel_sdk/lib:/usr/local/lib:/usr/lib/x86_64-linux-gnu/gazebo-11/plugins:/opt/ros/humble/opt/rviz_ogre_vendor/lib:/opt/ros/humble/lib/x86_64-linux-gnu:/opt/ros/humble/lib PYTHONPATH=/home/a/ws_nhk/build/rogidrive/prefix_override:/usr/lib/python3/dist-packages/colcon_core/task/python/colcon_distutils_commands:/home/a/ws_nhk/install/rogidrive/lib/python3.10/site-packages:${PYTHONPATH} /usr/bin/python3 -W ignore:setup.py install is deprecated -W ignore:easy_install command is deprecated setup.py egg_info --egg-base ../../../build/rogidrive build --build-base /home/a/ws_nhk/build/rogidrive/build install --record /home/a/ws_nhk/build/rogidrive/install.log --single-version-externally-managed install_data[0m
[15.910s] [34mcolcon.colcon_core.environment[0m [1;30mLevel 1[0m checking '/home/a/ws_nhk/install/rogidrive/lib/python3.10/site-packages'
[15.914s] [34mcolcon.colcon_core.shell[0m [1;30mLevel 1[0m create_environment_hook('rogidrive', 'pythonpath')
[15.916s] [34mcolcon.colcon_core.shell[0m [1;30mINFO[0m Creating environment hook '/home/a/ws_nhk/install/rogidrive/share/rogidrive/hook/pythonpath.ps1'
[15.928s] [34mcolcon.colcon_core.shell[0m [1;30mINFO[0m Creating environment descriptor '/home/a/ws_nhk/install/rogidrive/share/rogidrive/hook/pythonpath.dsv'
[15.937s] [34mcolcon.colcon_core.shell[0m [1;30mINFO[0m Creating environment hook '/home/a/ws_nhk/install/rogidrive/share/rogidrive/hook/pythonpath.sh'
[15.951s] [34mcolcon.colcon_core.environment[0m [1;30mLevel 1[0m checking '/home/a/ws_nhk/install/rogidrive/bin'
[15.958s] [34mcolcon.colcon_core.environment[0m [1;30mLevel 1[0m create_environment_scripts_only(rogidrive)
[15.965s] [34mcolcon.colcon_core.shell[0m [1;30mINFO[0m Creating package script '/home/a/ws_nhk/install/rogidrive/share/rogidrive/package.ps1'
[15.990s] [34mcolcon.colcon_core.shell[0m [1;30mINFO[0m Creating package descriptor '/home/a/ws_nhk/install/rogidrive/share/rogidrive/package.dsv'
[16.020s] [34mcolcon.colcon_core.shell[0m [1;30mINFO[0m Creating package script '/home/a/ws_nhk/install/rogidrive/share/rogidrive/package.sh'
[16.030s] [34mcolcon.colcon_core.shell[0m [1;30mINFO[0m Creating package script '/home/a/ws_nhk/install/rogidrive/share/rogidrive/package.bash'
[16.038s] [34mcolcon.colcon_core.shell[0m [1;30mINFO[0m Creating package script '/home/a/ws_nhk/install/rogidrive/share/rogidrive/package.zsh'
[16.047s] [34mcolcon.colcon_core.environment[0m [1;30mLevel 1[0m create_file_with_runtime_dependencies(/home/a/ws_nhk/install/rogidrive/share/colcon-core/packages/rogidrive)
[16.108s] [34mcolcon.colcon_core.environment[0m [1;30mLevel 1[0m create_environment_scripts_only(moveit_resources)
[16.122s] [34mcolcon.colcon_core.environment[0m [1;30mLevel 1[0m checking '/home/a/ws_nhk/install/moveit_resources' for CMake module files
[16.127s] [34mcolcon.colcon_core.event_handler.log_command[0m [1;30mDEBUG[0m [32mInvoked command in '/home/a/ws_nhk/build/moveit_resources' returned '0': CMAKE_PREFIX_PATH=/home/a/ws_nhk/install/moveit_resources_panda_moveit_config:/home/a/ws_nhk/install/moveit_resources_fanuc_moveit_config:/home/a/ws_nhk/install/moveit_resources_pr2_description:/home/a/ws_nhk/install/moveit_resources_panda_description:/home/a/ws_nhk/install/moveit_resources_fanuc_description:/home/a/ws_nhk/install/stm32_mavlink_udp:/home/a/ws_nhk/install/stm32_mavlink_uart:/home/a/ws_nhk/install/stm32_mavlink_msgs:/home/a/ws_nhk/install/sakai_r2_config:/home/a/ws_nhk/install/moveit_runtime:/home/a/ws_nhk/install/moveit_r2_config:/home/a/ws_nhk/install/moveit_config:/home/a/ws_nhk/install/moveit2_tutorials:/home/a/ws_nhk/install/moveit:/home/a/ws_nhk/install/moveit_planners:/home/a/ws_nhk/install/pilz_industrial_motion_planner:/home/a/ws_nhk/install/moveit_task_constructor_visualization:/home/a/ws_nhk/install/moveit_task_constructor_demo:/home/a/ws_nhk/install/moveit_task_constructor_capabilities:/home/a/ws_nhk/install/moveit_task_constructor_core:/home/a/ws_nhk/install/moveit_setup_assistant:/home/a/ws_nhk/install/moveit_setup_srdf_plugins:/home/a/ws_nhk/install/moveit_setup_core_plugins:/home/a/ws_nhk/install/moveit_setup_controllers:/home/a/ws_nhk/install/moveit_setup_app_plugins:/home/a/ws_nhk/install/moveit_setup_framework:/home/a/ws_nhk/install/moveit_servo:/home/a/ws_nhk/install/moveit_ros:/home/a/ws_nhk/install/moveit_ros_visualization:/home/a/ws_nhk/install/moveit_hybrid_planning:/home/a/ws_nhk/install/moveit_ros_planning_interface:/home/a/ws_nhk/install/moveit_resources_prbt_pg70_support:/home/a/ws_nhk/install/moveit_resources_prbt_moveit_config:/home/a/ws_nhk/install/moveit_ros_move_group:/home/a/ws_nhk/install/moveit_kinematics:/home/a/ws_nhk/install/trac_ik:/home/a/ws_nhk/install/trac_ik_kinematics_plugin:/home/a/ws_nhk/install/trac_ik_lib:/home/a/ws_nhk/install/pilz_industrial_motion_planner_testutils:/home/a/ws_nhk/install/moveit_visual_tools:/home/a/ws_nhk/install/moveit_ros_control_interface:/home/a/ws_nhk/install/moveit_plugins:/home/a/ws_nhk/install/moveit_simple_controller_manager:/home/a/ws_nhk/install/moveit_ros_benchmarks:/home/a/ws_nhk/install/moveit_ros_warehouse:/home/a/ws_nhk/install/moveit_ros_robot_interaction:/home/a/ws_nhk/install/moveit_ros_perception:/home/a/ws_nhk/install/moveit_planners_ompl:/home/a/ws_nhk/install/moveit_ros_planning:/home/a/ws_nhk/install/moveit_ros_occupancy_map_monitor:/home/a/ws_nhk/install/moveit_resources_prbt_ikfast_manipulator_plugin:/home/a/ws_nhk/install/moveit_planners_chomp:/home/a/ws_nhk/install/moveit_chomp_optimizer_adapter:/home/a/ws_nhk/install/chomp_motion_planner:/home/a/ws_nhk/install/moveit_core:/home/a/ws_nhk/install/srdfdom:/home/a/ws_nhk/install/rviz_marker_tools:/home/a/ws_nhk/install/rosparam_shortcuts:/home/a/ws_nhk/install/r2_odrive:/home/a/ws_nhk/install/rogidrive_msg:/home/a/ws_nhk/install/nhk_bt:/home/a/ws_nhk/install/moveit_task_constructor_msgs:/home/a/ws_nhk/install/moveit_resources_prbt_support:/home/a/ws_nhk/install/moveit_resources:/home/a/ws_nhk/install/moveit_common:/home/a/ws_nhk/install/dynamixel_sdk_examples:/home/a/ws_nhk/install/dynamixel_sdk_custom_interfaces:/home/a/ws_nhk/install/dynamixel_controller:/home/a/ws_nhk/install/dynamixel_sdk:/home/a/ws_nhk/install/arm_v20_description:/home/a/ws_nhk/install/arm_module_description:/home/a/ws_nhk/install/a_r2_description:/home/a/install/field_description_test:/home/a/ws_nhk/install/ikeyaMD_wizard:/home/a/ws_nhk/install/moveit_configs_utils:/home/a/ws_nhk/install/rogidrive:/home/a/ws_nhk/install/launch_param_builder:/home/a/ws_nhk/install/dynamixel_controller_gui:/home/a/ws_nhk/install/dynamixel_controller_client:/opt/ros/humble /usr/bin/cmake --install /home/a/ws_nhk/build/moveit_resources[0m
[16.143s] [34mcolcon.colcon_core.environment[0m [1;30mLevel 1[0m checking '/home/a/ws_nhk/install/moveit_resources' for CMake config files
[16.150s] [34mcolcon.colcon_core.shell[0m [1;30mLevel 1[0m create_environment_hook('moveit_resources', 'cmake_prefix_path')
[16.157s] [34mcolcon.colcon_core.shell[0m [1;30mINFO[0m Creating environment hook '/home/a/ws_nhk/install/moveit_resources/share/moveit_resources/hook/cmake_prefix_path.ps1'
[16.177s] [34mcolcon.colcon_core.shell[0m [1;30mINFO[0m Creating environment descriptor '/home/a/ws_nhk/install/moveit_resources/share/moveit_resources/hook/cmake_prefix_path.dsv'
[16.181s] [34mcolcon.colcon_core.shell[0m [1;30mINFO[0m Creating environment hook '/home/a/ws_nhk/install/moveit_resources/share/moveit_resources/hook/cmake_prefix_path.sh'
[16.188s] [34mcolcon.colcon_core.environment[0m [1;30mLevel 1[0m checking '/home/a/ws_nhk/install/moveit_resources/bin'
[16.189s] [34mcolcon.colcon_core.environment[0m [1;30mLevel 1[0m checking '/home/a/ws_nhk/install/moveit_resources/lib/pkgconfig/moveit_resources.pc'
[16.191s] [34mcolcon.colcon_core.environment[0m [1;30mLevel 1[0m checking '/home/a/ws_nhk/install/moveit_resources/lib/python3.10/site-packages'
[16.195s] [34mcolcon.colcon_core.environment[0m [1;30mLevel 1[0m checking '/home/a/ws_nhk/install/moveit_resources/bin'
[16.199s] [34mcolcon.colcon_core.shell[0m [1;30mINFO[0m Creating package script '/home/a/ws_nhk/install/moveit_resources/share/moveit_resources/package.ps1'
[16.204s] [34mcolcon.colcon_core.shell[0m [1;30mINFO[0m Creating package descriptor '/home/a/ws_nhk/install/moveit_resources/share/moveit_resources/package.dsv'
[16.209s] [34mcolcon.colcon_core.shell[0m [1;30mINFO[0m Creating package script '/home/a/ws_nhk/install/moveit_resources/share/moveit_resources/package.sh'
[16.214s] [34mcolcon.colcon_core.shell[0m [1;30mINFO[0m Creating package script '/home/a/ws_nhk/install/moveit_resources/share/moveit_resources/package.bash'
[16.219s] [34mcolcon.colcon_core.shell[0m [1;30mINFO[0m Creating package script '/home/a/ws_nhk/install/moveit_resources/share/moveit_resources/package.zsh'
[16.223s] [34mcolcon.colcon_core.environment[0m [1;30mLevel 1[0m create_file_with_runtime_dependencies(/home/a/ws_nhk/install/moveit_resources/share/colcon-core/packages/moveit_resources)
[16.230s] [34mcolcon.colcon_core.environment[0m [1;30mLevel 1[0m create_environment_scripts_only(moveit_resources)
[16.232s] [34mcolcon.colcon_core.environment[0m [1;30mLevel 1[0m checking '/home/a/ws_nhk/install/moveit_resources' for CMake module files
[16.237s] [34mcolcon.colcon_core.environment[0m [1;30mLevel 1[0m checking '/home/a/ws_nhk/install/moveit_resources' for CMake config files
[16.240s] [34mcolcon.colcon_core.shell[0m [1;30mLevel 1[0m create_environment_hook('moveit_resources', 'cmake_prefix_path')
[16.242s] [34mcolcon.colcon_core.shell[0m [1;30mINFO[0m Creating environment hook '/home/a/ws_nhk/install/moveit_resources/share/moveit_resources/hook/cmake_prefix_path.ps1'
[16.250s] [34mcolcon.colcon_core.shell[0m [1;30mINFO[0m Creating environment descriptor '/home/a/ws_nhk/install/moveit_resources/share/moveit_resources/hook/cmake_prefix_path.dsv'
[16.254s] [34mcolcon.colcon_core.shell[0m [1;30mINFO[0m Creating environment hook '/home/a/ws_nhk/install/moveit_resources/share/moveit_resources/hook/cmake_prefix_path.sh'
[16.261s] [34mcolcon.colcon_core.environment[0m [1;30mLevel 1[0m checking '/home/a/ws_nhk/install/moveit_resources/bin'
[16.262s] [34mcolcon.colcon_core.environment[0m [1;30mLevel 1[0m checking '/home/a/ws_nhk/install/moveit_resources/lib/pkgconfig/moveit_resources.pc'
[16.264s] [34mcolcon.colcon_core.environment[0m [1;30mLevel 1[0m checking '/home/a/ws_nhk/install/moveit_resources/lib/python3.10/site-packages'
[16.268s] [34mcolcon.colcon_core.environment[0m [1;30mLevel 1[0m checking '/home/a/ws_nhk/install/moveit_resources/bin'
[16.272s] [34mcolcon.colcon_core.shell[0m [1;30mINFO[0m Creating package script '/home/a/ws_nhk/install/moveit_resources/share/moveit_resources/package.ps1'
[16.278s] [34mcolcon.colcon_core.shell[0m [1;30mINFO[0m Creating package descriptor '/home/a/ws_nhk/install/moveit_resources/share/moveit_resources/package.dsv'
[16.284s] [34mcolcon.colcon_core.shell[0m [1;30mINFO[0m Creating package script '/home/a/ws_nhk/install/moveit_resources/share/moveit_resources/package.sh'
[16.290s] [34mcolcon.colcon_core.shell[0m [1;30mINFO[0m Creating package script '/home/a/ws_nhk/install/moveit_resources/share/moveit_resources/package.bash'
[16.295s] [34mcolcon.colcon_core.shell[0m [1;30mINFO[0m Creating package script '/home/a/ws_nhk/install/moveit_resources/share/moveit_resources/package.zsh'
[16.300s] [34mcolcon.colcon_core.environment[0m [1;30mLevel 1[0m create_file_with_runtime_dependencies(/home/a/ws_nhk/install/moveit_resources/share/colcon-core/packages/moveit_resources)
[16.385s] [34mcolcon.colcon_core.environment[0m [1;30mLevel 1[0m checking '/home/a/ws_nhk/install/r2_odrive' for CMake module files
[16.395s] [34mcolcon.colcon_core.environment[0m [1;30mLevel 1[0m checking '/home/a/ws_nhk/install/r2_odrive' for CMake config files
[16.406s] [34mcolcon.colcon_core.shell[0m [1;30mLevel 1[0m create_environment_hook('r2_odrive', 'cmake_prefix_path')
[16.403s] [34mcolcon.colcon_core.event_handler.log_command[0m [1;30mDEBUG[0m [32mInvoked command in '/home/a/ws_nhk/src/r2_odrive' returned '0': CMAKE_PREFIX_PATH=/home/a/ws_nhk/install/rogidrive_msg:/home/a/ws_nhk/install/stm32_mavlink_udp:/home/a/ws_nhk/install/stm32_mavlink_uart:/home/a/ws_nhk/install/stm32_mavlink_msgs:/home/a/ws_nhk/install/sakai_r2_config:/home/a/ws_nhk/install/moveit_runtime:/home/a/ws_nhk/install/moveit_r2_config:/home/a/ws_nhk/install/moveit_config:/home/a/ws_nhk/install/moveit2_tutorials:/home/a/ws_nhk/install/moveit:/home/a/ws_nhk/install/moveit_planners:/home/a/ws_nhk/install/pilz_industrial_motion_planner:/home/a/ws_nhk/install/moveit_task_constructor_visualization:/home/a/ws_nhk/install/moveit_task_constructor_demo:/home/a/ws_nhk/install/moveit_task_constructor_capabilities:/home/a/ws_nhk/install/moveit_task_constructor_core:/home/a/ws_nhk/install/moveit_setup_assistant:/home/a/ws_nhk/install/moveit_setup_srdf_plugins:/home/a/ws_nhk/install/moveit_setup_core_plugins:/home/a/ws_nhk/install/moveit_setup_controllers:/home/a/ws_nhk/install/moveit_setup_app_plugins:/home/a/ws_nhk/install/moveit_setup_framework:/home/a/ws_nhk/install/moveit_servo:/home/a/ws_nhk/install/moveit_ros:/home/a/ws_nhk/install/moveit_ros_visualization:/home/a/ws_nhk/install/moveit_hybrid_planning:/home/a/ws_nhk/install/moveit_ros_planning_interface:/home/a/ws_nhk/install/moveit_resources_prbt_pg70_support:/home/a/ws_nhk/install/moveit_resources_prbt_moveit_config:/home/a/ws_nhk/install/moveit_ros_move_group:/home/a/ws_nhk/install/moveit_kinematics:/home/a/ws_nhk/install/trac_ik:/home/a/ws_nhk/install/trac_ik_kinematics_plugin:/home/a/ws_nhk/install/trac_ik_lib:/home/a/ws_nhk/install/pilz_industrial_motion_planner_testutils:/home/a/ws_nhk/install/moveit_visual_tools:/home/a/ws_nhk/install/moveit_ros_control_interface:/home/a/ws_nhk/install/moveit_plugins:/home/a/ws_nhk/install/moveit_simple_controller_manager:/home/a/ws_nhk/install/moveit_ros_benchmarks:/home/a/ws_nhk/install/moveit_ros_warehouse:/home/a/ws_nhk/install/moveit_ros_robot_interaction:/home/a/ws_nhk/install/moveit_ros_perception:/home/a/ws_nhk/install/moveit_planners_ompl:/home/a/ws_nhk/install/moveit_ros_planning:/home/a/ws_nhk/install/moveit_ros_occupancy_map_monitor:/home/a/ws_nhk/install/moveit_resources_prbt_ikfast_manipulator_plugin:/home/a/ws_nhk/install/moveit_planners_chomp:/home/a/ws_nhk/install/moveit_chomp_optimizer_adapter:/home/a/ws_nhk/install/chomp_motion_planner:/home/a/ws_nhk/install/moveit_core:/home/a/ws_nhk/install/srdfdom:/home/a/ws_nhk/install/rviz_marker_tools:/home/a/ws_nhk/install/rosparam_shortcuts:/home/a/ws_nhk/install/r2_odrive:/home/a/ws_nhk/install/nhk_bt:/home/a/ws_nhk/install/moveit_task_constructor_msgs:/home/a/ws_nhk/install/moveit_resources_prbt_support:/home/a/ws_nhk/install/moveit_resources:/home/a/ws_nhk/install/moveit_resources_pr2_description:/home/a/ws_nhk/install/moveit_resources_panda_moveit_config:/home/a/ws_nhk/install/moveit_resources_panda_description:/home/a/ws_nhk/install/moveit_resources_fanuc_moveit_config:/home/a/ws_nhk/install/moveit_resources_fanuc_description:/home/a/ws_nhk/install/moveit_common:/home/a/ws_nhk/install/dynamixel_sdk_examples:/home/a/ws_nhk/install/dynamixel_sdk_custom_interfaces:/home/a/ws_nhk/install/dynamixel_controller:/home/a/ws_nhk/install/dynamixel_sdk:/home/a/ws_nhk/install/arm_v20_description:/home/a/ws_nhk/install/arm_module_description:/home/a/ws_nhk/install/a_r2_description:/home/a/install/field_description_test LD_LIBRARY_PATH=/home/a/ws_nhk/install/rogidrive_msg/lib:/home/a/ws_nhk/install/stm32_mavlink_msgs/lib:/home/a/ws_nhk/install/pilz_industrial_motion_planner/lib:/home/a/ws_nhk/install/moveit_task_constructor_visualization/lib:/home/a/ws_nhk/install/moveit_task_constructor_demo/lib:/home/a/ws_nhk/install/moveit_task_constructor_capabilities/lib:/home/a/ws_nhk/install/moveit_task_constructor_core/lib:/home/a/ws_nhk/install/moveit_setup_assistant/lib:/home/a/ws_nhk/install/moveit_setup_srdf_plugins/lib:/home/a/ws_nhk/install/moveit_setup_core_plugins/lib:/home/a/ws_nhk/install/moveit_setup_controllers/lib:/home/a/ws_nhk/install/moveit_setup_app_plugins/lib:/home/a/ws_nhk/install/moveit_setup_framework/lib:/home/a/ws_nhk/install/moveit_servo/lib:/home/a/ws_nhk/install/moveit_ros_visualization/lib:/home/a/ws_nhk/install/moveit_hybrid_planning/lib:/home/a/ws_nhk/install/moveit_ros_planning_interface/lib:/home/a/ws_nhk/install/moveit_ros_move_group/lib:/home/a/ws_nhk/install/moveit_kinematics/lib:/home/a/ws_nhk/install/trac_ik_kinematics_plugin/lib:/home/a/ws_nhk/install/trac_ik_lib/lib:/home/a/ws_nhk/install/pilz_industrial_motion_planner_testutils/lib:/home/a/ws_nhk/install/moveit_visual_tools/lib:/home/a/ws_nhk/install/moveit_ros_control_interface/lib:/home/a/ws_nhk/install/moveit_simple_controller_manager/lib:/home/a/ws_nhk/install/moveit_ros_benchmarks/lib:/home/a/ws_nhk/install/moveit_ros_warehouse/lib:/home/a/ws_nhk/install/moveit_ros_robot_interaction/lib:/home/a/ws_nhk/install/moveit_ros_perception/lib:/home/a/ws_nhk/install/moveit_planners_ompl/lib:/home/a/ws_nhk/install/moveit_ros_planning/lib:/home/a/ws_nhk/install/moveit_ros_occupancy_map_monitor/lib:/home/a/ws_nhk/install/moveit_resources_prbt_ikfast_manipulator_plugin/lib:/home/a/ws_nhk/install/moveit_planners_chomp/lib:/home/a/ws_nhk/install/moveit_chomp_optimizer_adapter/lib:/home/a/ws_nhk/install/chomp_motion_planner/lib:/home/a/ws_nhk/install/moveit_core/lib:/home/a/ws_nhk/install/srdfdom/lib:/home/a/ws_nhk/install/rviz_marker_tools/lib:/home/a/ws_nhk/install/rosparam_shortcuts/lib:/home/a/ws_nhk/install/moveit_task_constructor_msgs/lib:/home/a/ws_nhk/install/dynamixel_sdk_custom_interfaces/lib:/home/a/ws_nhk/install/dynamixel_controller/lib:/home/a/ws_nhk/install/dynamixel_sdk/lib:/usr/local/lib:/usr/lib/x86_64-linux-gnu/gazebo-11/plugins:/opt/ros/humble/opt/rviz_ogre_vendor/lib:/opt/ros/humble/lib/x86_64-linux-gnu:/opt/ros/humble/lib PYTHONPATH=/home/a/ws_nhk/build/r2_odrive/prefix_override:/usr/lib/python3/dist-packages/colcon_core/task/python/colcon_distutils_commands:/home/a/ws_nhk/install/r2_odrive/lib/python3.10/site-packages:${PYTHONPATH} /usr/bin/python3 -W ignore:setup.py install is deprecated -W ignore:easy_install command is deprecated setup.py egg_info --egg-base ../../build/r2_odrive build --build-base /home/a/ws_nhk/build/r2_odrive/build install --record /home/a/ws_nhk/build/r2_odrive/install.log --single-version-externally-managed install_data[0m
[16.413s] [34mcolcon.colcon_core.shell[0m [1;30mINFO[0m Creating environment hook '/home/a/ws_nhk/install/r2_odrive/share/r2_odrive/hook/cmake_prefix_path.ps1'
[16.428s] [34mcolcon.colcon_core.shell[0m [1;30mINFO[0m Creating environment descriptor '/home/a/ws_nhk/install/r2_odrive/share/r2_odrive/hook/cmake_prefix_path.dsv'
[16.440s] [34mcolcon.colcon_core.shell[0m [1;30mINFO[0m Creating environment hook '/home/a/ws_nhk/install/r2_odrive/share/r2_odrive/hook/cmake_prefix_path.sh'
[16.456s] [34mcolcon.colcon_core.environment[0m [1;30mLevel 1[0m checking '/home/a/ws_nhk/install/r2_odrive/lib'
[16.461s] [34mcolcon.colcon_core.environment[0m [1;30mLevel 1[0m checking '/home/a/ws_nhk/install/r2_odrive/bin'
[16.463s] [34mcolcon.colcon_core.environment[0m [1;30mLevel 1[0m checking '/home/a/ws_nhk/install/r2_odrive/lib/pkgconfig/r2_odrive.pc'
[16.468s] [34mcolcon.colcon_core.environment[0m [1;30mLevel 1[0m checking '/home/a/ws_nhk/install/r2_odrive/lib/python3.10/site-packages'
[16.469s] [34mcolcon.colcon_core.shell[0m [1;30mLevel 1[0m create_environment_hook('r2_odrive', 'pythonpath')
[16.476s] [34mcolcon.colcon_core.shell[0m [1;30mINFO[0m Creating environment hook '/home/a/ws_nhk/install/r2_odrive/share/r2_odrive/hook/pythonpath.ps1'
[16.488s] [34mcolcon.colcon_core.shell[0m [1;30mINFO[0m Creating environment descriptor '/home/a/ws_nhk/install/r2_odrive/share/r2_odrive/hook/pythonpath.dsv'
[16.496s] [34mcolcon.colcon_core.shell[0m [1;30mINFO[0m Creating environment hook '/home/a/ws_nhk/install/r2_odrive/share/r2_odrive/hook/pythonpath.sh'
[16.513s] [34mcolcon.colcon_core.environment[0m [1;30mLevel 1[0m checking '/home/a/ws_nhk/install/r2_odrive/bin'
[16.518s] [34mcolcon.colcon_core.environment[0m [1;30mLevel 1[0m create_environment_scripts_only(r2_odrive)
[16.525s] [34mcolcon.colcon_core.shell[0m [1;30mINFO[0m Creating package script '/home/a/ws_nhk/install/r2_odrive/share/r2_odrive/package.ps1'
[16.543s] [34mcolcon.colcon_core.shell[0m [1;30mINFO[0m Creating package descriptor '/home/a/ws_nhk/install/r2_odrive/share/r2_odrive/package.dsv'
[16.556s] [34mcolcon.colcon_core.shell[0m [1;30mINFO[0m Creating package script '/home/a/ws_nhk/install/r2_odrive/share/r2_odrive/package.sh'
[16.569s] [34mcolcon.colcon_core.shell[0m [1;30mINFO[0m Creating package script '/home/a/ws_nhk/install/r2_odrive/share/r2_odrive/package.bash'
[16.581s] [34mcolcon.colcon_core.shell[0m [1;30mINFO[0m Creating package script '/home/a/ws_nhk/install/r2_odrive/share/r2_odrive/package.zsh'
[16.588s] [34mcolcon.colcon_core.environment[0m [1;30mLevel 1[0m create_file_with_runtime_dependencies(/home/a/ws_nhk/install/r2_odrive/share/colcon-core/packages/r2_odrive)
[16.804s] [34mcolcon.colcon_core.event_handler.log_command[0m [1;30mDEBUG[0m [32mInvoked command in '/home/a/ws_nhk/build/mavlink_wizard' returned '0': CMAKE_PREFIX_PATH=/home/a/ws_nhk/install/stm32_mavlink_uart:/home/a/ws_nhk/install/stm32_mavlink_msgs:/home/a/ws_nhk/install/stm32_mavlink_udp:/home/a/ws_nhk/install/sakai_r2_config:/home/a/ws_nhk/install/moveit_runtime:/home/a/ws_nhk/install/moveit_r2_config:/home/a/ws_nhk/install/moveit_config:/home/a/ws_nhk/install/moveit2_tutorials:/home/a/ws_nhk/install/moveit:/home/a/ws_nhk/install/moveit_planners:/home/a/ws_nhk/install/pilz_industrial_motion_planner:/home/a/ws_nhk/install/moveit_task_constructor_visualization:/home/a/ws_nhk/install/moveit_task_constructor_demo:/home/a/ws_nhk/install/moveit_task_constructor_capabilities:/home/a/ws_nhk/install/moveit_task_constructor_core:/home/a/ws_nhk/install/moveit_setup_assistant:/home/a/ws_nhk/install/moveit_setup_srdf_plugins:/home/a/ws_nhk/install/moveit_setup_core_plugins:/home/a/ws_nhk/install/moveit_setup_controllers:/home/a/ws_nhk/install/moveit_setup_app_plugins:/home/a/ws_nhk/install/moveit_setup_framework:/home/a/ws_nhk/install/moveit_servo:/home/a/ws_nhk/install/moveit_ros:/home/a/ws_nhk/install/moveit_ros_visualization:/home/a/ws_nhk/install/moveit_hybrid_planning:/home/a/ws_nhk/install/moveit_ros_planning_interface:/home/a/ws_nhk/install/moveit_resources_prbt_pg70_support:/home/a/ws_nhk/install/moveit_resources_prbt_moveit_config:/home/a/ws_nhk/install/moveit_ros_move_group:/home/a/ws_nhk/install/moveit_kinematics:/home/a/ws_nhk/install/trac_ik:/home/a/ws_nhk/install/trac_ik_kinematics_plugin:/home/a/ws_nhk/install/trac_ik_lib:/home/a/ws_nhk/install/pilz_industrial_motion_planner_testutils:/home/a/ws_nhk/install/moveit_visual_tools:/home/a/ws_nhk/install/moveit_ros_control_interface:/home/a/ws_nhk/install/moveit_plugins:/home/a/ws_nhk/install/moveit_simple_controller_manager:/home/a/ws_nhk/install/moveit_ros_benchmarks:/home/a/ws_nhk/install/moveit_ros_warehouse:/home/a/ws_nhk/install/moveit_ros_robot_interaction:/home/a/ws_nhk/install/moveit_ros_perception:/home/a/ws_nhk/install/moveit_planners_ompl:/home/a/ws_nhk/install/moveit_ros_planning:/home/a/ws_nhk/install/moveit_ros_occupancy_map_monitor:/home/a/ws_nhk/install/moveit_resources_prbt_ikfast_manipulator_plugin:/home/a/ws_nhk/install/moveit_planners_chomp:/home/a/ws_nhk/install/moveit_chomp_optimizer_adapter:/home/a/ws_nhk/install/chomp_motion_planner:/home/a/ws_nhk/install/moveit_core:/home/a/ws_nhk/install/srdfdom:/home/a/ws_nhk/install/rviz_marker_tools:/home/a/ws_nhk/install/rosparam_shortcuts:/home/a/ws_nhk/install/r2_odrive:/home/a/ws_nhk/install/rogidrive_msg:/home/a/ws_nhk/install/nhk_bt:/home/a/ws_nhk/install/moveit_task_constructor_msgs:/home/a/ws_nhk/install/moveit_resources_prbt_support:/home/a/ws_nhk/install/moveit_resources:/home/a/ws_nhk/install/moveit_resources_pr2_description:/home/a/ws_nhk/install/moveit_resources_panda_moveit_config:/home/a/ws_nhk/install/moveit_resources_panda_description:/home/a/ws_nhk/install/moveit_resources_fanuc_moveit_config:/home/a/ws_nhk/install/moveit_resources_fanuc_description:/home/a/ws_nhk/install/moveit_common:/home/a/ws_nhk/install/dynamixel_sdk_examples:/home/a/ws_nhk/install/dynamixel_sdk_custom_interfaces:/home/a/ws_nhk/install/dynamixel_controller:/home/a/ws_nhk/install/dynamixel_sdk:/home/a/ws_nhk/install/arm_v20_description:/home/a/ws_nhk/install/arm_module_description:/home/a/ws_nhk/install/a_r2_description:/home/a/install/field_description_test:/home/a/ws_nhk/install/ikeyaMD_wizard:/home/a/ws_nhk/install/moveit_configs_utils:/home/a/ws_nhk/install/rogidrive:/home/a/ws_nhk/install/launch_param_builder:/home/a/ws_nhk/install/dynamixel_controller_gui:/home/a/ws_nhk/install/dynamixel_controller_client:/opt/ros/humble /usr/bin/cmake --build /home/a/ws_nhk/build/mavlink_wizard -- -j22 -l22[0m
[16.832s] [34mcolcon.colcon_core.event_handler.log_command[0m [1;30mDEBUG[0m [32mInvoking command in '/home/a/ws_nhk/build/mavlink_wizard': CMAKE_PREFIX_PATH=/home/a/ws_nhk/install/stm32_mavlink_uart:/home/a/ws_nhk/install/stm32_mavlink_msgs:/home/a/ws_nhk/install/stm32_mavlink_udp:/home/a/ws_nhk/install/sakai_r2_config:/home/a/ws_nhk/install/moveit_runtime:/home/a/ws_nhk/install/moveit_r2_config:/home/a/ws_nhk/install/moveit_config:/home/a/ws_nhk/install/moveit2_tutorials:/home/a/ws_nhk/install/moveit:/home/a/ws_nhk/install/moveit_planners:/home/a/ws_nhk/install/pilz_industrial_motion_planner:/home/a/ws_nhk/install/moveit_task_constructor_visualization:/home/a/ws_nhk/install/moveit_task_constructor_demo:/home/a/ws_nhk/install/moveit_task_constructor_capabilities:/home/a/ws_nhk/install/moveit_task_constructor_core:/home/a/ws_nhk/install/moveit_setup_assistant:/home/a/ws_nhk/install/moveit_setup_srdf_plugins:/home/a/ws_nhk/install/moveit_setup_core_plugins:/home/a/ws_nhk/install/moveit_setup_controllers:/home/a/ws_nhk/install/moveit_setup_app_plugins:/home/a/ws_nhk/install/moveit_setup_framework:/home/a/ws_nhk/install/moveit_servo:/home/a/ws_nhk/install/moveit_ros:/home/a/ws_nhk/install/moveit_ros_visualization:/home/a/ws_nhk/install/moveit_hybrid_planning:/home/a/ws_nhk/install/moveit_ros_planning_interface:/home/a/ws_nhk/install/moveit_resources_prbt_pg70_support:/home/a/ws_nhk/install/moveit_resources_prbt_moveit_config:/home/a/ws_nhk/install/moveit_ros_move_group:/home/a/ws_nhk/install/moveit_kinematics:/home/a/ws_nhk/install/trac_ik:/home/a/ws_nhk/install/trac_ik_kinematics_plugin:/home/a/ws_nhk/install/trac_ik_lib:/home/a/ws_nhk/install/pilz_industrial_motion_planner_testutils:/home/a/ws_nhk/install/moveit_visual_tools:/home/a/ws_nhk/install/moveit_ros_control_interface:/home/a/ws_nhk/install/moveit_plugins:/home/a/ws_nhk/install/moveit_simple_controller_manager:/home/a/ws_nhk/install/moveit_ros_benchmarks:/home/a/ws_nhk/install/moveit_ros_warehouse:/home/a/ws_nhk/install/moveit_ros_robot_interaction:/home/a/ws_nhk/install/moveit_ros_perception:/home/a/ws_nhk/install/moveit_planners_ompl:/home/a/ws_nhk/install/moveit_ros_planning:/home/a/ws_nhk/install/moveit_ros_occupancy_map_monitor:/home/a/ws_nhk/install/moveit_resources_prbt_ikfast_manipulator_plugin:/home/a/ws_nhk/install/moveit_planners_chomp:/home/a/ws_nhk/install/moveit_chomp_optimizer_adapter:/home/a/ws_nhk/install/chomp_motion_planner:/home/a/ws_nhk/install/moveit_core:/home/a/ws_nhk/install/srdfdom:/home/a/ws_nhk/install/rviz_marker_tools:/home/a/ws_nhk/install/rosparam_shortcuts:/home/a/ws_nhk/install/r2_odrive:/home/a/ws_nhk/install/rogidrive_msg:/home/a/ws_nhk/install/nhk_bt:/home/a/ws_nhk/install/moveit_task_constructor_msgs:/home/a/ws_nhk/install/moveit_resources_prbt_support:/home/a/ws_nhk/install/moveit_resources:/home/a/ws_nhk/install/moveit_resources_pr2_description:/home/a/ws_nhk/install/moveit_resources_panda_moveit_config:/home/a/ws_nhk/install/moveit_resources_panda_description:/home/a/ws_nhk/install/moveit_resources_fanuc_moveit_config:/home/a/ws_nhk/install/moveit_resources_fanuc_description:/home/a/ws_nhk/install/moveit_common:/home/a/ws_nhk/install/dynamixel_sdk_examples:/home/a/ws_nhk/install/dynamixel_sdk_custom_interfaces:/home/a/ws_nhk/install/dynamixel_controller:/home/a/ws_nhk/install/dynamixel_sdk:/home/a/ws_nhk/install/arm_v20_description:/home/a/ws_nhk/install/arm_module_description:/home/a/ws_nhk/install/a_r2_description:/home/a/install/field_description_test:/home/a/ws_nhk/install/ikeyaMD_wizard:/home/a/ws_nhk/install/moveit_configs_utils:/home/a/ws_nhk/install/rogidrive:/home/a/ws_nhk/install/launch_param_builder:/home/a/ws_nhk/install/dynamixel_controller_gui:/home/a/ws_nhk/install/dynamixel_controller_client:/opt/ros/humble /usr/bin/cmake --install /home/a/ws_nhk/build/mavlink_wizard[0m
[17.059s] [34mcolcon.colcon_core.environment[0m [1;30mLevel 1[0m create_environment_scripts_only(mavlink_wizard)
[17.062s] [34mcolcon.colcon_core.environment[0m [1;30mLevel 1[0m checking '/home/a/ws_nhk/install/mavlink_wizard' for CMake module files
[17.067s] [34mcolcon.colcon_core.event_handler.log_command[0m [1;30mDEBUG[0m [32mInvoked command in '/home/a/ws_nhk/build/mavlink_wizard' returned '0': CMAKE_PREFIX_PATH=/home/a/ws_nhk/install/stm32_mavlink_uart:/home/a/ws_nhk/install/stm32_mavlink_msgs:/home/a/ws_nhk/install/stm32_mavlink_udp:/home/a/ws_nhk/install/sakai_r2_config:/home/a/ws_nhk/install/moveit_runtime:/home/a/ws_nhk/install/moveit_r2_config:/home/a/ws_nhk/install/moveit_config:/home/a/ws_nhk/install/moveit2_tutorials:/home/a/ws_nhk/install/moveit:/home/a/ws_nhk/install/moveit_planners:/home/a/ws_nhk/install/pilz_industrial_motion_planner:/home/a/ws_nhk/install/moveit_task_constructor_visualization:/home/a/ws_nhk/install/moveit_task_constructor_demo:/home/a/ws_nhk/install/moveit_task_constructor_capabilities:/home/a/ws_nhk/install/moveit_task_constructor_core:/home/a/ws_nhk/install/moveit_setup_assistant:/home/a/ws_nhk/install/moveit_setup_srdf_plugins:/home/a/ws_nhk/install/moveit_setup_core_plugins:/home/a/ws_nhk/install/moveit_setup_controllers:/home/a/ws_nhk/install/moveit_setup_app_plugins:/home/a/ws_nhk/install/moveit_setup_framework:/home/a/ws_nhk/install/moveit_servo:/home/a/ws_nhk/install/moveit_ros:/home/a/ws_nhk/install/moveit_ros_visualization:/home/a/ws_nhk/install/moveit_hybrid_planning:/home/a/ws_nhk/install/moveit_ros_planning_interface:/home/a/ws_nhk/install/moveit_resources_prbt_pg70_support:/home/a/ws_nhk/install/moveit_resources_prbt_moveit_config:/home/a/ws_nhk/install/moveit_ros_move_group:/home/a/ws_nhk/install/moveit_kinematics:/home/a/ws_nhk/install/trac_ik:/home/a/ws_nhk/install/trac_ik_kinematics_plugin:/home/a/ws_nhk/install/trac_ik_lib:/home/a/ws_nhk/install/pilz_industrial_motion_planner_testutils:/home/a/ws_nhk/install/moveit_visual_tools:/home/a/ws_nhk/install/moveit_ros_control_interface:/home/a/ws_nhk/install/moveit_plugins:/home/a/ws_nhk/install/moveit_simple_controller_manager:/home/a/ws_nhk/install/moveit_ros_benchmarks:/home/a/ws_nhk/install/moveit_ros_warehouse:/home/a/ws_nhk/install/moveit_ros_robot_interaction:/home/a/ws_nhk/install/moveit_ros_perception:/home/a/ws_nhk/install/moveit_planners_ompl:/home/a/ws_nhk/install/moveit_ros_planning:/home/a/ws_nhk/install/moveit_ros_occupancy_map_monitor:/home/a/ws_nhk/install/moveit_resources_prbt_ikfast_manipulator_plugin:/home/a/ws_nhk/install/moveit_planners_chomp:/home/a/ws_nhk/install/moveit_chomp_optimizer_adapter:/home/a/ws_nhk/install/chomp_motion_planner:/home/a/ws_nhk/install/moveit_core:/home/a/ws_nhk/install/srdfdom:/home/a/ws_nhk/install/rviz_marker_tools:/home/a/ws_nhk/install/rosparam_shortcuts:/home/a/ws_nhk/install/r2_odrive:/home/a/ws_nhk/install/rogidrive_msg:/home/a/ws_nhk/install/nhk_bt:/home/a/ws_nhk/install/moveit_task_constructor_msgs:/home/a/ws_nhk/install/moveit_resources_prbt_support:/home/a/ws_nhk/install/moveit_resources:/home/a/ws_nhk/install/moveit_resources_pr2_description:/home/a/ws_nhk/install/moveit_resources_panda_moveit_config:/home/a/ws_nhk/install/moveit_resources_panda_description:/home/a/ws_nhk/install/moveit_resources_fanuc_moveit_config:/home/a/ws_nhk/install/moveit_resources_fanuc_description:/home/a/ws_nhk/install/moveit_common:/home/a/ws_nhk/install/dynamixel_sdk_examples:/home/a/ws_nhk/install/dynamixel_sdk_custom_interfaces:/home/a/ws_nhk/install/dynamixel_controller:/home/a/ws_nhk/install/dynamixel_sdk:/home/a/ws_nhk/install/arm_v20_description:/home/a/ws_nhk/install/arm_module_description:/home/a/ws_nhk/install/a_r2_description:/home/a/install/field_description_test:/home/a/ws_nhk/install/ikeyaMD_wizard:/home/a/ws_nhk/install/moveit_configs_utils:/home/a/ws_nhk/install/rogidrive:/home/a/ws_nhk/install/launch_param_builder:/home/a/ws_nhk/install/dynamixel_controller_gui:/home/a/ws_nhk/install/dynamixel_controller_client:/opt/ros/humble /usr/bin/cmake --install /home/a/ws_nhk/build/mavlink_wizard[0m
[17.071s] [34mcolcon.colcon_core.environment[0m [1;30mLevel 1[0m checking '/home/a/ws_nhk/install/mavlink_wizard' for CMake config files
[17.073s] [34mcolcon.colcon_core.shell[0m [1;30mLevel 1[0m create_environment_hook('mavlink_wizard', 'cmake_prefix_path')
[17.076s] [34mcolcon.colcon_core.shell[0m [1;30mINFO[0m Creating environment hook '/home/a/ws_nhk/install/mavlink_wizard/share/mavlink_wizard/hook/cmake_prefix_path.ps1'
[17.083s] [34mcolcon.colcon_core.shell[0m [1;30mINFO[0m Creating environment descriptor '/home/a/ws_nhk/install/mavlink_wizard/share/mavlink_wizard/hook/cmake_prefix_path.dsv'
[17.088s] [34mcolcon.colcon_core.shell[0m [1;30mINFO[0m Creating environment hook '/home/a/ws_nhk/install/mavlink_wizard/share/mavlink_wizard/hook/cmake_prefix_path.sh'
[17.101s] [34mcolcon.colcon_core.environment[0m [1;30mLevel 1[0m checking '/home/a/ws_nhk/install/mavlink_wizard/lib'
[17.102s] [34mcolcon.colcon_core.environment[0m [1;30mLevel 1[0m checking '/home/a/ws_nhk/install/mavlink_wizard/bin'
[17.103s] [34mcolcon.colcon_core.environment[0m [1;30mLevel 1[0m checking '/home/a/ws_nhk/install/mavlink_wizard/lib/pkgconfig/mavlink_wizard.pc'
[17.105s] [34mcolcon.colcon_core.environment[0m [1;30mLevel 1[0m checking '/home/a/ws_nhk/install/mavlink_wizard/lib/python3.10/site-packages'
[17.109s] [34mcolcon.colcon_core.environment[0m [1;30mLevel 1[0m checking '/home/a/ws_nhk/install/mavlink_wizard/bin'
[17.116s] [34mcolcon.colcon_core.shell[0m [1;30mINFO[0m Creating package script '/home/a/ws_nhk/install/mavlink_wizard/share/mavlink_wizard/package.ps1'
[17.125s] [34mcolcon.colcon_core.shell[0m [1;30mINFO[0m Creating package descriptor '/home/a/ws_nhk/install/mavlink_wizard/share/mavlink_wizard/package.dsv'
[17.136s] [34mcolcon.colcon_core.shell[0m [1;30mINFO[0m Creating package script '/home/a/ws_nhk/install/mavlink_wizard/share/mavlink_wizard/package.sh'
[17.145s] [34mcolcon.colcon_core.shell[0m [1;30mINFO[0m Creating package script '/home/a/ws_nhk/install/mavlink_wizard/share/mavlink_wizard/package.bash'
[17.149s] [34mcolcon.colcon_core.shell[0m [1;30mINFO[0m Creating package script '/home/a/ws_nhk/install/mavlink_wizard/share/mavlink_wizard/package.zsh'
[17.153s] [34mcolcon.colcon_core.environment[0m [1;30mLevel 1[0m create_file_with_runtime_dependencies(/home/a/ws_nhk/install/mavlink_wizard/share/colcon-core/packages/mavlink_wizard)
[17.158s] [34mcolcon.colcon_core.environment[0m [1;30mLevel 1[0m create_environment_scripts_only(mavlink_wizard)
[17.160s] [34mcolcon.colcon_core.environment[0m [1;30mLevel 1[0m checking '/home/a/ws_nhk/install/mavlink_wizard' for CMake module files
[17.164s] [34mcolcon.colcon_core.environment[0m [1;30mLevel 1[0m checking '/home/a/ws_nhk/install/mavlink_wizard' for CMake config files
[17.166s] [34mcolcon.colcon_core.shell[0m [1;30mLevel 1[0m create_environment_hook('mavlink_wizard', 'cmake_prefix_path')
[17.168s] [34mcolcon.colcon_core.shell[0m [1;30mINFO[0m Creating environment hook '/home/a/ws_nhk/install/mavlink_wizard/share/mavlink_wizard/hook/cmake_prefix_path.ps1'
[17.172s] [34mcolcon.colcon_core.shell[0m [1;30mINFO[0m Creating environment descriptor '/home/a/ws_nhk/install/mavlink_wizard/share/mavlink_wizard/hook/cmake_prefix_path.dsv'
[17.175s] [34mcolcon.colcon_core.shell[0m [1;30mINFO[0m Creating environment hook '/home/a/ws_nhk/install/mavlink_wizard/share/mavlink_wizard/hook/cmake_prefix_path.sh'
[17.182s] [34mcolcon.colcon_core.environment[0m [1;30mLevel 1[0m checking '/home/a/ws_nhk/install/mavlink_wizard/lib'
[17.183s] [34mcolcon.colcon_core.environment[0m [1;30mLevel 1[0m checking '/home/a/ws_nhk/install/mavlink_wizard/bin'
[17.184s] [34mcolcon.colcon_core.environment[0m [1;30mLevel 1[0m checking '/home/a/ws_nhk/install/mavlink_wizard/lib/pkgconfig/mavlink_wizard.pc'
[17.185s] [34mcolcon.colcon_core.environment[0m [1;30mLevel 1[0m checking '/home/a/ws_nhk/install/mavlink_wizard/lib/python3.10/site-packages'
[17.189s] [34mcolcon.colcon_core.environment[0m [1;30mLevel 1[0m checking '/home/a/ws_nhk/install/mavlink_wizard/bin'
[17.195s] [34mcolcon.colcon_core.shell[0m [1;30mINFO[0m Creating package script '/home/a/ws_nhk/install/mavlink_wizard/share/mavlink_wizard/package.ps1'
[17.201s] [34mcolcon.colcon_core.shell[0m [1;30mINFO[0m Creating package descriptor '/home/a/ws_nhk/install/mavlink_wizard/share/mavlink_wizard/package.dsv'
[17.205s] [34mcolcon.colcon_core.shell[0m [1;30mINFO[0m Creating package script '/home/a/ws_nhk/install/mavlink_wizard/share/mavlink_wizard/package.sh'
[17.209s] [34mcolcon.colcon_core.shell[0m [1;30mINFO[0m Creating package script '/home/a/ws_nhk/install/mavlink_wizard/share/mavlink_wizard/package.bash'
[17.216s] [34mcolcon.colcon_core.shell[0m [1;30mINFO[0m Creating package script '/home/a/ws_nhk/install/mavlink_wizard/share/mavlink_wizard/package.zsh'
[17.224s] [34mcolcon.colcon_core.environment[0m [1;30mLevel 1[0m create_file_with_runtime_dependencies(/home/a/ws_nhk/install/mavlink_wizard/share/colcon-core/packages/mavlink_wizard)
[21.121s] [34mcolcon.colcon_core.event_handler.log_command[0m [1;30mDEBUG[0m [32mInvoking command in '/home/a/ws_nhk/src/moveit2/moveit_configs_utils': AMENT_PREFIX_PATH=/home/a/ws_nhk/install/launch_param_builder:/home/a/ws_nhk/install/stm32_mavlink_udp:/home/a/ws_nhk/install/ikeyaMD_wizard:/home/a/ws_nhk/install/stm32_mavlink_uart:/home/a/ws_nhk/install/stm32_mavlink_msgs:/home/a/ws_nhk/install/sakai_r2_config:/home/a/ws_nhk/install/moveit_runtime:/home/a/ws_nhk/install/moveit_r2_config:/home/a/ws_nhk/install/moveit_config:/home/a/ws_nhk/install/moveit2_tutorials:/home/a/ws_nhk/install/moveit:/home/a/ws_nhk/install/moveit_planners:/home/a/ws_nhk/install/pilz_industrial_motion_planner:/home/a/ws_nhk/install/moveit_task_constructor_visualization:/home/a/ws_nhk/install/moveit_task_constructor_demo:/home/a/ws_nhk/install/moveit_task_constructor_capabilities:/home/a/ws_nhk/install/moveit_task_constructor_core:/home/a/ws_nhk/install/moveit_setup_assistant:/home/a/ws_nhk/install/moveit_setup_srdf_plugins:/home/a/ws_nhk/install/moveit_setup_core_plugins:/home/a/ws_nhk/install/moveit_setup_controllers:/home/a/ws_nhk/install/moveit_setup_app_plugins:/home/a/ws_nhk/install/moveit_setup_framework:/home/a/ws_nhk/install/moveit_servo:/home/a/ws_nhk/install/moveit_ros:/home/a/ws_nhk/install/moveit_ros_visualization:/home/a/ws_nhk/install/moveit_hybrid_planning:/home/a/ws_nhk/install/moveit_ros_planning_interface:/home/a/ws_nhk/install/moveit_resources_prbt_pg70_support:/home/a/ws_nhk/install/moveit_resources_prbt_moveit_config:/home/a/ws_nhk/install/moveit_ros_move_group:/home/a/ws_nhk/install/moveit_kinematics:/home/a/ws_nhk/install/trac_ik:/home/a/ws_nhk/install/trac_ik_kinematics_plugin:/home/a/ws_nhk/install/trac_ik_lib:/home/a/ws_nhk/install/pilz_industrial_motion_planner_testutils:/home/a/ws_nhk/install/moveit_visual_tools:/home/a/ws_nhk/install/moveit_ros_control_interface:/home/a/ws_nhk/install/moveit_plugins:/home/a/ws_nhk/install/moveit_simple_controller_manager:/home/a/ws_nhk/install/moveit_ros_benchmarks:/home/a/ws_nhk/install/moveit_ros_warehouse:/home/a/ws_nhk/install/moveit_ros_robot_interaction:/home/a/ws_nhk/install/moveit_ros_perception:/home/a/ws_nhk/install/moveit_planners_ompl:/home/a/ws_nhk/install/moveit_ros_planning:/home/a/ws_nhk/install/moveit_ros_occupancy_map_monitor:/home/a/ws_nhk/install/moveit_resources_prbt_ikfast_manipulator_plugin:/home/a/ws_nhk/install/moveit_planners_chomp:/home/a/ws_nhk/install/moveit_chomp_optimizer_adapter:/home/a/ws_nhk/install/chomp_motion_planner:/home/a/ws_nhk/install/moveit_core:/home/a/ws_nhk/install/moveit_configs_utils:/home/a/ws_nhk/install/srdfdom:/home/a/ws_nhk/install/rviz_marker_tools:/home/a/ws_nhk/install/rosparam_shortcuts:/home/a/ws_nhk/install/rogidrive:/home/a/ws_nhk/install/r2_odrive:/home/a/ws_nhk/install/rogidrive_msg:/home/a/ws_nhk/install/nhk_bt:/home/a/ws_nhk/install/moveit_task_constructor_msgs:/home/a/ws_nhk/install/moveit_resources_prbt_support:/home/a/ws_nhk/install/moveit_resources:/home/a/ws_nhk/install/moveit_resources_pr2_description:/home/a/ws_nhk/install/moveit_resources_panda_moveit_config:/home/a/ws_nhk/install/moveit_resources_panda_description:/home/a/ws_nhk/install/moveit_resources_fanuc_moveit_config:/home/a/ws_nhk/install/moveit_resources_fanuc_description:/home/a/ws_nhk/install/moveit_common:/home/a/ws_nhk/install/dynamixel_sdk_examples:/home/a/ws_nhk/install/dynamixel_sdk_custom_interfaces:/home/a/ws_nhk/install/dynamixel_controller_gui:/home/a/ws_nhk/install/dynamixel_controller:/home/a/ws_nhk/install/dynamixel_sdk:/home/a/ws_nhk/install/dynamixel_controller_client:/home/a/ws_nhk/install/arm_v20_description:/home/a/ws_nhk/install/arm_module_description:/home/a/ws_nhk/install/a_r2_description:/home/a/install/field_description_test:/opt/ros/humble CMAKE_PREFIX_PATH=/home/a/ws_nhk/install/srdfdom:/home/a/ws_nhk/install/stm32_mavlink_udp:/home/a/ws_nhk/install/stm32_mavlink_uart:/home/a/ws_nhk/install/stm32_mavlink_msgs:/home/a/ws_nhk/install/sakai_r2_config:/home/a/ws_nhk/install/moveit_runtime:/home/a/ws_nhk/install/moveit_r2_config:/home/a/ws_nhk/install/moveit_config:/home/a/ws_nhk/install/moveit2_tutorials:/home/a/ws_nhk/install/moveit:/home/a/ws_nhk/install/moveit_planners:/home/a/ws_nhk/install/pilz_industrial_motion_planner:/home/a/ws_nhk/install/moveit_task_constructor_visualization:/home/a/ws_nhk/install/moveit_task_constructor_demo:/home/a/ws_nhk/install/moveit_task_constructor_capabilities:/home/a/ws_nhk/install/moveit_task_constructor_core:/home/a/ws_nhk/install/moveit_setup_assistant:/home/a/ws_nhk/install/moveit_setup_srdf_plugins:/home/a/ws_nhk/install/moveit_setup_core_plugins:/home/a/ws_nhk/install/moveit_setup_controllers:/home/a/ws_nhk/install/moveit_setup_app_plugins:/home/a/ws_nhk/install/moveit_setup_framework:/home/a/ws_nhk/install/moveit_servo:/home/a/ws_nhk/install/moveit_ros:/home/a/ws_nhk/install/moveit_ros_visualization:/home/a/ws_nhk/install/moveit_hybrid_planning:/home/a/ws_nhk/install/moveit_ros_planning_interface:/home/a/ws_nhk/install/moveit_resources_prbt_pg70_support:/home/a/ws_nhk/install/moveit_resources_prbt_moveit_config:/home/a/ws_nhk/install/moveit_ros_move_group:/home/a/ws_nhk/install/moveit_kinematics:/home/a/ws_nhk/install/trac_ik:/home/a/ws_nhk/install/trac_ik_kinematics_plugin:/home/a/ws_nhk/install/trac_ik_lib:/home/a/ws_nhk/install/pilz_industrial_motion_planner_testutils:/home/a/ws_nhk/install/moveit_visual_tools:/home/a/ws_nhk/install/moveit_ros_control_interface:/home/a/ws_nhk/install/moveit_plugins:/home/a/ws_nhk/install/moveit_simple_controller_manager:/home/a/ws_nhk/install/moveit_ros_benchmarks:/home/a/ws_nhk/install/moveit_ros_warehouse:/home/a/ws_nhk/install/moveit_ros_robot_interaction:/home/a/ws_nhk/install/moveit_ros_perception:/home/a/ws_nhk/install/moveit_planners_ompl:/home/a/ws_nhk/install/moveit_ros_planning:/home/a/ws_nhk/install/moveit_ros_occupancy_map_monitor:/home/a/ws_nhk/install/moveit_resources_prbt_ikfast_manipulator_plugin:/home/a/ws_nhk/install/moveit_planners_chomp:/home/a/ws_nhk/install/moveit_chomp_optimizer_adapter:/home/a/ws_nhk/install/chomp_motion_planner:/home/a/ws_nhk/install/moveit_core:/home/a/ws_nhk/install/rviz_marker_tools:/home/a/ws_nhk/install/rosparam_shortcuts:/home/a/ws_nhk/install/r2_odrive:/home/a/ws_nhk/install/rogidrive_msg:/home/a/ws_nhk/install/nhk_bt:/home/a/ws_nhk/install/moveit_task_constructor_msgs:/home/a/ws_nhk/install/moveit_resources_prbt_support:/home/a/ws_nhk/install/moveit_resources:/home/a/ws_nhk/install/moveit_resources_pr2_description:/home/a/ws_nhk/install/moveit_resources_panda_moveit_config:/home/a/ws_nhk/install/moveit_resources_panda_description:/home/a/ws_nhk/install/moveit_resources_fanuc_moveit_config:/home/a/ws_nhk/install/moveit_resources_fanuc_description:/home/a/ws_nhk/install/moveit_common:/home/a/ws_nhk/install/dynamixel_sdk_examples:/home/a/ws_nhk/install/dynamixel_sdk_custom_interfaces:/home/a/ws_nhk/install/dynamixel_controller:/home/a/ws_nhk/install/dynamixel_sdk:/home/a/ws_nhk/install/arm_v20_description:/home/a/ws_nhk/install/arm_module_description:/home/a/ws_nhk/install/a_r2_description:/home/a/install/field_description_test LD_LIBRARY_PATH=/home/a/ws_nhk/install/srdfdom/lib:/home/a/ws_nhk/install/stm32_mavlink_msgs/lib:/home/a/ws_nhk/install/pilz_industrial_motion_planner/lib:/home/a/ws_nhk/install/moveit_task_constructor_visualization/lib:/home/a/ws_nhk/install/moveit_task_constructor_demo/lib:/home/a/ws_nhk/install/moveit_task_constructor_capabilities/lib:/home/a/ws_nhk/install/moveit_task_constructor_core/lib:/home/a/ws_nhk/install/moveit_setup_assistant/lib:/home/a/ws_nhk/install/moveit_setup_srdf_plugins/lib:/home/a/ws_nhk/install/moveit_setup_core_plugins/lib:/home/a/ws_nhk/install/moveit_setup_controllers/lib:/home/a/ws_nhk/install/moveit_setup_app_plugins/lib:/home/a/ws_nhk/install/moveit_setup_framework/lib:/home/a/ws_nhk/install/moveit_servo/lib:/home/a/ws_nhk/install/moveit_ros_visualization/lib:/home/a/ws_nhk/install/moveit_hybrid_planning/lib:/home/a/ws_nhk/install/moveit_ros_planning_interface/lib:/home/a/ws_nhk/install/moveit_ros_move_group/lib:/home/a/ws_nhk/install/moveit_kinematics/lib:/home/a/ws_nhk/install/trac_ik_kinematics_plugin/lib:/home/a/ws_nhk/install/trac_ik_lib/lib:/home/a/ws_nhk/install/pilz_industrial_motion_planner_testutils/lib:/home/a/ws_nhk/install/moveit_visual_tools/lib:/home/a/ws_nhk/install/moveit_ros_control_interface/lib:/home/a/ws_nhk/install/moveit_simple_controller_manager/lib:/home/a/ws_nhk/install/moveit_ros_benchmarks/lib:/home/a/ws_nhk/install/moveit_ros_warehouse/lib:/home/a/ws_nhk/install/moveit_ros_robot_interaction/lib:/home/a/ws_nhk/install/moveit_ros_perception/lib:/home/a/ws_nhk/install/moveit_planners_ompl/lib:/home/a/ws_nhk/install/moveit_ros_planning/lib:/home/a/ws_nhk/install/moveit_ros_occupancy_map_monitor/lib:/home/a/ws_nhk/install/moveit_resources_prbt_ikfast_manipulator_plugin/lib:/home/a/ws_nhk/install/moveit_planners_chomp/lib:/home/a/ws_nhk/install/moveit_chomp_optimizer_adapter/lib:/home/a/ws_nhk/install/chomp_motion_planner/lib:/home/a/ws_nhk/install/moveit_core/lib:/home/a/ws_nhk/install/rviz_marker_tools/lib:/home/a/ws_nhk/install/rosparam_shortcuts/lib:/home/a/ws_nhk/install/rogidrive_msg/lib:/home/a/ws_nhk/install/moveit_task_constructor_msgs/lib:/home/a/ws_nhk/install/dynamixel_sdk_custom_interfaces/lib:/home/a/ws_nhk/install/dynamixel_controller/lib:/home/a/ws_nhk/install/dynamixel_sdk/lib:/usr/local/lib:/usr/lib/x86_64-linux-gnu/gazebo-11/plugins:/opt/ros/humble/opt/rviz_ogre_vendor/lib:/opt/ros/humble/lib/x86_64-linux-gnu:/opt/ros/humble/lib PYTHONPATH=/home/a/ws_nhk/build/moveit_configs_utils/prefix_override:/usr/lib/python3/dist-packages/colcon_core/task/python/colcon_distutils_commands:/home/a/ws_nhk/install/moveit_configs_utils/lib/python3.10/site-packages:/home/a/ws_nhk/install/launch_param_builder/lib/python3.10/site-packages:/home/a/ws_nhk/install/ikeyaMD_wizard/lib/python3.10/site-packages:/home/a/ws_nhk/install/stm32_mavlink_msgs/local/lib/python3.10/dist-packages:/home/a/ws_nhk/install/moveit_task_constructor_core/local/lib/python3.10/dist-packages:/home/a/ws_nhk/install/moveit_configs_utils/lib/python3.10/site-packages:/home/a/ws_nhk/install/srdfdom/local/lib/python3.10/dist-packages:/home/a/ws_nhk/install/rogidrive/lib/python3.10/site-packages:/home/a/ws_nhk/install/r2_odrive/lib/python3.10/site-packages:/home/a/ws_nhk/install/rogidrive_msg/local/lib/python3.10/dist-packages:/home/a/ws_nhk/install/moveit_task_constructor_msgs/local/lib/python3.10/dist-packages:/home/a/ws_nhk/install/dynamixel_sdk_custom_interfaces/local/lib/python3.10/dist-packages:/home/a/ws_nhk/install/dynamixel_controller_gui/lib/python3.10/site-packages:/home/a/ws_nhk/install/dynamixel_controller/local/lib/python3.10/dist-packages:/home/a/ws_nhk/install/dynamixel_controller_client/lib/python3.10/site-packages:/opt/ros/humble/lib/python3.10/site-packages:/opt/ros/humble/local/lib/python3.10/dist-packages /usr/bin/python3 -W ignore:setup.py install is deprecated -W ignore:easy_install command is deprecated setup.py egg_info --egg-base ../../../build/moveit_configs_utils build --build-base /home/a/ws_nhk/build/moveit_configs_utils/build install --record /home/a/ws_nhk/build/moveit_configs_utils/install.log --single-version-externally-managed install_data[0m
[26.588s] [34mcolcon.colcon_core.event_handler.log_command[0m [1;30mDEBUG[0m [32mInvoking command in '/home/a/ws_nhk/src/MAVLink_ros2/ikeyaMD_wizard': CMAKE_PREFIX_PATH=/home/a/ws_nhk/install/stm32_mavlink_uart:/home/a/ws_nhk/install/stm32_mavlink_msgs:/home/a/ws_nhk/install/stm32_mavlink_udp:/home/a/ws_nhk/install/sakai_r2_config:/home/a/ws_nhk/install/moveit_runtime:/home/a/ws_nhk/install/moveit_r2_config:/home/a/ws_nhk/install/moveit_config:/home/a/ws_nhk/install/moveit2_tutorials:/home/a/ws_nhk/install/moveit:/home/a/ws_nhk/install/moveit_planners:/home/a/ws_nhk/install/pilz_industrial_motion_planner:/home/a/ws_nhk/install/moveit_task_constructor_visualization:/home/a/ws_nhk/install/moveit_task_constructor_demo:/home/a/ws_nhk/install/moveit_task_constructor_capabilities:/home/a/ws_nhk/install/moveit_task_constructor_core:/home/a/ws_nhk/install/moveit_setup_assistant:/home/a/ws_nhk/install/moveit_setup_srdf_plugins:/home/a/ws_nhk/install/moveit_setup_core_plugins:/home/a/ws_nhk/install/moveit_setup_controllers:/home/a/ws_nhk/install/moveit_setup_app_plugins:/home/a/ws_nhk/install/moveit_setup_framework:/home/a/ws_nhk/install/moveit_servo:/home/a/ws_nhk/install/moveit_ros:/home/a/ws_nhk/install/moveit_ros_visualization:/home/a/ws_nhk/install/moveit_hybrid_planning:/home/a/ws_nhk/install/moveit_ros_planning_interface:/home/a/ws_nhk/install/moveit_resources_prbt_pg70_support:/home/a/ws_nhk/install/moveit_resources_prbt_moveit_config:/home/a/ws_nhk/install/moveit_ros_move_group:/home/a/ws_nhk/install/moveit_kinematics:/home/a/ws_nhk/install/trac_ik:/home/a/ws_nhk/install/trac_ik_kinematics_plugin:/home/a/ws_nhk/install/trac_ik_lib:/home/a/ws_nhk/install/pilz_industrial_motion_planner_testutils:/home/a/ws_nhk/install/moveit_visual_tools:/home/a/ws_nhk/install/moveit_ros_control_interface:/home/a/ws_nhk/install/moveit_plugins:/home/a/ws_nhk/install/moveit_simple_controller_manager:/home/a/ws_nhk/install/moveit_ros_benchmarks:/home/a/ws_nhk/install/moveit_ros_warehouse:/home/a/ws_nhk/install/moveit_ros_robot_interaction:/home/a/ws_nhk/install/moveit_ros_perception:/home/a/ws_nhk/install/moveit_planners_ompl:/home/a/ws_nhk/install/moveit_ros_planning:/home/a/ws_nhk/install/moveit_ros_occupancy_map_monitor:/home/a/ws_nhk/install/moveit_resources_prbt_ikfast_manipulator_plugin:/home/a/ws_nhk/install/moveit_planners_chomp:/home/a/ws_nhk/install/moveit_chomp_optimizer_adapter:/home/a/ws_nhk/install/chomp_motion_planner:/home/a/ws_nhk/install/moveit_core:/home/a/ws_nhk/install/srdfdom:/home/a/ws_nhk/install/rviz_marker_tools:/home/a/ws_nhk/install/rosparam_shortcuts:/home/a/ws_nhk/install/r2_odrive:/home/a/ws_nhk/install/rogidrive_msg:/home/a/ws_nhk/install/nhk_bt:/home/a/ws_nhk/install/moveit_task_constructor_msgs:/home/a/ws_nhk/install/moveit_resources_prbt_support:/home/a/ws_nhk/install/moveit_resources:/home/a/ws_nhk/install/moveit_resources_pr2_description:/home/a/ws_nhk/install/moveit_resources_panda_moveit_config:/home/a/ws_nhk/install/moveit_resources_panda_description:/home/a/ws_nhk/install/moveit_resources_fanuc_moveit_config:/home/a/ws_nhk/install/moveit_resources_fanuc_description:/home/a/ws_nhk/install/moveit_common:/home/a/ws_nhk/install/dynamixel_sdk_examples:/home/a/ws_nhk/install/dynamixel_sdk_custom_interfaces:/home/a/ws_nhk/install/dynamixel_controller:/home/a/ws_nhk/install/dynamixel_sdk:/home/a/ws_nhk/install/arm_v20_description:/home/a/ws_nhk/install/arm_module_description:/home/a/ws_nhk/install/a_r2_description:/home/a/install/field_description_test PYTHONPATH=/home/a/ws_nhk/build/ikeyaMD_wizard/prefix_override:/usr/lib/python3/dist-packages/colcon_core/task/python/colcon_distutils_commands:/home/a/ws_nhk/install/ikeyaMD_wizard/lib/python3.10/site-packages:${PYTHONPATH} /usr/bin/python3 -W ignore:setup.py install is deprecated -W ignore:easy_install command is deprecated setup.py egg_info --egg-base ../../../build/ikeyaMD_wizard build --build-base /home/a/ws_nhk/build/ikeyaMD_wizard/build install --record /home/a/ws_nhk/build/ikeyaMD_wizard/install.log --single-version-externally-managed install_data[0m
[26.854s] [34mcolcon.colcon_core.environment[0m [1;30mLevel 1[0m checking '/home/a/ws_nhk/install/moveit_configs_utils' for CMake module files
[26.862s] [34mcolcon.colcon_core.environment[0m [1;30mLevel 1[0m checking '/home/a/ws_nhk/install/moveit_configs_utils' for CMake config files
[26.857s] [34mcolcon.colcon_core.event_handler.log_command[0m [1;30mDEBUG[0m [32mInvoked command in '/home/a/ws_nhk/src/moveit2/moveit_configs_utils' returned '0': AMENT_PREFIX_PATH=/home/a/ws_nhk/install/launch_param_builder:/home/a/ws_nhk/install/stm32_mavlink_udp:/home/a/ws_nhk/install/ikeyaMD_wizard:/home/a/ws_nhk/install/stm32_mavlink_uart:/home/a/ws_nhk/install/stm32_mavlink_msgs:/home/a/ws_nhk/install/sakai_r2_config:/home/a/ws_nhk/install/moveit_runtime:/home/a/ws_nhk/install/moveit_r2_config:/home/a/ws_nhk/install/moveit_config:/home/a/ws_nhk/install/moveit2_tutorials:/home/a/ws_nhk/install/moveit:/home/a/ws_nhk/install/moveit_planners:/home/a/ws_nhk/install/pilz_industrial_motion_planner:/home/a/ws_nhk/install/moveit_task_constructor_visualization:/home/a/ws_nhk/install/moveit_task_constructor_demo:/home/a/ws_nhk/install/moveit_task_constructor_capabilities:/home/a/ws_nhk/install/moveit_task_constructor_core:/home/a/ws_nhk/install/moveit_setup_assistant:/home/a/ws_nhk/install/moveit_setup_srdf_plugins:/home/a/ws_nhk/install/moveit_setup_core_plugins:/home/a/ws_nhk/install/moveit_setup_controllers:/home/a/ws_nhk/install/moveit_setup_app_plugins:/home/a/ws_nhk/install/moveit_setup_framework:/home/a/ws_nhk/install/moveit_servo:/home/a/ws_nhk/install/moveit_ros:/home/a/ws_nhk/install/moveit_ros_visualization:/home/a/ws_nhk/install/moveit_hybrid_planning:/home/a/ws_nhk/install/moveit_ros_planning_interface:/home/a/ws_nhk/install/moveit_resources_prbt_pg70_support:/home/a/ws_nhk/install/moveit_resources_prbt_moveit_config:/home/a/ws_nhk/install/moveit_ros_move_group:/home/a/ws_nhk/install/moveit_kinematics:/home/a/ws_nhk/install/trac_ik:/home/a/ws_nhk/install/trac_ik_kinematics_plugin:/home/a/ws_nhk/install/trac_ik_lib:/home/a/ws_nhk/install/pilz_industrial_motion_planner_testutils:/home/a/ws_nhk/install/moveit_visual_tools:/home/a/ws_nhk/install/moveit_ros_control_interface:/home/a/ws_nhk/install/moveit_plugins:/home/a/ws_nhk/install/moveit_simple_controller_manager:/home/a/ws_nhk/install/moveit_ros_benchmarks:/home/a/ws_nhk/install/moveit_ros_warehouse:/home/a/ws_nhk/install/moveit_ros_robot_interaction:/home/a/ws_nhk/install/moveit_ros_perception:/home/a/ws_nhk/install/moveit_planners_ompl:/home/a/ws_nhk/install/moveit_ros_planning:/home/a/ws_nhk/install/moveit_ros_occupancy_map_monitor:/home/a/ws_nhk/install/moveit_resources_prbt_ikfast_manipulator_plugin:/home/a/ws_nhk/install/moveit_planners_chomp:/home/a/ws_nhk/install/moveit_chomp_optimizer_adapter:/home/a/ws_nhk/install/chomp_motion_planner:/home/a/ws_nhk/install/moveit_core:/home/a/ws_nhk/install/moveit_configs_utils:/home/a/ws_nhk/install/srdfdom:/home/a/ws_nhk/install/rviz_marker_tools:/home/a/ws_nhk/install/rosparam_shortcuts:/home/a/ws_nhk/install/rogidrive:/home/a/ws_nhk/install/r2_odrive:/home/a/ws_nhk/install/rogidrive_msg:/home/a/ws_nhk/install/nhk_bt:/home/a/ws_nhk/install/moveit_task_constructor_msgs:/home/a/ws_nhk/install/moveit_resources_prbt_support:/home/a/ws_nhk/install/moveit_resources:/home/a/ws_nhk/install/moveit_resources_pr2_description:/home/a/ws_nhk/install/moveit_resources_panda_moveit_config:/home/a/ws_nhk/install/moveit_resources_panda_description:/home/a/ws_nhk/install/moveit_resources_fanuc_moveit_config:/home/a/ws_nhk/install/moveit_resources_fanuc_description:/home/a/ws_nhk/install/moveit_common:/home/a/ws_nhk/install/dynamixel_sdk_examples:/home/a/ws_nhk/install/dynamixel_sdk_custom_interfaces:/home/a/ws_nhk/install/dynamixel_controller_gui:/home/a/ws_nhk/install/dynamixel_controller:/home/a/ws_nhk/install/dynamixel_sdk:/home/a/ws_nhk/install/dynamixel_controller_client:/home/a/ws_nhk/install/arm_v20_description:/home/a/ws_nhk/install/arm_module_description:/home/a/ws_nhk/install/a_r2_description:/home/a/install/field_description_test:/opt/ros/humble CMAKE_PREFIX_PATH=/home/a/ws_nhk/install/srdfdom:/home/a/ws_nhk/install/stm32_mavlink_udp:/home/a/ws_nhk/install/stm32_mavlink_uart:/home/a/ws_nhk/install/stm32_mavlink_msgs:/home/a/ws_nhk/install/sakai_r2_config:/home/a/ws_nhk/install/moveit_runtime:/home/a/ws_nhk/install/moveit_r2_config:/home/a/ws_nhk/install/moveit_config:/home/a/ws_nhk/install/moveit2_tutorials:/home/a/ws_nhk/install/moveit:/home/a/ws_nhk/install/moveit_planners:/home/a/ws_nhk/install/pilz_industrial_motion_planner:/home/a/ws_nhk/install/moveit_task_constructor_visualization:/home/a/ws_nhk/install/moveit_task_constructor_demo:/home/a/ws_nhk/install/moveit_task_constructor_capabilities:/home/a/ws_nhk/install/moveit_task_constructor_core:/home/a/ws_nhk/install/moveit_setup_assistant:/home/a/ws_nhk/install/moveit_setup_srdf_plugins:/home/a/ws_nhk/install/moveit_setup_core_plugins:/home/a/ws_nhk/install/moveit_setup_controllers:/home/a/ws_nhk/install/moveit_setup_app_plugins:/home/a/ws_nhk/install/moveit_setup_framework:/home/a/ws_nhk/install/moveit_servo:/home/a/ws_nhk/install/moveit_ros:/home/a/ws_nhk/install/moveit_ros_visualization:/home/a/ws_nhk/install/moveit_hybrid_planning:/home/a/ws_nhk/install/moveit_ros_planning_interface:/home/a/ws_nhk/install/moveit_resources_prbt_pg70_support:/home/a/ws_nhk/install/moveit_resources_prbt_moveit_config:/home/a/ws_nhk/install/moveit_ros_move_group:/home/a/ws_nhk/install/moveit_kinematics:/home/a/ws_nhk/install/trac_ik:/home/a/ws_nhk/install/trac_ik_kinematics_plugin:/home/a/ws_nhk/install/trac_ik_lib:/home/a/ws_nhk/install/pilz_industrial_motion_planner_testutils:/home/a/ws_nhk/install/moveit_visual_tools:/home/a/ws_nhk/install/moveit_ros_control_interface:/home/a/ws_nhk/install/moveit_plugins:/home/a/ws_nhk/install/moveit_simple_controller_manager:/home/a/ws_nhk/install/moveit_ros_benchmarks:/home/a/ws_nhk/install/moveit_ros_warehouse:/home/a/ws_nhk/install/moveit_ros_robot_interaction:/home/a/ws_nhk/install/moveit_ros_perception:/home/a/ws_nhk/install/moveit_planners_ompl:/home/a/ws_nhk/install/moveit_ros_planning:/home/a/ws_nhk/install/moveit_ros_occupancy_map_monitor:/home/a/ws_nhk/install/moveit_resources_prbt_ikfast_manipulator_plugin:/home/a/ws_nhk/install/moveit_planners_chomp:/home/a/ws_nhk/install/moveit_chomp_optimizer_adapter:/home/a/ws_nhk/install/chomp_motion_planner:/home/a/ws_nhk/install/moveit_core:/home/a/ws_nhk/install/rviz_marker_tools:/home/a/ws_nhk/install/rosparam_shortcuts:/home/a/ws_nhk/install/r2_odrive:/home/a/ws_nhk/install/rogidrive_msg:/home/a/ws_nhk/install/nhk_bt:/home/a/ws_nhk/install/moveit_task_constructor_msgs:/home/a/ws_nhk/install/moveit_resources_prbt_support:/home/a/ws_nhk/install/moveit_resources:/home/a/ws_nhk/install/moveit_resources_pr2_description:/home/a/ws_nhk/install/moveit_resources_panda_moveit_config:/home/a/ws_nhk/install/moveit_resources_panda_description:/home/a/ws_nhk/install/moveit_resources_fanuc_moveit_config:/home/a/ws_nhk/install/moveit_resources_fanuc_description:/home/a/ws_nhk/install/moveit_common:/home/a/ws_nhk/install/dynamixel_sdk_examples:/home/a/ws_nhk/install/dynamixel_sdk_custom_interfaces:/home/a/ws_nhk/install/dynamixel_controller:/home/a/ws_nhk/install/dynamixel_sdk:/home/a/ws_nhk/install/arm_v20_description:/home/a/ws_nhk/install/arm_module_description:/home/a/ws_nhk/install/a_r2_description:/home/a/install/field_description_test LD_LIBRARY_PATH=/home/a/ws_nhk/install/srdfdom/lib:/home/a/ws_nhk/install/stm32_mavlink_msgs/lib:/home/a/ws_nhk/install/pilz_industrial_motion_planner/lib:/home/a/ws_nhk/install/moveit_task_constructor_visualization/lib:/home/a/ws_nhk/install/moveit_task_constructor_demo/lib:/home/a/ws_nhk/install/moveit_task_constructor_capabilities/lib:/home/a/ws_nhk/install/moveit_task_constructor_core/lib:/home/a/ws_nhk/install/moveit_setup_assistant/lib:/home/a/ws_nhk/install/moveit_setup_srdf_plugins/lib:/home/a/ws_nhk/install/moveit_setup_core_plugins/lib:/home/a/ws_nhk/install/moveit_setup_controllers/lib:/home/a/ws_nhk/install/moveit_setup_app_plugins/lib:/home/a/ws_nhk/install/moveit_setup_framework/lib:/home/a/ws_nhk/install/moveit_servo/lib:/home/a/ws_nhk/install/moveit_ros_visualization/lib:/home/a/ws_nhk/install/moveit_hybrid_planning/lib:/home/a/ws_nhk/install/moveit_ros_planning_interface/lib:/home/a/ws_nhk/install/moveit_ros_move_group/lib:/home/a/ws_nhk/install/moveit_kinematics/lib:/home/a/ws_nhk/install/trac_ik_kinematics_plugin/lib:/home/a/ws_nhk/install/trac_ik_lib/lib:/home/a/ws_nhk/install/pilz_industrial_motion_planner_testutils/lib:/home/a/ws_nhk/install/moveit_visual_tools/lib:/home/a/ws_nhk/install/moveit_ros_control_interface/lib:/home/a/ws_nhk/install/moveit_simple_controller_manager/lib:/home/a/ws_nhk/install/moveit_ros_benchmarks/lib:/home/a/ws_nhk/install/moveit_ros_warehouse/lib:/home/a/ws_nhk/install/moveit_ros_robot_interaction/lib:/home/a/ws_nhk/install/moveit_ros_perception/lib:/home/a/ws_nhk/install/moveit_planners_ompl/lib:/home/a/ws_nhk/install/moveit_ros_planning/lib:/home/a/ws_nhk/install/moveit_ros_occupancy_map_monitor/lib:/home/a/ws_nhk/install/moveit_resources_prbt_ikfast_manipulator_plugin/lib:/home/a/ws_nhk/install/moveit_planners_chomp/lib:/home/a/ws_nhk/install/moveit_chomp_optimizer_adapter/lib:/home/a/ws_nhk/install/chomp_motion_planner/lib:/home/a/ws_nhk/install/moveit_core/lib:/home/a/ws_nhk/install/rviz_marker_tools/lib:/home/a/ws_nhk/install/rosparam_shortcuts/lib:/home/a/ws_nhk/install/rogidrive_msg/lib:/home/a/ws_nhk/install/moveit_task_constructor_msgs/lib:/home/a/ws_nhk/install/dynamixel_sdk_custom_interfaces/lib:/home/a/ws_nhk/install/dynamixel_controller/lib:/home/a/ws_nhk/install/dynamixel_sdk/lib:/usr/local/lib:/usr/lib/x86_64-linux-gnu/gazebo-11/plugins:/opt/ros/humble/opt/rviz_ogre_vendor/lib:/opt/ros/humble/lib/x86_64-linux-gnu:/opt/ros/humble/lib PYTHONPATH=/home/a/ws_nhk/build/moveit_configs_utils/prefix_override:/usr/lib/python3/dist-packages/colcon_core/task/python/colcon_distutils_commands:/home/a/ws_nhk/install/moveit_configs_utils/lib/python3.10/site-packages:/home/a/ws_nhk/install/launch_param_builder/lib/python3.10/site-packages:/home/a/ws_nhk/install/ikeyaMD_wizard/lib/python3.10/site-packages:/home/a/ws_nhk/install/stm32_mavlink_msgs/local/lib/python3.10/dist-packages:/home/a/ws_nhk/install/moveit_task_constructor_core/local/lib/python3.10/dist-packages:/home/a/ws_nhk/install/moveit_configs_utils/lib/python3.10/site-packages:/home/a/ws_nhk/install/srdfdom/local/lib/python3.10/dist-packages:/home/a/ws_nhk/install/rogidrive/lib/python3.10/site-packages:/home/a/ws_nhk/install/r2_odrive/lib/python3.10/site-packages:/home/a/ws_nhk/install/rogidrive_msg/local/lib/python3.10/dist-packages:/home/a/ws_nhk/install/moveit_task_constructor_msgs/local/lib/python3.10/dist-packages:/home/a/ws_nhk/install/dynamixel_sdk_custom_interfaces/local/lib/python3.10/dist-packages:/home/a/ws_nhk/install/dynamixel_controller_gui/lib/python3.10/site-packages:/home/a/ws_nhk/install/dynamixel_controller/local/lib/python3.10/dist-packages:/home/a/ws_nhk/install/dynamixel_controller_client/lib/python3.10/site-packages:/opt/ros/humble/lib/python3.10/site-packages:/opt/ros/humble/local/lib/python3.10/dist-packages /usr/bin/python3 -W ignore:setup.py install is deprecated -W ignore:easy_install command is deprecated setup.py egg_info --egg-base ../../../build/moveit_configs_utils build --build-base /home/a/ws_nhk/build/moveit_configs_utils/build install --record /home/a/ws_nhk/build/moveit_configs_utils/install.log --single-version-externally-managed install_data[0m
[26.869s] [34mcolcon.colcon_core.environment[0m [1;30mLevel 1[0m checking '/home/a/ws_nhk/install/moveit_configs_utils/lib'
[26.871s] [34mcolcon.colcon_core.environment[0m [1;30mLevel 1[0m checking '/home/a/ws_nhk/install/moveit_configs_utils/bin'
[26.871s] [34mcolcon.colcon_core.environment[0m [1;30mLevel 1[0m checking '/home/a/ws_nhk/install/moveit_configs_utils/lib/pkgconfig/moveit_configs_utils.pc'
[26.874s] [34mcolcon.colcon_core.environment[0m [1;30mLevel 1[0m checking '/home/a/ws_nhk/install/moveit_configs_utils/lib/python3.10/site-packages'
[26.875s] [34mcolcon.colcon_core.shell[0m [1;30mLevel 1[0m create_environment_hook('moveit_configs_utils', 'pythonpath')
[26.877s] [34mcolcon.colcon_core.shell[0m [1;30mINFO[0m Creating environment hook '/home/a/ws_nhk/install/moveit_configs_utils/share/moveit_configs_utils/hook/pythonpath.ps1'
[26.883s] [34mcolcon.colcon_core.shell[0m [1;30mINFO[0m Creating environment descriptor '/home/a/ws_nhk/install/moveit_configs_utils/share/moveit_configs_utils/hook/pythonpath.dsv'
[26.888s] [34mcolcon.colcon_core.shell[0m [1;30mINFO[0m Creating environment hook '/home/a/ws_nhk/install/moveit_configs_utils/share/moveit_configs_utils/hook/pythonpath.sh'
[26.897s] [34mcolcon.colcon_core.environment[0m [1;30mLevel 1[0m checking '/home/a/ws_nhk/install/moveit_configs_utils/bin'
[26.899s] [34mcolcon.colcon_core.environment[0m [1;30mLevel 1[0m create_environment_scripts_only(moveit_configs_utils)
[26.932s] [34mcolcon.colcon_core.shell[0m [1;30mINFO[0m Creating package script '/home/a/ws_nhk/install/moveit_configs_utils/share/moveit_configs_utils/package.ps1'
[26.939s] [34mcolcon.colcon_core.shell[0m [1;30mINFO[0m Creating package descriptor '/home/a/ws_nhk/install/moveit_configs_utils/share/moveit_configs_utils/package.dsv'
[26.944s] [34mcolcon.colcon_core.shell[0m [1;30mINFO[0m Creating package script '/home/a/ws_nhk/install/moveit_configs_utils/share/moveit_configs_utils/package.sh'
[26.951s] [34mcolcon.colcon_core.shell[0m [1;30mINFO[0m Creating package script '/home/a/ws_nhk/install/moveit_configs_utils/share/moveit_configs_utils/package.bash'
[26.956s] [34mcolcon.colcon_core.shell[0m [1;30mINFO[0m Creating package script '/home/a/ws_nhk/install/moveit_configs_utils/share/moveit_configs_utils/package.zsh'
[26.961s] [34mcolcon.colcon_core.environment[0m [1;30mLevel 1[0m create_file_with_runtime_dependencies(/home/a/ws_nhk/install/moveit_configs_utils/share/colcon-core/packages/moveit_configs_utils)
[30.727s] [34mcolcon.colcon_core.environment[0m [1;30mLevel 1[0m checking '/home/a/ws_nhk/install/ikeyaMD_wizard' for CMake module files
[30.733s] [34mcolcon.colcon_core.event_handler.log_command[0m [1;30mDEBUG[0m [32mInvoked command in '/home/a/ws_nhk/src/MAVLink_ros2/ikeyaMD_wizard' returned '0': CMAKE_PREFIX_PATH=/home/a/ws_nhk/install/stm32_mavlink_uart:/home/a/ws_nhk/install/stm32_mavlink_msgs:/home/a/ws_nhk/install/stm32_mavlink_udp:/home/a/ws_nhk/install/sakai_r2_config:/home/a/ws_nhk/install/moveit_runtime:/home/a/ws_nhk/install/moveit_r2_config:/home/a/ws_nhk/install/moveit_config:/home/a/ws_nhk/install/moveit2_tutorials:/home/a/ws_nhk/install/moveit:/home/a/ws_nhk/install/moveit_planners:/home/a/ws_nhk/install/pilz_industrial_motion_planner:/home/a/ws_nhk/install/moveit_task_constructor_visualization:/home/a/ws_nhk/install/moveit_task_constructor_demo:/home/a/ws_nhk/install/moveit_task_constructor_capabilities:/home/a/ws_nhk/install/moveit_task_constructor_core:/home/a/ws_nhk/install/moveit_setup_assistant:/home/a/ws_nhk/install/moveit_setup_srdf_plugins:/home/a/ws_nhk/install/moveit_setup_core_plugins:/home/a/ws_nhk/install/moveit_setup_controllers:/home/a/ws_nhk/install/moveit_setup_app_plugins:/home/a/ws_nhk/install/moveit_setup_framework:/home/a/ws_nhk/install/moveit_servo:/home/a/ws_nhk/install/moveit_ros:/home/a/ws_nhk/install/moveit_ros_visualization:/home/a/ws_nhk/install/moveit_hybrid_planning:/home/a/ws_nhk/install/moveit_ros_planning_interface:/home/a/ws_nhk/install/moveit_resources_prbt_pg70_support:/home/a/ws_nhk/install/moveit_resources_prbt_moveit_config:/home/a/ws_nhk/install/moveit_ros_move_group:/home/a/ws_nhk/install/moveit_kinematics:/home/a/ws_nhk/install/trac_ik:/home/a/ws_nhk/install/trac_ik_kinematics_plugin:/home/a/ws_nhk/install/trac_ik_lib:/home/a/ws_nhk/install/pilz_industrial_motion_planner_testutils:/home/a/ws_nhk/install/moveit_visual_tools:/home/a/ws_nhk/install/moveit_ros_control_interface:/home/a/ws_nhk/install/moveit_plugins:/home/a/ws_nhk/install/moveit_simple_controller_manager:/home/a/ws_nhk/install/moveit_ros_benchmarks:/home/a/ws_nhk/install/moveit_ros_warehouse:/home/a/ws_nhk/install/moveit_ros_robot_interaction:/home/a/ws_nhk/install/moveit_ros_perception:/home/a/ws_nhk/install/moveit_planners_ompl:/home/a/ws_nhk/install/moveit_ros_planning:/home/a/ws_nhk/install/moveit_ros_occupancy_map_monitor:/home/a/ws_nhk/install/moveit_resources_prbt_ikfast_manipulator_plugin:/home/a/ws_nhk/install/moveit_planners_chomp:/home/a/ws_nhk/install/moveit_chomp_optimizer_adapter:/home/a/ws_nhk/install/chomp_motion_planner:/home/a/ws_nhk/install/moveit_core:/home/a/ws_nhk/install/srdfdom:/home/a/ws_nhk/install/rviz_marker_tools:/home/a/ws_nhk/install/rosparam_shortcuts:/home/a/ws_nhk/install/r2_odrive:/home/a/ws_nhk/install/rogidrive_msg:/home/a/ws_nhk/install/nhk_bt:/home/a/ws_nhk/install/moveit_task_constructor_msgs:/home/a/ws_nhk/install/moveit_resources_prbt_support:/home/a/ws_nhk/install/moveit_resources:/home/a/ws_nhk/install/moveit_resources_pr2_description:/home/a/ws_nhk/install/moveit_resources_panda_moveit_config:/home/a/ws_nhk/install/moveit_resources_panda_description:/home/a/ws_nhk/install/moveit_resources_fanuc_moveit_config:/home/a/ws_nhk/install/moveit_resources_fanuc_description:/home/a/ws_nhk/install/moveit_common:/home/a/ws_nhk/install/dynamixel_sdk_examples:/home/a/ws_nhk/install/dynamixel_sdk_custom_interfaces:/home/a/ws_nhk/install/dynamixel_controller:/home/a/ws_nhk/install/dynamixel_sdk:/home/a/ws_nhk/install/arm_v20_description:/home/a/ws_nhk/install/arm_module_description:/home/a/ws_nhk/install/a_r2_description:/home/a/install/field_description_test PYTHONPATH=/home/a/ws_nhk/build/ikeyaMD_wizard/prefix_override:/usr/lib/python3/dist-packages/colcon_core/task/python/colcon_distutils_commands:/home/a/ws_nhk/install/ikeyaMD_wizard/lib/python3.10/site-packages:${PYTHONPATH} /usr/bin/python3 -W ignore:setup.py install is deprecated -W ignore:easy_install command is deprecated setup.py egg_info --egg-base ../../../build/ikeyaMD_wizard build --build-base /home/a/ws_nhk/build/ikeyaMD_wizard/build install --record /home/a/ws_nhk/build/ikeyaMD_wizard/install.log --single-version-externally-managed install_data[0m
[30.740s] [34mcolcon.colcon_core.environment[0m [1;30mLevel 1[0m checking '/home/a/ws_nhk/install/ikeyaMD_wizard' for CMake config files
[30.745s] [34mcolcon.colcon_core.environment[0m [1;30mLevel 1[0m checking '/home/a/ws_nhk/install/ikeyaMD_wizard/lib'
[30.747s] [34mcolcon.colcon_core.environment[0m [1;30mLevel 1[0m checking '/home/a/ws_nhk/install/ikeyaMD_wizard/bin'
[30.748s] [34mcolcon.colcon_core.environment[0m [1;30mLevel 1[0m checking '/home/a/ws_nhk/install/ikeyaMD_wizard/lib/pkgconfig/ikeyaMD_wizard.pc'
[30.751s] [34mcolcon.colcon_core.environment[0m [1;30mLevel 1[0m checking '/home/a/ws_nhk/install/ikeyaMD_wizard/lib/python3.10/site-packages'
[30.752s] [34mcolcon.colcon_core.shell[0m [1;30mLevel 1[0m create_environment_hook('ikeyaMD_wizard', 'pythonpath')
[30.755s] [34mcolcon.colcon_core.shell[0m [1;30mINFO[0m Creating environment hook '/home/a/ws_nhk/install/ikeyaMD_wizard/share/ikeyaMD_wizard/hook/pythonpath.ps1'
[30.759s] [34mcolcon.colcon_core.shell[0m [1;30mINFO[0m Creating environment descriptor '/home/a/ws_nhk/install/ikeyaMD_wizard/share/ikeyaMD_wizard/hook/pythonpath.dsv'
[30.763s] [34mcolcon.colcon_core.shell[0m [1;30mINFO[0m Creating environment hook '/home/a/ws_nhk/install/ikeyaMD_wizard/share/ikeyaMD_wizard/hook/pythonpath.sh'
[30.771s] [34mcolcon.colcon_core.environment[0m [1;30mLevel 1[0m checking '/home/a/ws_nhk/install/ikeyaMD_wizard/bin'
[30.772s] [34mcolcon.colcon_core.environment[0m [1;30mLevel 1[0m create_environment_scripts_only(ikeyaMD_wizard)
[30.776s] [34mcolcon.colcon_core.shell[0m [1;30mINFO[0m Creating package script '/home/a/ws_nhk/install/ikeyaMD_wizard/share/ikeyaMD_wizard/package.ps1'
[30.784s] [34mcolcon.colcon_core.shell[0m [1;30mINFO[0m Creating package descriptor '/home/a/ws_nhk/install/ikeyaMD_wizard/share/ikeyaMD_wizard/package.dsv'
[30.788s] [34mcolcon.colcon_core.shell[0m [1;30mINFO[0m Creating package script '/home/a/ws_nhk/install/ikeyaMD_wizard/share/ikeyaMD_wizard/package.sh'
[30.793s] [34mcolcon.colcon_core.shell[0m [1;30mINFO[0m Creating package script '/home/a/ws_nhk/install/ikeyaMD_wizard/share/ikeyaMD_wizard/package.bash'
[30.797s] [34mcolcon.colcon_core.shell[0m [1;30mINFO[0m Creating package script '/home/a/ws_nhk/install/ikeyaMD_wizard/share/ikeyaMD_wizard/package.zsh'
[30.801s] [34mcolcon.colcon_core.environment[0m [1;30mLevel 1[0m create_file_with_runtime_dependencies(/home/a/ws_nhk/install/ikeyaMD_wizard/share/colcon-core/packages/ikeyaMD_wizard)
[35.324s] [34mcolcon.colcon_parallel_executor.executor.parallel[0m [1;30mDEBUG[0m [32mrun_until_complete was interrupted[0m
[35.325s] [34mcolcon.colcon_parallel_executor.executor.parallel[0m [1;30mDEBUG[0m [32mrun_until_complete again[0m
[36.098s] [34mcolcon.colcon_core.environment[0m [1;30mLevel 1[0m create_environment_scripts_only(rs485_interface2)
[36.099s] [34mcolcon.colcon_core.environment[0m [1;30mLevel 1[0m checking '/home/a/ws_nhk/install/rs485_interface2' for CMake module files
[36.100s] [34mcolcon.colcon_core.environment[0m [1;30mLevel 1[0m checking '/home/a/ws_nhk/install/rs485_interface2' for CMake config files
[36.101s] [34mcolcon.colcon_core.environment[0m [1;30mLevel 1[0m checking '/home/a/ws_nhk/install/rs485_interface2/bin'
[36.101s] [34mcolcon.colcon_core.environment[0m [1;30mLevel 1[0m checking '/home/a/ws_nhk/install/rs485_interface2/lib/pkgconfig/rs485_interface2.pc'
[36.102s] [34mcolcon.colcon_core.environment[0m [1;30mLevel 1[0m checking '/home/a/ws_nhk/install/rs485_interface2/lib/python3.10/site-packages'
[36.103s] [34mcolcon.colcon_core.event_handler.log_command[0m [1;30mDEBUG[0m [32mInvoked command in '/home/a/ws_nhk/build/rs485_interface2' returned '-2': CMAKE_PREFIX_PATH=/home/a/ws_nhk/install/stm32_mavlink_msgs:/home/a/ws_nhk/install/rogidrive_msg:/home/a/ws_nhk/install/stm32_mavlink_udp:/home/a/ws_nhk/install/stm32_mavlink_uart:/home/a/ws_nhk/install/sakai_r2_config:/home/a/ws_nhk/install/moveit_runtime:/home/a/ws_nhk/install/moveit_r2_config:/home/a/ws_nhk/install/moveit_config:/home/a/ws_nhk/install/moveit2_tutorials:/home/a/ws_nhk/install/moveit:/home/a/ws_nhk/install/moveit_planners:/home/a/ws_nhk/install/pilz_industrial_motion_planner:/home/a/ws_nhk/install/moveit_task_constructor_visualization:/home/a/ws_nhk/install/moveit_task_constructor_demo:/home/a/ws_nhk/install/moveit_task_constructor_capabilities:/home/a/ws_nhk/install/moveit_task_constructor_core:/home/a/ws_nhk/install/moveit_setup_assistant:/home/a/ws_nhk/install/moveit_setup_srdf_plugins:/home/a/ws_nhk/install/moveit_setup_core_plugins:/home/a/ws_nhk/install/moveit_setup_controllers:/home/a/ws_nhk/install/moveit_setup_app_plugins:/home/a/ws_nhk/install/moveit_setup_framework:/home/a/ws_nhk/install/moveit_servo:/home/a/ws_nhk/install/moveit_ros:/home/a/ws_nhk/install/moveit_ros_visualization:/home/a/ws_nhk/install/moveit_hybrid_planning:/home/a/ws_nhk/install/moveit_ros_planning_interface:/home/a/ws_nhk/install/moveit_resources_prbt_pg70_support:/home/a/ws_nhk/install/moveit_resources_prbt_moveit_config:/home/a/ws_nhk/install/moveit_ros_move_group:/home/a/ws_nhk/install/moveit_kinematics:/home/a/ws_nhk/install/trac_ik:/home/a/ws_nhk/install/trac_ik_kinematics_plugin:/home/a/ws_nhk/install/trac_ik_lib:/home/a/ws_nhk/install/pilz_industrial_motion_planner_testutils:/home/a/ws_nhk/install/moveit_visual_tools:/home/a/ws_nhk/install/moveit_ros_control_interface:/home/a/ws_nhk/install/moveit_plugins:/home/a/ws_nhk/install/moveit_simple_controller_manager:/home/a/ws_nhk/install/moveit_ros_benchmarks:/home/a/ws_nhk/install/moveit_ros_warehouse:/home/a/ws_nhk/install/moveit_ros_robot_interaction:/home/a/ws_nhk/install/moveit_ros_perception:/home/a/ws_nhk/install/moveit_planners_ompl:/home/a/ws_nhk/install/moveit_ros_planning:/home/a/ws_nhk/install/moveit_ros_occupancy_map_monitor:/home/a/ws_nhk/install/moveit_resources_prbt_ikfast_manipulator_plugin:/home/a/ws_nhk/install/moveit_planners_chomp:/home/a/ws_nhk/install/moveit_chomp_optimizer_adapter:/home/a/ws_nhk/install/chomp_motion_planner:/home/a/ws_nhk/install/moveit_core:/home/a/ws_nhk/install/srdfdom:/home/a/ws_nhk/install/rviz_marker_tools:/home/a/ws_nhk/install/rosparam_shortcuts:/home/a/ws_nhk/install/r2_odrive:/home/a/ws_nhk/install/nhk_bt:/home/a/ws_nhk/install/moveit_task_constructor_msgs:/home/a/ws_nhk/install/moveit_resources_prbt_support:/home/a/ws_nhk/install/moveit_resources:/home/a/ws_nhk/install/moveit_resources_pr2_description:/home/a/ws_nhk/install/moveit_resources_panda_moveit_config:/home/a/ws_nhk/install/moveit_resources_panda_description:/home/a/ws_nhk/install/moveit_resources_fanuc_moveit_config:/home/a/ws_nhk/install/moveit_resources_fanuc_description:/home/a/ws_nhk/install/moveit_common:/home/a/ws_nhk/install/dynamixel_sdk_examples:/home/a/ws_nhk/install/dynamixel_sdk_custom_interfaces:/home/a/ws_nhk/install/dynamixel_controller:/home/a/ws_nhk/install/dynamixel_sdk:/home/a/ws_nhk/install/arm_v20_description:/home/a/ws_nhk/install/arm_module_description:/home/a/ws_nhk/install/a_r2_description:/home/a/install/field_description_test:/home/a/ws_nhk/install/ikeyaMD_wizard:/home/a/ws_nhk/install/moveit_configs_utils:/home/a/ws_nhk/install/rogidrive:/home/a/ws_nhk/install/launch_param_builder:/home/a/ws_nhk/install/dynamixel_controller_gui:/home/a/ws_nhk/install/dynamixel_controller_client:/opt/ros/humble LD_LIBRARY_PATH=/home/a/ws_nhk/install/stm32_mavlink_msgs/lib:/home/a/ws_nhk/install/rogidrive_msg/lib:/home/a/ws_nhk/install/pilz_industrial_motion_planner/lib:/home/a/ws_nhk/install/moveit_task_constructor_visualization/lib:/home/a/ws_nhk/install/moveit_task_constructor_demo/lib:/home/a/ws_nhk/install/moveit_task_constructor_capabilities/lib:/home/a/ws_nhk/install/moveit_task_constructor_core/lib:/home/a/ws_nhk/install/moveit_setup_assistant/lib:/home/a/ws_nhk/install/moveit_setup_srdf_plugins/lib:/home/a/ws_nhk/install/moveit_setup_core_plugins/lib:/home/a/ws_nhk/install/moveit_setup_controllers/lib:/home/a/ws_nhk/install/moveit_setup_app_plugins/lib:/home/a/ws_nhk/install/moveit_setup_framework/lib:/home/a/ws_nhk/install/moveit_servo/lib:/home/a/ws_nhk/install/moveit_ros_visualization/lib:/home/a/ws_nhk/install/moveit_hybrid_planning/lib:/home/a/ws_nhk/install/moveit_ros_planning_interface/lib:/home/a/ws_nhk/install/moveit_ros_move_group/lib:/home/a/ws_nhk/install/moveit_kinematics/lib:/home/a/ws_nhk/install/trac_ik_kinematics_plugin/lib:/home/a/ws_nhk/install/trac_ik_lib/lib:/home/a/ws_nhk/install/pilz_industrial_motion_planner_testutils/lib:/home/a/ws_nhk/install/moveit_visual_tools/lib:/home/a/ws_nhk/install/moveit_ros_control_interface/lib:/home/a/ws_nhk/install/moveit_simple_controller_manager/lib:/home/a/ws_nhk/install/moveit_ros_benchmarks/lib:/home/a/ws_nhk/install/moveit_ros_warehouse/lib:/home/a/ws_nhk/install/moveit_ros_robot_interaction/lib:/home/a/ws_nhk/install/moveit_ros_perception/lib:/home/a/ws_nhk/install/moveit_planners_ompl/lib:/home/a/ws_nhk/install/moveit_ros_planning/lib:/home/a/ws_nhk/install/moveit_ros_occupancy_map_monitor/lib:/home/a/ws_nhk/install/moveit_resources_prbt_ikfast_manipulator_plugin/lib:/home/a/ws_nhk/install/moveit_planners_chomp/lib:/home/a/ws_nhk/install/moveit_chomp_optimizer_adapter/lib:/home/a/ws_nhk/install/chomp_motion_planner/lib:/home/a/ws_nhk/install/moveit_core/lib:/home/a/ws_nhk/install/srdfdom/lib:/home/a/ws_nhk/install/rviz_marker_tools/lib:/home/a/ws_nhk/install/rosparam_shortcuts/lib:/home/a/ws_nhk/install/moveit_task_constructor_msgs/lib:/home/a/ws_nhk/install/dynamixel_sdk_custom_interfaces/lib:/home/a/ws_nhk/install/dynamixel_controller/lib:/home/a/ws_nhk/install/dynamixel_sdk/lib:/usr/local/lib:/usr/lib/x86_64-linux-gnu/gazebo-11/plugins:/opt/ros/humble/opt/rviz_ogre_vendor/lib:/opt/ros/humble/lib/x86_64-linux-gnu:/opt/ros/humble/lib /usr/bin/cmake --build /home/a/ws_nhk/build/rs485_interface2 -- -j22 -l22[0m
[36.110s] [34mcolcon.colcon_core.environment[0m [1;30mLevel 1[0m checking '/home/a/ws_nhk/install/rs485_interface2/bin'
[36.116s] [34mcolcon.colcon_core.shell[0m [1;30mINFO[0m Creating package script '/home/a/ws_nhk/install/rs485_interface2/share/rs485_interface2/package.ps1'
[36.120s] [34mcolcon.colcon_core.shell[0m [1;30mINFO[0m Creating package descriptor '/home/a/ws_nhk/install/rs485_interface2/share/rs485_interface2/package.dsv'
[36.123s] [34mcolcon.colcon_core.shell[0m [1;30mINFO[0m Creating package script '/home/a/ws_nhk/install/rs485_interface2/share/rs485_interface2/package.sh'
[36.125s] [34mcolcon.colcon_core.shell[0m [1;30mINFO[0m Creating package script '/home/a/ws_nhk/install/rs485_interface2/share/rs485_interface2/package.bash'
[36.127s] [34mcolcon.colcon_core.shell[0m [1;30mINFO[0m Creating package script '/home/a/ws_nhk/install/rs485_interface2/share/rs485_interface2/package.zsh'
[36.129s] [34mcolcon.colcon_core.environment[0m [1;30mLevel 1[0m create_file_with_runtime_dependencies(/home/a/ws_nhk/install/rs485_interface2/share/colcon-core/packages/rs485_interface2)
[36.255s] [34mcolcon.colcon_parallel_executor.executor.parallel[0m [1;30mDEBUG[0m [32mrun_until_complete finished[0m
[36.255s] [34mcolcon.colcon_parallel_executor.executor.parallel[0m [1;30mDEBUG[0m [32mclosing loop[0m
[36.256s] [34mcolcon.colcon_parallel_executor.executor.parallel[0m [1;30mDEBUG[0m [32mloop closed[0m
[36.257s] [34mcolcon.colcon_core.event_reactor[0m [1;30mDEBUG[0m [32mjoining thread[0m
[36.286s] [34mcolcon.colcon_core.plugin_system[0m [1;30mINFO[0m Skipping extension 'colcon_notification.desktop_notification.terminal_notifier': Not used on non-Darwin systems
[36.286s] [34mcolcon.colcon_core.plugin_system[0m [1;30mINFO[0m Skipping extension 'colcon_notification.desktop_notification.win32': Not used on non-Windows systems
[36.287s] [34mcolcon.colcon_notification.desktop_notification[0m [1;30mINFO[0m Sending desktop notification using 'notify2'
[36.329s] [34mcolcon.colcon_core.event_reactor[0m [1;30mDEBUG[0m [32mjoined thread[0m
[36.331s] [34mcolcon.colcon_core.shell[0m [1;30mINFO[0m Creating prefix script '/home/a/ws_nhk/install/local_setup.ps1'
[36.336s] [34mcolcon.colcon_core.shell[0m [1;30mINFO[0m Creating prefix util module '/home/a/ws_nhk/install/_local_setup_util_ps1.py'
[36.340s] [34mcolcon.colcon_core.shell[0m [1;30mINFO[0m Creating prefix chain script '/home/a/ws_nhk/install/setup.ps1'
[36.351s] [34mcolcon.colcon_core.shell[0m [1;30mINFO[0m Creating prefix script '/home/a/ws_nhk/install/local_setup.sh'
[36.353s] [34mcolcon.colcon_core.shell[0m [1;30mINFO[0m Creating prefix util module '/home/a/ws_nhk/install/_local_setup_util_sh.py'
[36.355s] [34mcolcon.colcon_core.shell[0m [1;30mINFO[0m Creating prefix chain script '/home/a/ws_nhk/install/setup.sh'
[36.365s] [34mcolcon.colcon_core.shell[0m [1;30mINFO[0m Creating prefix script '/home/a/ws_nhk/install/local_setup.bash'
[36.367s] [34mcolcon.colcon_core.shell[0m [1;30mINFO[0m Creating prefix chain script '/home/a/ws_nhk/install/setup.bash'
[36.377s] [34mcolcon.colcon_core.shell[0m [1;30mINFO[0m Creating prefix script '/home/a/ws_nhk/install/local_setup.zsh'
[36.379s] [34mcolcon.colcon_core.shell[0m [1;30mINFO[0m Creating prefix chain script '/home/a/ws_nhk/install/setup.zsh'
