[0.164s] colcon DEBUG Command line arguments: ['/usr/bin/colcon', 'build', '--packages-select', 'moveit_r2_config']
[0.164s] colcon DEBUG Parsed command line arguments: Namespace(log_base=None, log_level=None, verb_name='build', build_base='build', install_base='install', merge_install=False, symlink_install=False, test_result_base=None, continue_on_error=False, executor='parallel', parallel_workers=22, event_handlers=None, ignore_user_meta=False, metas=['./colcon.meta'], base_paths=['.'], packages_ignore=None, packages_ignore_regex=None, paths=None, packages_up_to=None, packages_up_to_regex=None, packages_above=None, packages_above_and_dependencies=None, packages_above_depth=None, packages_select_by_dep=None, packages_skip_by_dep=None, packages_skip_up_to=None, packages_select_build_failed=False, packages_skip_build_finished=False, packages_select_test_failures=False, packages_skip_test_passed=False, packages_select=['moveit_r2_config'], packages_skip=None, packages_select_regex=None, packages_skip_regex=None, packages_start=None, packages_end=None, allow_overriding=[], cmake_args=None, cmake_target=None, cmake_target_skip_unavailable=False, cmake_clean_cache=False, cmake_clean_first=False, cmake_force_configure=False, ament_cmake_args=None, catkin_cmake_args=None, catkin_skip_building_tests=False, mixin_files=None, mixin=None, verb_parser=<colcon_mixin.mixin.mixin_argument.MixinArgumentDecorator object at 0xabf789f2ce0>, verb_extension=<colcon_core.verb.build.BuildVerb object at 0xabf789f27d0>, main=<bound method BuildVerb.main of <colcon_core.verb.build.BuildVerb object at 0xabf789f27d0>>, mixin_verb=('build',))
[0.416s] colcon.colcon_core.package_discovery Level 1 discover_packages(colcon_meta) check parameters
[0.416s] colcon.colcon_core.package_discovery Level 1 discover_packages(recursive) check parameters
[0.416s] colcon.colcon_core.package_discovery Level 1 discover_packages(ignore) check parameters
[0.416s] colcon.colcon_core.package_discovery Level 1 discover_packages(path) check parameters
[0.416s] colcon.colcon_core.package_discovery Level 1 discover_packages(colcon_meta) discover
[0.416s] colcon.colcon_core.package_discovery Level 1 discover_packages(recursive) discover
[0.416s] colcon.colcon_core.package_discovery INFO Crawling recursively for packages in '/home/a/ws_nhk'
[0.416s] colcon.colcon_core.package_identification Level 1 _identify(.) by extensions ['ignore', 'ignore_ament_install']
[0.417s] colcon.colcon_core.package_identification Level 1 _identify(.) by extension 'ignore'
[0.417s] colcon.colcon_core.package_identification Level 1 _identify(.) by extension 'ignore_ament_install'
[0.417s] colcon.colcon_core.package_identification Level 1 _identify(.) by extensions ['colcon_pkg']
[0.417s] colcon.colcon_core.package_identification Level 1 _identify(.) by extension 'colcon_pkg'
[0.417s] colcon.colcon_core.package_identification Level 1 _identify(.) by extensions ['colcon_meta']
[0.417s] colcon.colcon_core.package_identification Level 1 _identify(.) by extension 'colcon_meta'
[0.417s] colcon.colcon_core.package_identification Level 1 _identify(.) by extensions ['ros']
[0.417s] colcon.colcon_core.package_identification Level 1 _identify(.) by extension 'ros'
[0.430s] colcon.colcon_core.package_identification Level 1 _identify(.) by extensions ['cmake', 'python']
[0.431s] colcon.colcon_core.package_identification Level 1 _identify(.) by extension 'cmake'
[0.431s] colcon.colcon_core.package_identification Level 1 _identify(.) by extension 'python'
[0.431s] colcon.colcon_core.package_identification Level 1 _identify(.) by extensions ['python_setup_py']
[0.431s] colcon.colcon_core.package_identification Level 1 _identify(.) by extension 'python_setup_py'
[0.431s] colcon.colcon_core.package_identification Level 1 _identify(build) by extensions ['ignore', 'ignore_ament_install']
[0.431s] colcon.colcon_core.package_identification Level 1 _identify(build) by extension 'ignore'
[0.431s] colcon.colcon_core.package_identification Level 1 _identify(build) ignored
[0.431s] colcon.colcon_core.package_identification Level 1 _identify(install) by extensions ['ignore', 'ignore_ament_install']
[0.431s] colcon.colcon_core.package_identification Level 1 _identify(install) by extension 'ignore'
[0.431s] colcon.colcon_core.package_identification Level 1 _identify(install) ignored
[0.432s] colcon.colcon_core.package_identification Level 1 _identify(log) by extensions ['ignore', 'ignore_ament_install']
[0.432s] colcon.colcon_core.package_identification Level 1 _identify(log) by extension 'ignore'
[0.432s] colcon.colcon_core.package_identification Level 1 _identify(log) ignored
[0.432s] colcon.colcon_core.package_identification Level 1 _identify(src) by extensions ['ignore', 'ignore_ament_install']
[0.432s] colcon.colcon_core.package_identification Level 1 _identify(src) by extension 'ignore'
[0.432s] colcon.colcon_core.package_identification Level 1 _identify(src) by extension 'ignore_ament_install'
[0.432s] colcon.colcon_core.package_identification Level 1 _identify(src) by extensions ['colcon_pkg']
[0.432s] colcon.colcon_core.package_identification Level 1 _identify(src) by extension 'colcon_pkg'
[0.432s] colcon.colcon_core.package_identification Level 1 _identify(src) by extensions ['colcon_meta']
[0.432s] colcon.colcon_core.package_identification Level 1 _identify(src) by extension 'colcon_meta'
[0.432s] colcon.colcon_core.package_identification Level 1 _identify(src) by extensions ['ros']
[0.432s] colcon.colcon_core.package_identification Level 1 _identify(src) by extension 'ros'
[0.432s] colcon.colcon_core.package_identification Level 1 _identify(src) by extensions ['cmake', 'python']
[0.432s] colcon.colcon_core.package_identification Level 1 _identify(src) by extension 'cmake'
[0.432s] colcon.colcon_core.package_identification Level 1 _identify(src) by extension 'python'
[0.432s] colcon.colcon_core.package_identification Level 1 _identify(src) by extensions ['python_setup_py']
[0.432s] colcon.colcon_core.package_identification Level 1 _identify(src) by extension 'python_setup_py'
[0.432s] colcon.colcon_core.package_identification Level 1 _identify(src/a_r2_description-20251207T063721Z-3-001) by extensions ['ignore', 'ignore_ament_install']
[0.433s] colcon.colcon_core.package_identification Level 1 _identify(src/a_r2_description-20251207T063721Z-3-001) by extension 'ignore'
[0.433s] colcon.colcon_core.package_identification Level 1 _identify(src/a_r2_description-20251207T063721Z-3-001) by extension 'ignore_ament_install'
[0.433s] colcon.colcon_core.package_identification Level 1 _identify(src/a_r2_description-20251207T063721Z-3-001) by extensions ['colcon_pkg']
[0.433s] colcon.colcon_core.package_identification Level 1 _identify(src/a_r2_description-20251207T063721Z-3-001) by extension 'colcon_pkg'
[0.433s] colcon.colcon_core.package_identification Level 1 _identify(src/a_r2_description-20251207T063721Z-3-001) by extensions ['colcon_meta']
[0.433s] colcon.colcon_core.package_identification Level 1 _identify(src/a_r2_description-20251207T063721Z-3-001) by extension 'colcon_meta'
[0.433s] colcon.colcon_core.package_identification Level 1 _identify(src/a_r2_description-20251207T063721Z-3-001) by extensions ['ros']
[0.433s] colcon.colcon_core.package_identification Level 1 _identify(src/a_r2_description-20251207T063721Z-3-001) by extension 'ros'
[0.433s] colcon.colcon_core.package_identification Level 1 _identify(src/a_r2_description-20251207T063721Z-3-001) by extensions ['cmake', 'python']
[0.433s] colcon.colcon_core.package_identification Level 1 _identify(src/a_r2_description-20251207T063721Z-3-001) by extension 'cmake'
[0.433s] colcon.colcon_core.package_identification Level 1 _identify(src/a_r2_description-20251207T063721Z-3-001) by extension 'python'
[0.433s] colcon.colcon_core.package_identification Level 1 _identify(src/a_r2_description-20251207T063721Z-3-001) by extensions ['python_setup_py']
[0.433s] colcon.colcon_core.package_identification Level 1 _identify(src/a_r2_description-20251207T063721Z-3-001) by extension 'python_setup_py'
[0.433s] colcon.colcon_core.package_identification Level 1 _identify(src/a_r2_description-20251207T063721Z-3-001/a_r2_description) by extensions ['ignore', 'ignore_ament_install']
[0.433s] colcon.colcon_core.package_identification Level 1 _identify(src/a_r2_description-20251207T063721Z-3-001/a_r2_description) by extension 'ignore'
[0.433s] colcon.colcon_core.package_identification Level 1 _identify(src/a_r2_description-20251207T063721Z-3-001/a_r2_description) by extension 'ignore_ament_install'
[0.433s] colcon.colcon_core.package_identification Level 1 _identify(src/a_r2_description-20251207T063721Z-3-001/a_r2_description) by extensions ['colcon_pkg']
[0.433s] colcon.colcon_core.package_identification Level 1 _identify(src/a_r2_description-20251207T063721Z-3-001/a_r2_description) by extension 'colcon_pkg'
[0.433s] colcon.colcon_core.package_identification Level 1 _identify(src/a_r2_description-20251207T063721Z-3-001/a_r2_description) by extensions ['colcon_meta']
[0.433s] colcon.colcon_core.package_identification Level 1 _identify(src/a_r2_description-20251207T063721Z-3-001/a_r2_description) by extension 'colcon_meta'
[0.434s] colcon.colcon_core.package_identification Level 1 _identify(src/a_r2_description-20251207T063721Z-3-001/a_r2_description) by extensions ['ros']
[0.434s] colcon.colcon_core.package_identification Level 1 _identify(src/a_r2_description-20251207T063721Z-3-001/a_r2_description) by extension 'ros'
[0.436s] colcon.colcon_core.package_identification DEBUG Package 'src/a_r2_description-20251207T063721Z-3-001/a_r2_description' with type 'ros.ament_cmake' and name 'a_r2_description'
[0.436s] colcon.colcon_core.package_identification Level 1 _identify(src/arm_v20_description-20251026T114629Z-1-001) by extensions ['ignore', 'ignore_ament_install']
[0.437s] colcon.colcon_core.package_identification Level 1 _identify(src/arm_v20_description-20251026T114629Z-1-001) by extension 'ignore'
[0.437s] colcon.colcon_core.package_identification Level 1 _identify(src/arm_v20_description-20251026T114629Z-1-001) by extension 'ignore_ament_install'
[0.437s] colcon.colcon_core.package_identification Level 1 _identify(src/arm_v20_description-20251026T114629Z-1-001) by extensions ['colcon_pkg']
[0.437s] colcon.colcon_core.package_identification Level 1 _identify(src/arm_v20_description-20251026T114629Z-1-001) by extension 'colcon_pkg'
[0.437s] colcon.colcon_core.package_identification Level 1 _identify(src/arm_v20_description-20251026T114629Z-1-001) by extensions ['colcon_meta']
[0.437s] colcon.colcon_core.package_identification Level 1 _identify(src/arm_v20_description-20251026T114629Z-1-001) by extension 'colcon_meta'
[0.437s] colcon.colcon_core.package_identification Level 1 _identify(src/arm_v20_description-20251026T114629Z-1-001) by extensions ['ros']
[0.437s] colcon.colcon_core.package_identification Level 1 _identify(src/arm_v20_description-20251026T114629Z-1-001) by extension 'ros'
[0.437s] colcon.colcon_core.package_identification Level 1 _identify(src/arm_v20_description-20251026T114629Z-1-001) by extensions ['cmake', 'python']
[0.437s] colcon.colcon_core.package_identification Level 1 _identify(src/arm_v20_description-20251026T114629Z-1-001) by extension 'cmake'
[0.437s] colcon.colcon_core.package_identification Level 1 _identify(src/arm_v20_description-20251026T114629Z-1-001) by extension 'python'
[0.437s] colcon.colcon_core.package_identification Level 1 _identify(src/arm_v20_description-20251026T114629Z-1-001) by extensions ['python_setup_py']
[0.437s] colcon.colcon_core.package_identification Level 1 _identify(src/arm_v20_description-20251026T114629Z-1-001) by extension 'python_setup_py'
[0.437s] colcon.colcon_core.package_identification Level 1 _identify(src/arm_v20_description-20251026T114629Z-1-001/arm_v20_description) by extensions ['ignore', 'ignore_ament_install']
[0.437s] colcon.colcon_core.package_identification Level 1 _identify(src/arm_v20_description-20251026T114629Z-1-001/arm_v20_description) by extension 'ignore'
[0.437s] colcon.colcon_core.package_identification Level 1 _identify(src/arm_v20_description-20251026T114629Z-1-001/arm_v20_description) by extension 'ignore_ament_install'
[0.437s] colcon.colcon_core.package_identification Level 1 _identify(src/arm_v20_description-20251026T114629Z-1-001/arm_v20_description) by extensions ['colcon_pkg']
[0.437s] colcon.colcon_core.package_identification Level 1 _identify(src/arm_v20_description-20251026T114629Z-1-001/arm_v20_description) by extension 'colcon_pkg'
[0.438s] colcon.colcon_core.package_identification Level 1 _identify(src/arm_v20_description-20251026T114629Z-1-001/arm_v20_description) by extensions ['colcon_meta']
[0.438s] colcon.colcon_core.package_identification Level 1 _identify(src/arm_v20_description-20251026T114629Z-1-001/arm_v20_description) by extension 'colcon_meta'
[0.438s] colcon.colcon_core.package_identification Level 1 _identify(src/arm_v20_description-20251026T114629Z-1-001/arm_v20_description) by extensions ['ros']
[0.438s] colcon.colcon_core.package_identification Level 1 _identify(src/arm_v20_description-20251026T114629Z-1-001/arm_v20_description) by extension 'ros'
[0.439s] colcon.colcon_core.package_identification DEBUG Package 'src/arm_v20_description-20251026T114629Z-1-001/arm_v20_description' with type 'ros.ament_cmake' and name 'arm_v20_description'
[0.439s] colcon.colcon_core.package_identification Level 1 _identify(src/dynamixel_ros2) by extensions ['ignore', 'ignore_ament_install']
[0.439s] colcon.colcon_core.package_identification Level 1 _identify(src/dynamixel_ros2) by extension 'ignore'
[0.439s] colcon.colcon_core.package_identification Level 1 _identify(src/dynamixel_ros2) by extension 'ignore_ament_install'
[0.439s] colcon.colcon_core.package_identification Level 1 _identify(src/dynamixel_ros2) by extensions ['colcon_pkg']
[0.439s] colcon.colcon_core.package_identification Level 1 _identify(src/dynamixel_ros2) by extension 'colcon_pkg'
[0.439s] colcon.colcon_core.package_identification Level 1 _identify(src/dynamixel_ros2) by extensions ['colcon_meta']
[0.439s] colcon.colcon_core.package_identification Level 1 _identify(src/dynamixel_ros2) by extension 'colcon_meta'
[0.439s] colcon.colcon_core.package_identification Level 1 _identify(src/dynamixel_ros2) by extensions ['ros']
[0.439s] colcon.colcon_core.package_identification Level 1 _identify(src/dynamixel_ros2) by extension 'ros'
[0.439s] colcon.colcon_core.package_identification Level 1 _identify(src/dynamixel_ros2) by extensions ['cmake', 'python']
[0.439s] colcon.colcon_core.package_identification Level 1 _identify(src/dynamixel_ros2) by extension 'cmake'
[0.439s] colcon.colcon_core.package_identification Level 1 _identify(src/dynamixel_ros2) by extension 'python'
[0.439s] colcon.colcon_core.package_identification Level 1 _identify(src/dynamixel_ros2) by extensions ['python_setup_py']
[0.439s] colcon.colcon_core.package_identification Level 1 _identify(src/dynamixel_ros2) by extension 'python_setup_py'
[0.439s] colcon.colcon_core.package_identification Level 1 _identify(src/dynamixel_ros2/DynamixelSDK) by extensions ['ignore', 'ignore_ament_install']
[0.440s] colcon.colcon_core.package_identification Level 1 _identify(src/dynamixel_ros2/DynamixelSDK) by extension 'ignore'
[0.440s] colcon.colcon_core.package_identification Level 1 _identify(src/dynamixel_ros2/DynamixelSDK) by extension 'ignore_ament_install'
[0.440s] colcon.colcon_core.package_identification Level 1 _identify(src/dynamixel_ros2/DynamixelSDK) by extensions ['colcon_pkg']
[0.440s] colcon.colcon_core.package_identification Level 1 _identify(src/dynamixel_ros2/DynamixelSDK) by extension 'colcon_pkg'
[0.440s] colcon.colcon_core.package_identification Level 1 _identify(src/dynamixel_ros2/DynamixelSDK) by extensions ['colcon_meta']
[0.440s] colcon.colcon_core.package_identification Level 1 _identify(src/dynamixel_ros2/DynamixelSDK) by extension 'colcon_meta'
[0.440s] colcon.colcon_core.package_identification Level 1 _identify(src/dynamixel_ros2/DynamixelSDK) by extensions ['ros']
[0.440s] colcon.colcon_core.package_identification Level 1 _identify(src/dynamixel_ros2/DynamixelSDK) by extension 'ros'
[0.440s] colcon.colcon_core.package_identification Level 1 _identify(src/dynamixel_ros2/DynamixelSDK) by extensions ['cmake', 'python']
[0.440s] colcon.colcon_core.package_identification Level 1 _identify(src/dynamixel_ros2/DynamixelSDK) by extension 'cmake'
[0.440s] colcon.colcon_core.package_identification Level 1 _identify(src/dynamixel_ros2/DynamixelSDK) by extension 'python'
[0.440s] colcon.colcon_core.package_identification Level 1 _identify(src/dynamixel_ros2/DynamixelSDK) by extensions ['python_setup_py']
[0.440s] colcon.colcon_core.package_identification Level 1 _identify(src/dynamixel_ros2/DynamixelSDK) by extension 'python_setup_py'
[0.440s] colcon.colcon_core.package_identification Level 1 _identify(src/dynamixel_ros2/DynamixelSDK/dynamixel_sdk) by extensions ['ignore', 'ignore_ament_install']
[0.440s] colcon.colcon_core.package_identification Level 1 _identify(src/dynamixel_ros2/DynamixelSDK/dynamixel_sdk) by extension 'ignore'
[0.440s] colcon.colcon_core.package_identification Level 1 _identify(src/dynamixel_ros2/DynamixelSDK/dynamixel_sdk) by extension 'ignore_ament_install'
[0.440s] colcon.colcon_core.package_identification Level 1 _identify(src/dynamixel_ros2/DynamixelSDK/dynamixel_sdk) by extensions ['colcon_pkg']
[0.440s] colcon.colcon_core.package_identification Level 1 _identify(src/dynamixel_ros2/DynamixelSDK/dynamixel_sdk) by extension 'colcon_pkg'
[0.440s] colcon.colcon_core.package_identification Level 1 _identify(src/dynamixel_ros2/DynamixelSDK/dynamixel_sdk) by extensions ['colcon_meta']
[0.441s] colcon.colcon_core.package_identification Level 1 _identify(src/dynamixel_ros2/DynamixelSDK/dynamixel_sdk) by extension 'colcon_meta'
[0.441s] colcon.colcon_core.package_identification Level 1 _identify(src/dynamixel_ros2/DynamixelSDK/dynamixel_sdk) by extensions ['ros']
[0.441s] colcon.colcon_core.package_identification Level 1 _identify(src/dynamixel_ros2/DynamixelSDK/dynamixel_sdk) by extension 'ros'
[0.441s] colcon.colcon_core.package_identification DEBUG Package 'src/dynamixel_ros2/DynamixelSDK/dynamixel_sdk' with type 'ros.ament_cmake' and name 'dynamixel_sdk'
[0.442s] colcon.colcon_core.package_identification Level 1 _identify(src/dynamixel_ros2/DynamixelSDK/dynamixel_sdk_custom_interfaces) by extensions ['ignore', 'ignore_ament_install']
[0.442s] colcon.colcon_core.package_identification Level 1 _identify(src/dynamixel_ros2/DynamixelSDK/dynamixel_sdk_custom_interfaces) by extension 'ignore'
[0.442s] colcon.colcon_core.package_identification Level 1 _identify(src/dynamixel_ros2/DynamixelSDK/dynamixel_sdk_custom_interfaces) by extension 'ignore_ament_install'
[0.442s] colcon.colcon_core.package_identification Level 1 _identify(src/dynamixel_ros2/DynamixelSDK/dynamixel_sdk_custom_interfaces) by extensions ['colcon_pkg']
[0.442s] colcon.colcon_core.package_identification Level 1 _identify(src/dynamixel_ros2/DynamixelSDK/dynamixel_sdk_custom_interfaces) by extension 'colcon_pkg'
[0.442s] colcon.colcon_core.package_identification Level 1 _identify(src/dynamixel_ros2/DynamixelSDK/dynamixel_sdk_custom_interfaces) by extensions ['colcon_meta']
[0.442s] colcon.colcon_core.package_identification Level 1 _identify(src/dynamixel_ros2/DynamixelSDK/dynamixel_sdk_custom_interfaces) by extension 'colcon_meta'
[0.442s] colcon.colcon_core.package_identification Level 1 _identify(src/dynamixel_ros2/DynamixelSDK/dynamixel_sdk_custom_interfaces) by extensions ['ros']
[0.442s] colcon.colcon_core.package_identification Level 1 _identify(src/dynamixel_ros2/DynamixelSDK/dynamixel_sdk_custom_interfaces) by extension 'ros'
[0.443s] colcon.colcon_core.package_identification DEBUG Package 'src/dynamixel_ros2/DynamixelSDK/dynamixel_sdk_custom_interfaces' with type 'ros.ament_cmake' and name 'dynamixel_sdk_custom_interfaces'
[0.443s] colcon.colcon_core.package_identification Level 1 _identify(src/dynamixel_ros2/DynamixelSDK/dynamixel_sdk_examples) by extensions ['ignore', 'ignore_ament_install']
[0.443s] colcon.colcon_core.package_identification Level 1 _identify(src/dynamixel_ros2/DynamixelSDK/dynamixel_sdk_examples) by extension 'ignore'
[0.443s] colcon.colcon_core.package_identification Level 1 _identify(src/dynamixel_ros2/DynamixelSDK/dynamixel_sdk_examples) by extension 'ignore_ament_install'
[0.443s] colcon.colcon_core.package_identification Level 1 _identify(src/dynamixel_ros2/DynamixelSDK/dynamixel_sdk_examples) by extensions ['colcon_pkg']
[0.443s] colcon.colcon_core.package_identification Level 1 _identify(src/dynamixel_ros2/DynamixelSDK/dynamixel_sdk_examples) by extension 'colcon_pkg'
[0.443s] colcon.colcon_core.package_identification Level 1 _identify(src/dynamixel_ros2/DynamixelSDK/dynamixel_sdk_examples) by extensions ['colcon_meta']
[0.443s] colcon.colcon_core.package_identification Level 1 _identify(src/dynamixel_ros2/DynamixelSDK/dynamixel_sdk_examples) by extension 'colcon_meta'
[0.443s] colcon.colcon_core.package_identification Level 1 _identify(src/dynamixel_ros2/DynamixelSDK/dynamixel_sdk_examples) by extensions ['ros']
[0.443s] colcon.colcon_core.package_identification Level 1 _identify(src/dynamixel_ros2/DynamixelSDK/dynamixel_sdk_examples) by extension 'ros'
[0.444s] colcon.colcon_core.package_identification DEBUG Package 'src/dynamixel_ros2/DynamixelSDK/dynamixel_sdk_examples' with type 'ros.ament_cmake' and name 'dynamixel_sdk_examples'
[0.444s] colcon.colcon_core.package_identification Level 1 _identify(src/dynamixel_ros2/dynamixel_controller) by extensions ['ignore', 'ignore_ament_install']
[0.444s] colcon.colcon_core.package_identification Level 1 _identify(src/dynamixel_ros2/dynamixel_controller) by extension 'ignore'
[0.444s] colcon.colcon_core.package_identification Level 1 _identify(src/dynamixel_ros2/dynamixel_controller) by extension 'ignore_ament_install'
[0.444s] colcon.colcon_core.package_identification Level 1 _identify(src/dynamixel_ros2/dynamixel_controller) by extensions ['colcon_pkg']
[0.444s] colcon.colcon_core.package_identification Level 1 _identify(src/dynamixel_ros2/dynamixel_controller) by extension 'colcon_pkg'
[0.445s] colcon.colcon_core.package_identification Level 1 _identify(src/dynamixel_ros2/dynamixel_controller) by extensions ['colcon_meta']
[0.445s] colcon.colcon_core.package_identification Level 1 _identify(src/dynamixel_ros2/dynamixel_controller) by extension 'colcon_meta'
[0.445s] colcon.colcon_core.package_identification Level 1 _identify(src/dynamixel_ros2/dynamixel_controller) by extensions ['ros']
[0.445s] colcon.colcon_core.package_identification Level 1 _identify(src/dynamixel_ros2/dynamixel_controller) by extension 'ros'
[0.446s] colcon.colcon_core.package_identification DEBUG Package 'src/dynamixel_ros2/dynamixel_controller' with type 'ros.ament_cmake' and name 'dynamixel_controller'
[0.446s] colcon.colcon_core.package_identification Level 1 _identify(src/dynamixel_ros2/dynamixel_controller_client) by extensions ['ignore', 'ignore_ament_install']
[0.446s] colcon.colcon_core.package_identification Level 1 _identify(src/dynamixel_ros2/dynamixel_controller_client) by extension 'ignore'
[0.446s] colcon.colcon_core.package_identification Level 1 _identify(src/dynamixel_ros2/dynamixel_controller_client) by extension 'ignore_ament_install'
[0.446s] colcon.colcon_core.package_identification Level 1 _identify(src/dynamixel_ros2/dynamixel_controller_client) by extensions ['colcon_pkg']
[0.446s] colcon.colcon_core.package_identification Level 1 _identify(src/dynamixel_ros2/dynamixel_controller_client) by extension 'colcon_pkg'
[0.446s] colcon.colcon_core.package_identification Level 1 _identify(src/dynamixel_ros2/dynamixel_controller_client) by extensions ['colcon_meta']
[0.446s] colcon.colcon_core.package_identification Level 1 _identify(src/dynamixel_ros2/dynamixel_controller_client) by extension 'colcon_meta'
[0.446s] colcon.colcon_core.package_identification Level 1 _identify(src/dynamixel_ros2/dynamixel_controller_client) by extensions ['ros']
[0.446s] colcon.colcon_core.package_identification Level 1 _identify(src/dynamixel_ros2/dynamixel_controller_client) by extension 'ros'
[0.447s] colcon.colcon_core.package_identification DEBUG Package 'src/dynamixel_ros2/dynamixel_controller_client' with type 'ros.ament_python' and name 'dynamixel_controller_client'
[0.447s] colcon.colcon_core.package_identification Level 1 _identify(src/dynamixel_ros2/dynamixel_controller_gui) by extensions ['ignore', 'ignore_ament_install']
[0.447s] colcon.colcon_core.package_identification Level 1 _identify(src/dynamixel_ros2/dynamixel_controller_gui) by extension 'ignore'
[0.447s] colcon.colcon_core.package_identification Level 1 _identify(src/dynamixel_ros2/dynamixel_controller_gui) by extension 'ignore_ament_install'
[0.447s] colcon.colcon_core.package_identification Level 1 _identify(src/dynamixel_ros2/dynamixel_controller_gui) by extensions ['colcon_pkg']
[0.447s] colcon.colcon_core.package_identification Level 1 _identify(src/dynamixel_ros2/dynamixel_controller_gui) by extension 'colcon_pkg'
[0.447s] colcon.colcon_core.package_identification Level 1 _identify(src/dynamixel_ros2/dynamixel_controller_gui) by extensions ['colcon_meta']
[0.447s] colcon.colcon_core.package_identification Level 1 _identify(src/dynamixel_ros2/dynamixel_controller_gui) by extension 'colcon_meta'
[0.447s] colcon.colcon_core.package_identification Level 1 _identify(src/dynamixel_ros2/dynamixel_controller_gui) by extensions ['ros']
[0.447s] colcon.colcon_core.package_identification Level 1 _identify(src/dynamixel_ros2/dynamixel_controller_gui) by extension 'ros'
[0.448s] colcon.colcon_core.package_identification DEBUG Package 'src/dynamixel_ros2/dynamixel_controller_gui' with type 'ros.ament_python' and name 'dynamixel_controller_gui'
[0.448s] colcon.colcon_core.package_identification Level 1 _identify(src/launch_param_builder) by extensions ['ignore', 'ignore_ament_install']
[0.448s] colcon.colcon_core.package_identification Level 1 _identify(src/launch_param_builder) by extension 'ignore'
[0.448s] colcon.colcon_core.package_identification Level 1 _identify(src/launch_param_builder) by extension 'ignore_ament_install'
[0.448s] colcon.colcon_core.package_identification Level 1 _identify(src/launch_param_builder) by extensions ['colcon_pkg']
[0.449s] colcon.colcon_core.package_identification Level 1 _identify(src/launch_param_builder) by extension 'colcon_pkg'
[0.449s] colcon.colcon_core.package_identification Level 1 _identify(src/launch_param_builder) by extensions ['colcon_meta']
[0.449s] colcon.colcon_core.package_identification Level 1 _identify(src/launch_param_builder) by extension 'colcon_meta'
[0.449s] colcon.colcon_core.package_identification Level 1 _identify(src/launch_param_builder) by extensions ['ros']
[0.449s] colcon.colcon_core.package_identification Level 1 _identify(src/launch_param_builder) by extension 'ros'
[0.449s] colcon.colcon_core.package_identification DEBUG Package 'src/launch_param_builder' with type 'ros.ament_python' and name 'launch_param_builder'
[0.449s] colcon.colcon_core.package_identification Level 1 _identify(src/moveit2) by extensions ['ignore', 'ignore_ament_install']
[0.450s] colcon.colcon_core.package_identification Level 1 _identify(src/moveit2) by extension 'ignore'
[0.450s] colcon.colcon_core.package_identification Level 1 _identify(src/moveit2) by extension 'ignore_ament_install'
[0.450s] colcon.colcon_core.package_identification Level 1 _identify(src/moveit2) by extensions ['colcon_pkg']
[0.450s] colcon.colcon_core.package_identification Level 1 _identify(src/moveit2) by extension 'colcon_pkg'
[0.450s] colcon.colcon_core.package_identification Level 1 _identify(src/moveit2) by extensions ['colcon_meta']
[0.450s] colcon.colcon_core.package_identification Level 1 _identify(src/moveit2) by extension 'colcon_meta'
[0.450s] colcon.colcon_core.package_identification Level 1 _identify(src/moveit2) by extensions ['ros']
[0.450s] colcon.colcon_core.package_identification Level 1 _identify(src/moveit2) by extension 'ros'
[0.450s] colcon.colcon_core.package_identification Level 1 _identify(src/moveit2) by extensions ['cmake', 'python']
[0.450s] colcon.colcon_core.package_identification Level 1 _identify(src/moveit2) by extension 'cmake'
[0.450s] colcon.colcon_core.package_identification Level 1 _identify(src/moveit2) by extension 'python'
[0.450s] colcon.colcon_core.package_identification Level 1 _identify(src/moveit2) by extensions ['python_setup_py']
[0.450s] colcon.colcon_core.package_identification Level 1 _identify(src/moveit2) by extension 'python_setup_py'
[0.450s] colcon.colcon_core.package_identification Level 1 _identify(src/moveit2/doc) by extensions ['ignore', 'ignore_ament_install']
[0.450s] colcon.colcon_core.package_identification Level 1 _identify(src/moveit2/doc) by extension 'ignore'
[0.450s] colcon.colcon_core.package_identification Level 1 _identify(src/moveit2/doc) by extension 'ignore_ament_install'
[0.450s] colcon.colcon_core.package_identification Level 1 _identify(src/moveit2/doc) by extensions ['colcon_pkg']
[0.450s] colcon.colcon_core.package_identification Level 1 _identify(src/moveit2/doc) by extension 'colcon_pkg'
[0.450s] colcon.colcon_core.package_identification Level 1 _identify(src/moveit2/doc) by extensions ['colcon_meta']
[0.450s] colcon.colcon_core.package_identification Level 1 _identify(src/moveit2/doc) by extension 'colcon_meta'
[0.450s] colcon.colcon_core.package_identification Level 1 _identify(src/moveit2/doc) by extensions ['ros']
[0.451s] colcon.colcon_core.package_identification Level 1 _identify(src/moveit2/doc) by extension 'ros'
[0.451s] colcon.colcon_core.package_identification Level 1 _identify(src/moveit2/doc) by extensions ['cmake', 'python']
[0.451s] colcon.colcon_core.package_identification Level 1 _identify(src/moveit2/doc) by extension 'cmake'
[0.451s] colcon.colcon_core.package_identification Level 1 _identify(src/moveit2/doc) by extension 'python'
[0.451s] colcon.colcon_core.package_identification Level 1 _identify(src/moveit2/doc) by extensions ['python_setup_py']
[0.451s] colcon.colcon_core.package_identification Level 1 _identify(src/moveit2/doc) by extension 'python_setup_py'
[0.451s] colcon.colcon_core.package_identification Level 1 _identify(src/moveit2/moveit) by extensions ['ignore', 'ignore_ament_install']
[0.451s] colcon.colcon_core.package_identification Level 1 _identify(src/moveit2/moveit) by extension 'ignore'
[0.451s] colcon.colcon_core.package_identification Level 1 _identify(src/moveit2/moveit) by extension 'ignore_ament_install'
[0.451s] colcon.colcon_core.package_identification Level 1 _identify(src/moveit2/moveit) by extensions ['colcon_pkg']
[0.451s] colcon.colcon_core.package_identification Level 1 _identify(src/moveit2/moveit) by extension 'colcon_pkg'
[0.451s] colcon.colcon_core.package_identification Level 1 _identify(src/moveit2/moveit) by extensions ['colcon_meta']
[0.451s] colcon.colcon_core.package_identification Level 1 _identify(src/moveit2/moveit) by extension 'colcon_meta'
[0.451s] colcon.colcon_core.package_identification Level 1 _identify(src/moveit2/moveit) by extensions ['ros']
[0.451s] colcon.colcon_core.package_identification Level 1 _identify(src/moveit2/moveit) by extension 'ros'
[0.452s] colcon.colcon_core.package_identification DEBUG Package 'src/moveit2/moveit' with type 'ros.ament_cmake' and name 'moveit'
[0.452s] colcon.colcon_core.package_identification Level 1 _identify(src/moveit2/moveit_commander) by extensions ['ignore', 'ignore_ament_install']
[0.452s] colcon.colcon_core.package_identification Level 1 _identify(src/moveit2/moveit_commander) by extension 'ignore'
[0.452s] colcon.colcon_core.package_identification Level 1 _identify(src/moveit2/moveit_commander) ignored
[0.452s] colcon.colcon_core.package_identification Level 1 _identify(src/moveit2/moveit_common) by extensions ['ignore', 'ignore_ament_install']
[0.453s] colcon.colcon_core.package_identification Level 1 _identify(src/moveit2/moveit_common) by extension 'ignore'
[0.453s] colcon.colcon_core.package_identification Level 1 _identify(src/moveit2/moveit_common) by extension 'ignore_ament_install'
[0.453s] colcon.colcon_core.package_identification Level 1 _identify(src/moveit2/moveit_common) by extensions ['colcon_pkg']
[0.453s] colcon.colcon_core.package_identification Level 1 _identify(src/moveit2/moveit_common) by extension 'colcon_pkg'
[0.453s] colcon.colcon_core.package_identification Level 1 _identify(src/moveit2/moveit_common) by extensions ['colcon_meta']
[0.453s] colcon.colcon_core.package_identification Level 1 _identify(src/moveit2/moveit_common) by extension 'colcon_meta'
[0.453s] colcon.colcon_core.package_identification Level 1 _identify(src/moveit2/moveit_common) by extensions ['ros']
[0.453s] colcon.colcon_core.package_identification Level 1 _identify(src/moveit2/moveit_common) by extension 'ros'
[0.454s] colcon.colcon_core.package_identification DEBUG Package 'src/moveit2/moveit_common' with type 'ros.ament_cmake' and name 'moveit_common'
[0.454s] colcon.colcon_core.package_identification Level 1 _identify(src/moveit2/moveit_configs_utils) by extensions ['ignore', 'ignore_ament_install']
[0.454s] colcon.colcon_core.package_identification Level 1 _identify(src/moveit2/moveit_configs_utils) by extension 'ignore'
[0.454s] colcon.colcon_core.package_identification Level 1 _identify(src/moveit2/moveit_configs_utils) by extension 'ignore_ament_install'
[0.454s] colcon.colcon_core.package_identification Level 1 _identify(src/moveit2/moveit_configs_utils) by extensions ['colcon_pkg']
[0.454s] colcon.colcon_core.package_identification Level 1 _identify(src/moveit2/moveit_configs_utils) by extension 'colcon_pkg'
[0.454s] colcon.colcon_core.package_identification Level 1 _identify(src/moveit2/moveit_configs_utils) by extensions ['colcon_meta']
[0.454s] colcon.colcon_core.package_identification Level 1 _identify(src/moveit2/moveit_configs_utils) by extension 'colcon_meta'
[0.454s] colcon.colcon_core.package_identification Level 1 _identify(src/moveit2/moveit_configs_utils) by extensions ['ros']
[0.454s] colcon.colcon_core.package_identification Level 1 _identify(src/moveit2/moveit_configs_utils) by extension 'ros'
[0.455s] colcon.colcon_core.package_identification DEBUG Package 'src/moveit2/moveit_configs_utils' with type 'ros.ament_python' and name 'moveit_configs_utils'
[0.455s] colcon.colcon_core.package_identification Level 1 _identify(src/moveit2/moveit_core) by extensions ['ignore', 'ignore_ament_install']
[0.456s] colcon.colcon_core.package_identification Level 1 _identify(src/moveit2/moveit_core) by extension 'ignore'
[0.456s] colcon.colcon_core.package_identification Level 1 _identify(src/moveit2/moveit_core) by extension 'ignore_ament_install'
[0.456s] colcon.colcon_core.package_identification Level 1 _identify(src/moveit2/moveit_core) by extensions ['colcon_pkg']
[0.456s] colcon.colcon_core.package_identification Level 1 _identify(src/moveit2/moveit_core) by extension 'colcon_pkg'
[0.456s] colcon.colcon_core.package_identification Level 1 _identify(src/moveit2/moveit_core) by extensions ['colcon_meta']
[0.456s] colcon.colcon_core.package_identification Level 1 _identify(src/moveit2/moveit_core) by extension 'colcon_meta'
[0.456s] colcon.colcon_core.package_identification Level 1 _identify(src/moveit2/moveit_core) by extensions ['ros']
[0.456s] colcon.colcon_core.package_identification Level 1 _identify(src/moveit2/moveit_core) by extension 'ros'
[0.461s] colcon.colcon_core.package_identification DEBUG Package 'src/moveit2/moveit_core' with type 'ros.ament_cmake' and name 'moveit_core'
[0.461s] colcon.colcon_core.package_identification Level 1 _identify(src/moveit2/moveit_experimental) by extensions ['ignore', 'ignore_ament_install']
[0.461s] colcon.colcon_core.package_identification Level 1 _identify(src/moveit2/moveit_experimental) by extension 'ignore'
[0.461s] colcon.colcon_core.package_identification Level 1 _identify(src/moveit2/moveit_experimental) ignored
[0.462s] colcon.colcon_core.package_identification Level 1 _identify(src/moveit2/moveit_kinematics) by extensions ['ignore', 'ignore_ament_install']
[0.462s] colcon.colcon_core.package_identification Level 1 _identify(src/moveit2/moveit_kinematics) by extension 'ignore'
[0.462s] colcon.colcon_core.package_identification Level 1 _identify(src/moveit2/moveit_kinematics) by extension 'ignore_ament_install'
[0.462s] colcon.colcon_core.package_identification Level 1 _identify(src/moveit2/moveit_kinematics) by extensions ['colcon_pkg']
[0.462s] colcon.colcon_core.package_identification Level 1 _identify(src/moveit2/moveit_kinematics) by extension 'colcon_pkg'
[0.462s] colcon.colcon_core.package_identification Level 1 _identify(src/moveit2/moveit_kinematics) by extensions ['colcon_meta']
[0.462s] colcon.colcon_core.package_identification Level 1 _identify(src/moveit2/moveit_kinematics) by extension 'colcon_meta'
[0.462s] colcon.colcon_core.package_identification Level 1 _identify(src/moveit2/moveit_kinematics) by extensions ['ros']
[0.462s] colcon.colcon_core.package_identification Level 1 _identify(src/moveit2/moveit_kinematics) by extension 'ros'
[0.464s] colcon.colcon_core.package_identification DEBUG Package 'src/moveit2/moveit_kinematics' with type 'ros.ament_cmake' and name 'moveit_kinematics'
[0.464s] colcon.colcon_core.package_identification Level 1 _identify(src/moveit2/moveit_planners) by extensions ['ignore', 'ignore_ament_install']
[0.464s] colcon.colcon_core.package_identification Level 1 _identify(src/moveit2/moveit_planners) by extension 'ignore'
[0.464s] colcon.colcon_core.package_identification Level 1 _identify(src/moveit2/moveit_planners) by extension 'ignore_ament_install'
[0.464s] colcon.colcon_core.package_identification Level 1 _identify(src/moveit2/moveit_planners) by extensions ['colcon_pkg']
[0.464s] colcon.colcon_core.package_identification Level 1 _identify(src/moveit2/moveit_planners) by extension 'colcon_pkg'
[0.464s] colcon.colcon_core.package_identification Level 1 _identify(src/moveit2/moveit_planners) by extensions ['colcon_meta']
[0.465s] colcon.colcon_core.package_identification Level 1 _identify(src/moveit2/moveit_planners) by extension 'colcon_meta'
[0.465s] colcon.colcon_core.package_identification Level 1 _identify(src/moveit2/moveit_planners) by extensions ['ros']
[0.465s] colcon.colcon_core.package_identification Level 1 _identify(src/moveit2/moveit_planners) by extension 'ros'
[0.465s] colcon.colcon_core.package_identification Level 1 _identify(src/moveit2/moveit_planners) by extensions ['cmake', 'python']
[0.465s] colcon.colcon_core.package_identification Level 1 _identify(src/moveit2/moveit_planners) by extension 'cmake'
[0.465s] colcon.colcon_core.package_identification Level 1 _identify(src/moveit2/moveit_planners) by extension 'python'
[0.465s] colcon.colcon_core.package_identification Level 1 _identify(src/moveit2/moveit_planners) by extensions ['python_setup_py']
[0.465s] colcon.colcon_core.package_identification Level 1 _identify(src/moveit2/moveit_planners) by extension 'python_setup_py'
[0.465s] colcon.colcon_core.package_identification Level 1 _identify(src/moveit2/moveit_planners/chomp) by extensions ['ignore', 'ignore_ament_install']
[0.465s] colcon.colcon_core.package_identification Level 1 _identify(src/moveit2/moveit_planners/chomp) by extension 'ignore'
[0.465s] colcon.colcon_core.package_identification Level 1 _identify(src/moveit2/moveit_planners/chomp) by extension 'ignore_ament_install'
[0.465s] colcon.colcon_core.package_identification Level 1 _identify(src/moveit2/moveit_planners/chomp) by extensions ['colcon_pkg']
[0.465s] colcon.colcon_core.package_identification Level 1 _identify(src/moveit2/moveit_planners/chomp) by extension 'colcon_pkg'
[0.465s] colcon.colcon_core.package_identification Level 1 _identify(src/moveit2/moveit_planners/chomp) by extensions ['colcon_meta']
[0.465s] colcon.colcon_core.package_identification Level 1 _identify(src/moveit2/moveit_planners/chomp) by extension 'colcon_meta'
[0.465s] colcon.colcon_core.package_identification Level 1 _identify(src/moveit2/moveit_planners/chomp) by extensions ['ros']
[0.465s] colcon.colcon_core.package_identification Level 1 _identify(src/moveit2/moveit_planners/chomp) by extension 'ros'
[0.465s] colcon.colcon_core.package_identification Level 1 _identify(src/moveit2/moveit_planners/chomp) by extensions ['cmake', 'python']
[0.465s] colcon.colcon_core.package_identification Level 1 _identify(src/moveit2/moveit_planners/chomp) by extension 'cmake'
[0.465s] colcon.colcon_core.package_identification Level 1 _identify(src/moveit2/moveit_planners/chomp) by extension 'python'
[0.465s] colcon.colcon_core.package_identification Level 1 _identify(src/moveit2/moveit_planners/chomp) by extensions ['python_setup_py']
[0.466s] colcon.colcon_core.package_identification Level 1 _identify(src/moveit2/moveit_planners/chomp) by extension 'python_setup_py'
[0.466s] colcon.colcon_core.package_identification Level 1 _identify(src/moveit2/moveit_planners/chomp/chomp_interface) by extensions ['ignore', 'ignore_ament_install']
[0.466s] colcon.colcon_core.package_identification Level 1 _identify(src/moveit2/moveit_planners/chomp/chomp_interface) by extension 'ignore'
[0.466s] colcon.colcon_core.package_identification Level 1 _identify(src/moveit2/moveit_planners/chomp/chomp_interface) by extension 'ignore_ament_install'
[0.466s] colcon.colcon_core.package_identification Level 1 _identify(src/moveit2/moveit_planners/chomp/chomp_interface) by extensions ['colcon_pkg']
[0.466s] colcon.colcon_core.package_identification Level 1 _identify(src/moveit2/moveit_planners/chomp/chomp_interface) by extension 'colcon_pkg'
[0.466s] colcon.colcon_core.package_identification Level 1 _identify(src/moveit2/moveit_planners/chomp/chomp_interface) by extensions ['colcon_meta']
[0.466s] colcon.colcon_core.package_identification Level 1 _identify(src/moveit2/moveit_planners/chomp/chomp_interface) by extension 'colcon_meta'
[0.466s] colcon.colcon_core.package_identification Level 1 _identify(src/moveit2/moveit_planners/chomp/chomp_interface) by extensions ['ros']
[0.466s] colcon.colcon_core.package_identification Level 1 _identify(src/moveit2/moveit_planners/chomp/chomp_interface) by extension 'ros'
[0.467s] colcon.colcon_core.package_identification DEBUG Package 'src/moveit2/moveit_planners/chomp/chomp_interface' with type 'ros.ament_cmake' and name 'moveit_planners_chomp'
[0.467s] colcon.colcon_core.package_identification Level 1 _identify(src/moveit2/moveit_planners/chomp/chomp_motion_planner) by extensions ['ignore', 'ignore_ament_install']
[0.467s] colcon.colcon_core.package_identification Level 1 _identify(src/moveit2/moveit_planners/chomp/chomp_motion_planner) by extension 'ignore'
[0.467s] colcon.colcon_core.package_identification Level 1 _identify(src/moveit2/moveit_planners/chomp/chomp_motion_planner) by extension 'ignore_ament_install'
[0.467s] colcon.colcon_core.package_identification Level 1 _identify(src/moveit2/moveit_planners/chomp/chomp_motion_planner) by extensions ['colcon_pkg']
[0.467s] colcon.colcon_core.package_identification Level 1 _identify(src/moveit2/moveit_planners/chomp/chomp_motion_planner) by extension 'colcon_pkg'
[0.467s] colcon.colcon_core.package_identification Level 1 _identify(src/moveit2/moveit_planners/chomp/chomp_motion_planner) by extensions ['colcon_meta']
[0.467s] colcon.colcon_core.package_identification Level 1 _identify(src/moveit2/moveit_planners/chomp/chomp_motion_planner) by extension 'colcon_meta'
[0.468s] colcon.colcon_core.package_identification Level 1 _identify(src/moveit2/moveit_planners/chomp/chomp_motion_planner) by extensions ['ros']
[0.468s] colcon.colcon_core.package_identification Level 1 _identify(src/moveit2/moveit_planners/chomp/chomp_motion_planner) by extension 'ros'
[0.469s] colcon.colcon_core.package_identification DEBUG Package 'src/moveit2/moveit_planners/chomp/chomp_motion_planner' with type 'ros.ament_cmake' and name 'chomp_motion_planner'
[0.469s] colcon.colcon_core.package_identification Level 1 _identify(src/moveit2/moveit_planners/chomp/chomp_optimizer_adapter) by extensions ['ignore', 'ignore_ament_install']
[0.469s] colcon.colcon_core.package_identification Level 1 _identify(src/moveit2/moveit_planners/chomp/chomp_optimizer_adapter) by extension 'ignore'
[0.469s] colcon.colcon_core.package_identification Level 1 _identify(src/moveit2/moveit_planners/chomp/chomp_optimizer_adapter) by extension 'ignore_ament_install'
[0.469s] colcon.colcon_core.package_identification Level 1 _identify(src/moveit2/moveit_planners/chomp/chomp_optimizer_adapter) by extensions ['colcon_pkg']
[0.469s] colcon.colcon_core.package_identification Level 1 _identify(src/moveit2/moveit_planners/chomp/chomp_optimizer_adapter) by extension 'colcon_pkg'
[0.469s] colcon.colcon_core.package_identification Level 1 _identify(src/moveit2/moveit_planners/chomp/chomp_optimizer_adapter) by extensions ['colcon_meta']
[0.469s] colcon.colcon_core.package_identification Level 1 _identify(src/moveit2/moveit_planners/chomp/chomp_optimizer_adapter) by extension 'colcon_meta'
[0.469s] colcon.colcon_core.package_identification Level 1 _identify(src/moveit2/moveit_planners/chomp/chomp_optimizer_adapter) by extensions ['ros']
[0.469s] colcon.colcon_core.package_identification Level 1 _identify(src/moveit2/moveit_planners/chomp/chomp_optimizer_adapter) by extension 'ros'
[0.470s] colcon.colcon_core.package_identification DEBUG Package 'src/moveit2/moveit_planners/chomp/chomp_optimizer_adapter' with type 'ros.ament_cmake' and name 'moveit_chomp_optimizer_adapter'
[0.470s] colcon.colcon_core.package_identification Level 1 _identify(src/moveit2/moveit_planners/moveit_planners) by extensions ['ignore', 'ignore_ament_install']
[0.470s] colcon.colcon_core.package_identification Level 1 _identify(src/moveit2/moveit_planners/moveit_planners) by extension 'ignore'
[0.470s] colcon.colcon_core.package_identification Level 1 _identify(src/moveit2/moveit_planners/moveit_planners) by extension 'ignore_ament_install'
[0.470s] colcon.colcon_core.package_identification Level 1 _identify(src/moveit2/moveit_planners/moveit_planners) by extensions ['colcon_pkg']
[0.470s] colcon.colcon_core.package_identification Level 1 _identify(src/moveit2/moveit_planners/moveit_planners) by extension 'colcon_pkg'
[0.471s] colcon.colcon_core.package_identification Level 1 _identify(src/moveit2/moveit_planners/moveit_planners) by extensions ['colcon_meta']
[0.471s] colcon.colcon_core.package_identification Level 1 _identify(src/moveit2/moveit_planners/moveit_planners) by extension 'colcon_meta'
[0.471s] colcon.colcon_core.package_identification Level 1 _identify(src/moveit2/moveit_planners/moveit_planners) by extensions ['ros']
[0.471s] colcon.colcon_core.package_identification Level 1 _identify(src/moveit2/moveit_planners/moveit_planners) by extension 'ros'
[0.471s] colcon.colcon_core.package_identification DEBUG Package 'src/moveit2/moveit_planners/moveit_planners' with type 'ros.ament_cmake' and name 'moveit_planners'
[0.472s] colcon.colcon_core.package_identification Level 1 _identify(src/moveit2/moveit_planners/ompl) by extensions ['ignore', 'ignore_ament_install']
[0.472s] colcon.colcon_core.package_identification Level 1 _identify(src/moveit2/moveit_planners/ompl) by extension 'ignore'
[0.472s] colcon.colcon_core.package_identification Level 1 _identify(src/moveit2/moveit_planners/ompl) by extension 'ignore_ament_install'
[0.472s] colcon.colcon_core.package_identification Level 1 _identify(src/moveit2/moveit_planners/ompl) by extensions ['colcon_pkg']
[0.472s] colcon.colcon_core.package_identification Level 1 _identify(src/moveit2/moveit_planners/ompl) by extension 'colcon_pkg'
[0.472s] colcon.colcon_core.package_identification Level 1 _identify(src/moveit2/moveit_planners/ompl) by extensions ['colcon_meta']
[0.472s] colcon.colcon_core.package_identification Level 1 _identify(src/moveit2/moveit_planners/ompl) by extension 'colcon_meta'
[0.472s] colcon.colcon_core.package_identification Level 1 _identify(src/moveit2/moveit_planners/ompl) by extensions ['ros']
[0.472s] colcon.colcon_core.package_identification Level 1 _identify(src/moveit2/moveit_planners/ompl) by extension 'ros'
[0.474s] colcon.colcon_core.package_identification DEBUG Package 'src/moveit2/moveit_planners/ompl' with type 'ros.ament_cmake' and name 'moveit_planners_ompl'
[0.474s] colcon.colcon_core.package_identification Level 1 _identify(src/moveit2/moveit_planners/pilz_industrial_motion_planner) by extensions ['ignore', 'ignore_ament_install']
[0.474s] colcon.colcon_core.package_identification Level 1 _identify(src/moveit2/moveit_planners/pilz_industrial_motion_planner) by extension 'ignore'
[0.474s] colcon.colcon_core.package_identification Level 1 _identify(src/moveit2/moveit_planners/pilz_industrial_motion_planner) by extension 'ignore_ament_install'
[0.474s] colcon.colcon_core.package_identification Level 1 _identify(src/moveit2/moveit_planners/pilz_industrial_motion_planner) by extensions ['colcon_pkg']
[0.474s] colcon.colcon_core.package_identification Level 1 _identify(src/moveit2/moveit_planners/pilz_industrial_motion_planner) by extension 'colcon_pkg'
[0.474s] colcon.colcon_core.package_identification Level 1 _identify(src/moveit2/moveit_planners/pilz_industrial_motion_planner) by extensions ['colcon_meta']
[0.474s] colcon.colcon_core.package_identification Level 1 _identify(src/moveit2/moveit_planners/pilz_industrial_motion_planner) by extension 'colcon_meta'
[0.474s] colcon.colcon_core.package_identification Level 1 _identify(src/moveit2/moveit_planners/pilz_industrial_motion_planner) by extensions ['ros']
[0.474s] colcon.colcon_core.package_identification Level 1 _identify(src/moveit2/moveit_planners/pilz_industrial_motion_planner) by extension 'ros'
[0.476s] colcon.colcon_core.package_identification DEBUG Package 'src/moveit2/moveit_planners/pilz_industrial_motion_planner' with type 'ros.ament_cmake' and name 'pilz_industrial_motion_planner'
[0.477s] colcon.colcon_core.package_identification Level 1 _identify(src/moveit2/moveit_planners/pilz_industrial_motion_planner_testutils) by extensions ['ignore', 'ignore_ament_install']
[0.477s] colcon.colcon_core.package_identification Level 1 _identify(src/moveit2/moveit_planners/pilz_industrial_motion_planner_testutils) by extension 'ignore'
[0.477s] colcon.colcon_core.package_identification Level 1 _identify(src/moveit2/moveit_planners/pilz_industrial_motion_planner_testutils) by extension 'ignore_ament_install'
[0.477s] colcon.colcon_core.package_identification Level 1 _identify(src/moveit2/moveit_planners/pilz_industrial_motion_planner_testutils) by extensions ['colcon_pkg']
[0.477s] colcon.colcon_core.package_identification Level 1 _identify(src/moveit2/moveit_planners/pilz_industrial_motion_planner_testutils) by extension 'colcon_pkg'
[0.477s] colcon.colcon_core.package_identification Level 1 _identify(src/moveit2/moveit_planners/pilz_industrial_motion_planner_testutils) by extensions ['colcon_meta']
[0.477s] colcon.colcon_core.package_identification Level 1 _identify(src/moveit2/moveit_planners/pilz_industrial_motion_planner_testutils) by extension 'colcon_meta'
[0.477s] colcon.colcon_core.package_identification Level 1 _identify(src/moveit2/moveit_planners/pilz_industrial_motion_planner_testutils) by extensions ['ros']
[0.477s] colcon.colcon_core.package_identification Level 1 _identify(src/moveit2/moveit_planners/pilz_industrial_motion_planner_testutils) by extension 'ros'
[0.478s] colcon.colcon_core.package_identification DEBUG Package 'src/moveit2/moveit_planners/pilz_industrial_motion_planner_testutils' with type 'ros.ament_cmake' and name 'pilz_industrial_motion_planner_testutils'
[0.478s] colcon.colcon_core.package_identification Level 1 _identify(src/moveit2/moveit_planners/test_configs) by extensions ['ignore', 'ignore_ament_install']
[0.478s] colcon.colcon_core.package_identification Level 1 _identify(src/moveit2/moveit_planners/test_configs) by extension 'ignore'
[0.478s] colcon.colcon_core.package_identification Level 1 _identify(src/moveit2/moveit_planners/test_configs) by extension 'ignore_ament_install'
[0.478s] colcon.colcon_core.package_identification Level 1 _identify(src/moveit2/moveit_planners/test_configs) by extensions ['colcon_pkg']
[0.478s] colcon.colcon_core.package_identification Level 1 _identify(src/moveit2/moveit_planners/test_configs) by extension 'colcon_pkg'
[0.478s] colcon.colcon_core.package_identification Level 1 _identify(src/moveit2/moveit_planners/test_configs) by extensions ['colcon_meta']
[0.479s] colcon.colcon_core.package_identification Level 1 _identify(src/moveit2/moveit_planners/test_configs) by extension 'colcon_meta'
[0.479s] colcon.colcon_core.package_identification Level 1 _identify(src/moveit2/moveit_planners/test_configs) by extensions ['ros']
[0.479s] colcon.colcon_core.package_identification Level 1 _identify(src/moveit2/moveit_planners/test_configs) by extension 'ros'
[0.479s] colcon.colcon_core.package_identification Level 1 _identify(src/moveit2/moveit_planners/test_configs) by extensions ['cmake', 'python']
[0.479s] colcon.colcon_core.package_identification Level 1 _identify(src/moveit2/moveit_planners/test_configs) by extension 'cmake'
[0.479s] colcon.colcon_core.package_identification Level 1 _identify(src/moveit2/moveit_planners/test_configs) by extension 'python'
[0.479s] colcon.colcon_core.package_identification Level 1 _identify(src/moveit2/moveit_planners/test_configs) by extensions ['python_setup_py']
[0.479s] colcon.colcon_core.package_identification Level 1 _identify(src/moveit2/moveit_planners/test_configs) by extension 'python_setup_py'
[0.479s] colcon.colcon_core.package_identification Level 1 _identify(src/moveit2/moveit_planners/test_configs/prbt_ikfast_manipulator_plugin) by extensions ['ignore', 'ignore_ament_install']
[0.479s] colcon.colcon_core.package_identification Level 1 _identify(src/moveit2/moveit_planners/test_configs/prbt_ikfast_manipulator_plugin) by extension 'ignore'
[0.479s] colcon.colcon_core.package_identification Level 1 _identify(src/moveit2/moveit_planners/test_configs/prbt_ikfast_manipulator_plugin) by extension 'ignore_ament_install'
[0.479s] colcon.colcon_core.package_identification Level 1 _identify(src/moveit2/moveit_planners/test_configs/prbt_ikfast_manipulator_plugin) by extensions ['colcon_pkg']
[0.479s] colcon.colcon_core.package_identification Level 1 _identify(src/moveit2/moveit_planners/test_configs/prbt_ikfast_manipulator_plugin) by extension 'colcon_pkg'
[0.479s] colcon.colcon_core.package_identification Level 1 _identify(src/moveit2/moveit_planners/test_configs/prbt_ikfast_manipulator_plugin) by extensions ['colcon_meta']
[0.479s] colcon.colcon_core.package_identification Level 1 _identify(src/moveit2/moveit_planners/test_configs/prbt_ikfast_manipulator_plugin) by extension 'colcon_meta'
[0.479s] colcon.colcon_core.package_identification Level 1 _identify(src/moveit2/moveit_planners/test_configs/prbt_ikfast_manipulator_plugin) by extensions ['ros']
[0.479s] colcon.colcon_core.package_identification Level 1 _identify(src/moveit2/moveit_planners/test_configs/prbt_ikfast_manipulator_plugin) by extension 'ros'
[0.480s] colcon.colcon_core.package_identification DEBUG Package 'src/moveit2/moveit_planners/test_configs/prbt_ikfast_manipulator_plugin' with type 'ros.ament_cmake' and name 'moveit_resources_prbt_ikfast_manipulator_plugin'
[0.480s] colcon.colcon_core.package_identification Level 1 _identify(src/moveit2/moveit_planners/test_configs/prbt_moveit_config) by extensions ['ignore', 'ignore_ament_install']
[0.481s] colcon.colcon_core.package_identification Level 1 _identify(src/moveit2/moveit_planners/test_configs/prbt_moveit_config) by extension 'ignore'
[0.481s] colcon.colcon_core.package_identification Level 1 _identify(src/moveit2/moveit_planners/test_configs/prbt_moveit_config) by extension 'ignore_ament_install'
[0.481s] colcon.colcon_core.package_identification Level 1 _identify(src/moveit2/moveit_planners/test_configs/prbt_moveit_config) by extensions ['colcon_pkg']
[0.481s] colcon.colcon_core.package_identification Level 1 _identify(src/moveit2/moveit_planners/test_configs/prbt_moveit_config) by extension 'colcon_pkg'
[0.481s] colcon.colcon_core.package_identification Level 1 _identify(src/moveit2/moveit_planners/test_configs/prbt_moveit_config) by extensions ['colcon_meta']
[0.481s] colcon.colcon_core.package_identification Level 1 _identify(src/moveit2/moveit_planners/test_configs/prbt_moveit_config) by extension 'colcon_meta'
[0.481s] colcon.colcon_core.package_identification Level 1 _identify(src/moveit2/moveit_planners/test_configs/prbt_moveit_config) by extensions ['ros']
[0.481s] colcon.colcon_core.package_identification Level 1 _identify(src/moveit2/moveit_planners/test_configs/prbt_moveit_config) by extension 'ros'
[0.482s] colcon.colcon_core.package_identification DEBUG Package 'src/moveit2/moveit_planners/test_configs/prbt_moveit_config' with type 'ros.ament_cmake' and name 'moveit_resources_prbt_moveit_config'
[0.482s] colcon.colcon_core.package_identification Level 1 _identify(src/moveit2/moveit_planners/test_configs/prbt_pg70_support) by extensions ['ignore', 'ignore_ament_install']
[0.482s] colcon.colcon_core.package_identification Level 1 _identify(src/moveit2/moveit_planners/test_configs/prbt_pg70_support) by extension 'ignore'
[0.482s] colcon.colcon_core.package_identification Level 1 _identify(src/moveit2/moveit_planners/test_configs/prbt_pg70_support) by extension 'ignore_ament_install'
[0.482s] colcon.colcon_core.package_identification Level 1 _identify(src/moveit2/moveit_planners/test_configs/prbt_pg70_support) by extensions ['colcon_pkg']
[0.482s] colcon.colcon_core.package_identification Level 1 _identify(src/moveit2/moveit_planners/test_configs/prbt_pg70_support) by extension 'colcon_pkg'
[0.482s] colcon.colcon_core.package_identification Level 1 _identify(src/moveit2/moveit_planners/test_configs/prbt_pg70_support) by extensions ['colcon_meta']
[0.482s] colcon.colcon_core.package_identification Level 1 _identify(src/moveit2/moveit_planners/test_configs/prbt_pg70_support) by extension 'colcon_meta'
[0.482s] colcon.colcon_core.package_identification Level 1 _identify(src/moveit2/moveit_planners/test_configs/prbt_pg70_support) by extensions ['ros']
[0.482s] colcon.colcon_core.package_identification Level 1 _identify(src/moveit2/moveit_planners/test_configs/prbt_pg70_support) by extension 'ros'
[0.483s] colcon.colcon_core.package_identification DEBUG Package 'src/moveit2/moveit_planners/test_configs/prbt_pg70_support' with type 'ros.ament_cmake' and name 'moveit_resources_prbt_pg70_support'
[0.483s] colcon.colcon_core.package_identification Level 1 _identify(src/moveit2/moveit_planners/test_configs/prbt_support) by extensions ['ignore', 'ignore_ament_install']
[0.483s] colcon.colcon_core.package_identification Level 1 _identify(src/moveit2/moveit_planners/test_configs/prbt_support) by extension 'ignore'
[0.483s] colcon.colcon_core.package_identification Level 1 _identify(src/moveit2/moveit_planners/test_configs/prbt_support) by extension 'ignore_ament_install'
[0.483s] colcon.colcon_core.package_identification Level 1 _identify(src/moveit2/moveit_planners/test_configs/prbt_support) by extensions ['colcon_pkg']
[0.483s] colcon.colcon_core.package_identification Level 1 _identify(src/moveit2/moveit_planners/test_configs/prbt_support) by extension 'colcon_pkg'
[0.484s] colcon.colcon_core.package_identification Level 1 _identify(src/moveit2/moveit_planners/test_configs/prbt_support) by extensions ['colcon_meta']
[0.484s] colcon.colcon_core.package_identification Level 1 _identify(src/moveit2/moveit_planners/test_configs/prbt_support) by extension 'colcon_meta'
[0.484s] colcon.colcon_core.package_identification Level 1 _identify(src/moveit2/moveit_planners/test_configs/prbt_support) by extensions ['ros']
[0.484s] colcon.colcon_core.package_identification Level 1 _identify(src/moveit2/moveit_planners/test_configs/prbt_support) by extension 'ros'
[0.484s] colcon.colcon_core.package_identification DEBUG Package 'src/moveit2/moveit_planners/test_configs/prbt_support' with type 'ros.ament_cmake' and name 'moveit_resources_prbt_support'
[0.484s] colcon.colcon_core.package_identification Level 1 _identify(src/moveit2/moveit_planners/trajopt) by extensions ['ignore', 'ignore_ament_install']
[0.485s] colcon.colcon_core.package_identification Level 1 _identify(src/moveit2/moveit_planners/trajopt) by extension 'ignore'
[0.485s] colcon.colcon_core.package_identification Level 1 _identify(src/moveit2/moveit_planners/trajopt) ignored
[0.485s] colcon.colcon_core.package_identification Level 1 _identify(src/moveit2/moveit_plugins) by extensions ['ignore', 'ignore_ament_install']
[0.485s] colcon.colcon_core.package_identification Level 1 _identify(src/moveit2/moveit_plugins) by extension 'ignore'
[0.485s] colcon.colcon_core.package_identification Level 1 _identify(src/moveit2/moveit_plugins) by extension 'ignore_ament_install'
[0.485s] colcon.colcon_core.package_identification Level 1 _identify(src/moveit2/moveit_plugins) by extensions ['colcon_pkg']
[0.485s] colcon.colcon_core.package_identification Level 1 _identify(src/moveit2/moveit_plugins) by extension 'colcon_pkg'
[0.485s] colcon.colcon_core.package_identification Level 1 _identify(src/moveit2/moveit_plugins) by extensions ['colcon_meta']
[0.485s] colcon.colcon_core.package_identification Level 1 _identify(src/moveit2/moveit_plugins) by extension 'colcon_meta'
[0.485s] colcon.colcon_core.package_identification Level 1 _identify(src/moveit2/moveit_plugins) by extensions ['ros']
[0.485s] colcon.colcon_core.package_identification Level 1 _identify(src/moveit2/moveit_plugins) by extension 'ros'
[0.485s] colcon.colcon_core.package_identification Level 1 _identify(src/moveit2/moveit_plugins) by extensions ['cmake', 'python']
[0.485s] colcon.colcon_core.package_identification Level 1 _identify(src/moveit2/moveit_plugins) by extension 'cmake'
[0.485s] colcon.colcon_core.package_identification Level 1 _identify(src/moveit2/moveit_plugins) by extension 'python'
[0.485s] colcon.colcon_core.package_identification Level 1 _identify(src/moveit2/moveit_plugins) by extensions ['python_setup_py']
[0.485s] colcon.colcon_core.package_identification Level 1 _identify(src/moveit2/moveit_plugins) by extension 'python_setup_py'
[0.485s] colcon.colcon_core.package_identification Level 1 _identify(src/moveit2/moveit_plugins/moveit_plugins) by extensions ['ignore', 'ignore_ament_install']
[0.485s] colcon.colcon_core.package_identification Level 1 _identify(src/moveit2/moveit_plugins/moveit_plugins) by extension 'ignore'
[0.486s] colcon.colcon_core.package_identification Level 1 _identify(src/moveit2/moveit_plugins/moveit_plugins) by extension 'ignore_ament_install'
[0.486s] colcon.colcon_core.package_identification Level 1 _identify(src/moveit2/moveit_plugins/moveit_plugins) by extensions ['colcon_pkg']
[0.486s] colcon.colcon_core.package_identification Level 1 _identify(src/moveit2/moveit_plugins/moveit_plugins) by extension 'colcon_pkg'
[0.486s] colcon.colcon_core.package_identification Level 1 _identify(src/moveit2/moveit_plugins/moveit_plugins) by extensions ['colcon_meta']
[0.486s] colcon.colcon_core.package_identification Level 1 _identify(src/moveit2/moveit_plugins/moveit_plugins) by extension 'colcon_meta'
[0.486s] colcon.colcon_core.package_identification Level 1 _identify(src/moveit2/moveit_plugins/moveit_plugins) by extensions ['ros']
[0.486s] colcon.colcon_core.package_identification Level 1 _identify(src/moveit2/moveit_plugins/moveit_plugins) by extension 'ros'
[0.486s] colcon.colcon_core.package_identification DEBUG Package 'src/moveit2/moveit_plugins/moveit_plugins' with type 'ros.ament_cmake' and name 'moveit_plugins'
[0.487s] colcon.colcon_core.package_identification Level 1 _identify(src/moveit2/moveit_plugins/moveit_ros_control_interface) by extensions ['ignore', 'ignore_ament_install']
[0.487s] colcon.colcon_core.package_identification Level 1 _identify(src/moveit2/moveit_plugins/moveit_ros_control_interface) by extension 'ignore'
[0.487s] colcon.colcon_core.package_identification Level 1 _identify(src/moveit2/moveit_plugins/moveit_ros_control_interface) by extension 'ignore_ament_install'
[0.487s] colcon.colcon_core.package_identification Level 1 _identify(src/moveit2/moveit_plugins/moveit_ros_control_interface) by extensions ['colcon_pkg']
[0.487s] colcon.colcon_core.package_identification Level 1 _identify(src/moveit2/moveit_plugins/moveit_ros_control_interface) by extension 'colcon_pkg'
[0.487s] colcon.colcon_core.package_identification Level 1 _identify(src/moveit2/moveit_plugins/moveit_ros_control_interface) by extensions ['colcon_meta']
[0.487s] colcon.colcon_core.package_identification Level 1 _identify(src/moveit2/moveit_plugins/moveit_ros_control_interface) by extension 'colcon_meta'
[0.487s] colcon.colcon_core.package_identification Level 1 _identify(src/moveit2/moveit_plugins/moveit_ros_control_interface) by extensions ['ros']
[0.487s] colcon.colcon_core.package_identification Level 1 _identify(src/moveit2/moveit_plugins/moveit_ros_control_interface) by extension 'ros'
[0.488s] colcon.colcon_core.package_identification DEBUG Package 'src/moveit2/moveit_plugins/moveit_ros_control_interface' with type 'ros.ament_cmake' and name 'moveit_ros_control_interface'
[0.488s] colcon.colcon_core.package_identification Level 1 _identify(src/moveit2/moveit_plugins/moveit_simple_controller_manager) by extensions ['ignore', 'ignore_ament_install']
[0.489s] colcon.colcon_core.package_identification Level 1 _identify(src/moveit2/moveit_plugins/moveit_simple_controller_manager) by extension 'ignore'
[0.489s] colcon.colcon_core.package_identification Level 1 _identify(src/moveit2/moveit_plugins/moveit_simple_controller_manager) by extension 'ignore_ament_install'
[0.489s] colcon.colcon_core.package_identification Level 1 _identify(src/moveit2/moveit_plugins/moveit_simple_controller_manager) by extensions ['colcon_pkg']
[0.489s] colcon.colcon_core.package_identification Level 1 _identify(src/moveit2/moveit_plugins/moveit_simple_controller_manager) by extension 'colcon_pkg'
[0.489s] colcon.colcon_core.package_identification Level 1 _identify(src/moveit2/moveit_plugins/moveit_simple_controller_manager) by extensions ['colcon_meta']
[0.489s] colcon.colcon_core.package_identification Level 1 _identify(src/moveit2/moveit_plugins/moveit_simple_controller_manager) by extension 'colcon_meta'
[0.489s] colcon.colcon_core.package_identification Level 1 _identify(src/moveit2/moveit_plugins/moveit_simple_controller_manager) by extensions ['ros']
[0.489s] colcon.colcon_core.package_identification Level 1 _identify(src/moveit2/moveit_plugins/moveit_simple_controller_manager) by extension 'ros'
[0.490s] colcon.colcon_core.package_identification DEBUG Package 'src/moveit2/moveit_plugins/moveit_simple_controller_manager' with type 'ros.ament_cmake' and name 'moveit_simple_controller_manager'
[0.490s] colcon.colcon_core.package_identification Level 1 _identify(src/moveit2/moveit_ros) by extensions ['ignore', 'ignore_ament_install']
[0.490s] colcon.colcon_core.package_identification Level 1 _identify(src/moveit2/moveit_ros) by extension 'ignore'
[0.490s] colcon.colcon_core.package_identification Level 1 _identify(src/moveit2/moveit_ros) by extension 'ignore_ament_install'
[0.490s] colcon.colcon_core.package_identification Level 1 _identify(src/moveit2/moveit_ros) by extensions ['colcon_pkg']
[0.490s] colcon.colcon_core.package_identification Level 1 _identify(src/moveit2/moveit_ros) by extension 'colcon_pkg'
[0.490s] colcon.colcon_core.package_identification Level 1 _identify(src/moveit2/moveit_ros) by extensions ['colcon_meta']
[0.490s] colcon.colcon_core.package_identification Level 1 _identify(src/moveit2/moveit_ros) by extension 'colcon_meta'
[0.491s] colcon.colcon_core.package_identification Level 1 _identify(src/moveit2/moveit_ros) by extensions ['ros']
[0.491s] colcon.colcon_core.package_identification Level 1 _identify(src/moveit2/moveit_ros) by extension 'ros'
[0.491s] colcon.colcon_core.package_identification Level 1 _identify(src/moveit2/moveit_ros) by extensions ['cmake', 'python']
[0.491s] colcon.colcon_core.package_identification Level 1 _identify(src/moveit2/moveit_ros) by extension 'cmake'
[0.491s] colcon.colcon_core.package_identification Level 1 _identify(src/moveit2/moveit_ros) by extension 'python'
[0.491s] colcon.colcon_core.package_identification Level 1 _identify(src/moveit2/moveit_ros) by extensions ['python_setup_py']
[0.491s] colcon.colcon_core.package_identification Level 1 _identify(src/moveit2/moveit_ros) by extension 'python_setup_py'
[0.491s] colcon.colcon_core.package_identification Level 1 _identify(src/moveit2/moveit_ros/benchmarks) by extensions ['ignore', 'ignore_ament_install']
[0.491s] colcon.colcon_core.package_identification Level 1 _identify(src/moveit2/moveit_ros/benchmarks) by extension 'ignore'
[0.491s] colcon.colcon_core.package_identification Level 1 _identify(src/moveit2/moveit_ros/benchmarks) by extension 'ignore_ament_install'
[0.491s] colcon.colcon_core.package_identification Level 1 _identify(src/moveit2/moveit_ros/benchmarks) by extensions ['colcon_pkg']
[0.491s] colcon.colcon_core.package_identification Level 1 _identify(src/moveit2/moveit_ros/benchmarks) by extension 'colcon_pkg'
[0.491s] colcon.colcon_core.package_identification Level 1 _identify(src/moveit2/moveit_ros/benchmarks) by extensions ['colcon_meta']
[0.491s] colcon.colcon_core.package_identification Level 1 _identify(src/moveit2/moveit_ros/benchmarks) by extension 'colcon_meta'
[0.491s] colcon.colcon_core.package_identification Level 1 _identify(src/moveit2/moveit_ros/benchmarks) by extensions ['ros']
[0.491s] colcon.colcon_core.package_identification Level 1 _identify(src/moveit2/moveit_ros/benchmarks) by extension 'ros'
[0.493s] colcon.colcon_core.package_identification DEBUG Package 'src/moveit2/moveit_ros/benchmarks' with type 'ros.ament_cmake' and name 'moveit_ros_benchmarks'
[0.493s] colcon.colcon_core.package_identification Level 1 _identify(src/moveit2/moveit_ros/hybrid_planning) by extensions ['ignore', 'ignore_ament_install']
[0.493s] colcon.colcon_core.package_identification Level 1 _identify(src/moveit2/moveit_ros/hybrid_planning) by extension 'ignore'
[0.493s] colcon.colcon_core.package_identification Level 1 _identify(src/moveit2/moveit_ros/hybrid_planning) by extension 'ignore_ament_install'
[0.493s] colcon.colcon_core.package_identification Level 1 _identify(src/moveit2/moveit_ros/hybrid_planning) by extensions ['colcon_pkg']
[0.493s] colcon.colcon_core.package_identification Level 1 _identify(src/moveit2/moveit_ros/hybrid_planning) by extension 'colcon_pkg'
[0.493s] colcon.colcon_core.package_identification Level 1 _identify(src/moveit2/moveit_ros/hybrid_planning) by extensions ['colcon_meta']
[0.493s] colcon.colcon_core.package_identification Level 1 _identify(src/moveit2/moveit_ros/hybrid_planning) by extension 'colcon_meta'
[0.493s] colcon.colcon_core.package_identification Level 1 _identify(src/moveit2/moveit_ros/hybrid_planning) by extensions ['ros']
[0.493s] colcon.colcon_core.package_identification Level 1 _identify(src/moveit2/moveit_ros/hybrid_planning) by extension 'ros'
[0.495s] colcon.colcon_core.package_identification DEBUG Package 'src/moveit2/moveit_ros/hybrid_planning' with type 'ros.ament_cmake' and name 'moveit_hybrid_planning'
[0.495s] colcon.colcon_core.package_identification Level 1 _identify(src/moveit2/moveit_ros/move_group) by extensions ['ignore', 'ignore_ament_install']
[0.496s] colcon.colcon_core.package_identification Level 1 _identify(src/moveit2/moveit_ros/move_group) by extension 'ignore'
[0.496s] colcon.colcon_core.package_identification Level 1 _identify(src/moveit2/moveit_ros/move_group) by extension 'ignore_ament_install'
[0.496s] colcon.colcon_core.package_identification Level 1 _identify(src/moveit2/moveit_ros/move_group) by extensions ['colcon_pkg']
[0.496s] colcon.colcon_core.package_identification Level 1 _identify(src/moveit2/moveit_ros/move_group) by extension 'colcon_pkg'
[0.496s] colcon.colcon_core.package_identification Level 1 _identify(src/moveit2/moveit_ros/move_group) by extensions ['colcon_meta']
[0.496s] colcon.colcon_core.package_identification Level 1 _identify(src/moveit2/moveit_ros/move_group) by extension 'colcon_meta'
[0.496s] colcon.colcon_core.package_identification Level 1 _identify(src/moveit2/moveit_ros/move_group) by extensions ['ros']
[0.496s] colcon.colcon_core.package_identification Level 1 _identify(src/moveit2/moveit_ros/move_group) by extension 'ros'
[0.498s] colcon.colcon_core.package_identification DEBUG Package 'src/moveit2/moveit_ros/move_group' with type 'ros.ament_cmake' and name 'moveit_ros_move_group'
[0.498s] colcon.colcon_core.package_identification Level 1 _identify(src/moveit2/moveit_ros/moveit_ros) by extensions ['ignore', 'ignore_ament_install']
[0.498s] colcon.colcon_core.package_identification Level 1 _identify(src/moveit2/moveit_ros/moveit_ros) by extension 'ignore'
[0.498s] colcon.colcon_core.package_identification Level 1 _identify(src/moveit2/moveit_ros/moveit_ros) by extension 'ignore_ament_install'
[0.498s] colcon.colcon_core.package_identification Level 1 _identify(src/moveit2/moveit_ros/moveit_ros) by extensions ['colcon_pkg']
[0.498s] colcon.colcon_core.package_identification Level 1 _identify(src/moveit2/moveit_ros/moveit_ros) by extension 'colcon_pkg'
[0.498s] colcon.colcon_core.package_identification Level 1 _identify(src/moveit2/moveit_ros/moveit_ros) by extensions ['colcon_meta']
[0.498s] colcon.colcon_core.package_identification Level 1 _identify(src/moveit2/moveit_ros/moveit_ros) by extension 'colcon_meta'
[0.498s] colcon.colcon_core.package_identification Level 1 _identify(src/moveit2/moveit_ros/moveit_ros) by extensions ['ros']
[0.498s] colcon.colcon_core.package_identification Level 1 _identify(src/moveit2/moveit_ros/moveit_ros) by extension 'ros'
[0.499s] colcon.colcon_core.package_identification DEBUG Package 'src/moveit2/moveit_ros/moveit_ros' with type 'ros.ament_cmake' and name 'moveit_ros'
[0.499s] colcon.colcon_core.package_identification Level 1 _identify(src/moveit2/moveit_ros/moveit_servo) by extensions ['ignore', 'ignore_ament_install']
[0.499s] colcon.colcon_core.package_identification Level 1 _identify(src/moveit2/moveit_ros/moveit_servo) by extension 'ignore'
[0.499s] colcon.colcon_core.package_identification Level 1 _identify(src/moveit2/moveit_ros/moveit_servo) by extension 'ignore_ament_install'
[0.499s] colcon.colcon_core.package_identification Level 1 _identify(src/moveit2/moveit_ros/moveit_servo) by extensions ['colcon_pkg']
[0.499s] colcon.colcon_core.package_identification Level 1 _identify(src/moveit2/moveit_ros/moveit_servo) by extension 'colcon_pkg'
[0.499s] colcon.colcon_core.package_identification Level 1 _identify(src/moveit2/moveit_ros/moveit_servo) by extensions ['colcon_meta']
[0.499s] colcon.colcon_core.package_identification Level 1 _identify(src/moveit2/moveit_ros/moveit_servo) by extension 'colcon_meta'
[0.499s] colcon.colcon_core.package_identification Level 1 _identify(src/moveit2/moveit_ros/moveit_servo) by extensions ['ros']
[0.499s] colcon.colcon_core.package_identification Level 1 _identify(src/moveit2/moveit_ros/moveit_servo) by extension 'ros'
[0.502s] colcon.colcon_core.package_identification DEBUG Package 'src/moveit2/moveit_ros/moveit_servo' with type 'ros.ament_cmake' and name 'moveit_servo'
[0.502s] colcon.colcon_core.package_identification Level 1 _identify(src/moveit2/moveit_ros/occupancy_map_monitor) by extensions ['ignore', 'ignore_ament_install']
[0.502s] colcon.colcon_core.package_identification Level 1 _identify(src/moveit2/moveit_ros/occupancy_map_monitor) by extension 'ignore'
[0.502s] colcon.colcon_core.package_identification Level 1 _identify(src/moveit2/moveit_ros/occupancy_map_monitor) by extension 'ignore_ament_install'
[0.502s] colcon.colcon_core.package_identification Level 1 _identify(src/moveit2/moveit_ros/occupancy_map_monitor) by extensions ['colcon_pkg']
[0.502s] colcon.colcon_core.package_identification Level 1 _identify(src/moveit2/moveit_ros/occupancy_map_monitor) by extension 'colcon_pkg'
[0.502s] colcon.colcon_core.package_identification Level 1 _identify(src/moveit2/moveit_ros/occupancy_map_monitor) by extensions ['colcon_meta']
[0.502s] colcon.colcon_core.package_identification Level 1 _identify(src/moveit2/moveit_ros/occupancy_map_monitor) by extension 'colcon_meta'
[0.502s] colcon.colcon_core.package_identification Level 1 _identify(src/moveit2/moveit_ros/occupancy_map_monitor) by extensions ['ros']
[0.502s] colcon.colcon_core.package_identification Level 1 _identify(src/moveit2/moveit_ros/occupancy_map_monitor) by extension 'ros'
[0.504s] colcon.colcon_core.package_identification DEBUG Package 'src/moveit2/moveit_ros/occupancy_map_monitor' with type 'ros.ament_cmake' and name 'moveit_ros_occupancy_map_monitor'
[0.504s] colcon.colcon_core.package_identification Level 1 _identify(src/moveit2/moveit_ros/perception) by extensions ['ignore', 'ignore_ament_install']
[0.504s] colcon.colcon_core.package_identification Level 1 _identify(src/moveit2/moveit_ros/perception) by extension 'ignore'
[0.504s] colcon.colcon_core.package_identification Level 1 _identify(src/moveit2/moveit_ros/perception) by extension 'ignore_ament_install'
[0.504s] colcon.colcon_core.package_identification Level 1 _identify(src/moveit2/moveit_ros/perception) by extensions ['colcon_pkg']
[0.504s] colcon.colcon_core.package_identification Level 1 _identify(src/moveit2/moveit_ros/perception) by extension 'colcon_pkg'
[0.504s] colcon.colcon_core.package_identification Level 1 _identify(src/moveit2/moveit_ros/perception) by extensions ['colcon_meta']
[0.504s] colcon.colcon_core.package_identification Level 1 _identify(src/moveit2/moveit_ros/perception) by extension 'colcon_meta'
[0.504s] colcon.colcon_core.package_identification Level 1 _identify(src/moveit2/moveit_ros/perception) by extensions ['ros']
[0.504s] colcon.colcon_core.package_identification Level 1 _identify(src/moveit2/moveit_ros/perception) by extension 'ros'
[0.507s] colcon.colcon_core.package_identification DEBUG Package 'src/moveit2/moveit_ros/perception' with type 'ros.ament_cmake' and name 'moveit_ros_perception'
[0.507s] colcon.colcon_core.package_identification Level 1 _identify(src/moveit2/moveit_ros/planning) by extensions ['ignore', 'ignore_ament_install']
[0.507s] colcon.colcon_core.package_identification Level 1 _identify(src/moveit2/moveit_ros/planning) by extension 'ignore'
[0.507s] colcon.colcon_core.package_identification Level 1 _identify(src/moveit2/moveit_ros/planning) by extension 'ignore_ament_install'
[0.507s] colcon.colcon_core.package_identification Level 1 _identify(src/moveit2/moveit_ros/planning) by extensions ['colcon_pkg']
[0.507s] colcon.colcon_core.package_identification Level 1 _identify(src/moveit2/moveit_ros/planning) by extension 'colcon_pkg'
[0.507s] colcon.colcon_core.package_identification Level 1 _identify(src/moveit2/moveit_ros/planning) by extensions ['colcon_meta']
[0.507s] colcon.colcon_core.package_identification Level 1 _identify(src/moveit2/moveit_ros/planning) by extension 'colcon_meta'
[0.507s] colcon.colcon_core.package_identification Level 1 _identify(src/moveit2/moveit_ros/planning) by extensions ['ros']
[0.508s] colcon.colcon_core.package_identification Level 1 _identify(src/moveit2/moveit_ros/planning) by extension 'ros'
[0.510s] colcon.colcon_core.package_identification DEBUG Package 'src/moveit2/moveit_ros/planning' with type 'ros.ament_cmake' and name 'moveit_ros_planning'
[0.510s] colcon.colcon_core.package_identification Level 1 _identify(src/moveit2/moveit_ros/planning_interface) by extensions ['ignore', 'ignore_ament_install']
[0.510s] colcon.colcon_core.package_identification Level 1 _identify(src/moveit2/moveit_ros/planning_interface) by extension 'ignore'
[0.510s] colcon.colcon_core.package_identification Level 1 _identify(src/moveit2/moveit_ros/planning_interface) by extension 'ignore_ament_install'
[0.510s] colcon.colcon_core.package_identification Level 1 _identify(src/moveit2/moveit_ros/planning_interface) by extensions ['colcon_pkg']
[0.510s] colcon.colcon_core.package_identification Level 1 _identify(src/moveit2/moveit_ros/planning_interface) by extension 'colcon_pkg'
[0.510s] colcon.colcon_core.package_identification Level 1 _identify(src/moveit2/moveit_ros/planning_interface) by extensions ['colcon_meta']
[0.510s] colcon.colcon_core.package_identification Level 1 _identify(src/moveit2/moveit_ros/planning_interface) by extension 'colcon_meta'
[0.510s] colcon.colcon_core.package_identification Level 1 _identify(src/moveit2/moveit_ros/planning_interface) by extensions ['ros']
[0.510s] colcon.colcon_core.package_identification Level 1 _identify(src/moveit2/moveit_ros/planning_interface) by extension 'ros'
[0.513s] colcon.colcon_core.package_identification DEBUG Package 'src/moveit2/moveit_ros/planning_interface' with type 'ros.ament_cmake' and name 'moveit_ros_planning_interface'
[0.513s] colcon.colcon_core.package_identification Level 1 _identify(src/moveit2/moveit_ros/robot_interaction) by extensions ['ignore', 'ignore_ament_install']
[0.513s] colcon.colcon_core.package_identification Level 1 _identify(src/moveit2/moveit_ros/robot_interaction) by extension 'ignore'
[0.513s] colcon.colcon_core.package_identification Level 1 _identify(src/moveit2/moveit_ros/robot_interaction) by extension 'ignore_ament_install'
[0.513s] colcon.colcon_core.package_identification Level 1 _identify(src/moveit2/moveit_ros/robot_interaction) by extensions ['colcon_pkg']
[0.513s] colcon.colcon_core.package_identification Level 1 _identify(src/moveit2/moveit_ros/robot_interaction) by extension 'colcon_pkg'
[0.513s] colcon.colcon_core.package_identification Level 1 _identify(src/moveit2/moveit_ros/robot_interaction) by extensions ['colcon_meta']
[0.513s] colcon.colcon_core.package_identification Level 1 _identify(src/moveit2/moveit_ros/robot_interaction) by extension 'colcon_meta'
[0.513s] colcon.colcon_core.package_identification Level 1 _identify(src/moveit2/moveit_ros/robot_interaction) by extensions ['ros']
[0.513s] colcon.colcon_core.package_identification Level 1 _identify(src/moveit2/moveit_ros/robot_interaction) by extension 'ros'
[0.515s] colcon.colcon_core.package_identification DEBUG Package 'src/moveit2/moveit_ros/robot_interaction' with type 'ros.ament_cmake' and name 'moveit_ros_robot_interaction'
[0.515s] colcon.colcon_core.package_identification Level 1 _identify(src/moveit2/moveit_ros/visualization) by extensions ['ignore', 'ignore_ament_install']
[0.515s] colcon.colcon_core.package_identification Level 1 _identify(src/moveit2/moveit_ros/visualization) by extension 'ignore'
[0.515s] colcon.colcon_core.package_identification Level 1 _identify(src/moveit2/moveit_ros/visualization) by extension 'ignore_ament_install'
[0.515s] colcon.colcon_core.package_identification Level 1 _identify(src/moveit2/moveit_ros/visualization) by extensions ['colcon_pkg']
[0.515s] colcon.colcon_core.package_identification Level 1 _identify(src/moveit2/moveit_ros/visualization) by extension 'colcon_pkg'
[0.515s] colcon.colcon_core.package_identification Level 1 _identify(src/moveit2/moveit_ros/visualization) by extensions ['colcon_meta']
[0.515s] colcon.colcon_core.package_identification Level 1 _identify(src/moveit2/moveit_ros/visualization) by extension 'colcon_meta'
[0.515s] colcon.colcon_core.package_identification Level 1 _identify(src/moveit2/moveit_ros/visualization) by extensions ['ros']
[0.515s] colcon.colcon_core.package_identification Level 1 _identify(src/moveit2/moveit_ros/visualization) by extension 'ros'
[0.517s] colcon.colcon_core.package_identification DEBUG Package 'src/moveit2/moveit_ros/visualization' with type 'ros.ament_cmake' and name 'moveit_ros_visualization'
[0.517s] colcon.colcon_core.package_identification Level 1 _identify(src/moveit2/moveit_ros/warehouse) by extensions ['ignore', 'ignore_ament_install']
[0.518s] colcon.colcon_core.package_identification Level 1 _identify(src/moveit2/moveit_ros/warehouse) by extension 'ignore'
[0.518s] colcon.colcon_core.package_identification Level 1 _identify(src/moveit2/moveit_ros/warehouse) by extension 'ignore_ament_install'
[0.518s] colcon.colcon_core.package_identification Level 1 _identify(src/moveit2/moveit_ros/warehouse) by extensions ['colcon_pkg']
[0.518s] colcon.colcon_core.package_identification Level 1 _identify(src/moveit2/moveit_ros/warehouse) by extension 'colcon_pkg'
[0.518s] colcon.colcon_core.package_identification Level 1 _identify(src/moveit2/moveit_ros/warehouse) by extensions ['colcon_meta']
[0.518s] colcon.colcon_core.package_identification Level 1 _identify(src/moveit2/moveit_ros/warehouse) by extension 'colcon_meta'
[0.518s] colcon.colcon_core.package_identification Level 1 _identify(src/moveit2/moveit_ros/warehouse) by extensions ['ros']
[0.518s] colcon.colcon_core.package_identification Level 1 _identify(src/moveit2/moveit_ros/warehouse) by extension 'ros'
[0.519s] colcon.colcon_core.package_identification DEBUG Package 'src/moveit2/moveit_ros/warehouse' with type 'ros.ament_cmake' and name 'moveit_ros_warehouse'
[0.519s] colcon.colcon_core.package_identification Level 1 _identify(src/moveit2/moveit_runtime) by extensions ['ignore', 'ignore_ament_install']
[0.519s] colcon.colcon_core.package_identification Level 1 _identify(src/moveit2/moveit_runtime) by extension 'ignore'
[0.519s] colcon.colcon_core.package_identification Level 1 _identify(src/moveit2/moveit_runtime) by extension 'ignore_ament_install'
[0.520s] colcon.colcon_core.package_identification Level 1 _identify(src/moveit2/moveit_runtime) by extensions ['colcon_pkg']
[0.520s] colcon.colcon_core.package_identification Level 1 _identify(src/moveit2/moveit_runtime) by extension 'colcon_pkg'
[0.520s] colcon.colcon_core.package_identification Level 1 _identify(src/moveit2/moveit_runtime) by extensions ['colcon_meta']
[0.520s] colcon.colcon_core.package_identification Level 1 _identify(src/moveit2/moveit_runtime) by extension 'colcon_meta'
[0.520s] colcon.colcon_core.package_identification Level 1 _identify(src/moveit2/moveit_runtime) by extensions ['ros']
[0.520s] colcon.colcon_core.package_identification Level 1 _identify(src/moveit2/moveit_runtime) by extension 'ros'
[0.521s] colcon.colcon_core.package_identification DEBUG Package 'src/moveit2/moveit_runtime' with type 'ros.ament_cmake' and name 'moveit_runtime'
[0.521s] colcon.colcon_core.package_identification Level 1 _identify(src/moveit2/moveit_setup_assistant) by extensions ['ignore', 'ignore_ament_install']
[0.521s] colcon.colcon_core.package_identification Level 1 _identify(src/moveit2/moveit_setup_assistant) by extension 'ignore'
[0.521s] colcon.colcon_core.package_identification Level 1 _identify(src/moveit2/moveit_setup_assistant) by extension 'ignore_ament_install'
[0.521s] colcon.colcon_core.package_identification Level 1 _identify(src/moveit2/moveit_setup_assistant) by extensions ['colcon_pkg']
[0.521s] colcon.colcon_core.package_identification Level 1 _identify(src/moveit2/moveit_setup_assistant) by extension 'colcon_pkg'
[0.521s] colcon.colcon_core.package_identification Level 1 _identify(src/moveit2/moveit_setup_assistant) by extensions ['colcon_meta']
[0.521s] colcon.colcon_core.package_identification Level 1 _identify(src/moveit2/moveit_setup_assistant) by extension 'colcon_meta'
[0.521s] colcon.colcon_core.package_identification Level 1 _identify(src/moveit2/moveit_setup_assistant) by extensions ['ros']
[0.521s] colcon.colcon_core.package_identification Level 1 _identify(src/moveit2/moveit_setup_assistant) by extension 'ros'
[0.521s] colcon.colcon_core.package_identification Level 1 _identify(src/moveit2/moveit_setup_assistant) by extensions ['cmake', 'python']
[0.521s] colcon.colcon_core.package_identification Level 1 _identify(src/moveit2/moveit_setup_assistant) by extension 'cmake'
[0.521s] colcon.colcon_core.package_identification Level 1 _identify(src/moveit2/moveit_setup_assistant) by extension 'python'
[0.521s] colcon.colcon_core.package_identification Level 1 _identify(src/moveit2/moveit_setup_assistant) by extensions ['python_setup_py']
[0.521s] colcon.colcon_core.package_identification Level 1 _identify(src/moveit2/moveit_setup_assistant) by extension 'python_setup_py'
[0.522s] colcon.colcon_core.package_identification Level 1 _identify(src/moveit2/moveit_setup_assistant/graphics) by extensions ['ignore', 'ignore_ament_install']
[0.522s] colcon.colcon_core.package_identification Level 1 _identify(src/moveit2/moveit_setup_assistant/graphics) by extension 'ignore'
[0.522s] colcon.colcon_core.package_identification Level 1 _identify(src/moveit2/moveit_setup_assistant/graphics) by extension 'ignore_ament_install'
[0.522s] colcon.colcon_core.package_identification Level 1 _identify(src/moveit2/moveit_setup_assistant/graphics) by extensions ['colcon_pkg']
[0.522s] colcon.colcon_core.package_identification Level 1 _identify(src/moveit2/moveit_setup_assistant/graphics) by extension 'colcon_pkg'
[0.522s] colcon.colcon_core.package_identification Level 1 _identify(src/moveit2/moveit_setup_assistant/graphics) by extensions ['colcon_meta']
[0.522s] colcon.colcon_core.package_identification Level 1 _identify(src/moveit2/moveit_setup_assistant/graphics) by extension 'colcon_meta'
[0.522s] colcon.colcon_core.package_identification Level 1 _identify(src/moveit2/moveit_setup_assistant/graphics) by extensions ['ros']
[0.522s] colcon.colcon_core.package_identification Level 1 _identify(src/moveit2/moveit_setup_assistant/graphics) by extension 'ros'
[0.522s] colcon.colcon_core.package_identification Level 1 _identify(src/moveit2/moveit_setup_assistant/graphics) by extensions ['cmake', 'python']
[0.522s] colcon.colcon_core.package_identification Level 1 _identify(src/moveit2/moveit_setup_assistant/graphics) by extension 'cmake'
[0.523s] colcon.colcon_core.package_identification Level 1 _identify(src/moveit2/moveit_setup_assistant/graphics) by extension 'python'
[0.523s] colcon.colcon_core.package_identification Level 1 _identify(src/moveit2/moveit_setup_assistant/graphics) by extensions ['python_setup_py']
[0.523s] colcon.colcon_core.package_identification Level 1 _identify(src/moveit2/moveit_setup_assistant/graphics) by extension 'python_setup_py'
[0.523s] colcon.colcon_core.package_identification Level 1 _identify(src/moveit2/moveit_setup_assistant/graphics/source) by extensions ['ignore', 'ignore_ament_install']
[0.523s] colcon.colcon_core.package_identification Level 1 _identify(src/moveit2/moveit_setup_assistant/graphics/source) by extension 'ignore'
[0.523s] colcon.colcon_core.package_identification Level 1 _identify(src/moveit2/moveit_setup_assistant/graphics/source) by extension 'ignore_ament_install'
[0.523s] colcon.colcon_core.package_identification Level 1 _identify(src/moveit2/moveit_setup_assistant/graphics/source) by extensions ['colcon_pkg']
[0.523s] colcon.colcon_core.package_identification Level 1 _identify(src/moveit2/moveit_setup_assistant/graphics/source) by extension 'colcon_pkg'
[0.523s] colcon.colcon_core.package_identification Level 1 _identify(src/moveit2/moveit_setup_assistant/graphics/source) by extensions ['colcon_meta']
[0.523s] colcon.colcon_core.package_identification Level 1 _identify(src/moveit2/moveit_setup_assistant/graphics/source) by extension 'colcon_meta'
[0.523s] colcon.colcon_core.package_identification Level 1 _identify(src/moveit2/moveit_setup_assistant/graphics/source) by extensions ['ros']
[0.523s] colcon.colcon_core.package_identification Level 1 _identify(src/moveit2/moveit_setup_assistant/graphics/source) by extension 'ros'
[0.523s] colcon.colcon_core.package_identification Level 1 _identify(src/moveit2/moveit_setup_assistant/graphics/source) by extensions ['cmake', 'python']
[0.523s] colcon.colcon_core.package_identification Level 1 _identify(src/moveit2/moveit_setup_assistant/graphics/source) by extension 'cmake'
[0.523s] colcon.colcon_core.package_identification Level 1 _identify(src/moveit2/moveit_setup_assistant/graphics/source) by extension 'python'
[0.523s] colcon.colcon_core.package_identification Level 1 _identify(src/moveit2/moveit_setup_assistant/graphics/source) by extensions ['python_setup_py']
[0.523s] colcon.colcon_core.package_identification Level 1 _identify(src/moveit2/moveit_setup_assistant/graphics/source) by extension 'python_setup_py'
[0.523s] colcon.colcon_core.package_identification Level 1 _identify(src/moveit2/moveit_setup_assistant/moveit_setup_app_plugins) by extensions ['ignore', 'ignore_ament_install']
[0.523s] colcon.colcon_core.package_identification Level 1 _identify(src/moveit2/moveit_setup_assistant/moveit_setup_app_plugins) by extension 'ignore'
[0.524s] colcon.colcon_core.package_identification Level 1 _identify(src/moveit2/moveit_setup_assistant/moveit_setup_app_plugins) by extension 'ignore_ament_install'
[0.524s] colcon.colcon_core.package_identification Level 1 _identify(src/moveit2/moveit_setup_assistant/moveit_setup_app_plugins) by extensions ['colcon_pkg']
[0.524s] colcon.colcon_core.package_identification Level 1 _identify(src/moveit2/moveit_setup_assistant/moveit_setup_app_plugins) by extension 'colcon_pkg'
[0.524s] colcon.colcon_core.package_identification Level 1 _identify(src/moveit2/moveit_setup_assistant/moveit_setup_app_plugins) by extensions ['colcon_meta']
[0.524s] colcon.colcon_core.package_identification Level 1 _identify(src/moveit2/moveit_setup_assistant/moveit_setup_app_plugins) by extension 'colcon_meta'
[0.524s] colcon.colcon_core.package_identification Level 1 _identify(src/moveit2/moveit_setup_assistant/moveit_setup_app_plugins) by extensions ['ros']
[0.524s] colcon.colcon_core.package_identification Level 1 _identify(src/moveit2/moveit_setup_assistant/moveit_setup_app_plugins) by extension 'ros'
[0.525s] colcon.colcon_core.package_identification DEBUG Package 'src/moveit2/moveit_setup_assistant/moveit_setup_app_plugins' with type 'ros.ament_cmake' and name 'moveit_setup_app_plugins'
[0.525s] colcon.colcon_core.package_identification Level 1 _identify(src/moveit2/moveit_setup_assistant/moveit_setup_assistant) by extensions ['ignore', 'ignore_ament_install']
[0.525s] colcon.colcon_core.package_identification Level 1 _identify(src/moveit2/moveit_setup_assistant/moveit_setup_assistant) by extension 'ignore'
[0.525s] colcon.colcon_core.package_identification Level 1 _identify(src/moveit2/moveit_setup_assistant/moveit_setup_assistant) by extension 'ignore_ament_install'
[0.525s] colcon.colcon_core.package_identification Level 1 _identify(src/moveit2/moveit_setup_assistant/moveit_setup_assistant) by extensions ['colcon_pkg']
[0.525s] colcon.colcon_core.package_identification Level 1 _identify(src/moveit2/moveit_setup_assistant/moveit_setup_assistant) by extension 'colcon_pkg'
[0.525s] colcon.colcon_core.package_identification Level 1 _identify(src/moveit2/moveit_setup_assistant/moveit_setup_assistant) by extensions ['colcon_meta']
[0.525s] colcon.colcon_core.package_identification Level 1 _identify(src/moveit2/moveit_setup_assistant/moveit_setup_assistant) by extension 'colcon_meta'
[0.526s] colcon.colcon_core.package_identification Level 1 _identify(src/moveit2/moveit_setup_assistant/moveit_setup_assistant) by extensions ['ros']
[0.526s] colcon.colcon_core.package_identification Level 1 _identify(src/moveit2/moveit_setup_assistant/moveit_setup_assistant) by extension 'ros'
[0.527s] colcon.colcon_core.package_identification DEBUG Package 'src/moveit2/moveit_setup_assistant/moveit_setup_assistant' with type 'ros.ament_cmake' and name 'moveit_setup_assistant'
[0.527s] colcon.colcon_core.package_identification Level 1 _identify(src/moveit2/moveit_setup_assistant/moveit_setup_controllers) by extensions ['ignore', 'ignore_ament_install']
[0.527s] colcon.colcon_core.package_identification Level 1 _identify(src/moveit2/moveit_setup_assistant/moveit_setup_controllers) by extension 'ignore'
[0.527s] colcon.colcon_core.package_identification Level 1 _identify(src/moveit2/moveit_setup_assistant/moveit_setup_controllers) by extension 'ignore_ament_install'
[0.527s] colcon.colcon_core.package_identification Level 1 _identify(src/moveit2/moveit_setup_assistant/moveit_setup_controllers) by extensions ['colcon_pkg']
[0.527s] colcon.colcon_core.package_identification Level 1 _identify(src/moveit2/moveit_setup_assistant/moveit_setup_controllers) by extension 'colcon_pkg'
[0.527s] colcon.colcon_core.package_identification Level 1 _identify(src/moveit2/moveit_setup_assistant/moveit_setup_controllers) by extensions ['colcon_meta']
[0.527s] colcon.colcon_core.package_identification Level 1 _identify(src/moveit2/moveit_setup_assistant/moveit_setup_controllers) by extension 'colcon_meta'
[0.527s] colcon.colcon_core.package_identification Level 1 _identify(src/moveit2/moveit_setup_assistant/moveit_setup_controllers) by extensions ['ros']
[0.527s] colcon.colcon_core.package_identification Level 1 _identify(src/moveit2/moveit_setup_assistant/moveit_setup_controllers) by extension 'ros'
[0.528s] colcon.colcon_core.package_identification DEBUG Package 'src/moveit2/moveit_setup_assistant/moveit_setup_controllers' with type 'ros.ament_cmake' and name 'moveit_setup_controllers'
[0.529s] colcon.colcon_core.package_identification Level 1 _identify(src/moveit2/moveit_setup_assistant/moveit_setup_core_plugins) by extensions ['ignore', 'ignore_ament_install']
[0.529s] colcon.colcon_core.package_identification Level 1 _identify(src/moveit2/moveit_setup_assistant/moveit_setup_core_plugins) by extension 'ignore'
[0.529s] colcon.colcon_core.package_identification Level 1 _identify(src/moveit2/moveit_setup_assistant/moveit_setup_core_plugins) by extension 'ignore_ament_install'
[0.529s] colcon.colcon_core.package_identification Level 1 _identify(src/moveit2/moveit_setup_assistant/moveit_setup_core_plugins) by extensions ['colcon_pkg']
[0.529s] colcon.colcon_core.package_identification Level 1 _identify(src/moveit2/moveit_setup_assistant/moveit_setup_core_plugins) by extension 'colcon_pkg'
[0.529s] colcon.colcon_core.package_identification Level 1 _identify(src/moveit2/moveit_setup_assistant/moveit_setup_core_plugins) by extensions ['colcon_meta']
[0.529s] colcon.colcon_core.package_identification Level 1 _identify(src/moveit2/moveit_setup_assistant/moveit_setup_core_plugins) by extension 'colcon_meta'
[0.529s] colcon.colcon_core.package_identification Level 1 _identify(src/moveit2/moveit_setup_assistant/moveit_setup_core_plugins) by extensions ['ros']
[0.529s] colcon.colcon_core.package_identification Level 1 _identify(src/moveit2/moveit_setup_assistant/moveit_setup_core_plugins) by extension 'ros'
[0.531s] colcon.colcon_core.package_identification DEBUG Package 'src/moveit2/moveit_setup_assistant/moveit_setup_core_plugins' with type 'ros.ament_cmake' and name 'moveit_setup_core_plugins'
[0.531s] colcon.colcon_core.package_identification Level 1 _identify(src/moveit2/moveit_setup_assistant/moveit_setup_framework) by extensions ['ignore', 'ignore_ament_install']
[0.531s] colcon.colcon_core.package_identification Level 1 _identify(src/moveit2/moveit_setup_assistant/moveit_setup_framework) by extension 'ignore'
[0.531s] colcon.colcon_core.package_identification Level 1 _identify(src/moveit2/moveit_setup_assistant/moveit_setup_framework) by extension 'ignore_ament_install'
[0.531s] colcon.colcon_core.package_identification Level 1 _identify(src/moveit2/moveit_setup_assistant/moveit_setup_framework) by extensions ['colcon_pkg']
[0.531s] colcon.colcon_core.package_identification Level 1 _identify(src/moveit2/moveit_setup_assistant/moveit_setup_framework) by extension 'colcon_pkg'
[0.531s] colcon.colcon_core.package_identification Level 1 _identify(src/moveit2/moveit_setup_assistant/moveit_setup_framework) by extensions ['colcon_meta']
[0.531s] colcon.colcon_core.package_identification Level 1 _identify(src/moveit2/moveit_setup_assistant/moveit_setup_framework) by extension 'colcon_meta'
[0.532s] colcon.colcon_core.package_identification Level 1 _identify(src/moveit2/moveit_setup_assistant/moveit_setup_framework) by extensions ['ros']
[0.532s] colcon.colcon_core.package_identification Level 1 _identify(src/moveit2/moveit_setup_assistant/moveit_setup_framework) by extension 'ros'
[0.533s] colcon.colcon_core.package_identification DEBUG Package 'src/moveit2/moveit_setup_assistant/moveit_setup_framework' with type 'ros.ament_cmake' and name 'moveit_setup_framework'
[0.533s] colcon.colcon_core.package_identification Level 1 _identify(src/moveit2/moveit_setup_assistant/moveit_setup_simulation) by extensions ['ignore', 'ignore_ament_install']
[0.533s] colcon.colcon_core.package_identification Level 1 _identify(src/moveit2/moveit_setup_assistant/moveit_setup_simulation) by extension 'ignore'
[0.533s] colcon.colcon_core.package_identification Level 1 _identify(src/moveit2/moveit_setup_assistant/moveit_setup_simulation) ignored
[0.533s] colcon.colcon_core.package_identification Level 1 _identify(src/moveit2/moveit_setup_assistant/moveit_setup_srdf_plugins) by extensions ['ignore', 'ignore_ament_install']
[0.534s] colcon.colcon_core.package_identification Level 1 _identify(src/moveit2/moveit_setup_assistant/moveit_setup_srdf_plugins) by extension 'ignore'
[0.534s] colcon.colcon_core.package_identification Level 1 _identify(src/moveit2/moveit_setup_assistant/moveit_setup_srdf_plugins) by extension 'ignore_ament_install'
[0.534s] colcon.colcon_core.package_identification Level 1 _identify(src/moveit2/moveit_setup_assistant/moveit_setup_srdf_plugins) by extensions ['colcon_pkg']
[0.534s] colcon.colcon_core.package_identification Level 1 _identify(src/moveit2/moveit_setup_assistant/moveit_setup_srdf_plugins) by extension 'colcon_pkg'
[0.534s] colcon.colcon_core.package_identification Level 1 _identify(src/moveit2/moveit_setup_assistant/moveit_setup_srdf_plugins) by extensions ['colcon_meta']
[0.534s] colcon.colcon_core.package_identification Level 1 _identify(src/moveit2/moveit_setup_assistant/moveit_setup_srdf_plugins) by extension 'colcon_meta'
[0.534s] colcon.colcon_core.package_identification Level 1 _identify(src/moveit2/moveit_setup_assistant/moveit_setup_srdf_plugins) by extensions ['ros']
[0.534s] colcon.colcon_core.package_identification Level 1 _identify(src/moveit2/moveit_setup_assistant/moveit_setup_srdf_plugins) by extension 'ros'
[0.535s] colcon.colcon_core.package_identification DEBUG Package 'src/moveit2/moveit_setup_assistant/moveit_setup_srdf_plugins' with type 'ros.ament_cmake' and name 'moveit_setup_srdf_plugins'
[0.535s] colcon.colcon_core.package_identification Level 1 _identify(src/moveit2/moveit_setup_assistant/unported_templates) by extensions ['ignore', 'ignore_ament_install']
[0.535s] colcon.colcon_core.package_identification Level 1 _identify(src/moveit2/moveit_setup_assistant/unported_templates) by extension 'ignore'
[0.535s] colcon.colcon_core.package_identification Level 1 _identify(src/moveit2/moveit_setup_assistant/unported_templates) by extension 'ignore_ament_install'
[0.535s] colcon.colcon_core.package_identification Level 1 _identify(src/moveit2/moveit_setup_assistant/unported_templates) by extensions ['colcon_pkg']
[0.535s] colcon.colcon_core.package_identification Level 1 _identify(src/moveit2/moveit_setup_assistant/unported_templates) by extension 'colcon_pkg'
[0.535s] colcon.colcon_core.package_identification Level 1 _identify(src/moveit2/moveit_setup_assistant/unported_templates) by extensions ['colcon_meta']
[0.535s] colcon.colcon_core.package_identification Level 1 _identify(src/moveit2/moveit_setup_assistant/unported_templates) by extension 'colcon_meta'
[0.535s] colcon.colcon_core.package_identification Level 1 _identify(src/moveit2/moveit_setup_assistant/unported_templates) by extensions ['ros']
[0.535s] colcon.colcon_core.package_identification Level 1 _identify(src/moveit2/moveit_setup_assistant/unported_templates) by extension 'ros'
[0.535s] colcon.colcon_core.package_identification Level 1 _identify(src/moveit2/moveit_setup_assistant/unported_templates) by extensions ['cmake', 'python']
[0.535s] colcon.colcon_core.package_identification Level 1 _identify(src/moveit2/moveit_setup_assistant/unported_templates) by extension 'cmake'
[0.535s] colcon.colcon_core.package_identification Level 1 _identify(src/moveit2/moveit_setup_assistant/unported_templates) by extension 'python'
[0.535s] colcon.colcon_core.package_identification Level 1 _identify(src/moveit2/moveit_setup_assistant/unported_templates) by extensions ['python_setup_py']
[0.535s] colcon.colcon_core.package_identification Level 1 _identify(src/moveit2/moveit_setup_assistant/unported_templates) by extension 'python_setup_py'
[0.536s] colcon.colcon_core.package_identification Level 1 _identify(src/moveit2_tutorials) by extensions ['ignore', 'ignore_ament_install']
[0.536s] colcon.colcon_core.package_identification Level 1 _identify(src/moveit2_tutorials) by extension 'ignore'
[0.536s] colcon.colcon_core.package_identification Level 1 _identify(src/moveit2_tutorials) by extension 'ignore_ament_install'
[0.536s] colcon.colcon_core.package_identification Level 1 _identify(src/moveit2_tutorials) by extensions ['colcon_pkg']
[0.536s] colcon.colcon_core.package_identification Level 1 _identify(src/moveit2_tutorials) by extension 'colcon_pkg'
[0.536s] colcon.colcon_core.package_identification Level 1 _identify(src/moveit2_tutorials) by extensions ['colcon_meta']
[0.536s] colcon.colcon_core.package_identification Level 1 _identify(src/moveit2_tutorials) by extension 'colcon_meta'
[0.536s] colcon.colcon_core.package_identification Level 1 _identify(src/moveit2_tutorials) by extensions ['ros']
[0.536s] colcon.colcon_core.package_identification Level 1 _identify(src/moveit2_tutorials) by extension 'ros'
[0.538s] colcon.colcon_core.package_identification DEBUG Package 'src/moveit2_tutorials' with type 'ros.ament_cmake' and name 'moveit2_tutorials'
[0.539s] colcon.colcon_core.package_identification Level 1 _identify(src/moveit_config) by extensions ['ignore', 'ignore_ament_install']
[0.539s] colcon.colcon_core.package_identification Level 1 _identify(src/moveit_config) by extension 'ignore'
[0.539s] colcon.colcon_core.package_identification Level 1 _identify(src/moveit_config) by extension 'ignore_ament_install'
[0.539s] colcon.colcon_core.package_identification Level 1 _identify(src/moveit_config) by extensions ['colcon_pkg']
[0.539s] colcon.colcon_core.package_identification Level 1 _identify(src/moveit_config) by extension 'colcon_pkg'
[0.539s] colcon.colcon_core.package_identification Level 1 _identify(src/moveit_config) by extensions ['colcon_meta']
[0.539s] colcon.colcon_core.package_identification Level 1 _identify(src/moveit_config) by extension 'colcon_meta'
[0.539s] colcon.colcon_core.package_identification Level 1 _identify(src/moveit_config) by extensions ['ros']
[0.539s] colcon.colcon_core.package_identification Level 1 _identify(src/moveit_config) by extension 'ros'
[0.540s] colcon.colcon_core.package_identification DEBUG Package 'src/moveit_config' with type 'ros.ament_cmake' and name 'moveit_config'
[0.540s] colcon.colcon_core.package_identification Level 1 _identify(src/moveit_r2_config) by extensions ['ignore', 'ignore_ament_install']
[0.541s] colcon.colcon_core.package_identification Level 1 _identify(src/moveit_r2_config) by extension 'ignore'
[0.541s] colcon.colcon_core.package_identification Level 1 _identify(src/moveit_r2_config) by extension 'ignore_ament_install'
[0.541s] colcon.colcon_core.package_identification Level 1 _identify(src/moveit_r2_config) by extensions ['colcon_pkg']
[0.541s] colcon.colcon_core.package_identification Level 1 _identify(src/moveit_r2_config) by extension 'colcon_pkg'
[0.541s] colcon.colcon_core.package_identification Level 1 _identify(src/moveit_r2_config) by extensions ['colcon_meta']
[0.541s] colcon.colcon_core.package_identification Level 1 _identify(src/moveit_r2_config) by extension 'colcon_meta'
[0.541s] colcon.colcon_core.package_identification Level 1 _identify(src/moveit_r2_config) by extensions ['ros']
[0.541s] colcon.colcon_core.package_identification Level 1 _identify(src/moveit_r2_config) by extension 'ros'
[0.542s] colcon.colcon_core.package_identification DEBUG Package 'src/moveit_r2_config' with type 'ros.ament_cmake' and name 'moveit_r2_config'
[0.542s] colcon.colcon_core.package_identification Level 1 _identify(src/moveit_resources) by extensions ['ignore', 'ignore_ament_install']
[0.542s] colcon.colcon_core.package_identification Level 1 _identify(src/moveit_resources) by extension 'ignore'
[0.542s] colcon.colcon_core.package_identification Level 1 _identify(src/moveit_resources) by extension 'ignore_ament_install'
[0.542s] colcon.colcon_core.package_identification Level 1 _identify(src/moveit_resources) by extensions ['colcon_pkg']
[0.542s] colcon.colcon_core.package_identification Level 1 _identify(src/moveit_resources) by extension 'colcon_pkg'
[0.542s] colcon.colcon_core.package_identification Level 1 _identify(src/moveit_resources) by extensions ['colcon_meta']
[0.542s] colcon.colcon_core.package_identification Level 1 _identify(src/moveit_resources) by extension 'colcon_meta'
[0.542s] colcon.colcon_core.package_identification Level 1 _identify(src/moveit_resources) by extensions ['ros']
[0.542s] colcon.colcon_core.package_identification Level 1 _identify(src/moveit_resources) by extension 'ros'
[0.543s] colcon.colcon_core.package_identification Level 1 _identify(src/moveit_resources) by extensions ['cmake', 'python']
[0.543s] colcon.colcon_core.package_identification Level 1 _identify(src/moveit_resources) by extension 'cmake'
[0.543s] colcon.colcon_core.package_identification Level 1 _identify(src/moveit_resources) by extension 'python'
[0.543s] colcon.colcon_core.package_identification Level 1 _identify(src/moveit_resources) by extensions ['python_setup_py']
[0.543s] colcon.colcon_core.package_identification Level 1 _identify(src/moveit_resources) by extension 'python_setup_py'
[0.543s] colcon.colcon_core.package_identification Level 1 _identify(src/moveit_resources/fanuc_description) by extensions ['ignore', 'ignore_ament_install']
[0.543s] colcon.colcon_core.package_identification Level 1 _identify(src/moveit_resources/fanuc_description) by extension 'ignore'
[0.543s] colcon.colcon_core.package_identification Level 1 _identify(src/moveit_resources/fanuc_description) by extension 'ignore_ament_install'
[0.543s] colcon.colcon_core.package_identification Level 1 _identify(src/moveit_resources/fanuc_description) by extensions ['colcon_pkg']
[0.543s] colcon.colcon_core.package_identification Level 1 _identify(src/moveit_resources/fanuc_description) by extension 'colcon_pkg'
[0.543s] colcon.colcon_core.package_identification Level 1 _identify(src/moveit_resources/fanuc_description) by extensions ['colcon_meta']
[0.543s] colcon.colcon_core.package_identification Level 1 _identify(src/moveit_resources/fanuc_description) by extension 'colcon_meta'
[0.543s] colcon.colcon_core.package_identification Level 1 _identify(src/moveit_resources/fanuc_description) by extensions ['ros']
[0.543s] colcon.colcon_core.package_identification Level 1 _identify(src/moveit_resources/fanuc_description) by extension 'ros'
[0.544s] colcon.colcon_core.package_identification DEBUG Package 'src/moveit_resources/fanuc_description' with type 'ros.ament_cmake' and name 'moveit_resources_fanuc_description'
[0.544s] colcon.colcon_core.package_identification Level 1 _identify(src/moveit_resources/fanuc_moveit_config) by extensions ['ignore', 'ignore_ament_install']
[0.544s] colcon.colcon_core.package_identification Level 1 _identify(src/moveit_resources/fanuc_moveit_config) by extension 'ignore'
[0.544s] colcon.colcon_core.package_identification Level 1 _identify(src/moveit_resources/fanuc_moveit_config) by extension 'ignore_ament_install'
[0.544s] colcon.colcon_core.package_identification Level 1 _identify(src/moveit_resources/fanuc_moveit_config) by extensions ['colcon_pkg']
[0.544s] colcon.colcon_core.package_identification Level 1 _identify(src/moveit_resources/fanuc_moveit_config) by extension 'colcon_pkg'
[0.544s] colcon.colcon_core.package_identification Level 1 _identify(src/moveit_resources/fanuc_moveit_config) by extensions ['colcon_meta']
[0.544s] colcon.colcon_core.package_identification Level 1 _identify(src/moveit_resources/fanuc_moveit_config) by extension 'colcon_meta'
[0.545s] colcon.colcon_core.package_identification Level 1 _identify(src/moveit_resources/fanuc_moveit_config) by extensions ['ros']
[0.545s] colcon.colcon_core.package_identification Level 1 _identify(src/moveit_resources/fanuc_moveit_config) by extension 'ros'
[0.545s] colcon.colcon_core.package_identification DEBUG Package 'src/moveit_resources/fanuc_moveit_config' with type 'ros.ament_cmake' and name 'moveit_resources_fanuc_moveit_config'
[0.545s] colcon.colcon_core.package_identification Level 1 _identify(src/moveit_resources/moveit_resources) by extensions ['ignore', 'ignore_ament_install']
[0.546s] colcon.colcon_core.package_identification Level 1 _identify(src/moveit_resources/moveit_resources) by extension 'ignore'
[0.546s] colcon.colcon_core.package_identification Level 1 _identify(src/moveit_resources/moveit_resources) by extension 'ignore_ament_install'
[0.546s] colcon.colcon_core.package_identification Level 1 _identify(src/moveit_resources/moveit_resources) by extensions ['colcon_pkg']
[0.546s] colcon.colcon_core.package_identification Level 1 _identify(src/moveit_resources/moveit_resources) by extension 'colcon_pkg'
[0.546s] colcon.colcon_core.package_identification Level 1 _identify(src/moveit_resources/moveit_resources) by extensions ['colcon_meta']
[0.546s] colcon.colcon_core.package_identification Level 1 _identify(src/moveit_resources/moveit_resources) by extension 'colcon_meta'
[0.546s] colcon.colcon_core.package_identification Level 1 _identify(src/moveit_resources/moveit_resources) by extensions ['ros']
[0.546s] colcon.colcon_core.package_identification Level 1 _identify(src/moveit_resources/moveit_resources) by extension 'ros'
[0.547s] colcon.colcon_core.package_identification DEBUG Package 'src/moveit_resources/moveit_resources' with type 'ros.ament_cmake' and name 'moveit_resources'
[0.547s] colcon.colcon_core.package_identification Level 1 _identify(src/moveit_resources/panda_description) by extensions ['ignore', 'ignore_ament_install']
[0.547s] colcon.colcon_core.package_identification Level 1 _identify(src/moveit_resources/panda_description) by extension 'ignore'
[0.547s] colcon.colcon_core.package_identification Level 1 _identify(src/moveit_resources/panda_description) by extension 'ignore_ament_install'
[0.547s] colcon.colcon_core.package_identification Level 1 _identify(src/moveit_resources/panda_description) by extensions ['colcon_pkg']
[0.547s] colcon.colcon_core.package_identification Level 1 _identify(src/moveit_resources/panda_description) by extension 'colcon_pkg'
[0.547s] colcon.colcon_core.package_identification Level 1 _identify(src/moveit_resources/panda_description) by extensions ['colcon_meta']
[0.547s] colcon.colcon_core.package_identification Level 1 _identify(src/moveit_resources/panda_description) by extension 'colcon_meta'
[0.547s] colcon.colcon_core.package_identification Level 1 _identify(src/moveit_resources/panda_description) by extensions ['ros']
[0.547s] colcon.colcon_core.package_identification Level 1 _identify(src/moveit_resources/panda_description) by extension 'ros'
[0.548s] colcon.colcon_core.package_identification DEBUG Package 'src/moveit_resources/panda_description' with type 'ros.ament_cmake' and name 'moveit_resources_panda_description'
[0.548s] colcon.colcon_core.package_identification Level 1 _identify(src/moveit_resources/panda_moveit_config) by extensions ['ignore', 'ignore_ament_install']
[0.548s] colcon.colcon_core.package_identification Level 1 _identify(src/moveit_resources/panda_moveit_config) by extension 'ignore'
[0.548s] colcon.colcon_core.package_identification Level 1 _identify(src/moveit_resources/panda_moveit_config) by extension 'ignore_ament_install'
[0.548s] colcon.colcon_core.package_identification Level 1 _identify(src/moveit_resources/panda_moveit_config) by extensions ['colcon_pkg']
[0.548s] colcon.colcon_core.package_identification Level 1 _identify(src/moveit_resources/panda_moveit_config) by extension 'colcon_pkg'
[0.548s] colcon.colcon_core.package_identification Level 1 _identify(src/moveit_resources/panda_moveit_config) by extensions ['colcon_meta']
[0.548s] colcon.colcon_core.package_identification Level 1 _identify(src/moveit_resources/panda_moveit_config) by extension 'colcon_meta'
[0.548s] colcon.colcon_core.package_identification Level 1 _identify(src/moveit_resources/panda_moveit_config) by extensions ['ros']
[0.548s] colcon.colcon_core.package_identification Level 1 _identify(src/moveit_resources/panda_moveit_config) by extension 'ros'
[0.549s] colcon.colcon_core.package_identification DEBUG Package 'src/moveit_resources/panda_moveit_config' with type 'ros.ament_cmake' and name 'moveit_resources_panda_moveit_config'
[0.549s] colcon.colcon_core.package_identification Level 1 _identify(src/moveit_resources/pr2_description) by extensions ['ignore', 'ignore_ament_install']
[0.549s] colcon.colcon_core.package_identification Level 1 _identify(src/moveit_resources/pr2_description) by extension 'ignore'
[0.549s] colcon.colcon_core.package_identification Level 1 _identify(src/moveit_resources/pr2_description) by extension 'ignore_ament_install'
[0.549s] colcon.colcon_core.package_identification Level 1 _identify(src/moveit_resources/pr2_description) by extensions ['colcon_pkg']
[0.549s] colcon.colcon_core.package_identification Level 1 _identify(src/moveit_resources/pr2_description) by extension 'colcon_pkg'
[0.549s] colcon.colcon_core.package_identification Level 1 _identify(src/moveit_resources/pr2_description) by extensions ['colcon_meta']
[0.549s] colcon.colcon_core.package_identification Level 1 _identify(src/moveit_resources/pr2_description) by extension 'colcon_meta'
[0.549s] colcon.colcon_core.package_identification Level 1 _identify(src/moveit_resources/pr2_description) by extensions ['ros']
[0.549s] colcon.colcon_core.package_identification Level 1 _identify(src/moveit_resources/pr2_description) by extension 'ros'
[0.550s] colcon.colcon_core.package_identification DEBUG Package 'src/moveit_resources/pr2_description' with type 'ros.ament_cmake' and name 'moveit_resources_pr2_description'
[0.550s] colcon.colcon_core.package_identification Level 1 _identify(src/moveit_task_constructor) by extensions ['ignore', 'ignore_ament_install']
[0.550s] colcon.colcon_core.package_identification Level 1 _identify(src/moveit_task_constructor) by extension 'ignore'
[0.550s] colcon.colcon_core.package_identification Level 1 _identify(src/moveit_task_constructor) by extension 'ignore_ament_install'
[0.551s] colcon.colcon_core.package_identification Level 1 _identify(src/moveit_task_constructor) by extensions ['colcon_pkg']
[0.551s] colcon.colcon_core.package_identification Level 1 _identify(src/moveit_task_constructor) by extension 'colcon_pkg'
[0.551s] colcon.colcon_core.package_identification Level 1 _identify(src/moveit_task_constructor) by extensions ['colcon_meta']
[0.551s] colcon.colcon_core.package_identification Level 1 _identify(src/moveit_task_constructor) by extension 'colcon_meta'
[0.551s] colcon.colcon_core.package_identification Level 1 _identify(src/moveit_task_constructor) by extensions ['ros']
[0.551s] colcon.colcon_core.package_identification Level 1 _identify(src/moveit_task_constructor) by extension 'ros'
[0.551s] colcon.colcon_core.package_identification Level 1 _identify(src/moveit_task_constructor) by extensions ['cmake', 'python']
[0.551s] colcon.colcon_core.package_identification Level 1 _identify(src/moveit_task_constructor) by extension 'cmake'
[0.551s] colcon.colcon_core.package_identification Level 1 _identify(src/moveit_task_constructor) by extension 'python'
[0.551s] colcon.colcon_core.package_identification Level 1 _identify(src/moveit_task_constructor) by extensions ['python_setup_py']
[0.551s] colcon.colcon_core.package_identification Level 1 _identify(src/moveit_task_constructor) by extension 'python_setup_py'
[0.551s] colcon.colcon_core.package_identification Level 1 _identify(src/moveit_task_constructor/capabilities) by extensions ['ignore', 'ignore_ament_install']
[0.551s] colcon.colcon_core.package_identification Level 1 _identify(src/moveit_task_constructor/capabilities) by extension 'ignore'
[0.551s] colcon.colcon_core.package_identification Level 1 _identify(src/moveit_task_constructor/capabilities) by extension 'ignore_ament_install'
[0.551s] colcon.colcon_core.package_identification Level 1 _identify(src/moveit_task_constructor/capabilities) by extensions ['colcon_pkg']
[0.551s] colcon.colcon_core.package_identification Level 1 _identify(src/moveit_task_constructor/capabilities) by extension 'colcon_pkg'
[0.551s] colcon.colcon_core.package_identification Level 1 _identify(src/moveit_task_constructor/capabilities) by extensions ['colcon_meta']
[0.551s] colcon.colcon_core.package_identification Level 1 _identify(src/moveit_task_constructor/capabilities) by extension 'colcon_meta'
[0.551s] colcon.colcon_core.package_identification Level 1 _identify(src/moveit_task_constructor/capabilities) by extensions ['ros']
[0.551s] colcon.colcon_core.package_identification Level 1 _identify(src/moveit_task_constructor/capabilities) by extension 'ros'
[0.553s] colcon.colcon_core.package_identification DEBUG Package 'src/moveit_task_constructor/capabilities' with type 'ros.ament_cmake' and name 'moveit_task_constructor_capabilities'
[0.553s] colcon.colcon_core.package_identification Level 1 _identify(src/moveit_task_constructor/core) by extensions ['ignore', 'ignore_ament_install']
[0.553s] colcon.colcon_core.package_identification Level 1 _identify(src/moveit_task_constructor/core) by extension 'ignore'
[0.553s] colcon.colcon_core.package_identification Level 1 _identify(src/moveit_task_constructor/core) by extension 'ignore_ament_install'
[0.553s] colcon.colcon_core.package_identification Level 1 _identify(src/moveit_task_constructor/core) by extensions ['colcon_pkg']
[0.553s] colcon.colcon_core.package_identification Level 1 _identify(src/moveit_task_constructor/core) by extension 'colcon_pkg'
[0.553s] colcon.colcon_core.package_identification Level 1 _identify(src/moveit_task_constructor/core) by extensions ['colcon_meta']
[0.553s] colcon.colcon_core.package_identification Level 1 _identify(src/moveit_task_constructor/core) by extension 'colcon_meta'
[0.553s] colcon.colcon_core.package_identification Level 1 _identify(src/moveit_task_constructor/core) by extensions ['ros']
[0.553s] colcon.colcon_core.package_identification Level 1 _identify(src/moveit_task_constructor/core) by extension 'ros'
[0.555s] colcon.colcon_core.package_identification DEBUG Package 'src/moveit_task_constructor/core' with type 'ros.ament_cmake' and name 'moveit_task_constructor_core'
[0.555s] colcon.colcon_core.package_identification Level 1 _identify(src/moveit_task_constructor/demo) by extensions ['ignore', 'ignore_ament_install']
[0.555s] colcon.colcon_core.package_identification Level 1 _identify(src/moveit_task_constructor/demo) by extension 'ignore'
[0.555s] colcon.colcon_core.package_identification Level 1 _identify(src/moveit_task_constructor/demo) by extension 'ignore_ament_install'
[0.555s] colcon.colcon_core.package_identification Level 1 _identify(src/moveit_task_constructor/demo) by extensions ['colcon_pkg']
[0.555s] colcon.colcon_core.package_identification Level 1 _identify(src/moveit_task_constructor/demo) by extension 'colcon_pkg'
[0.555s] colcon.colcon_core.package_identification Level 1 _identify(src/moveit_task_constructor/demo) by extensions ['colcon_meta']
[0.555s] colcon.colcon_core.package_identification Level 1 _identify(src/moveit_task_constructor/demo) by extension 'colcon_meta'
[0.555s] colcon.colcon_core.package_identification Level 1 _identify(src/moveit_task_constructor/demo) by extensions ['ros']
[0.555s] colcon.colcon_core.package_identification Level 1 _identify(src/moveit_task_constructor/demo) by extension 'ros'
[0.556s] colcon.colcon_core.package_identification DEBUG Package 'src/moveit_task_constructor/demo' with type 'ros.ament_cmake' and name 'moveit_task_constructor_demo'
[0.556s] colcon.colcon_core.package_identification Level 1 _identify(src/moveit_task_constructor/msgs) by extensions ['ignore', 'ignore_ament_install']
[0.557s] colcon.colcon_core.package_identification Level 1 _identify(src/moveit_task_constructor/msgs) by extension 'ignore'
[0.557s] colcon.colcon_core.package_identification Level 1 _identify(src/moveit_task_constructor/msgs) by extension 'ignore_ament_install'
[0.557s] colcon.colcon_core.package_identification Level 1 _identify(src/moveit_task_constructor/msgs) by extensions ['colcon_pkg']
[0.557s] colcon.colcon_core.package_identification Level 1 _identify(src/moveit_task_constructor/msgs) by extension 'colcon_pkg'
[0.557s] colcon.colcon_core.package_identification Level 1 _identify(src/moveit_task_constructor/msgs) by extensions ['colcon_meta']
[0.557s] colcon.colcon_core.package_identification Level 1 _identify(src/moveit_task_constructor/msgs) by extension 'colcon_meta'
[0.557s] colcon.colcon_core.package_identification Level 1 _identify(src/moveit_task_constructor/msgs) by extensions ['ros']
[0.557s] colcon.colcon_core.package_identification Level 1 _identify(src/moveit_task_constructor/msgs) by extension 'ros'
[0.558s] colcon.colcon_core.package_identification DEBUG Package 'src/moveit_task_constructor/msgs' with type 'ros.ament_cmake' and name 'moveit_task_constructor_msgs'
[0.558s] colcon.colcon_core.package_identification Level 1 _identify(src/moveit_task_constructor/rviz_marker_tools) by extensions ['ignore', 'ignore_ament_install']
[0.558s] colcon.colcon_core.package_identification Level 1 _identify(src/moveit_task_constructor/rviz_marker_tools) by extension 'ignore'
[0.558s] colcon.colcon_core.package_identification Level 1 _identify(src/moveit_task_constructor/rviz_marker_tools) by extension 'ignore_ament_install'
[0.558s] colcon.colcon_core.package_identification Level 1 _identify(src/moveit_task_constructor/rviz_marker_tools) by extensions ['colcon_pkg']
[0.558s] colcon.colcon_core.package_identification Level 1 _identify(src/moveit_task_constructor/rviz_marker_tools) by extension 'colcon_pkg'
[0.558s] colcon.colcon_core.package_identification Level 1 _identify(src/moveit_task_constructor/rviz_marker_tools) by extensions ['colcon_meta']
[0.558s] colcon.colcon_core.package_identification Level 1 _identify(src/moveit_task_constructor/rviz_marker_tools) by extension 'colcon_meta'
[0.558s] colcon.colcon_core.package_identification Level 1 _identify(src/moveit_task_constructor/rviz_marker_tools) by extensions ['ros']
[0.558s] colcon.colcon_core.package_identification Level 1 _identify(src/moveit_task_constructor/rviz_marker_tools) by extension 'ros'
[0.559s] colcon.colcon_core.package_identification DEBUG Package 'src/moveit_task_constructor/rviz_marker_tools' with type 'ros.ament_cmake' and name 'rviz_marker_tools'
[0.560s] colcon.colcon_core.package_identification Level 1 _identify(src/moveit_task_constructor/visualization) by extensions ['ignore', 'ignore_ament_install']
[0.560s] colcon.colcon_core.package_identification Level 1 _identify(src/moveit_task_constructor/visualization) by extension 'ignore'
[0.560s] colcon.colcon_core.package_identification Level 1 _identify(src/moveit_task_constructor/visualization) by extension 'ignore_ament_install'
[0.560s] colcon.colcon_core.package_identification Level 1 _identify(src/moveit_task_constructor/visualization) by extensions ['colcon_pkg']
[0.560s] colcon.colcon_core.package_identification Level 1 _identify(src/moveit_task_constructor/visualization) by extension 'colcon_pkg'
[0.560s] colcon.colcon_core.package_identification Level 1 _identify(src/moveit_task_constructor/visualization) by extensions ['colcon_meta']
[0.560s] colcon.colcon_core.package_identification Level 1 _identify(src/moveit_task_constructor/visualization) by extension 'colcon_meta'
[0.560s] colcon.colcon_core.package_identification Level 1 _identify(src/moveit_task_constructor/visualization) by extensions ['ros']
[0.560s] colcon.colcon_core.package_identification Level 1 _identify(src/moveit_task_constructor/visualization) by extension 'ros'
[0.561s] colcon.colcon_core.package_identification DEBUG Package 'src/moveit_task_constructor/visualization' with type 'ros.ament_cmake' and name 'moveit_task_constructor_visualization'
[0.561s] colcon.colcon_core.package_identification Level 1 _identify(src/moveit_visual_tools) by extensions ['ignore', 'ignore_ament_install']
[0.561s] colcon.colcon_core.package_identification Level 1 _identify(src/moveit_visual_tools) by extension 'ignore'
[0.561s] colcon.colcon_core.package_identification Level 1 _identify(src/moveit_visual_tools) by extension 'ignore_ament_install'
[0.561s] colcon.colcon_core.package_identification Level 1 _identify(src/moveit_visual_tools) by extensions ['colcon_pkg']
[0.561s] colcon.colcon_core.package_identification Level 1 _identify(src/moveit_visual_tools) by extension 'colcon_pkg'
[0.562s] colcon.colcon_core.package_identification Level 1 _identify(src/moveit_visual_tools) by extensions ['colcon_meta']
[0.562s] colcon.colcon_core.package_identification Level 1 _identify(src/moveit_visual_tools) by extension 'colcon_meta'
[0.562s] colcon.colcon_core.package_identification Level 1 _identify(src/moveit_visual_tools) by extensions ['ros']
[0.562s] colcon.colcon_core.package_identification Level 1 _identify(src/moveit_visual_tools) by extension 'ros'
[0.563s] colcon.colcon_core.package_identification DEBUG Package 'src/moveit_visual_tools' with type 'ros.ament_cmake' and name 'moveit_visual_tools'
[0.563s] colcon.colcon_core.package_identification Level 1 _identify(src/nhk_bt) by extensions ['ignore', 'ignore_ament_install']
[0.563s] colcon.colcon_core.package_identification Level 1 _identify(src/nhk_bt) by extension 'ignore'
[0.563s] colcon.colcon_core.package_identification Level 1 _identify(src/nhk_bt) by extension 'ignore_ament_install'
[0.564s] colcon.colcon_core.package_identification Level 1 _identify(src/nhk_bt) by extensions ['colcon_pkg']
[0.564s] colcon.colcon_core.package_identification Level 1 _identify(src/nhk_bt) by extension 'colcon_pkg'
[0.564s] colcon.colcon_core.package_identification Level 1 _identify(src/nhk_bt) by extensions ['colcon_meta']
[0.564s] colcon.colcon_core.package_identification Level 1 _identify(src/nhk_bt) by extension 'colcon_meta'
[0.564s] colcon.colcon_core.package_identification Level 1 _identify(src/nhk_bt) by extensions ['ros']
[0.564s] colcon.colcon_core.package_identification Level 1 _identify(src/nhk_bt) by extension 'ros'
[0.565s] colcon.colcon_core.package_identification DEBUG Package 'src/nhk_bt' with type 'ros.ament_cmake' and name 'nhk_bt'
[0.565s] colcon.colcon_core.package_identification Level 1 _identify(src/r2_odrive) by extensions ['ignore', 'ignore_ament_install']
[0.565s] colcon.colcon_core.package_identification Level 1 _identify(src/r2_odrive) by extension 'ignore'
[0.565s] colcon.colcon_core.package_identification Level 1 _identify(src/r2_odrive) by extension 'ignore_ament_install'
[0.565s] colcon.colcon_core.package_identification Level 1 _identify(src/r2_odrive) by extensions ['colcon_pkg']
[0.565s] colcon.colcon_core.package_identification Level 1 _identify(src/r2_odrive) by extension 'colcon_pkg'
[0.565s] colcon.colcon_core.package_identification Level 1 _identify(src/r2_odrive) by extensions ['colcon_meta']
[0.565s] colcon.colcon_core.package_identification Level 1 _identify(src/r2_odrive) by extension 'colcon_meta'
[0.565s] colcon.colcon_core.package_identification Level 1 _identify(src/r2_odrive) by extensions ['ros']
[0.565s] colcon.colcon_core.package_identification Level 1 _identify(src/r2_odrive) by extension 'ros'
[0.566s] colcon.colcon_core.package_identification DEBUG Package 'src/r2_odrive' with type 'ros.ament_python' and name 'r2_odrive'
[0.566s] colcon.colcon_core.package_identification Level 1 _identify(src/rogidrive) by extensions ['ignore', 'ignore_ament_install']
[0.566s] colcon.colcon_core.package_identification Level 1 _identify(src/rogidrive) by extension 'ignore'
[0.566s] colcon.colcon_core.package_identification Level 1 _identify(src/rogidrive) by extension 'ignore_ament_install'
[0.567s] colcon.colcon_core.package_identification Level 1 _identify(src/rogidrive) by extensions ['colcon_pkg']
[0.567s] colcon.colcon_core.package_identification Level 1 _identify(src/rogidrive) by extension 'colcon_pkg'
[0.567s] colcon.colcon_core.package_identification Level 1 _identify(src/rogidrive) by extensions ['colcon_meta']
[0.567s] colcon.colcon_core.package_identification Level 1 _identify(src/rogidrive) by extension 'colcon_meta'
[0.567s] colcon.colcon_core.package_identification Level 1 _identify(src/rogidrive) by extensions ['ros']
[0.567s] colcon.colcon_core.package_identification Level 1 _identify(src/rogidrive) by extension 'ros'
[0.567s] colcon.colcon_core.package_identification Level 1 _identify(src/rogidrive) by extensions ['cmake', 'python']
[0.567s] colcon.colcon_core.package_identification Level 1 _identify(src/rogidrive) by extension 'cmake'
[0.567s] colcon.colcon_core.package_identification Level 1 _identify(src/rogidrive) by extension 'python'
[0.567s] colcon.colcon_core.package_identification Level 1 _identify(src/rogidrive) by extensions ['python_setup_py']
[0.567s] colcon.colcon_core.package_identification Level 1 _identify(src/rogidrive) by extension 'python_setup_py'
[0.567s] colcon.colcon_core.package_identification Level 1 _identify(src/rogidrive/rogidrive) by extensions ['ignore', 'ignore_ament_install']
[0.567s] colcon.colcon_core.package_identification Level 1 _identify(src/rogidrive/rogidrive) by extension 'ignore'
[0.567s] colcon.colcon_core.package_identification Level 1 _identify(src/rogidrive/rogidrive) by extension 'ignore_ament_install'
[0.567s] colcon.colcon_core.package_identification Level 1 _identify(src/rogidrive/rogidrive) by extensions ['colcon_pkg']
[0.567s] colcon.colcon_core.package_identification Level 1 _identify(src/rogidrive/rogidrive) by extension 'colcon_pkg'
[0.567s] colcon.colcon_core.package_identification Level 1 _identify(src/rogidrive/rogidrive) by extensions ['colcon_meta']
[0.567s] colcon.colcon_core.package_identification Level 1 _identify(src/rogidrive/rogidrive) by extension 'colcon_meta'
[0.567s] colcon.colcon_core.package_identification Level 1 _identify(src/rogidrive/rogidrive) by extensions ['ros']
[0.567s] colcon.colcon_core.package_identification Level 1 _identify(src/rogidrive/rogidrive) by extension 'ros'
[0.568s] colcon.colcon_core.package_identification DEBUG Package 'src/rogidrive/rogidrive' with type 'ros.ament_python' and name 'rogidrive'
[0.568s] colcon.colcon_core.package_identification Level 1 _identify(src/rogidrive/rogidrive_msg) by extensions ['ignore', 'ignore_ament_install']
[0.568s] colcon.colcon_core.package_identification Level 1 _identify(src/rogidrive/rogidrive_msg) by extension 'ignore'
[0.568s] colcon.colcon_core.package_identification Level 1 _identify(src/rogidrive/rogidrive_msg) by extension 'ignore_ament_install'
[0.568s] colcon.colcon_core.package_identification Level 1 _identify(src/rogidrive/rogidrive_msg) by extensions ['colcon_pkg']
[0.568s] colcon.colcon_core.package_identification Level 1 _identify(src/rogidrive/rogidrive_msg) by extension 'colcon_pkg'
[0.568s] colcon.colcon_core.package_identification Level 1 _identify(src/rogidrive/rogidrive_msg) by extensions ['colcon_meta']
[0.569s] colcon.colcon_core.package_identification Level 1 _identify(src/rogidrive/rogidrive_msg) by extension 'colcon_meta'
[0.569s] colcon.colcon_core.package_identification Level 1 _identify(src/rogidrive/rogidrive_msg) by extensions ['ros']
[0.569s] colcon.colcon_core.package_identification Level 1 _identify(src/rogidrive/rogidrive_msg) by extension 'ros'
[0.569s] colcon.colcon_core.package_identification DEBUG Package 'src/rogidrive/rogidrive_msg' with type 'ros.ament_cmake' and name 'rogidrive_msg'
[0.569s] colcon.colcon_core.package_identification Level 1 _identify(src/rosparam_shortcuts) by extensions ['ignore', 'ignore_ament_install']
[0.570s] colcon.colcon_core.package_identification Level 1 _identify(src/rosparam_shortcuts) by extension 'ignore'
[0.570s] colcon.colcon_core.package_identification Level 1 _identify(src/rosparam_shortcuts) by extension 'ignore_ament_install'
[0.570s] colcon.colcon_core.package_identification Level 1 _identify(src/rosparam_shortcuts) by extensions ['colcon_pkg']
[0.570s] colcon.colcon_core.package_identification Level 1 _identify(src/rosparam_shortcuts) by extension 'colcon_pkg'
[0.570s] colcon.colcon_core.package_identification Level 1 _identify(src/rosparam_shortcuts) by extensions ['colcon_meta']
[0.570s] colcon.colcon_core.package_identification Level 1 _identify(src/rosparam_shortcuts) by extension 'colcon_meta'
[0.570s] colcon.colcon_core.package_identification Level 1 _identify(src/rosparam_shortcuts) by extensions ['ros']
[0.570s] colcon.colcon_core.package_identification Level 1 _identify(src/rosparam_shortcuts) by extension 'ros'
[0.571s] colcon.colcon_core.package_identification DEBUG Package 'src/rosparam_shortcuts' with type 'ros.ament_cmake' and name 'rosparam_shortcuts'
[0.571s] colcon.colcon_core.package_identification Level 1 _identify(src/srdfdom) by extensions ['ignore', 'ignore_ament_install']
[0.571s] colcon.colcon_core.package_identification Level 1 _identify(src/srdfdom) by extension 'ignore'
[0.571s] colcon.colcon_core.package_identification Level 1 _identify(src/srdfdom) by extension 'ignore_ament_install'
[0.571s] colcon.colcon_core.package_identification Level 1 _identify(src/srdfdom) by extensions ['colcon_pkg']
[0.571s] colcon.colcon_core.package_identification Level 1 _identify(src/srdfdom) by extension 'colcon_pkg'
[0.571s] colcon.colcon_core.package_identification Level 1 _identify(src/srdfdom) by extensions ['colcon_meta']
[0.571s] colcon.colcon_core.package_identification Level 1 _identify(src/srdfdom) by extension 'colcon_meta'
[0.571s] colcon.colcon_core.package_identification Level 1 _identify(src/srdfdom) by extensions ['ros']
[0.571s] colcon.colcon_core.package_identification Level 1 _identify(src/srdfdom) by extension 'ros'
[0.572s] colcon.colcon_core.package_identification DEBUG Package 'src/srdfdom' with type 'ros.ament_cmake' and name 'srdfdom'
[0.573s] colcon.colcon_core.package_identification Level 1 _identify(src/trac_ik) by extensions ['ignore', 'ignore_ament_install']
[0.573s] colcon.colcon_core.package_identification Level 1 _identify(src/trac_ik) by extension 'ignore'
[0.573s] colcon.colcon_core.package_identification Level 1 _identify(src/trac_ik) by extension 'ignore_ament_install'
[0.573s] colcon.colcon_core.package_identification Level 1 _identify(src/trac_ik) by extensions ['colcon_pkg']
[0.573s] colcon.colcon_core.package_identification Level 1 _identify(src/trac_ik) by extension 'colcon_pkg'
[0.573s] colcon.colcon_core.package_identification Level 1 _identify(src/trac_ik) by extensions ['colcon_meta']
[0.573s] colcon.colcon_core.package_identification Level 1 _identify(src/trac_ik) by extension 'colcon_meta'
[0.573s] colcon.colcon_core.package_identification Level 1 _identify(src/trac_ik) by extensions ['ros']
[0.573s] colcon.colcon_core.package_identification Level 1 _identify(src/trac_ik) by extension 'ros'
[0.573s] colcon.colcon_core.package_identification Level 1 _identify(src/trac_ik) by extensions ['cmake', 'python']
[0.573s] colcon.colcon_core.package_identification Level 1 _identify(src/trac_ik) by extension 'cmake'
[0.573s] colcon.colcon_core.package_identification Level 1 _identify(src/trac_ik) by extension 'python'
[0.573s] colcon.colcon_core.package_identification Level 1 _identify(src/trac_ik) by extensions ['python_setup_py']
[0.573s] colcon.colcon_core.package_identification Level 1 _identify(src/trac_ik) by extension 'python_setup_py'
[0.573s] colcon.colcon_core.package_identification Level 1 _identify(src/trac_ik/trac_ik) by extensions ['ignore', 'ignore_ament_install']
[0.573s] colcon.colcon_core.package_identification Level 1 _identify(src/trac_ik/trac_ik) by extension 'ignore'
[0.573s] colcon.colcon_core.package_identification Level 1 _identify(src/trac_ik/trac_ik) by extension 'ignore_ament_install'
[0.573s] colcon.colcon_core.package_identification Level 1 _identify(src/trac_ik/trac_ik) by extensions ['colcon_pkg']
[0.573s] colcon.colcon_core.package_identification Level 1 _identify(src/trac_ik/trac_ik) by extension 'colcon_pkg'
[0.574s] colcon.colcon_core.package_identification Level 1 _identify(src/trac_ik/trac_ik) by extensions ['colcon_meta']
[0.574s] colcon.colcon_core.package_identification Level 1 _identify(src/trac_ik/trac_ik) by extension 'colcon_meta'
[0.574s] colcon.colcon_core.package_identification Level 1 _identify(src/trac_ik/trac_ik) by extensions ['ros']
[0.574s] colcon.colcon_core.package_identification Level 1 _identify(src/trac_ik/trac_ik) by extension 'ros'
[0.574s] colcon.colcon_core.package_identification DEBUG Package 'src/trac_ik/trac_ik' with type 'ros.ament_cmake' and name 'trac_ik'
[0.575s] colcon.colcon_core.package_identification Level 1 _identify(src/trac_ik/trac_ik_examples) by extensions ['ignore', 'ignore_ament_install']
[0.575s] colcon.colcon_core.package_identification Level 1 _identify(src/trac_ik/trac_ik_examples) by extension 'ignore'
[0.575s] colcon.colcon_core.package_identification Level 1 _identify(src/trac_ik/trac_ik_examples) ignored
[0.575s] colcon.colcon_core.package_identification Level 1 _identify(src/trac_ik/trac_ik_kinematics_plugin) by extensions ['ignore', 'ignore_ament_install']
[0.575s] colcon.colcon_core.package_identification Level 1 _identify(src/trac_ik/trac_ik_kinematics_plugin) by extension 'ignore'
[0.575s] colcon.colcon_core.package_identification Level 1 _identify(src/trac_ik/trac_ik_kinematics_plugin) by extension 'ignore_ament_install'
[0.575s] colcon.colcon_core.package_identification Level 1 _identify(src/trac_ik/trac_ik_kinematics_plugin) by extensions ['colcon_pkg']
[0.575s] colcon.colcon_core.package_identification Level 1 _identify(src/trac_ik/trac_ik_kinematics_plugin) by extension 'colcon_pkg'
[0.575s] colcon.colcon_core.package_identification Level 1 _identify(src/trac_ik/trac_ik_kinematics_plugin) by extensions ['colcon_meta']
[0.575s] colcon.colcon_core.package_identification Level 1 _identify(src/trac_ik/trac_ik_kinematics_plugin) by extension 'colcon_meta'
[0.575s] colcon.colcon_core.package_identification Level 1 _identify(src/trac_ik/trac_ik_kinematics_plugin) by extensions ['ros']
[0.575s] colcon.colcon_core.package_identification Level 1 _identify(src/trac_ik/trac_ik_kinematics_plugin) by extension 'ros'
[0.577s] colcon.colcon_core.package_identification DEBUG Package 'src/trac_ik/trac_ik_kinematics_plugin' with type 'ros.ament_cmake' and name 'trac_ik_kinematics_plugin'
[0.577s] colcon.colcon_core.package_identification Level 1 _identify(src/trac_ik/trac_ik_lib) by extensions ['ignore', 'ignore_ament_install']
[0.577s] colcon.colcon_core.package_identification Level 1 _identify(src/trac_ik/trac_ik_lib) by extension 'ignore'
[0.577s] colcon.colcon_core.package_identification Level 1 _identify(src/trac_ik/trac_ik_lib) by extension 'ignore_ament_install'
[0.577s] colcon.colcon_core.package_identification Level 1 _identify(src/trac_ik/trac_ik_lib) by extensions ['colcon_pkg']
[0.577s] colcon.colcon_core.package_identification Level 1 _identify(src/trac_ik/trac_ik_lib) by extension 'colcon_pkg'
[0.577s] colcon.colcon_core.package_identification Level 1 _identify(src/trac_ik/trac_ik_lib) by extensions ['colcon_meta']
[0.577s] colcon.colcon_core.package_identification Level 1 _identify(src/trac_ik/trac_ik_lib) by extension 'colcon_meta'
[0.577s] colcon.colcon_core.package_identification Level 1 _identify(src/trac_ik/trac_ik_lib) by extensions ['ros']
[0.577s] colcon.colcon_core.package_identification Level 1 _identify(src/trac_ik/trac_ik_lib) by extension 'ros'
[0.579s] colcon.colcon_core.package_identification DEBUG Package 'src/trac_ik/trac_ik_lib' with type 'ros.ament_cmake' and name 'trac_ik_lib'
[0.579s] colcon.colcon_core.package_identification Level 1 _identify(src/trac_ik/trac_ik_python) by extensions ['ignore', 'ignore_ament_install']
[0.579s] colcon.colcon_core.package_identification Level 1 _identify(src/trac_ik/trac_ik_python) by extension 'ignore'
[0.579s] colcon.colcon_core.package_identification Level 1 _identify(src/trac_ik/trac_ik_python) ignored
[0.579s] colcon.colcon_core.package_discovery Level 1 discover_packages(recursive) using defaults
[0.579s] colcon.colcon_core.package_discovery Level 1 discover_packages(ignore) discover
[0.579s] colcon.colcon_core.package_discovery Level 1 discover_packages(ignore) using defaults
[0.579s] colcon.colcon_core.package_discovery Level 1 discover_packages(path) discover
[0.579s] colcon.colcon_core.package_discovery Level 1 discover_packages(path) using defaults
[0.678s] colcon.colcon_core.package_selection INFO Skipping not selected package 'a_r2_description' in 'src/a_r2_description-20251207T063721Z-3-001/a_r2_description'
[0.678s] colcon.colcon_core.package_selection INFO Skipping not selected package 'arm_v20_description' in 'src/arm_v20_description-20251026T114629Z-1-001/arm_v20_description'
[0.678s] colcon.colcon_core.package_selection INFO Skipping not selected package 'dynamixel_controller_client' in 'src/dynamixel_ros2/dynamixel_controller_client'
[0.678s] colcon.colcon_core.package_selection INFO Skipping not selected package 'dynamixel_sdk' in 'src/dynamixel_ros2/DynamixelSDK/dynamixel_sdk'
[0.678s] colcon.colcon_core.package_selection INFO Skipping not selected package 'dynamixel_sdk_custom_interfaces' in 'src/dynamixel_ros2/DynamixelSDK/dynamixel_sdk_custom_interfaces'
[0.678s] colcon.colcon_core.package_selection INFO Skipping not selected package 'launch_param_builder' in 'src/launch_param_builder'
[0.678s] colcon.colcon_core.package_selection INFO Skipping not selected package 'moveit_common' in 'src/moveit2/moveit_common'
[0.678s] colcon.colcon_core.package_selection INFO Skipping not selected package 'moveit_resources_fanuc_description' in 'src/moveit_resources/fanuc_description'
[0.678s] colcon.colcon_core.package_selection INFO Skipping not selected package 'moveit_resources_panda_description' in 'src/moveit_resources/panda_description'
[0.678s] colcon.colcon_core.package_selection INFO Skipping not selected package 'moveit_resources_pr2_description' in 'src/moveit_resources/pr2_description'
[0.678s] colcon.colcon_core.package_selection INFO Skipping not selected package 'moveit_resources_prbt_support' in 'src/moveit2/moveit_planners/test_configs/prbt_support'
[0.678s] colcon.colcon_core.package_selection INFO Skipping not selected package 'moveit_task_constructor_msgs' in 'src/moveit_task_constructor/msgs'
[0.678s] colcon.colcon_core.package_selection INFO Skipping not selected package 'nhk_bt' in 'src/nhk_bt'
[0.678s] colcon.colcon_core.package_selection INFO Skipping not selected package 'rogidrive_msg' in 'src/rogidrive/rogidrive_msg'
[0.678s] colcon.colcon_core.package_selection INFO Skipping not selected package 'rosparam_shortcuts' in 'src/rosparam_shortcuts'
[0.678s] colcon.colcon_core.package_selection INFO Skipping not selected package 'srdfdom' in 'src/srdfdom'
[0.678s] colcon.colcon_core.package_selection INFO Skipping not selected package 'trac_ik_lib' in 'src/trac_ik/trac_ik_lib'
[0.678s] colcon.colcon_core.package_selection INFO Skipping not selected package 'dynamixel_controller' in 'src/dynamixel_ros2/dynamixel_controller'
[0.678s] colcon.colcon_core.package_selection INFO Skipping not selected package 'dynamixel_sdk_examples' in 'src/dynamixel_ros2/DynamixelSDK/dynamixel_sdk_examples'
[0.678s] colcon.colcon_core.package_selection INFO Skipping not selected package 'moveit_configs_utils' in 'src/moveit2/moveit_configs_utils'
[0.678s] colcon.colcon_core.package_selection INFO Skipping not selected package 'moveit_resources_fanuc_moveit_config' in 'src/moveit_resources/fanuc_moveit_config'
[0.678s] colcon.colcon_core.package_selection INFO Skipping not selected package 'moveit_resources_panda_moveit_config' in 'src/moveit_resources/panda_moveit_config'
[0.678s] colcon.colcon_core.package_selection INFO Skipping not selected package 'r2_odrive' in 'src/r2_odrive'
[0.678s] colcon.colcon_core.package_selection INFO Skipping not selected package 'rogidrive' in 'src/rogidrive/rogidrive'
[0.678s] colcon.colcon_core.package_selection INFO Skipping not selected package 'rviz_marker_tools' in 'src/moveit_task_constructor/rviz_marker_tools'
[0.678s] colcon.colcon_core.package_selection INFO Skipping not selected package 'dynamixel_controller_gui' in 'src/dynamixel_ros2/dynamixel_controller_gui'
[0.678s] colcon.colcon_core.package_selection INFO Skipping not selected package 'moveit_core' in 'src/moveit2/moveit_core'
[0.678s] colcon.colcon_core.package_selection INFO Skipping not selected package 'moveit_resources' in 'src/moveit_resources/moveit_resources'
[0.678s] colcon.colcon_core.package_selection INFO Skipping not selected package 'chomp_motion_planner' in 'src/moveit2/moveit_planners/chomp/chomp_motion_planner'
[0.678s] colcon.colcon_core.package_selection INFO Skipping not selected package 'moveit_resources_prbt_ikfast_manipulator_plugin' in 'src/moveit2/moveit_planners/test_configs/prbt_ikfast_manipulator_plugin'
[0.678s] colcon.colcon_core.package_selection INFO Skipping not selected package 'moveit_ros_occupancy_map_monitor' in 'src/moveit2/moveit_ros/occupancy_map_monitor'
[0.678s] colcon.colcon_core.package_selection INFO Skipping not selected package 'moveit_simple_controller_manager' in 'src/moveit2/moveit_plugins/moveit_simple_controller_manager'
[0.678s] colcon.colcon_core.package_selection INFO Skipping not selected package 'pilz_industrial_motion_planner_testutils' in 'src/moveit2/moveit_planners/pilz_industrial_motion_planner_testutils'
[0.678s] colcon.colcon_core.package_selection INFO Skipping not selected package 'trac_ik_kinematics_plugin' in 'src/trac_ik/trac_ik_kinematics_plugin'
[0.678s] colcon.colcon_core.package_selection INFO Skipping not selected package 'moveit_chomp_optimizer_adapter' in 'src/moveit2/moveit_planners/chomp/chomp_optimizer_adapter'
[0.678s] colcon.colcon_core.package_selection INFO Skipping not selected package 'moveit_planners_chomp' in 'src/moveit2/moveit_planners/chomp/chomp_interface'
[0.678s] colcon.colcon_core.package_selection INFO Skipping not selected package 'moveit_plugins' in 'src/moveit2/moveit_plugins/moveit_plugins'
[0.678s] colcon.colcon_core.package_selection INFO Skipping not selected package 'moveit_ros_control_interface' in 'src/moveit2/moveit_plugins/moveit_ros_control_interface'
[0.679s] colcon.colcon_core.package_selection INFO Skipping not selected package 'moveit_ros_planning' in 'src/moveit2/moveit_ros/planning'
[0.679s] colcon.colcon_core.package_selection INFO Skipping not selected package 'trac_ik' in 'src/trac_ik/trac_ik'
[0.679s] colcon.colcon_core.package_selection INFO Skipping not selected package 'moveit_kinematics' in 'src/moveit2/moveit_kinematics'
[0.679s] colcon.colcon_core.package_selection INFO Skipping not selected package 'moveit_planners_ompl' in 'src/moveit2/moveit_planners/ompl'
[0.679s] colcon.colcon_core.package_selection INFO Skipping not selected package 'moveit_ros_perception' in 'src/moveit2/moveit_ros/perception'
[0.679s] colcon.colcon_core.package_selection INFO Skipping not selected package 'moveit_ros_robot_interaction' in 'src/moveit2/moveit_ros/robot_interaction'
[0.679s] colcon.colcon_core.package_selection INFO Skipping not selected package 'moveit_ros_warehouse' in 'src/moveit2/moveit_ros/warehouse'
[0.679s] colcon.colcon_core.package_selection INFO Skipping not selected package 'moveit_visual_tools' in 'src/moveit_visual_tools'
[0.679s] colcon.colcon_core.package_selection INFO Skipping not selected package 'moveit_ros_benchmarks' in 'src/moveit2/moveit_ros/benchmarks'
[0.679s] colcon.colcon_core.package_selection INFO Skipping not selected package 'moveit_ros_move_group' in 'src/moveit2/moveit_ros/move_group'
[0.679s] colcon.colcon_core.package_selection INFO Skipping not selected package 'moveit_resources_prbt_moveit_config' in 'src/moveit2/moveit_planners/test_configs/prbt_moveit_config'
[0.679s] colcon.colcon_core.package_selection INFO Skipping not selected package 'moveit_ros_planning_interface' in 'src/moveit2/moveit_ros/planning_interface'
[0.679s] colcon.colcon_core.package_selection INFO Skipping not selected package 'moveit_hybrid_planning' in 'src/moveit2/moveit_ros/hybrid_planning'
[0.679s] colcon.colcon_core.package_selection INFO Skipping not selected package 'moveit_resources_prbt_pg70_support' in 'src/moveit2/moveit_planners/test_configs/prbt_pg70_support'
[0.679s] colcon.colcon_core.package_selection INFO Skipping not selected package 'moveit_ros_visualization' in 'src/moveit2/moveit_ros/visualization'
[0.679s] colcon.colcon_core.package_selection INFO Skipping not selected package 'moveit_servo' in 'src/moveit2/moveit_ros/moveit_servo'
[0.679s] colcon.colcon_core.package_selection INFO Skipping not selected package 'moveit_ros' in 'src/moveit2/moveit_ros/moveit_ros'
[0.679s] colcon.colcon_core.package_selection INFO Skipping not selected package 'moveit_setup_framework' in 'src/moveit2/moveit_setup_assistant/moveit_setup_framework'
[0.679s] colcon.colcon_core.package_selection INFO Skipping not selected package 'pilz_industrial_motion_planner' in 'src/moveit2/moveit_planners/pilz_industrial_motion_planner'
[0.679s] colcon.colcon_core.package_selection INFO Skipping not selected package 'moveit_planners' in 'src/moveit2/moveit_planners/moveit_planners'
[0.679s] colcon.colcon_core.package_selection INFO Skipping not selected package 'moveit_setup_app_plugins' in 'src/moveit2/moveit_setup_assistant/moveit_setup_app_plugins'
[0.679s] colcon.colcon_core.package_selection INFO Skipping not selected package 'moveit_setup_controllers' in 'src/moveit2/moveit_setup_assistant/moveit_setup_controllers'
[0.679s] colcon.colcon_core.package_selection INFO Skipping not selected package 'moveit_setup_core_plugins' in 'src/moveit2/moveit_setup_assistant/moveit_setup_core_plugins'
[0.679s] colcon.colcon_core.package_selection INFO Skipping not selected package 'moveit_setup_srdf_plugins' in 'src/moveit2/moveit_setup_assistant/moveit_setup_srdf_plugins'
[0.679s] colcon.colcon_core.package_selection INFO Skipping not selected package 'moveit_runtime' in 'src/moveit2/moveit_runtime'
[0.679s] colcon.colcon_core.package_selection INFO Skipping not selected package 'moveit_setup_assistant' in 'src/moveit2/moveit_setup_assistant/moveit_setup_assistant'
[0.679s] colcon.colcon_core.package_selection INFO Skipping not selected package 'moveit_task_constructor_core' in 'src/moveit_task_constructor/core'
[0.679s] colcon.colcon_core.package_selection INFO Skipping not selected package 'moveit' in 'src/moveit2/moveit'
[0.679s] colcon.colcon_core.package_selection INFO Skipping not selected package 'moveit_config' in 'src/moveit_config'
[0.679s] colcon.colcon_core.package_selection INFO Skipping not selected package 'moveit_task_constructor_capabilities' in 'src/moveit_task_constructor/capabilities'
[0.679s] colcon.colcon_core.package_selection INFO Skipping not selected package 'moveit_task_constructor_visualization' in 'src/moveit_task_constructor/visualization'
[0.679s] colcon.colcon_core.package_selection INFO Skipping not selected package 'moveit2_tutorials' in 'src/moveit2_tutorials'
[0.679s] colcon.colcon_core.package_selection INFO Skipping not selected package 'moveit_task_constructor_demo' in 'src/moveit_task_constructor/demo'
[0.680s] colcon.colcon_core.package_discovery Level 1 discover_packages(prefix_path) check parameters
[0.680s] colcon.colcon_core.package_discovery Level 1 discover_packages(prefix_path) discover
[0.681s] colcon.colcon_installed_package_information.package_discovery DEBUG Found 1 installed packages in /home/a/install
[0.683s] colcon.colcon_installed_package_information.package_discovery DEBUG Found 363 installed packages in /opt/ros/humble
[0.685s] colcon.colcon_core.package_discovery Level 1 discover_packages(prefix_path) using defaults
[0.733s] colcon.colcon_core.verb Level 5 set package 'moveit_r2_config' build argument 'cmake_args' from command line to 'None'
[0.733s] colcon.colcon_core.verb Level 5 set package 'moveit_r2_config' build argument 'cmake_target' from command line to 'None'
[0.733s] colcon.colcon_core.verb Level 5 set package 'moveit_r2_config' build argument 'cmake_target_skip_unavailable' from command line to 'False'
[0.733s] colcon.colcon_core.verb Level 5 set package 'moveit_r2_config' build argument 'cmake_clean_cache' from command line to 'False'
[0.733s] colcon.colcon_core.verb Level 5 set package 'moveit_r2_config' build argument 'cmake_clean_first' from command line to 'False'
[0.733s] colcon.colcon_core.verb Level 5 set package 'moveit_r2_config' build argument 'cmake_force_configure' from command line to 'False'
[0.734s] colcon.colcon_core.verb Level 5 set package 'moveit_r2_config' build argument 'ament_cmake_args' from command line to 'None'
[0.734s] colcon.colcon_core.verb Level 5 set package 'moveit_r2_config' build argument 'catkin_cmake_args' from command line to 'None'
[0.734s] colcon.colcon_core.verb Level 5 set package 'moveit_r2_config' build argument 'catkin_skip_building_tests' from command line to 'False'
[0.734s] colcon.colcon_core.verb DEBUG Building package 'moveit_r2_config' with the following arguments: {'ament_cmake_args': None, 'build_base': '/home/a/ws_nhk/build/moveit_r2_config', 'catkin_cmake_args': None, 'catkin_skip_building_tests': False, 'cmake_args': None, 'cmake_clean_cache': False, 'cmake_clean_first': False, 'cmake_force_configure': False, 'cmake_target': None, 'cmake_target_skip_unavailable': False, 'install_base': '/home/a/ws_nhk/install/moveit_r2_config', 'merge_install': False, 'path': '/home/a/ws_nhk/src/moveit_r2_config', 'symlink_install': False, 'test_result_base': None}
[0.734s] colcon.colcon_core.executor INFO Executing jobs using 'parallel' executor
[0.736s] colcon.colcon_parallel_executor.executor.parallel DEBUG run_until_complete
[0.736s] colcon.colcon_ros.task.ament_cmake.build INFO Building ROS package in '/home/a/ws_nhk/src/moveit_r2_config' with build type 'ament_cmake'
[0.736s] colcon.colcon_cmake.task.cmake.build INFO Building CMake package in '/home/a/ws_nhk/src/moveit_r2_config'
[0.739s] colcon.colcon_core.plugin_system INFO Skipping extension 'colcon_core.shell.bat': Not used on non-Windows systems
[0.740s] colcon.colcon_core.shell INFO Skip shell extension 'powershell' for command environment: Not usable outside of PowerShell
[0.740s] colcon.colcon_core.shell DEBUG Skip shell extension 'dsv' for command environment
[0.854s] colcon.colcon_core.event_handler.log_command DEBUG Invoking command in '/home/a/ws_nhk/build/moveit_r2_config': AMENT_PREFIX_PATH=/home/a/ws_nhk/install/moveit_setup_assistant:/home/a/ws_nhk/install/moveit_setup_srdf_plugins:/home/a/ws_nhk/install/moveit_setup_core_plugins:/home/a/ws_nhk/install/moveit_setup_controllers:/home/a/ws_nhk/install/moveit_setup_app_plugins:/home/a/ws_nhk/install/moveit_planners:/home/a/ws_nhk/install/pilz_industrial_motion_planner:/home/a/ws_nhk/install/moveit_setup_framework:/home/a/ws_nhk/install/moveit_ros_visualization:/home/a/ws_nhk/install/moveit_resources_prbt_pg70_support:/home/a/ws_nhk/install/moveit_ros_planning_interface:/home/a/ws_nhk/install/moveit_resources_prbt_moveit_config:/home/a/ws_nhk/install/moveit_ros_move_group:/home/a/ws_nhk/install/moveit_ros_warehouse:/home/a/ws_nhk/install/moveit_ros_robot_interaction:/home/a/ws_nhk/install/moveit_planners_ompl:/home/a/ws_nhk/install/moveit_kinematics:/home/a/ws_nhk/install/trac_ik:/home/a/ws_nhk/install/moveit_ros_planning:/home/a/ws_nhk/install/moveit_planners_chomp:/home/a/ws_nhk/install/trac_ik_kinematics_plugin:/home/a/ws_nhk/install/pilz_industrial_motion_planner_testutils:/home/a/ws_nhk/install/moveit_simple_controller_manager:/home/a/ws_nhk/install/moveit_ros_occupancy_map_monitor:/home/a/ws_nhk/install/moveit_resources_prbt_ikfast_manipulator_plugin:/home/a/ws_nhk/install/chomp_motion_planner:/home/a/ws_nhk/install/moveit_core:/home/a/ws_nhk/install/moveit_resources_panda_moveit_config:/home/a/ws_nhk/install/moveit_resources_fanuc_moveit_config:/home/a/ws_nhk/install/moveit_configs_utils:/home/a/ws_nhk/install/trac_ik_lib:/home/a/ws_nhk/install/srdfdom:/home/a/ws_nhk/install/moveit_resources_prbt_support:/home/a/ws_nhk/install/moveit_resources_pr2_description:/home/a/ws_nhk/install/moveit_resources_panda_description:/home/a/ws_nhk/install/moveit_resources_fanuc_description:/home/a/ws_nhk/install/moveit_common:/home/a/ws_nhk/install/launch_param_builder:/home/a/ws_nhk/install/a_r2_description:${AMENT_PREFIX_PATH} CMAKE_PREFIX_PATH=/home/a/ws_nhk/install/moveit_setup_assistant:/home/a/ws_nhk/install/moveit_setup_srdf_plugins:/home/a/ws_nhk/install/moveit_setup_core_plugins:/home/a/ws_nhk/install/moveit_setup_controllers:/home/a/ws_nhk/install/moveit_setup_app_plugins:/home/a/ws_nhk/install/moveit_planners:/home/a/ws_nhk/install/pilz_industrial_motion_planner:/home/a/ws_nhk/install/moveit_setup_framework:/home/a/ws_nhk/install/moveit_ros_visualization:/home/a/ws_nhk/install/moveit_resources_prbt_pg70_support:/home/a/ws_nhk/install/moveit_ros_planning_interface:/home/a/ws_nhk/install/moveit_resources_prbt_moveit_config:/home/a/ws_nhk/install/moveit_ros_move_group:/home/a/ws_nhk/install/moveit_ros_warehouse:/home/a/ws_nhk/install/moveit_ros_robot_interaction:/home/a/ws_nhk/install/moveit_planners_ompl:/home/a/ws_nhk/install/moveit_kinematics:/home/a/ws_nhk/install/trac_ik:/home/a/ws_nhk/install/moveit_ros_planning:/home/a/ws_nhk/install/moveit_planners_chomp:/home/a/ws_nhk/install/trac_ik_kinematics_plugin:/home/a/ws_nhk/install/pilz_industrial_motion_planner_testutils:/home/a/ws_nhk/install/moveit_simple_controller_manager:/home/a/ws_nhk/install/moveit_ros_occupancy_map_monitor:/home/a/ws_nhk/install/moveit_resources_prbt_ikfast_manipulator_plugin:/home/a/ws_nhk/install/chomp_motion_planner:/home/a/ws_nhk/install/moveit_core:/home/a/ws_nhk/install/moveit_resources_panda_moveit_config:/home/a/ws_nhk/install/moveit_resources_fanuc_moveit_config:/home/a/ws_nhk/install/trac_ik_lib:/home/a/ws_nhk/install/srdfdom:/home/a/ws_nhk/install/moveit_resources_prbt_support:/home/a/ws_nhk/install/moveit_resources_pr2_description:/home/a/ws_nhk/install/moveit_resources_panda_description:/home/a/ws_nhk/install/moveit_resources_fanuc_description:/home/a/ws_nhk/install/moveit_common:/home/a/ws_nhk/install/a_r2_description:/home/a/install/field_description_test:/opt/ros/humble LD_LIBRARY_PATH=/home/a/ws_nhk/install/moveit_setup_assistant/lib:/home/a/ws_nhk/install/moveit_setup_srdf_plugins/lib:/home/a/ws_nhk/install/moveit_setup_core_plugins/lib:/home/a/ws_nhk/install/moveit_setup_controllers/lib:/home/a/ws_nhk/install/moveit_setup_app_plugins/lib:/home/a/ws_nhk/install/pilz_industrial_motion_planner/lib:/home/a/ws_nhk/install/moveit_setup_framework/lib:/home/a/ws_nhk/install/moveit_ros_visualization/lib:/home/a/ws_nhk/install/moveit_ros_planning_interface/lib:/home/a/ws_nhk/install/moveit_ros_move_group/lib:/home/a/ws_nhk/install/moveit_ros_warehouse/lib:/home/a/ws_nhk/install/moveit_ros_robot_interaction/lib:/home/a/ws_nhk/install/moveit_planners_ompl/lib:/home/a/ws_nhk/install/moveit_kinematics/lib:/home/a/ws_nhk/install/moveit_ros_planning/lib:/home/a/ws_nhk/install/moveit_planners_chomp/lib:/home/a/ws_nhk/install/trac_ik_kinematics_plugin/lib:/home/a/ws_nhk/install/pilz_industrial_motion_planner_testutils/lib:/home/a/ws_nhk/install/moveit_simple_controller_manager/lib:/home/a/ws_nhk/install/moveit_ros_occupancy_map_monitor/lib:/home/a/ws_nhk/install/moveit_resources_prbt_ikfast_manipulator_plugin/lib:/home/a/ws_nhk/install/chomp_motion_planner/lib:/home/a/ws_nhk/install/moveit_core/lib:/home/a/ws_nhk/install/trac_ik_lib/lib:/home/a/ws_nhk/install/srdfdom/lib PATH=/home/a/ws_nhk/install/moveit_core/bin:${PATH} PYTHONPATH=/home/a/ws_nhk/install/moveit_configs_utils/lib/python3.10/site-packages:/home/a/ws_nhk/install/srdfdom/local/lib/python3.10/dist-packages:/home/a/ws_nhk/install/launch_param_builder/lib/python3.10/site-packages:${PYTHONPATH} /usr/bin/cmake --build /home/a/ws_nhk/build/moveit_r2_config -- -j22 -l22
[13.153s] colcon.colcon_core.event_handler.log_command DEBUG Invoked command in '/home/a/ws_nhk/build/moveit_r2_config' returned '0': AMENT_PREFIX_PATH=/home/a/ws_nhk/install/moveit_setup_assistant:/home/a/ws_nhk/install/moveit_setup_srdf_plugins:/home/a/ws_nhk/install/moveit_setup_core_plugins:/home/a/ws_nhk/install/moveit_setup_controllers:/home/a/ws_nhk/install/moveit_setup_app_plugins:/home/a/ws_nhk/install/moveit_planners:/home/a/ws_nhk/install/pilz_industrial_motion_planner:/home/a/ws_nhk/install/moveit_setup_framework:/home/a/ws_nhk/install/moveit_ros_visualization:/home/a/ws_nhk/install/moveit_resources_prbt_pg70_support:/home/a/ws_nhk/install/moveit_ros_planning_interface:/home/a/ws_nhk/install/moveit_resources_prbt_moveit_config:/home/a/ws_nhk/install/moveit_ros_move_group:/home/a/ws_nhk/install/moveit_ros_warehouse:/home/a/ws_nhk/install/moveit_ros_robot_interaction:/home/a/ws_nhk/install/moveit_planners_ompl:/home/a/ws_nhk/install/moveit_kinematics:/home/a/ws_nhk/install/trac_ik:/home/a/ws_nhk/install/moveit_ros_planning:/home/a/ws_nhk/install/moveit_planners_chomp:/home/a/ws_nhk/install/trac_ik_kinematics_plugin:/home/a/ws_nhk/install/pilz_industrial_motion_planner_testutils:/home/a/ws_nhk/install/moveit_simple_controller_manager:/home/a/ws_nhk/install/moveit_ros_occupancy_map_monitor:/home/a/ws_nhk/install/moveit_resources_prbt_ikfast_manipulator_plugin:/home/a/ws_nhk/install/chomp_motion_planner:/home/a/ws_nhk/install/moveit_core:/home/a/ws_nhk/install/moveit_resources_panda_moveit_config:/home/a/ws_nhk/install/moveit_resources_fanuc_moveit_config:/home/a/ws_nhk/install/moveit_configs_utils:/home/a/ws_nhk/install/trac_ik_lib:/home/a/ws_nhk/install/srdfdom:/home/a/ws_nhk/install/moveit_resources_prbt_support:/home/a/ws_nhk/install/moveit_resources_pr2_description:/home/a/ws_nhk/install/moveit_resources_panda_description:/home/a/ws_nhk/install/moveit_resources_fanuc_description:/home/a/ws_nhk/install/moveit_common:/home/a/ws_nhk/install/launch_param_builder:/home/a/ws_nhk/install/a_r2_description:${AMENT_PREFIX_PATH} CMAKE_PREFIX_PATH=/home/a/ws_nhk/install/moveit_setup_assistant:/home/a/ws_nhk/install/moveit_setup_srdf_plugins:/home/a/ws_nhk/install/moveit_setup_core_plugins:/home/a/ws_nhk/install/moveit_setup_controllers:/home/a/ws_nhk/install/moveit_setup_app_plugins:/home/a/ws_nhk/install/moveit_planners:/home/a/ws_nhk/install/pilz_industrial_motion_planner:/home/a/ws_nhk/install/moveit_setup_framework:/home/a/ws_nhk/install/moveit_ros_visualization:/home/a/ws_nhk/install/moveit_resources_prbt_pg70_support:/home/a/ws_nhk/install/moveit_ros_planning_interface:/home/a/ws_nhk/install/moveit_resources_prbt_moveit_config:/home/a/ws_nhk/install/moveit_ros_move_group:/home/a/ws_nhk/install/moveit_ros_warehouse:/home/a/ws_nhk/install/moveit_ros_robot_interaction:/home/a/ws_nhk/install/moveit_planners_ompl:/home/a/ws_nhk/install/moveit_kinematics:/home/a/ws_nhk/install/trac_ik:/home/a/ws_nhk/install/moveit_ros_planning:/home/a/ws_nhk/install/moveit_planners_chomp:/home/a/ws_nhk/install/trac_ik_kinematics_plugin:/home/a/ws_nhk/install/pilz_industrial_motion_planner_testutils:/home/a/ws_nhk/install/moveit_simple_controller_manager:/home/a/ws_nhk/install/moveit_ros_occupancy_map_monitor:/home/a/ws_nhk/install/moveit_resources_prbt_ikfast_manipulator_plugin:/home/a/ws_nhk/install/chomp_motion_planner:/home/a/ws_nhk/install/moveit_core:/home/a/ws_nhk/install/moveit_resources_panda_moveit_config:/home/a/ws_nhk/install/moveit_resources_fanuc_moveit_config:/home/a/ws_nhk/install/trac_ik_lib:/home/a/ws_nhk/install/srdfdom:/home/a/ws_nhk/install/moveit_resources_prbt_support:/home/a/ws_nhk/install/moveit_resources_pr2_description:/home/a/ws_nhk/install/moveit_resources_panda_description:/home/a/ws_nhk/install/moveit_resources_fanuc_description:/home/a/ws_nhk/install/moveit_common:/home/a/ws_nhk/install/a_r2_description:/home/a/install/field_description_test:/opt/ros/humble LD_LIBRARY_PATH=/home/a/ws_nhk/install/moveit_setup_assistant/lib:/home/a/ws_nhk/install/moveit_setup_srdf_plugins/lib:/home/a/ws_nhk/install/moveit_setup_core_plugins/lib:/home/a/ws_nhk/install/moveit_setup_controllers/lib:/home/a/ws_nhk/install/moveit_setup_app_plugins/lib:/home/a/ws_nhk/install/pilz_industrial_motion_planner/lib:/home/a/ws_nhk/install/moveit_setup_framework/lib:/home/a/ws_nhk/install/moveit_ros_visualization/lib:/home/a/ws_nhk/install/moveit_ros_planning_interface/lib:/home/a/ws_nhk/install/moveit_ros_move_group/lib:/home/a/ws_nhk/install/moveit_ros_warehouse/lib:/home/a/ws_nhk/install/moveit_ros_robot_interaction/lib:/home/a/ws_nhk/install/moveit_planners_ompl/lib:/home/a/ws_nhk/install/moveit_kinematics/lib:/home/a/ws_nhk/install/moveit_ros_planning/lib:/home/a/ws_nhk/install/moveit_planners_chomp/lib:/home/a/ws_nhk/install/trac_ik_kinematics_plugin/lib:/home/a/ws_nhk/install/pilz_industrial_motion_planner_testutils/lib:/home/a/ws_nhk/install/moveit_simple_controller_manager/lib:/home/a/ws_nhk/install/moveit_ros_occupancy_map_monitor/lib:/home/a/ws_nhk/install/moveit_resources_prbt_ikfast_manipulator_plugin/lib:/home/a/ws_nhk/install/chomp_motion_planner/lib:/home/a/ws_nhk/install/moveit_core/lib:/home/a/ws_nhk/install/trac_ik_lib/lib:/home/a/ws_nhk/install/srdfdom/lib PATH=/home/a/ws_nhk/install/moveit_core/bin:${PATH} PYTHONPATH=/home/a/ws_nhk/install/moveit_configs_utils/lib/python3.10/site-packages:/home/a/ws_nhk/install/srdfdom/local/lib/python3.10/dist-packages:/home/a/ws_nhk/install/launch_param_builder/lib/python3.10/site-packages:${PYTHONPATH} /usr/bin/cmake --build /home/a/ws_nhk/build/moveit_r2_config -- -j22 -l22
[13.163s] colcon.colcon_core.event_handler.log_command DEBUG Invoking command in '/home/a/ws_nhk/build/moveit_r2_config': AMENT_PREFIX_PATH=/home/a/ws_nhk/install/moveit_setup_assistant:/home/a/ws_nhk/install/moveit_setup_srdf_plugins:/home/a/ws_nhk/install/moveit_setup_core_plugins:/home/a/ws_nhk/install/moveit_setup_controllers:/home/a/ws_nhk/install/moveit_setup_app_plugins:/home/a/ws_nhk/install/moveit_planners:/home/a/ws_nhk/install/pilz_industrial_motion_planner:/home/a/ws_nhk/install/moveit_setup_framework:/home/a/ws_nhk/install/moveit_ros_visualization:/home/a/ws_nhk/install/moveit_resources_prbt_pg70_support:/home/a/ws_nhk/install/moveit_ros_planning_interface:/home/a/ws_nhk/install/moveit_resources_prbt_moveit_config:/home/a/ws_nhk/install/moveit_ros_move_group:/home/a/ws_nhk/install/moveit_ros_warehouse:/home/a/ws_nhk/install/moveit_ros_robot_interaction:/home/a/ws_nhk/install/moveit_planners_ompl:/home/a/ws_nhk/install/moveit_kinematics:/home/a/ws_nhk/install/trac_ik:/home/a/ws_nhk/install/moveit_ros_planning:/home/a/ws_nhk/install/moveit_planners_chomp:/home/a/ws_nhk/install/trac_ik_kinematics_plugin:/home/a/ws_nhk/install/pilz_industrial_motion_planner_testutils:/home/a/ws_nhk/install/moveit_simple_controller_manager:/home/a/ws_nhk/install/moveit_ros_occupancy_map_monitor:/home/a/ws_nhk/install/moveit_resources_prbt_ikfast_manipulator_plugin:/home/a/ws_nhk/install/chomp_motion_planner:/home/a/ws_nhk/install/moveit_core:/home/a/ws_nhk/install/moveit_resources_panda_moveit_config:/home/a/ws_nhk/install/moveit_resources_fanuc_moveit_config:/home/a/ws_nhk/install/moveit_configs_utils:/home/a/ws_nhk/install/trac_ik_lib:/home/a/ws_nhk/install/srdfdom:/home/a/ws_nhk/install/moveit_resources_prbt_support:/home/a/ws_nhk/install/moveit_resources_pr2_description:/home/a/ws_nhk/install/moveit_resources_panda_description:/home/a/ws_nhk/install/moveit_resources_fanuc_description:/home/a/ws_nhk/install/moveit_common:/home/a/ws_nhk/install/launch_param_builder:/home/a/ws_nhk/install/a_r2_description:${AMENT_PREFIX_PATH} CMAKE_PREFIX_PATH=/home/a/ws_nhk/install/moveit_setup_assistant:/home/a/ws_nhk/install/moveit_setup_srdf_plugins:/home/a/ws_nhk/install/moveit_setup_core_plugins:/home/a/ws_nhk/install/moveit_setup_controllers:/home/a/ws_nhk/install/moveit_setup_app_plugins:/home/a/ws_nhk/install/moveit_planners:/home/a/ws_nhk/install/pilz_industrial_motion_planner:/home/a/ws_nhk/install/moveit_setup_framework:/home/a/ws_nhk/install/moveit_ros_visualization:/home/a/ws_nhk/install/moveit_resources_prbt_pg70_support:/home/a/ws_nhk/install/moveit_ros_planning_interface:/home/a/ws_nhk/install/moveit_resources_prbt_moveit_config:/home/a/ws_nhk/install/moveit_ros_move_group:/home/a/ws_nhk/install/moveit_ros_warehouse:/home/a/ws_nhk/install/moveit_ros_robot_interaction:/home/a/ws_nhk/install/moveit_planners_ompl:/home/a/ws_nhk/install/moveit_kinematics:/home/a/ws_nhk/install/trac_ik:/home/a/ws_nhk/install/moveit_ros_planning:/home/a/ws_nhk/install/moveit_planners_chomp:/home/a/ws_nhk/install/trac_ik_kinematics_plugin:/home/a/ws_nhk/install/pilz_industrial_motion_planner_testutils:/home/a/ws_nhk/install/moveit_simple_controller_manager:/home/a/ws_nhk/install/moveit_ros_occupancy_map_monitor:/home/a/ws_nhk/install/moveit_resources_prbt_ikfast_manipulator_plugin:/home/a/ws_nhk/install/chomp_motion_planner:/home/a/ws_nhk/install/moveit_core:/home/a/ws_nhk/install/moveit_resources_panda_moveit_config:/home/a/ws_nhk/install/moveit_resources_fanuc_moveit_config:/home/a/ws_nhk/install/trac_ik_lib:/home/a/ws_nhk/install/srdfdom:/home/a/ws_nhk/install/moveit_resources_prbt_support:/home/a/ws_nhk/install/moveit_resources_pr2_description:/home/a/ws_nhk/install/moveit_resources_panda_description:/home/a/ws_nhk/install/moveit_resources_fanuc_description:/home/a/ws_nhk/install/moveit_common:/home/a/ws_nhk/install/a_r2_description:/home/a/install/field_description_test:/opt/ros/humble LD_LIBRARY_PATH=/home/a/ws_nhk/install/moveit_setup_assistant/lib:/home/a/ws_nhk/install/moveit_setup_srdf_plugins/lib:/home/a/ws_nhk/install/moveit_setup_core_plugins/lib:/home/a/ws_nhk/install/moveit_setup_controllers/lib:/home/a/ws_nhk/install/moveit_setup_app_plugins/lib:/home/a/ws_nhk/install/pilz_industrial_motion_planner/lib:/home/a/ws_nhk/install/moveit_setup_framework/lib:/home/a/ws_nhk/install/moveit_ros_visualization/lib:/home/a/ws_nhk/install/moveit_ros_planning_interface/lib:/home/a/ws_nhk/install/moveit_ros_move_group/lib:/home/a/ws_nhk/install/moveit_ros_warehouse/lib:/home/a/ws_nhk/install/moveit_ros_robot_interaction/lib:/home/a/ws_nhk/install/moveit_planners_ompl/lib:/home/a/ws_nhk/install/moveit_kinematics/lib:/home/a/ws_nhk/install/moveit_ros_planning/lib:/home/a/ws_nhk/install/moveit_planners_chomp/lib:/home/a/ws_nhk/install/trac_ik_kinematics_plugin/lib:/home/a/ws_nhk/install/pilz_industrial_motion_planner_testutils/lib:/home/a/ws_nhk/install/moveit_simple_controller_manager/lib:/home/a/ws_nhk/install/moveit_ros_occupancy_map_monitor/lib:/home/a/ws_nhk/install/moveit_resources_prbt_ikfast_manipulator_plugin/lib:/home/a/ws_nhk/install/chomp_motion_planner/lib:/home/a/ws_nhk/install/moveit_core/lib:/home/a/ws_nhk/install/trac_ik_lib/lib:/home/a/ws_nhk/install/srdfdom/lib PATH=/home/a/ws_nhk/install/moveit_core/bin:${PATH} PYTHONPATH=/home/a/ws_nhk/install/moveit_configs_utils/lib/python3.10/site-packages:/home/a/ws_nhk/install/srdfdom/local/lib/python3.10/dist-packages:/home/a/ws_nhk/install/launch_param_builder/lib/python3.10/site-packages:${PYTHONPATH} /usr/bin/cmake --install /home/a/ws_nhk/build/moveit_r2_config
[13.174s] colcon.colcon_core.environment Level 1 create_environment_scripts_only(moveit_r2_config)
[13.174s] colcon.colcon_core.event_handler.log_command DEBUG Invoked command in '/home/a/ws_nhk/build/moveit_r2_config' returned '0': AMENT_PREFIX_PATH=/home/a/ws_nhk/install/moveit_setup_assistant:/home/a/ws_nhk/install/moveit_setup_srdf_plugins:/home/a/ws_nhk/install/moveit_setup_core_plugins:/home/a/ws_nhk/install/moveit_setup_controllers:/home/a/ws_nhk/install/moveit_setup_app_plugins:/home/a/ws_nhk/install/moveit_planners:/home/a/ws_nhk/install/pilz_industrial_motion_planner:/home/a/ws_nhk/install/moveit_setup_framework:/home/a/ws_nhk/install/moveit_ros_visualization:/home/a/ws_nhk/install/moveit_resources_prbt_pg70_support:/home/a/ws_nhk/install/moveit_ros_planning_interface:/home/a/ws_nhk/install/moveit_resources_prbt_moveit_config:/home/a/ws_nhk/install/moveit_ros_move_group:/home/a/ws_nhk/install/moveit_ros_warehouse:/home/a/ws_nhk/install/moveit_ros_robot_interaction:/home/a/ws_nhk/install/moveit_planners_ompl:/home/a/ws_nhk/install/moveit_kinematics:/home/a/ws_nhk/install/trac_ik:/home/a/ws_nhk/install/moveit_ros_planning:/home/a/ws_nhk/install/moveit_planners_chomp:/home/a/ws_nhk/install/trac_ik_kinematics_plugin:/home/a/ws_nhk/install/pilz_industrial_motion_planner_testutils:/home/a/ws_nhk/install/moveit_simple_controller_manager:/home/a/ws_nhk/install/moveit_ros_occupancy_map_monitor:/home/a/ws_nhk/install/moveit_resources_prbt_ikfast_manipulator_plugin:/home/a/ws_nhk/install/chomp_motion_planner:/home/a/ws_nhk/install/moveit_core:/home/a/ws_nhk/install/moveit_resources_panda_moveit_config:/home/a/ws_nhk/install/moveit_resources_fanuc_moveit_config:/home/a/ws_nhk/install/moveit_configs_utils:/home/a/ws_nhk/install/trac_ik_lib:/home/a/ws_nhk/install/srdfdom:/home/a/ws_nhk/install/moveit_resources_prbt_support:/home/a/ws_nhk/install/moveit_resources_pr2_description:/home/a/ws_nhk/install/moveit_resources_panda_description:/home/a/ws_nhk/install/moveit_resources_fanuc_description:/home/a/ws_nhk/install/moveit_common:/home/a/ws_nhk/install/launch_param_builder:/home/a/ws_nhk/install/a_r2_description:${AMENT_PREFIX_PATH} CMAKE_PREFIX_PATH=/home/a/ws_nhk/install/moveit_setup_assistant:/home/a/ws_nhk/install/moveit_setup_srdf_plugins:/home/a/ws_nhk/install/moveit_setup_core_plugins:/home/a/ws_nhk/install/moveit_setup_controllers:/home/a/ws_nhk/install/moveit_setup_app_plugins:/home/a/ws_nhk/install/moveit_planners:/home/a/ws_nhk/install/pilz_industrial_motion_planner:/home/a/ws_nhk/install/moveit_setup_framework:/home/a/ws_nhk/install/moveit_ros_visualization:/home/a/ws_nhk/install/moveit_resources_prbt_pg70_support:/home/a/ws_nhk/install/moveit_ros_planning_interface:/home/a/ws_nhk/install/moveit_resources_prbt_moveit_config:/home/a/ws_nhk/install/moveit_ros_move_group:/home/a/ws_nhk/install/moveit_ros_warehouse:/home/a/ws_nhk/install/moveit_ros_robot_interaction:/home/a/ws_nhk/install/moveit_planners_ompl:/home/a/ws_nhk/install/moveit_kinematics:/home/a/ws_nhk/install/trac_ik:/home/a/ws_nhk/install/moveit_ros_planning:/home/a/ws_nhk/install/moveit_planners_chomp:/home/a/ws_nhk/install/trac_ik_kinematics_plugin:/home/a/ws_nhk/install/pilz_industrial_motion_planner_testutils:/home/a/ws_nhk/install/moveit_simple_controller_manager:/home/a/ws_nhk/install/moveit_ros_occupancy_map_monitor:/home/a/ws_nhk/install/moveit_resources_prbt_ikfast_manipulator_plugin:/home/a/ws_nhk/install/chomp_motion_planner:/home/a/ws_nhk/install/moveit_core:/home/a/ws_nhk/install/moveit_resources_panda_moveit_config:/home/a/ws_nhk/install/moveit_resources_fanuc_moveit_config:/home/a/ws_nhk/install/trac_ik_lib:/home/a/ws_nhk/install/srdfdom:/home/a/ws_nhk/install/moveit_resources_prbt_support:/home/a/ws_nhk/install/moveit_resources_pr2_description:/home/a/ws_nhk/install/moveit_resources_panda_description:/home/a/ws_nhk/install/moveit_resources_fanuc_description:/home/a/ws_nhk/install/moveit_common:/home/a/ws_nhk/install/a_r2_description:/home/a/install/field_description_test:/opt/ros/humble LD_LIBRARY_PATH=/home/a/ws_nhk/install/moveit_setup_assistant/lib:/home/a/ws_nhk/install/moveit_setup_srdf_plugins/lib:/home/a/ws_nhk/install/moveit_setup_core_plugins/lib:/home/a/ws_nhk/install/moveit_setup_controllers/lib:/home/a/ws_nhk/install/moveit_setup_app_plugins/lib:/home/a/ws_nhk/install/pilz_industrial_motion_planner/lib:/home/a/ws_nhk/install/moveit_setup_framework/lib:/home/a/ws_nhk/install/moveit_ros_visualization/lib:/home/a/ws_nhk/install/moveit_ros_planning_interface/lib:/home/a/ws_nhk/install/moveit_ros_move_group/lib:/home/a/ws_nhk/install/moveit_ros_warehouse/lib:/home/a/ws_nhk/install/moveit_ros_robot_interaction/lib:/home/a/ws_nhk/install/moveit_planners_ompl/lib:/home/a/ws_nhk/install/moveit_kinematics/lib:/home/a/ws_nhk/install/moveit_ros_planning/lib:/home/a/ws_nhk/install/moveit_planners_chomp/lib:/home/a/ws_nhk/install/trac_ik_kinematics_plugin/lib:/home/a/ws_nhk/install/pilz_industrial_motion_planner_testutils/lib:/home/a/ws_nhk/install/moveit_simple_controller_manager/lib:/home/a/ws_nhk/install/moveit_ros_occupancy_map_monitor/lib:/home/a/ws_nhk/install/moveit_resources_prbt_ikfast_manipulator_plugin/lib:/home/a/ws_nhk/install/chomp_motion_planner/lib:/home/a/ws_nhk/install/moveit_core/lib:/home/a/ws_nhk/install/trac_ik_lib/lib:/home/a/ws_nhk/install/srdfdom/lib PATH=/home/a/ws_nhk/install/moveit_core/bin:${PATH} PYTHONPATH=/home/a/ws_nhk/install/moveit_configs_utils/lib/python3.10/site-packages:/home/a/ws_nhk/install/srdfdom/local/lib/python3.10/dist-packages:/home/a/ws_nhk/install/launch_param_builder/lib/python3.10/site-packages:${PYTHONPATH} /usr/bin/cmake --install /home/a/ws_nhk/build/moveit_r2_config
[13.177s] colcon.colcon_core.environment Level 1 checking '/home/a/ws_nhk/install/moveit_r2_config' for CMake module files
[13.177s] colcon.colcon_core.environment Level 1 checking '/home/a/ws_nhk/install/moveit_r2_config' for CMake config files
[13.178s] colcon.colcon_core.shell Level 1 create_environment_hook('moveit_r2_config', 'cmake_prefix_path')
[13.178s] colcon.colcon_core.shell INFO Creating environment hook '/home/a/ws_nhk/install/moveit_r2_config/share/moveit_r2_config/hook/cmake_prefix_path.ps1'
[13.179s] colcon.colcon_core.shell INFO Creating environment descriptor '/home/a/ws_nhk/install/moveit_r2_config/share/moveit_r2_config/hook/cmake_prefix_path.dsv'
[13.180s] colcon.colcon_core.shell INFO Creating environment hook '/home/a/ws_nhk/install/moveit_r2_config/share/moveit_r2_config/hook/cmake_prefix_path.sh'
[13.181s] colcon.colcon_core.environment Level 1 checking '/home/a/ws_nhk/install/moveit_r2_config/lib'
[13.181s] colcon.colcon_core.environment Level 1 checking '/home/a/ws_nhk/install/moveit_r2_config/bin'
[13.181s] colcon.colcon_core.environment Level 1 checking '/home/a/ws_nhk/install/moveit_r2_config/lib/pkgconfig/moveit_r2_config.pc'
[13.181s] colcon.colcon_core.environment Level 1 checking '/home/a/ws_nhk/install/moveit_r2_config/lib/python3.10/site-packages'
[13.182s] colcon.colcon_core.environment Level 1 checking '/home/a/ws_nhk/install/moveit_r2_config/bin'
[13.182s] colcon.colcon_core.shell INFO Creating package script '/home/a/ws_nhk/install/moveit_r2_config/share/moveit_r2_config/package.ps1'
[13.183s] colcon.colcon_core.shell INFO Creating package descriptor '/home/a/ws_nhk/install/moveit_r2_config/share/moveit_r2_config/package.dsv'
[13.184s] colcon.colcon_core.shell INFO Creating package script '/home/a/ws_nhk/install/moveit_r2_config/share/moveit_r2_config/package.sh'
[13.184s] colcon.colcon_core.shell INFO Creating package script '/home/a/ws_nhk/install/moveit_r2_config/share/moveit_r2_config/package.bash'
[13.185s] colcon.colcon_core.shell INFO Creating package script '/home/a/ws_nhk/install/moveit_r2_config/share/moveit_r2_config/package.zsh'
[13.185s] colcon.colcon_core.environment Level 1 create_file_with_runtime_dependencies(/home/a/ws_nhk/install/moveit_r2_config/share/colcon-core/packages/moveit_r2_config)
[13.186s] colcon.colcon_core.environment Level 1 create_environment_scripts_only(moveit_r2_config)
[13.186s] colcon.colcon_core.environment Level 1 checking '/home/a/ws_nhk/install/moveit_r2_config' for CMake module files
[13.186s] colcon.colcon_core.environment Level 1 checking '/home/a/ws_nhk/install/moveit_r2_config' for CMake config files
[13.186s] colcon.colcon_core.shell Level 1 create_environment_hook('moveit_r2_config', 'cmake_prefix_path')
[13.187s] colcon.colcon_core.shell INFO Creating environment hook '/home/a/ws_nhk/install/moveit_r2_config/share/moveit_r2_config/hook/cmake_prefix_path.ps1'
[13.187s] colcon.colcon_core.shell INFO Creating environment descriptor '/home/a/ws_nhk/install/moveit_r2_config/share/moveit_r2_config/hook/cmake_prefix_path.dsv'
[13.187s] colcon.colcon_core.shell INFO Creating environment hook '/home/a/ws_nhk/install/moveit_r2_config/share/moveit_r2_config/hook/cmake_prefix_path.sh'
[13.187s] colcon.colcon_core.environment Level 1 checking '/home/a/ws_nhk/install/moveit_r2_config/lib'
[13.188s] colcon.colcon_core.environment Level 1 checking '/home/a/ws_nhk/install/moveit_r2_config/bin'
[13.188s] colcon.colcon_core.environment Level 1 checking '/home/a/ws_nhk/install/moveit_r2_config/lib/pkgconfig/moveit_r2_config.pc'
[13.188s] colcon.colcon_core.environment Level 1 checking '/home/a/ws_nhk/install/moveit_r2_config/lib/python3.10/site-packages'
[13.188s] colcon.colcon_core.environment Level 1 checking '/home/a/ws_nhk/install/moveit_r2_config/bin'
[13.188s] colcon.colcon_core.shell INFO Creating package script '/home/a/ws_nhk/install/moveit_r2_config/share/moveit_r2_config/package.ps1'
[13.189s] colcon.colcon_core.shell INFO Creating package descriptor '/home/a/ws_nhk/install/moveit_r2_config/share/moveit_r2_config/package.dsv'
[13.189s] colcon.colcon_core.shell INFO Creating package script '/home/a/ws_nhk/install/moveit_r2_config/share/moveit_r2_config/package.sh'
[13.189s] colcon.colcon_core.shell INFO Creating package script '/home/a/ws_nhk/install/moveit_r2_config/share/moveit_r2_config/package.bash'
[13.189s] colcon.colcon_core.shell INFO Creating package script '/home/a/ws_nhk/install/moveit_r2_config/share/moveit_r2_config/package.zsh'
[13.190s] colcon.colcon_core.environment Level 1 create_file_with_runtime_dependencies(/home/a/ws_nhk/install/moveit_r2_config/share/colcon-core/packages/moveit_r2_config)
[13.190s] colcon.colcon_parallel_executor.executor.parallel DEBUG closing loop
[13.190s] colcon.colcon_parallel_executor.executor.parallel DEBUG loop closed
[13.190s] colcon.colcon_parallel_executor.executor.parallel DEBUG run_until_complete finished with '0'
[13.190s] colcon.colcon_core.event_reactor DEBUG joining thread
[13.195s] colcon.colcon_core.plugin_system INFO Skipping extension 'colcon_notification.desktop_notification.terminal_notifier': Not used on non-Darwin systems
[13.195s] colcon.colcon_core.plugin_system INFO Skipping extension 'colcon_notification.desktop_notification.win32': Not used on non-Windows systems
[13.195s] colcon.colcon_notification.desktop_notification INFO Sending desktop notification using 'notify2'
[13.209s] colcon.colcon_core.event_reactor DEBUG joined thread
[13.209s] colcon.colcon_core.shell INFO Creating prefix script '/home/a/ws_nhk/install/local_setup.ps1'
[13.210s] colcon.colcon_core.shell INFO Creating prefix util module '/home/a/ws_nhk/install/_local_setup_util_ps1.py'
[13.211s] colcon.colcon_core.shell INFO Creating prefix chain script '/home/a/ws_nhk/install/setup.ps1'
[13.212s] colcon.colcon_core.shell INFO Creating prefix script '/home/a/ws_nhk/install/local_setup.sh'
[13.212s] colcon.colcon_core.shell INFO Creating prefix util module '/home/a/ws_nhk/install/_local_setup_util_sh.py'
[13.213s] colcon.colcon_core.shell INFO Creating prefix chain script '/home/a/ws_nhk/install/setup.sh'
[13.213s] colcon.colcon_core.shell INFO Creating prefix script '/home/a/ws_nhk/install/local_setup.bash'
[13.214s] colcon.colcon_core.shell INFO Creating prefix chain script '/home/a/ws_nhk/install/setup.bash'
[13.215s] colcon.colcon_core.shell INFO Creating prefix script '/home/a/ws_nhk/install/local_setup.zsh'
[13.215s] colcon.colcon_core.shell INFO Creating prefix chain script '/home/a/ws_nhk/install/setup.zsh'
