[0.547s] Invoking command in '/home/a/ws_nhk/build/stm32_mavlink_msgs': CMAKE_PREFIX_PATH=${CMAKE_PREFIX_PATH}:/home/a/ws_nhk/install/ikeyaMD_wizard:/home/a/ws_nhk/install/moveit_configs_utils:/home/a/ws_nhk/install/rogidrive:/home/a/ws_nhk/install/launch_param_builder:/home/a/ws_nhk/install/dynamixel_controller_gui:/home/a/ws_nhk/install/dynamixel_controller_client:/opt/ros/humble /usr/bin/cmake /home/a/ws_nhk/src/MAVLink_ros2/stm32_mavlink_msgs -DCMAKE_INSTALL_PREFIX=/home/a/ws_nhk/install/stm32_mavlink_msgs
[1.460s] -- Found ament_cmake: 1.3.12 (/opt/ros/humble/share/ament_cmake/cmake)
[1.461s] -- Found rosidl_default_generators: 1.2.0 (/opt/ros/humble/share/rosidl_default_generators/cmake)
[1.461s] -- Using all available rosidl_typesupport_c: rosidl_typesupport_fastrtps_c;rosidl_typesupport_introspection_c
[1.462s] -- Found rosidl_adapter: 3.1.8 (/opt/ros/humble/share/rosidl_adapter/cmake)
[1.462s] -- Using all available rosidl_typesupport_cpp: rosidl_typesupport_fastrtps_cpp;rosidl_typesupport_introspection_cpp
[1.462s] -- Found std_msgs: 4.9.0 (/opt/ros/humble/share/std_msgs/cmake)
[1.462s] -- Found geometry_msgs: 4.9.0 (/opt/ros/humble/share/geometry_msgs/cmake)
[3.857s] -- Found ament_cmake_ros: 0.10.0 (/opt/ros/humble/share/ament_cmake_ros/cmake)
[5.313s] -- Using all available rosidl_typesupport_c: rosidl_typesupport_fastrtps_c;rosidl_typesupport_introspection_c
[6.879s] -- Using all available rosidl_typesupport_cpp: rosidl_typesupport_fastrtps_cpp;rosidl_typesupport_introspection_cpp
[6.960s] -- Found python_cmake_module: 0.10.0 (/opt/ros/humble/share/python_cmake_module/cmake)
[7.056s] -- Using PYTHON_EXECUTABLE: /usr/bin/python3
[7.056s] -- Using PYTHON_INCLUDE_DIRS: /usr/include/python3.10
[7.058s] -- Using PYTHON_LIBRARIES: /usr/lib/x86_64-linux-gnu/libpython3.10.so
[7.569s] -- Configuring done
[8.045s] -- Generating done
[8.126s] -- Build files have been written to: /home/a/ws_nhk/build/stm32_mavlink_msgs
[8.168s] Invoked command in '/home/a/ws_nhk/build/stm32_mavlink_msgs' returned '0': CMAKE_PREFIX_PATH=${CMAKE_PREFIX_PATH}:/home/a/ws_nhk/install/ikeyaMD_wizard:/home/a/ws_nhk/install/moveit_configs_utils:/home/a/ws_nhk/install/rogidrive:/home/a/ws_nhk/install/launch_param_builder:/home/a/ws_nhk/install/dynamixel_controller_gui:/home/a/ws_nhk/install/dynamixel_controller_client:/opt/ros/humble /usr/bin/cmake /home/a/ws_nhk/src/MAVLink_ros2/stm32_mavlink_msgs -DCMAKE_INSTALL_PREFIX=/home/a/ws_nhk/install/stm32_mavlink_msgs
[8.175s] Invoking command in '/home/a/ws_nhk/build/stm32_mavlink_msgs': CMAKE_PREFIX_PATH=${CMAKE_PREFIX_PATH}:/home/a/ws_nhk/install/ikeyaMD_wizard:/home/a/ws_nhk/install/moveit_configs_utils:/home/a/ws_nhk/install/rogidrive:/home/a/ws_nhk/install/launch_param_builder:/home/a/ws_nhk/install/dynamixel_controller_gui:/home/a/ws_nhk/install/dynamixel_controller_client:/opt/ros/humble /usr/bin/cmake --build /home/a/ws_nhk/build/stm32_mavlink_msgs -- -j22 -l22
[8.458s] [35m[1mConsolidate compiler generated dependencies of target stm32_mavlink_msgs__rosidl_generator_c[0m
[8.507s] [  0%] Built target stm32_mavlink_msgs__cpp
[8.537s] [ 12%] Built target stm32_mavlink_msgs__rosidl_generator_c
[8.541s] [ 12%] Built target ament_cmake_python_copy_stm32_mavlink_msgs
[8.583s] [35m[1mConsolidate compiler generated dependencies of target stm32_mavlink_msgs__rosidl_typesupport_fastrtps_cpp[0m
[8.583s] [35m[1mConsolidate compiler generated dependencies of target stm32_mavlink_msgs__rosidl_typesupport_cpp[0m
[8.593s] [35m[1mConsolidate compiler generated dependencies of target stm32_mavlink_msgs__rosidl_typesupport_introspection_cpp[0m
[8.594s] [35m[1mConsolidate compiler generated dependencies of target stm32_mavlink_msgs__rosidl_typesupport_c[0m
[8.614s] [35m[1mConsolidate compiler generated dependencies of target stm32_mavlink_msgs__rosidl_typesupport_introspection_c[0m
[8.627s] [35m[1mConsolidate compiler generated dependencies of target stm32_mavlink_msgs__rosidl_typesupport_fastrtps_c[0m
[8.658s] [ 24%] Built target stm32_mavlink_msgs__rosidl_typesupport_c
[8.697s] [ 46%] Built target stm32_mavlink_msgs__rosidl_typesupport_introspection_c
[8.698s] [ 49%] Built target stm32_mavlink_msgs__rosidl_typesupport_cpp
[8.714s] [ 61%] Built target stm32_mavlink_msgs__rosidl_typesupport_fastrtps_cpp
[8.715s] [ 74%] Built target stm32_mavlink_msgs__rosidl_typesupport_introspection_cpp
[8.744s] [ 86%] Built target stm32_mavlink_msgs__rosidl_typesupport_fastrtps_c
[8.840s] [ 86%] Built target stm32_mavlink_msgs
[8.932s] [ 86%] Built target stm32_mavlink_msgs__py
[9.002s] [35m[1mConsolidate compiler generated dependencies of target stm32_mavlink_msgs__rosidl_generator_py[0m
[9.122s] [ 98%] Built target stm32_mavlink_msgs__rosidl_generator_py
[9.170s] [35m[1mConsolidate compiler generated dependencies of target stm32_mavlink_msgs__rosidl_typesupport_introspection_c__pyext[0m
[9.179s] [35m[1mConsolidate compiler generated dependencies of target stm32_mavlink_msgs__rosidl_typesupport_fastrtps_c__pyext[0m
[9.182s] [35m[1mConsolidate compiler generated dependencies of target stm32_mavlink_msgs__rosidl_typesupport_c__pyext[0m
[9.236s] [ 98%] Built target stm32_mavlink_msgs__rosidl_typesupport_introspection_c__pyext
[9.239s] [ 99%] Built target stm32_mavlink_msgs__rosidl_typesupport_c__pyext
[9.251s] [100%] Built target stm32_mavlink_msgs__rosidl_typesupport_fastrtps_c__pyext
[9.818s] running egg_info
[9.821s] writing stm32_mavlink_msgs.egg-info/PKG-INFO
[9.821s] writing dependency_links to stm32_mavlink_msgs.egg-info/dependency_links.txt
[9.822s] writing top-level names to stm32_mavlink_msgs.egg-info/top_level.txt
[9.829s] reading manifest file 'stm32_mavlink_msgs.egg-info/SOURCES.txt'
[9.832s] writing manifest file 'stm32_mavlink_msgs.egg-info/SOURCES.txt'
[9.914s] [100%] Built target ament_cmake_python_build_stm32_mavlink_msgs_egg
[10.705s] Invoked command in '/home/a/ws_nhk/build/stm32_mavlink_msgs' returned '0': CMAKE_PREFIX_PATH=${CMAKE_PREFIX_PATH}:/home/a/ws_nhk/install/ikeyaMD_wizard:/home/a/ws_nhk/install/moveit_configs_utils:/home/a/ws_nhk/install/rogidrive:/home/a/ws_nhk/install/launch_param_builder:/home/a/ws_nhk/install/dynamixel_controller_gui:/home/a/ws_nhk/install/dynamixel_controller_client:/opt/ros/humble /usr/bin/cmake --build /home/a/ws_nhk/build/stm32_mavlink_msgs -- -j22 -l22
[10.710s] Invoking command in '/home/a/ws_nhk/build/stm32_mavlink_msgs': CMAKE_PREFIX_PATH=${CMAKE_PREFIX_PATH}:/home/a/ws_nhk/install/ikeyaMD_wizard:/home/a/ws_nhk/install/moveit_configs_utils:/home/a/ws_nhk/install/rogidrive:/home/a/ws_nhk/install/launch_param_builder:/home/a/ws_nhk/install/dynamixel_controller_gui:/home/a/ws_nhk/install/dynamixel_controller_client:/opt/ros/humble /usr/bin/cmake --install /home/a/ws_nhk/build/stm32_mavlink_msgs
[10.743s] -- Install configuration: "Release"
[10.743s] -- Up-to-date: /home/a/ws_nhk/install/stm32_mavlink_msgs/share/ament_index/resource_index/rosidl_interfaces/stm32_mavlink_msgs
[10.743s] -- Up-to-date: /home/a/ws_nhk/install/stm32_mavlink_msgs/include/stm32_mavlink_msgs/stm32_mavlink_msgs
[10.743s] -- Up-to-date: /home/a/ws_nhk/install/stm32_mavlink_msgs/include/stm32_mavlink_msgs/stm32_mavlink_msgs/msg
[10.743s] -- Up-to-date: /home/a/ws_nhk/install/stm32_mavlink_msgs/include/stm32_mavlink_msgs/stm32_mavlink_msgs/msg/robomaster_motor_command.h
[10.744s] -- Up-to-date: /home/a/ws_nhk/install/stm32_mavlink_msgs/include/stm32_mavlink_msgs/stm32_mavlink_msgs/msg/rs485_motor_command.h
[10.744s] -- Up-to-date: /home/a/ws_nhk/install/stm32_mavlink_msgs/include/stm32_mavlink_msgs/stm32_mavlink_msgs/msg/servo_command.h
[10.744s] -- Up-to-date: /home/a/ws_nhk/install/stm32_mavlink_msgs/include/stm32_mavlink_msgs/stm32_mavlink_msgs/msg/rs485_write_request.h
[10.744s] -- Up-to-date: /home/a/ws_nhk/install/stm32_mavlink_msgs/include/stm32_mavlink_msgs/stm32_mavlink_msgs/msg/encoder_config.h
[10.744s] -- Up-to-date: /home/a/ws_nhk/install/stm32_mavlink_msgs/include/stm32_mavlink_msgs/stm32_mavlink_msgs/msg/rs485_flash_save_request.h
[10.744s] -- Up-to-date: /home/a/ws_nhk/install/stm32_mavlink_msgs/include/stm32_mavlink_msgs/stm32_mavlink_msgs/msg/dc_motor_command.h
[10.745s] -- Up-to-date: /home/a/ws_nhk/install/stm32_mavlink_msgs/include/stm32_mavlink_msgs/stm32_mavlink_msgs/msg/rs485_read_request.h
[10.745s] -- Up-to-date: /home/a/ws_nhk/install/stm32_mavlink_msgs/include/stm32_mavlink_msgs/stm32_mavlink_msgs/msg/solenoid_command.h
[10.745s] -- Up-to-date: /home/a/ws_nhk/install/stm32_mavlink_msgs/include/stm32_mavlink_msgs/stm32_mavlink_msgs/msg/dc_motor_config.h
[10.745s] -- Up-to-date: /home/a/ws_nhk/install/stm32_mavlink_msgs/include/stm32_mavlink_msgs/stm32_mavlink_msgs/msg/rs485_motor_state.h
[10.745s] -- Up-to-date: /home/a/ws_nhk/install/stm32_mavlink_msgs/include/stm32_mavlink_msgs/stm32_mavlink_msgs/msg/rosidl_generator_c__visibility_control.h
[10.746s] -- Up-to-date: /home/a/ws_nhk/install/stm32_mavlink_msgs/include/stm32_mavlink_msgs/stm32_mavlink_msgs/msg/wtt12_l_status.h
[10.746s] -- Up-to-date: /home/a/ws_nhk/install/stm32_mavlink_msgs/include/stm32_mavlink_msgs/stm32_mavlink_msgs/msg/rs485_motor_config.h
[10.746s] -- Up-to-date: /home/a/ws_nhk/install/stm32_mavlink_msgs/include/stm32_mavlink_msgs/stm32_mavlink_msgs/msg/dc_motor_state.h
[10.746s] -- Up-to-date: /home/a/ws_nhk/install/stm32_mavlink_msgs/include/stm32_mavlink_msgs/stm32_mavlink_msgs/msg/servo_state.h
[10.746s] -- Up-to-date: /home/a/ws_nhk/install/stm32_mavlink_msgs/include/stm32_mavlink_msgs/stm32_mavlink_msgs/msg/rs485_read_response.h
[10.746s] -- Up-to-date: /home/a/ws_nhk/install/stm32_mavlink_msgs/include/stm32_mavlink_msgs/stm32_mavlink_msgs/msg/robomaster_motor_config.h
[10.746s] -- Up-to-date: /home/a/ws_nhk/install/stm32_mavlink_msgs/include/stm32_mavlink_msgs/stm32_mavlink_msgs/msg/detail
[10.747s] -- Up-to-date: /home/a/ws_nhk/install/stm32_mavlink_msgs/include/stm32_mavlink_msgs/stm32_mavlink_msgs/msg/detail/rs485_write_request__type_support.h
[10.747s] -- Up-to-date: /home/a/ws_nhk/install/stm32_mavlink_msgs/include/stm32_mavlink_msgs/stm32_mavlink_msgs/msg/detail/dc_motor_state__functions.c
[10.747s] -- Up-to-date: /home/a/ws_nhk/install/stm32_mavlink_msgs/include/stm32_mavlink_msgs/stm32_mavlink_msgs/msg/detail/robomaster_motor_state__type_support.h
[10.747s] -- Up-to-date: /home/a/ws_nhk/install/stm32_mavlink_msgs/include/stm32_mavlink_msgs/stm32_mavlink_msgs/msg/detail/robomaster_motor_command__functions.c
[10.747s] -- Up-to-date: /home/a/ws_nhk/install/stm32_mavlink_msgs/include/stm32_mavlink_msgs/stm32_mavlink_msgs/msg/detail/encoder_config__functions.c
[10.747s] -- Up-to-date: /home/a/ws_nhk/install/stm32_mavlink_msgs/include/stm32_mavlink_msgs/stm32_mavlink_msgs/msg/detail/robomaster_motor_command__type_support.h
[10.747s] -- Up-to-date: /home/a/ws_nhk/install/stm32_mavlink_msgs/include/stm32_mavlink_msgs/stm32_mavlink_msgs/msg/detail/encoder_config__struct.h
[10.748s] -- Up-to-date: /home/a/ws_nhk/install/stm32_mavlink_msgs/include/stm32_mavlink_msgs/stm32_mavlink_msgs/msg/detail/solenoid_status__type_support.h
[10.748s] -- Up-to-date: /home/a/ws_nhk/install/stm32_mavlink_msgs/include/stm32_mavlink_msgs/stm32_mavlink_msgs/msg/detail/encoder_config__functions.h
[10.748s] -- Up-to-date: /home/a/ws_nhk/install/stm32_mavlink_msgs/include/stm32_mavlink_msgs/stm32_mavlink_msgs/msg/detail/dc_motor_command__type_support.h
[10.748s] -- Up-to-date: /home/a/ws_nhk/install/stm32_mavlink_msgs/include/stm32_mavlink_msgs/stm32_mavlink_msgs/msg/detail/dc_motor_command__struct.h
[10.748s] -- Up-to-date: /home/a/ws_nhk/install/stm32_mavlink_msgs/include/stm32_mavlink_msgs/stm32_mavlink_msgs/msg/detail/rs485_motor_state__functions.c
[10.748s] -- Up-to-date: /home/a/ws_nhk/install/stm32_mavlink_msgs/include/stm32_mavlink_msgs/stm32_mavlink_msgs/msg/detail/rs485_motor_config__functions.h
[10.749s] -- Up-to-date: /home/a/ws_nhk/install/stm32_mavlink_msgs/include/stm32_mavlink_msgs/stm32_mavlink_msgs/msg/detail/limit_switch_status__struct.h
[10.749s] -- Up-to-date: /home/a/ws_nhk/install/stm32_mavlink_msgs/include/stm32_mavlink_msgs/stm32_mavlink_msgs/msg/detail/robomaster_motor_state__struct.h
[10.749s] -- Up-to-date: /home/a/ws_nhk/install/stm32_mavlink_msgs/include/stm32_mavlink_msgs/stm32_mavlink_msgs/msg/detail/solenoid_command__functions.h
[10.749s] -- Up-to-date: /home/a/ws_nhk/install/stm32_mavlink_msgs/include/stm32_mavlink_msgs/stm32_mavlink_msgs/msg/detail/servo_command__functions.h
[10.749s] -- Up-to-date: /home/a/ws_nhk/install/stm32_mavlink_msgs/include/stm32_mavlink_msgs/stm32_mavlink_msgs/msg/detail/rs485_motor_state__type_support.h
[10.750s] -- Up-to-date: /home/a/ws_nhk/install/stm32_mavlink_msgs/include/stm32_mavlink_msgs/stm32_mavlink_msgs/msg/detail/dc_motor_command__functions.h
[10.750s] -- Up-to-date: /home/a/ws_nhk/install/stm32_mavlink_msgs/include/stm32_mavlink_msgs/stm32_mavlink_msgs/msg/detail/servo_state__type_support.h
[10.750s] -- Up-to-date: /home/a/ws_nhk/install/stm32_mavlink_msgs/include/stm32_mavlink_msgs/stm32_mavlink_msgs/msg/detail/rs485_motor_command__functions.h
[10.750s] -- Up-to-date: /home/a/ws_nhk/install/stm32_mavlink_msgs/include/stm32_mavlink_msgs/stm32_mavlink_msgs/msg/detail/rs485_read_request__type_support.h
[10.750s] -- Up-to-date: /home/a/ws_nhk/install/stm32_mavlink_msgs/include/stm32_mavlink_msgs/stm32_mavlink_msgs/msg/detail/rs485_write_request__struct.h
[10.750s] -- Up-to-date: /home/a/ws_nhk/install/stm32_mavlink_msgs/include/stm32_mavlink_msgs/stm32_mavlink_msgs/msg/detail/rs485_read_request__struct.h
[10.750s] -- Up-to-date: /home/a/ws_nhk/install/stm32_mavlink_msgs/include/stm32_mavlink_msgs/stm32_mavlink_msgs/msg/detail/rs485_write_response__type_support.h
[10.750s] -- Up-to-date: /home/a/ws_nhk/install/stm32_mavlink_msgs/include/stm32_mavlink_msgs/stm32_mavlink_msgs/msg/detail/rs485_write_request__functions.h
[10.751s] -- Up-to-date: /home/a/ws_nhk/install/stm32_mavlink_msgs/include/stm32_mavlink_msgs/stm32_mavlink_msgs/msg/detail/robomaster_motor_command__functions.h
[10.751s] -- Up-to-date: /home/a/ws_nhk/install/stm32_mavlink_msgs/include/stm32_mavlink_msgs/stm32_mavlink_msgs/msg/detail/wtt12_l_status__type_support.h
[10.751s] -- Up-to-date: /home/a/ws_nhk/install/stm32_mavlink_msgs/include/stm32_mavlink_msgs/stm32_mavlink_msgs/msg/detail/solenoid_command__functions.c
[10.751s] -- Up-to-date: /home/a/ws_nhk/install/stm32_mavlink_msgs/include/stm32_mavlink_msgs/stm32_mavlink_msgs/msg/detail/rs485_motor_config__functions.c
[10.751s] -- Up-to-date: /home/a/ws_nhk/install/stm32_mavlink_msgs/include/stm32_mavlink_msgs/stm32_mavlink_msgs/msg/detail/servo_command__type_support.h
[10.751s] -- Up-to-date: /home/a/ws_nhk/install/stm32_mavlink_msgs/include/stm32_mavlink_msgs/stm32_mavlink_msgs/msg/detail/encoder_config__type_support.h
[10.752s] -- Up-to-date: /home/a/ws_nhk/install/stm32_mavlink_msgs/include/stm32_mavlink_msgs/stm32_mavlink_msgs/msg/detail/solenoid_status__functions.h
[10.752s] -- Up-to-date: /home/a/ws_nhk/install/stm32_mavlink_msgs/include/stm32_mavlink_msgs/stm32_mavlink_msgs/msg/detail/servo_command__struct.h
[10.752s] -- Up-to-date: /home/a/ws_nhk/install/stm32_mavlink_msgs/include/stm32_mavlink_msgs/stm32_mavlink_msgs/msg/detail/solenoid_command__type_support.h
[10.752s] -- Up-to-date: /home/a/ws_nhk/install/stm32_mavlink_msgs/include/stm32_mavlink_msgs/stm32_mavlink_msgs/msg/detail/rs485_motor_config__struct.h
[10.752s] -- Up-to-date: /home/a/ws_nhk/install/stm32_mavlink_msgs/include/stm32_mavlink_msgs/stm32_mavlink_msgs/msg/detail/servo_state__functions.c
[10.752s] -- Up-to-date: /home/a/ws_nhk/install/stm32_mavlink_msgs/include/stm32_mavlink_msgs/stm32_mavlink_msgs/msg/detail/rs485_write_response__struct.h
[10.752s] -- Up-to-date: /home/a/ws_nhk/install/stm32_mavlink_msgs/include/stm32_mavlink_msgs/stm32_mavlink_msgs/msg/detail/rs485_read_response__type_support.h
[10.752s] -- Up-to-date: /home/a/ws_nhk/install/stm32_mavlink_msgs/include/stm32_mavlink_msgs/stm32_mavlink_msgs/msg/detail/servo_state__struct.h
[10.753s] -- Up-to-date: /home/a/ws_nhk/install/stm32_mavlink_msgs/include/stm32_mavlink_msgs/stm32_mavlink_msgs/msg/detail/dc_motor_config__functions.c
[10.753s] -- Up-to-date: /home/a/ws_nhk/install/stm32_mavlink_msgs/include/stm32_mavlink_msgs/stm32_mavlink_msgs/msg/detail/rs485_write_response__functions.c
[10.753s] -- Up-to-date: /home/a/ws_nhk/install/stm32_mavlink_msgs/include/stm32_mavlink_msgs/stm32_mavlink_msgs/msg/detail/rs485_read_request__functions.h
[10.753s] -- Up-to-date: /home/a/ws_nhk/install/stm32_mavlink_msgs/include/stm32_mavlink_msgs/stm32_mavlink_msgs/msg/detail/dc_motor_config__type_support.h
[10.753s] -- Up-to-date: /home/a/ws_nhk/install/stm32_mavlink_msgs/include/stm32_mavlink_msgs/stm32_mavlink_msgs/msg/detail/servo_command__functions.c
[10.753s] -- Up-to-date: /home/a/ws_nhk/install/stm32_mavlink_msgs/include/stm32_mavlink_msgs/stm32_mavlink_msgs/msg/detail/rs485_motor_command__type_support.h
[10.753s] -- Up-to-date: /home/a/ws_nhk/install/stm32_mavlink_msgs/include/stm32_mavlink_msgs/stm32_mavlink_msgs/msg/detail/dc_motor_state__functions.h
[10.753s] -- Up-to-date: /home/a/ws_nhk/install/stm32_mavlink_msgs/include/stm32_mavlink_msgs/stm32_mavlink_msgs/msg/detail/rs485_flash_save_request__type_support.h
[10.754s] -- Up-to-date: /home/a/ws_nhk/install/stm32_mavlink_msgs/include/stm32_mavlink_msgs/stm32_mavlink_msgs/msg/detail/encoder_state__struct.h
[10.754s] -- Up-to-date: /home/a/ws_nhk/install/stm32_mavlink_msgs/include/stm32_mavlink_msgs/stm32_mavlink_msgs/msg/detail/dc_motor_config__struct.h
[10.754s] -- Up-to-date: /home/a/ws_nhk/install/stm32_mavlink_msgs/include/stm32_mavlink_msgs/stm32_mavlink_msgs/msg/detail/rs485_motor_command__functions.c
[10.754s] -- Up-to-date: /home/a/ws_nhk/install/stm32_mavlink_msgs/include/stm32_mavlink_msgs/stm32_mavlink_msgs/msg/detail/rs485_motor_state__struct.h
[10.754s] -- Up-to-date: /home/a/ws_nhk/install/stm32_mavlink_msgs/include/stm32_mavlink_msgs/stm32_mavlink_msgs/msg/detail/limit_switch_status__functions.h
[10.754s] -- Up-to-date: /home/a/ws_nhk/install/stm32_mavlink_msgs/include/stm32_mavlink_msgs/stm32_mavlink_msgs/msg/detail/solenoid_status__functions.c
[10.754s] -- Up-to-date: /home/a/ws_nhk/install/stm32_mavlink_msgs/include/stm32_mavlink_msgs/stm32_mavlink_msgs/msg/detail/robomaster_motor_state__functions.c
[10.755s] -- Up-to-date: /home/a/ws_nhk/install/stm32_mavlink_msgs/include/stm32_mavlink_msgs/stm32_mavlink_msgs/msg/detail/wtt12_l_status__struct.h
[10.755s] -- Up-to-date: /home/a/ws_nhk/install/stm32_mavlink_msgs/include/stm32_mavlink_msgs/stm32_mavlink_msgs/msg/detail/dc_motor_command__functions.c
[10.755s] -- Up-to-date: /home/a/ws_nhk/install/stm32_mavlink_msgs/include/stm32_mavlink_msgs/stm32_mavlink_msgs/msg/detail/limit_switch_status__functions.c
[10.755s] -- Up-to-date: /home/a/ws_nhk/install/stm32_mavlink_msgs/include/stm32_mavlink_msgs/stm32_mavlink_msgs/msg/detail/robomaster_motor_config__functions.h
[10.755s] -- Up-to-date: /home/a/ws_nhk/install/stm32_mavlink_msgs/include/stm32_mavlink_msgs/stm32_mavlink_msgs/msg/detail/rs485_read_request__functions.c
[10.755s] -- Up-to-date: /home/a/ws_nhk/install/stm32_mavlink_msgs/include/stm32_mavlink_msgs/stm32_mavlink_msgs/msg/detail/limit_switch_status__type_support.h
[10.755s] -- Up-to-date: /home/a/ws_nhk/install/stm32_mavlink_msgs/include/stm32_mavlink_msgs/stm32_mavlink_msgs/msg/detail/solenoid_command__struct.h
[10.755s] -- Up-to-date: /home/a/ws_nhk/install/stm32_mavlink_msgs/include/stm32_mavlink_msgs/stm32_mavlink_msgs/msg/detail/robomaster_motor_config__functions.c
[10.756s] -- Up-to-date: /home/a/ws_nhk/install/stm32_mavlink_msgs/include/stm32_mavlink_msgs/stm32_mavlink_msgs/msg/detail/encoder_state__functions.c
[10.756s] -- Up-to-date: /home/a/ws_nhk/install/stm32_mavlink_msgs/include/stm32_mavlink_msgs/stm32_mavlink_msgs/msg/detail/robomaster_motor_config__struct.h
[10.756s] -- Up-to-date: /home/a/ws_nhk/install/stm32_mavlink_msgs/include/stm32_mavlink_msgs/stm32_mavlink_msgs/msg/detail/robomaster_motor_command__struct.h
[10.756s] -- Up-to-date: /home/a/ws_nhk/install/stm32_mavlink_msgs/include/stm32_mavlink_msgs/stm32_mavlink_msgs/msg/detail/rs485_motor_state__functions.h
[10.756s] -- Up-to-date: /home/a/ws_nhk/install/stm32_mavlink_msgs/include/stm32_mavlink_msgs/stm32_mavlink_msgs/msg/detail/rs485_flash_save_request__functions.c
[10.756s] -- Up-to-date: /home/a/ws_nhk/install/stm32_mavlink_msgs/include/stm32_mavlink_msgs/stm32_mavlink_msgs/msg/detail/solenoid_status__struct.h
[10.756s] -- Up-to-date: /home/a/ws_nhk/install/stm32_mavlink_msgs/include/stm32_mavlink_msgs/stm32_mavlink_msgs/msg/detail/dc_motor_config__functions.h
[10.757s] -- Up-to-date: /home/a/ws_nhk/install/stm32_mavlink_msgs/include/stm32_mavlink_msgs/stm32_mavlink_msgs/msg/detail/robomaster_motor_config__type_support.h
[10.757s] -- Up-to-date: /home/a/ws_nhk/install/stm32_mavlink_msgs/include/stm32_mavlink_msgs/stm32_mavlink_msgs/msg/detail/rs485_write_response__functions.h
[10.757s] -- Up-to-date: /home/a/ws_nhk/install/stm32_mavlink_msgs/include/stm32_mavlink_msgs/stm32_mavlink_msgs/msg/detail/encoder_state__functions.h
[10.757s] -- Up-to-date: /home/a/ws_nhk/install/stm32_mavlink_msgs/include/stm32_mavlink_msgs/stm32_mavlink_msgs/msg/detail/rs485_flash_save_request__functions.h
[10.757s] -- Up-to-date: /home/a/ws_nhk/install/stm32_mavlink_msgs/include/stm32_mavlink_msgs/stm32_mavlink_msgs/msg/detail/dc_motor_state__type_support.h
[10.757s] -- Up-to-date: /home/a/ws_nhk/install/stm32_mavlink_msgs/include/stm32_mavlink_msgs/stm32_mavlink_msgs/msg/detail/rs485_motor_config__type_support.h
[10.758s] -- Up-to-date: /home/a/ws_nhk/install/stm32_mavlink_msgs/include/stm32_mavlink_msgs/stm32_mavlink_msgs/msg/detail/rs485_flash_save_request__struct.h
[10.758s] -- Up-to-date: /home/a/ws_nhk/install/stm32_mavlink_msgs/include/stm32_mavlink_msgs/stm32_mavlink_msgs/msg/detail/robomaster_motor_state__functions.h
[10.758s] -- Up-to-date: /home/a/ws_nhk/install/stm32_mavlink_msgs/include/stm32_mavlink_msgs/stm32_mavlink_msgs/msg/detail/rs485_read_response__functions.c
[10.758s] -- Up-to-date: /home/a/ws_nhk/install/stm32_mavlink_msgs/include/stm32_mavlink_msgs/stm32_mavlink_msgs/msg/detail/wtt12_l_status__functions.h
[10.758s] -- Up-to-date: /home/a/ws_nhk/install/stm32_mavlink_msgs/include/stm32_mavlink_msgs/stm32_mavlink_msgs/msg/detail/rs485_read_response__functions.h
[10.758s] -- Up-to-date: /home/a/ws_nhk/install/stm32_mavlink_msgs/include/stm32_mavlink_msgs/stm32_mavlink_msgs/msg/detail/rs485_write_request__functions.c
[10.758s] -- Up-to-date: /home/a/ws_nhk/install/stm32_mavlink_msgs/include/stm32_mavlink_msgs/stm32_mavlink_msgs/msg/detail/rs485_motor_command__struct.h
[10.759s] -- Up-to-date: /home/a/ws_nhk/install/stm32_mavlink_msgs/include/stm32_mavlink_msgs/stm32_mavlink_msgs/msg/detail/wtt12_l_status__functions.c
[10.759s] -- Up-to-date: /home/a/ws_nhk/install/stm32_mavlink_msgs/include/stm32_mavlink_msgs/stm32_mavlink_msgs/msg/detail/dc_motor_state__struct.h
[10.759s] -- Up-to-date: /home/a/ws_nhk/install/stm32_mavlink_msgs/include/stm32_mavlink_msgs/stm32_mavlink_msgs/msg/detail/servo_state__functions.h
[10.759s] -- Up-to-date: /home/a/ws_nhk/install/stm32_mavlink_msgs/include/stm32_mavlink_msgs/stm32_mavlink_msgs/msg/detail/encoder_state__type_support.h
[10.759s] -- Up-to-date: /home/a/ws_nhk/install/stm32_mavlink_msgs/include/stm32_mavlink_msgs/stm32_mavlink_msgs/msg/detail/rs485_read_response__struct.h
[10.759s] -- Up-to-date: /home/a/ws_nhk/install/stm32_mavlink_msgs/include/stm32_mavlink_msgs/stm32_mavlink_msgs/msg/rs485_write_response.h
[10.759s] -- Up-to-date: /home/a/ws_nhk/install/stm32_mavlink_msgs/include/stm32_mavlink_msgs/stm32_mavlink_msgs/msg/limit_switch_status.h
[10.759s] -- Up-to-date: /home/a/ws_nhk/install/stm32_mavlink_msgs/include/stm32_mavlink_msgs/stm32_mavlink_msgs/msg/encoder_state.h
[10.760s] -- Up-to-date: /home/a/ws_nhk/install/stm32_mavlink_msgs/include/stm32_mavlink_msgs/stm32_mavlink_msgs/msg/solenoid_status.h
[10.760s] -- Up-to-date: /home/a/ws_nhk/install/stm32_mavlink_msgs/include/stm32_mavlink_msgs/stm32_mavlink_msgs/msg/robomaster_motor_state.h
[10.760s] -- Up-to-date: /home/a/ws_nhk/install/stm32_mavlink_msgs/include/stm32_mavlink_msgs/stm32_mavlink_msgs/srv
[10.760s] -- Up-to-date: /home/a/ws_nhk/install/stm32_mavlink_msgs/include/stm32_mavlink_msgs/stm32_mavlink_msgs/srv/set_robomaster_motor_config.h
[10.760s] -- Up-to-date: /home/a/ws_nhk/install/stm32_mavlink_msgs/include/stm32_mavlink_msgs/stm32_mavlink_msgs/srv/get_dc_motor_config.h
[10.760s] -- Up-to-date: /home/a/ws_nhk/install/stm32_mavlink_msgs/include/stm32_mavlink_msgs/stm32_mavlink_msgs/srv/write_rs485_param.h
[10.760s] -- Up-to-date: /home/a/ws_nhk/install/stm32_mavlink_msgs/include/stm32_mavlink_msgs/stm32_mavlink_msgs/srv/set_encoder_config.h
[10.761s] -- Up-to-date: /home/a/ws_nhk/install/stm32_mavlink_msgs/include/stm32_mavlink_msgs/stm32_mavlink_msgs/srv/set_dc_motor_config.h
[10.761s] -- Up-to-date: /home/a/ws_nhk/install/stm32_mavlink_msgs/include/stm32_mavlink_msgs/stm32_mavlink_msgs/srv/read_rs485_param.h
[10.761s] -- Up-to-date: /home/a/ws_nhk/install/stm32_mavlink_msgs/include/stm32_mavlink_msgs/stm32_mavlink_msgs/srv/flash_save_rs485.h
[10.761s] -- Up-to-date: /home/a/ws_nhk/install/stm32_mavlink_msgs/include/stm32_mavlink_msgs/stm32_mavlink_msgs/srv/detail
[10.761s] -- Up-to-date: /home/a/ws_nhk/install/stm32_mavlink_msgs/include/stm32_mavlink_msgs/stm32_mavlink_msgs/srv/detail/get_dc_motor_config__functions.c
[10.761s] -- Up-to-date: /home/a/ws_nhk/install/stm32_mavlink_msgs/include/stm32_mavlink_msgs/stm32_mavlink_msgs/srv/detail/get_robomaster_motor_config__functions.h
[10.761s] -- Up-to-date: /home/a/ws_nhk/install/stm32_mavlink_msgs/include/stm32_mavlink_msgs/stm32_mavlink_msgs/srv/detail/write_rs485_param__functions.c
[10.762s] -- Up-to-date: /home/a/ws_nhk/install/stm32_mavlink_msgs/include/stm32_mavlink_msgs/stm32_mavlink_msgs/srv/detail/read_rs485_param__type_support.h
[10.762s] -- Up-to-date: /home/a/ws_nhk/install/stm32_mavlink_msgs/include/stm32_mavlink_msgs/stm32_mavlink_msgs/srv/detail/get_robomaster_motor_config__struct.h
[10.762s] -- Up-to-date: /home/a/ws_nhk/install/stm32_mavlink_msgs/include/stm32_mavlink_msgs/stm32_mavlink_msgs/srv/detail/set_encoder_config__struct.h
[10.762s] -- Up-to-date: /home/a/ws_nhk/install/stm32_mavlink_msgs/include/stm32_mavlink_msgs/stm32_mavlink_msgs/srv/detail/set_dc_motor_config__type_support.h
[10.762s] -- Up-to-date: /home/a/ws_nhk/install/stm32_mavlink_msgs/include/stm32_mavlink_msgs/stm32_mavlink_msgs/srv/detail/set_dc_motor_config__functions.h
[10.762s] -- Up-to-date: /home/a/ws_nhk/install/stm32_mavlink_msgs/include/stm32_mavlink_msgs/stm32_mavlink_msgs/srv/detail/set_robomaster_motor_config__struct.h
[10.763s] -- Up-to-date: /home/a/ws_nhk/install/stm32_mavlink_msgs/include/stm32_mavlink_msgs/stm32_mavlink_msgs/srv/detail/read_rs485_param__functions.c
[10.763s] -- Up-to-date: /home/a/ws_nhk/install/stm32_mavlink_msgs/include/stm32_mavlink_msgs/stm32_mavlink_msgs/srv/detail/set_robomaster_motor_config__functions.c
[10.763s] -- Up-to-date: /home/a/ws_nhk/install/stm32_mavlink_msgs/include/stm32_mavlink_msgs/stm32_mavlink_msgs/srv/detail/get_robomaster_motor_config__functions.c
[10.763s] -- Up-to-date: /home/a/ws_nhk/install/stm32_mavlink_msgs/include/stm32_mavlink_msgs/stm32_mavlink_msgs/srv/detail/set_dc_motor_config__functions.c
[10.764s] -- Up-to-date: /home/a/ws_nhk/install/stm32_mavlink_msgs/include/stm32_mavlink_msgs/stm32_mavlink_msgs/srv/detail/set_robomaster_motor_config__type_support.h
[10.764s] -- Up-to-date: /home/a/ws_nhk/install/stm32_mavlink_msgs/include/stm32_mavlink_msgs/stm32_mavlink_msgs/srv/detail/get_dc_motor_config__functions.h
[10.764s] -- Up-to-date: /home/a/ws_nhk/install/stm32_mavlink_msgs/include/stm32_mavlink_msgs/stm32_mavlink_msgs/srv/detail/set_servo_config__struct.h
[10.764s] -- Up-to-date: /home/a/ws_nhk/install/stm32_mavlink_msgs/include/stm32_mavlink_msgs/stm32_mavlink_msgs/srv/detail/write_rs485_param__struct.h
[10.764s] -- Up-to-date: /home/a/ws_nhk/install/stm32_mavlink_msgs/include/stm32_mavlink_msgs/stm32_mavlink_msgs/srv/detail/set_servo_config__functions.c
[10.765s] -- Up-to-date: /home/a/ws_nhk/install/stm32_mavlink_msgs/include/stm32_mavlink_msgs/stm32_mavlink_msgs/srv/detail/flash_save_rs485__functions.c
[10.765s] -- Up-to-date: /home/a/ws_nhk/install/stm32_mavlink_msgs/include/stm32_mavlink_msgs/stm32_mavlink_msgs/srv/detail/write_rs485_param__functions.h
[10.765s] -- Up-to-date: /home/a/ws_nhk/install/stm32_mavlink_msgs/include/stm32_mavlink_msgs/stm32_mavlink_msgs/srv/detail/read_rs485_param__functions.h
[10.765s] -- Up-to-date: /home/a/ws_nhk/install/stm32_mavlink_msgs/include/stm32_mavlink_msgs/stm32_mavlink_msgs/srv/detail/write_rs485_param__type_support.h
[10.767s] -- Up-to-date: /home/a/ws_nhk/install/stm32_mavlink_msgs/include/stm32_mavlink_msgs/stm32_mavlink_msgs/srv/detail/set_robomaster_motor_config__functions.h
[10.767s] -- Up-to-date: /home/a/ws_nhk/install/stm32_mavlink_msgs/include/stm32_mavlink_msgs/stm32_mavlink_msgs/srv/detail/set_encoder_config__functions.h
[10.767s] -- Up-to-date: /home/a/ws_nhk/install/stm32_mavlink_msgs/include/stm32_mavlink_msgs/stm32_mavlink_msgs/srv/detail/flash_save_rs485__functions.h
[10.768s] -- Up-to-date: /home/a/ws_nhk/install/stm32_mavlink_msgs/include/stm32_mavlink_msgs/stm32_mavlink_msgs/srv/detail/get_dc_motor_config__type_support.h
[10.768s] -- Up-to-date: /home/a/ws_nhk/install/stm32_mavlink_msgs/include/stm32_mavlink_msgs/stm32_mavlink_msgs/srv/detail/set_encoder_config__type_support.h
[10.768s] -- Up-to-date: /home/a/ws_nhk/install/stm32_mavlink_msgs/include/stm32_mavlink_msgs/stm32_mavlink_msgs/srv/detail/set_servo_config__functions.h
[10.768s] -- Up-to-date: /home/a/ws_nhk/install/stm32_mavlink_msgs/include/stm32_mavlink_msgs/stm32_mavlink_msgs/srv/detail/get_robomaster_motor_config__type_support.h
[10.768s] -- Up-to-date: /home/a/ws_nhk/install/stm32_mavlink_msgs/include/stm32_mavlink_msgs/stm32_mavlink_msgs/srv/detail/set_servo_config__type_support.h
[10.769s] -- Up-to-date: /home/a/ws_nhk/install/stm32_mavlink_msgs/include/stm32_mavlink_msgs/stm32_mavlink_msgs/srv/detail/set_dc_motor_config__struct.h
[10.769s] -- Up-to-date: /home/a/ws_nhk/install/stm32_mavlink_msgs/include/stm32_mavlink_msgs/stm32_mavlink_msgs/srv/detail/flash_save_rs485__struct.h
[10.769s] -- Up-to-date: /home/a/ws_nhk/install/stm32_mavlink_msgs/include/stm32_mavlink_msgs/stm32_mavlink_msgs/srv/detail/set_encoder_config__functions.c
[10.769s] -- Up-to-date: /home/a/ws_nhk/install/stm32_mavlink_msgs/include/stm32_mavlink_msgs/stm32_mavlink_msgs/srv/detail/flash_save_rs485__type_support.h
[10.769s] -- Up-to-date: /home/a/ws_nhk/install/stm32_mavlink_msgs/include/stm32_mavlink_msgs/stm32_mavlink_msgs/srv/detail/get_dc_motor_config__struct.h
[10.770s] -- Up-to-date: /home/a/ws_nhk/install/stm32_mavlink_msgs/include/stm32_mavlink_msgs/stm32_mavlink_msgs/srv/detail/read_rs485_param__struct.h
[10.770s] -- Up-to-date: /home/a/ws_nhk/install/stm32_mavlink_msgs/include/stm32_mavlink_msgs/stm32_mavlink_msgs/srv/get_robomaster_motor_config.h
[10.770s] -- Up-to-date: /home/a/ws_nhk/install/stm32_mavlink_msgs/include/stm32_mavlink_msgs/stm32_mavlink_msgs/srv/set_servo_config.h
[10.770s] -- Up-to-date: /home/a/ws_nhk/install/stm32_mavlink_msgs/share/stm32_mavlink_msgs/environment/library_path.sh
[10.771s] -- Installing: /home/a/ws_nhk/install/stm32_mavlink_msgs/share/stm32_mavlink_msgs/environment/library_path.dsv
[10.771s] -- Up-to-date: /home/a/ws_nhk/install/stm32_mavlink_msgs/lib/libstm32_mavlink_msgs__rosidl_generator_c.so
[10.771s] -- Up-to-date: /home/a/ws_nhk/install/stm32_mavlink_msgs/include/stm32_mavlink_msgs/stm32_mavlink_msgs
[10.771s] -- Up-to-date: /home/a/ws_nhk/install/stm32_mavlink_msgs/include/stm32_mavlink_msgs/stm32_mavlink_msgs/msg
[10.771s] -- Up-to-date: /home/a/ws_nhk/install/stm32_mavlink_msgs/include/stm32_mavlink_msgs/stm32_mavlink_msgs/msg/rosidl_typesupport_fastrtps_c__visibility_control.h
[10.772s] -- Up-to-date: /home/a/ws_nhk/install/stm32_mavlink_msgs/include/stm32_mavlink_msgs/stm32_mavlink_msgs/msg/detail
[10.772s] -- Up-to-date: /home/a/ws_nhk/install/stm32_mavlink_msgs/include/stm32_mavlink_msgs/stm32_mavlink_msgs/msg/detail/rs485_motor_state__rosidl_typesupport_fastrtps_c.h
[10.772s] -- Up-to-date: /home/a/ws_nhk/install/stm32_mavlink_msgs/include/stm32_mavlink_msgs/stm32_mavlink_msgs/msg/detail/encoder_state__rosidl_typesupport_fastrtps_c.h
[10.772s] -- Up-to-date: /home/a/ws_nhk/install/stm32_mavlink_msgs/include/stm32_mavlink_msgs/stm32_mavlink_msgs/msg/detail/solenoid_status__rosidl_typesupport_fastrtps_c.h
[10.772s] -- Up-to-date: /home/a/ws_nhk/install/stm32_mavlink_msgs/include/stm32_mavlink_msgs/stm32_mavlink_msgs/msg/detail/rs485_write_request__rosidl_typesupport_fastrtps_c.h
[10.772s] -- Up-to-date: /home/a/ws_nhk/install/stm32_mavlink_msgs/include/stm32_mavlink_msgs/stm32_mavlink_msgs/msg/detail/rs485_motor_command__rosidl_typesupport_fastrtps_c.h
[10.772s] -- Up-to-date: /home/a/ws_nhk/install/stm32_mavlink_msgs/include/stm32_mavlink_msgs/stm32_mavlink_msgs/msg/detail/rs485_read_request__rosidl_typesupport_fastrtps_c.h
[10.773s] -- Up-to-date: /home/a/ws_nhk/install/stm32_mavlink_msgs/include/stm32_mavlink_msgs/stm32_mavlink_msgs/msg/detail/robomaster_motor_config__rosidl_typesupport_fastrtps_c.h
[10.773s] -- Up-to-date: /home/a/ws_nhk/install/stm32_mavlink_msgs/include/stm32_mavlink_msgs/stm32_mavlink_msgs/msg/detail/encoder_config__rosidl_typesupport_fastrtps_c.h
[10.773s] -- Up-to-date: /home/a/ws_nhk/install/stm32_mavlink_msgs/include/stm32_mavlink_msgs/stm32_mavlink_msgs/msg/detail/servo_command__rosidl_typesupport_fastrtps_c.h
[10.773s] -- Up-to-date: /home/a/ws_nhk/install/stm32_mavlink_msgs/include/stm32_mavlink_msgs/stm32_mavlink_msgs/msg/detail/rs485_write_response__rosidl_typesupport_fastrtps_c.h
[10.774s] -- Up-to-date: /home/a/ws_nhk/install/stm32_mavlink_msgs/include/stm32_mavlink_msgs/stm32_mavlink_msgs/msg/detail/rs485_motor_config__rosidl_typesupport_fastrtps_c.h
[10.774s] -- Up-to-date: /home/a/ws_nhk/install/stm32_mavlink_msgs/include/stm32_mavlink_msgs/stm32_mavlink_msgs/msg/detail/solenoid_command__rosidl_typesupport_fastrtps_c.h
[10.774s] -- Up-to-date: /home/a/ws_nhk/install/stm32_mavlink_msgs/include/stm32_mavlink_msgs/stm32_mavlink_msgs/msg/detail/dc_motor_config__rosidl_typesupport_fastrtps_c.h
[10.774s] -- Up-to-date: /home/a/ws_nhk/install/stm32_mavlink_msgs/include/stm32_mavlink_msgs/stm32_mavlink_msgs/msg/detail/rs485_flash_save_request__rosidl_typesupport_fastrtps_c.h
[10.775s] -- Up-to-date: /home/a/ws_nhk/install/stm32_mavlink_msgs/include/stm32_mavlink_msgs/stm32_mavlink_msgs/msg/detail/robomaster_motor_state__rosidl_typesupport_fastrtps_c.h
[10.775s] -- Up-to-date: /home/a/ws_nhk/install/stm32_mavlink_msgs/include/stm32_mavlink_msgs/stm32_mavlink_msgs/msg/detail/robomaster_motor_command__rosidl_typesupport_fastrtps_c.h
[10.775s] -- Up-to-date: /home/a/ws_nhk/install/stm32_mavlink_msgs/include/stm32_mavlink_msgs/stm32_mavlink_msgs/msg/detail/servo_state__rosidl_typesupport_fastrtps_c.h
[10.775s] -- Up-to-date: /home/a/ws_nhk/install/stm32_mavlink_msgs/include/stm32_mavlink_msgs/stm32_mavlink_msgs/msg/detail/dc_motor_state__rosidl_typesupport_fastrtps_c.h
[10.775s] -- Up-to-date: /home/a/ws_nhk/install/stm32_mavlink_msgs/include/stm32_mavlink_msgs/stm32_mavlink_msgs/msg/detail/wtt12_l_status__rosidl_typesupport_fastrtps_c.h
[10.776s] -- Up-to-date: /home/a/ws_nhk/install/stm32_mavlink_msgs/include/stm32_mavlink_msgs/stm32_mavlink_msgs/msg/detail/limit_switch_status__rosidl_typesupport_fastrtps_c.h
[10.776s] -- Up-to-date: /home/a/ws_nhk/install/stm32_mavlink_msgs/include/stm32_mavlink_msgs/stm32_mavlink_msgs/msg/detail/dc_motor_command__rosidl_typesupport_fastrtps_c.h
[10.776s] -- Up-to-date: /home/a/ws_nhk/install/stm32_mavlink_msgs/include/stm32_mavlink_msgs/stm32_mavlink_msgs/msg/detail/rs485_read_response__rosidl_typesupport_fastrtps_c.h
[10.776s] -- Up-to-date: /home/a/ws_nhk/install/stm32_mavlink_msgs/include/stm32_mavlink_msgs/stm32_mavlink_msgs/srv
[10.776s] -- Up-to-date: /home/a/ws_nhk/install/stm32_mavlink_msgs/include/stm32_mavlink_msgs/stm32_mavlink_msgs/srv/detail
[10.776s] -- Up-to-date: /home/a/ws_nhk/install/stm32_mavlink_msgs/include/stm32_mavlink_msgs/stm32_mavlink_msgs/srv/detail/set_encoder_config__rosidl_typesupport_fastrtps_c.h
[10.777s] -- Up-to-date: /home/a/ws_nhk/install/stm32_mavlink_msgs/include/stm32_mavlink_msgs/stm32_mavlink_msgs/srv/detail/read_rs485_param__rosidl_typesupport_fastrtps_c.h
[10.777s] -- Up-to-date: /home/a/ws_nhk/install/stm32_mavlink_msgs/include/stm32_mavlink_msgs/stm32_mavlink_msgs/srv/detail/write_rs485_param__rosidl_typesupport_fastrtps_c.h
[10.777s] -- Up-to-date: /home/a/ws_nhk/install/stm32_mavlink_msgs/include/stm32_mavlink_msgs/stm32_mavlink_msgs/srv/detail/set_servo_config__rosidl_typesupport_fastrtps_c.h
[10.777s] -- Up-to-date: /home/a/ws_nhk/install/stm32_mavlink_msgs/include/stm32_mavlink_msgs/stm32_mavlink_msgs/srv/detail/flash_save_rs485__rosidl_typesupport_fastrtps_c.h
[10.777s] -- Up-to-date: /home/a/ws_nhk/install/stm32_mavlink_msgs/include/stm32_mavlink_msgs/stm32_mavlink_msgs/srv/detail/get_robomaster_motor_config__rosidl_typesupport_fastrtps_c.h
[10.777s] -- Up-to-date: /home/a/ws_nhk/install/stm32_mavlink_msgs/include/stm32_mavlink_msgs/stm32_mavlink_msgs/srv/detail/set_dc_motor_config__rosidl_typesupport_fastrtps_c.h
[10.777s] -- Up-to-date: /home/a/ws_nhk/install/stm32_mavlink_msgs/include/stm32_mavlink_msgs/stm32_mavlink_msgs/srv/detail/get_dc_motor_config__rosidl_typesupport_fastrtps_c.h
[10.777s] -- Up-to-date: /home/a/ws_nhk/install/stm32_mavlink_msgs/include/stm32_mavlink_msgs/stm32_mavlink_msgs/srv/detail/set_robomaster_motor_config__rosidl_typesupport_fastrtps_c.h
[10.778s] -- Up-to-date: /home/a/ws_nhk/install/stm32_mavlink_msgs/lib/libstm32_mavlink_msgs__rosidl_typesupport_fastrtps_c.so
[10.778s] -- Up-to-date: /home/a/ws_nhk/install/stm32_mavlink_msgs/include/stm32_mavlink_msgs/stm32_mavlink_msgs
[10.778s] -- Up-to-date: /home/a/ws_nhk/install/stm32_mavlink_msgs/include/stm32_mavlink_msgs/stm32_mavlink_msgs/msg
[10.778s] -- Up-to-date: /home/a/ws_nhk/install/stm32_mavlink_msgs/include/stm32_mavlink_msgs/stm32_mavlink_msgs/msg/rosidl_typesupport_introspection_c__visibility_control.h
[10.778s] -- Up-to-date: /home/a/ws_nhk/install/stm32_mavlink_msgs/include/stm32_mavlink_msgs/stm32_mavlink_msgs/msg/detail
[10.778s] -- Up-to-date: /home/a/ws_nhk/install/stm32_mavlink_msgs/include/stm32_mavlink_msgs/stm32_mavlink_msgs/msg/detail/rs485_motor_config__rosidl_typesupport_introspection_c.h
[10.778s] -- Up-to-date: /home/a/ws_nhk/install/stm32_mavlink_msgs/include/stm32_mavlink_msgs/stm32_mavlink_msgs/msg/detail/robomaster_motor_state__type_support.c
[10.779s] -- Up-to-date: /home/a/ws_nhk/install/stm32_mavlink_msgs/include/stm32_mavlink_msgs/stm32_mavlink_msgs/msg/detail/rs485_motor_state__rosidl_typesupport_introspection_c.h
[10.779s] -- Up-to-date: /home/a/ws_nhk/install/stm32_mavlink_msgs/include/stm32_mavlink_msgs/stm32_mavlink_msgs/msg/detail/rs485_motor_state__type_support.c
[10.779s] -- Up-to-date: /home/a/ws_nhk/install/stm32_mavlink_msgs/include/stm32_mavlink_msgs/stm32_mavlink_msgs/msg/detail/dc_motor_state__type_support.c
[10.779s] -- Up-to-date: /home/a/ws_nhk/install/stm32_mavlink_msgs/include/stm32_mavlink_msgs/stm32_mavlink_msgs/msg/detail/solenoid_status__type_support.c
[10.779s] -- Up-to-date: /home/a/ws_nhk/install/stm32_mavlink_msgs/include/stm32_mavlink_msgs/stm32_mavlink_msgs/msg/detail/dc_motor_config__type_support.c
[10.779s] -- Up-to-date: /home/a/ws_nhk/install/stm32_mavlink_msgs/include/stm32_mavlink_msgs/stm32_mavlink_msgs/msg/detail/rs485_read_response__type_support.c
[10.780s] -- Up-to-date: /home/a/ws_nhk/install/stm32_mavlink_msgs/include/stm32_mavlink_msgs/stm32_mavlink_msgs/msg/detail/robomaster_motor_command__rosidl_typesupport_introspection_c.h
[10.780s] -- Up-to-date: /home/a/ws_nhk/install/stm32_mavlink_msgs/include/stm32_mavlink_msgs/stm32_mavlink_msgs/msg/detail/rs485_write_response__rosidl_typesupport_introspection_c.h
[10.780s] -- Up-to-date: /home/a/ws_nhk/install/stm32_mavlink_msgs/include/stm32_mavlink_msgs/stm32_mavlink_msgs/msg/detail/robomaster_motor_config__rosidl_typesupport_introspection_c.h
[10.780s] -- Up-to-date: /home/a/ws_nhk/install/stm32_mavlink_msgs/include/stm32_mavlink_msgs/stm32_mavlink_msgs/msg/detail/robomaster_motor_state__rosidl_typesupport_introspection_c.h
[10.780s] -- Up-to-date: /home/a/ws_nhk/install/stm32_mavlink_msgs/include/stm32_mavlink_msgs/stm32_mavlink_msgs/msg/detail/rs485_flash_save_request__type_support.c
[10.780s] -- Up-to-date: /home/a/ws_nhk/install/stm32_mavlink_msgs/include/stm32_mavlink_msgs/stm32_mavlink_msgs/msg/detail/rs485_flash_save_request__rosidl_typesupport_introspection_c.h
[10.781s] -- Up-to-date: /home/a/ws_nhk/install/stm32_mavlink_msgs/include/stm32_mavlink_msgs/stm32_mavlink_msgs/msg/detail/servo_state__rosidl_typesupport_introspection_c.h
[10.781s] -- Up-to-date: /home/a/ws_nhk/install/stm32_mavlink_msgs/include/stm32_mavlink_msgs/stm32_mavlink_msgs/msg/detail/dc_motor_config__rosidl_typesupport_introspection_c.h
[10.781s] -- Up-to-date: /home/a/ws_nhk/install/stm32_mavlink_msgs/include/stm32_mavlink_msgs/stm32_mavlink_msgs/msg/detail/wtt12_l_status__rosidl_typesupport_introspection_c.h
[10.781s] -- Up-to-date: /home/a/ws_nhk/install/stm32_mavlink_msgs/include/stm32_mavlink_msgs/stm32_mavlink_msgs/msg/detail/rs485_read_response__rosidl_typesupport_introspection_c.h
[10.781s] -- Up-to-date: /home/a/ws_nhk/install/stm32_mavlink_msgs/include/stm32_mavlink_msgs/stm32_mavlink_msgs/msg/detail/encoder_state__type_support.c
[10.781s] -- Up-to-date: /home/a/ws_nhk/install/stm32_mavlink_msgs/include/stm32_mavlink_msgs/stm32_mavlink_msgs/msg/detail/servo_state__type_support.c
[10.782s] -- Up-to-date: /home/a/ws_nhk/install/stm32_mavlink_msgs/include/stm32_mavlink_msgs/stm32_mavlink_msgs/msg/detail/encoder_config__type_support.c
[10.782s] -- Up-to-date: /home/a/ws_nhk/install/stm32_mavlink_msgs/include/stm32_mavlink_msgs/stm32_mavlink_msgs/msg/detail/rs485_write_request__rosidl_typesupport_introspection_c.h
[10.782s] -- Up-to-date: /home/a/ws_nhk/install/stm32_mavlink_msgs/include/stm32_mavlink_msgs/stm32_mavlink_msgs/msg/detail/solenoid_status__rosidl_typesupport_introspection_c.h
[10.782s] -- Up-to-date: /home/a/ws_nhk/install/stm32_mavlink_msgs/include/stm32_mavlink_msgs/stm32_mavlink_msgs/msg/detail/dc_motor_command__rosidl_typesupport_introspection_c.h
[10.782s] -- Up-to-date: /home/a/ws_nhk/install/stm32_mavlink_msgs/include/stm32_mavlink_msgs/stm32_mavlink_msgs/msg/detail/limit_switch_status__rosidl_typesupport_introspection_c.h
[10.782s] -- Up-to-date: /home/a/ws_nhk/install/stm32_mavlink_msgs/include/stm32_mavlink_msgs/stm32_mavlink_msgs/msg/detail/limit_switch_status__type_support.c
[10.783s] -- Up-to-date: /home/a/ws_nhk/install/stm32_mavlink_msgs/include/stm32_mavlink_msgs/stm32_mavlink_msgs/msg/detail/rs485_motor_config__type_support.c
[10.783s] -- Up-to-date: /home/a/ws_nhk/install/stm32_mavlink_msgs/include/stm32_mavlink_msgs/stm32_mavlink_msgs/msg/detail/dc_motor_command__type_support.c
[10.783s] -- Up-to-date: /home/a/ws_nhk/install/stm32_mavlink_msgs/include/stm32_mavlink_msgs/stm32_mavlink_msgs/msg/detail/encoder_state__rosidl_typesupport_introspection_c.h
[10.783s] -- Up-to-date: /home/a/ws_nhk/install/stm32_mavlink_msgs/include/stm32_mavlink_msgs/stm32_mavlink_msgs/msg/detail/wtt12_l_status__type_support.c
[10.783s] -- Up-to-date: /home/a/ws_nhk/install/stm32_mavlink_msgs/include/stm32_mavlink_msgs/stm32_mavlink_msgs/msg/detail/rs485_motor_command__rosidl_typesupport_introspection_c.h
[10.783s] -- Up-to-date: /home/a/ws_nhk/install/stm32_mavlink_msgs/include/stm32_mavlink_msgs/stm32_mavlink_msgs/msg/detail/robomaster_motor_config__type_support.c
[10.783s] -- Up-to-date: /home/a/ws_nhk/install/stm32_mavlink_msgs/include/stm32_mavlink_msgs/stm32_mavlink_msgs/msg/detail/rs485_write_response__type_support.c
[10.783s] -- Up-to-date: /home/a/ws_nhk/install/stm32_mavlink_msgs/include/stm32_mavlink_msgs/stm32_mavlink_msgs/msg/detail/servo_command__type_support.c
[10.784s] -- Up-to-date: /home/a/ws_nhk/install/stm32_mavlink_msgs/include/stm32_mavlink_msgs/stm32_mavlink_msgs/msg/detail/dc_motor_state__rosidl_typesupport_introspection_c.h
[10.784s] -- Up-to-date: /home/a/ws_nhk/install/stm32_mavlink_msgs/include/stm32_mavlink_msgs/stm32_mavlink_msgs/msg/detail/rs485_read_request__type_support.c
[10.784s] -- Up-to-date: /home/a/ws_nhk/install/stm32_mavlink_msgs/include/stm32_mavlink_msgs/stm32_mavlink_msgs/msg/detail/encoder_config__rosidl_typesupport_introspection_c.h
[10.784s] -- Up-to-date: /home/a/ws_nhk/install/stm32_mavlink_msgs/include/stm32_mavlink_msgs/stm32_mavlink_msgs/msg/detail/servo_command__rosidl_typesupport_introspection_c.h
[10.784s] -- Up-to-date: /home/a/ws_nhk/install/stm32_mavlink_msgs/include/stm32_mavlink_msgs/stm32_mavlink_msgs/msg/detail/rs485_read_request__rosidl_typesupport_introspection_c.h
[10.784s] -- Up-to-date: /home/a/ws_nhk/install/stm32_mavlink_msgs/include/stm32_mavlink_msgs/stm32_mavlink_msgs/msg/detail/solenoid_command__rosidl_typesupport_introspection_c.h
[10.785s] -- Up-to-date: /home/a/ws_nhk/install/stm32_mavlink_msgs/include/stm32_mavlink_msgs/stm32_mavlink_msgs/msg/detail/rs485_motor_command__type_support.c
[10.785s] -- Up-to-date: /home/a/ws_nhk/install/stm32_mavlink_msgs/include/stm32_mavlink_msgs/stm32_mavlink_msgs/msg/detail/robomaster_motor_command__type_support.c
[10.785s] -- Up-to-date: /home/a/ws_nhk/install/stm32_mavlink_msgs/include/stm32_mavlink_msgs/stm32_mavlink_msgs/msg/detail/solenoid_command__type_support.c
[10.785s] -- Up-to-date: /home/a/ws_nhk/install/stm32_mavlink_msgs/include/stm32_mavlink_msgs/stm32_mavlink_msgs/msg/detail/rs485_write_request__type_support.c
[10.785s] -- Up-to-date: /home/a/ws_nhk/install/stm32_mavlink_msgs/include/stm32_mavlink_msgs/stm32_mavlink_msgs/srv
[10.785s] -- Up-to-date: /home/a/ws_nhk/install/stm32_mavlink_msgs/include/stm32_mavlink_msgs/stm32_mavlink_msgs/srv/detail
[10.785s] -- Up-to-date: /home/a/ws_nhk/install/stm32_mavlink_msgs/include/stm32_mavlink_msgs/stm32_mavlink_msgs/srv/detail/write_rs485_param__type_support.c
[10.786s] -- Up-to-date: /home/a/ws_nhk/install/stm32_mavlink_msgs/include/stm32_mavlink_msgs/stm32_mavlink_msgs/srv/detail/write_rs485_param__rosidl_typesupport_introspection_c.h
[10.786s] -- Up-to-date: /home/a/ws_nhk/install/stm32_mavlink_msgs/include/stm32_mavlink_msgs/stm32_mavlink_msgs/srv/detail/get_dc_motor_config__type_support.c
[10.786s] -- Up-to-date: /home/a/ws_nhk/install/stm32_mavlink_msgs/include/stm32_mavlink_msgs/stm32_mavlink_msgs/srv/detail/set_dc_motor_config__type_support.c
[10.786s] -- Up-to-date: /home/a/ws_nhk/install/stm32_mavlink_msgs/include/stm32_mavlink_msgs/stm32_mavlink_msgs/srv/detail/get_robomaster_motor_config__type_support.c
[10.786s] -- Up-to-date: /home/a/ws_nhk/install/stm32_mavlink_msgs/include/stm32_mavlink_msgs/stm32_mavlink_msgs/srv/detail/set_robomaster_motor_config__type_support.c
[10.786s] -- Up-to-date: /home/a/ws_nhk/install/stm32_mavlink_msgs/include/stm32_mavlink_msgs/stm32_mavlink_msgs/srv/detail/flash_save_rs485__rosidl_typesupport_introspection_c.h
[10.786s] -- Up-to-date: /home/a/ws_nhk/install/stm32_mavlink_msgs/include/stm32_mavlink_msgs/stm32_mavlink_msgs/srv/detail/get_dc_motor_config__rosidl_typesupport_introspection_c.h
[10.786s] -- Up-to-date: /home/a/ws_nhk/install/stm32_mavlink_msgs/include/stm32_mavlink_msgs/stm32_mavlink_msgs/srv/detail/get_robomaster_motor_config__rosidl_typesupport_introspection_c.h
[10.786s] -- Up-to-date: /home/a/ws_nhk/install/stm32_mavlink_msgs/include/stm32_mavlink_msgs/stm32_mavlink_msgs/srv/detail/flash_save_rs485__type_support.c
[10.787s] -- Up-to-date: /home/a/ws_nhk/install/stm32_mavlink_msgs/include/stm32_mavlink_msgs/stm32_mavlink_msgs/srv/detail/read_rs485_param__type_support.c
[10.787s] -- Up-to-date: /home/a/ws_nhk/install/stm32_mavlink_msgs/include/stm32_mavlink_msgs/stm32_mavlink_msgs/srv/detail/set_servo_config__type_support.c
[10.787s] -- Up-to-date: /home/a/ws_nhk/install/stm32_mavlink_msgs/include/stm32_mavlink_msgs/stm32_mavlink_msgs/srv/detail/set_robomaster_motor_config__rosidl_typesupport_introspection_c.h
[10.787s] -- Up-to-date: /home/a/ws_nhk/install/stm32_mavlink_msgs/include/stm32_mavlink_msgs/stm32_mavlink_msgs/srv/detail/set_servo_config__rosidl_typesupport_introspection_c.h
[10.787s] -- Up-to-date: /home/a/ws_nhk/install/stm32_mavlink_msgs/include/stm32_mavlink_msgs/stm32_mavlink_msgs/srv/detail/set_encoder_config__rosidl_typesupport_introspection_c.h
[10.787s] -- Up-to-date: /home/a/ws_nhk/install/stm32_mavlink_msgs/include/stm32_mavlink_msgs/stm32_mavlink_msgs/srv/detail/set_encoder_config__type_support.c
[10.787s] -- Up-to-date: /home/a/ws_nhk/install/stm32_mavlink_msgs/include/stm32_mavlink_msgs/stm32_mavlink_msgs/srv/detail/set_dc_motor_config__rosidl_typesupport_introspection_c.h
[10.788s] -- Up-to-date: /home/a/ws_nhk/install/stm32_mavlink_msgs/include/stm32_mavlink_msgs/stm32_mavlink_msgs/srv/detail/read_rs485_param__rosidl_typesupport_introspection_c.h
[10.788s] -- Up-to-date: /home/a/ws_nhk/install/stm32_mavlink_msgs/lib/libstm32_mavlink_msgs__rosidl_typesupport_introspection_c.so
[10.788s] -- Up-to-date: /home/a/ws_nhk/install/stm32_mavlink_msgs/lib/libstm32_mavlink_msgs__rosidl_typesupport_c.so
[10.788s] -- Up-to-date: /home/a/ws_nhk/install/stm32_mavlink_msgs/include/stm32_mavlink_msgs/stm32_mavlink_msgs
[10.788s] -- Up-to-date: /home/a/ws_nhk/install/stm32_mavlink_msgs/include/stm32_mavlink_msgs/stm32_mavlink_msgs/msg
[10.789s] -- Up-to-date: /home/a/ws_nhk/install/stm32_mavlink_msgs/include/stm32_mavlink_msgs/stm32_mavlink_msgs/msg/dc_motor_state.hpp
[10.789s] -- Up-to-date: /home/a/ws_nhk/install/stm32_mavlink_msgs/include/stm32_mavlink_msgs/stm32_mavlink_msgs/msg/servo_command.hpp
[10.789s] -- Up-to-date: /home/a/ws_nhk/install/stm32_mavlink_msgs/include/stm32_mavlink_msgs/stm32_mavlink_msgs/msg/dc_motor_command.hpp
[10.789s] -- Up-to-date: /home/a/ws_nhk/install/stm32_mavlink_msgs/include/stm32_mavlink_msgs/stm32_mavlink_msgs/msg/robomaster_motor_config.hpp
[10.789s] -- Up-to-date: /home/a/ws_nhk/install/stm32_mavlink_msgs/include/stm32_mavlink_msgs/stm32_mavlink_msgs/msg/encoder_config.hpp
[10.789s] -- Up-to-date: /home/a/ws_nhk/install/stm32_mavlink_msgs/include/stm32_mavlink_msgs/stm32_mavlink_msgs/msg/wtt12_l_status.hpp
[10.789s] -- Up-to-date: /home/a/ws_nhk/install/stm32_mavlink_msgs/include/stm32_mavlink_msgs/stm32_mavlink_msgs/msg/encoder_state.hpp
[10.789s] -- Up-to-date: /home/a/ws_nhk/install/stm32_mavlink_msgs/include/stm32_mavlink_msgs/stm32_mavlink_msgs/msg/solenoid_command.hpp
[10.789s] -- Up-to-date: /home/a/ws_nhk/install/stm32_mavlink_msgs/include/stm32_mavlink_msgs/stm32_mavlink_msgs/msg/robomaster_motor_state.hpp
[10.790s] -- Up-to-date: /home/a/ws_nhk/install/stm32_mavlink_msgs/include/stm32_mavlink_msgs/stm32_mavlink_msgs/msg/dc_motor_config.hpp
[10.790s] -- Up-to-date: /home/a/ws_nhk/install/stm32_mavlink_msgs/include/stm32_mavlink_msgs/stm32_mavlink_msgs/msg/robomaster_motor_command.hpp
[10.790s] -- Up-to-date: /home/a/ws_nhk/install/stm32_mavlink_msgs/include/stm32_mavlink_msgs/stm32_mavlink_msgs/msg/servo_state.hpp
[10.790s] -- Up-to-date: /home/a/ws_nhk/install/stm32_mavlink_msgs/include/stm32_mavlink_msgs/stm32_mavlink_msgs/msg/rs485_read_request.hpp
[10.790s] -- Up-to-date: /home/a/ws_nhk/install/stm32_mavlink_msgs/include/stm32_mavlink_msgs/stm32_mavlink_msgs/msg/rosidl_generator_cpp__visibility_control.hpp
[10.790s] -- Up-to-date: /home/a/ws_nhk/install/stm32_mavlink_msgs/include/stm32_mavlink_msgs/stm32_mavlink_msgs/msg/rs485_motor_state.hpp
[10.790s] -- Up-to-date: /home/a/ws_nhk/install/stm32_mavlink_msgs/include/stm32_mavlink_msgs/stm32_mavlink_msgs/msg/rs485_write_response.hpp
[10.790s] -- Up-to-date: /home/a/ws_nhk/install/stm32_mavlink_msgs/include/stm32_mavlink_msgs/stm32_mavlink_msgs/msg/rs485_read_response.hpp
[10.790s] -- Up-to-date: /home/a/ws_nhk/install/stm32_mavlink_msgs/include/stm32_mavlink_msgs/stm32_mavlink_msgs/msg/rs485_flash_save_request.hpp
[10.790s] -- Up-to-date: /home/a/ws_nhk/install/stm32_mavlink_msgs/include/stm32_mavlink_msgs/stm32_mavlink_msgs/msg/limit_switch_status.hpp
[10.791s] -- Up-to-date: /home/a/ws_nhk/install/stm32_mavlink_msgs/include/stm32_mavlink_msgs/stm32_mavlink_msgs/msg/rs485_write_request.hpp
[10.791s] -- Up-to-date: /home/a/ws_nhk/install/stm32_mavlink_msgs/include/stm32_mavlink_msgs/stm32_mavlink_msgs/msg/rs485_motor_config.hpp
[10.791s] -- Up-to-date: /home/a/ws_nhk/install/stm32_mavlink_msgs/include/stm32_mavlink_msgs/stm32_mavlink_msgs/msg/detail
[10.791s] -- Up-to-date: /home/a/ws_nhk/install/stm32_mavlink_msgs/include/stm32_mavlink_msgs/stm32_mavlink_msgs/msg/detail/wtt12_l_status__traits.hpp
[10.791s] -- Up-to-date: /home/a/ws_nhk/install/stm32_mavlink_msgs/include/stm32_mavlink_msgs/stm32_mavlink_msgs/msg/detail/solenoid_command__builder.hpp
[10.791s] -- Up-to-date: /home/a/ws_nhk/install/stm32_mavlink_msgs/include/stm32_mavlink_msgs/stm32_mavlink_msgs/msg/detail/limit_switch_status__struct.hpp
[10.791s] -- Up-to-date: /home/a/ws_nhk/install/stm32_mavlink_msgs/include/stm32_mavlink_msgs/stm32_mavlink_msgs/msg/detail/encoder_state__type_support.hpp
[10.791s] -- Up-to-date: /home/a/ws_nhk/install/stm32_mavlink_msgs/include/stm32_mavlink_msgs/stm32_mavlink_msgs/msg/detail/rs485_motor_command__builder.hpp
[10.792s] -- Up-to-date: /home/a/ws_nhk/install/stm32_mavlink_msgs/include/stm32_mavlink_msgs/stm32_mavlink_msgs/msg/detail/solenoid_command__traits.hpp
[10.792s] -- Up-to-date: /home/a/ws_nhk/install/stm32_mavlink_msgs/include/stm32_mavlink_msgs/stm32_mavlink_msgs/msg/detail/rs485_flash_save_request__traits.hpp
[10.792s] -- Up-to-date: /home/a/ws_nhk/install/stm32_mavlink_msgs/include/stm32_mavlink_msgs/stm32_mavlink_msgs/msg/detail/limit_switch_status__type_support.hpp
[10.792s] -- Up-to-date: /home/a/ws_nhk/install/stm32_mavlink_msgs/include/stm32_mavlink_msgs/stm32_mavlink_msgs/msg/detail/rs485_motor_command__type_support.hpp
[10.792s] -- Up-to-date: /home/a/ws_nhk/install/stm32_mavlink_msgs/include/stm32_mavlink_msgs/stm32_mavlink_msgs/msg/detail/dc_motor_state__struct.hpp
[10.792s] -- Up-to-date: /home/a/ws_nhk/install/stm32_mavlink_msgs/include/stm32_mavlink_msgs/stm32_mavlink_msgs/msg/detail/limit_switch_status__builder.hpp
[10.792s] -- Up-to-date: /home/a/ws_nhk/install/stm32_mavlink_msgs/include/stm32_mavlink_msgs/stm32_mavlink_msgs/msg/detail/robomaster_motor_state__traits.hpp
[10.792s] -- Up-to-date: /home/a/ws_nhk/install/stm32_mavlink_msgs/include/stm32_mavlink_msgs/stm32_mavlink_msgs/msg/detail/rs485_motor_config__builder.hpp
[10.792s] -- Up-to-date: /home/a/ws_nhk/install/stm32_mavlink_msgs/include/stm32_mavlink_msgs/stm32_mavlink_msgs/msg/detail/servo_state__struct.hpp
[10.793s] -- Up-to-date: /home/a/ws_nhk/install/stm32_mavlink_msgs/include/stm32_mavlink_msgs/stm32_mavlink_msgs/msg/detail/dc_motor_config__type_support.hpp
[10.793s] -- Up-to-date: /home/a/ws_nhk/install/stm32_mavlink_msgs/include/stm32_mavlink_msgs/stm32_mavlink_msgs/msg/detail/rs485_read_response__type_support.hpp
[10.793s] -- Up-to-date: /home/a/ws_nhk/install/stm32_mavlink_msgs/include/stm32_mavlink_msgs/stm32_mavlink_msgs/msg/detail/rs485_read_response__builder.hpp
[10.793s] -- Up-to-date: /home/a/ws_nhk/install/stm32_mavlink_msgs/include/stm32_mavlink_msgs/stm32_mavlink_msgs/msg/detail/encoder_state__builder.hpp
[10.793s] -- Up-to-date: /home/a/ws_nhk/install/stm32_mavlink_msgs/include/stm32_mavlink_msgs/stm32_mavlink_msgs/msg/detail/dc_motor_state__traits.hpp
[10.793s] -- Up-to-date: /home/a/ws_nhk/install/stm32_mavlink_msgs/include/stm32_mavlink_msgs/stm32_mavlink_msgs/msg/detail/rs485_write_response__struct.hpp
[10.793s] -- Up-to-date: /home/a/ws_nhk/install/stm32_mavlink_msgs/include/stm32_mavlink_msgs/stm32_mavlink_msgs/msg/detail/robomaster_motor_config__type_support.hpp
[10.793s] -- Up-to-date: /home/a/ws_nhk/install/stm32_mavlink_msgs/include/stm32_mavlink_msgs/stm32_mavlink_msgs/msg/detail/solenoid_status__struct.hpp
[10.793s] -- Up-to-date: /home/a/ws_nhk/install/stm32_mavlink_msgs/include/stm32_mavlink_msgs/stm32_mavlink_msgs/msg/detail/dc_motor_config__builder.hpp
[10.793s] -- Up-to-date: /home/a/ws_nhk/install/stm32_mavlink_msgs/include/stm32_mavlink_msgs/stm32_mavlink_msgs/msg/detail/rs485_read_response__struct.hpp
[10.794s] -- Up-to-date: /home/a/ws_nhk/install/stm32_mavlink_msgs/include/stm32_mavlink_msgs/stm32_mavlink_msgs/msg/detail/dc_motor_config__struct.hpp
[10.794s] -- Up-to-date: /home/a/ws_nhk/install/stm32_mavlink_msgs/include/stm32_mavlink_msgs/stm32_mavlink_msgs/msg/detail/rs485_motor_command__struct.hpp
[10.794s] -- Up-to-date: /home/a/ws_nhk/install/stm32_mavlink_msgs/include/stm32_mavlink_msgs/stm32_mavlink_msgs/msg/detail/wtt12_l_status__struct.hpp
[10.794s] -- Up-to-date: /home/a/ws_nhk/install/stm32_mavlink_msgs/include/stm32_mavlink_msgs/stm32_mavlink_msgs/msg/detail/dc_motor_command__builder.hpp
[10.794s] -- Up-to-date: /home/a/ws_nhk/install/stm32_mavlink_msgs/include/stm32_mavlink_msgs/stm32_mavlink_msgs/msg/detail/dc_motor_command__struct.hpp
[10.794s] -- Up-to-date: /home/a/ws_nhk/install/stm32_mavlink_msgs/include/stm32_mavlink_msgs/stm32_mavlink_msgs/msg/detail/solenoid_status__traits.hpp
[10.794s] -- Up-to-date: /home/a/ws_nhk/install/stm32_mavlink_msgs/include/stm32_mavlink_msgs/stm32_mavlink_msgs/msg/detail/servo_state__traits.hpp
[10.794s] -- Up-to-date: /home/a/ws_nhk/install/stm32_mavlink_msgs/include/stm32_mavlink_msgs/stm32_mavlink_msgs/msg/detail/rs485_write_request__builder.hpp
[10.794s] -- Up-to-date: /home/a/ws_nhk/install/stm32_mavlink_msgs/include/stm32_mavlink_msgs/stm32_mavlink_msgs/msg/detail/robomaster_motor_config__traits.hpp
[10.795s] -- Up-to-date: /home/a/ws_nhk/install/stm32_mavlink_msgs/include/stm32_mavlink_msgs/stm32_mavlink_msgs/msg/detail/robomaster_motor_state__builder.hpp
[10.795s] -- Up-to-date: /home/a/ws_nhk/install/stm32_mavlink_msgs/include/stm32_mavlink_msgs/stm32_mavlink_msgs/msg/detail/rs485_write_request__type_support.hpp
[10.795s] -- Up-to-date: /home/a/ws_nhk/install/stm32_mavlink_msgs/include/stm32_mavlink_msgs/stm32_mavlink_msgs/msg/detail/rs485_motor_state__type_support.hpp
[10.795s] -- Up-to-date: /home/a/ws_nhk/install/stm32_mavlink_msgs/include/stm32_mavlink_msgs/stm32_mavlink_msgs/msg/detail/rs485_write_request__traits.hpp
[10.795s] -- Up-to-date: /home/a/ws_nhk/install/stm32_mavlink_msgs/include/stm32_mavlink_msgs/stm32_mavlink_msgs/msg/detail/rs485_read_response__traits.hpp
[10.795s] -- Up-to-date: /home/a/ws_nhk/install/stm32_mavlink_msgs/include/stm32_mavlink_msgs/stm32_mavlink_msgs/msg/detail/robomaster_motor_command__struct.hpp
[10.795s] -- Up-to-date: /home/a/ws_nhk/install/stm32_mavlink_msgs/include/stm32_mavlink_msgs/stm32_mavlink_msgs/msg/detail/servo_command__struct.hpp
[10.795s] -- Up-to-date: /home/a/ws_nhk/install/stm32_mavlink_msgs/include/stm32_mavlink_msgs/stm32_mavlink_msgs/msg/detail/wtt12_l_status__builder.hpp
[10.795s] -- Up-to-date: /home/a/ws_nhk/install/stm32_mavlink_msgs/include/stm32_mavlink_msgs/stm32_mavlink_msgs/msg/detail/servo_state__type_support.hpp
[10.796s] -- Up-to-date: /home/a/ws_nhk/install/stm32_mavlink_msgs/include/stm32_mavlink_msgs/stm32_mavlink_msgs/msg/detail/encoder_state__struct.hpp
[10.796s] -- Up-to-date: /home/a/ws_nhk/install/stm32_mavlink_msgs/include/stm32_mavlink_msgs/stm32_mavlink_msgs/msg/detail/dc_motor_state__builder.hpp
[10.796s] -- Up-to-date: /home/a/ws_nhk/install/stm32_mavlink_msgs/include/stm32_mavlink_msgs/stm32_mavlink_msgs/msg/detail/rs485_flash_save_request__type_support.hpp
[10.796s] -- Up-to-date: /home/a/ws_nhk/install/stm32_mavlink_msgs/include/stm32_mavlink_msgs/stm32_mavlink_msgs/msg/detail/encoder_config__traits.hpp
[10.796s] -- Up-to-date: /home/a/ws_nhk/install/stm32_mavlink_msgs/include/stm32_mavlink_msgs/stm32_mavlink_msgs/msg/detail/dc_motor_state__type_support.hpp
[10.796s] -- Up-to-date: /home/a/ws_nhk/install/stm32_mavlink_msgs/include/stm32_mavlink_msgs/stm32_mavlink_msgs/msg/detail/dc_motor_config__traits.hpp
[10.796s] -- Up-to-date: /home/a/ws_nhk/install/stm32_mavlink_msgs/include/stm32_mavlink_msgs/stm32_mavlink_msgs/msg/detail/dc_motor_command__traits.hpp
[10.796s] -- Up-to-date: /home/a/ws_nhk/install/stm32_mavlink_msgs/include/stm32_mavlink_msgs/stm32_mavlink_msgs/msg/detail/rs485_motor_state__builder.hpp
[10.796s] -- Up-to-date: /home/a/ws_nhk/install/stm32_mavlink_msgs/include/stm32_mavlink_msgs/stm32_mavlink_msgs/msg/detail/rs485_write_response__type_support.hpp
[10.796s] -- Up-to-date: /home/a/ws_nhk/install/stm32_mavlink_msgs/include/stm32_mavlink_msgs/stm32_mavlink_msgs/msg/detail/encoder_config__builder.hpp
[10.797s] -- Up-to-date: /home/a/ws_nhk/install/stm32_mavlink_msgs/include/stm32_mavlink_msgs/stm32_mavlink_msgs/msg/detail/rs485_motor_state__struct.hpp
[10.797s] -- Up-to-date: /home/a/ws_nhk/install/stm32_mavlink_msgs/include/stm32_mavlink_msgs/stm32_mavlink_msgs/msg/detail/rs485_read_request__type_support.hpp
[10.797s] -- Up-to-date: /home/a/ws_nhk/install/stm32_mavlink_msgs/include/stm32_mavlink_msgs/stm32_mavlink_msgs/msg/detail/rs485_read_request__traits.hpp
[10.797s] -- Up-to-date: /home/a/ws_nhk/install/stm32_mavlink_msgs/include/stm32_mavlink_msgs/stm32_mavlink_msgs/msg/detail/rs485_write_request__struct.hpp
[10.797s] -- Up-to-date: /home/a/ws_nhk/install/stm32_mavlink_msgs/include/stm32_mavlink_msgs/stm32_mavlink_msgs/msg/detail/rs485_read_request__struct.hpp
[10.797s] -- Up-to-date: /home/a/ws_nhk/install/stm32_mavlink_msgs/include/stm32_mavlink_msgs/stm32_mavlink_msgs/msg/detail/robomaster_motor_state__struct.hpp
[10.797s] -- Up-to-date: /home/a/ws_nhk/install/stm32_mavlink_msgs/include/stm32_mavlink_msgs/stm32_mavlink_msgs/msg/detail/servo_command__builder.hpp
[10.797s] -- Up-to-date: /home/a/ws_nhk/install/stm32_mavlink_msgs/include/stm32_mavlink_msgs/stm32_mavlink_msgs/msg/detail/solenoid_status__type_support.hpp
[10.797s] -- Up-to-date: /home/a/ws_nhk/install/stm32_mavlink_msgs/include/stm32_mavlink_msgs/stm32_mavlink_msgs/msg/detail/rs485_motor_config__traits.hpp
[10.798s] -- Up-to-date: /home/a/ws_nhk/install/stm32_mavlink_msgs/include/stm32_mavlink_msgs/stm32_mavlink_msgs/msg/detail/encoder_state__traits.hpp
[10.798s] -- Up-to-date: /home/a/ws_nhk/install/stm32_mavlink_msgs/include/stm32_mavlink_msgs/stm32_mavlink_msgs/msg/detail/limit_switch_status__traits.hpp
[10.798s] -- Up-to-date: /home/a/ws_nhk/install/stm32_mavlink_msgs/include/stm32_mavlink_msgs/stm32_mavlink_msgs/msg/detail/rs485_flash_save_request__struct.hpp
[10.798s] -- Up-to-date: /home/a/ws_nhk/install/stm32_mavlink_msgs/include/stm32_mavlink_msgs/stm32_mavlink_msgs/msg/detail/wtt12_l_status__type_support.hpp
[10.798s] -- Up-to-date: /home/a/ws_nhk/install/stm32_mavlink_msgs/include/stm32_mavlink_msgs/stm32_mavlink_msgs/msg/detail/solenoid_command__type_support.hpp
[10.798s] -- Up-to-date: /home/a/ws_nhk/install/stm32_mavlink_msgs/include/stm32_mavlink_msgs/stm32_mavlink_msgs/msg/detail/solenoid_status__builder.hpp
[10.798s] -- Up-to-date: /home/a/ws_nhk/install/stm32_mavlink_msgs/include/stm32_mavlink_msgs/stm32_mavlink_msgs/msg/detail/robomaster_motor_state__type_support.hpp
[10.798s] -- Up-to-date: /home/a/ws_nhk/install/stm32_mavlink_msgs/include/stm32_mavlink_msgs/stm32_mavlink_msgs/msg/detail/rs485_motor_command__traits.hpp
[10.798s] -- Up-to-date: /home/a/ws_nhk/install/stm32_mavlink_msgs/include/stm32_mavlink_msgs/stm32_mavlink_msgs/msg/detail/encoder_config__type_support.hpp
[10.799s] -- Up-to-date: /home/a/ws_nhk/install/stm32_mavlink_msgs/include/stm32_mavlink_msgs/stm32_mavlink_msgs/msg/detail/solenoid_command__struct.hpp
[10.799s] -- Up-to-date: /home/a/ws_nhk/install/stm32_mavlink_msgs/include/stm32_mavlink_msgs/stm32_mavlink_msgs/msg/detail/servo_command__traits.hpp
[10.799s] -- Up-to-date: /home/a/ws_nhk/install/stm32_mavlink_msgs/include/stm32_mavlink_msgs/stm32_mavlink_msgs/msg/detail/rs485_write_response__traits.hpp
[10.799s] -- Up-to-date: /home/a/ws_nhk/install/stm32_mavlink_msgs/include/stm32_mavlink_msgs/stm32_mavlink_msgs/msg/detail/servo_state__builder.hpp
[10.799s] -- Up-to-date: /home/a/ws_nhk/install/stm32_mavlink_msgs/include/stm32_mavlink_msgs/stm32_mavlink_msgs/msg/detail/robomaster_motor_command__builder.hpp
[10.799s] -- Up-to-date: /home/a/ws_nhk/install/stm32_mavlink_msgs/include/stm32_mavlink_msgs/stm32_mavlink_msgs/msg/detail/robomaster_motor_command__traits.hpp
[10.799s] -- Up-to-date: /home/a/ws_nhk/install/stm32_mavlink_msgs/include/stm32_mavlink_msgs/stm32_mavlink_msgs/msg/detail/rs485_write_response__builder.hpp
[10.799s] -- Up-to-date: /home/a/ws_nhk/install/stm32_mavlink_msgs/include/stm32_mavlink_msgs/stm32_mavlink_msgs/msg/detail/dc_motor_command__type_support.hpp
[10.799s] -- Up-to-date: /home/a/ws_nhk/install/stm32_mavlink_msgs/include/stm32_mavlink_msgs/stm32_mavlink_msgs/msg/detail/robomaster_motor_command__type_support.hpp
[10.800s] -- Up-to-date: /home/a/ws_nhk/install/stm32_mavlink_msgs/include/stm32_mavlink_msgs/stm32_mavlink_msgs/msg/detail/rs485_motor_config__struct.hpp
[10.800s] -- Up-to-date: /home/a/ws_nhk/install/stm32_mavlink_msgs/include/stm32_mavlink_msgs/stm32_mavlink_msgs/msg/detail/robomaster_motor_config__builder.hpp
[10.800s] -- Up-to-date: /home/a/ws_nhk/install/stm32_mavlink_msgs/include/stm32_mavlink_msgs/stm32_mavlink_msgs/msg/detail/rs485_motor_config__type_support.hpp
[10.800s] -- Up-to-date: /home/a/ws_nhk/install/stm32_mavlink_msgs/include/stm32_mavlink_msgs/stm32_mavlink_msgs/msg/detail/robomaster_motor_config__struct.hpp
[10.800s] -- Up-to-date: /home/a/ws_nhk/install/stm32_mavlink_msgs/include/stm32_mavlink_msgs/stm32_mavlink_msgs/msg/detail/rs485_flash_save_request__builder.hpp
[10.800s] -- Up-to-date: /home/a/ws_nhk/install/stm32_mavlink_msgs/include/stm32_mavlink_msgs/stm32_mavlink_msgs/msg/detail/encoder_config__struct.hpp
[10.800s] -- Up-to-date: /home/a/ws_nhk/install/stm32_mavlink_msgs/include/stm32_mavlink_msgs/stm32_mavlink_msgs/msg/detail/servo_command__type_support.hpp
[10.800s] -- Up-to-date: /home/a/ws_nhk/install/stm32_mavlink_msgs/include/stm32_mavlink_msgs/stm32_mavlink_msgs/msg/detail/rs485_motor_state__traits.hpp
[10.800s] -- Up-to-date: /home/a/ws_nhk/install/stm32_mavlink_msgs/include/stm32_mavlink_msgs/stm32_mavlink_msgs/msg/detail/rs485_read_request__builder.hpp
[10.801s] -- Up-to-date: /home/a/ws_nhk/install/stm32_mavlink_msgs/include/stm32_mavlink_msgs/stm32_mavlink_msgs/msg/rs485_motor_command.hpp
[10.801s] -- Up-to-date: /home/a/ws_nhk/install/stm32_mavlink_msgs/include/stm32_mavlink_msgs/stm32_mavlink_msgs/msg/solenoid_status.hpp
[10.801s] -- Up-to-date: /home/a/ws_nhk/install/stm32_mavlink_msgs/include/stm32_mavlink_msgs/stm32_mavlink_msgs/srv
[10.801s] -- Up-to-date: /home/a/ws_nhk/install/stm32_mavlink_msgs/include/stm32_mavlink_msgs/stm32_mavlink_msgs/srv/set_robomaster_motor_config.hpp
[10.801s] -- Up-to-date: /home/a/ws_nhk/install/stm32_mavlink_msgs/include/stm32_mavlink_msgs/stm32_mavlink_msgs/srv/get_dc_motor_config.hpp
[10.801s] -- Up-to-date: /home/a/ws_nhk/install/stm32_mavlink_msgs/include/stm32_mavlink_msgs/stm32_mavlink_msgs/srv/set_encoder_config.hpp
[10.801s] -- Up-to-date: /home/a/ws_nhk/install/stm32_mavlink_msgs/include/stm32_mavlink_msgs/stm32_mavlink_msgs/srv/read_rs485_param.hpp
[10.801s] -- Up-to-date: /home/a/ws_nhk/install/stm32_mavlink_msgs/include/stm32_mavlink_msgs/stm32_mavlink_msgs/srv/set_dc_motor_config.hpp
[10.801s] -- Up-to-date: /home/a/ws_nhk/install/stm32_mavlink_msgs/include/stm32_mavlink_msgs/stm32_mavlink_msgs/srv/write_rs485_param.hpp
[10.801s] -- Up-to-date: /home/a/ws_nhk/install/stm32_mavlink_msgs/include/stm32_mavlink_msgs/stm32_mavlink_msgs/srv/flash_save_rs485.hpp
[10.802s] -- Up-to-date: /home/a/ws_nhk/install/stm32_mavlink_msgs/include/stm32_mavlink_msgs/stm32_mavlink_msgs/srv/get_robomaster_motor_config.hpp
[10.802s] -- Up-to-date: /home/a/ws_nhk/install/stm32_mavlink_msgs/include/stm32_mavlink_msgs/stm32_mavlink_msgs/srv/detail
[10.802s] -- Up-to-date: /home/a/ws_nhk/install/stm32_mavlink_msgs/include/stm32_mavlink_msgs/stm32_mavlink_msgs/srv/detail/set_robomaster_motor_config__builder.hpp
[10.802s] -- Up-to-date: /home/a/ws_nhk/install/stm32_mavlink_msgs/include/stm32_mavlink_msgs/stm32_mavlink_msgs/srv/detail/flash_save_rs485__builder.hpp
[10.802s] -- Up-to-date: /home/a/ws_nhk/install/stm32_mavlink_msgs/include/stm32_mavlink_msgs/stm32_mavlink_msgs/srv/detail/set_servo_config__builder.hpp
[10.802s] -- Up-to-date: /home/a/ws_nhk/install/stm32_mavlink_msgs/include/stm32_mavlink_msgs/stm32_mavlink_msgs/srv/detail/write_rs485_param__builder.hpp
[10.802s] -- Up-to-date: /home/a/ws_nhk/install/stm32_mavlink_msgs/include/stm32_mavlink_msgs/stm32_mavlink_msgs/srv/detail/write_rs485_param__struct.hpp
[10.802s] -- Up-to-date: /home/a/ws_nhk/install/stm32_mavlink_msgs/include/stm32_mavlink_msgs/stm32_mavlink_msgs/srv/detail/set_dc_motor_config__traits.hpp
[10.802s] -- Up-to-date: /home/a/ws_nhk/install/stm32_mavlink_msgs/include/stm32_mavlink_msgs/stm32_mavlink_msgs/srv/detail/set_servo_config__traits.hpp
[10.803s] -- Up-to-date: /home/a/ws_nhk/install/stm32_mavlink_msgs/include/stm32_mavlink_msgs/stm32_mavlink_msgs/srv/detail/read_rs485_param__struct.hpp
[10.803s] -- Up-to-date: /home/a/ws_nhk/install/stm32_mavlink_msgs/include/stm32_mavlink_msgs/stm32_mavlink_msgs/srv/detail/set_encoder_config__type_support.hpp
[10.803s] -- Up-to-date: /home/a/ws_nhk/install/stm32_mavlink_msgs/include/stm32_mavlink_msgs/stm32_mavlink_msgs/srv/detail/write_rs485_param__traits.hpp
[10.803s] -- Up-to-date: /home/a/ws_nhk/install/stm32_mavlink_msgs/include/stm32_mavlink_msgs/stm32_mavlink_msgs/srv/detail/get_robomaster_motor_config__struct.hpp
[10.803s] -- Up-to-date: /home/a/ws_nhk/install/stm32_mavlink_msgs/include/stm32_mavlink_msgs/stm32_mavlink_msgs/srv/detail/set_servo_config__type_support.hpp
[10.803s] -- Up-to-date: /home/a/ws_nhk/install/stm32_mavlink_msgs/include/stm32_mavlink_msgs/stm32_mavlink_msgs/srv/detail/get_dc_motor_config__struct.hpp
[10.803s] -- Up-to-date: /home/a/ws_nhk/install/stm32_mavlink_msgs/include/stm32_mavlink_msgs/stm32_mavlink_msgs/srv/detail/read_rs485_param__type_support.hpp
[10.803s] -- Up-to-date: /home/a/ws_nhk/install/stm32_mavlink_msgs/include/stm32_mavlink_msgs/stm32_mavlink_msgs/srv/detail/set_dc_motor_config__builder.hpp
[10.803s] -- Up-to-date: /home/a/ws_nhk/install/stm32_mavlink_msgs/include/stm32_mavlink_msgs/stm32_mavlink_msgs/srv/detail/set_encoder_config__traits.hpp
[10.803s] -- Up-to-date: /home/a/ws_nhk/install/stm32_mavlink_msgs/include/stm32_mavlink_msgs/stm32_mavlink_msgs/srv/detail/flash_save_rs485__traits.hpp
[10.804s] -- Up-to-date: /home/a/ws_nhk/install/stm32_mavlink_msgs/include/stm32_mavlink_msgs/stm32_mavlink_msgs/srv/detail/get_dc_motor_config__builder.hpp
[10.804s] -- Up-to-date: /home/a/ws_nhk/install/stm32_mavlink_msgs/include/stm32_mavlink_msgs/stm32_mavlink_msgs/srv/detail/set_robomaster_motor_config__struct.hpp
[10.804s] -- Up-to-date: /home/a/ws_nhk/install/stm32_mavlink_msgs/include/stm32_mavlink_msgs/stm32_mavlink_msgs/srv/detail/flash_save_rs485__struct.hpp
[10.804s] -- Up-to-date: /home/a/ws_nhk/install/stm32_mavlink_msgs/include/stm32_mavlink_msgs/stm32_mavlink_msgs/srv/detail/set_servo_config__struct.hpp
[10.804s] -- Up-to-date: /home/a/ws_nhk/install/stm32_mavlink_msgs/include/stm32_mavlink_msgs/stm32_mavlink_msgs/srv/detail/flash_save_rs485__type_support.hpp
[10.804s] -- Up-to-date: /home/a/ws_nhk/install/stm32_mavlink_msgs/include/stm32_mavlink_msgs/stm32_mavlink_msgs/srv/detail/get_robomaster_motor_config__type_support.hpp
[10.804s] -- Up-to-date: /home/a/ws_nhk/install/stm32_mavlink_msgs/include/stm32_mavlink_msgs/stm32_mavlink_msgs/srv/detail/get_dc_motor_config__type_support.hpp
[10.804s] -- Up-to-date: /home/a/ws_nhk/install/stm32_mavlink_msgs/include/stm32_mavlink_msgs/stm32_mavlink_msgs/srv/detail/get_robomaster_motor_config__builder.hpp
[10.804s] -- Up-to-date: /home/a/ws_nhk/install/stm32_mavlink_msgs/include/stm32_mavlink_msgs/stm32_mavlink_msgs/srv/detail/set_dc_motor_config__struct.hpp
[10.805s] -- Up-to-date: /home/a/ws_nhk/install/stm32_mavlink_msgs/include/stm32_mavlink_msgs/stm32_mavlink_msgs/srv/detail/set_robomaster_motor_config__traits.hpp
[10.805s] -- Up-to-date: /home/a/ws_nhk/install/stm32_mavlink_msgs/include/stm32_mavlink_msgs/stm32_mavlink_msgs/srv/detail/write_rs485_param__type_support.hpp
[10.805s] -- Up-to-date: /home/a/ws_nhk/install/stm32_mavlink_msgs/include/stm32_mavlink_msgs/stm32_mavlink_msgs/srv/detail/set_encoder_config__builder.hpp
[10.806s] -- Up-to-date: /home/a/ws_nhk/install/stm32_mavlink_msgs/include/stm32_mavlink_msgs/stm32_mavlink_msgs/srv/detail/set_encoder_config__struct.hpp
[10.806s] -- Up-to-date: /home/a/ws_nhk/install/stm32_mavlink_msgs/include/stm32_mavlink_msgs/stm32_mavlink_msgs/srv/detail/read_rs485_param__builder.hpp
[10.806s] -- Up-to-date: /home/a/ws_nhk/install/stm32_mavlink_msgs/include/stm32_mavlink_msgs/stm32_mavlink_msgs/srv/detail/get_dc_motor_config__traits.hpp
[10.806s] -- Up-to-date: /home/a/ws_nhk/install/stm32_mavlink_msgs/include/stm32_mavlink_msgs/stm32_mavlink_msgs/srv/detail/get_robomaster_motor_config__traits.hpp
[10.806s] -- Up-to-date: /home/a/ws_nhk/install/stm32_mavlink_msgs/include/stm32_mavlink_msgs/stm32_mavlink_msgs/srv/detail/set_robomaster_motor_config__type_support.hpp
[10.806s] -- Up-to-date: /home/a/ws_nhk/install/stm32_mavlink_msgs/include/stm32_mavlink_msgs/stm32_mavlink_msgs/srv/detail/read_rs485_param__traits.hpp
[10.807s] -- Up-to-date: /home/a/ws_nhk/install/stm32_mavlink_msgs/include/stm32_mavlink_msgs/stm32_mavlink_msgs/srv/detail/set_dc_motor_config__type_support.hpp
[10.807s] -- Up-to-date: /home/a/ws_nhk/install/stm32_mavlink_msgs/include/stm32_mavlink_msgs/stm32_mavlink_msgs/srv/set_servo_config.hpp
[10.807s] -- Up-to-date: /home/a/ws_nhk/install/stm32_mavlink_msgs/include/stm32_mavlink_msgs/stm32_mavlink_msgs
[10.807s] -- Up-to-date: /home/a/ws_nhk/install/stm32_mavlink_msgs/include/stm32_mavlink_msgs/stm32_mavlink_msgs/msg
[10.807s] -- Up-to-date: /home/a/ws_nhk/install/stm32_mavlink_msgs/include/stm32_mavlink_msgs/stm32_mavlink_msgs/msg/detail
[10.808s] -- Up-to-date: /home/a/ws_nhk/install/stm32_mavlink_msgs/include/stm32_mavlink_msgs/stm32_mavlink_msgs/msg/detail/rs485_read_response__rosidl_typesupport_fastrtps_cpp.hpp
[10.808s] -- Up-to-date: /home/a/ws_nhk/install/stm32_mavlink_msgs/include/stm32_mavlink_msgs/stm32_mavlink_msgs/msg/detail/rs485_motor_config__rosidl_typesupport_fastrtps_cpp.hpp
[10.808s] -- Up-to-date: /home/a/ws_nhk/install/stm32_mavlink_msgs/include/stm32_mavlink_msgs/stm32_mavlink_msgs/msg/detail/dc_motor_config__rosidl_typesupport_fastrtps_cpp.hpp
[10.808s] -- Up-to-date: /home/a/ws_nhk/install/stm32_mavlink_msgs/include/stm32_mavlink_msgs/stm32_mavlink_msgs/msg/detail/robomaster_motor_command__rosidl_typesupport_fastrtps_cpp.hpp
[10.808s] -- Up-to-date: /home/a/ws_nhk/install/stm32_mavlink_msgs/include/stm32_mavlink_msgs/stm32_mavlink_msgs/msg/detail/encoder_state__rosidl_typesupport_fastrtps_cpp.hpp
[10.808s] -- Up-to-date: /home/a/ws_nhk/install/stm32_mavlink_msgs/include/stm32_mavlink_msgs/stm32_mavlink_msgs/msg/detail/wtt12_l_status__rosidl_typesupport_fastrtps_cpp.hpp
[10.809s] -- Up-to-date: /home/a/ws_nhk/install/stm32_mavlink_msgs/include/stm32_mavlink_msgs/stm32_mavlink_msgs/msg/detail/limit_switch_status__rosidl_typesupport_fastrtps_cpp.hpp
[10.809s] -- Up-to-date: /home/a/ws_nhk/install/stm32_mavlink_msgs/include/stm32_mavlink_msgs/stm32_mavlink_msgs/msg/detail/dc_motor_state__rosidl_typesupport_fastrtps_cpp.hpp
[10.809s] -- Up-to-date: /home/a/ws_nhk/install/stm32_mavlink_msgs/include/stm32_mavlink_msgs/stm32_mavlink_msgs/msg/detail/rs485_motor_state__rosidl_typesupport_fastrtps_cpp.hpp
[10.809s] -- Up-to-date: /home/a/ws_nhk/install/stm32_mavlink_msgs/include/stm32_mavlink_msgs/stm32_mavlink_msgs/msg/detail/rs485_flash_save_request__rosidl_typesupport_fastrtps_cpp.hpp
[10.809s] -- Up-to-date: /home/a/ws_nhk/install/stm32_mavlink_msgs/include/stm32_mavlink_msgs/stm32_mavlink_msgs/msg/detail/encoder_config__rosidl_typesupport_fastrtps_cpp.hpp
[10.809s] -- Up-to-date: /home/a/ws_nhk/install/stm32_mavlink_msgs/include/stm32_mavlink_msgs/stm32_mavlink_msgs/msg/detail/dc_motor_command__rosidl_typesupport_fastrtps_cpp.hpp
[10.810s] -- Up-to-date: /home/a/ws_nhk/install/stm32_mavlink_msgs/include/stm32_mavlink_msgs/stm32_mavlink_msgs/msg/detail/robomaster_motor_config__rosidl_typesupport_fastrtps_cpp.hpp
[10.810s] -- Up-to-date: /home/a/ws_nhk/install/stm32_mavlink_msgs/include/stm32_mavlink_msgs/stm32_mavlink_msgs/msg/detail/solenoid_status__rosidl_typesupport_fastrtps_cpp.hpp
[10.810s] -- Up-to-date: /home/a/ws_nhk/install/stm32_mavlink_msgs/include/stm32_mavlink_msgs/stm32_mavlink_msgs/msg/detail/rs485_read_request__rosidl_typesupport_fastrtps_cpp.hpp
[10.810s] -- Up-to-date: /home/a/ws_nhk/install/stm32_mavlink_msgs/include/stm32_mavlink_msgs/stm32_mavlink_msgs/msg/detail/robomaster_motor_state__rosidl_typesupport_fastrtps_cpp.hpp
[10.810s] -- Up-to-date: /home/a/ws_nhk/install/stm32_mavlink_msgs/include/stm32_mavlink_msgs/stm32_mavlink_msgs/msg/detail/servo_state__rosidl_typesupport_fastrtps_cpp.hpp
[10.811s] -- Up-to-date: /home/a/ws_nhk/install/stm32_mavlink_msgs/include/stm32_mavlink_msgs/stm32_mavlink_msgs/msg/detail/servo_command__rosidl_typesupport_fastrtps_cpp.hpp
[10.811s] -- Up-to-date: /home/a/ws_nhk/install/stm32_mavlink_msgs/include/stm32_mavlink_msgs/stm32_mavlink_msgs/msg/detail/dds_fastrtps
[10.811s] -- Up-to-date: /home/a/ws_nhk/install/stm32_mavlink_msgs/include/stm32_mavlink_msgs/stm32_mavlink_msgs/msg/detail/solenoid_command__rosidl_typesupport_fastrtps_cpp.hpp
[10.811s] -- Up-to-date: /home/a/ws_nhk/install/stm32_mavlink_msgs/include/stm32_mavlink_msgs/stm32_mavlink_msgs/msg/detail/rs485_motor_command__rosidl_typesupport_fastrtps_cpp.hpp
[10.811s] -- Up-to-date: /home/a/ws_nhk/install/stm32_mavlink_msgs/include/stm32_mavlink_msgs/stm32_mavlink_msgs/msg/detail/rs485_write_request__rosidl_typesupport_fastrtps_cpp.hpp
[10.811s] -- Up-to-date: /home/a/ws_nhk/install/stm32_mavlink_msgs/include/stm32_mavlink_msgs/stm32_mavlink_msgs/msg/detail/rs485_write_response__rosidl_typesupport_fastrtps_cpp.hpp
[10.812s] -- Up-to-date: /home/a/ws_nhk/install/stm32_mavlink_msgs/include/stm32_mavlink_msgs/stm32_mavlink_msgs/msg/rosidl_typesupport_fastrtps_cpp__visibility_control.h
[10.812s] -- Up-to-date: /home/a/ws_nhk/install/stm32_mavlink_msgs/include/stm32_mavlink_msgs/stm32_mavlink_msgs/srv
[10.812s] -- Up-to-date: /home/a/ws_nhk/install/stm32_mavlink_msgs/include/stm32_mavlink_msgs/stm32_mavlink_msgs/srv/detail
[10.812s] -- Up-to-date: /home/a/ws_nhk/install/stm32_mavlink_msgs/include/stm32_mavlink_msgs/stm32_mavlink_msgs/srv/detail/set_encoder_config__rosidl_typesupport_fastrtps_cpp.hpp
[10.812s] -- Up-to-date: /home/a/ws_nhk/install/stm32_mavlink_msgs/include/stm32_mavlink_msgs/stm32_mavlink_msgs/srv/detail/set_servo_config__rosidl_typesupport_fastrtps_cpp.hpp
[10.812s] -- Up-to-date: /home/a/ws_nhk/install/stm32_mavlink_msgs/include/stm32_mavlink_msgs/stm32_mavlink_msgs/srv/detail/set_robomaster_motor_config__rosidl_typesupport_fastrtps_cpp.hpp
[10.813s] -- Up-to-date: /home/a/ws_nhk/install/stm32_mavlink_msgs/include/stm32_mavlink_msgs/stm32_mavlink_msgs/srv/detail/get_dc_motor_config__rosidl_typesupport_fastrtps_cpp.hpp
[10.813s] -- Up-to-date: /home/a/ws_nhk/install/stm32_mavlink_msgs/include/stm32_mavlink_msgs/stm32_mavlink_msgs/srv/detail/flash_save_rs485__rosidl_typesupport_fastrtps_cpp.hpp
[10.813s] -- Up-to-date: /home/a/ws_nhk/install/stm32_mavlink_msgs/include/stm32_mavlink_msgs/stm32_mavlink_msgs/srv/detail/get_robomaster_motor_config__rosidl_typesupport_fastrtps_cpp.hpp
[10.813s] -- Up-to-date: /home/a/ws_nhk/install/stm32_mavlink_msgs/include/stm32_mavlink_msgs/stm32_mavlink_msgs/srv/detail/read_rs485_param__rosidl_typesupport_fastrtps_cpp.hpp
[10.813s] -- Up-to-date: /home/a/ws_nhk/install/stm32_mavlink_msgs/include/stm32_mavlink_msgs/stm32_mavlink_msgs/srv/detail/write_rs485_param__rosidl_typesupport_fastrtps_cpp.hpp
[10.813s] -- Up-to-date: /home/a/ws_nhk/install/stm32_mavlink_msgs/include/stm32_mavlink_msgs/stm32_mavlink_msgs/srv/detail/dds_fastrtps
[10.814s] -- Up-to-date: /home/a/ws_nhk/install/stm32_mavlink_msgs/include/stm32_mavlink_msgs/stm32_mavlink_msgs/srv/detail/set_dc_motor_config__rosidl_typesupport_fastrtps_cpp.hpp
[10.814s] -- Up-to-date: /home/a/ws_nhk/install/stm32_mavlink_msgs/lib/libstm32_mavlink_msgs__rosidl_typesupport_fastrtps_cpp.so
[10.814s] -- Up-to-date: /home/a/ws_nhk/install/stm32_mavlink_msgs/include/stm32_mavlink_msgs/stm32_mavlink_msgs
[10.814s] -- Up-to-date: /home/a/ws_nhk/install/stm32_mavlink_msgs/include/stm32_mavlink_msgs/stm32_mavlink_msgs/msg
[10.814s] -- Up-to-date: /home/a/ws_nhk/install/stm32_mavlink_msgs/include/stm32_mavlink_msgs/stm32_mavlink_msgs/msg/detail
[10.814s] -- Up-to-date: /home/a/ws_nhk/install/stm32_mavlink_msgs/include/stm32_mavlink_msgs/stm32_mavlink_msgs/msg/detail/servo_state__rosidl_typesupport_introspection_cpp.hpp
[10.815s] -- Up-to-date: /home/a/ws_nhk/install/stm32_mavlink_msgs/include/stm32_mavlink_msgs/stm32_mavlink_msgs/msg/detail/rs485_write_request__rosidl_typesupport_introspection_cpp.hpp
[10.815s] -- Up-to-date: /home/a/ws_nhk/install/stm32_mavlink_msgs/include/stm32_mavlink_msgs/stm32_mavlink_msgs/msg/detail/solenoid_command__rosidl_typesupport_introspection_cpp.hpp
[10.815s] -- Up-to-date: /home/a/ws_nhk/install/stm32_mavlink_msgs/include/stm32_mavlink_msgs/stm32_mavlink_msgs/msg/detail/encoder_config__type_support.cpp
[10.815s] -- Up-to-date: /home/a/ws_nhk/install/stm32_mavlink_msgs/include/stm32_mavlink_msgs/stm32_mavlink_msgs/msg/detail/dc_motor_command__rosidl_typesupport_introspection_cpp.hpp
[10.815s] -- Up-to-date: /home/a/ws_nhk/install/stm32_mavlink_msgs/include/stm32_mavlink_msgs/stm32_mavlink_msgs/msg/detail/rs485_write_request__type_support.cpp
[10.815s] -- Up-to-date: /home/a/ws_nhk/install/stm32_mavlink_msgs/include/stm32_mavlink_msgs/stm32_mavlink_msgs/msg/detail/rs485_read_response__type_support.cpp
[10.816s] -- Up-to-date: /home/a/ws_nhk/install/stm32_mavlink_msgs/include/stm32_mavlink_msgs/stm32_mavlink_msgs/msg/detail/robomaster_motor_command__type_support.cpp
[10.816s] -- Up-to-date: /home/a/ws_nhk/install/stm32_mavlink_msgs/include/stm32_mavlink_msgs/stm32_mavlink_msgs/msg/detail/rs485_read_response__rosidl_typesupport_introspection_cpp.hpp
[10.816s] -- Up-to-date: /home/a/ws_nhk/install/stm32_mavlink_msgs/include/stm32_mavlink_msgs/stm32_mavlink_msgs/msg/detail/rs485_motor_command__type_support.cpp
[10.816s] -- Up-to-date: /home/a/ws_nhk/install/stm32_mavlink_msgs/include/stm32_mavlink_msgs/stm32_mavlink_msgs/msg/detail/limit_switch_status__type_support.cpp
[10.816s] -- Up-to-date: /home/a/ws_nhk/install/stm32_mavlink_msgs/include/stm32_mavlink_msgs/stm32_mavlink_msgs/msg/detail/solenoid_command__type_support.cpp
[10.817s] -- Up-to-date: /home/a/ws_nhk/install/stm32_mavlink_msgs/include/stm32_mavlink_msgs/stm32_mavlink_msgs/msg/detail/servo_command__type_support.cpp
[10.817s] -- Up-to-date: /home/a/ws_nhk/install/stm32_mavlink_msgs/include/stm32_mavlink_msgs/stm32_mavlink_msgs/msg/detail/wtt12_l_status__type_support.cpp
[10.817s] -- Up-to-date: /home/a/ws_nhk/install/stm32_mavlink_msgs/include/stm32_mavlink_msgs/stm32_mavlink_msgs/msg/detail/robomaster_motor_command__rosidl_typesupport_introspection_cpp.hpp
[10.817s] -- Up-to-date: /home/a/ws_nhk/install/stm32_mavlink_msgs/include/stm32_mavlink_msgs/stm32_mavlink_msgs/msg/detail/servo_state__type_support.cpp
[10.817s] -- Up-to-date: /home/a/ws_nhk/install/stm32_mavlink_msgs/include/stm32_mavlink_msgs/stm32_mavlink_msgs/msg/detail/solenoid_status__type_support.cpp
[10.817s] -- Up-to-date: /home/a/ws_nhk/install/stm32_mavlink_msgs/include/stm32_mavlink_msgs/stm32_mavlink_msgs/msg/detail/rs485_motor_state__rosidl_typesupport_introspection_cpp.hpp
[10.818s] -- Up-to-date: /home/a/ws_nhk/install/stm32_mavlink_msgs/include/stm32_mavlink_msgs/stm32_mavlink_msgs/msg/detail/dc_motor_config__rosidl_typesupport_introspection_cpp.hpp
[10.818s] -- Up-to-date: /home/a/ws_nhk/install/stm32_mavlink_msgs/include/stm32_mavlink_msgs/stm32_mavlink_msgs/msg/detail/wtt12_l_status__rosidl_typesupport_introspection_cpp.hpp
[10.818s] -- Up-to-date: /home/a/ws_nhk/install/stm32_mavlink_msgs/include/stm32_mavlink_msgs/stm32_mavlink_msgs/msg/detail/robomaster_motor_config__type_support.cpp
[10.818s] -- Up-to-date: /home/a/ws_nhk/install/stm32_mavlink_msgs/include/stm32_mavlink_msgs/stm32_mavlink_msgs/msg/detail/dc_motor_state__type_support.cpp
[10.818s] -- Up-to-date: /home/a/ws_nhk/install/stm32_mavlink_msgs/include/stm32_mavlink_msgs/stm32_mavlink_msgs/msg/detail/dc_motor_state__rosidl_typesupport_introspection_cpp.hpp
[10.818s] -- Up-to-date: /home/a/ws_nhk/install/stm32_mavlink_msgs/include/stm32_mavlink_msgs/stm32_mavlink_msgs/msg/detail/dc_motor_config__type_support.cpp
[10.819s] -- Up-to-date: /home/a/ws_nhk/install/stm32_mavlink_msgs/include/stm32_mavlink_msgs/stm32_mavlink_msgs/msg/detail/limit_switch_status__rosidl_typesupport_introspection_cpp.hpp
[10.819s] -- Up-to-date: /home/a/ws_nhk/install/stm32_mavlink_msgs/include/stm32_mavlink_msgs/stm32_mavlink_msgs/msg/detail/rs485_read_request__rosidl_typesupport_introspection_cpp.hpp
[10.819s] -- Up-to-date: /home/a/ws_nhk/install/stm32_mavlink_msgs/include/stm32_mavlink_msgs/stm32_mavlink_msgs/msg/detail/robomaster_motor_config__rosidl_typesupport_introspection_cpp.hpp
[10.819s] -- Up-to-date: /home/a/ws_nhk/install/stm32_mavlink_msgs/include/stm32_mavlink_msgs/stm32_mavlink_msgs/msg/detail/rs485_motor_command__rosidl_typesupport_introspection_cpp.hpp
[10.819s] -- Up-to-date: /home/a/ws_nhk/install/stm32_mavlink_msgs/include/stm32_mavlink_msgs/stm32_mavlink_msgs/msg/detail/solenoid_status__rosidl_typesupport_introspection_cpp.hpp
[10.820s] -- Up-to-date: /home/a/ws_nhk/install/stm32_mavlink_msgs/include/stm32_mavlink_msgs/stm32_mavlink_msgs/msg/detail/rs485_motor_state__type_support.cpp
[10.820s] -- Up-to-date: /home/a/ws_nhk/install/stm32_mavlink_msgs/include/stm32_mavlink_msgs/stm32_mavlink_msgs/msg/detail/servo_command__rosidl_typesupport_introspection_cpp.hpp
[10.820s] -- Up-to-date: /home/a/ws_nhk/install/stm32_mavlink_msgs/include/stm32_mavlink_msgs/stm32_mavlink_msgs/msg/detail/robomaster_motor_state__rosidl_typesupport_introspection_cpp.hpp
[10.820s] -- Up-to-date: /home/a/ws_nhk/install/stm32_mavlink_msgs/include/stm32_mavlink_msgs/stm32_mavlink_msgs/msg/detail/rs485_write_response__type_support.cpp
[10.820s] -- Up-to-date: /home/a/ws_nhk/install/stm32_mavlink_msgs/include/stm32_mavlink_msgs/stm32_mavlink_msgs/msg/detail/encoder_state__type_support.cpp
[10.820s] -- Up-to-date: /home/a/ws_nhk/install/stm32_mavlink_msgs/include/stm32_mavlink_msgs/stm32_mavlink_msgs/msg/detail/rs485_flash_save_request__rosidl_typesupport_introspection_cpp.hpp
[10.821s] -- Up-to-date: /home/a/ws_nhk/install/stm32_mavlink_msgs/include/stm32_mavlink_msgs/stm32_mavlink_msgs/msg/detail/encoder_config__rosidl_typesupport_introspection_cpp.hpp
[10.821s] -- Up-to-date: /home/a/ws_nhk/install/stm32_mavlink_msgs/include/stm32_mavlink_msgs/stm32_mavlink_msgs/msg/detail/robomaster_motor_state__type_support.cpp
[10.821s] -- Up-to-date: /home/a/ws_nhk/install/stm32_mavlink_msgs/include/stm32_mavlink_msgs/stm32_mavlink_msgs/msg/detail/rs485_motor_config__rosidl_typesupport_introspection_cpp.hpp
[10.821s] -- Up-to-date: /home/a/ws_nhk/install/stm32_mavlink_msgs/include/stm32_mavlink_msgs/stm32_mavlink_msgs/msg/detail/rs485_read_request__type_support.cpp
[10.821s] -- Up-to-date: /home/a/ws_nhk/install/stm32_mavlink_msgs/include/stm32_mavlink_msgs/stm32_mavlink_msgs/msg/detail/encoder_state__rosidl_typesupport_introspection_cpp.hpp
[10.821s] -- Up-to-date: /home/a/ws_nhk/install/stm32_mavlink_msgs/include/stm32_mavlink_msgs/stm32_mavlink_msgs/msg/detail/rs485_write_response__rosidl_typesupport_introspection_cpp.hpp
[10.822s] -- Up-to-date: /home/a/ws_nhk/install/stm32_mavlink_msgs/include/stm32_mavlink_msgs/stm32_mavlink_msgs/msg/detail/rs485_flash_save_request__type_support.cpp
[10.822s] -- Up-to-date: /home/a/ws_nhk/install/stm32_mavlink_msgs/include/stm32_mavlink_msgs/stm32_mavlink_msgs/msg/detail/rs485_motor_config__type_support.cpp
[10.822s] -- Up-to-date: /home/a/ws_nhk/install/stm32_mavlink_msgs/include/stm32_mavlink_msgs/stm32_mavlink_msgs/msg/detail/dc_motor_command__type_support.cpp
[10.822s] -- Up-to-date: /home/a/ws_nhk/install/stm32_mavlink_msgs/include/stm32_mavlink_msgs/stm32_mavlink_msgs/srv
[10.822s] -- Up-to-date: /home/a/ws_nhk/install/stm32_mavlink_msgs/include/stm32_mavlink_msgs/stm32_mavlink_msgs/srv/detail
[10.822s] -- Up-to-date: /home/a/ws_nhk/install/stm32_mavlink_msgs/include/stm32_mavlink_msgs/stm32_mavlink_msgs/srv/detail/set_dc_motor_config__rosidl_typesupport_introspection_cpp.hpp
[10.823s] -- Up-to-date: /home/a/ws_nhk/install/stm32_mavlink_msgs/include/stm32_mavlink_msgs/stm32_mavlink_msgs/srv/detail/flash_save_rs485__type_support.cpp
[10.823s] -- Up-to-date: /home/a/ws_nhk/install/stm32_mavlink_msgs/include/stm32_mavlink_msgs/stm32_mavlink_msgs/srv/detail/set_robomaster_motor_config__rosidl_typesupport_introspection_cpp.hpp
[10.823s] -- Up-to-date: /home/a/ws_nhk/install/stm32_mavlink_msgs/include/stm32_mavlink_msgs/stm32_mavlink_msgs/srv/detail/write_rs485_param__type_support.cpp
[10.823s] -- Up-to-date: /home/a/ws_nhk/install/stm32_mavlink_msgs/include/stm32_mavlink_msgs/stm32_mavlink_msgs/srv/detail/set_encoder_config__rosidl_typesupport_introspection_cpp.hpp
[10.823s] -- Up-to-date: /home/a/ws_nhk/install/stm32_mavlink_msgs/include/stm32_mavlink_msgs/stm32_mavlink_msgs/srv/detail/set_servo_config__rosidl_typesupport_introspection_cpp.hpp
[10.824s] -- Up-to-date: /home/a/ws_nhk/install/stm32_mavlink_msgs/include/stm32_mavlink_msgs/stm32_mavlink_msgs/srv/detail/set_encoder_config__type_support.cpp
[10.824s] -- Up-to-date: /home/a/ws_nhk/install/stm32_mavlink_msgs/include/stm32_mavlink_msgs/stm32_mavlink_msgs/srv/detail/get_dc_motor_config__rosidl_typesupport_introspection_cpp.hpp
[10.824s] -- Up-to-date: /home/a/ws_nhk/install/stm32_mavlink_msgs/include/stm32_mavlink_msgs/stm32_mavlink_msgs/srv/detail/get_robomaster_motor_config__type_support.cpp
[10.824s] -- Up-to-date: /home/a/ws_nhk/install/stm32_mavlink_msgs/include/stm32_mavlink_msgs/stm32_mavlink_msgs/srv/detail/write_rs485_param__rosidl_typesupport_introspection_cpp.hpp
[10.824s] -- Up-to-date: /home/a/ws_nhk/install/stm32_mavlink_msgs/include/stm32_mavlink_msgs/stm32_mavlink_msgs/srv/detail/get_robomaster_motor_config__rosidl_typesupport_introspection_cpp.hpp
[10.824s] -- Up-to-date: /home/a/ws_nhk/install/stm32_mavlink_msgs/include/stm32_mavlink_msgs/stm32_mavlink_msgs/srv/detail/set_dc_motor_config__type_support.cpp
[10.825s] -- Up-to-date: /home/a/ws_nhk/install/stm32_mavlink_msgs/include/stm32_mavlink_msgs/stm32_mavlink_msgs/srv/detail/read_rs485_param__type_support.cpp
[10.825s] -- Up-to-date: /home/a/ws_nhk/install/stm32_mavlink_msgs/include/stm32_mavlink_msgs/stm32_mavlink_msgs/srv/detail/get_dc_motor_config__type_support.cpp
[10.825s] -- Up-to-date: /home/a/ws_nhk/install/stm32_mavlink_msgs/include/stm32_mavlink_msgs/stm32_mavlink_msgs/srv/detail/set_robomaster_motor_config__type_support.cpp
[10.825s] -- Up-to-date: /home/a/ws_nhk/install/stm32_mavlink_msgs/include/stm32_mavlink_msgs/stm32_mavlink_msgs/srv/detail/flash_save_rs485__rosidl_typesupport_introspection_cpp.hpp
[10.825s] -- Up-to-date: /home/a/ws_nhk/install/stm32_mavlink_msgs/include/stm32_mavlink_msgs/stm32_mavlink_msgs/srv/detail/read_rs485_param__rosidl_typesupport_introspection_cpp.hpp
[10.825s] -- Up-to-date: /home/a/ws_nhk/install/stm32_mavlink_msgs/include/stm32_mavlink_msgs/stm32_mavlink_msgs/srv/detail/set_servo_config__type_support.cpp
[10.826s] -- Up-to-date: /home/a/ws_nhk/install/stm32_mavlink_msgs/lib/libstm32_mavlink_msgs__rosidl_typesupport_introspection_cpp.so
[10.826s] -- Up-to-date: /home/a/ws_nhk/install/stm32_mavlink_msgs/lib/libstm32_mavlink_msgs__rosidl_typesupport_cpp.so
[10.826s] -- Up-to-date: /home/a/ws_nhk/install/stm32_mavlink_msgs/share/stm32_mavlink_msgs/environment/pythonpath.sh
[10.826s] -- Installing: /home/a/ws_nhk/install/stm32_mavlink_msgs/share/stm32_mavlink_msgs/environment/pythonpath.dsv
[10.826s] -- Up-to-date: /home/a/ws_nhk/install/stm32_mavlink_msgs/local/lib/python3.10/dist-packages/stm32_mavlink_msgs-1.0.0-py3.10.egg-info
[10.826s] -- Installing: /home/a/ws_nhk/install/stm32_mavlink_msgs/local/lib/python3.10/dist-packages/stm32_mavlink_msgs-1.0.0-py3.10.egg-info/top_level.txt
[10.827s] -- Installing: /home/a/ws_nhk/install/stm32_mavlink_msgs/local/lib/python3.10/dist-packages/stm32_mavlink_msgs-1.0.0-py3.10.egg-info/SOURCES.txt
[10.827s] -- Installing: /home/a/ws_nhk/install/stm32_mavlink_msgs/local/lib/python3.10/dist-packages/stm32_mavlink_msgs-1.0.0-py3.10.egg-info/PKG-INFO
[10.827s] -- Installing: /home/a/ws_nhk/install/stm32_mavlink_msgs/local/lib/python3.10/dist-packages/stm32_mavlink_msgs-1.0.0-py3.10.egg-info/dependency_links.txt
[10.827s] -- Up-to-date: /home/a/ws_nhk/install/stm32_mavlink_msgs/local/lib/python3.10/dist-packages/stm32_mavlink_msgs
[10.827s] -- Up-to-date: /home/a/ws_nhk/install/stm32_mavlink_msgs/local/lib/python3.10/dist-packages/stm32_mavlink_msgs/libstm32_mavlink_msgs__rosidl_generator_py.so
[10.827s] -- Up-to-date: /home/a/ws_nhk/install/stm32_mavlink_msgs/local/lib/python3.10/dist-packages/stm32_mavlink_msgs/stm32_mavlink_msgs_s__rosidl_typesupport_c.cpython-310-x86_64-linux-gnu.so
[10.828s] -- Up-to-date: /home/a/ws_nhk/install/stm32_mavlink_msgs/local/lib/python3.10/dist-packages/stm32_mavlink_msgs/_stm32_mavlink_msgs_s.ep.rosidl_typesupport_introspection_c.c
[10.828s] -- Up-to-date: /home/a/ws_nhk/install/stm32_mavlink_msgs/local/lib/python3.10/dist-packages/stm32_mavlink_msgs/msg
[10.828s] -- Up-to-date: /home/a/ws_nhk/install/stm32_mavlink_msgs/local/lib/python3.10/dist-packages/stm32_mavlink_msgs/msg/_servo_command_s.c
[10.828s] -- Up-to-date: /home/a/ws_nhk/install/stm32_mavlink_msgs/local/lib/python3.10/dist-packages/stm32_mavlink_msgs/msg/_rs485_write_response.py
[10.828s] -- Up-to-date: /home/a/ws_nhk/install/stm32_mavlink_msgs/local/lib/python3.10/dist-packages/stm32_mavlink_msgs/msg/_rs485_motor_state.py
[10.828s] -- Up-to-date: /home/a/ws_nhk/install/stm32_mavlink_msgs/local/lib/python3.10/dist-packages/stm32_mavlink_msgs/msg/_rs485_flash_save_request.py
[10.829s] -- Up-to-date: /home/a/ws_nhk/install/stm32_mavlink_msgs/local/lib/python3.10/dist-packages/stm32_mavlink_msgs/msg/_servo_command.py
[10.829s] -- Up-to-date: /home/a/ws_nhk/install/stm32_mavlink_msgs/local/lib/python3.10/dist-packages/stm32_mavlink_msgs/msg/_servo_state_s.c
[10.829s] -- Up-to-date: /home/a/ws_nhk/install/stm32_mavlink_msgs/local/lib/python3.10/dist-packages/stm32_mavlink_msgs/msg/_rs485_motor_config_s.c
[10.829s] -- Up-to-date: /home/a/ws_nhk/install/stm32_mavlink_msgs/local/lib/python3.10/dist-packages/stm32_mavlink_msgs/msg/_robomaster_motor_state.py
[10.829s] -- Up-to-date: /home/a/ws_nhk/install/stm32_mavlink_msgs/local/lib/python3.10/dist-packages/stm32_mavlink_msgs/msg/_robomaster_motor_config_s.c
[10.829s] -- Up-to-date: /home/a/ws_nhk/install/stm32_mavlink_msgs/local/lib/python3.10/dist-packages/stm32_mavlink_msgs/msg/_rs485_read_request_s.c
[10.830s] -- Up-to-date: /home/a/ws_nhk/install/stm32_mavlink_msgs/local/lib/python3.10/dist-packages/stm32_mavlink_msgs/msg/_limit_switch_status_s.c
[10.830s] -- Up-to-date: /home/a/ws_nhk/install/stm32_mavlink_msgs/local/lib/python3.10/dist-packages/stm32_mavlink_msgs/msg/_dc_motor_config.py
[10.830s] -- Up-to-date: /home/a/ws_nhk/install/stm32_mavlink_msgs/local/lib/python3.10/dist-packages/stm32_mavlink_msgs/msg/_dc_motor_state.py
[10.830s] -- Up-to-date: /home/a/ws_nhk/install/stm32_mavlink_msgs/local/lib/python3.10/dist-packages/stm32_mavlink_msgs/msg/_dc_motor_config_s.c
[10.830s] -- Up-to-date: /home/a/ws_nhk/install/stm32_mavlink_msgs/local/lib/python3.10/dist-packages/stm32_mavlink_msgs/msg/_robomaster_motor_state_s.c
[10.830s] -- Up-to-date: /home/a/ws_nhk/install/stm32_mavlink_msgs/local/lib/python3.10/dist-packages/stm32_mavlink_msgs/msg/_robomaster_motor_command_s.c
[10.831s] -- Up-to-date: /home/a/ws_nhk/install/stm32_mavlink_msgs/local/lib/python3.10/dist-packages/stm32_mavlink_msgs/msg/_solenoid_command_s.c
[10.831s] -- Up-to-date: /home/a/ws_nhk/install/stm32_mavlink_msgs/local/lib/python3.10/dist-packages/stm32_mavlink_msgs/msg/_encoder_config.py
[10.831s] -- Up-to-date: /home/a/ws_nhk/install/stm32_mavlink_msgs/local/lib/python3.10/dist-packages/stm32_mavlink_msgs/msg/_rs485_write_request.py
[10.831s] -- Up-to-date: /home/a/ws_nhk/install/stm32_mavlink_msgs/local/lib/python3.10/dist-packages/stm32_mavlink_msgs/msg/_dc_motor_command.py
[10.831s] -- Up-to-date: /home/a/ws_nhk/install/stm32_mavlink_msgs/local/lib/python3.10/dist-packages/stm32_mavlink_msgs/msg/_rs485_read_response_s.c
[10.831s] -- Up-to-date: /home/a/ws_nhk/install/stm32_mavlink_msgs/local/lib/python3.10/dist-packages/stm32_mavlink_msgs/msg/_limit_switch_status.py
[10.832s] -- Up-to-date: /home/a/ws_nhk/install/stm32_mavlink_msgs/local/lib/python3.10/dist-packages/stm32_mavlink_msgs/msg/__init__.py
[10.832s] -- Up-to-date: /home/a/ws_nhk/install/stm32_mavlink_msgs/local/lib/python3.10/dist-packages/stm32_mavlink_msgs/msg/_robomaster_motor_config.py
[10.832s] -- Up-to-date: /home/a/ws_nhk/install/stm32_mavlink_msgs/local/lib/python3.10/dist-packages/stm32_mavlink_msgs/msg/_wtt12_l_status.py
[10.832s] -- Up-to-date: /home/a/ws_nhk/install/stm32_mavlink_msgs/local/lib/python3.10/dist-packages/stm32_mavlink_msgs/msg/_rs485_motor_command.py
[10.832s] -- Up-to-date: /home/a/ws_nhk/install/stm32_mavlink_msgs/local/lib/python3.10/dist-packages/stm32_mavlink_msgs/msg/_rs485_flash_save_request_s.c
[10.832s] -- Up-to-date: /home/a/ws_nhk/install/stm32_mavlink_msgs/local/lib/python3.10/dist-packages/stm32_mavlink_msgs/msg/_dc_motor_state_s.c
[10.833s] -- Up-to-date: /home/a/ws_nhk/install/stm32_mavlink_msgs/local/lib/python3.10/dist-packages/stm32_mavlink_msgs/msg/_rs485_read_response.py
[10.833s] -- Up-to-date: /home/a/ws_nhk/install/stm32_mavlink_msgs/local/lib/python3.10/dist-packages/stm32_mavlink_msgs/msg/_servo_state.py
[10.833s] -- Up-to-date: /home/a/ws_nhk/install/stm32_mavlink_msgs/local/lib/python3.10/dist-packages/stm32_mavlink_msgs/msg/_wtt12_l_status_s.c
[10.833s] -- Up-to-date: /home/a/ws_nhk/install/stm32_mavlink_msgs/local/lib/python3.10/dist-packages/stm32_mavlink_msgs/msg/_rs485_motor_command_s.c
[10.833s] -- Up-to-date: /home/a/ws_nhk/install/stm32_mavlink_msgs/local/lib/python3.10/dist-packages/stm32_mavlink_msgs/msg/_rs485_write_response_s.c
[10.833s] -- Up-to-date: /home/a/ws_nhk/install/stm32_mavlink_msgs/local/lib/python3.10/dist-packages/stm32_mavlink_msgs/msg/_rs485_motor_config.py
[10.834s] -- Up-to-date: /home/a/ws_nhk/install/stm32_mavlink_msgs/local/lib/python3.10/dist-packages/stm32_mavlink_msgs/msg/_rs485_motor_state_s.c
[10.834s] -- Up-to-date: /home/a/ws_nhk/install/stm32_mavlink_msgs/local/lib/python3.10/dist-packages/stm32_mavlink_msgs/msg/_encoder_state.py
[10.834s] -- Up-to-date: /home/a/ws_nhk/install/stm32_mavlink_msgs/local/lib/python3.10/dist-packages/stm32_mavlink_msgs/msg/_rs485_read_request.py
[10.834s] -- Up-to-date: /home/a/ws_nhk/install/stm32_mavlink_msgs/local/lib/python3.10/dist-packages/stm32_mavlink_msgs/msg/_encoder_state_s.c
[10.834s] -- Up-to-date: /home/a/ws_nhk/install/stm32_mavlink_msgs/local/lib/python3.10/dist-packages/stm32_mavlink_msgs/msg/_encoder_config_s.c
[10.834s] -- Up-to-date: /home/a/ws_nhk/install/stm32_mavlink_msgs/local/lib/python3.10/dist-packages/stm32_mavlink_msgs/msg/_dc_motor_command_s.c
[10.835s] -- Up-to-date: /home/a/ws_nhk/install/stm32_mavlink_msgs/local/lib/python3.10/dist-packages/stm32_mavlink_msgs/msg/_robomaster_motor_command.py
[10.835s] -- Up-to-date: /home/a/ws_nhk/install/stm32_mavlink_msgs/local/lib/python3.10/dist-packages/stm32_mavlink_msgs/msg/_solenoid_command.py
[10.835s] -- Up-to-date: /home/a/ws_nhk/install/stm32_mavlink_msgs/local/lib/python3.10/dist-packages/stm32_mavlink_msgs/msg/_rs485_write_request_s.c
[10.835s] -- Up-to-date: /home/a/ws_nhk/install/stm32_mavlink_msgs/local/lib/python3.10/dist-packages/stm32_mavlink_msgs/msg/_solenoid_status_s.c
[10.835s] -- Up-to-date: /home/a/ws_nhk/install/stm32_mavlink_msgs/local/lib/python3.10/dist-packages/stm32_mavlink_msgs/msg/_solenoid_status.py
[10.835s] -- Up-to-date: /home/a/ws_nhk/install/stm32_mavlink_msgs/local/lib/python3.10/dist-packages/stm32_mavlink_msgs/_stm32_mavlink_msgs_s.ep.rosidl_typesupport_fastrtps_c.c
[10.836s] -- Up-to-date: /home/a/ws_nhk/install/stm32_mavlink_msgs/local/lib/python3.10/dist-packages/stm32_mavlink_msgs/stm32_mavlink_msgs_s__rosidl_typesupport_fastrtps_c.cpython-310-x86_64-linux-gnu.so
[10.836s] -- Up-to-date: /home/a/ws_nhk/install/stm32_mavlink_msgs/local/lib/python3.10/dist-packages/stm32_mavlink_msgs/stm32_mavlink_msgs_s__rosidl_typesupport_introspection_c.cpython-310-x86_64-linux-gnu.so
[10.836s] -- Installing: /home/a/ws_nhk/install/stm32_mavlink_msgs/local/lib/python3.10/dist-packages/stm32_mavlink_msgs/__init__.py
[10.836s] -- Up-to-date: /home/a/ws_nhk/install/stm32_mavlink_msgs/local/lib/python3.10/dist-packages/stm32_mavlink_msgs/_stm32_mavlink_msgs_s.ep.rosidl_typesupport_c.c
[10.836s] -- Up-to-date: /home/a/ws_nhk/install/stm32_mavlink_msgs/local/lib/python3.10/dist-packages/stm32_mavlink_msgs/srv
[10.836s] -- Up-to-date: /home/a/ws_nhk/install/stm32_mavlink_msgs/local/lib/python3.10/dist-packages/stm32_mavlink_msgs/srv/_flash_save_rs485_s.c
[10.837s] -- Up-to-date: /home/a/ws_nhk/install/stm32_mavlink_msgs/local/lib/python3.10/dist-packages/stm32_mavlink_msgs/srv/_read_rs485_param_s.c
[10.837s] -- Up-to-date: /home/a/ws_nhk/install/stm32_mavlink_msgs/local/lib/python3.10/dist-packages/stm32_mavlink_msgs/srv/_read_rs485_param.py
[10.837s] -- Up-to-date: /home/a/ws_nhk/install/stm32_mavlink_msgs/local/lib/python3.10/dist-packages/stm32_mavlink_msgs/srv/_set_dc_motor_config_s.c
[10.838s] -- Up-to-date: /home/a/ws_nhk/install/stm32_mavlink_msgs/local/lib/python3.10/dist-packages/stm32_mavlink_msgs/srv/_set_encoder_config.py
[10.838s] -- Up-to-date: /home/a/ws_nhk/install/stm32_mavlink_msgs/local/lib/python3.10/dist-packages/stm32_mavlink_msgs/srv/_set_servo_config.py
[10.839s] -- Up-to-date: /home/a/ws_nhk/install/stm32_mavlink_msgs/local/lib/python3.10/dist-packages/stm32_mavlink_msgs/srv/_get_robomaster_motor_config.py
[10.839s] -- Up-to-date: /home/a/ws_nhk/install/stm32_mavlink_msgs/local/lib/python3.10/dist-packages/stm32_mavlink_msgs/srv/_set_robomaster_motor_config.py
[10.840s] -- Up-to-date: /home/a/ws_nhk/install/stm32_mavlink_msgs/local/lib/python3.10/dist-packages/stm32_mavlink_msgs/srv/_get_robomaster_motor_config_s.c
[10.840s] -- Up-to-date: /home/a/ws_nhk/install/stm32_mavlink_msgs/local/lib/python3.10/dist-packages/stm32_mavlink_msgs/srv/_set_robomaster_motor_config_s.c
[10.840s] -- Up-to-date: /home/a/ws_nhk/install/stm32_mavlink_msgs/local/lib/python3.10/dist-packages/stm32_mavlink_msgs/srv/_write_rs485_param_s.c
[10.840s] -- Up-to-date: /home/a/ws_nhk/install/stm32_mavlink_msgs/local/lib/python3.10/dist-packages/stm32_mavlink_msgs/srv/_write_rs485_param.py
[10.841s] -- Up-to-date: /home/a/ws_nhk/install/stm32_mavlink_msgs/local/lib/python3.10/dist-packages/stm32_mavlink_msgs/srv/__init__.py
[10.841s] -- Up-to-date: /home/a/ws_nhk/install/stm32_mavlink_msgs/local/lib/python3.10/dist-packages/stm32_mavlink_msgs/srv/_get_dc_motor_config_s.c
[10.841s] -- Up-to-date: /home/a/ws_nhk/install/stm32_mavlink_msgs/local/lib/python3.10/dist-packages/stm32_mavlink_msgs/srv/_flash_save_rs485.py
[10.842s] -- Up-to-date: /home/a/ws_nhk/install/stm32_mavlink_msgs/local/lib/python3.10/dist-packages/stm32_mavlink_msgs/srv/_get_dc_motor_config.py
[10.842s] -- Up-to-date: /home/a/ws_nhk/install/stm32_mavlink_msgs/local/lib/python3.10/dist-packages/stm32_mavlink_msgs/srv/_set_servo_config_s.c
[10.842s] -- Up-to-date: /home/a/ws_nhk/install/stm32_mavlink_msgs/local/lib/python3.10/dist-packages/stm32_mavlink_msgs/srv/_set_dc_motor_config.py
[10.843s] -- Up-to-date: /home/a/ws_nhk/install/stm32_mavlink_msgs/local/lib/python3.10/dist-packages/stm32_mavlink_msgs/srv/_set_encoder_config_s.c
[10.935s] Listing '/home/a/ws_nhk/install/stm32_mavlink_msgs/local/lib/python3.10/dist-packages/stm32_mavlink_msgs'...
[10.936s] Compiling '/home/a/ws_nhk/install/stm32_mavlink_msgs/local/lib/python3.10/dist-packages/stm32_mavlink_msgs/__init__.py'...
[10.936s] Listing '/home/a/ws_nhk/install/stm32_mavlink_msgs/local/lib/python3.10/dist-packages/stm32_mavlink_msgs/msg'...
[10.936s] Listing '/home/a/ws_nhk/install/stm32_mavlink_msgs/local/lib/python3.10/dist-packages/stm32_mavlink_msgs/srv'...
[10.950s] -- Up-to-date: /home/a/ws_nhk/install/stm32_mavlink_msgs/local/lib/python3.10/dist-packages/stm32_mavlink_msgs/stm32_mavlink_msgs_s__rosidl_typesupport_fastrtps_c.cpython-310-x86_64-linux-gnu.so
[10.952s] -- Up-to-date: /home/a/ws_nhk/install/stm32_mavlink_msgs/local/lib/python3.10/dist-packages/stm32_mavlink_msgs/stm32_mavlink_msgs_s__rosidl_typesupport_introspection_c.cpython-310-x86_64-linux-gnu.so
[10.958s] -- Up-to-date: /home/a/ws_nhk/install/stm32_mavlink_msgs/local/lib/python3.10/dist-packages/stm32_mavlink_msgs/stm32_mavlink_msgs_s__rosidl_typesupport_c.cpython-310-x86_64-linux-gnu.so
[10.958s] -- Up-to-date: /home/a/ws_nhk/install/stm32_mavlink_msgs/lib/libstm32_mavlink_msgs__rosidl_generator_py.so
[10.959s] -- Up-to-date: /home/a/ws_nhk/install/stm32_mavlink_msgs/share/stm32_mavlink_msgs/msg/ServoCommand.idl
[10.959s] -- Up-to-date: /home/a/ws_nhk/install/stm32_mavlink_msgs/share/stm32_mavlink_msgs/msg/ServoState.idl
[10.959s] -- Up-to-date: /home/a/ws_nhk/install/stm32_mavlink_msgs/share/stm32_mavlink_msgs/msg/EncoderState.idl
[10.959s] -- Up-to-date: /home/a/ws_nhk/install/stm32_mavlink_msgs/share/stm32_mavlink_msgs/msg/EncoderConfig.idl
[10.959s] -- Up-to-date: /home/a/ws_nhk/install/stm32_mavlink_msgs/share/stm32_mavlink_msgs/msg/RobomasterMotorCommand.idl
[10.960s] -- Up-to-date: /home/a/ws_nhk/install/stm32_mavlink_msgs/share/stm32_mavlink_msgs/msg/RobomasterMotorState.idl
[10.960s] -- Up-to-date: /home/a/ws_nhk/install/stm32_mavlink_msgs/share/stm32_mavlink_msgs/msg/RobomasterMotorConfig.idl
[10.960s] -- Up-to-date: /home/a/ws_nhk/install/stm32_mavlink_msgs/share/stm32_mavlink_msgs/msg/DCMotorCommand.idl
[10.960s] -- Up-to-date: /home/a/ws_nhk/install/stm32_mavlink_msgs/share/stm32_mavlink_msgs/msg/DCMotorState.idl
[10.960s] -- Up-to-date: /home/a/ws_nhk/install/stm32_mavlink_msgs/share/stm32_mavlink_msgs/msg/DCMotorConfig.idl
[10.960s] -- Up-to-date: /home/a/ws_nhk/install/stm32_mavlink_msgs/share/stm32_mavlink_msgs/msg/RS485MotorCommand.idl
[10.961s] -- Up-to-date: /home/a/ws_nhk/install/stm32_mavlink_msgs/share/stm32_mavlink_msgs/msg/RS485MotorState.idl
[10.961s] -- Up-to-date: /home/a/ws_nhk/install/stm32_mavlink_msgs/share/stm32_mavlink_msgs/msg/RS485MotorConfig.idl
[10.965s] -- Up-to-date: /home/a/ws_nhk/install/stm32_mavlink_msgs/share/stm32_mavlink_msgs/msg/RS485ReadRequest.idl
[10.968s] -- Up-to-date: /home/a/ws_nhk/install/stm32_mavlink_msgs/share/stm32_mavlink_msgs/msg/RS485ReadResponse.idl
[10.976s] -- Up-to-date: /home/a/ws_nhk/install/stm32_mavlink_msgs/share/stm32_mavlink_msgs/msg/RS485WriteRequest.idl
[10.980s] -- Up-to-date: /home/a/ws_nhk/install/stm32_mavlink_msgs/share/stm32_mavlink_msgs/msg/RS485WriteResponse.idl
[10.983s] -- Up-to-date: /home/a/ws_nhk/install/stm32_mavlink_msgs/share/stm32_mavlink_msgs/msg/RS485FlashSaveRequest.idl
[10.985s] -- Up-to-date: /home/a/ws_nhk/install/stm32_mavlink_msgs/share/stm32_mavlink_msgs/msg/LimitSwitchStatus.idl
[10.988s] -- Up-to-date: /home/a/ws_nhk/install/stm32_mavlink_msgs/share/stm32_mavlink_msgs/msg/WTT12LStatus.idl
[10.989s] -- Up-to-date: /home/a/ws_nhk/install/stm32_mavlink_msgs/share/stm32_mavlink_msgs/msg/SolenoidCommand.idl
[10.990s] -- Up-to-date: /home/a/ws_nhk/install/stm32_mavlink_msgs/share/stm32_mavlink_msgs/msg/SolenoidStatus.idl
[10.990s] -- Up-to-date: /home/a/ws_nhk/install/stm32_mavlink_msgs/share/stm32_mavlink_msgs/srv/SetServoConfig.idl
[10.991s] -- Up-to-date: /home/a/ws_nhk/install/stm32_mavlink_msgs/share/stm32_mavlink_msgs/srv/SetEncoderConfig.idl
[10.991s] -- Up-to-date: /home/a/ws_nhk/install/stm32_mavlink_msgs/share/stm32_mavlink_msgs/srv/SetRobomasterMotorConfig.idl
[10.991s] -- Up-to-date: /home/a/ws_nhk/install/stm32_mavlink_msgs/share/stm32_mavlink_msgs/srv/GetRobomasterMotorConfig.idl
[10.991s] -- Up-to-date: /home/a/ws_nhk/install/stm32_mavlink_msgs/share/stm32_mavlink_msgs/srv/SetDCMotorConfig.idl
[10.992s] -- Up-to-date: /home/a/ws_nhk/install/stm32_mavlink_msgs/share/stm32_mavlink_msgs/srv/GetDCMotorConfig.idl
[10.992s] -- Up-to-date: /home/a/ws_nhk/install/stm32_mavlink_msgs/share/stm32_mavlink_msgs/srv/ReadRS485Param.idl
[10.992s] -- Up-to-date: /home/a/ws_nhk/install/stm32_mavlink_msgs/share/stm32_mavlink_msgs/srv/WriteRS485Param.idl
[10.992s] -- Up-to-date: /home/a/ws_nhk/install/stm32_mavlink_msgs/share/stm32_mavlink_msgs/srv/FlashSaveRS485.idl
[10.993s] -- Up-to-date: /home/a/ws_nhk/install/stm32_mavlink_msgs/share/stm32_mavlink_msgs/msg/ServoCommand.msg
[10.993s] -- Up-to-date: /home/a/ws_nhk/install/stm32_mavlink_msgs/share/stm32_mavlink_msgs/msg/ServoState.msg
[10.994s] -- Up-to-date: /home/a/ws_nhk/install/stm32_mavlink_msgs/share/stm32_mavlink_msgs/msg/EncoderState.msg
[10.995s] -- Up-to-date: /home/a/ws_nhk/install/stm32_mavlink_msgs/share/stm32_mavlink_msgs/msg/EncoderConfig.msg
[10.996s] -- Up-to-date: /home/a/ws_nhk/install/stm32_mavlink_msgs/share/stm32_mavlink_msgs/msg/RobomasterMotorCommand.msg
[10.996s] -- Up-to-date: /home/a/ws_nhk/install/stm32_mavlink_msgs/share/stm32_mavlink_msgs/msg/RobomasterMotorState.msg
[10.996s] -- Up-to-date: /home/a/ws_nhk/install/stm32_mavlink_msgs/share/stm32_mavlink_msgs/msg/RobomasterMotorConfig.msg
[10.997s] -- Up-to-date: /home/a/ws_nhk/install/stm32_mavlink_msgs/share/stm32_mavlink_msgs/msg/DCMotorCommand.msg
[10.997s] -- Up-to-date: /home/a/ws_nhk/install/stm32_mavlink_msgs/share/stm32_mavlink_msgs/msg/DCMotorState.msg
[10.997s] -- Up-to-date: /home/a/ws_nhk/install/stm32_mavlink_msgs/share/stm32_mavlink_msgs/msg/DCMotorConfig.msg
[10.997s] -- Up-to-date: /home/a/ws_nhk/install/stm32_mavlink_msgs/share/stm32_mavlink_msgs/msg/RS485MotorCommand.msg
[10.998s] -- Up-to-date: /home/a/ws_nhk/install/stm32_mavlink_msgs/share/stm32_mavlink_msgs/msg/RS485MotorState.msg
[10.998s] -- Up-to-date: /home/a/ws_nhk/install/stm32_mavlink_msgs/share/stm32_mavlink_msgs/msg/RS485MotorConfig.msg
[10.999s] -- Up-to-date: /home/a/ws_nhk/install/stm32_mavlink_msgs/share/stm32_mavlink_msgs/msg/RS485ReadRequest.msg
[10.999s] -- Up-to-date: /home/a/ws_nhk/install/stm32_mavlink_msgs/share/stm32_mavlink_msgs/msg/RS485ReadResponse.msg
[11.000s] -- Up-to-date: /home/a/ws_nhk/install/stm32_mavlink_msgs/share/stm32_mavlink_msgs/msg/RS485WriteRequest.msg
[11.000s] -- Up-to-date: /home/a/ws_nhk/install/stm32_mavlink_msgs/share/stm32_mavlink_msgs/msg/RS485WriteResponse.msg
[11.000s] -- Up-to-date: /home/a/ws_nhk/install/stm32_mavlink_msgs/share/stm32_mavlink_msgs/msg/RS485FlashSaveRequest.msg
[11.000s] -- Up-to-date: /home/a/ws_nhk/install/stm32_mavlink_msgs/share/stm32_mavlink_msgs/msg/LimitSwitchStatus.msg
[11.001s] -- Up-to-date: /home/a/ws_nhk/install/stm32_mavlink_msgs/share/stm32_mavlink_msgs/msg/WTT12LStatus.msg
[11.001s] -- Up-to-date: /home/a/ws_nhk/install/stm32_mavlink_msgs/share/stm32_mavlink_msgs/msg/SolenoidCommand.msg
[11.001s] -- Up-to-date: /home/a/ws_nhk/install/stm32_mavlink_msgs/share/stm32_mavlink_msgs/msg/SolenoidStatus.msg
[11.001s] -- Up-to-date: /home/a/ws_nhk/install/stm32_mavlink_msgs/share/stm32_mavlink_msgs/srv/SetServoConfig.srv
[11.001s] -- Up-to-date: /home/a/ws_nhk/install/stm32_mavlink_msgs/share/stm32_mavlink_msgs/srv/SetServoConfig_Request.msg
[11.002s] -- Up-to-date: /home/a/ws_nhk/install/stm32_mavlink_msgs/share/stm32_mavlink_msgs/srv/SetServoConfig_Response.msg
[11.002s] -- Up-to-date: /home/a/ws_nhk/install/stm32_mavlink_msgs/share/stm32_mavlink_msgs/srv/SetEncoderConfig.srv
[11.002s] -- Up-to-date: /home/a/ws_nhk/install/stm32_mavlink_msgs/share/stm32_mavlink_msgs/srv/SetEncoderConfig_Request.msg
[11.002s] -- Up-to-date: /home/a/ws_nhk/install/stm32_mavlink_msgs/share/stm32_mavlink_msgs/srv/SetEncoderConfig_Response.msg
[11.003s] -- Up-to-date: /home/a/ws_nhk/install/stm32_mavlink_msgs/share/stm32_mavlink_msgs/srv/SetRobomasterMotorConfig.srv
[11.003s] -- Up-to-date: /home/a/ws_nhk/install/stm32_mavlink_msgs/share/stm32_mavlink_msgs/srv/SetRobomasterMotorConfig_Request.msg
[11.003s] -- Up-to-date: /home/a/ws_nhk/install/stm32_mavlink_msgs/share/stm32_mavlink_msgs/srv/SetRobomasterMotorConfig_Response.msg
[11.004s] -- Up-to-date: /home/a/ws_nhk/install/stm32_mavlink_msgs/share/stm32_mavlink_msgs/srv/GetRobomasterMotorConfig.srv
[11.004s] -- Up-to-date: /home/a/ws_nhk/install/stm32_mavlink_msgs/share/stm32_mavlink_msgs/srv/GetRobomasterMotorConfig_Request.msg
[11.004s] -- Up-to-date: /home/a/ws_nhk/install/stm32_mavlink_msgs/share/stm32_mavlink_msgs/srv/GetRobomasterMotorConfig_Response.msg
[11.004s] -- Up-to-date: /home/a/ws_nhk/install/stm32_mavlink_msgs/share/stm32_mavlink_msgs/srv/SetDCMotorConfig.srv
[11.004s] -- Up-to-date: /home/a/ws_nhk/install/stm32_mavlink_msgs/share/stm32_mavlink_msgs/srv/SetDCMotorConfig_Request.msg
[11.005s] -- Up-to-date: /home/a/ws_nhk/install/stm32_mavlink_msgs/share/stm32_mavlink_msgs/srv/SetDCMotorConfig_Response.msg
[11.007s] -- Up-to-date: /home/a/ws_nhk/install/stm32_mavlink_msgs/share/stm32_mavlink_msgs/srv/GetDCMotorConfig.srv
[11.007s] -- Up-to-date: /home/a/ws_nhk/install/stm32_mavlink_msgs/share/stm32_mavlink_msgs/srv/GetDCMotorConfig_Request.msg
[11.008s] -- Up-to-date: /home/a/ws_nhk/install/stm32_mavlink_msgs/share/stm32_mavlink_msgs/srv/GetDCMotorConfig_Response.msg
[11.008s] -- Up-to-date: /home/a/ws_nhk/install/stm32_mavlink_msgs/share/stm32_mavlink_msgs/srv/ReadRS485Param.srv
[11.008s] -- Up-to-date: /home/a/ws_nhk/install/stm32_mavlink_msgs/share/stm32_mavlink_msgs/srv/ReadRS485Param_Request.msg
[11.009s] -- Up-to-date: /home/a/ws_nhk/install/stm32_mavlink_msgs/share/stm32_mavlink_msgs/srv/ReadRS485Param_Response.msg
[11.009s] -- Up-to-date: /home/a/ws_nhk/install/stm32_mavlink_msgs/share/stm32_mavlink_msgs/srv/WriteRS485Param.srv
[11.009s] -- Up-to-date: /home/a/ws_nhk/install/stm32_mavlink_msgs/share/stm32_mavlink_msgs/srv/WriteRS485Param_Request.msg
[11.009s] -- Up-to-date: /home/a/ws_nhk/install/stm32_mavlink_msgs/share/stm32_mavlink_msgs/srv/WriteRS485Param_Response.msg
[11.010s] -- Up-to-date: /home/a/ws_nhk/install/stm32_mavlink_msgs/share/stm32_mavlink_msgs/srv/FlashSaveRS485.srv
[11.010s] -- Up-to-date: /home/a/ws_nhk/install/stm32_mavlink_msgs/share/stm32_mavlink_msgs/srv/FlashSaveRS485_Request.msg
[11.010s] -- Up-to-date: /home/a/ws_nhk/install/stm32_mavlink_msgs/share/stm32_mavlink_msgs/srv/FlashSaveRS485_Response.msg
[11.010s] -- Up-to-date: /home/a/ws_nhk/install/stm32_mavlink_msgs/share/ament_index/resource_index/package_run_dependencies/stm32_mavlink_msgs
[11.011s] -- Installing: /home/a/ws_nhk/install/stm32_mavlink_msgs/share/ament_index/resource_index/parent_prefix_path/stm32_mavlink_msgs
[11.011s] -- Up-to-date: /home/a/ws_nhk/install/stm32_mavlink_msgs/share/stm32_mavlink_msgs/environment/ament_prefix_path.sh
[11.011s] -- Installing: /home/a/ws_nhk/install/stm32_mavlink_msgs/share/stm32_mavlink_msgs/environment/ament_prefix_path.dsv
[11.012s] -- Up-to-date: /home/a/ws_nhk/install/stm32_mavlink_msgs/share/stm32_mavlink_msgs/environment/path.sh
[11.016s] -- Installing: /home/a/ws_nhk/install/stm32_mavlink_msgs/share/stm32_mavlink_msgs/environment/path.dsv
[11.021s] -- Up-to-date: /home/a/ws_nhk/install/stm32_mavlink_msgs/share/stm32_mavlink_msgs/local_setup.bash
[11.021s] -- Up-to-date: /home/a/ws_nhk/install/stm32_mavlink_msgs/share/stm32_mavlink_msgs/local_setup.sh
[11.021s] -- Up-to-date: /home/a/ws_nhk/install/stm32_mavlink_msgs/share/stm32_mavlink_msgs/local_setup.zsh
[11.022s] -- Installing: /home/a/ws_nhk/install/stm32_mavlink_msgs/share/stm32_mavlink_msgs/local_setup.dsv
[11.022s] -- Installing: /home/a/ws_nhk/install/stm32_mavlink_msgs/share/stm32_mavlink_msgs/package.dsv
[11.022s] -- Up-to-date: /home/a/ws_nhk/install/stm32_mavlink_msgs/share/ament_index/resource_index/packages/stm32_mavlink_msgs
[11.023s] -- Up-to-date: /home/a/ws_nhk/install/stm32_mavlink_msgs/share/stm32_mavlink_msgs/cmake/export_stm32_mavlink_msgs__rosidl_generator_cExport.cmake
[11.023s] -- Up-to-date: /home/a/ws_nhk/install/stm32_mavlink_msgs/share/stm32_mavlink_msgs/cmake/export_stm32_mavlink_msgs__rosidl_generator_cExport-release.cmake
[11.024s] -- Up-to-date: /home/a/ws_nhk/install/stm32_mavlink_msgs/share/stm32_mavlink_msgs/cmake/export_stm32_mavlink_msgs__rosidl_typesupport_fastrtps_cExport.cmake
[11.024s] -- Up-to-date: /home/a/ws_nhk/install/stm32_mavlink_msgs/share/stm32_mavlink_msgs/cmake/export_stm32_mavlink_msgs__rosidl_typesupport_fastrtps_cExport-release.cmake
[11.025s] -- Up-to-date: /home/a/ws_nhk/install/stm32_mavlink_msgs/share/stm32_mavlink_msgs/cmake/stm32_mavlink_msgs__rosidl_typesupport_introspection_cExport.cmake
[11.025s] -- Up-to-date: /home/a/ws_nhk/install/stm32_mavlink_msgs/share/stm32_mavlink_msgs/cmake/stm32_mavlink_msgs__rosidl_typesupport_introspection_cExport-release.cmake
[11.025s] -- Up-to-date: /home/a/ws_nhk/install/stm32_mavlink_msgs/share/stm32_mavlink_msgs/cmake/stm32_mavlink_msgs__rosidl_typesupport_cExport.cmake
[11.025s] -- Up-to-date: /home/a/ws_nhk/install/stm32_mavlink_msgs/share/stm32_mavlink_msgs/cmake/stm32_mavlink_msgs__rosidl_typesupport_cExport-release.cmake
[11.026s] -- Up-to-date: /home/a/ws_nhk/install/stm32_mavlink_msgs/share/stm32_mavlink_msgs/cmake/export_stm32_mavlink_msgs__rosidl_generator_cppExport.cmake
[11.026s] -- Up-to-date: /home/a/ws_nhk/install/stm32_mavlink_msgs/share/stm32_mavlink_msgs/cmake/export_stm32_mavlink_msgs__rosidl_typesupport_fastrtps_cppExport.cmake
[11.026s] -- Up-to-date: /home/a/ws_nhk/install/stm32_mavlink_msgs/share/stm32_mavlink_msgs/cmake/export_stm32_mavlink_msgs__rosidl_typesupport_fastrtps_cppExport-release.cmake
[11.027s] -- Up-to-date: /home/a/ws_nhk/install/stm32_mavlink_msgs/share/stm32_mavlink_msgs/cmake/stm32_mavlink_msgs__rosidl_typesupport_introspection_cppExport.cmake
[11.027s] -- Up-to-date: /home/a/ws_nhk/install/stm32_mavlink_msgs/share/stm32_mavlink_msgs/cmake/stm32_mavlink_msgs__rosidl_typesupport_introspection_cppExport-release.cmake
[11.028s] -- Up-to-date: /home/a/ws_nhk/install/stm32_mavlink_msgs/share/stm32_mavlink_msgs/cmake/stm32_mavlink_msgs__rosidl_typesupport_cppExport.cmake
[11.029s] -- Up-to-date: /home/a/ws_nhk/install/stm32_mavlink_msgs/share/stm32_mavlink_msgs/cmake/stm32_mavlink_msgs__rosidl_typesupport_cppExport-release.cmake
[11.029s] -- Up-to-date: /home/a/ws_nhk/install/stm32_mavlink_msgs/share/stm32_mavlink_msgs/cmake/export_stm32_mavlink_msgs__rosidl_generator_pyExport.cmake
[11.029s] -- Up-to-date: /home/a/ws_nhk/install/stm32_mavlink_msgs/share/stm32_mavlink_msgs/cmake/export_stm32_mavlink_msgs__rosidl_generator_pyExport-release.cmake
[11.030s] -- Up-to-date: /home/a/ws_nhk/install/stm32_mavlink_msgs/share/stm32_mavlink_msgs/cmake/rosidl_cmake-extras.cmake
[11.030s] -- Up-to-date: /home/a/ws_nhk/install/stm32_mavlink_msgs/share/stm32_mavlink_msgs/cmake/ament_cmake_export_dependencies-extras.cmake
[11.030s] -- Up-to-date: /home/a/ws_nhk/install/stm32_mavlink_msgs/share/stm32_mavlink_msgs/cmake/ament_cmake_export_include_directories-extras.cmake
[11.031s] -- Up-to-date: /home/a/ws_nhk/install/stm32_mavlink_msgs/share/stm32_mavlink_msgs/cmake/ament_cmake_export_libraries-extras.cmake
[11.031s] -- Up-to-date: /home/a/ws_nhk/install/stm32_mavlink_msgs/share/stm32_mavlink_msgs/cmake/ament_cmake_export_targets-extras.cmake
[11.032s] -- Up-to-date: /home/a/ws_nhk/install/stm32_mavlink_msgs/share/stm32_mavlink_msgs/cmake/rosidl_cmake_export_typesupport_targets-extras.cmake
[11.032s] -- Up-to-date: /home/a/ws_nhk/install/stm32_mavlink_msgs/share/stm32_mavlink_msgs/cmake/rosidl_cmake_export_typesupport_libraries-extras.cmake
[11.033s] -- Up-to-date: /home/a/ws_nhk/install/stm32_mavlink_msgs/share/stm32_mavlink_msgs/cmake/stm32_mavlink_msgsConfig.cmake
[11.033s] -- Up-to-date: /home/a/ws_nhk/install/stm32_mavlink_msgs/share/stm32_mavlink_msgs/cmake/stm32_mavlink_msgsConfig-version.cmake
[11.034s] -- Up-to-date: /home/a/ws_nhk/install/stm32_mavlink_msgs/share/stm32_mavlink_msgs/package.xml
[11.081s] Invoked command in '/home/a/ws_nhk/build/stm32_mavlink_msgs' returned '0': CMAKE_PREFIX_PATH=${CMAKE_PREFIX_PATH}:/home/a/ws_nhk/install/ikeyaMD_wizard:/home/a/ws_nhk/install/moveit_configs_utils:/home/a/ws_nhk/install/rogidrive:/home/a/ws_nhk/install/launch_param_builder:/home/a/ws_nhk/install/dynamixel_controller_gui:/home/a/ws_nhk/install/dynamixel_controller_client:/opt/ros/humble /usr/bin/cmake --install /home/a/ws_nhk/build/stm32_mavlink_msgs
