[0.077s] [34mcolcon[0m [1;30mDEBUG[0m [32mCommand line arguments: ['/usr/bin/colcon', 'build', '--packages-select', 'stm32_mavlink_udp', 'stm32_mavlink_msgs', 'ikeyaMD_wizard', 'stm32_mavlink_uart'][0m
[0.077s] [34mcolcon[0m [1;30mDEBUG[0m [32mParsed command line arguments: Namespace(log_base=None, log_level=None, verb_name='build', build_base='build', install_base='install', merge_install=False, symlink_install=False, test_result_base=None, continue_on_error=False, executor='parallel', parallel_workers=22, event_handlers=None, ignore_user_meta=False, metas=['./colcon.meta'], base_paths=['.'], packages_ignore=None, packages_ignore_regex=None, paths=None, packages_up_to=None, packages_up_to_regex=None, packages_above=None, packages_above_and_dependencies=None, packages_above_depth=None, packages_select_by_dep=None, packages_skip_by_dep=None, packages_skip_up_to=None, packages_select_build_failed=False, packages_skip_build_finished=False, packages_select_test_failures=False, packages_skip_test_passed=False, packages_select=['stm32_mavlink_udp', 'stm32_mavlink_msgs', 'ikeyaMD_wizard', 'stm32_mavlink_uart'], packages_skip=None, packages_select_regex=None, packages_skip_regex=None, packages_start=None, packages_end=None, allow_overriding=[], cmake_args=None, cmake_target=None, cmake_target_skip_unavailable=False, cmake_clean_cache=False, cmake_clean_first=False, cmake_force_configure=False, ament_cmake_args=None, catkin_cmake_args=None, catkin_skip_building_tests=False, mixin_files=None, mixin=None, verb_parser=<colcon_mixin.mixin.mixin_argument.MixinArgumentDecorator object at 0x134a9f67d360>, verb_extension=<colcon_core.verb.build.BuildVerb object at 0x134a9f67ce50>, main=<bound method BuildVerb.main of <colcon_core.verb.build.BuildVerb object at 0x134a9f67ce50>>, mixin_verb=('build',))[0m
[0.198s] [34mcolcon.colcon_core.package_discovery[0m [1;30mLevel 1[0m discover_packages(colcon_meta) check parameters
[0.198s] [34mcolcon.colcon_core.package_discovery[0m [1;30mLevel 1[0m discover_packages(recursive) check parameters
[0.198s] [34mcolcon.colcon_core.package_discovery[0m [1;30mLevel 1[0m discover_packages(ignore) check parameters
[0.198s] [34mcolcon.colcon_core.package_discovery[0m [1;30mLevel 1[0m discover_packages(path) check parameters
[0.198s] [34mcolcon.colcon_core.package_discovery[0m [1;30mLevel 1[0m discover_packages(colcon_meta) discover
[0.198s] [34mcolcon.colcon_core.package_discovery[0m [1;30mLevel 1[0m discover_packages(recursive) discover
[0.198s] [34mcolcon.colcon_core.package_discovery[0m [1;30mINFO[0m Crawling recursively for packages in '/home/a/ws_nhk'
[0.198s] [34mcolcon.colcon_core.package_identification[0m [1;30mLevel 1[0m _identify(.) by extensions ['ignore', 'ignore_ament_install']
[0.198s] [34mcolcon.colcon_core.package_identification[0m [1;30mLevel 1[0m _identify(.) by extension 'ignore'
[0.198s] [34mcolcon.colcon_core.package_identification[0m [1;30mLevel 1[0m _identify(.) by extension 'ignore_ament_install'
[0.198s] [34mcolcon.colcon_core.package_identification[0m [1;30mLevel 1[0m _identify(.) by extensions ['colcon_pkg']
[0.198s] [34mcolcon.colcon_core.package_identification[0m [1;30mLevel 1[0m _identify(.) by extension 'colcon_pkg'
[0.198s] [34mcolcon.colcon_core.package_identification[0m [1;30mLevel 1[0m _identify(.) by extensions ['colcon_meta']
[0.198s] [34mcolcon.colcon_core.package_identification[0m [1;30mLevel 1[0m _identify(.) by extension 'colcon_meta'
[0.198s] [34mcolcon.colcon_core.package_identification[0m [1;30mLevel 1[0m _identify(.) by extensions ['ros']
[0.198s] [34mcolcon.colcon_core.package_identification[0m [1;30mLevel 1[0m _identify(.) by extension 'ros'
[0.205s] [34mcolcon.colcon_core.package_identification[0m [1;30mLevel 1[0m _identify(.) by extensions ['cmake', 'python']
[0.205s] [34mcolcon.colcon_core.package_identification[0m [1;30mLevel 1[0m _identify(.) by extension 'cmake'
[0.205s] [34mcolcon.colcon_core.package_identification[0m [1;30mLevel 1[0m _identify(.) by extension 'python'
[0.205s] [34mcolcon.colcon_core.package_identification[0m [1;30mLevel 1[0m _identify(.) by extensions ['python_setup_py']
[0.205s] [34mcolcon.colcon_core.package_identification[0m [1;30mLevel 1[0m _identify(.) by extension 'python_setup_py'
[0.205s] [34mcolcon.colcon_core.package_identification[0m [1;30mLevel 1[0m _identify(build) by extensions ['ignore', 'ignore_ament_install']
[0.205s] [34mcolcon.colcon_core.package_identification[0m [1;30mLevel 1[0m _identify(build) by extension 'ignore'
[0.205s] [34mcolcon.colcon_core.package_identification[0m [1;30mLevel 1[0m _identify(build) ignored
[0.205s] [34mcolcon.colcon_core.package_identification[0m [1;30mLevel 1[0m _identify(install) by extensions ['ignore', 'ignore_ament_install']
[0.205s] [34mcolcon.colcon_core.package_identification[0m [1;30mLevel 1[0m _identify(install) by extension 'ignore'
[0.205s] [34mcolcon.colcon_core.package_identification[0m [1;30mLevel 1[0m _identify(install) ignored
[0.205s] [34mcolcon.colcon_core.package_identification[0m [1;30mLevel 1[0m _identify(log) by extensions ['ignore', 'ignore_ament_install']
[0.205s] [34mcolcon.colcon_core.package_identification[0m [1;30mLevel 1[0m _identify(log) by extension 'ignore'
[0.205s] [34mcolcon.colcon_core.package_identification[0m [1;30mLevel 1[0m _identify(log) ignored
[0.205s] [34mcolcon.colcon_core.package_identification[0m [1;30mLevel 1[0m _identify(src) by extensions ['ignore', 'ignore_ament_install']
[0.205s] [34mcolcon.colcon_core.package_identification[0m [1;30mLevel 1[0m _identify(src) by extension 'ignore'
[0.205s] [34mcolcon.colcon_core.package_identification[0m [1;30mLevel 1[0m _identify(src) by extension 'ignore_ament_install'
[0.205s] [34mcolcon.colcon_core.package_identification[0m [1;30mLevel 1[0m _identify(src) by extensions ['colcon_pkg']
[0.205s] [34mcolcon.colcon_core.package_identification[0m [1;30mLevel 1[0m _identify(src) by extension 'colcon_pkg'
[0.205s] [34mcolcon.colcon_core.package_identification[0m [1;30mLevel 1[0m _identify(src) by extensions ['colcon_meta']
[0.205s] [34mcolcon.colcon_core.package_identification[0m [1;30mLevel 1[0m _identify(src) by extension 'colcon_meta'
[0.205s] [34mcolcon.colcon_core.package_identification[0m [1;30mLevel 1[0m _identify(src) by extensions ['ros']
[0.205s] [34mcolcon.colcon_core.package_identification[0m [1;30mLevel 1[0m _identify(src) by extension 'ros'
[0.206s] [34mcolcon.colcon_core.package_identification[0m [1;30mLevel 1[0m _identify(src) by extensions ['cmake', 'python']
[0.206s] [34mcolcon.colcon_core.package_identification[0m [1;30mLevel 1[0m _identify(src) by extension 'cmake'
[0.206s] [34mcolcon.colcon_core.package_identification[0m [1;30mLevel 1[0m _identify(src) by extension 'python'
[0.206s] [34mcolcon.colcon_core.package_identification[0m [1;30mLevel 1[0m _identify(src) by extensions ['python_setup_py']
[0.206s] [34mcolcon.colcon_core.package_identification[0m [1;30mLevel 1[0m _identify(src) by extension 'python_setup_py'
[0.206s] [34mcolcon.colcon_core.package_identification[0m [1;30mLevel 1[0m _identify(src/MAVLink_ros2) by extensions ['ignore', 'ignore_ament_install']
[0.206s] [34mcolcon.colcon_core.package_identification[0m [1;30mLevel 1[0m _identify(src/MAVLink_ros2) by extension 'ignore'
[0.206s] [34mcolcon.colcon_core.package_identification[0m [1;30mLevel 1[0m _identify(src/MAVLink_ros2) by extension 'ignore_ament_install'
[0.206s] [34mcolcon.colcon_core.package_identification[0m [1;30mLevel 1[0m _identify(src/MAVLink_ros2) by extensions ['colcon_pkg']
[0.206s] [34mcolcon.colcon_core.package_identification[0m [1;30mLevel 1[0m _identify(src/MAVLink_ros2) by extension 'colcon_pkg'
[0.206s] [34mcolcon.colcon_core.package_identification[0m [1;30mLevel 1[0m _identify(src/MAVLink_ros2) by extensions ['colcon_meta']
[0.206s] [34mcolcon.colcon_core.package_identification[0m [1;30mLevel 1[0m _identify(src/MAVLink_ros2) by extension 'colcon_meta'
[0.206s] [34mcolcon.colcon_core.package_identification[0m [1;30mLevel 1[0m _identify(src/MAVLink_ros2) by extensions ['ros']
[0.206s] [34mcolcon.colcon_core.package_identification[0m [1;30mLevel 1[0m _identify(src/MAVLink_ros2) by extension 'ros'
[0.206s] [34mcolcon.colcon_core.package_identification[0m [1;30mLevel 1[0m _identify(src/MAVLink_ros2) by extensions ['cmake', 'python']
[0.206s] [34mcolcon.colcon_core.package_identification[0m [1;30mLevel 1[0m _identify(src/MAVLink_ros2) by extension 'cmake'
[0.206s] [34mcolcon.colcon_core.package_identification[0m [1;30mLevel 1[0m _identify(src/MAVLink_ros2) by extension 'python'
[0.206s] [34mcolcon.colcon_core.package_identification[0m [1;30mLevel 1[0m _identify(src/MAVLink_ros2) by extensions ['python_setup_py']
[0.206s] [34mcolcon.colcon_core.package_identification[0m [1;30mLevel 1[0m _identify(src/MAVLink_ros2) by extension 'python_setup_py'
[0.206s] [34mcolcon.colcon_core.package_identification[0m [1;30mLevel 1[0m _identify(src/MAVLink_ros2/ikeyaMD_wizard) by extensions ['ignore', 'ignore_ament_install']
[0.206s] [34mcolcon.colcon_core.package_identification[0m [1;30mLevel 1[0m _identify(src/MAVLink_ros2/ikeyaMD_wizard) by extension 'ignore'
[0.206s] [34mcolcon.colcon_core.package_identification[0m [1;30mLevel 1[0m _identify(src/MAVLink_ros2/ikeyaMD_wizard) by extension 'ignore_ament_install'
[0.206s] [34mcolcon.colcon_core.package_identification[0m [1;30mLevel 1[0m _identify(src/MAVLink_ros2/ikeyaMD_wizard) by extensions ['colcon_pkg']
[0.206s] [34mcolcon.colcon_core.package_identification[0m [1;30mLevel 1[0m _identify(src/MAVLink_ros2/ikeyaMD_wizard) by extension 'colcon_pkg'
[0.206s] [34mcolcon.colcon_core.package_identification[0m [1;30mLevel 1[0m _identify(src/MAVLink_ros2/ikeyaMD_wizard) by extensions ['colcon_meta']
[0.206s] [34mcolcon.colcon_core.package_identification[0m [1;30mLevel 1[0m _identify(src/MAVLink_ros2/ikeyaMD_wizard) by extension 'colcon_meta'
[0.206s] [34mcolcon.colcon_core.package_identification[0m [1;30mLevel 1[0m _identify(src/MAVLink_ros2/ikeyaMD_wizard) by extensions ['ros']
[0.206s] [34mcolcon.colcon_core.package_identification[0m [1;30mLevel 1[0m _identify(src/MAVLink_ros2/ikeyaMD_wizard) by extension 'ros'
[0.208s] [34mcolcon.colcon_core.package_identification[0m [1;30mDEBUG[0m [32mPackage 'src/MAVLink_ros2/ikeyaMD_wizard' with type 'ros.ament_python' and name 'ikeyaMD_wizard'[0m
[0.208s] [34mcolcon.colcon_core.package_identification[0m [1;30mLevel 1[0m _identify(src/MAVLink_ros2/mavlink_SDK) by extensions ['ignore', 'ignore_ament_install']
[0.208s] [34mcolcon.colcon_core.package_identification[0m [1;30mLevel 1[0m _identify(src/MAVLink_ros2/mavlink_SDK) by extension 'ignore'
[0.208s] [34mcolcon.colcon_core.package_identification[0m [1;30mLevel 1[0m _identify(src/MAVLink_ros2/mavlink_SDK) ignored
[0.208s] [34mcolcon.colcon_core.package_identification[0m [1;30mLevel 1[0m _identify(src/MAVLink_ros2/mavlink_wizard) by extensions ['ignore', 'ignore_ament_install']
[0.208s] [34mcolcon.colcon_core.package_identification[0m [1;30mLevel 1[0m _identify(src/MAVLink_ros2/mavlink_wizard) by extension 'ignore'
[0.208s] [34mcolcon.colcon_core.package_identification[0m [1;30mLevel 1[0m _identify(src/MAVLink_ros2/mavlink_wizard) by extension 'ignore_ament_install'
[0.208s] [34mcolcon.colcon_core.package_identification[0m [1;30mLevel 1[0m _identify(src/MAVLink_ros2/mavlink_wizard) by extensions ['colcon_pkg']
[0.208s] [34mcolcon.colcon_core.package_identification[0m [1;30mLevel 1[0m _identify(src/MAVLink_ros2/mavlink_wizard) by extension 'colcon_pkg'
[0.208s] [34mcolcon.colcon_core.package_identification[0m [1;30mLevel 1[0m _identify(src/MAVLink_ros2/mavlink_wizard) by extensions ['colcon_meta']
[0.208s] [34mcolcon.colcon_core.package_identification[0m [1;30mLevel 1[0m _identify(src/MAVLink_ros2/mavlink_wizard) by extension 'colcon_meta'
[0.208s] [34mcolcon.colcon_core.package_identification[0m [1;30mLevel 1[0m _identify(src/MAVLink_ros2/mavlink_wizard) by extensions ['ros']
[0.208s] [34mcolcon.colcon_core.package_identification[0m [1;30mLevel 1[0m _identify(src/MAVLink_ros2/mavlink_wizard) by extension 'ros'
[0.209s] [34mcolcon.colcon_core.package_identification[0m [1;30mDEBUG[0m [32mPackage 'src/MAVLink_ros2/mavlink_wizard' with type 'ros.ament_cmake' and name 'mavlink_wizard'[0m
[0.209s] [34mcolcon.colcon_core.package_identification[0m [1;30mLevel 1[0m _identify(src/MAVLink_ros2/rs485_interface2) by extensions ['ignore', 'ignore_ament_install']
[0.209s] [34mcolcon.colcon_core.package_identification[0m [1;30mLevel 1[0m _identify(src/MAVLink_ros2/rs485_interface2) by extension 'ignore'
[0.209s] [34mcolcon.colcon_core.package_identification[0m [1;30mLevel 1[0m _identify(src/MAVLink_ros2/rs485_interface2) by extension 'ignore_ament_install'
[0.209s] [34mcolcon.colcon_core.package_identification[0m [1;30mLevel 1[0m _identify(src/MAVLink_ros2/rs485_interface2) by extensions ['colcon_pkg']
[0.209s] [34mcolcon.colcon_core.package_identification[0m [1;30mLevel 1[0m _identify(src/MAVLink_ros2/rs485_interface2) by extension 'colcon_pkg'
[0.209s] [34mcolcon.colcon_core.package_identification[0m [1;30mLevel 1[0m _identify(src/MAVLink_ros2/rs485_interface2) by extensions ['colcon_meta']
[0.209s] [34mcolcon.colcon_core.package_identification[0m [1;30mLevel 1[0m _identify(src/MAVLink_ros2/rs485_interface2) by extension 'colcon_meta'
[0.209s] [34mcolcon.colcon_core.package_identification[0m [1;30mLevel 1[0m _identify(src/MAVLink_ros2/rs485_interface2) by extensions ['ros']
[0.209s] [34mcolcon.colcon_core.package_identification[0m [1;30mLevel 1[0m _identify(src/MAVLink_ros2/rs485_interface2) by extension 'ros'
[0.210s] [34mcolcon.colcon_core.package_identification[0m [1;30mDEBUG[0m [32mPackage 'src/MAVLink_ros2/rs485_interface2' with type 'ros.ament_cmake' and name 'rs485_interface2'[0m
[0.210s] [34mcolcon.colcon_core.package_identification[0m [1;30mLevel 1[0m _identify(src/MAVLink_ros2/rs485_motor_interface) by extensions ['ignore', 'ignore_ament_install']
[0.210s] [34mcolcon.colcon_core.package_identification[0m [1;30mLevel 1[0m _identify(src/MAVLink_ros2/rs485_motor_interface) by extension 'ignore'
[0.210s] [34mcolcon.colcon_core.package_identification[0m [1;30mLevel 1[0m _identify(src/MAVLink_ros2/rs485_motor_interface) by extension 'ignore_ament_install'
[0.210s] [34mcolcon.colcon_core.package_identification[0m [1;30mLevel 1[0m _identify(src/MAVLink_ros2/rs485_motor_interface) by extensions ['colcon_pkg']
[0.210s] [34mcolcon.colcon_core.package_identification[0m [1;30mLevel 1[0m _identify(src/MAVLink_ros2/rs485_motor_interface) by extension 'colcon_pkg'
[0.210s] [34mcolcon.colcon_core.package_identification[0m [1;30mLevel 1[0m _identify(src/MAVLink_ros2/rs485_motor_interface) by extensions ['colcon_meta']
[0.210s] [34mcolcon.colcon_core.package_identification[0m [1;30mLevel 1[0m _identify(src/MAVLink_ros2/rs485_motor_interface) by extension 'colcon_meta'
[0.210s] [34mcolcon.colcon_core.package_identification[0m [1;30mLevel 1[0m _identify(src/MAVLink_ros2/rs485_motor_interface) by extensions ['ros']
[0.210s] [34mcolcon.colcon_core.package_identification[0m [1;30mLevel 1[0m _identify(src/MAVLink_ros2/rs485_motor_interface) by extension 'ros'
[0.210s] [34mcolcon.colcon_core.package_identification[0m [1;30mDEBUG[0m [32mPackage 'src/MAVLink_ros2/rs485_motor_interface' with type 'ros.ament_cmake' and name 'rs485_motor_interface'[0m
[0.210s] [34mcolcon.colcon_core.package_identification[0m [1;30mLevel 1[0m _identify(src/MAVLink_ros2/stm32_mavlink_msgs) by extensions ['ignore', 'ignore_ament_install']
[0.210s] [34mcolcon.colcon_core.package_identification[0m [1;30mLevel 1[0m _identify(src/MAVLink_ros2/stm32_mavlink_msgs) by extension 'ignore'
[0.210s] [34mcolcon.colcon_core.package_identification[0m [1;30mLevel 1[0m _identify(src/MAVLink_ros2/stm32_mavlink_msgs) by extension 'ignore_ament_install'
[0.210s] [34mcolcon.colcon_core.package_identification[0m [1;30mLevel 1[0m _identify(src/MAVLink_ros2/stm32_mavlink_msgs) by extensions ['colcon_pkg']
[0.210s] [34mcolcon.colcon_core.package_identification[0m [1;30mLevel 1[0m _identify(src/MAVLink_ros2/stm32_mavlink_msgs) by extension 'colcon_pkg'
[0.210s] [34mcolcon.colcon_core.package_identification[0m [1;30mLevel 1[0m _identify(src/MAVLink_ros2/stm32_mavlink_msgs) by extensions ['colcon_meta']
[0.210s] [34mcolcon.colcon_core.package_identification[0m [1;30mLevel 1[0m _identify(src/MAVLink_ros2/stm32_mavlink_msgs) by extension 'colcon_meta'
[0.210s] [34mcolcon.colcon_core.package_identification[0m [1;30mLevel 1[0m _identify(src/MAVLink_ros2/stm32_mavlink_msgs) by extensions ['ros']
[0.210s] [34mcolcon.colcon_core.package_identification[0m [1;30mLevel 1[0m _identify(src/MAVLink_ros2/stm32_mavlink_msgs) by extension 'ros'
[0.211s] [34mcolcon.colcon_core.package_identification[0m [1;30mDEBUG[0m [32mPackage 'src/MAVLink_ros2/stm32_mavlink_msgs' with type 'ros.ament_cmake' and name 'stm32_mavlink_msgs'[0m
[0.211s] [34mcolcon.colcon_core.package_identification[0m [1;30mLevel 1[0m _identify(src/MAVLink_ros2/stm32_mavlink_uart) by extensions ['ignore', 'ignore_ament_install']
[0.211s] [34mcolcon.colcon_core.package_identification[0m [1;30mLevel 1[0m _identify(src/MAVLink_ros2/stm32_mavlink_uart) by extension 'ignore'
[0.211s] [34mcolcon.colcon_core.package_identification[0m [1;30mLevel 1[0m _identify(src/MAVLink_ros2/stm32_mavlink_uart) by extension 'ignore_ament_install'
[0.211s] [34mcolcon.colcon_core.package_identification[0m [1;30mLevel 1[0m _identify(src/MAVLink_ros2/stm32_mavlink_uart) by extensions ['colcon_pkg']
[0.211s] [34mcolcon.colcon_core.package_identification[0m [1;30mLevel 1[0m _identify(src/MAVLink_ros2/stm32_mavlink_uart) by extension 'colcon_pkg'
[0.211s] [34mcolcon.colcon_core.package_identification[0m [1;30mLevel 1[0m _identify(src/MAVLink_ros2/stm32_mavlink_uart) by extensions ['colcon_meta']
[0.211s] [34mcolcon.colcon_core.package_identification[0m [1;30mLevel 1[0m _identify(src/MAVLink_ros2/stm32_mavlink_uart) by extension 'colcon_meta'
[0.211s] [34mcolcon.colcon_core.package_identification[0m [1;30mLevel 1[0m _identify(src/MAVLink_ros2/stm32_mavlink_uart) by extensions ['ros']
[0.211s] [34mcolcon.colcon_core.package_identification[0m [1;30mLevel 1[0m _identify(src/MAVLink_ros2/stm32_mavlink_uart) by extension 'ros'
[0.212s] [34mcolcon.colcon_core.package_identification[0m [1;30mDEBUG[0m [32mPackage 'src/MAVLink_ros2/stm32_mavlink_uart' with type 'ros.ament_cmake' and name 'stm32_mavlink_uart'[0m
[0.212s] [34mcolcon.colcon_core.package_identification[0m [1;30mLevel 1[0m _identify(src/MAVLink_ros2/stm32_mavlink_udp) by extensions ['ignore', 'ignore_ament_install']
[0.212s] [34mcolcon.colcon_core.package_identification[0m [1;30mLevel 1[0m _identify(src/MAVLink_ros2/stm32_mavlink_udp) by extension 'ignore'
[0.212s] [34mcolcon.colcon_core.package_identification[0m [1;30mLevel 1[0m _identify(src/MAVLink_ros2/stm32_mavlink_udp) by extension 'ignore_ament_install'
[0.212s] [34mcolcon.colcon_core.package_identification[0m [1;30mLevel 1[0m _identify(src/MAVLink_ros2/stm32_mavlink_udp) by extensions ['colcon_pkg']
[0.212s] [34mcolcon.colcon_core.package_identification[0m [1;30mLevel 1[0m _identify(src/MAVLink_ros2/stm32_mavlink_udp) by extension 'colcon_pkg'
[0.212s] [34mcolcon.colcon_core.package_identification[0m [1;30mLevel 1[0m _identify(src/MAVLink_ros2/stm32_mavlink_udp) by extensions ['colcon_meta']
[0.212s] [34mcolcon.colcon_core.package_identification[0m [1;30mLevel 1[0m _identify(src/MAVLink_ros2/stm32_mavlink_udp) by extension 'colcon_meta'
[0.212s] [34mcolcon.colcon_core.package_identification[0m [1;30mLevel 1[0m _identify(src/MAVLink_ros2/stm32_mavlink_udp) by extensions ['ros']
[0.212s] [34mcolcon.colcon_core.package_identification[0m [1;30mLevel 1[0m _identify(src/MAVLink_ros2/stm32_mavlink_udp) by extension 'ros'
[0.212s] [34mcolcon.colcon_core.package_identification[0m [1;30mDEBUG[0m [32mPackage 'src/MAVLink_ros2/stm32_mavlink_udp' with type 'ros.ament_cmake' and name 'stm32_mavlink_udp'[0m
[0.213s] [34mcolcon.colcon_core.package_identification[0m [1;30mLevel 1[0m _identify(src/a_r2_description-20251207T063721Z-3-001) by extensions ['ignore', 'ignore_ament_install']
[0.213s] [34mcolcon.colcon_core.package_identification[0m [1;30mLevel 1[0m _identify(src/a_r2_description-20251207T063721Z-3-001) by extension 'ignore'
[0.213s] [34mcolcon.colcon_core.package_identification[0m [1;30mLevel 1[0m _identify(src/a_r2_description-20251207T063721Z-3-001) by extension 'ignore_ament_install'
[0.213s] [34mcolcon.colcon_core.package_identification[0m [1;30mLevel 1[0m _identify(src/a_r2_description-20251207T063721Z-3-001) by extensions ['colcon_pkg']
[0.213s] [34mcolcon.colcon_core.package_identification[0m [1;30mLevel 1[0m _identify(src/a_r2_description-20251207T063721Z-3-001) by extension 'colcon_pkg'
[0.213s] [34mcolcon.colcon_core.package_identification[0m [1;30mLevel 1[0m _identify(src/a_r2_description-20251207T063721Z-3-001) by extensions ['colcon_meta']
[0.213s] [34mcolcon.colcon_core.package_identification[0m [1;30mLevel 1[0m _identify(src/a_r2_description-20251207T063721Z-3-001) by extension 'colcon_meta'
[0.213s] [34mcolcon.colcon_core.package_identification[0m [1;30mLevel 1[0m _identify(src/a_r2_description-20251207T063721Z-3-001) by extensions ['ros']
[0.213s] [34mcolcon.colcon_core.package_identification[0m [1;30mLevel 1[0m _identify(src/a_r2_description-20251207T063721Z-3-001) by extension 'ros'
[0.213s] [34mcolcon.colcon_core.package_identification[0m [1;30mLevel 1[0m _identify(src/a_r2_description-20251207T063721Z-3-001) by extensions ['cmake', 'python']
[0.213s] [34mcolcon.colcon_core.package_identification[0m [1;30mLevel 1[0m _identify(src/a_r2_description-20251207T063721Z-3-001) by extension 'cmake'
[0.213s] [34mcolcon.colcon_core.package_identification[0m [1;30mLevel 1[0m _identify(src/a_r2_description-20251207T063721Z-3-001) by extension 'python'
[0.213s] [34mcolcon.colcon_core.package_identification[0m [1;30mLevel 1[0m _identify(src/a_r2_description-20251207T063721Z-3-001) by extensions ['python_setup_py']
[0.213s] [34mcolcon.colcon_core.package_identification[0m [1;30mLevel 1[0m _identify(src/a_r2_description-20251207T063721Z-3-001) by extension 'python_setup_py'
[0.213s] [34mcolcon.colcon_core.package_identification[0m [1;30mLevel 1[0m _identify(src/a_r2_description-20251207T063721Z-3-001/a_r2_description) by extensions ['ignore', 'ignore_ament_install']
[0.213s] [34mcolcon.colcon_core.package_identification[0m [1;30mLevel 1[0m _identify(src/a_r2_description-20251207T063721Z-3-001/a_r2_description) by extension 'ignore'
[0.213s] [34mcolcon.colcon_core.package_identification[0m [1;30mLevel 1[0m _identify(src/a_r2_description-20251207T063721Z-3-001/a_r2_description) by extension 'ignore_ament_install'
[0.213s] [34mcolcon.colcon_core.package_identification[0m [1;30mLevel 1[0m _identify(src/a_r2_description-20251207T063721Z-3-001/a_r2_description) by extensions ['colcon_pkg']
[0.213s] [34mcolcon.colcon_core.package_identification[0m [1;30mLevel 1[0m _identify(src/a_r2_description-20251207T063721Z-3-001/a_r2_description) by extension 'colcon_pkg'
[0.213s] [34mcolcon.colcon_core.package_identification[0m [1;30mLevel 1[0m _identify(src/a_r2_description-20251207T063721Z-3-001/a_r2_description) by extensions ['colcon_meta']
[0.213s] [34mcolcon.colcon_core.package_identification[0m [1;30mLevel 1[0m _identify(src/a_r2_description-20251207T063721Z-3-001/a_r2_description) by extension 'colcon_meta'
[0.213s] [34mcolcon.colcon_core.package_identification[0m [1;30mLevel 1[0m _identify(src/a_r2_description-20251207T063721Z-3-001/a_r2_description) by extensions ['ros']
[0.213s] [34mcolcon.colcon_core.package_identification[0m [1;30mLevel 1[0m _identify(src/a_r2_description-20251207T063721Z-3-001/a_r2_description) by extension 'ros'
[0.213s] [34mcolcon.colcon_core.package_identification[0m [1;30mDEBUG[0m [32mPackage 'src/a_r2_description-20251207T063721Z-3-001/a_r2_description' with type 'ros.ament_cmake' and name 'a_r2_description'[0m
[0.213s] [34mcolcon.colcon_core.package_identification[0m [1;30mLevel 1[0m _identify(src/arm_module_description-20251221T061328Z-3-001) by extensions ['ignore', 'ignore_ament_install']
[0.213s] [34mcolcon.colcon_core.package_identification[0m [1;30mLevel 1[0m _identify(src/arm_module_description-20251221T061328Z-3-001) by extension 'ignore'
[0.214s] [34mcolcon.colcon_core.package_identification[0m [1;30mLevel 1[0m _identify(src/arm_module_description-20251221T061328Z-3-001) by extension 'ignore_ament_install'
[0.214s] [34mcolcon.colcon_core.package_identification[0m [1;30mLevel 1[0m _identify(src/arm_module_description-20251221T061328Z-3-001) by extensions ['colcon_pkg']
[0.214s] [34mcolcon.colcon_core.package_identification[0m [1;30mLevel 1[0m _identify(src/arm_module_description-20251221T061328Z-3-001) by extension 'colcon_pkg'
[0.214s] [34mcolcon.colcon_core.package_identification[0m [1;30mLevel 1[0m _identify(src/arm_module_description-20251221T061328Z-3-001) by extensions ['colcon_meta']
[0.214s] [34mcolcon.colcon_core.package_identification[0m [1;30mLevel 1[0m _identify(src/arm_module_description-20251221T061328Z-3-001) by extension 'colcon_meta'
[0.214s] [34mcolcon.colcon_core.package_identification[0m [1;30mLevel 1[0m _identify(src/arm_module_description-20251221T061328Z-3-001) by extensions ['ros']
[0.214s] [34mcolcon.colcon_core.package_identification[0m [1;30mLevel 1[0m _identify(src/arm_module_description-20251221T061328Z-3-001) by extension 'ros'
[0.214s] [34mcolcon.colcon_core.package_identification[0m [1;30mLevel 1[0m _identify(src/arm_module_description-20251221T061328Z-3-001) by extensions ['cmake', 'python']
[0.214s] [34mcolcon.colcon_core.package_identification[0m [1;30mLevel 1[0m _identify(src/arm_module_description-20251221T061328Z-3-001) by extension 'cmake'
[0.214s] [34mcolcon.colcon_core.package_identification[0m [1;30mLevel 1[0m _identify(src/arm_module_description-20251221T061328Z-3-001) by extension 'python'
[0.214s] [34mcolcon.colcon_core.package_identification[0m [1;30mLevel 1[0m _identify(src/arm_module_description-20251221T061328Z-3-001) by extensions ['python_setup_py']
[0.214s] [34mcolcon.colcon_core.package_identification[0m [1;30mLevel 1[0m _identify(src/arm_module_description-20251221T061328Z-3-001) by extension 'python_setup_py'
[0.214s] [34mcolcon.colcon_core.package_identification[0m [1;30mLevel 1[0m _identify(src/arm_module_description-20251221T061328Z-3-001/arm_module_description) by extensions ['ignore', 'ignore_ament_install']
[0.214s] [34mcolcon.colcon_core.package_identification[0m [1;30mLevel 1[0m _identify(src/arm_module_description-20251221T061328Z-3-001/arm_module_description) by extension 'ignore'
[0.214s] [34mcolcon.colcon_core.package_identification[0m [1;30mLevel 1[0m _identify(src/arm_module_description-20251221T061328Z-3-001/arm_module_description) by extension 'ignore_ament_install'
[0.214s] [34mcolcon.colcon_core.package_identification[0m [1;30mLevel 1[0m _identify(src/arm_module_description-20251221T061328Z-3-001/arm_module_description) by extensions ['colcon_pkg']
[0.214s] [34mcolcon.colcon_core.package_identification[0m [1;30mLevel 1[0m _identify(src/arm_module_description-20251221T061328Z-3-001/arm_module_description) by extension 'colcon_pkg'
[0.214s] [34mcolcon.colcon_core.package_identification[0m [1;30mLevel 1[0m _identify(src/arm_module_description-20251221T061328Z-3-001/arm_module_description) by extensions ['colcon_meta']
[0.214s] [34mcolcon.colcon_core.package_identification[0m [1;30mLevel 1[0m _identify(src/arm_module_description-20251221T061328Z-3-001/arm_module_description) by extension 'colcon_meta'
[0.214s] [34mcolcon.colcon_core.package_identification[0m [1;30mLevel 1[0m _identify(src/arm_module_description-20251221T061328Z-3-001/arm_module_description) by extensions ['ros']
[0.214s] [34mcolcon.colcon_core.package_identification[0m [1;30mLevel 1[0m _identify(src/arm_module_description-20251221T061328Z-3-001/arm_module_description) by extension 'ros'
[0.214s] [34mcolcon.colcon_core.package_identification[0m [1;30mDEBUG[0m [32mPackage 'src/arm_module_description-20251221T061328Z-3-001/arm_module_description' with type 'ros.ament_cmake' and name 'arm_module_description'[0m
[0.214s] [34mcolcon.colcon_core.package_identification[0m [1;30mLevel 1[0m _identify(src/arm_v20_description-20251026T114629Z-1-001) by extensions ['ignore', 'ignore_ament_install']
[0.214s] [34mcolcon.colcon_core.package_identification[0m [1;30mLevel 1[0m _identify(src/arm_v20_description-20251026T114629Z-1-001) by extension 'ignore'
[0.214s] [34mcolcon.colcon_core.package_identification[0m [1;30mLevel 1[0m _identify(src/arm_v20_description-20251026T114629Z-1-001) by extension 'ignore_ament_install'
[0.214s] [34mcolcon.colcon_core.package_identification[0m [1;30mLevel 1[0m _identify(src/arm_v20_description-20251026T114629Z-1-001) by extensions ['colcon_pkg']
[0.214s] [34mcolcon.colcon_core.package_identification[0m [1;30mLevel 1[0m _identify(src/arm_v20_description-20251026T114629Z-1-001) by extension 'colcon_pkg'
[0.214s] [34mcolcon.colcon_core.package_identification[0m [1;30mLevel 1[0m _identify(src/arm_v20_description-20251026T114629Z-1-001) by extensions ['colcon_meta']
[0.214s] [34mcolcon.colcon_core.package_identification[0m [1;30mLevel 1[0m _identify(src/arm_v20_description-20251026T114629Z-1-001) by extension 'colcon_meta'
[0.214s] [34mcolcon.colcon_core.package_identification[0m [1;30mLevel 1[0m _identify(src/arm_v20_description-20251026T114629Z-1-001) by extensions ['ros']
[0.215s] [34mcolcon.colcon_core.package_identification[0m [1;30mLevel 1[0m _identify(src/arm_v20_description-20251026T114629Z-1-001) by extension 'ros'
[0.215s] [34mcolcon.colcon_core.package_identification[0m [1;30mLevel 1[0m _identify(src/arm_v20_description-20251026T114629Z-1-001) by extensions ['cmake', 'python']
[0.215s] [34mcolcon.colcon_core.package_identification[0m [1;30mLevel 1[0m _identify(src/arm_v20_description-20251026T114629Z-1-001) by extension 'cmake'
[0.215s] [34mcolcon.colcon_core.package_identification[0m [1;30mLevel 1[0m _identify(src/arm_v20_description-20251026T114629Z-1-001) by extension 'python'
[0.215s] [34mcolcon.colcon_core.package_identification[0m [1;30mLevel 1[0m _identify(src/arm_v20_description-20251026T114629Z-1-001) by extensions ['python_setup_py']
[0.215s] [34mcolcon.colcon_core.package_identification[0m [1;30mLevel 1[0m _identify(src/arm_v20_description-20251026T114629Z-1-001) by extension 'python_setup_py'
[0.215s] [34mcolcon.colcon_core.package_identification[0m [1;30mLevel 1[0m _identify(src/arm_v20_description-20251026T114629Z-1-001/arm_v20_description) by extensions ['ignore', 'ignore_ament_install']
[0.215s] [34mcolcon.colcon_core.package_identification[0m [1;30mLevel 1[0m _identify(src/arm_v20_description-20251026T114629Z-1-001/arm_v20_description) by extension 'ignore'
[0.215s] [34mcolcon.colcon_core.package_identification[0m [1;30mLevel 1[0m _identify(src/arm_v20_description-20251026T114629Z-1-001/arm_v20_description) by extension 'ignore_ament_install'
[0.215s] [34mcolcon.colcon_core.package_identification[0m [1;30mLevel 1[0m _identify(src/arm_v20_description-20251026T114629Z-1-001/arm_v20_description) by extensions ['colcon_pkg']
[0.215s] [34mcolcon.colcon_core.package_identification[0m [1;30mLevel 1[0m _identify(src/arm_v20_description-20251026T114629Z-1-001/arm_v20_description) by extension 'colcon_pkg'
[0.215s] [34mcolcon.colcon_core.package_identification[0m [1;30mLevel 1[0m _identify(src/arm_v20_description-20251026T114629Z-1-001/arm_v20_description) by extensions ['colcon_meta']
[0.215s] [34mcolcon.colcon_core.package_identification[0m [1;30mLevel 1[0m _identify(src/arm_v20_description-20251026T114629Z-1-001/arm_v20_description) by extension 'colcon_meta'
[0.215s] [34mcolcon.colcon_core.package_identification[0m [1;30mLevel 1[0m _identify(src/arm_v20_description-20251026T114629Z-1-001/arm_v20_description) by extensions ['ros']
[0.215s] [34mcolcon.colcon_core.package_identification[0m [1;30mLevel 1[0m _identify(src/arm_v20_description-20251026T114629Z-1-001/arm_v20_description) by extension 'ros'
[0.215s] [34mcolcon.colcon_core.package_identification[0m [1;30mDEBUG[0m [32mPackage 'src/arm_v20_description-20251026T114629Z-1-001/arm_v20_description' with type 'ros.ament_cmake' and name 'arm_v20_description'[0m
[0.215s] [34mcolcon.colcon_core.package_identification[0m [1;30mLevel 1[0m _identify(src/dynamixel_ros2) by extensions ['ignore', 'ignore_ament_install']
[0.215s] [34mcolcon.colcon_core.package_identification[0m [1;30mLevel 1[0m _identify(src/dynamixel_ros2) by extension 'ignore'
[0.215s] [34mcolcon.colcon_core.package_identification[0m [1;30mLevel 1[0m _identify(src/dynamixel_ros2) by extension 'ignore_ament_install'
[0.215s] [34mcolcon.colcon_core.package_identification[0m [1;30mLevel 1[0m _identify(src/dynamixel_ros2) by extensions ['colcon_pkg']
[0.215s] [34mcolcon.colcon_core.package_identification[0m [1;30mLevel 1[0m _identify(src/dynamixel_ros2) by extension 'colcon_pkg'
[0.215s] [34mcolcon.colcon_core.package_identification[0m [1;30mLevel 1[0m _identify(src/dynamixel_ros2) by extensions ['colcon_meta']
[0.215s] [34mcolcon.colcon_core.package_identification[0m [1;30mLevel 1[0m _identify(src/dynamixel_ros2) by extension 'colcon_meta'
[0.215s] [34mcolcon.colcon_core.package_identification[0m [1;30mLevel 1[0m _identify(src/dynamixel_ros2) by extensions ['ros']
[0.215s] [34mcolcon.colcon_core.package_identification[0m [1;30mLevel 1[0m _identify(src/dynamixel_ros2) by extension 'ros'
[0.215s] [34mcolcon.colcon_core.package_identification[0m [1;30mLevel 1[0m _identify(src/dynamixel_ros2) by extensions ['cmake', 'python']
[0.215s] [34mcolcon.colcon_core.package_identification[0m [1;30mLevel 1[0m _identify(src/dynamixel_ros2) by extension 'cmake'
[0.215s] [34mcolcon.colcon_core.package_identification[0m [1;30mLevel 1[0m _identify(src/dynamixel_ros2) by extension 'python'
[0.215s] [34mcolcon.colcon_core.package_identification[0m [1;30mLevel 1[0m _identify(src/dynamixel_ros2) by extensions ['python_setup_py']
[0.215s] [34mcolcon.colcon_core.package_identification[0m [1;30mLevel 1[0m _identify(src/dynamixel_ros2) by extension 'python_setup_py'
[0.216s] [34mcolcon.colcon_core.package_identification[0m [1;30mLevel 1[0m _identify(src/dynamixel_ros2/DynamixelSDK) by extensions ['ignore', 'ignore_ament_install']
[0.216s] [34mcolcon.colcon_core.package_identification[0m [1;30mLevel 1[0m _identify(src/dynamixel_ros2/DynamixelSDK) by extension 'ignore'
[0.216s] [34mcolcon.colcon_core.package_identification[0m [1;30mLevel 1[0m _identify(src/dynamixel_ros2/DynamixelSDK) by extension 'ignore_ament_install'
[0.216s] [34mcolcon.colcon_core.package_identification[0m [1;30mLevel 1[0m _identify(src/dynamixel_ros2/DynamixelSDK) by extensions ['colcon_pkg']
[0.216s] [34mcolcon.colcon_core.package_identification[0m [1;30mLevel 1[0m _identify(src/dynamixel_ros2/DynamixelSDK) by extension 'colcon_pkg'
[0.216s] [34mcolcon.colcon_core.package_identification[0m [1;30mLevel 1[0m _identify(src/dynamixel_ros2/DynamixelSDK) by extensions ['colcon_meta']
[0.216s] [34mcolcon.colcon_core.package_identification[0m [1;30mLevel 1[0m _identify(src/dynamixel_ros2/DynamixelSDK) by extension 'colcon_meta'
[0.216s] [34mcolcon.colcon_core.package_identification[0m [1;30mLevel 1[0m _identify(src/dynamixel_ros2/DynamixelSDK) by extensions ['ros']
[0.216s] [34mcolcon.colcon_core.package_identification[0m [1;30mLevel 1[0m _identify(src/dynamixel_ros2/DynamixelSDK) by extension 'ros'
[0.216s] [34mcolcon.colcon_core.package_identification[0m [1;30mLevel 1[0m _identify(src/dynamixel_ros2/DynamixelSDK) by extensions ['cmake', 'python']
[0.216s] [34mcolcon.colcon_core.package_identification[0m [1;30mLevel 1[0m _identify(src/dynamixel_ros2/DynamixelSDK) by extension 'cmake'
[0.216s] [34mcolcon.colcon_core.package_identification[0m [1;30mLevel 1[0m _identify(src/dynamixel_ros2/DynamixelSDK) by extension 'python'
[0.216s] [34mcolcon.colcon_core.package_identification[0m [1;30mLevel 1[0m _identify(src/dynamixel_ros2/DynamixelSDK) by extensions ['python_setup_py']
[0.216s] [34mcolcon.colcon_core.package_identification[0m [1;30mLevel 1[0m _identify(src/dynamixel_ros2/DynamixelSDK) by extension 'python_setup_py'
[0.216s] [34mcolcon.colcon_core.package_identification[0m [1;30mLevel 1[0m _identify(src/dynamixel_ros2/DynamixelSDK/dynamixel_sdk) by extensions ['ignore', 'ignore_ament_install']
[0.216s] [34mcolcon.colcon_core.package_identification[0m [1;30mLevel 1[0m _identify(src/dynamixel_ros2/DynamixelSDK/dynamixel_sdk) by extension 'ignore'
[0.216s] [34mcolcon.colcon_core.package_identification[0m [1;30mLevel 1[0m _identify(src/dynamixel_ros2/DynamixelSDK/dynamixel_sdk) by extension 'ignore_ament_install'
[0.216s] [34mcolcon.colcon_core.package_identification[0m [1;30mLevel 1[0m _identify(src/dynamixel_ros2/DynamixelSDK/dynamixel_sdk) by extensions ['colcon_pkg']
[0.216s] [34mcolcon.colcon_core.package_identification[0m [1;30mLevel 1[0m _identify(src/dynamixel_ros2/DynamixelSDK/dynamixel_sdk) by extension 'colcon_pkg'
[0.216s] [34mcolcon.colcon_core.package_identification[0m [1;30mLevel 1[0m _identify(src/dynamixel_ros2/DynamixelSDK/dynamixel_sdk) by extensions ['colcon_meta']
[0.216s] [34mcolcon.colcon_core.package_identification[0m [1;30mLevel 1[0m _identify(src/dynamixel_ros2/DynamixelSDK/dynamixel_sdk) by extension 'colcon_meta'
[0.216s] [34mcolcon.colcon_core.package_identification[0m [1;30mLevel 1[0m _identify(src/dynamixel_ros2/DynamixelSDK/dynamixel_sdk) by extensions ['ros']
[0.216s] [34mcolcon.colcon_core.package_identification[0m [1;30mLevel 1[0m _identify(src/dynamixel_ros2/DynamixelSDK/dynamixel_sdk) by extension 'ros'
[0.216s] [34mcolcon.colcon_core.package_identification[0m [1;30mDEBUG[0m [32mPackage 'src/dynamixel_ros2/DynamixelSDK/dynamixel_sdk' with type 'ros.ament_cmake' and name 'dynamixel_sdk'[0m
[0.216s] [34mcolcon.colcon_core.package_identification[0m [1;30mLevel 1[0m _identify(src/dynamixel_ros2/DynamixelSDK/dynamixel_sdk_custom_interfaces) by extensions ['ignore', 'ignore_ament_install']
[0.216s] [34mcolcon.colcon_core.package_identification[0m [1;30mLevel 1[0m _identify(src/dynamixel_ros2/DynamixelSDK/dynamixel_sdk_custom_interfaces) by extension 'ignore'
[0.217s] [34mcolcon.colcon_core.package_identification[0m [1;30mLevel 1[0m _identify(src/dynamixel_ros2/DynamixelSDK/dynamixel_sdk_custom_interfaces) by extension 'ignore_ament_install'
[0.217s] [34mcolcon.colcon_core.package_identification[0m [1;30mLevel 1[0m _identify(src/dynamixel_ros2/DynamixelSDK/dynamixel_sdk_custom_interfaces) by extensions ['colcon_pkg']
[0.217s] [34mcolcon.colcon_core.package_identification[0m [1;30mLevel 1[0m _identify(src/dynamixel_ros2/DynamixelSDK/dynamixel_sdk_custom_interfaces) by extension 'colcon_pkg'
[0.217s] [34mcolcon.colcon_core.package_identification[0m [1;30mLevel 1[0m _identify(src/dynamixel_ros2/DynamixelSDK/dynamixel_sdk_custom_interfaces) by extensions ['colcon_meta']
[0.217s] [34mcolcon.colcon_core.package_identification[0m [1;30mLevel 1[0m _identify(src/dynamixel_ros2/DynamixelSDK/dynamixel_sdk_custom_interfaces) by extension 'colcon_meta'
[0.217s] [34mcolcon.colcon_core.package_identification[0m [1;30mLevel 1[0m _identify(src/dynamixel_ros2/DynamixelSDK/dynamixel_sdk_custom_interfaces) by extensions ['ros']
[0.217s] [34mcolcon.colcon_core.package_identification[0m [1;30mLevel 1[0m _identify(src/dynamixel_ros2/DynamixelSDK/dynamixel_sdk_custom_interfaces) by extension 'ros'
[0.217s] [34mcolcon.colcon_core.package_identification[0m [1;30mDEBUG[0m [32mPackage 'src/dynamixel_ros2/DynamixelSDK/dynamixel_sdk_custom_interfaces' with type 'ros.ament_cmake' and name 'dynamixel_sdk_custom_interfaces'[0m
[0.217s] [34mcolcon.colcon_core.package_identification[0m [1;30mLevel 1[0m _identify(src/dynamixel_ros2/DynamixelSDK/dynamixel_sdk_examples) by extensions ['ignore', 'ignore_ament_install']
[0.217s] [34mcolcon.colcon_core.package_identification[0m [1;30mLevel 1[0m _identify(src/dynamixel_ros2/DynamixelSDK/dynamixel_sdk_examples) by extension 'ignore'
[0.217s] [34mcolcon.colcon_core.package_identification[0m [1;30mLevel 1[0m _identify(src/dynamixel_ros2/DynamixelSDK/dynamixel_sdk_examples) by extension 'ignore_ament_install'
[0.217s] [34mcolcon.colcon_core.package_identification[0m [1;30mLevel 1[0m _identify(src/dynamixel_ros2/DynamixelSDK/dynamixel_sdk_examples) by extensions ['colcon_pkg']
[0.217s] [34mcolcon.colcon_core.package_identification[0m [1;30mLevel 1[0m _identify(src/dynamixel_ros2/DynamixelSDK/dynamixel_sdk_examples) by extension 'colcon_pkg'
[0.217s] [34mcolcon.colcon_core.package_identification[0m [1;30mLevel 1[0m _identify(src/dynamixel_ros2/DynamixelSDK/dynamixel_sdk_examples) by extensions ['colcon_meta']
[0.217s] [34mcolcon.colcon_core.package_identification[0m [1;30mLevel 1[0m _identify(src/dynamixel_ros2/DynamixelSDK/dynamixel_sdk_examples) by extension 'colcon_meta'
[0.217s] [34mcolcon.colcon_core.package_identification[0m [1;30mLevel 1[0m _identify(src/dynamixel_ros2/DynamixelSDK/dynamixel_sdk_examples) by extensions ['ros']
[0.217s] [34mcolcon.colcon_core.package_identification[0m [1;30mLevel 1[0m _identify(src/dynamixel_ros2/DynamixelSDK/dynamixel_sdk_examples) by extension 'ros'
[0.218s] [34mcolcon.colcon_core.package_identification[0m [1;30mDEBUG[0m [32mPackage 'src/dynamixel_ros2/DynamixelSDK/dynamixel_sdk_examples' with type 'ros.ament_cmake' and name 'dynamixel_sdk_examples'[0m
[0.218s] [34mcolcon.colcon_core.package_identification[0m [1;30mLevel 1[0m _identify(src/dynamixel_ros2/dynamixel_controller) by extensions ['ignore', 'ignore_ament_install']
[0.218s] [34mcolcon.colcon_core.package_identification[0m [1;30mLevel 1[0m _identify(src/dynamixel_ros2/dynamixel_controller) by extension 'ignore'
[0.218s] [34mcolcon.colcon_core.package_identification[0m [1;30mLevel 1[0m _identify(src/dynamixel_ros2/dynamixel_controller) by extension 'ignore_ament_install'
[0.218s] [34mcolcon.colcon_core.package_identification[0m [1;30mLevel 1[0m _identify(src/dynamixel_ros2/dynamixel_controller) by extensions ['colcon_pkg']
[0.218s] [34mcolcon.colcon_core.package_identification[0m [1;30mLevel 1[0m _identify(src/dynamixel_ros2/dynamixel_controller) by extension 'colcon_pkg'
[0.218s] [34mcolcon.colcon_core.package_identification[0m [1;30mLevel 1[0m _identify(src/dynamixel_ros2/dynamixel_controller) by extensions ['colcon_meta']
[0.218s] [34mcolcon.colcon_core.package_identification[0m [1;30mLevel 1[0m _identify(src/dynamixel_ros2/dynamixel_controller) by extension 'colcon_meta'
[0.218s] [34mcolcon.colcon_core.package_identification[0m [1;30mLevel 1[0m _identify(src/dynamixel_ros2/dynamixel_controller) by extensions ['ros']
[0.218s] [34mcolcon.colcon_core.package_identification[0m [1;30mLevel 1[0m _identify(src/dynamixel_ros2/dynamixel_controller) by extension 'ros'
[0.218s] [34mcolcon.colcon_core.package_identification[0m [1;30mDEBUG[0m [32mPackage 'src/dynamixel_ros2/dynamixel_controller' with type 'ros.ament_cmake' and name 'dynamixel_controller'[0m
[0.218s] [34mcolcon.colcon_core.package_identification[0m [1;30mLevel 1[0m _identify(src/dynamixel_ros2/dynamixel_controller_client) by extensions ['ignore', 'ignore_ament_install']
[0.218s] [34mcolcon.colcon_core.package_identification[0m [1;30mLevel 1[0m _identify(src/dynamixel_ros2/dynamixel_controller_client) by extension 'ignore'
[0.218s] [34mcolcon.colcon_core.package_identification[0m [1;30mLevel 1[0m _identify(src/dynamixel_ros2/dynamixel_controller_client) by extension 'ignore_ament_install'
[0.219s] [34mcolcon.colcon_core.package_identification[0m [1;30mLevel 1[0m _identify(src/dynamixel_ros2/dynamixel_controller_client) by extensions ['colcon_pkg']
[0.219s] [34mcolcon.colcon_core.package_identification[0m [1;30mLevel 1[0m _identify(src/dynamixel_ros2/dynamixel_controller_client) by extension 'colcon_pkg'
[0.219s] [34mcolcon.colcon_core.package_identification[0m [1;30mLevel 1[0m _identify(src/dynamixel_ros2/dynamixel_controller_client) by extensions ['colcon_meta']
[0.219s] [34mcolcon.colcon_core.package_identification[0m [1;30mLevel 1[0m _identify(src/dynamixel_ros2/dynamixel_controller_client) by extension 'colcon_meta'
[0.219s] [34mcolcon.colcon_core.package_identification[0m [1;30mLevel 1[0m _identify(src/dynamixel_ros2/dynamixel_controller_client) by extensions ['ros']
[0.219s] [34mcolcon.colcon_core.package_identification[0m [1;30mLevel 1[0m _identify(src/dynamixel_ros2/dynamixel_controller_client) by extension 'ros'
[0.219s] [34mcolcon.colcon_core.package_identification[0m [1;30mDEBUG[0m [32mPackage 'src/dynamixel_ros2/dynamixel_controller_client' with type 'ros.ament_python' and name 'dynamixel_controller_client'[0m
[0.219s] [34mcolcon.colcon_core.package_identification[0m [1;30mLevel 1[0m _identify(src/dynamixel_ros2/dynamixel_controller_gui) by extensions ['ignore', 'ignore_ament_install']
[0.219s] [34mcolcon.colcon_core.package_identification[0m [1;30mLevel 1[0m _identify(src/dynamixel_ros2/dynamixel_controller_gui) by extension 'ignore'
[0.219s] [34mcolcon.colcon_core.package_identification[0m [1;30mLevel 1[0m _identify(src/dynamixel_ros2/dynamixel_controller_gui) by extension 'ignore_ament_install'
[0.219s] [34mcolcon.colcon_core.package_identification[0m [1;30mLevel 1[0m _identify(src/dynamixel_ros2/dynamixel_controller_gui) by extensions ['colcon_pkg']
[0.219s] [34mcolcon.colcon_core.package_identification[0m [1;30mLevel 1[0m _identify(src/dynamixel_ros2/dynamixel_controller_gui) by extension 'colcon_pkg'
[0.219s] [34mcolcon.colcon_core.package_identification[0m [1;30mLevel 1[0m _identify(src/dynamixel_ros2/dynamixel_controller_gui) by extensions ['colcon_meta']
[0.219s] [34mcolcon.colcon_core.package_identification[0m [1;30mLevel 1[0m _identify(src/dynamixel_ros2/dynamixel_controller_gui) by extension 'colcon_meta'
[0.219s] [34mcolcon.colcon_core.package_identification[0m [1;30mLevel 1[0m _identify(src/dynamixel_ros2/dynamixel_controller_gui) by extensions ['ros']
[0.219s] [34mcolcon.colcon_core.package_identification[0m [1;30mLevel 1[0m _identify(src/dynamixel_ros2/dynamixel_controller_gui) by extension 'ros'
[0.220s] [34mcolcon.colcon_core.package_identification[0m [1;30mDEBUG[0m [32mPackage 'src/dynamixel_ros2/dynamixel_controller_gui' with type 'ros.ament_python' and name 'dynamixel_controller_gui'[0m
[0.220s] [34mcolcon.colcon_core.package_identification[0m [1;30mLevel 1[0m _identify(src/launch_param_builder) by extensions ['ignore', 'ignore_ament_install']
[0.220s] [34mcolcon.colcon_core.package_identification[0m [1;30mLevel 1[0m _identify(src/launch_param_builder) by extension 'ignore'
[0.220s] [34mcolcon.colcon_core.package_identification[0m [1;30mLevel 1[0m _identify(src/launch_param_builder) by extension 'ignore_ament_install'
[0.220s] [34mcolcon.colcon_core.package_identification[0m [1;30mLevel 1[0m _identify(src/launch_param_builder) by extensions ['colcon_pkg']
[0.220s] [34mcolcon.colcon_core.package_identification[0m [1;30mLevel 1[0m _identify(src/launch_param_builder) by extension 'colcon_pkg'
[0.220s] [34mcolcon.colcon_core.package_identification[0m [1;30mLevel 1[0m _identify(src/launch_param_builder) by extensions ['colcon_meta']
[0.220s] [34mcolcon.colcon_core.package_identification[0m [1;30mLevel 1[0m _identify(src/launch_param_builder) by extension 'colcon_meta'
[0.220s] [34mcolcon.colcon_core.package_identification[0m [1;30mLevel 1[0m _identify(src/launch_param_builder) by extensions ['ros']
[0.220s] [34mcolcon.colcon_core.package_identification[0m [1;30mLevel 1[0m _identify(src/launch_param_builder) by extension 'ros'
[0.220s] [34mcolcon.colcon_core.package_identification[0m [1;30mDEBUG[0m [32mPackage 'src/launch_param_builder' with type 'ros.ament_python' and name 'launch_param_builder'[0m
[0.220s] [34mcolcon.colcon_core.package_identification[0m [1;30mLevel 1[0m _identify(src/moveit2) by extensions ['ignore', 'ignore_ament_install']
[0.220s] [34mcolcon.colcon_core.package_identification[0m [1;30mLevel 1[0m _identify(src/moveit2) by extension 'ignore'
[0.220s] [34mcolcon.colcon_core.package_identification[0m [1;30mLevel 1[0m _identify(src/moveit2) by extension 'ignore_ament_install'
[0.220s] [34mcolcon.colcon_core.package_identification[0m [1;30mLevel 1[0m _identify(src/moveit2) by extensions ['colcon_pkg']
[0.220s] [34mcolcon.colcon_core.package_identification[0m [1;30mLevel 1[0m _identify(src/moveit2) by extension 'colcon_pkg'
[0.220s] [34mcolcon.colcon_core.package_identification[0m [1;30mLevel 1[0m _identify(src/moveit2) by extensions ['colcon_meta']
[0.220s] [34mcolcon.colcon_core.package_identification[0m [1;30mLevel 1[0m _identify(src/moveit2) by extension 'colcon_meta'
[0.220s] [34mcolcon.colcon_core.package_identification[0m [1;30mLevel 1[0m _identify(src/moveit2) by extensions ['ros']
[0.220s] [34mcolcon.colcon_core.package_identification[0m [1;30mLevel 1[0m _identify(src/moveit2) by extension 'ros'
[0.220s] [34mcolcon.colcon_core.package_identification[0m [1;30mLevel 1[0m _identify(src/moveit2) by extensions ['cmake', 'python']
[0.220s] [34mcolcon.colcon_core.package_identification[0m [1;30mLevel 1[0m _identify(src/moveit2) by extension 'cmake'
[0.220s] [34mcolcon.colcon_core.package_identification[0m [1;30mLevel 1[0m _identify(src/moveit2) by extension 'python'
[0.220s] [34mcolcon.colcon_core.package_identification[0m [1;30mLevel 1[0m _identify(src/moveit2) by extensions ['python_setup_py']
[0.220s] [34mcolcon.colcon_core.package_identification[0m [1;30mLevel 1[0m _identify(src/moveit2) by extension 'python_setup_py'
[0.221s] [34mcolcon.colcon_core.package_identification[0m [1;30mLevel 1[0m _identify(src/moveit2/doc) by extensions ['ignore', 'ignore_ament_install']
[0.221s] [34mcolcon.colcon_core.package_identification[0m [1;30mLevel 1[0m _identify(src/moveit2/doc) by extension 'ignore'
[0.221s] [34mcolcon.colcon_core.package_identification[0m [1;30mLevel 1[0m _identify(src/moveit2/doc) by extension 'ignore_ament_install'
[0.221s] [34mcolcon.colcon_core.package_identification[0m [1;30mLevel 1[0m _identify(src/moveit2/doc) by extensions ['colcon_pkg']
[0.221s] [34mcolcon.colcon_core.package_identification[0m [1;30mLevel 1[0m _identify(src/moveit2/doc) by extension 'colcon_pkg'
[0.221s] [34mcolcon.colcon_core.package_identification[0m [1;30mLevel 1[0m _identify(src/moveit2/doc) by extensions ['colcon_meta']
[0.221s] [34mcolcon.colcon_core.package_identification[0m [1;30mLevel 1[0m _identify(src/moveit2/doc) by extension 'colcon_meta'
[0.221s] [34mcolcon.colcon_core.package_identification[0m [1;30mLevel 1[0m _identify(src/moveit2/doc) by extensions ['ros']
[0.221s] [34mcolcon.colcon_core.package_identification[0m [1;30mLevel 1[0m _identify(src/moveit2/doc) by extension 'ros'
[0.221s] [34mcolcon.colcon_core.package_identification[0m [1;30mLevel 1[0m _identify(src/moveit2/doc) by extensions ['cmake', 'python']
[0.221s] [34mcolcon.colcon_core.package_identification[0m [1;30mLevel 1[0m _identify(src/moveit2/doc) by extension 'cmake'
[0.221s] [34mcolcon.colcon_core.package_identification[0m [1;30mLevel 1[0m _identify(src/moveit2/doc) by extension 'python'
[0.221s] [34mcolcon.colcon_core.package_identification[0m [1;30mLevel 1[0m _identify(src/moveit2/doc) by extensions ['python_setup_py']
[0.221s] [34mcolcon.colcon_core.package_identification[0m [1;30mLevel 1[0m _identify(src/moveit2/doc) by extension 'python_setup_py'
[0.221s] [34mcolcon.colcon_core.package_identification[0m [1;30mLevel 1[0m _identify(src/moveit2/moveit) by extensions ['ignore', 'ignore_ament_install']
[0.221s] [34mcolcon.colcon_core.package_identification[0m [1;30mLevel 1[0m _identify(src/moveit2/moveit) by extension 'ignore'
[0.221s] [34mcolcon.colcon_core.package_identification[0m [1;30mLevel 1[0m _identify(src/moveit2/moveit) by extension 'ignore_ament_install'
[0.221s] [34mcolcon.colcon_core.package_identification[0m [1;30mLevel 1[0m _identify(src/moveit2/moveit) by extensions ['colcon_pkg']
[0.221s] [34mcolcon.colcon_core.package_identification[0m [1;30mLevel 1[0m _identify(src/moveit2/moveit) by extension 'colcon_pkg'
[0.221s] [34mcolcon.colcon_core.package_identification[0m [1;30mLevel 1[0m _identify(src/moveit2/moveit) by extensions ['colcon_meta']
[0.221s] [34mcolcon.colcon_core.package_identification[0m [1;30mLevel 1[0m _identify(src/moveit2/moveit) by extension 'colcon_meta'
[0.221s] [34mcolcon.colcon_core.package_identification[0m [1;30mLevel 1[0m _identify(src/moveit2/moveit) by extensions ['ros']
[0.221s] [34mcolcon.colcon_core.package_identification[0m [1;30mLevel 1[0m _identify(src/moveit2/moveit) by extension 'ros'
[0.221s] [34mcolcon.colcon_core.package_identification[0m [1;30mDEBUG[0m [32mPackage 'src/moveit2/moveit' with type 'ros.ament_cmake' and name 'moveit'[0m
[0.222s] [34mcolcon.colcon_core.package_identification[0m [1;30mLevel 1[0m _identify(src/moveit2/moveit_commander) by extensions ['ignore', 'ignore_ament_install']
[0.222s] [34mcolcon.colcon_core.package_identification[0m [1;30mLevel 1[0m _identify(src/moveit2/moveit_commander) by extension 'ignore'
[0.222s] [34mcolcon.colcon_core.package_identification[0m [1;30mLevel 1[0m _identify(src/moveit2/moveit_commander) ignored
[0.222s] [34mcolcon.colcon_core.package_identification[0m [1;30mLevel 1[0m _identify(src/moveit2/moveit_common) by extensions ['ignore', 'ignore_ament_install']
[0.222s] [34mcolcon.colcon_core.package_identification[0m [1;30mLevel 1[0m _identify(src/moveit2/moveit_common) by extension 'ignore'
[0.222s] [34mcolcon.colcon_core.package_identification[0m [1;30mLevel 1[0m _identify(src/moveit2/moveit_common) by extension 'ignore_ament_install'
[0.222s] [34mcolcon.colcon_core.package_identification[0m [1;30mLevel 1[0m _identify(src/moveit2/moveit_common) by extensions ['colcon_pkg']
[0.222s] [34mcolcon.colcon_core.package_identification[0m [1;30mLevel 1[0m _identify(src/moveit2/moveit_common) by extension 'colcon_pkg'
[0.222s] [34mcolcon.colcon_core.package_identification[0m [1;30mLevel 1[0m _identify(src/moveit2/moveit_common) by extensions ['colcon_meta']
[0.222s] [34mcolcon.colcon_core.package_identification[0m [1;30mLevel 1[0m _identify(src/moveit2/moveit_common) by extension 'colcon_meta'
[0.222s] [34mcolcon.colcon_core.package_identification[0m [1;30mLevel 1[0m _identify(src/moveit2/moveit_common) by extensions ['ros']
[0.222s] [34mcolcon.colcon_core.package_identification[0m [1;30mLevel 1[0m _identify(src/moveit2/moveit_common) by extension 'ros'
[0.222s] [34mcolcon.colcon_core.package_identification[0m [1;30mDEBUG[0m [32mPackage 'src/moveit2/moveit_common' with type 'ros.ament_cmake' and name 'moveit_common'[0m
[0.222s] [34mcolcon.colcon_core.package_identification[0m [1;30mLevel 1[0m _identify(src/moveit2/moveit_configs_utils) by extensions ['ignore', 'ignore_ament_install']
[0.222s] [34mcolcon.colcon_core.package_identification[0m [1;30mLevel 1[0m _identify(src/moveit2/moveit_configs_utils) by extension 'ignore'
[0.222s] [34mcolcon.colcon_core.package_identification[0m [1;30mLevel 1[0m _identify(src/moveit2/moveit_configs_utils) by extension 'ignore_ament_install'
[0.222s] [34mcolcon.colcon_core.package_identification[0m [1;30mLevel 1[0m _identify(src/moveit2/moveit_configs_utils) by extensions ['colcon_pkg']
[0.222s] [34mcolcon.colcon_core.package_identification[0m [1;30mLevel 1[0m _identify(src/moveit2/moveit_configs_utils) by extension 'colcon_pkg'
[0.222s] [34mcolcon.colcon_core.package_identification[0m [1;30mLevel 1[0m _identify(src/moveit2/moveit_configs_utils) by extensions ['colcon_meta']
[0.222s] [34mcolcon.colcon_core.package_identification[0m [1;30mLevel 1[0m _identify(src/moveit2/moveit_configs_utils) by extension 'colcon_meta'
[0.222s] [34mcolcon.colcon_core.package_identification[0m [1;30mLevel 1[0m _identify(src/moveit2/moveit_configs_utils) by extensions ['ros']
[0.222s] [34mcolcon.colcon_core.package_identification[0m [1;30mLevel 1[0m _identify(src/moveit2/moveit_configs_utils) by extension 'ros'
[0.223s] [34mcolcon.colcon_core.package_identification[0m [1;30mDEBUG[0m [32mPackage 'src/moveit2/moveit_configs_utils' with type 'ros.ament_python' and name 'moveit_configs_utils'[0m
[0.223s] [34mcolcon.colcon_core.package_identification[0m [1;30mLevel 1[0m _identify(src/moveit2/moveit_core) by extensions ['ignore', 'ignore_ament_install']
[0.223s] [34mcolcon.colcon_core.package_identification[0m [1;30mLevel 1[0m _identify(src/moveit2/moveit_core) by extension 'ignore'
[0.223s] [34mcolcon.colcon_core.package_identification[0m [1;30mLevel 1[0m _identify(src/moveit2/moveit_core) by extension 'ignore_ament_install'
[0.223s] [34mcolcon.colcon_core.package_identification[0m [1;30mLevel 1[0m _identify(src/moveit2/moveit_core) by extensions ['colcon_pkg']
[0.223s] [34mcolcon.colcon_core.package_identification[0m [1;30mLevel 1[0m _identify(src/moveit2/moveit_core) by extension 'colcon_pkg'
[0.223s] [34mcolcon.colcon_core.package_identification[0m [1;30mLevel 1[0m _identify(src/moveit2/moveit_core) by extensions ['colcon_meta']
[0.223s] [34mcolcon.colcon_core.package_identification[0m [1;30mLevel 1[0m _identify(src/moveit2/moveit_core) by extension 'colcon_meta'
[0.223s] [34mcolcon.colcon_core.package_identification[0m [1;30mLevel 1[0m _identify(src/moveit2/moveit_core) by extensions ['ros']
[0.223s] [34mcolcon.colcon_core.package_identification[0m [1;30mLevel 1[0m _identify(src/moveit2/moveit_core) by extension 'ros'
[0.225s] [34mcolcon.colcon_core.package_identification[0m [1;30mDEBUG[0m [32mPackage 'src/moveit2/moveit_core' with type 'ros.ament_cmake' and name 'moveit_core'[0m
[0.225s] [34mcolcon.colcon_core.package_identification[0m [1;30mLevel 1[0m _identify(src/moveit2/moveit_experimental) by extensions ['ignore', 'ignore_ament_install']
[0.225s] [34mcolcon.colcon_core.package_identification[0m [1;30mLevel 1[0m _identify(src/moveit2/moveit_experimental) by extension 'ignore'
[0.225s] [34mcolcon.colcon_core.package_identification[0m [1;30mLevel 1[0m _identify(src/moveit2/moveit_experimental) ignored
[0.225s] [34mcolcon.colcon_core.package_identification[0m [1;30mLevel 1[0m _identify(src/moveit2/moveit_kinematics) by extensions ['ignore', 'ignore_ament_install']
[0.225s] [34mcolcon.colcon_core.package_identification[0m [1;30mLevel 1[0m _identify(src/moveit2/moveit_kinematics) by extension 'ignore'
[0.225s] [34mcolcon.colcon_core.package_identification[0m [1;30mLevel 1[0m _identify(src/moveit2/moveit_kinematics) by extension 'ignore_ament_install'
[0.225s] [34mcolcon.colcon_core.package_identification[0m [1;30mLevel 1[0m _identify(src/moveit2/moveit_kinematics) by extensions ['colcon_pkg']
[0.225s] [34mcolcon.colcon_core.package_identification[0m [1;30mLevel 1[0m _identify(src/moveit2/moveit_kinematics) by extension 'colcon_pkg'
[0.226s] [34mcolcon.colcon_core.package_identification[0m [1;30mLevel 1[0m _identify(src/moveit2/moveit_kinematics) by extensions ['colcon_meta']
[0.226s] [34mcolcon.colcon_core.package_identification[0m [1;30mLevel 1[0m _identify(src/moveit2/moveit_kinematics) by extension 'colcon_meta'
[0.226s] [34mcolcon.colcon_core.package_identification[0m [1;30mLevel 1[0m _identify(src/moveit2/moveit_kinematics) by extensions ['ros']
[0.226s] [34mcolcon.colcon_core.package_identification[0m [1;30mLevel 1[0m _identify(src/moveit2/moveit_kinematics) by extension 'ros'
[0.227s] [34mcolcon.colcon_core.package_identification[0m [1;30mDEBUG[0m [32mPackage 'src/moveit2/moveit_kinematics' with type 'ros.ament_cmake' and name 'moveit_kinematics'[0m
[0.227s] [34mcolcon.colcon_core.package_identification[0m [1;30mLevel 1[0m _identify(src/moveit2/moveit_planners) by extensions ['ignore', 'ignore_ament_install']
[0.227s] [34mcolcon.colcon_core.package_identification[0m [1;30mLevel 1[0m _identify(src/moveit2/moveit_planners) by extension 'ignore'
[0.227s] [34mcolcon.colcon_core.package_identification[0m [1;30mLevel 1[0m _identify(src/moveit2/moveit_planners) by extension 'ignore_ament_install'
[0.227s] [34mcolcon.colcon_core.package_identification[0m [1;30mLevel 1[0m _identify(src/moveit2/moveit_planners) by extensions ['colcon_pkg']
[0.227s] [34mcolcon.colcon_core.package_identification[0m [1;30mLevel 1[0m _identify(src/moveit2/moveit_planners) by extension 'colcon_pkg'
[0.227s] [34mcolcon.colcon_core.package_identification[0m [1;30mLevel 1[0m _identify(src/moveit2/moveit_planners) by extensions ['colcon_meta']
[0.227s] [34mcolcon.colcon_core.package_identification[0m [1;30mLevel 1[0m _identify(src/moveit2/moveit_planners) by extension 'colcon_meta'
[0.227s] [34mcolcon.colcon_core.package_identification[0m [1;30mLevel 1[0m _identify(src/moveit2/moveit_planners) by extensions ['ros']
[0.227s] [34mcolcon.colcon_core.package_identification[0m [1;30mLevel 1[0m _identify(src/moveit2/moveit_planners) by extension 'ros'
[0.227s] [34mcolcon.colcon_core.package_identification[0m [1;30mLevel 1[0m _identify(src/moveit2/moveit_planners) by extensions ['cmake', 'python']
[0.227s] [34mcolcon.colcon_core.package_identification[0m [1;30mLevel 1[0m _identify(src/moveit2/moveit_planners) by extension 'cmake'
[0.227s] [34mcolcon.colcon_core.package_identification[0m [1;30mLevel 1[0m _identify(src/moveit2/moveit_planners) by extension 'python'
[0.227s] [34mcolcon.colcon_core.package_identification[0m [1;30mLevel 1[0m _identify(src/moveit2/moveit_planners) by extensions ['python_setup_py']
[0.227s] [34mcolcon.colcon_core.package_identification[0m [1;30mLevel 1[0m _identify(src/moveit2/moveit_planners) by extension 'python_setup_py'
[0.227s] [34mcolcon.colcon_core.package_identification[0m [1;30mLevel 1[0m _identify(src/moveit2/moveit_planners/chomp) by extensions ['ignore', 'ignore_ament_install']
[0.227s] [34mcolcon.colcon_core.package_identification[0m [1;30mLevel 1[0m _identify(src/moveit2/moveit_planners/chomp) by extension 'ignore'
[0.227s] [34mcolcon.colcon_core.package_identification[0m [1;30mLevel 1[0m _identify(src/moveit2/moveit_planners/chomp) by extension 'ignore_ament_install'
[0.227s] [34mcolcon.colcon_core.package_identification[0m [1;30mLevel 1[0m _identify(src/moveit2/moveit_planners/chomp) by extensions ['colcon_pkg']
[0.227s] [34mcolcon.colcon_core.package_identification[0m [1;30mLevel 1[0m _identify(src/moveit2/moveit_planners/chomp) by extension 'colcon_pkg'
[0.227s] [34mcolcon.colcon_core.package_identification[0m [1;30mLevel 1[0m _identify(src/moveit2/moveit_planners/chomp) by extensions ['colcon_meta']
[0.227s] [34mcolcon.colcon_core.package_identification[0m [1;30mLevel 1[0m _identify(src/moveit2/moveit_planners/chomp) by extension 'colcon_meta'
[0.227s] [34mcolcon.colcon_core.package_identification[0m [1;30mLevel 1[0m _identify(src/moveit2/moveit_planners/chomp) by extensions ['ros']
[0.227s] [34mcolcon.colcon_core.package_identification[0m [1;30mLevel 1[0m _identify(src/moveit2/moveit_planners/chomp) by extension 'ros'
[0.227s] [34mcolcon.colcon_core.package_identification[0m [1;30mLevel 1[0m _identify(src/moveit2/moveit_planners/chomp) by extensions ['cmake', 'python']
[0.227s] [34mcolcon.colcon_core.package_identification[0m [1;30mLevel 1[0m _identify(src/moveit2/moveit_planners/chomp) by extension 'cmake'
[0.227s] [34mcolcon.colcon_core.package_identification[0m [1;30mLevel 1[0m _identify(src/moveit2/moveit_planners/chomp) by extension 'python'
[0.227s] [34mcolcon.colcon_core.package_identification[0m [1;30mLevel 1[0m _identify(src/moveit2/moveit_planners/chomp) by extensions ['python_setup_py']
[0.227s] [34mcolcon.colcon_core.package_identification[0m [1;30mLevel 1[0m _identify(src/moveit2/moveit_planners/chomp) by extension 'python_setup_py'
[0.227s] [34mcolcon.colcon_core.package_identification[0m [1;30mLevel 1[0m _identify(src/moveit2/moveit_planners/chomp/chomp_interface) by extensions ['ignore', 'ignore_ament_install']
[0.227s] [34mcolcon.colcon_core.package_identification[0m [1;30mLevel 1[0m _identify(src/moveit2/moveit_planners/chomp/chomp_interface) by extension 'ignore'
[0.227s] [34mcolcon.colcon_core.package_identification[0m [1;30mLevel 1[0m _identify(src/moveit2/moveit_planners/chomp/chomp_interface) by extension 'ignore_ament_install'
[0.227s] [34mcolcon.colcon_core.package_identification[0m [1;30mLevel 1[0m _identify(src/moveit2/moveit_planners/chomp/chomp_interface) by extensions ['colcon_pkg']
[0.227s] [34mcolcon.colcon_core.package_identification[0m [1;30mLevel 1[0m _identify(src/moveit2/moveit_planners/chomp/chomp_interface) by extension 'colcon_pkg'
[0.227s] [34mcolcon.colcon_core.package_identification[0m [1;30mLevel 1[0m _identify(src/moveit2/moveit_planners/chomp/chomp_interface) by extensions ['colcon_meta']
[0.227s] [34mcolcon.colcon_core.package_identification[0m [1;30mLevel 1[0m _identify(src/moveit2/moveit_planners/chomp/chomp_interface) by extension 'colcon_meta'
[0.228s] [34mcolcon.colcon_core.package_identification[0m [1;30mLevel 1[0m _identify(src/moveit2/moveit_planners/chomp/chomp_interface) by extensions ['ros']
[0.228s] [34mcolcon.colcon_core.package_identification[0m [1;30mLevel 1[0m _identify(src/moveit2/moveit_planners/chomp/chomp_interface) by extension 'ros'
[0.228s] [34mcolcon.colcon_core.package_identification[0m [1;30mDEBUG[0m [32mPackage 'src/moveit2/moveit_planners/chomp/chomp_interface' with type 'ros.ament_cmake' and name 'moveit_planners_chomp'[0m
[0.228s] [34mcolcon.colcon_core.package_identification[0m [1;30mLevel 1[0m _identify(src/moveit2/moveit_planners/chomp/chomp_motion_planner) by extensions ['ignore', 'ignore_ament_install']
[0.228s] [34mcolcon.colcon_core.package_identification[0m [1;30mLevel 1[0m _identify(src/moveit2/moveit_planners/chomp/chomp_motion_planner) by extension 'ignore'
[0.228s] [34mcolcon.colcon_core.package_identification[0m [1;30mLevel 1[0m _identify(src/moveit2/moveit_planners/chomp/chomp_motion_planner) by extension 'ignore_ament_install'
[0.228s] [34mcolcon.colcon_core.package_identification[0m [1;30mLevel 1[0m _identify(src/moveit2/moveit_planners/chomp/chomp_motion_planner) by extensions ['colcon_pkg']
[0.228s] [34mcolcon.colcon_core.package_identification[0m [1;30mLevel 1[0m _identify(src/moveit2/moveit_planners/chomp/chomp_motion_planner) by extension 'colcon_pkg'
[0.228s] [34mcolcon.colcon_core.package_identification[0m [1;30mLevel 1[0m _identify(src/moveit2/moveit_planners/chomp/chomp_motion_planner) by extensions ['colcon_meta']
[0.228s] [34mcolcon.colcon_core.package_identification[0m [1;30mLevel 1[0m _identify(src/moveit2/moveit_planners/chomp/chomp_motion_planner) by extension 'colcon_meta'
[0.228s] [34mcolcon.colcon_core.package_identification[0m [1;30mLevel 1[0m _identify(src/moveit2/moveit_planners/chomp/chomp_motion_planner) by extensions ['ros']
[0.228s] [34mcolcon.colcon_core.package_identification[0m [1;30mLevel 1[0m _identify(src/moveit2/moveit_planners/chomp/chomp_motion_planner) by extension 'ros'
[0.229s] [34mcolcon.colcon_core.package_identification[0m [1;30mDEBUG[0m [32mPackage 'src/moveit2/moveit_planners/chomp/chomp_motion_planner' with type 'ros.ament_cmake' and name 'chomp_motion_planner'[0m
[0.229s] [34mcolcon.colcon_core.package_identification[0m [1;30mLevel 1[0m _identify(src/moveit2/moveit_planners/chomp/chomp_optimizer_adapter) by extensions ['ignore', 'ignore_ament_install']
[0.229s] [34mcolcon.colcon_core.package_identification[0m [1;30mLevel 1[0m _identify(src/moveit2/moveit_planners/chomp/chomp_optimizer_adapter) by extension 'ignore'
[0.229s] [34mcolcon.colcon_core.package_identification[0m [1;30mLevel 1[0m _identify(src/moveit2/moveit_planners/chomp/chomp_optimizer_adapter) by extension 'ignore_ament_install'
[0.229s] [34mcolcon.colcon_core.package_identification[0m [1;30mLevel 1[0m _identify(src/moveit2/moveit_planners/chomp/chomp_optimizer_adapter) by extensions ['colcon_pkg']
[0.229s] [34mcolcon.colcon_core.package_identification[0m [1;30mLevel 1[0m _identify(src/moveit2/moveit_planners/chomp/chomp_optimizer_adapter) by extension 'colcon_pkg'
[0.229s] [34mcolcon.colcon_core.package_identification[0m [1;30mLevel 1[0m _identify(src/moveit2/moveit_planners/chomp/chomp_optimizer_adapter) by extensions ['colcon_meta']
[0.229s] [34mcolcon.colcon_core.package_identification[0m [1;30mLevel 1[0m _identify(src/moveit2/moveit_planners/chomp/chomp_optimizer_adapter) by extension 'colcon_meta'
[0.229s] [34mcolcon.colcon_core.package_identification[0m [1;30mLevel 1[0m _identify(src/moveit2/moveit_planners/chomp/chomp_optimizer_adapter) by extensions ['ros']
[0.229s] [34mcolcon.colcon_core.package_identification[0m [1;30mLevel 1[0m _identify(src/moveit2/moveit_planners/chomp/chomp_optimizer_adapter) by extension 'ros'
[0.230s] [34mcolcon.colcon_core.package_identification[0m [1;30mDEBUG[0m [32mPackage 'src/moveit2/moveit_planners/chomp/chomp_optimizer_adapter' with type 'ros.ament_cmake' and name 'moveit_chomp_optimizer_adapter'[0m
[0.230s] [34mcolcon.colcon_core.package_identification[0m [1;30mLevel 1[0m _identify(src/moveit2/moveit_planners/moveit_planners) by extensions ['ignore', 'ignore_ament_install']
[0.230s] [34mcolcon.colcon_core.package_identification[0m [1;30mLevel 1[0m _identify(src/moveit2/moveit_planners/moveit_planners) by extension 'ignore'
[0.230s] [34mcolcon.colcon_core.package_identification[0m [1;30mLevel 1[0m _identify(src/moveit2/moveit_planners/moveit_planners) by extension 'ignore_ament_install'
[0.230s] [34mcolcon.colcon_core.package_identification[0m [1;30mLevel 1[0m _identify(src/moveit2/moveit_planners/moveit_planners) by extensions ['colcon_pkg']
[0.230s] [34mcolcon.colcon_core.package_identification[0m [1;30mLevel 1[0m _identify(src/moveit2/moveit_planners/moveit_planners) by extension 'colcon_pkg'
[0.230s] [34mcolcon.colcon_core.package_identification[0m [1;30mLevel 1[0m _identify(src/moveit2/moveit_planners/moveit_planners) by extensions ['colcon_meta']
[0.230s] [34mcolcon.colcon_core.package_identification[0m [1;30mLevel 1[0m _identify(src/moveit2/moveit_planners/moveit_planners) by extension 'colcon_meta'
[0.230s] [34mcolcon.colcon_core.package_identification[0m [1;30mLevel 1[0m _identify(src/moveit2/moveit_planners/moveit_planners) by extensions ['ros']
[0.230s] [34mcolcon.colcon_core.package_identification[0m [1;30mLevel 1[0m _identify(src/moveit2/moveit_planners/moveit_planners) by extension 'ros'
[0.230s] [34mcolcon.colcon_core.package_identification[0m [1;30mDEBUG[0m [32mPackage 'src/moveit2/moveit_planners/moveit_planners' with type 'ros.ament_cmake' and name 'moveit_planners'[0m
[0.230s] [34mcolcon.colcon_core.package_identification[0m [1;30mLevel 1[0m _identify(src/moveit2/moveit_planners/ompl) by extensions ['ignore', 'ignore_ament_install']
[0.230s] [34mcolcon.colcon_core.package_identification[0m [1;30mLevel 1[0m _identify(src/moveit2/moveit_planners/ompl) by extension 'ignore'
[0.230s] [34mcolcon.colcon_core.package_identification[0m [1;30mLevel 1[0m _identify(src/moveit2/moveit_planners/ompl) by extension 'ignore_ament_install'
[0.230s] [34mcolcon.colcon_core.package_identification[0m [1;30mLevel 1[0m _identify(src/moveit2/moveit_planners/ompl) by extensions ['colcon_pkg']
[0.230s] [34mcolcon.colcon_core.package_identification[0m [1;30mLevel 1[0m _identify(src/moveit2/moveit_planners/ompl) by extension 'colcon_pkg'
[0.231s] [34mcolcon.colcon_core.package_identification[0m [1;30mLevel 1[0m _identify(src/moveit2/moveit_planners/ompl) by extensions ['colcon_meta']
[0.231s] [34mcolcon.colcon_core.package_identification[0m [1;30mLevel 1[0m _identify(src/moveit2/moveit_planners/ompl) by extension 'colcon_meta'
[0.231s] [34mcolcon.colcon_core.package_identification[0m [1;30mLevel 1[0m _identify(src/moveit2/moveit_planners/ompl) by extensions ['ros']
[0.231s] [34mcolcon.colcon_core.package_identification[0m [1;30mLevel 1[0m _identify(src/moveit2/moveit_planners/ompl) by extension 'ros'
[0.231s] [34mcolcon.colcon_core.package_identification[0m [1;30mDEBUG[0m [32mPackage 'src/moveit2/moveit_planners/ompl' with type 'ros.ament_cmake' and name 'moveit_planners_ompl'[0m
[0.231s] [34mcolcon.colcon_core.package_identification[0m [1;30mLevel 1[0m _identify(src/moveit2/moveit_planners/pilz_industrial_motion_planner) by extensions ['ignore', 'ignore_ament_install']
[0.231s] [34mcolcon.colcon_core.package_identification[0m [1;30mLevel 1[0m _identify(src/moveit2/moveit_planners/pilz_industrial_motion_planner) by extension 'ignore'
[0.231s] [34mcolcon.colcon_core.package_identification[0m [1;30mLevel 1[0m _identify(src/moveit2/moveit_planners/pilz_industrial_motion_planner) by extension 'ignore_ament_install'
[0.231s] [34mcolcon.colcon_core.package_identification[0m [1;30mLevel 1[0m _identify(src/moveit2/moveit_planners/pilz_industrial_motion_planner) by extensions ['colcon_pkg']
[0.232s] [34mcolcon.colcon_core.package_identification[0m [1;30mLevel 1[0m _identify(src/moveit2/moveit_planners/pilz_industrial_motion_planner) by extension 'colcon_pkg'
[0.232s] [34mcolcon.colcon_core.package_identification[0m [1;30mLevel 1[0m _identify(src/moveit2/moveit_planners/pilz_industrial_motion_planner) by extensions ['colcon_meta']
[0.232s] [34mcolcon.colcon_core.package_identification[0m [1;30mLevel 1[0m _identify(src/moveit2/moveit_planners/pilz_industrial_motion_planner) by extension 'colcon_meta'
[0.232s] [34mcolcon.colcon_core.package_identification[0m [1;30mLevel 1[0m _identify(src/moveit2/moveit_planners/pilz_industrial_motion_planner) by extensions ['ros']
[0.232s] [34mcolcon.colcon_core.package_identification[0m [1;30mLevel 1[0m _identify(src/moveit2/moveit_planners/pilz_industrial_motion_planner) by extension 'ros'
[0.233s] [34mcolcon.colcon_core.package_identification[0m [1;30mDEBUG[0m [32mPackage 'src/moveit2/moveit_planners/pilz_industrial_motion_planner' with type 'ros.ament_cmake' and name 'pilz_industrial_motion_planner'[0m
[0.233s] [34mcolcon.colcon_core.package_identification[0m [1;30mLevel 1[0m _identify(src/moveit2/moveit_planners/pilz_industrial_motion_planner_testutils) by extensions ['ignore', 'ignore_ament_install']
[0.233s] [34mcolcon.colcon_core.package_identification[0m [1;30mLevel 1[0m _identify(src/moveit2/moveit_planners/pilz_industrial_motion_planner_testutils) by extension 'ignore'
[0.233s] [34mcolcon.colcon_core.package_identification[0m [1;30mLevel 1[0m _identify(src/moveit2/moveit_planners/pilz_industrial_motion_planner_testutils) by extension 'ignore_ament_install'
[0.233s] [34mcolcon.colcon_core.package_identification[0m [1;30mLevel 1[0m _identify(src/moveit2/moveit_planners/pilz_industrial_motion_planner_testutils) by extensions ['colcon_pkg']
[0.233s] [34mcolcon.colcon_core.package_identification[0m [1;30mLevel 1[0m _identify(src/moveit2/moveit_planners/pilz_industrial_motion_planner_testutils) by extension 'colcon_pkg'
[0.233s] [34mcolcon.colcon_core.package_identification[0m [1;30mLevel 1[0m _identify(src/moveit2/moveit_planners/pilz_industrial_motion_planner_testutils) by extensions ['colcon_meta']
[0.233s] [34mcolcon.colcon_core.package_identification[0m [1;30mLevel 1[0m _identify(src/moveit2/moveit_planners/pilz_industrial_motion_planner_testutils) by extension 'colcon_meta'
[0.233s] [34mcolcon.colcon_core.package_identification[0m [1;30mLevel 1[0m _identify(src/moveit2/moveit_planners/pilz_industrial_motion_planner_testutils) by extensions ['ros']
[0.233s] [34mcolcon.colcon_core.package_identification[0m [1;30mLevel 1[0m _identify(src/moveit2/moveit_planners/pilz_industrial_motion_planner_testutils) by extension 'ros'
[0.233s] [34mcolcon.colcon_core.package_identification[0m [1;30mDEBUG[0m [32mPackage 'src/moveit2/moveit_planners/pilz_industrial_motion_planner_testutils' with type 'ros.ament_cmake' and name 'pilz_industrial_motion_planner_testutils'[0m
[0.233s] [34mcolcon.colcon_core.package_identification[0m [1;30mLevel 1[0m _identify(src/moveit2/moveit_planners/test_configs) by extensions ['ignore', 'ignore_ament_install']
[0.234s] [34mcolcon.colcon_core.package_identification[0m [1;30mLevel 1[0m _identify(src/moveit2/moveit_planners/test_configs) by extension 'ignore'
[0.234s] [34mcolcon.colcon_core.package_identification[0m [1;30mLevel 1[0m _identify(src/moveit2/moveit_planners/test_configs) by extension 'ignore_ament_install'
[0.234s] [34mcolcon.colcon_core.package_identification[0m [1;30mLevel 1[0m _identify(src/moveit2/moveit_planners/test_configs) by extensions ['colcon_pkg']
[0.234s] [34mcolcon.colcon_core.package_identification[0m [1;30mLevel 1[0m _identify(src/moveit2/moveit_planners/test_configs) by extension 'colcon_pkg'
[0.234s] [34mcolcon.colcon_core.package_identification[0m [1;30mLevel 1[0m _identify(src/moveit2/moveit_planners/test_configs) by extensions ['colcon_meta']
[0.234s] [34mcolcon.colcon_core.package_identification[0m [1;30mLevel 1[0m _identify(src/moveit2/moveit_planners/test_configs) by extension 'colcon_meta'
[0.234s] [34mcolcon.colcon_core.package_identification[0m [1;30mLevel 1[0m _identify(src/moveit2/moveit_planners/test_configs) by extensions ['ros']
[0.234s] [34mcolcon.colcon_core.package_identification[0m [1;30mLevel 1[0m _identify(src/moveit2/moveit_planners/test_configs) by extension 'ros'
[0.234s] [34mcolcon.colcon_core.package_identification[0m [1;30mLevel 1[0m _identify(src/moveit2/moveit_planners/test_configs) by extensions ['cmake', 'python']
[0.234s] [34mcolcon.colcon_core.package_identification[0m [1;30mLevel 1[0m _identify(src/moveit2/moveit_planners/test_configs) by extension 'cmake'
[0.234s] [34mcolcon.colcon_core.package_identification[0m [1;30mLevel 1[0m _identify(src/moveit2/moveit_planners/test_configs) by extension 'python'
[0.234s] [34mcolcon.colcon_core.package_identification[0m [1;30mLevel 1[0m _identify(src/moveit2/moveit_planners/test_configs) by extensions ['python_setup_py']
[0.234s] [34mcolcon.colcon_core.package_identification[0m [1;30mLevel 1[0m _identify(src/moveit2/moveit_planners/test_configs) by extension 'python_setup_py'
[0.234s] [34mcolcon.colcon_core.package_identification[0m [1;30mLevel 1[0m _identify(src/moveit2/moveit_planners/test_configs/prbt_ikfast_manipulator_plugin) by extensions ['ignore', 'ignore_ament_install']
[0.234s] [34mcolcon.colcon_core.package_identification[0m [1;30mLevel 1[0m _identify(src/moveit2/moveit_planners/test_configs/prbt_ikfast_manipulator_plugin) by extension 'ignore'
[0.234s] [34mcolcon.colcon_core.package_identification[0m [1;30mLevel 1[0m _identify(src/moveit2/moveit_planners/test_configs/prbt_ikfast_manipulator_plugin) by extension 'ignore_ament_install'
[0.234s] [34mcolcon.colcon_core.package_identification[0m [1;30mLevel 1[0m _identify(src/moveit2/moveit_planners/test_configs/prbt_ikfast_manipulator_plugin) by extensions ['colcon_pkg']
[0.234s] [34mcolcon.colcon_core.package_identification[0m [1;30mLevel 1[0m _identify(src/moveit2/moveit_planners/test_configs/prbt_ikfast_manipulator_plugin) by extension 'colcon_pkg'
[0.234s] [34mcolcon.colcon_core.package_identification[0m [1;30mLevel 1[0m _identify(src/moveit2/moveit_planners/test_configs/prbt_ikfast_manipulator_plugin) by extensions ['colcon_meta']
[0.234s] [34mcolcon.colcon_core.package_identification[0m [1;30mLevel 1[0m _identify(src/moveit2/moveit_planners/test_configs/prbt_ikfast_manipulator_plugin) by extension 'colcon_meta'
[0.234s] [34mcolcon.colcon_core.package_identification[0m [1;30mLevel 1[0m _identify(src/moveit2/moveit_planners/test_configs/prbt_ikfast_manipulator_plugin) by extensions ['ros']
[0.234s] [34mcolcon.colcon_core.package_identification[0m [1;30mLevel 1[0m _identify(src/moveit2/moveit_planners/test_configs/prbt_ikfast_manipulator_plugin) by extension 'ros'
[0.234s] [34mcolcon.colcon_core.package_identification[0m [1;30mDEBUG[0m [32mPackage 'src/moveit2/moveit_planners/test_configs/prbt_ikfast_manipulator_plugin' with type 'ros.ament_cmake' and name 'moveit_resources_prbt_ikfast_manipulator_plugin'[0m
[0.235s] [34mcolcon.colcon_core.package_identification[0m [1;30mLevel 1[0m _identify(src/moveit2/moveit_planners/test_configs/prbt_moveit_config) by extensions ['ignore', 'ignore_ament_install']
[0.235s] [34mcolcon.colcon_core.package_identification[0m [1;30mLevel 1[0m _identify(src/moveit2/moveit_planners/test_configs/prbt_moveit_config) by extension 'ignore'
[0.235s] [34mcolcon.colcon_core.package_identification[0m [1;30mLevel 1[0m _identify(src/moveit2/moveit_planners/test_configs/prbt_moveit_config) by extension 'ignore_ament_install'
[0.235s] [34mcolcon.colcon_core.package_identification[0m [1;30mLevel 1[0m _identify(src/moveit2/moveit_planners/test_configs/prbt_moveit_config) by extensions ['colcon_pkg']
[0.235s] [34mcolcon.colcon_core.package_identification[0m [1;30mLevel 1[0m _identify(src/moveit2/moveit_planners/test_configs/prbt_moveit_config) by extension 'colcon_pkg'
[0.235s] [34mcolcon.colcon_core.package_identification[0m [1;30mLevel 1[0m _identify(src/moveit2/moveit_planners/test_configs/prbt_moveit_config) by extensions ['colcon_meta']
[0.235s] [34mcolcon.colcon_core.package_identification[0m [1;30mLevel 1[0m _identify(src/moveit2/moveit_planners/test_configs/prbt_moveit_config) by extension 'colcon_meta'
[0.235s] [34mcolcon.colcon_core.package_identification[0m [1;30mLevel 1[0m _identify(src/moveit2/moveit_planners/test_configs/prbt_moveit_config) by extensions ['ros']
[0.235s] [34mcolcon.colcon_core.package_identification[0m [1;30mLevel 1[0m _identify(src/moveit2/moveit_planners/test_configs/prbt_moveit_config) by extension 'ros'
[0.235s] [34mcolcon.colcon_core.package_identification[0m [1;30mDEBUG[0m [32mPackage 'src/moveit2/moveit_planners/test_configs/prbt_moveit_config' with type 'ros.ament_cmake' and name 'moveit_resources_prbt_moveit_config'[0m
[0.235s] [34mcolcon.colcon_core.package_identification[0m [1;30mLevel 1[0m _identify(src/moveit2/moveit_planners/test_configs/prbt_pg70_support) by extensions ['ignore', 'ignore_ament_install']
[0.235s] [34mcolcon.colcon_core.package_identification[0m [1;30mLevel 1[0m _identify(src/moveit2/moveit_planners/test_configs/prbt_pg70_support) by extension 'ignore'
[0.235s] [34mcolcon.colcon_core.package_identification[0m [1;30mLevel 1[0m _identify(src/moveit2/moveit_planners/test_configs/prbt_pg70_support) by extension 'ignore_ament_install'
[0.235s] [34mcolcon.colcon_core.package_identification[0m [1;30mLevel 1[0m _identify(src/moveit2/moveit_planners/test_configs/prbt_pg70_support) by extensions ['colcon_pkg']
[0.235s] [34mcolcon.colcon_core.package_identification[0m [1;30mLevel 1[0m _identify(src/moveit2/moveit_planners/test_configs/prbt_pg70_support) by extension 'colcon_pkg'
[0.235s] [34mcolcon.colcon_core.package_identification[0m [1;30mLevel 1[0m _identify(src/moveit2/moveit_planners/test_configs/prbt_pg70_support) by extensions ['colcon_meta']
[0.235s] [34mcolcon.colcon_core.package_identification[0m [1;30mLevel 1[0m _identify(src/moveit2/moveit_planners/test_configs/prbt_pg70_support) by extension 'colcon_meta'
[0.235s] [34mcolcon.colcon_core.package_identification[0m [1;30mLevel 1[0m _identify(src/moveit2/moveit_planners/test_configs/prbt_pg70_support) by extensions ['ros']
[0.235s] [34mcolcon.colcon_core.package_identification[0m [1;30mLevel 1[0m _identify(src/moveit2/moveit_planners/test_configs/prbt_pg70_support) by extension 'ros'
[0.236s] [34mcolcon.colcon_core.package_identification[0m [1;30mDEBUG[0m [32mPackage 'src/moveit2/moveit_planners/test_configs/prbt_pg70_support' with type 'ros.ament_cmake' and name 'moveit_resources_prbt_pg70_support'[0m
[0.236s] [34mcolcon.colcon_core.package_identification[0m [1;30mLevel 1[0m _identify(src/moveit2/moveit_planners/test_configs/prbt_support) by extensions ['ignore', 'ignore_ament_install']
[0.236s] [34mcolcon.colcon_core.package_identification[0m [1;30mLevel 1[0m _identify(src/moveit2/moveit_planners/test_configs/prbt_support) by extension 'ignore'
[0.236s] [34mcolcon.colcon_core.package_identification[0m [1;30mLevel 1[0m _identify(src/moveit2/moveit_planners/test_configs/prbt_support) by extension 'ignore_ament_install'
[0.236s] [34mcolcon.colcon_core.package_identification[0m [1;30mLevel 1[0m _identify(src/moveit2/moveit_planners/test_configs/prbt_support) by extensions ['colcon_pkg']
[0.236s] [34mcolcon.colcon_core.package_identification[0m [1;30mLevel 1[0m _identify(src/moveit2/moveit_planners/test_configs/prbt_support) by extension 'colcon_pkg'
[0.236s] [34mcolcon.colcon_core.package_identification[0m [1;30mLevel 1[0m _identify(src/moveit2/moveit_planners/test_configs/prbt_support) by extensions ['colcon_meta']
[0.236s] [34mcolcon.colcon_core.package_identification[0m [1;30mLevel 1[0m _identify(src/moveit2/moveit_planners/test_configs/prbt_support) by extension 'colcon_meta'
[0.236s] [34mcolcon.colcon_core.package_identification[0m [1;30mLevel 1[0m _identify(src/moveit2/moveit_planners/test_configs/prbt_support) by extensions ['ros']
[0.236s] [34mcolcon.colcon_core.package_identification[0m [1;30mLevel 1[0m _identify(src/moveit2/moveit_planners/test_configs/prbt_support) by extension 'ros'
[0.236s] [34mcolcon.colcon_core.package_identification[0m [1;30mDEBUG[0m [32mPackage 'src/moveit2/moveit_planners/test_configs/prbt_support' with type 'ros.ament_cmake' and name 'moveit_resources_prbt_support'[0m
[0.236s] [34mcolcon.colcon_core.package_identification[0m [1;30mLevel 1[0m _identify(src/moveit2/moveit_planners/trajopt) by extensions ['ignore', 'ignore_ament_install']
[0.237s] [34mcolcon.colcon_core.package_identification[0m [1;30mLevel 1[0m _identify(src/moveit2/moveit_planners/trajopt) by extension 'ignore'
[0.237s] [34mcolcon.colcon_core.package_identification[0m [1;30mLevel 1[0m _identify(src/moveit2/moveit_planners/trajopt) ignored
[0.237s] [34mcolcon.colcon_core.package_identification[0m [1;30mLevel 1[0m _identify(src/moveit2/moveit_plugins) by extensions ['ignore', 'ignore_ament_install']
[0.237s] [34mcolcon.colcon_core.package_identification[0m [1;30mLevel 1[0m _identify(src/moveit2/moveit_plugins) by extension 'ignore'
[0.237s] [34mcolcon.colcon_core.package_identification[0m [1;30mLevel 1[0m _identify(src/moveit2/moveit_plugins) by extension 'ignore_ament_install'
[0.237s] [34mcolcon.colcon_core.package_identification[0m [1;30mLevel 1[0m _identify(src/moveit2/moveit_plugins) by extensions ['colcon_pkg']
[0.237s] [34mcolcon.colcon_core.package_identification[0m [1;30mLevel 1[0m _identify(src/moveit2/moveit_plugins) by extension 'colcon_pkg'
[0.237s] [34mcolcon.colcon_core.package_identification[0m [1;30mLevel 1[0m _identify(src/moveit2/moveit_plugins) by extensions ['colcon_meta']
[0.237s] [34mcolcon.colcon_core.package_identification[0m [1;30mLevel 1[0m _identify(src/moveit2/moveit_plugins) by extension 'colcon_meta'
[0.237s] [34mcolcon.colcon_core.package_identification[0m [1;30mLevel 1[0m _identify(src/moveit2/moveit_plugins) by extensions ['ros']
[0.237s] [34mcolcon.colcon_core.package_identification[0m [1;30mLevel 1[0m _identify(src/moveit2/moveit_plugins) by extension 'ros'
[0.237s] [34mcolcon.colcon_core.package_identification[0m [1;30mLevel 1[0m _identify(src/moveit2/moveit_plugins) by extensions ['cmake', 'python']
[0.237s] [34mcolcon.colcon_core.package_identification[0m [1;30mLevel 1[0m _identify(src/moveit2/moveit_plugins) by extension 'cmake'
[0.237s] [34mcolcon.colcon_core.package_identification[0m [1;30mLevel 1[0m _identify(src/moveit2/moveit_plugins) by extension 'python'
[0.237s] [34mcolcon.colcon_core.package_identification[0m [1;30mLevel 1[0m _identify(src/moveit2/moveit_plugins) by extensions ['python_setup_py']
[0.237s] [34mcolcon.colcon_core.package_identification[0m [1;30mLevel 1[0m _identify(src/moveit2/moveit_plugins) by extension 'python_setup_py'
[0.237s] [34mcolcon.colcon_core.package_identification[0m [1;30mLevel 1[0m _identify(src/moveit2/moveit_plugins/moveit_plugins) by extensions ['ignore', 'ignore_ament_install']
[0.237s] [34mcolcon.colcon_core.package_identification[0m [1;30mLevel 1[0m _identify(src/moveit2/moveit_plugins/moveit_plugins) by extension 'ignore'
[0.237s] [34mcolcon.colcon_core.package_identification[0m [1;30mLevel 1[0m _identify(src/moveit2/moveit_plugins/moveit_plugins) by extension 'ignore_ament_install'
[0.237s] [34mcolcon.colcon_core.package_identification[0m [1;30mLevel 1[0m _identify(src/moveit2/moveit_plugins/moveit_plugins) by extensions ['colcon_pkg']
[0.237s] [34mcolcon.colcon_core.package_identification[0m [1;30mLevel 1[0m _identify(src/moveit2/moveit_plugins/moveit_plugins) by extension 'colcon_pkg'
[0.237s] [34mcolcon.colcon_core.package_identification[0m [1;30mLevel 1[0m _identify(src/moveit2/moveit_plugins/moveit_plugins) by extensions ['colcon_meta']
[0.237s] [34mcolcon.colcon_core.package_identification[0m [1;30mLevel 1[0m _identify(src/moveit2/moveit_plugins/moveit_plugins) by extension 'colcon_meta'
[0.237s] [34mcolcon.colcon_core.package_identification[0m [1;30mLevel 1[0m _identify(src/moveit2/moveit_plugins/moveit_plugins) by extensions ['ros']
[0.237s] [34mcolcon.colcon_core.package_identification[0m [1;30mLevel 1[0m _identify(src/moveit2/moveit_plugins/moveit_plugins) by extension 'ros'
[0.237s] [34mcolcon.colcon_core.package_identification[0m [1;30mDEBUG[0m [32mPackage 'src/moveit2/moveit_plugins/moveit_plugins' with type 'ros.ament_cmake' and name 'moveit_plugins'[0m
[0.238s] [34mcolcon.colcon_core.package_identification[0m [1;30mLevel 1[0m _identify(src/moveit2/moveit_plugins/moveit_ros_control_interface) by extensions ['ignore', 'ignore_ament_install']
[0.238s] [34mcolcon.colcon_core.package_identification[0m [1;30mLevel 1[0m _identify(src/moveit2/moveit_plugins/moveit_ros_control_interface) by extension 'ignore'
[0.238s] [34mcolcon.colcon_core.package_identification[0m [1;30mLevel 1[0m _identify(src/moveit2/moveit_plugins/moveit_ros_control_interface) by extension 'ignore_ament_install'
[0.238s] [34mcolcon.colcon_core.package_identification[0m [1;30mLevel 1[0m _identify(src/moveit2/moveit_plugins/moveit_ros_control_interface) by extensions ['colcon_pkg']
[0.238s] [34mcolcon.colcon_core.package_identification[0m [1;30mLevel 1[0m _identify(src/moveit2/moveit_plugins/moveit_ros_control_interface) by extension 'colcon_pkg'
[0.238s] [34mcolcon.colcon_core.package_identification[0m [1;30mLevel 1[0m _identify(src/moveit2/moveit_plugins/moveit_ros_control_interface) by extensions ['colcon_meta']
[0.238s] [34mcolcon.colcon_core.package_identification[0m [1;30mLevel 1[0m _identify(src/moveit2/moveit_plugins/moveit_ros_control_interface) by extension 'colcon_meta'
[0.238s] [34mcolcon.colcon_core.package_identification[0m [1;30mLevel 1[0m _identify(src/moveit2/moveit_plugins/moveit_ros_control_interface) by extensions ['ros']
[0.238s] [34mcolcon.colcon_core.package_identification[0m [1;30mLevel 1[0m _identify(src/moveit2/moveit_plugins/moveit_ros_control_interface) by extension 'ros'
[0.238s] [34mcolcon.colcon_core.package_identification[0m [1;30mDEBUG[0m [32mPackage 'src/moveit2/moveit_plugins/moveit_ros_control_interface' with type 'ros.ament_cmake' and name 'moveit_ros_control_interface'[0m
[0.238s] [34mcolcon.colcon_core.package_identification[0m [1;30mLevel 1[0m _identify(src/moveit2/moveit_plugins/moveit_simple_controller_manager) by extensions ['ignore', 'ignore_ament_install']
[0.238s] [34mcolcon.colcon_core.package_identification[0m [1;30mLevel 1[0m _identify(src/moveit2/moveit_plugins/moveit_simple_controller_manager) by extension 'ignore'
[0.238s] [34mcolcon.colcon_core.package_identification[0m [1;30mLevel 1[0m _identify(src/moveit2/moveit_plugins/moveit_simple_controller_manager) by extension 'ignore_ament_install'
[0.238s] [34mcolcon.colcon_core.package_identification[0m [1;30mLevel 1[0m _identify(src/moveit2/moveit_plugins/moveit_simple_controller_manager) by extensions ['colcon_pkg']
[0.238s] [34mcolcon.colcon_core.package_identification[0m [1;30mLevel 1[0m _identify(src/moveit2/moveit_plugins/moveit_simple_controller_manager) by extension 'colcon_pkg'
[0.239s] [34mcolcon.colcon_core.package_identification[0m [1;30mLevel 1[0m _identify(src/moveit2/moveit_plugins/moveit_simple_controller_manager) by extensions ['colcon_meta']
[0.239s] [34mcolcon.colcon_core.package_identification[0m [1;30mLevel 1[0m _identify(src/moveit2/moveit_plugins/moveit_simple_controller_manager) by extension 'colcon_meta'
[0.239s] [34mcolcon.colcon_core.package_identification[0m [1;30mLevel 1[0m _identify(src/moveit2/moveit_plugins/moveit_simple_controller_manager) by extensions ['ros']
[0.239s] [34mcolcon.colcon_core.package_identification[0m [1;30mLevel 1[0m _identify(src/moveit2/moveit_plugins/moveit_simple_controller_manager) by extension 'ros'
[0.239s] [34mcolcon.colcon_core.package_identification[0m [1;30mDEBUG[0m [32mPackage 'src/moveit2/moveit_plugins/moveit_simple_controller_manager' with type 'ros.ament_cmake' and name 'moveit_simple_controller_manager'[0m
[0.239s] [34mcolcon.colcon_core.package_identification[0m [1;30mLevel 1[0m _identify(src/moveit2/moveit_ros) by extensions ['ignore', 'ignore_ament_install']
[0.239s] [34mcolcon.colcon_core.package_identification[0m [1;30mLevel 1[0m _identify(src/moveit2/moveit_ros) by extension 'ignore'
[0.239s] [34mcolcon.colcon_core.package_identification[0m [1;30mLevel 1[0m _identify(src/moveit2/moveit_ros) by extension 'ignore_ament_install'
[0.239s] [34mcolcon.colcon_core.package_identification[0m [1;30mLevel 1[0m _identify(src/moveit2/moveit_ros) by extensions ['colcon_pkg']
[0.239s] [34mcolcon.colcon_core.package_identification[0m [1;30mLevel 1[0m _identify(src/moveit2/moveit_ros) by extension 'colcon_pkg'
[0.239s] [34mcolcon.colcon_core.package_identification[0m [1;30mLevel 1[0m _identify(src/moveit2/moveit_ros) by extensions ['colcon_meta']
[0.239s] [34mcolcon.colcon_core.package_identification[0m [1;30mLevel 1[0m _identify(src/moveit2/moveit_ros) by extension 'colcon_meta'
[0.239s] [34mcolcon.colcon_core.package_identification[0m [1;30mLevel 1[0m _identify(src/moveit2/moveit_ros) by extensions ['ros']
[0.239s] [34mcolcon.colcon_core.package_identification[0m [1;30mLevel 1[0m _identify(src/moveit2/moveit_ros) by extension 'ros'
[0.240s] [34mcolcon.colcon_core.package_identification[0m [1;30mLevel 1[0m _identify(src/moveit2/moveit_ros) by extensions ['cmake', 'python']
[0.240s] [34mcolcon.colcon_core.package_identification[0m [1;30mLevel 1[0m _identify(src/moveit2/moveit_ros) by extension 'cmake'
[0.240s] [34mcolcon.colcon_core.package_identification[0m [1;30mLevel 1[0m _identify(src/moveit2/moveit_ros) by extension 'python'
[0.240s] [34mcolcon.colcon_core.package_identification[0m [1;30mLevel 1[0m _identify(src/moveit2/moveit_ros) by extensions ['python_setup_py']
[0.240s] [34mcolcon.colcon_core.package_identification[0m [1;30mLevel 1[0m _identify(src/moveit2/moveit_ros) by extension 'python_setup_py'
[0.240s] [34mcolcon.colcon_core.package_identification[0m [1;30mLevel 1[0m _identify(src/moveit2/moveit_ros/benchmarks) by extensions ['ignore', 'ignore_ament_install']
[0.240s] [34mcolcon.colcon_core.package_identification[0m [1;30mLevel 1[0m _identify(src/moveit2/moveit_ros/benchmarks) by extension 'ignore'
[0.240s] [34mcolcon.colcon_core.package_identification[0m [1;30mLevel 1[0m _identify(src/moveit2/moveit_ros/benchmarks) by extension 'ignore_ament_install'
[0.240s] [34mcolcon.colcon_core.package_identification[0m [1;30mLevel 1[0m _identify(src/moveit2/moveit_ros/benchmarks) by extensions ['colcon_pkg']
[0.240s] [34mcolcon.colcon_core.package_identification[0m [1;30mLevel 1[0m _identify(src/moveit2/moveit_ros/benchmarks) by extension 'colcon_pkg'
[0.240s] [34mcolcon.colcon_core.package_identification[0m [1;30mLevel 1[0m _identify(src/moveit2/moveit_ros/benchmarks) by extensions ['colcon_meta']
[0.240s] [34mcolcon.colcon_core.package_identification[0m [1;30mLevel 1[0m _identify(src/moveit2/moveit_ros/benchmarks) by extension 'colcon_meta'
[0.240s] [34mcolcon.colcon_core.package_identification[0m [1;30mLevel 1[0m _identify(src/moveit2/moveit_ros/benchmarks) by extensions ['ros']
[0.240s] [34mcolcon.colcon_core.package_identification[0m [1;30mLevel 1[0m _identify(src/moveit2/moveit_ros/benchmarks) by extension 'ros'
[0.240s] [34mcolcon.colcon_core.package_identification[0m [1;30mDEBUG[0m [32mPackage 'src/moveit2/moveit_ros/benchmarks' with type 'ros.ament_cmake' and name 'moveit_ros_benchmarks'[0m
[0.241s] [34mcolcon.colcon_core.package_identification[0m [1;30mLevel 1[0m _identify(src/moveit2/moveit_ros/hybrid_planning) by extensions ['ignore', 'ignore_ament_install']
[0.241s] [34mcolcon.colcon_core.package_identification[0m [1;30mLevel 1[0m _identify(src/moveit2/moveit_ros/hybrid_planning) by extension 'ignore'
[0.241s] [34mcolcon.colcon_core.package_identification[0m [1;30mLevel 1[0m _identify(src/moveit2/moveit_ros/hybrid_planning) by extension 'ignore_ament_install'
[0.241s] [34mcolcon.colcon_core.package_identification[0m [1;30mLevel 1[0m _identify(src/moveit2/moveit_ros/hybrid_planning) by extensions ['colcon_pkg']
[0.241s] [34mcolcon.colcon_core.package_identification[0m [1;30mLevel 1[0m _identify(src/moveit2/moveit_ros/hybrid_planning) by extension 'colcon_pkg'
[0.241s] [34mcolcon.colcon_core.package_identification[0m [1;30mLevel 1[0m _identify(src/moveit2/moveit_ros/hybrid_planning) by extensions ['colcon_meta']
[0.241s] [34mcolcon.colcon_core.package_identification[0m [1;30mLevel 1[0m _identify(src/moveit2/moveit_ros/hybrid_planning) by extension 'colcon_meta'
[0.241s] [34mcolcon.colcon_core.package_identification[0m [1;30mLevel 1[0m _identify(src/moveit2/moveit_ros/hybrid_planning) by extensions ['ros']
[0.241s] [34mcolcon.colcon_core.package_identification[0m [1;30mLevel 1[0m _identify(src/moveit2/moveit_ros/hybrid_planning) by extension 'ros'
[0.242s] [34mcolcon.colcon_core.package_identification[0m [1;30mDEBUG[0m [32mPackage 'src/moveit2/moveit_ros/hybrid_planning' with type 'ros.ament_cmake' and name 'moveit_hybrid_planning'[0m
[0.242s] [34mcolcon.colcon_core.package_identification[0m [1;30mLevel 1[0m _identify(src/moveit2/moveit_ros/move_group) by extensions ['ignore', 'ignore_ament_install']
[0.242s] [34mcolcon.colcon_core.package_identification[0m [1;30mLevel 1[0m _identify(src/moveit2/moveit_ros/move_group) by extension 'ignore'
[0.242s] [34mcolcon.colcon_core.package_identification[0m [1;30mLevel 1[0m _identify(src/moveit2/moveit_ros/move_group) by extension 'ignore_ament_install'
[0.242s] [34mcolcon.colcon_core.package_identification[0m [1;30mLevel 1[0m _identify(src/moveit2/moveit_ros/move_group) by extensions ['colcon_pkg']
[0.242s] [34mcolcon.colcon_core.package_identification[0m [1;30mLevel 1[0m _identify(src/moveit2/moveit_ros/move_group) by extension 'colcon_pkg'
[0.242s] [34mcolcon.colcon_core.package_identification[0m [1;30mLevel 1[0m _identify(src/moveit2/moveit_ros/move_group) by extensions ['colcon_meta']
[0.242s] [34mcolcon.colcon_core.package_identification[0m [1;30mLevel 1[0m _identify(src/moveit2/moveit_ros/move_group) by extension 'colcon_meta'
[0.242s] [34mcolcon.colcon_core.package_identification[0m [1;30mLevel 1[0m _identify(src/moveit2/moveit_ros/move_group) by extensions ['ros']
[0.242s] [34mcolcon.colcon_core.package_identification[0m [1;30mLevel 1[0m _identify(src/moveit2/moveit_ros/move_group) by extension 'ros'
[0.243s] [34mcolcon.colcon_core.package_identification[0m [1;30mDEBUG[0m [32mPackage 'src/moveit2/moveit_ros/move_group' with type 'ros.ament_cmake' and name 'moveit_ros_move_group'[0m
[0.243s] [34mcolcon.colcon_core.package_identification[0m [1;30mLevel 1[0m _identify(src/moveit2/moveit_ros/moveit_ros) by extensions ['ignore', 'ignore_ament_install']
[0.243s] [34mcolcon.colcon_core.package_identification[0m [1;30mLevel 1[0m _identify(src/moveit2/moveit_ros/moveit_ros) by extension 'ignore'
[0.243s] [34mcolcon.colcon_core.package_identification[0m [1;30mLevel 1[0m _identify(src/moveit2/moveit_ros/moveit_ros) by extension 'ignore_ament_install'
[0.243s] [34mcolcon.colcon_core.package_identification[0m [1;30mLevel 1[0m _identify(src/moveit2/moveit_ros/moveit_ros) by extensions ['colcon_pkg']
[0.243s] [34mcolcon.colcon_core.package_identification[0m [1;30mLevel 1[0m _identify(src/moveit2/moveit_ros/moveit_ros) by extension 'colcon_pkg'
[0.243s] [34mcolcon.colcon_core.package_identification[0m [1;30mLevel 1[0m _identify(src/moveit2/moveit_ros/moveit_ros) by extensions ['colcon_meta']
[0.243s] [34mcolcon.colcon_core.package_identification[0m [1;30mLevel 1[0m _identify(src/moveit2/moveit_ros/moveit_ros) by extension 'colcon_meta'
[0.243s] [34mcolcon.colcon_core.package_identification[0m [1;30mLevel 1[0m _identify(src/moveit2/moveit_ros/moveit_ros) by extensions ['ros']
[0.243s] [34mcolcon.colcon_core.package_identification[0m [1;30mLevel 1[0m _identify(src/moveit2/moveit_ros/moveit_ros) by extension 'ros'
[0.244s] [34mcolcon.colcon_core.package_identification[0m [1;30mDEBUG[0m [32mPackage 'src/moveit2/moveit_ros/moveit_ros' with type 'ros.ament_cmake' and name 'moveit_ros'[0m
[0.244s] [34mcolcon.colcon_core.package_identification[0m [1;30mLevel 1[0m _identify(src/moveit2/moveit_ros/moveit_servo) by extensions ['ignore', 'ignore_ament_install']
[0.244s] [34mcolcon.colcon_core.package_identification[0m [1;30mLevel 1[0m _identify(src/moveit2/moveit_ros/moveit_servo) by extension 'ignore'
[0.244s] [34mcolcon.colcon_core.package_identification[0m [1;30mLevel 1[0m _identify(src/moveit2/moveit_ros/moveit_servo) by extension 'ignore_ament_install'
[0.244s] [34mcolcon.colcon_core.package_identification[0m [1;30mLevel 1[0m _identify(src/moveit2/moveit_ros/moveit_servo) by extensions ['colcon_pkg']
[0.244s] [34mcolcon.colcon_core.package_identification[0m [1;30mLevel 1[0m _identify(src/moveit2/moveit_ros/moveit_servo) by extension 'colcon_pkg'
[0.244s] [34mcolcon.colcon_core.package_identification[0m [1;30mLevel 1[0m _identify(src/moveit2/moveit_ros/moveit_servo) by extensions ['colcon_meta']
[0.244s] [34mcolcon.colcon_core.package_identification[0m [1;30mLevel 1[0m _identify(src/moveit2/moveit_ros/moveit_servo) by extension 'colcon_meta'
[0.244s] [34mcolcon.colcon_core.package_identification[0m [1;30mLevel 1[0m _identify(src/moveit2/moveit_ros/moveit_servo) by extensions ['ros']
[0.244s] [34mcolcon.colcon_core.package_identification[0m [1;30mLevel 1[0m _identify(src/moveit2/moveit_ros/moveit_servo) by extension 'ros'
[0.245s] [34mcolcon.colcon_core.package_identification[0m [1;30mDEBUG[0m [32mPackage 'src/moveit2/moveit_ros/moveit_servo' with type 'ros.ament_cmake' and name 'moveit_servo'[0m
[0.245s] [34mcolcon.colcon_core.package_identification[0m [1;30mLevel 1[0m _identify(src/moveit2/moveit_ros/occupancy_map_monitor) by extensions ['ignore', 'ignore_ament_install']
[0.245s] [34mcolcon.colcon_core.package_identification[0m [1;30mLevel 1[0m _identify(src/moveit2/moveit_ros/occupancy_map_monitor) by extension 'ignore'
[0.245s] [34mcolcon.colcon_core.package_identification[0m [1;30mLevel 1[0m _identify(src/moveit2/moveit_ros/occupancy_map_monitor) by extension 'ignore_ament_install'
[0.245s] [34mcolcon.colcon_core.package_identification[0m [1;30mLevel 1[0m _identify(src/moveit2/moveit_ros/occupancy_map_monitor) by extensions ['colcon_pkg']
[0.245s] [34mcolcon.colcon_core.package_identification[0m [1;30mLevel 1[0m _identify(src/moveit2/moveit_ros/occupancy_map_monitor) by extension 'colcon_pkg'
[0.245s] [34mcolcon.colcon_core.package_identification[0m [1;30mLevel 1[0m _identify(src/moveit2/moveit_ros/occupancy_map_monitor) by extensions ['colcon_meta']
[0.245s] [34mcolcon.colcon_core.package_identification[0m [1;30mLevel 1[0m _identify(src/moveit2/moveit_ros/occupancy_map_monitor) by extension 'colcon_meta'
[0.246s] [34mcolcon.colcon_core.package_identification[0m [1;30mLevel 1[0m _identify(src/moveit2/moveit_ros/occupancy_map_monitor) by extensions ['ros']
[0.246s] [34mcolcon.colcon_core.package_identification[0m [1;30mLevel 1[0m _identify(src/moveit2/moveit_ros/occupancy_map_monitor) by extension 'ros'
[0.246s] [34mcolcon.colcon_core.package_identification[0m [1;30mDEBUG[0m [32mPackage 'src/moveit2/moveit_ros/occupancy_map_monitor' with type 'ros.ament_cmake' and name 'moveit_ros_occupancy_map_monitor'[0m
[0.246s] [34mcolcon.colcon_core.package_identification[0m [1;30mLevel 1[0m _identify(src/moveit2/moveit_ros/perception) by extensions ['ignore', 'ignore_ament_install']
[0.246s] [34mcolcon.colcon_core.package_identification[0m [1;30mLevel 1[0m _identify(src/moveit2/moveit_ros/perception) by extension 'ignore'
[0.246s] [34mcolcon.colcon_core.package_identification[0m [1;30mLevel 1[0m _identify(src/moveit2/moveit_ros/perception) by extension 'ignore_ament_install'
[0.246s] [34mcolcon.colcon_core.package_identification[0m [1;30mLevel 1[0m _identify(src/moveit2/moveit_ros/perception) by extensions ['colcon_pkg']
[0.246s] [34mcolcon.colcon_core.package_identification[0m [1;30mLevel 1[0m _identify(src/moveit2/moveit_ros/perception) by extension 'colcon_pkg'
[0.246s] [34mcolcon.colcon_core.package_identification[0m [1;30mLevel 1[0m _identify(src/moveit2/moveit_ros/perception) by extensions ['colcon_meta']
[0.246s] [34mcolcon.colcon_core.package_identification[0m [1;30mLevel 1[0m _identify(src/moveit2/moveit_ros/perception) by extension 'colcon_meta'
[0.246s] [34mcolcon.colcon_core.package_identification[0m [1;30mLevel 1[0m _identify(src/moveit2/moveit_ros/perception) by extensions ['ros']
[0.247s] [34mcolcon.colcon_core.package_identification[0m [1;30mLevel 1[0m _identify(src/moveit2/moveit_ros/perception) by extension 'ros'
[0.248s] [34mcolcon.colcon_core.package_identification[0m [1;30mDEBUG[0m [32mPackage 'src/moveit2/moveit_ros/perception' with type 'ros.ament_cmake' and name 'moveit_ros_perception'[0m
[0.248s] [34mcolcon.colcon_core.package_identification[0m [1;30mLevel 1[0m _identify(src/moveit2/moveit_ros/planning) by extensions ['ignore', 'ignore_ament_install']
[0.248s] [34mcolcon.colcon_core.package_identification[0m [1;30mLevel 1[0m _identify(src/moveit2/moveit_ros/planning) by extension 'ignore'
[0.248s] [34mcolcon.colcon_core.package_identification[0m [1;30mLevel 1[0m _identify(src/moveit2/moveit_ros/planning) by extension 'ignore_ament_install'
[0.248s] [34mcolcon.colcon_core.package_identification[0m [1;30mLevel 1[0m _identify(src/moveit2/moveit_ros/planning) by extensions ['colcon_pkg']
[0.248s] [34mcolcon.colcon_core.package_identification[0m [1;30mLevel 1[0m _identify(src/moveit2/moveit_ros/planning) by extension 'colcon_pkg'
[0.248s] [34mcolcon.colcon_core.package_identification[0m [1;30mLevel 1[0m _identify(src/moveit2/moveit_ros/planning) by extensions ['colcon_meta']
[0.248s] [34mcolcon.colcon_core.package_identification[0m [1;30mLevel 1[0m _identify(src/moveit2/moveit_ros/planning) by extension 'colcon_meta'
[0.248s] [34mcolcon.colcon_core.package_identification[0m [1;30mLevel 1[0m _identify(src/moveit2/moveit_ros/planning) by extensions ['ros']
[0.248s] [34mcolcon.colcon_core.package_identification[0m [1;30mLevel 1[0m _identify(src/moveit2/moveit_ros/planning) by extension 'ros'
[0.249s] [34mcolcon.colcon_core.package_identification[0m [1;30mDEBUG[0m [32mPackage 'src/moveit2/moveit_ros/planning' with type 'ros.ament_cmake' and name 'moveit_ros_planning'[0m
[0.249s] [34mcolcon.colcon_core.package_identification[0m [1;30mLevel 1[0m _identify(src/moveit2/moveit_ros/planning_interface) by extensions ['ignore', 'ignore_ament_install']
[0.249s] [34mcolcon.colcon_core.package_identification[0m [1;30mLevel 1[0m _identify(src/moveit2/moveit_ros/planning_interface) by extension 'ignore'
[0.249s] [34mcolcon.colcon_core.package_identification[0m [1;30mLevel 1[0m _identify(src/moveit2/moveit_ros/planning_interface) by extension 'ignore_ament_install'
[0.249s] [34mcolcon.colcon_core.package_identification[0m [1;30mLevel 1[0m _identify(src/moveit2/moveit_ros/planning_interface) by extensions ['colcon_pkg']
[0.249s] [34mcolcon.colcon_core.package_identification[0m [1;30mLevel 1[0m _identify(src/moveit2/moveit_ros/planning_interface) by extension 'colcon_pkg'
[0.249s] [34mcolcon.colcon_core.package_identification[0m [1;30mLevel 1[0m _identify(src/moveit2/moveit_ros/planning_interface) by extensions ['colcon_meta']
[0.249s] [34mcolcon.colcon_core.package_identification[0m [1;30mLevel 1[0m _identify(src/moveit2/moveit_ros/planning_interface) by extension 'colcon_meta'
[0.249s] [34mcolcon.colcon_core.package_identification[0m [1;30mLevel 1[0m _identify(src/moveit2/moveit_ros/planning_interface) by extensions ['ros']
[0.249s] [34mcolcon.colcon_core.package_identification[0m [1;30mLevel 1[0m _identify(src/moveit2/moveit_ros/planning_interface) by extension 'ros'
[0.250s] [34mcolcon.colcon_core.package_identification[0m [1;30mDEBUG[0m [32mPackage 'src/moveit2/moveit_ros/planning_interface' with type 'ros.ament_cmake' and name 'moveit_ros_planning_interface'[0m
[0.250s] [34mcolcon.colcon_core.package_identification[0m [1;30mLevel 1[0m _identify(src/moveit2/moveit_ros/robot_interaction) by extensions ['ignore', 'ignore_ament_install']
[0.251s] [34mcolcon.colcon_core.package_identification[0m [1;30mLevel 1[0m _identify(src/moveit2/moveit_ros/robot_interaction) by extension 'ignore'
[0.251s] [34mcolcon.colcon_core.package_identification[0m [1;30mLevel 1[0m _identify(src/moveit2/moveit_ros/robot_interaction) by extension 'ignore_ament_install'
[0.251s] [34mcolcon.colcon_core.package_identification[0m [1;30mLevel 1[0m _identify(src/moveit2/moveit_ros/robot_interaction) by extensions ['colcon_pkg']
[0.251s] [34mcolcon.colcon_core.package_identification[0m [1;30mLevel 1[0m _identify(src/moveit2/moveit_ros/robot_interaction) by extension 'colcon_pkg'
[0.251s] [34mcolcon.colcon_core.package_identification[0m [1;30mLevel 1[0m _identify(src/moveit2/moveit_ros/robot_interaction) by extensions ['colcon_meta']
[0.251s] [34mcolcon.colcon_core.package_identification[0m [1;30mLevel 1[0m _identify(src/moveit2/moveit_ros/robot_interaction) by extension 'colcon_meta'
[0.251s] [34mcolcon.colcon_core.package_identification[0m [1;30mLevel 1[0m _identify(src/moveit2/moveit_ros/robot_interaction) by extensions ['ros']
[0.251s] [34mcolcon.colcon_core.package_identification[0m [1;30mLevel 1[0m _identify(src/moveit2/moveit_ros/robot_interaction) by extension 'ros'
[0.251s] [34mcolcon.colcon_core.package_identification[0m [1;30mDEBUG[0m [32mPackage 'src/moveit2/moveit_ros/robot_interaction' with type 'ros.ament_cmake' and name 'moveit_ros_robot_interaction'[0m
[0.251s] [34mcolcon.colcon_core.package_identification[0m [1;30mLevel 1[0m _identify(src/moveit2/moveit_ros/visualization) by extensions ['ignore', 'ignore_ament_install']
[0.251s] [34mcolcon.colcon_core.package_identification[0m [1;30mLevel 1[0m _identify(src/moveit2/moveit_ros/visualization) by extension 'ignore'
[0.251s] [34mcolcon.colcon_core.package_identification[0m [1;30mLevel 1[0m _identify(src/moveit2/moveit_ros/visualization) by extension 'ignore_ament_install'
[0.252s] [34mcolcon.colcon_core.package_identification[0m [1;30mLevel 1[0m _identify(src/moveit2/moveit_ros/visualization) by extensions ['colcon_pkg']
[0.252s] [34mcolcon.colcon_core.package_identification[0m [1;30mLevel 1[0m _identify(src/moveit2/moveit_ros/visualization) by extension 'colcon_pkg'
[0.252s] [34mcolcon.colcon_core.package_identification[0m [1;30mLevel 1[0m _identify(src/moveit2/moveit_ros/visualization) by extensions ['colcon_meta']
[0.252s] [34mcolcon.colcon_core.package_identification[0m [1;30mLevel 1[0m _identify(src/moveit2/moveit_ros/visualization) by extension 'colcon_meta'
[0.252s] [34mcolcon.colcon_core.package_identification[0m [1;30mLevel 1[0m _identify(src/moveit2/moveit_ros/visualization) by extensions ['ros']
[0.252s] [34mcolcon.colcon_core.package_identification[0m [1;30mLevel 1[0m _identify(src/moveit2/moveit_ros/visualization) by extension 'ros'
[0.252s] [34mcolcon.colcon_core.package_identification[0m [1;30mDEBUG[0m [32mPackage 'src/moveit2/moveit_ros/visualization' with type 'ros.ament_cmake' and name 'moveit_ros_visualization'[0m
[0.253s] [34mcolcon.colcon_core.package_identification[0m [1;30mLevel 1[0m _identify(src/moveit2/moveit_ros/warehouse) by extensions ['ignore', 'ignore_ament_install']
[0.253s] [34mcolcon.colcon_core.package_identification[0m [1;30mLevel 1[0m _identify(src/moveit2/moveit_ros/warehouse) by extension 'ignore'
[0.253s] [34mcolcon.colcon_core.package_identification[0m [1;30mLevel 1[0m _identify(src/moveit2/moveit_ros/warehouse) by extension 'ignore_ament_install'
[0.253s] [34mcolcon.colcon_core.package_identification[0m [1;30mLevel 1[0m _identify(src/moveit2/moveit_ros/warehouse) by extensions ['colcon_pkg']
[0.253s] [34mcolcon.colcon_core.package_identification[0m [1;30mLevel 1[0m _identify(src/moveit2/moveit_ros/warehouse) by extension 'colcon_pkg'
[0.253s] [34mcolcon.colcon_core.package_identification[0m [1;30mLevel 1[0m _identify(src/moveit2/moveit_ros/warehouse) by extensions ['colcon_meta']
[0.253s] [34mcolcon.colcon_core.package_identification[0m [1;30mLevel 1[0m _identify(src/moveit2/moveit_ros/warehouse) by extension 'colcon_meta'
[0.253s] [34mcolcon.colcon_core.package_identification[0m [1;30mLevel 1[0m _identify(src/moveit2/moveit_ros/warehouse) by extensions ['ros']
[0.253s] [34mcolcon.colcon_core.package_identification[0m [1;30mLevel 1[0m _identify(src/moveit2/moveit_ros/warehouse) by extension 'ros'
[0.253s] [34mcolcon.colcon_core.package_identification[0m [1;30mDEBUG[0m [32mPackage 'src/moveit2/moveit_ros/warehouse' with type 'ros.ament_cmake' and name 'moveit_ros_warehouse'[0m
[0.253s] [34mcolcon.colcon_core.package_identification[0m [1;30mLevel 1[0m _identify(src/moveit2/moveit_runtime) by extensions ['ignore', 'ignore_ament_install']
[0.254s] [34mcolcon.colcon_core.package_identification[0m [1;30mLevel 1[0m _identify(src/moveit2/moveit_runtime) by extension 'ignore'
[0.254s] [34mcolcon.colcon_core.package_identification[0m [1;30mLevel 1[0m _identify(src/moveit2/moveit_runtime) by extension 'ignore_ament_install'
[0.254s] [34mcolcon.colcon_core.package_identification[0m [1;30mLevel 1[0m _identify(src/moveit2/moveit_runtime) by extensions ['colcon_pkg']
[0.254s] [34mcolcon.colcon_core.package_identification[0m [1;30mLevel 1[0m _identify(src/moveit2/moveit_runtime) by extension 'colcon_pkg'
[0.254s] [34mcolcon.colcon_core.package_identification[0m [1;30mLevel 1[0m _identify(src/moveit2/moveit_runtime) by extensions ['colcon_meta']
[0.254s] [34mcolcon.colcon_core.package_identification[0m [1;30mLevel 1[0m _identify(src/moveit2/moveit_runtime) by extension 'colcon_meta'
[0.254s] [34mcolcon.colcon_core.package_identification[0m [1;30mLevel 1[0m _identify(src/moveit2/moveit_runtime) by extensions ['ros']
[0.254s] [34mcolcon.colcon_core.package_identification[0m [1;30mLevel 1[0m _identify(src/moveit2/moveit_runtime) by extension 'ros'
[0.254s] [34mcolcon.colcon_core.package_identification[0m [1;30mDEBUG[0m [32mPackage 'src/moveit2/moveit_runtime' with type 'ros.ament_cmake' and name 'moveit_runtime'[0m
[0.254s] [34mcolcon.colcon_core.package_identification[0m [1;30mLevel 1[0m _identify(src/moveit2/moveit_setup_assistant) by extensions ['ignore', 'ignore_ament_install']
[0.254s] [34mcolcon.colcon_core.package_identification[0m [1;30mLevel 1[0m _identify(src/moveit2/moveit_setup_assistant) by extension 'ignore'
[0.254s] [34mcolcon.colcon_core.package_identification[0m [1;30mLevel 1[0m _identify(src/moveit2/moveit_setup_assistant) by extension 'ignore_ament_install'
[0.254s] [34mcolcon.colcon_core.package_identification[0m [1;30mLevel 1[0m _identify(src/moveit2/moveit_setup_assistant) by extensions ['colcon_pkg']
[0.254s] [34mcolcon.colcon_core.package_identification[0m [1;30mLevel 1[0m _identify(src/moveit2/moveit_setup_assistant) by extension 'colcon_pkg'
[0.254s] [34mcolcon.colcon_core.package_identification[0m [1;30mLevel 1[0m _identify(src/moveit2/moveit_setup_assistant) by extensions ['colcon_meta']
[0.254s] [34mcolcon.colcon_core.package_identification[0m [1;30mLevel 1[0m _identify(src/moveit2/moveit_setup_assistant) by extension 'colcon_meta'
[0.254s] [34mcolcon.colcon_core.package_identification[0m [1;30mLevel 1[0m _identify(src/moveit2/moveit_setup_assistant) by extensions ['ros']
[0.254s] [34mcolcon.colcon_core.package_identification[0m [1;30mLevel 1[0m _identify(src/moveit2/moveit_setup_assistant) by extension 'ros'
[0.254s] [34mcolcon.colcon_core.package_identification[0m [1;30mLevel 1[0m _identify(src/moveit2/moveit_setup_assistant) by extensions ['cmake', 'python']
[0.254s] [34mcolcon.colcon_core.package_identification[0m [1;30mLevel 1[0m _identify(src/moveit2/moveit_setup_assistant) by extension 'cmake'
[0.254s] [34mcolcon.colcon_core.package_identification[0m [1;30mLevel 1[0m _identify(src/moveit2/moveit_setup_assistant) by extension 'python'
[0.254s] [34mcolcon.colcon_core.package_identification[0m [1;30mLevel 1[0m _identify(src/moveit2/moveit_setup_assistant) by extensions ['python_setup_py']
[0.254s] [34mcolcon.colcon_core.package_identification[0m [1;30mLevel 1[0m _identify(src/moveit2/moveit_setup_assistant) by extension 'python_setup_py'
[0.254s] [34mcolcon.colcon_core.package_identification[0m [1;30mLevel 1[0m _identify(src/moveit2/moveit_setup_assistant/graphics) by extensions ['ignore', 'ignore_ament_install']
[0.255s] [34mcolcon.colcon_core.package_identification[0m [1;30mLevel 1[0m _identify(src/moveit2/moveit_setup_assistant/graphics) by extension 'ignore'
[0.255s] [34mcolcon.colcon_core.package_identification[0m [1;30mLevel 1[0m _identify(src/moveit2/moveit_setup_assistant/graphics) by extension 'ignore_ament_install'
[0.255s] [34mcolcon.colcon_core.package_identification[0m [1;30mLevel 1[0m _identify(src/moveit2/moveit_setup_assistant/graphics) by extensions ['colcon_pkg']
[0.255s] [34mcolcon.colcon_core.package_identification[0m [1;30mLevel 1[0m _identify(src/moveit2/moveit_setup_assistant/graphics) by extension 'colcon_pkg'
[0.255s] [34mcolcon.colcon_core.package_identification[0m [1;30mLevel 1[0m _identify(src/moveit2/moveit_setup_assistant/graphics) by extensions ['colcon_meta']
[0.255s] [34mcolcon.colcon_core.package_identification[0m [1;30mLevel 1[0m _identify(src/moveit2/moveit_setup_assistant/graphics) by extension 'colcon_meta'
[0.255s] [34mcolcon.colcon_core.package_identification[0m [1;30mLevel 1[0m _identify(src/moveit2/moveit_setup_assistant/graphics) by extensions ['ros']
[0.255s] [34mcolcon.colcon_core.package_identification[0m [1;30mLevel 1[0m _identify(src/moveit2/moveit_setup_assistant/graphics) by extension 'ros'
[0.255s] [34mcolcon.colcon_core.package_identification[0m [1;30mLevel 1[0m _identify(src/moveit2/moveit_setup_assistant/graphics) by extensions ['cmake', 'python']
[0.255s] [34mcolcon.colcon_core.package_identification[0m [1;30mLevel 1[0m _identify(src/moveit2/moveit_setup_assistant/graphics) by extension 'cmake'
[0.255s] [34mcolcon.colcon_core.package_identification[0m [1;30mLevel 1[0m _identify(src/moveit2/moveit_setup_assistant/graphics) by extension 'python'
[0.255s] [34mcolcon.colcon_core.package_identification[0m [1;30mLevel 1[0m _identify(src/moveit2/moveit_setup_assistant/graphics) by extensions ['python_setup_py']
[0.255s] [34mcolcon.colcon_core.package_identification[0m [1;30mLevel 1[0m _identify(src/moveit2/moveit_setup_assistant/graphics) by extension 'python_setup_py'
[0.255s] [34mcolcon.colcon_core.package_identification[0m [1;30mLevel 1[0m _identify(src/moveit2/moveit_setup_assistant/graphics/source) by extensions ['ignore', 'ignore_ament_install']
[0.255s] [34mcolcon.colcon_core.package_identification[0m [1;30mLevel 1[0m _identify(src/moveit2/moveit_setup_assistant/graphics/source) by extension 'ignore'
[0.255s] [34mcolcon.colcon_core.package_identification[0m [1;30mLevel 1[0m _identify(src/moveit2/moveit_setup_assistant/graphics/source) by extension 'ignore_ament_install'
[0.255s] [34mcolcon.colcon_core.package_identification[0m [1;30mLevel 1[0m _identify(src/moveit2/moveit_setup_assistant/graphics/source) by extensions ['colcon_pkg']
[0.255s] [34mcolcon.colcon_core.package_identification[0m [1;30mLevel 1[0m _identify(src/moveit2/moveit_setup_assistant/graphics/source) by extension 'colcon_pkg'
[0.255s] [34mcolcon.colcon_core.package_identification[0m [1;30mLevel 1[0m _identify(src/moveit2/moveit_setup_assistant/graphics/source) by extensions ['colcon_meta']
[0.255s] [34mcolcon.colcon_core.package_identification[0m [1;30mLevel 1[0m _identify(src/moveit2/moveit_setup_assistant/graphics/source) by extension 'colcon_meta'
[0.255s] [34mcolcon.colcon_core.package_identification[0m [1;30mLevel 1[0m _identify(src/moveit2/moveit_setup_assistant/graphics/source) by extensions ['ros']
[0.255s] [34mcolcon.colcon_core.package_identification[0m [1;30mLevel 1[0m _identify(src/moveit2/moveit_setup_assistant/graphics/source) by extension 'ros'
[0.255s] [34mcolcon.colcon_core.package_identification[0m [1;30mLevel 1[0m _identify(src/moveit2/moveit_setup_assistant/graphics/source) by extensions ['cmake', 'python']
[0.255s] [34mcolcon.colcon_core.package_identification[0m [1;30mLevel 1[0m _identify(src/moveit2/moveit_setup_assistant/graphics/source) by extension 'cmake'
[0.255s] [34mcolcon.colcon_core.package_identification[0m [1;30mLevel 1[0m _identify(src/moveit2/moveit_setup_assistant/graphics/source) by extension 'python'
[0.255s] [34mcolcon.colcon_core.package_identification[0m [1;30mLevel 1[0m _identify(src/moveit2/moveit_setup_assistant/graphics/source) by extensions ['python_setup_py']
[0.255s] [34mcolcon.colcon_core.package_identification[0m [1;30mLevel 1[0m _identify(src/moveit2/moveit_setup_assistant/graphics/source) by extension 'python_setup_py'
[0.255s] [34mcolcon.colcon_core.package_identification[0m [1;30mLevel 1[0m _identify(src/moveit2/moveit_setup_assistant/moveit_setup_app_plugins) by extensions ['ignore', 'ignore_ament_install']
[0.255s] [34mcolcon.colcon_core.package_identification[0m [1;30mLevel 1[0m _identify(src/moveit2/moveit_setup_assistant/moveit_setup_app_plugins) by extension 'ignore'
[0.255s] [34mcolcon.colcon_core.package_identification[0m [1;30mLevel 1[0m _identify(src/moveit2/moveit_setup_assistant/moveit_setup_app_plugins) by extension 'ignore_ament_install'
[0.255s] [34mcolcon.colcon_core.package_identification[0m [1;30mLevel 1[0m _identify(src/moveit2/moveit_setup_assistant/moveit_setup_app_plugins) by extensions ['colcon_pkg']
[0.255s] [34mcolcon.colcon_core.package_identification[0m [1;30mLevel 1[0m _identify(src/moveit2/moveit_setup_assistant/moveit_setup_app_plugins) by extension 'colcon_pkg'
[0.255s] [34mcolcon.colcon_core.package_identification[0m [1;30mLevel 1[0m _identify(src/moveit2/moveit_setup_assistant/moveit_setup_app_plugins) by extensions ['colcon_meta']
[0.255s] [34mcolcon.colcon_core.package_identification[0m [1;30mLevel 1[0m _identify(src/moveit2/moveit_setup_assistant/moveit_setup_app_plugins) by extension 'colcon_meta'
[0.255s] [34mcolcon.colcon_core.package_identification[0m [1;30mLevel 1[0m _identify(src/moveit2/moveit_setup_assistant/moveit_setup_app_plugins) by extensions ['ros']
[0.255s] [34mcolcon.colcon_core.package_identification[0m [1;30mLevel 1[0m _identify(src/moveit2/moveit_setup_assistant/moveit_setup_app_plugins) by extension 'ros'
[0.256s] [34mcolcon.colcon_core.package_identification[0m [1;30mDEBUG[0m [32mPackage 'src/moveit2/moveit_setup_assistant/moveit_setup_app_plugins' with type 'ros.ament_cmake' and name 'moveit_setup_app_plugins'[0m
[0.256s] [34mcolcon.colcon_core.package_identification[0m [1;30mLevel 1[0m _identify(src/moveit2/moveit_setup_assistant/moveit_setup_assistant) by extensions ['ignore', 'ignore_ament_install']
[0.256s] [34mcolcon.colcon_core.package_identification[0m [1;30mLevel 1[0m _identify(src/moveit2/moveit_setup_assistant/moveit_setup_assistant) by extension 'ignore'
[0.256s] [34mcolcon.colcon_core.package_identification[0m [1;30mLevel 1[0m _identify(src/moveit2/moveit_setup_assistant/moveit_setup_assistant) by extension 'ignore_ament_install'
[0.256s] [34mcolcon.colcon_core.package_identification[0m [1;30mLevel 1[0m _identify(src/moveit2/moveit_setup_assistant/moveit_setup_assistant) by extensions ['colcon_pkg']
[0.256s] [34mcolcon.colcon_core.package_identification[0m [1;30mLevel 1[0m _identify(src/moveit2/moveit_setup_assistant/moveit_setup_assistant) by extension 'colcon_pkg'
[0.256s] [34mcolcon.colcon_core.package_identification[0m [1;30mLevel 1[0m _identify(src/moveit2/moveit_setup_assistant/moveit_setup_assistant) by extensions ['colcon_meta']
[0.256s] [34mcolcon.colcon_core.package_identification[0m [1;30mLevel 1[0m _identify(src/moveit2/moveit_setup_assistant/moveit_setup_assistant) by extension 'colcon_meta'
[0.256s] [34mcolcon.colcon_core.package_identification[0m [1;30mLevel 1[0m _identify(src/moveit2/moveit_setup_assistant/moveit_setup_assistant) by extensions ['ros']
[0.256s] [34mcolcon.colcon_core.package_identification[0m [1;30mLevel 1[0m _identify(src/moveit2/moveit_setup_assistant/moveit_setup_assistant) by extension 'ros'
[0.257s] [34mcolcon.colcon_core.package_identification[0m [1;30mDEBUG[0m [32mPackage 'src/moveit2/moveit_setup_assistant/moveit_setup_assistant' with type 'ros.ament_cmake' and name 'moveit_setup_assistant'[0m
[0.257s] [34mcolcon.colcon_core.package_identification[0m [1;30mLevel 1[0m _identify(src/moveit2/moveit_setup_assistant/moveit_setup_controllers) by extensions ['ignore', 'ignore_ament_install']
[0.257s] [34mcolcon.colcon_core.package_identification[0m [1;30mLevel 1[0m _identify(src/moveit2/moveit_setup_assistant/moveit_setup_controllers) by extension 'ignore'
[0.257s] [34mcolcon.colcon_core.package_identification[0m [1;30mLevel 1[0m _identify(src/moveit2/moveit_setup_assistant/moveit_setup_controllers) by extension 'ignore_ament_install'
[0.257s] [34mcolcon.colcon_core.package_identification[0m [1;30mLevel 1[0m _identify(src/moveit2/moveit_setup_assistant/moveit_setup_controllers) by extensions ['colcon_pkg']
[0.257s] [34mcolcon.colcon_core.package_identification[0m [1;30mLevel 1[0m _identify(src/moveit2/moveit_setup_assistant/moveit_setup_controllers) by extension 'colcon_pkg'
[0.257s] [34mcolcon.colcon_core.package_identification[0m [1;30mLevel 1[0m _identify(src/moveit2/moveit_setup_assistant/moveit_setup_controllers) by extensions ['colcon_meta']
[0.257s] [34mcolcon.colcon_core.package_identification[0m [1;30mLevel 1[0m _identify(src/moveit2/moveit_setup_assistant/moveit_setup_controllers) by extension 'colcon_meta'
[0.257s] [34mcolcon.colcon_core.package_identification[0m [1;30mLevel 1[0m _identify(src/moveit2/moveit_setup_assistant/moveit_setup_controllers) by extensions ['ros']
[0.257s] [34mcolcon.colcon_core.package_identification[0m [1;30mLevel 1[0m _identify(src/moveit2/moveit_setup_assistant/moveit_setup_controllers) by extension 'ros'
[0.258s] [34mcolcon.colcon_core.package_identification[0m [1;30mDEBUG[0m [32mPackage 'src/moveit2/moveit_setup_assistant/moveit_setup_controllers' with type 'ros.ament_cmake' and name 'moveit_setup_controllers'[0m
[0.258s] [34mcolcon.colcon_core.package_identification[0m [1;30mLevel 1[0m _identify(src/moveit2/moveit_setup_assistant/moveit_setup_core_plugins) by extensions ['ignore', 'ignore_ament_install']
[0.258s] [34mcolcon.colcon_core.package_identification[0m [1;30mLevel 1[0m _identify(src/moveit2/moveit_setup_assistant/moveit_setup_core_plugins) by extension 'ignore'
[0.258s] [34mcolcon.colcon_core.package_identification[0m [1;30mLevel 1[0m _identify(src/moveit2/moveit_setup_assistant/moveit_setup_core_plugins) by extension 'ignore_ament_install'
[0.258s] [34mcolcon.colcon_core.package_identification[0m [1;30mLevel 1[0m _identify(src/moveit2/moveit_setup_assistant/moveit_setup_core_plugins) by extensions ['colcon_pkg']
[0.258s] [34mcolcon.colcon_core.package_identification[0m [1;30mLevel 1[0m _identify(src/moveit2/moveit_setup_assistant/moveit_setup_core_plugins) by extension 'colcon_pkg'
[0.258s] [34mcolcon.colcon_core.package_identification[0m [1;30mLevel 1[0m _identify(src/moveit2/moveit_setup_assistant/moveit_setup_core_plugins) by extensions ['colcon_meta']
[0.258s] [34mcolcon.colcon_core.package_identification[0m [1;30mLevel 1[0m _identify(src/moveit2/moveit_setup_assistant/moveit_setup_core_plugins) by extension 'colcon_meta'
[0.258s] [34mcolcon.colcon_core.package_identification[0m [1;30mLevel 1[0m _identify(src/moveit2/moveit_setup_assistant/moveit_setup_core_plugins) by extensions ['ros']
[0.258s] [34mcolcon.colcon_core.package_identification[0m [1;30mLevel 1[0m _identify(src/moveit2/moveit_setup_assistant/moveit_setup_core_plugins) by extension 'ros'
[0.259s] [34mcolcon.colcon_core.package_identification[0m [1;30mDEBUG[0m [32mPackage 'src/moveit2/moveit_setup_assistant/moveit_setup_core_plugins' with type 'ros.ament_cmake' and name 'moveit_setup_core_plugins'[0m
[0.259s] [34mcolcon.colcon_core.package_identification[0m [1;30mLevel 1[0m _identify(src/moveit2/moveit_setup_assistant/moveit_setup_framework) by extensions ['ignore', 'ignore_ament_install']
[0.259s] [34mcolcon.colcon_core.package_identification[0m [1;30mLevel 1[0m _identify(src/moveit2/moveit_setup_assistant/moveit_setup_framework) by extension 'ignore'
[0.259s] [34mcolcon.colcon_core.package_identification[0m [1;30mLevel 1[0m _identify(src/moveit2/moveit_setup_assistant/moveit_setup_framework) by extension 'ignore_ament_install'
[0.259s] [34mcolcon.colcon_core.package_identification[0m [1;30mLevel 1[0m _identify(src/moveit2/moveit_setup_assistant/moveit_setup_framework) by extensions ['colcon_pkg']
[0.259s] [34mcolcon.colcon_core.package_identification[0m [1;30mLevel 1[0m _identify(src/moveit2/moveit_setup_assistant/moveit_setup_framework) by extension 'colcon_pkg'
[0.259s] [34mcolcon.colcon_core.package_identification[0m [1;30mLevel 1[0m _identify(src/moveit2/moveit_setup_assistant/moveit_setup_framework) by extensions ['colcon_meta']
[0.259s] [34mcolcon.colcon_core.package_identification[0m [1;30mLevel 1[0m _identify(src/moveit2/moveit_setup_assistant/moveit_setup_framework) by extension 'colcon_meta'
[0.259s] [34mcolcon.colcon_core.package_identification[0m [1;30mLevel 1[0m _identify(src/moveit2/moveit_setup_assistant/moveit_setup_framework) by extensions ['ros']
[0.259s] [34mcolcon.colcon_core.package_identification[0m [1;30mLevel 1[0m _identify(src/moveit2/moveit_setup_assistant/moveit_setup_framework) by extension 'ros'
[0.259s] [34mcolcon.colcon_core.package_identification[0m [1;30mDEBUG[0m [32mPackage 'src/moveit2/moveit_setup_assistant/moveit_setup_framework' with type 'ros.ament_cmake' and name 'moveit_setup_framework'[0m
[0.260s] [34mcolcon.colcon_core.package_identification[0m [1;30mLevel 1[0m _identify(src/moveit2/moveit_setup_assistant/moveit_setup_simulation) by extensions ['ignore', 'ignore_ament_install']
[0.260s] [34mcolcon.colcon_core.package_identification[0m [1;30mLevel 1[0m _identify(src/moveit2/moveit_setup_assistant/moveit_setup_simulation) by extension 'ignore'
[0.260s] [34mcolcon.colcon_core.package_identification[0m [1;30mLevel 1[0m _identify(src/moveit2/moveit_setup_assistant/moveit_setup_simulation) ignored
[0.260s] [34mcolcon.colcon_core.package_identification[0m [1;30mLevel 1[0m _identify(src/moveit2/moveit_setup_assistant/moveit_setup_srdf_plugins) by extensions ['ignore', 'ignore_ament_install']
[0.260s] [34mcolcon.colcon_core.package_identification[0m [1;30mLevel 1[0m _identify(src/moveit2/moveit_setup_assistant/moveit_setup_srdf_plugins) by extension 'ignore'
[0.260s] [34mcolcon.colcon_core.package_identification[0m [1;30mLevel 1[0m _identify(src/moveit2/moveit_setup_assistant/moveit_setup_srdf_plugins) by extension 'ignore_ament_install'
[0.260s] [34mcolcon.colcon_core.package_identification[0m [1;30mLevel 1[0m _identify(src/moveit2/moveit_setup_assistant/moveit_setup_srdf_plugins) by extensions ['colcon_pkg']
[0.260s] [34mcolcon.colcon_core.package_identification[0m [1;30mLevel 1[0m _identify(src/moveit2/moveit_setup_assistant/moveit_setup_srdf_plugins) by extension 'colcon_pkg'
[0.260s] [34mcolcon.colcon_core.package_identification[0m [1;30mLevel 1[0m _identify(src/moveit2/moveit_setup_assistant/moveit_setup_srdf_plugins) by extensions ['colcon_meta']
[0.260s] [34mcolcon.colcon_core.package_identification[0m [1;30mLevel 1[0m _identify(src/moveit2/moveit_setup_assistant/moveit_setup_srdf_plugins) by extension 'colcon_meta'
[0.260s] [34mcolcon.colcon_core.package_identification[0m [1;30mLevel 1[0m _identify(src/moveit2/moveit_setup_assistant/moveit_setup_srdf_plugins) by extensions ['ros']
[0.260s] [34mcolcon.colcon_core.package_identification[0m [1;30mLevel 1[0m _identify(src/moveit2/moveit_setup_assistant/moveit_setup_srdf_plugins) by extension 'ros'
[0.260s] [34mcolcon.colcon_core.package_identification[0m [1;30mDEBUG[0m [32mPackage 'src/moveit2/moveit_setup_assistant/moveit_setup_srdf_plugins' with type 'ros.ament_cmake' and name 'moveit_setup_srdf_plugins'[0m
[0.261s] [34mcolcon.colcon_core.package_identification[0m [1;30mLevel 1[0m _identify(src/moveit2/moveit_setup_assistant/unported_templates) by extensions ['ignore', 'ignore_ament_install']
[0.261s] [34mcolcon.colcon_core.package_identification[0m [1;30mLevel 1[0m _identify(src/moveit2/moveit_setup_assistant/unported_templates) by extension 'ignore'
[0.261s] [34mcolcon.colcon_core.package_identification[0m [1;30mLevel 1[0m _identify(src/moveit2/moveit_setup_assistant/unported_templates) by extension 'ignore_ament_install'
[0.261s] [34mcolcon.colcon_core.package_identification[0m [1;30mLevel 1[0m _identify(src/moveit2/moveit_setup_assistant/unported_templates) by extensions ['colcon_pkg']
[0.261s] [34mcolcon.colcon_core.package_identification[0m [1;30mLevel 1[0m _identify(src/moveit2/moveit_setup_assistant/unported_templates) by extension 'colcon_pkg'
[0.261s] [34mcolcon.colcon_core.package_identification[0m [1;30mLevel 1[0m _identify(src/moveit2/moveit_setup_assistant/unported_templates) by extensions ['colcon_meta']
[0.261s] [34mcolcon.colcon_core.package_identification[0m [1;30mLevel 1[0m _identify(src/moveit2/moveit_setup_assistant/unported_templates) by extension 'colcon_meta'
[0.261s] [34mcolcon.colcon_core.package_identification[0m [1;30mLevel 1[0m _identify(src/moveit2/moveit_setup_assistant/unported_templates) by extensions ['ros']
[0.261s] [34mcolcon.colcon_core.package_identification[0m [1;30mLevel 1[0m _identify(src/moveit2/moveit_setup_assistant/unported_templates) by extension 'ros'
[0.261s] [34mcolcon.colcon_core.package_identification[0m [1;30mLevel 1[0m _identify(src/moveit2/moveit_setup_assistant/unported_templates) by extensions ['cmake', 'python']
[0.261s] [34mcolcon.colcon_core.package_identification[0m [1;30mLevel 1[0m _identify(src/moveit2/moveit_setup_assistant/unported_templates) by extension 'cmake'
[0.261s] [34mcolcon.colcon_core.package_identification[0m [1;30mLevel 1[0m _identify(src/moveit2/moveit_setup_assistant/unported_templates) by extension 'python'
[0.261s] [34mcolcon.colcon_core.package_identification[0m [1;30mLevel 1[0m _identify(src/moveit2/moveit_setup_assistant/unported_templates) by extensions ['python_setup_py']
[0.261s] [34mcolcon.colcon_core.package_identification[0m [1;30mLevel 1[0m _identify(src/moveit2/moveit_setup_assistant/unported_templates) by extension 'python_setup_py'
[0.261s] [34mcolcon.colcon_core.package_identification[0m [1;30mLevel 1[0m _identify(src/moveit2_tutorials) by extensions ['ignore', 'ignore_ament_install']
[0.261s] [34mcolcon.colcon_core.package_identification[0m [1;30mLevel 1[0m _identify(src/moveit2_tutorials) by extension 'ignore'
[0.261s] [34mcolcon.colcon_core.package_identification[0m [1;30mLevel 1[0m _identify(src/moveit2_tutorials) by extension 'ignore_ament_install'
[0.261s] [34mcolcon.colcon_core.package_identification[0m [1;30mLevel 1[0m _identify(src/moveit2_tutorials) by extensions ['colcon_pkg']
[0.261s] [34mcolcon.colcon_core.package_identification[0m [1;30mLevel 1[0m _identify(src/moveit2_tutorials) by extension 'colcon_pkg'
[0.261s] [34mcolcon.colcon_core.package_identification[0m [1;30mLevel 1[0m _identify(src/moveit2_tutorials) by extensions ['colcon_meta']
[0.261s] [34mcolcon.colcon_core.package_identification[0m [1;30mLevel 1[0m _identify(src/moveit2_tutorials) by extension 'colcon_meta'
[0.261s] [34mcolcon.colcon_core.package_identification[0m [1;30mLevel 1[0m _identify(src/moveit2_tutorials) by extensions ['ros']
[0.261s] [34mcolcon.colcon_core.package_identification[0m [1;30mLevel 1[0m _identify(src/moveit2_tutorials) by extension 'ros'
[0.262s] [34mcolcon.colcon_core.package_identification[0m [1;30mDEBUG[0m [32mPackage 'src/moveit2_tutorials' with type 'ros.ament_cmake' and name 'moveit2_tutorials'[0m
[0.262s] [34mcolcon.colcon_core.package_identification[0m [1;30mLevel 1[0m _identify(src/moveit_config) by extensions ['ignore', 'ignore_ament_install']
[0.262s] [34mcolcon.colcon_core.package_identification[0m [1;30mLevel 1[0m _identify(src/moveit_config) by extension 'ignore'
[0.262s] [34mcolcon.colcon_core.package_identification[0m [1;30mLevel 1[0m _identify(src/moveit_config) by extension 'ignore_ament_install'
[0.262s] [34mcolcon.colcon_core.package_identification[0m [1;30mLevel 1[0m _identify(src/moveit_config) by extensions ['colcon_pkg']
[0.262s] [34mcolcon.colcon_core.package_identification[0m [1;30mLevel 1[0m _identify(src/moveit_config) by extension 'colcon_pkg'
[0.262s] [34mcolcon.colcon_core.package_identification[0m [1;30mLevel 1[0m _identify(src/moveit_config) by extensions ['colcon_meta']
[0.262s] [34mcolcon.colcon_core.package_identification[0m [1;30mLevel 1[0m _identify(src/moveit_config) by extension 'colcon_meta'
[0.262s] [34mcolcon.colcon_core.package_identification[0m [1;30mLevel 1[0m _identify(src/moveit_config) by extensions ['ros']
[0.262s] [34mcolcon.colcon_core.package_identification[0m [1;30mLevel 1[0m _identify(src/moveit_config) by extension 'ros'
[0.263s] [34mcolcon.colcon_core.package_identification[0m [1;30mDEBUG[0m [32mPackage 'src/moveit_config' with type 'ros.ament_cmake' and name 'moveit_config'[0m
[0.263s] [34mcolcon.colcon_core.package_identification[0m [1;30mLevel 1[0m _identify(src/moveit_r2_config) by extensions ['ignore', 'ignore_ament_install']
[0.263s] [34mcolcon.colcon_core.package_identification[0m [1;30mLevel 1[0m _identify(src/moveit_r2_config) by extension 'ignore'
[0.263s] [34mcolcon.colcon_core.package_identification[0m [1;30mLevel 1[0m _identify(src/moveit_r2_config) by extension 'ignore_ament_install'
[0.263s] [34mcolcon.colcon_core.package_identification[0m [1;30mLevel 1[0m _identify(src/moveit_r2_config) by extensions ['colcon_pkg']
[0.263s] [34mcolcon.colcon_core.package_identification[0m [1;30mLevel 1[0m _identify(src/moveit_r2_config) by extension 'colcon_pkg'
[0.263s] [34mcolcon.colcon_core.package_identification[0m [1;30mLevel 1[0m _identify(src/moveit_r2_config) by extensions ['colcon_meta']
[0.263s] [34mcolcon.colcon_core.package_identification[0m [1;30mLevel 1[0m _identify(src/moveit_r2_config) by extension 'colcon_meta'
[0.263s] [34mcolcon.colcon_core.package_identification[0m [1;30mLevel 1[0m _identify(src/moveit_r2_config) by extensions ['ros']
[0.263s] [34mcolcon.colcon_core.package_identification[0m [1;30mLevel 1[0m _identify(src/moveit_r2_config) by extension 'ros'
[0.264s] [34mcolcon.colcon_core.package_identification[0m [1;30mDEBUG[0m [32mPackage 'src/moveit_r2_config' with type 'ros.ament_cmake' and name 'moveit_r2_config'[0m
[0.264s] [34mcolcon.colcon_core.package_identification[0m [1;30mLevel 1[0m _identify(src/moveit_resources) by extensions ['ignore', 'ignore_ament_install']
[0.264s] [34mcolcon.colcon_core.package_identification[0m [1;30mLevel 1[0m _identify(src/moveit_resources) by extension 'ignore'
[0.264s] [34mcolcon.colcon_core.package_identification[0m [1;30mLevel 1[0m _identify(src/moveit_resources) by extension 'ignore_ament_install'
[0.264s] [34mcolcon.colcon_core.package_identification[0m [1;30mLevel 1[0m _identify(src/moveit_resources) by extensions ['colcon_pkg']
[0.264s] [34mcolcon.colcon_core.package_identification[0m [1;30mLevel 1[0m _identify(src/moveit_resources) by extension 'colcon_pkg'
[0.264s] [34mcolcon.colcon_core.package_identification[0m [1;30mLevel 1[0m _identify(src/moveit_resources) by extensions ['colcon_meta']
[0.264s] [34mcolcon.colcon_core.package_identification[0m [1;30mLevel 1[0m _identify(src/moveit_resources) by extension 'colcon_meta'
[0.264s] [34mcolcon.colcon_core.package_identification[0m [1;30mLevel 1[0m _identify(src/moveit_resources) by extensions ['ros']
[0.264s] [34mcolcon.colcon_core.package_identification[0m [1;30mLevel 1[0m _identify(src/moveit_resources) by extension 'ros'
[0.264s] [34mcolcon.colcon_core.package_identification[0m [1;30mLevel 1[0m _identify(src/moveit_resources) by extensions ['cmake', 'python']
[0.264s] [34mcolcon.colcon_core.package_identification[0m [1;30mLevel 1[0m _identify(src/moveit_resources) by extension 'cmake'
[0.264s] [34mcolcon.colcon_core.package_identification[0m [1;30mLevel 1[0m _identify(src/moveit_resources) by extension 'python'
[0.264s] [34mcolcon.colcon_core.package_identification[0m [1;30mLevel 1[0m _identify(src/moveit_resources) by extensions ['python_setup_py']
[0.264s] [34mcolcon.colcon_core.package_identification[0m [1;30mLevel 1[0m _identify(src/moveit_resources) by extension 'python_setup_py'
[0.264s] [34mcolcon.colcon_core.package_identification[0m [1;30mLevel 1[0m _identify(src/moveit_resources/fanuc_description) by extensions ['ignore', 'ignore_ament_install']
[0.264s] [34mcolcon.colcon_core.package_identification[0m [1;30mLevel 1[0m _identify(src/moveit_resources/fanuc_description) by extension 'ignore'
[0.264s] [34mcolcon.colcon_core.package_identification[0m [1;30mLevel 1[0m _identify(src/moveit_resources/fanuc_description) by extension 'ignore_ament_install'
[0.264s] [34mcolcon.colcon_core.package_identification[0m [1;30mLevel 1[0m _identify(src/moveit_resources/fanuc_description) by extensions ['colcon_pkg']
[0.264s] [34mcolcon.colcon_core.package_identification[0m [1;30mLevel 1[0m _identify(src/moveit_resources/fanuc_description) by extension 'colcon_pkg'
[0.264s] [34mcolcon.colcon_core.package_identification[0m [1;30mLevel 1[0m _identify(src/moveit_resources/fanuc_description) by extensions ['colcon_meta']
[0.264s] [34mcolcon.colcon_core.package_identification[0m [1;30mLevel 1[0m _identify(src/moveit_resources/fanuc_description) by extension 'colcon_meta'
[0.264s] [34mcolcon.colcon_core.package_identification[0m [1;30mLevel 1[0m _identify(src/moveit_resources/fanuc_description) by extensions ['ros']
[0.264s] [34mcolcon.colcon_core.package_identification[0m [1;30mLevel 1[0m _identify(src/moveit_resources/fanuc_description) by extension 'ros'
[0.265s] [34mcolcon.colcon_core.package_identification[0m [1;30mDEBUG[0m [32mPackage 'src/moveit_resources/fanuc_description' with type 'ros.ament_cmake' and name 'moveit_resources_fanuc_description'[0m
[0.265s] [34mcolcon.colcon_core.package_identification[0m [1;30mLevel 1[0m _identify(src/moveit_resources/fanuc_moveit_config) by extensions ['ignore', 'ignore_ament_install']
[0.265s] [34mcolcon.colcon_core.package_identification[0m [1;30mLevel 1[0m _identify(src/moveit_resources/fanuc_moveit_config) by extension 'ignore'
[0.265s] [34mcolcon.colcon_core.package_identification[0m [1;30mLevel 1[0m _identify(src/moveit_resources/fanuc_moveit_config) by extension 'ignore_ament_install'
[0.265s] [34mcolcon.colcon_core.package_identification[0m [1;30mLevel 1[0m _identify(src/moveit_resources/fanuc_moveit_config) by extensions ['colcon_pkg']
[0.265s] [34mcolcon.colcon_core.package_identification[0m [1;30mLevel 1[0m _identify(src/moveit_resources/fanuc_moveit_config) by extension 'colcon_pkg'
[0.265s] [34mcolcon.colcon_core.package_identification[0m [1;30mLevel 1[0m _identify(src/moveit_resources/fanuc_moveit_config) by extensions ['colcon_meta']
[0.265s] [34mcolcon.colcon_core.package_identification[0m [1;30mLevel 1[0m _identify(src/moveit_resources/fanuc_moveit_config) by extension 'colcon_meta'
[0.265s] [34mcolcon.colcon_core.package_identification[0m [1;30mLevel 1[0m _identify(src/moveit_resources/fanuc_moveit_config) by extensions ['ros']
[0.265s] [34mcolcon.colcon_core.package_identification[0m [1;30mLevel 1[0m _identify(src/moveit_resources/fanuc_moveit_config) by extension 'ros'
[0.265s] [34mcolcon.colcon_core.package_identification[0m [1;30mDEBUG[0m [32mPackage 'src/moveit_resources/fanuc_moveit_config' with type 'ros.ament_cmake' and name 'moveit_resources_fanuc_moveit_config'[0m
[0.265s] [34mcolcon.colcon_core.package_identification[0m [1;30mLevel 1[0m _identify(src/moveit_resources/moveit_resources) by extensions ['ignore', 'ignore_ament_install']
[0.265s] [34mcolcon.colcon_core.package_identification[0m [1;30mLevel 1[0m _identify(src/moveit_resources/moveit_resources) by extension 'ignore'
[0.265s] [34mcolcon.colcon_core.package_identification[0m [1;30mLevel 1[0m _identify(src/moveit_resources/moveit_resources) by extension 'ignore_ament_install'
[0.265s] [34mcolcon.colcon_core.package_identification[0m [1;30mLevel 1[0m _identify(src/moveit_resources/moveit_resources) by extensions ['colcon_pkg']
[0.265s] [34mcolcon.colcon_core.package_identification[0m [1;30mLevel 1[0m _identify(src/moveit_resources/moveit_resources) by extension 'colcon_pkg'
[0.266s] [34mcolcon.colcon_core.package_identification[0m [1;30mLevel 1[0m _identify(src/moveit_resources/moveit_resources) by extensions ['colcon_meta']
[0.266s] [34mcolcon.colcon_core.package_identification[0m [1;30mLevel 1[0m _identify(src/moveit_resources/moveit_resources) by extension 'colcon_meta'
[0.266s] [34mcolcon.colcon_core.package_identification[0m [1;30mLevel 1[0m _identify(src/moveit_resources/moveit_resources) by extensions ['ros']
[0.266s] [34mcolcon.colcon_core.package_identification[0m [1;30mLevel 1[0m _identify(src/moveit_resources/moveit_resources) by extension 'ros'
[0.266s] [34mcolcon.colcon_core.package_identification[0m [1;30mDEBUG[0m [32mPackage 'src/moveit_resources/moveit_resources' with type 'ros.ament_cmake' and name 'moveit_resources'[0m
[0.266s] [34mcolcon.colcon_core.package_identification[0m [1;30mLevel 1[0m _identify(src/moveit_resources/panda_description) by extensions ['ignore', 'ignore_ament_install']
[0.266s] [34mcolcon.colcon_core.package_identification[0m [1;30mLevel 1[0m _identify(src/moveit_resources/panda_description) by extension 'ignore'
[0.266s] [34mcolcon.colcon_core.package_identification[0m [1;30mLevel 1[0m _identify(src/moveit_resources/panda_description) by extension 'ignore_ament_install'
[0.266s] [34mcolcon.colcon_core.package_identification[0m [1;30mLevel 1[0m _identify(src/moveit_resources/panda_description) by extensions ['colcon_pkg']
[0.266s] [34mcolcon.colcon_core.package_identification[0m [1;30mLevel 1[0m _identify(src/moveit_resources/panda_description) by extension 'colcon_pkg'
[0.266s] [34mcolcon.colcon_core.package_identification[0m [1;30mLevel 1[0m _identify(src/moveit_resources/panda_description) by extensions ['colcon_meta']
[0.266s] [34mcolcon.colcon_core.package_identification[0m [1;30mLevel 1[0m _identify(src/moveit_resources/panda_description) by extension 'colcon_meta'
[0.266s] [34mcolcon.colcon_core.package_identification[0m [1;30mLevel 1[0m _identify(src/moveit_resources/panda_description) by extensions ['ros']
[0.266s] [34mcolcon.colcon_core.package_identification[0m [1;30mLevel 1[0m _identify(src/moveit_resources/panda_description) by extension 'ros'
[0.267s] [34mcolcon.colcon_core.package_identification[0m [1;30mDEBUG[0m [32mPackage 'src/moveit_resources/panda_description' with type 'ros.ament_cmake' and name 'moveit_resources_panda_description'[0m
[0.267s] [34mcolcon.colcon_core.package_identification[0m [1;30mLevel 1[0m _identify(src/moveit_resources/panda_moveit_config) by extensions ['ignore', 'ignore_ament_install']
[0.267s] [34mcolcon.colcon_core.package_identification[0m [1;30mLevel 1[0m _identify(src/moveit_resources/panda_moveit_config) by extension 'ignore'
[0.267s] [34mcolcon.colcon_core.package_identification[0m [1;30mLevel 1[0m _identify(src/moveit_resources/panda_moveit_config) by extension 'ignore_ament_install'
[0.267s] [34mcolcon.colcon_core.package_identification[0m [1;30mLevel 1[0m _identify(src/moveit_resources/panda_moveit_config) by extensions ['colcon_pkg']
[0.267s] [34mcolcon.colcon_core.package_identification[0m [1;30mLevel 1[0m _identify(src/moveit_resources/panda_moveit_config) by extension 'colcon_pkg'
[0.267s] [34mcolcon.colcon_core.package_identification[0m [1;30mLevel 1[0m _identify(src/moveit_resources/panda_moveit_config) by extensions ['colcon_meta']
[0.267s] [34mcolcon.colcon_core.package_identification[0m [1;30mLevel 1[0m _identify(src/moveit_resources/panda_moveit_config) by extension 'colcon_meta'
[0.267s] [34mcolcon.colcon_core.package_identification[0m [1;30mLevel 1[0m _identify(src/moveit_resources/panda_moveit_config) by extensions ['ros']
[0.267s] [34mcolcon.colcon_core.package_identification[0m [1;30mLevel 1[0m _identify(src/moveit_resources/panda_moveit_config) by extension 'ros'
[0.267s] [34mcolcon.colcon_core.package_identification[0m [1;30mDEBUG[0m [32mPackage 'src/moveit_resources/panda_moveit_config' with type 'ros.ament_cmake' and name 'moveit_resources_panda_moveit_config'[0m
[0.267s] [34mcolcon.colcon_core.package_identification[0m [1;30mLevel 1[0m _identify(src/moveit_resources/pr2_description) by extensions ['ignore', 'ignore_ament_install']
[0.267s] [34mcolcon.colcon_core.package_identification[0m [1;30mLevel 1[0m _identify(src/moveit_resources/pr2_description) by extension 'ignore'
[0.267s] [34mcolcon.colcon_core.package_identification[0m [1;30mLevel 1[0m _identify(src/moveit_resources/pr2_description) by extension 'ignore_ament_install'
[0.267s] [34mcolcon.colcon_core.package_identification[0m [1;30mLevel 1[0m _identify(src/moveit_resources/pr2_description) by extensions ['colcon_pkg']
[0.267s] [34mcolcon.colcon_core.package_identification[0m [1;30mLevel 1[0m _identify(src/moveit_resources/pr2_description) by extension 'colcon_pkg'
[0.267s] [34mcolcon.colcon_core.package_identification[0m [1;30mLevel 1[0m _identify(src/moveit_resources/pr2_description) by extensions ['colcon_meta']
[0.267s] [34mcolcon.colcon_core.package_identification[0m [1;30mLevel 1[0m _identify(src/moveit_resources/pr2_description) by extension 'colcon_meta'
[0.267s] [34mcolcon.colcon_core.package_identification[0m [1;30mLevel 1[0m _identify(src/moveit_resources/pr2_description) by extensions ['ros']
[0.267s] [34mcolcon.colcon_core.package_identification[0m [1;30mLevel 1[0m _identify(src/moveit_resources/pr2_description) by extension 'ros'
[0.268s] [34mcolcon.colcon_core.package_identification[0m [1;30mDEBUG[0m [32mPackage 'src/moveit_resources/pr2_description' with type 'ros.ament_cmake' and name 'moveit_resources_pr2_description'[0m
[0.268s] [34mcolcon.colcon_core.package_identification[0m [1;30mLevel 1[0m _identify(src/moveit_task_constructor) by extensions ['ignore', 'ignore_ament_install']
[0.268s] [34mcolcon.colcon_core.package_identification[0m [1;30mLevel 1[0m _identify(src/moveit_task_constructor) by extension 'ignore'
[0.268s] [34mcolcon.colcon_core.package_identification[0m [1;30mLevel 1[0m _identify(src/moveit_task_constructor) by extension 'ignore_ament_install'
[0.268s] [34mcolcon.colcon_core.package_identification[0m [1;30mLevel 1[0m _identify(src/moveit_task_constructor) by extensions ['colcon_pkg']
[0.268s] [34mcolcon.colcon_core.package_identification[0m [1;30mLevel 1[0m _identify(src/moveit_task_constructor) by extension 'colcon_pkg'
[0.268s] [34mcolcon.colcon_core.package_identification[0m [1;30mLevel 1[0m _identify(src/moveit_task_constructor) by extensions ['colcon_meta']
[0.268s] [34mcolcon.colcon_core.package_identification[0m [1;30mLevel 1[0m _identify(src/moveit_task_constructor) by extension 'colcon_meta'
[0.268s] [34mcolcon.colcon_core.package_identification[0m [1;30mLevel 1[0m _identify(src/moveit_task_constructor) by extensions ['ros']
[0.268s] [34mcolcon.colcon_core.package_identification[0m [1;30mLevel 1[0m _identify(src/moveit_task_constructor) by extension 'ros'
[0.268s] [34mcolcon.colcon_core.package_identification[0m [1;30mLevel 1[0m _identify(src/moveit_task_constructor) by extensions ['cmake', 'python']
[0.268s] [34mcolcon.colcon_core.package_identification[0m [1;30mLevel 1[0m _identify(src/moveit_task_constructor) by extension 'cmake'
[0.268s] [34mcolcon.colcon_core.package_identification[0m [1;30mLevel 1[0m _identify(src/moveit_task_constructor) by extension 'python'
[0.268s] [34mcolcon.colcon_core.package_identification[0m [1;30mLevel 1[0m _identify(src/moveit_task_constructor) by extensions ['python_setup_py']
[0.268s] [34mcolcon.colcon_core.package_identification[0m [1;30mLevel 1[0m _identify(src/moveit_task_constructor) by extension 'python_setup_py'
[0.268s] [34mcolcon.colcon_core.package_identification[0m [1;30mLevel 1[0m _identify(src/moveit_task_constructor/capabilities) by extensions ['ignore', 'ignore_ament_install']
[0.268s] [34mcolcon.colcon_core.package_identification[0m [1;30mLevel 1[0m _identify(src/moveit_task_constructor/capabilities) by extension 'ignore'
[0.268s] [34mcolcon.colcon_core.package_identification[0m [1;30mLevel 1[0m _identify(src/moveit_task_constructor/capabilities) by extension 'ignore_ament_install'
[0.268s] [34mcolcon.colcon_core.package_identification[0m [1;30mLevel 1[0m _identify(src/moveit_task_constructor/capabilities) by extensions ['colcon_pkg']
[0.268s] [34mcolcon.colcon_core.package_identification[0m [1;30mLevel 1[0m _identify(src/moveit_task_constructor/capabilities) by extension 'colcon_pkg'
[0.268s] [34mcolcon.colcon_core.package_identification[0m [1;30mLevel 1[0m _identify(src/moveit_task_constructor/capabilities) by extensions ['colcon_meta']
[0.268s] [34mcolcon.colcon_core.package_identification[0m [1;30mLevel 1[0m _identify(src/moveit_task_constructor/capabilities) by extension 'colcon_meta'
[0.268s] [34mcolcon.colcon_core.package_identification[0m [1;30mLevel 1[0m _identify(src/moveit_task_constructor/capabilities) by extensions ['ros']
[0.268s] [34mcolcon.colcon_core.package_identification[0m [1;30mLevel 1[0m _identify(src/moveit_task_constructor/capabilities) by extension 'ros'
[0.269s] [34mcolcon.colcon_core.package_identification[0m [1;30mDEBUG[0m [32mPackage 'src/moveit_task_constructor/capabilities' with type 'ros.ament_cmake' and name 'moveit_task_constructor_capabilities'[0m
[0.269s] [34mcolcon.colcon_core.package_identification[0m [1;30mLevel 1[0m _identify(src/moveit_task_constructor/core) by extensions ['ignore', 'ignore_ament_install']
[0.269s] [34mcolcon.colcon_core.package_identification[0m [1;30mLevel 1[0m _identify(src/moveit_task_constructor/core) by extension 'ignore'
[0.269s] [34mcolcon.colcon_core.package_identification[0m [1;30mLevel 1[0m _identify(src/moveit_task_constructor/core) by extension 'ignore_ament_install'
[0.269s] [34mcolcon.colcon_core.package_identification[0m [1;30mLevel 1[0m _identify(src/moveit_task_constructor/core) by extensions ['colcon_pkg']
[0.269s] [34mcolcon.colcon_core.package_identification[0m [1;30mLevel 1[0m _identify(src/moveit_task_constructor/core) by extension 'colcon_pkg'
[0.269s] [34mcolcon.colcon_core.package_identification[0m [1;30mLevel 1[0m _identify(src/moveit_task_constructor/core) by extensions ['colcon_meta']
[0.269s] [34mcolcon.colcon_core.package_identification[0m [1;30mLevel 1[0m _identify(src/moveit_task_constructor/core) by extension 'colcon_meta'
[0.269s] [34mcolcon.colcon_core.package_identification[0m [1;30mLevel 1[0m _identify(src/moveit_task_constructor/core) by extensions ['ros']
[0.269s] [34mcolcon.colcon_core.package_identification[0m [1;30mLevel 1[0m _identify(src/moveit_task_constructor/core) by extension 'ros'
[0.270s] [34mcolcon.colcon_core.package_identification[0m [1;30mDEBUG[0m [32mPackage 'src/moveit_task_constructor/core' with type 'ros.ament_cmake' and name 'moveit_task_constructor_core'[0m
[0.270s] [34mcolcon.colcon_core.package_identification[0m [1;30mLevel 1[0m _identify(src/moveit_task_constructor/demo) by extensions ['ignore', 'ignore_ament_install']
[0.270s] [34mcolcon.colcon_core.package_identification[0m [1;30mLevel 1[0m _identify(src/moveit_task_constructor/demo) by extension 'ignore'
[0.270s] [34mcolcon.colcon_core.package_identification[0m [1;30mLevel 1[0m _identify(src/moveit_task_constructor/demo) by extension 'ignore_ament_install'
[0.270s] [34mcolcon.colcon_core.package_identification[0m [1;30mLevel 1[0m _identify(src/moveit_task_constructor/demo) by extensions ['colcon_pkg']
[0.270s] [34mcolcon.colcon_core.package_identification[0m [1;30mLevel 1[0m _identify(src/moveit_task_constructor/demo) by extension 'colcon_pkg'
[0.270s] [34mcolcon.colcon_core.package_identification[0m [1;30mLevel 1[0m _identify(src/moveit_task_constructor/demo) by extensions ['colcon_meta']
[0.270s] [34mcolcon.colcon_core.package_identification[0m [1;30mLevel 1[0m _identify(src/moveit_task_constructor/demo) by extension 'colcon_meta'
[0.270s] [34mcolcon.colcon_core.package_identification[0m [1;30mLevel 1[0m _identify(src/moveit_task_constructor/demo) by extensions ['ros']
[0.270s] [34mcolcon.colcon_core.package_identification[0m [1;30mLevel 1[0m _identify(src/moveit_task_constructor/demo) by extension 'ros'
[0.271s] [34mcolcon.colcon_core.package_identification[0m [1;30mDEBUG[0m [32mPackage 'src/moveit_task_constructor/demo' with type 'ros.ament_cmake' and name 'moveit_task_constructor_demo'[0m
[0.271s] [34mcolcon.colcon_core.package_identification[0m [1;30mLevel 1[0m _identify(src/moveit_task_constructor/msgs) by extensions ['ignore', 'ignore_ament_install']
[0.271s] [34mcolcon.colcon_core.package_identification[0m [1;30mLevel 1[0m _identify(src/moveit_task_constructor/msgs) by extension 'ignore'
[0.271s] [34mcolcon.colcon_core.package_identification[0m [1;30mLevel 1[0m _identify(src/moveit_task_constructor/msgs) by extension 'ignore_ament_install'
[0.271s] [34mcolcon.colcon_core.package_identification[0m [1;30mLevel 1[0m _identify(src/moveit_task_constructor/msgs) by extensions ['colcon_pkg']
[0.271s] [34mcolcon.colcon_core.package_identification[0m [1;30mLevel 1[0m _identify(src/moveit_task_constructor/msgs) by extension 'colcon_pkg'
[0.271s] [34mcolcon.colcon_core.package_identification[0m [1;30mLevel 1[0m _identify(src/moveit_task_constructor/msgs) by extensions ['colcon_meta']
[0.271s] [34mcolcon.colcon_core.package_identification[0m [1;30mLevel 1[0m _identify(src/moveit_task_constructor/msgs) by extension 'colcon_meta'
[0.271s] [34mcolcon.colcon_core.package_identification[0m [1;30mLevel 1[0m _identify(src/moveit_task_constructor/msgs) by extensions ['ros']
[0.271s] [34mcolcon.colcon_core.package_identification[0m [1;30mLevel 1[0m _identify(src/moveit_task_constructor/msgs) by extension 'ros'
[0.271s] [34mcolcon.colcon_core.package_identification[0m [1;30mDEBUG[0m [32mPackage 'src/moveit_task_constructor/msgs' with type 'ros.ament_cmake' and name 'moveit_task_constructor_msgs'[0m
[0.271s] [34mcolcon.colcon_core.package_identification[0m [1;30mLevel 1[0m _identify(src/moveit_task_constructor/rviz_marker_tools) by extensions ['ignore', 'ignore_ament_install']
[0.271s] [34mcolcon.colcon_core.package_identification[0m [1;30mLevel 1[0m _identify(src/moveit_task_constructor/rviz_marker_tools) by extension 'ignore'
[0.272s] [34mcolcon.colcon_core.package_identification[0m [1;30mLevel 1[0m _identify(src/moveit_task_constructor/rviz_marker_tools) by extension 'ignore_ament_install'
[0.272s] [34mcolcon.colcon_core.package_identification[0m [1;30mLevel 1[0m _identify(src/moveit_task_constructor/rviz_marker_tools) by extensions ['colcon_pkg']
[0.272s] [34mcolcon.colcon_core.package_identification[0m [1;30mLevel 1[0m _identify(src/moveit_task_constructor/rviz_marker_tools) by extension 'colcon_pkg'
[0.272s] [34mcolcon.colcon_core.package_identification[0m [1;30mLevel 1[0m _identify(src/moveit_task_constructor/rviz_marker_tools) by extensions ['colcon_meta']
[0.272s] [34mcolcon.colcon_core.package_identification[0m [1;30mLevel 1[0m _identify(src/moveit_task_constructor/rviz_marker_tools) by extension 'colcon_meta'
[0.272s] [34mcolcon.colcon_core.package_identification[0m [1;30mLevel 1[0m _identify(src/moveit_task_constructor/rviz_marker_tools) by extensions ['ros']
[0.272s] [34mcolcon.colcon_core.package_identification[0m [1;30mLevel 1[0m _identify(src/moveit_task_constructor/rviz_marker_tools) by extension 'ros'
[0.272s] [34mcolcon.colcon_core.package_identification[0m [1;30mDEBUG[0m [32mPackage 'src/moveit_task_constructor/rviz_marker_tools' with type 'ros.ament_cmake' and name 'rviz_marker_tools'[0m
[0.272s] [34mcolcon.colcon_core.package_identification[0m [1;30mLevel 1[0m _identify(src/moveit_task_constructor/visualization) by extensions ['ignore', 'ignore_ament_install']
[0.272s] [34mcolcon.colcon_core.package_identification[0m [1;30mLevel 1[0m _identify(src/moveit_task_constructor/visualization) by extension 'ignore'
[0.272s] [34mcolcon.colcon_core.package_identification[0m [1;30mLevel 1[0m _identify(src/moveit_task_constructor/visualization) by extension 'ignore_ament_install'
[0.272s] [34mcolcon.colcon_core.package_identification[0m [1;30mLevel 1[0m _identify(src/moveit_task_constructor/visualization) by extensions ['colcon_pkg']
[0.272s] [34mcolcon.colcon_core.package_identification[0m [1;30mLevel 1[0m _identify(src/moveit_task_constructor/visualization) by extension 'colcon_pkg'
[0.272s] [34mcolcon.colcon_core.package_identification[0m [1;30mLevel 1[0m _identify(src/moveit_task_constructor/visualization) by extensions ['colcon_meta']
[0.272s] [34mcolcon.colcon_core.package_identification[0m [1;30mLevel 1[0m _identify(src/moveit_task_constructor/visualization) by extension 'colcon_meta'
[0.272s] [34mcolcon.colcon_core.package_identification[0m [1;30mLevel 1[0m _identify(src/moveit_task_constructor/visualization) by extensions ['ros']
[0.272s] [34mcolcon.colcon_core.package_identification[0m [1;30mLevel 1[0m _identify(src/moveit_task_constructor/visualization) by extension 'ros'
[0.273s] [34mcolcon.colcon_core.package_identification[0m [1;30mDEBUG[0m [32mPackage 'src/moveit_task_constructor/visualization' with type 'ros.ament_cmake' and name 'moveit_task_constructor_visualization'[0m
[0.273s] [34mcolcon.colcon_core.package_identification[0m [1;30mLevel 1[0m _identify(src/moveit_visual_tools) by extensions ['ignore', 'ignore_ament_install']
[0.273s] [34mcolcon.colcon_core.package_identification[0m [1;30mLevel 1[0m _identify(src/moveit_visual_tools) by extension 'ignore'
[0.273s] [34mcolcon.colcon_core.package_identification[0m [1;30mLevel 1[0m _identify(src/moveit_visual_tools) by extension 'ignore_ament_install'
[0.273s] [34mcolcon.colcon_core.package_identification[0m [1;30mLevel 1[0m _identify(src/moveit_visual_tools) by extensions ['colcon_pkg']
[0.273s] [34mcolcon.colcon_core.package_identification[0m [1;30mLevel 1[0m _identify(src/moveit_visual_tools) by extension 'colcon_pkg'
[0.273s] [34mcolcon.colcon_core.package_identification[0m [1;30mLevel 1[0m _identify(src/moveit_visual_tools) by extensions ['colcon_meta']
[0.273s] [34mcolcon.colcon_core.package_identification[0m [1;30mLevel 1[0m _identify(src/moveit_visual_tools) by extension 'colcon_meta'
[0.273s] [34mcolcon.colcon_core.package_identification[0m [1;30mLevel 1[0m _identify(src/moveit_visual_tools) by extensions ['ros']
[0.273s] [34mcolcon.colcon_core.package_identification[0m [1;30mLevel 1[0m _identify(src/moveit_visual_tools) by extension 'ros'
[0.274s] [34mcolcon.colcon_core.package_identification[0m [1;30mDEBUG[0m [32mPackage 'src/moveit_visual_tools' with type 'ros.ament_cmake' and name 'moveit_visual_tools'[0m
[0.274s] [34mcolcon.colcon_core.package_identification[0m [1;30mLevel 1[0m _identify(src/nhk_bt) by extensions ['ignore', 'ignore_ament_install']
[0.274s] [34mcolcon.colcon_core.package_identification[0m [1;30mLevel 1[0m _identify(src/nhk_bt) by extension 'ignore'
[0.274s] [34mcolcon.colcon_core.package_identification[0m [1;30mLevel 1[0m _identify(src/nhk_bt) by extension 'ignore_ament_install'
[0.274s] [34mcolcon.colcon_core.package_identification[0m [1;30mLevel 1[0m _identify(src/nhk_bt) by extensions ['colcon_pkg']
[0.274s] [34mcolcon.colcon_core.package_identification[0m [1;30mLevel 1[0m _identify(src/nhk_bt) by extension 'colcon_pkg'
[0.274s] [34mcolcon.colcon_core.package_identification[0m [1;30mLevel 1[0m _identify(src/nhk_bt) by extensions ['colcon_meta']
[0.274s] [34mcolcon.colcon_core.package_identification[0m [1;30mLevel 1[0m _identify(src/nhk_bt) by extension 'colcon_meta'
[0.274s] [34mcolcon.colcon_core.package_identification[0m [1;30mLevel 1[0m _identify(src/nhk_bt) by extensions ['ros']
[0.274s] [34mcolcon.colcon_core.package_identification[0m [1;30mLevel 1[0m _identify(src/nhk_bt) by extension 'ros'
[0.275s] [34mcolcon.colcon_core.package_identification[0m [1;30mDEBUG[0m [32mPackage 'src/nhk_bt' with type 'ros.ament_cmake' and name 'nhk_bt'[0m
[0.275s] [34mcolcon.colcon_core.package_identification[0m [1;30mLevel 1[0m _identify(src/r2_odrive) by extensions ['ignore', 'ignore_ament_install']
[0.275s] [34mcolcon.colcon_core.package_identification[0m [1;30mLevel 1[0m _identify(src/r2_odrive) by extension 'ignore'
[0.275s] [34mcolcon.colcon_core.package_identification[0m [1;30mLevel 1[0m _identify(src/r2_odrive) by extension 'ignore_ament_install'
[0.275s] [34mcolcon.colcon_core.package_identification[0m [1;30mLevel 1[0m _identify(src/r2_odrive) by extensions ['colcon_pkg']
[0.275s] [34mcolcon.colcon_core.package_identification[0m [1;30mLevel 1[0m _identify(src/r2_odrive) by extension 'colcon_pkg'
[0.275s] [34mcolcon.colcon_core.package_identification[0m [1;30mLevel 1[0m _identify(src/r2_odrive) by extensions ['colcon_meta']
[0.275s] [34mcolcon.colcon_core.package_identification[0m [1;30mLevel 1[0m _identify(src/r2_odrive) by extension 'colcon_meta'
[0.275s] [34mcolcon.colcon_core.package_identification[0m [1;30mLevel 1[0m _identify(src/r2_odrive) by extensions ['ros']
[0.275s] [34mcolcon.colcon_core.package_identification[0m [1;30mLevel 1[0m _identify(src/r2_odrive) by extension 'ros'
[0.275s] [34mcolcon.colcon_core.package_identification[0m [1;30mDEBUG[0m [32mPackage 'src/r2_odrive' with type 'ros.ament_python' and name 'r2_odrive'[0m
[0.276s] [34mcolcon.colcon_core.package_identification[0m [1;30mLevel 1[0m _identify(src/rogidrive) by extensions ['ignore', 'ignore_ament_install']
[0.276s] [34mcolcon.colcon_core.package_identification[0m [1;30mLevel 1[0m _identify(src/rogidrive) by extension 'ignore'
[0.276s] [34mcolcon.colcon_core.package_identification[0m [1;30mLevel 1[0m _identify(src/rogidrive) by extension 'ignore_ament_install'
[0.276s] [34mcolcon.colcon_core.package_identification[0m [1;30mLevel 1[0m _identify(src/rogidrive) by extensions ['colcon_pkg']
[0.276s] [34mcolcon.colcon_core.package_identification[0m [1;30mLevel 1[0m _identify(src/rogidrive) by extension 'colcon_pkg'
[0.276s] [34mcolcon.colcon_core.package_identification[0m [1;30mLevel 1[0m _identify(src/rogidrive) by extensions ['colcon_meta']
[0.276s] [34mcolcon.colcon_core.package_identification[0m [1;30mLevel 1[0m _identify(src/rogidrive) by extension 'colcon_meta'
[0.276s] [34mcolcon.colcon_core.package_identification[0m [1;30mLevel 1[0m _identify(src/rogidrive) by extensions ['ros']
[0.276s] [34mcolcon.colcon_core.package_identification[0m [1;30mLevel 1[0m _identify(src/rogidrive) by extension 'ros'
[0.276s] [34mcolcon.colcon_core.package_identification[0m [1;30mLevel 1[0m _identify(src/rogidrive) by extensions ['cmake', 'python']
[0.276s] [34mcolcon.colcon_core.package_identification[0m [1;30mLevel 1[0m _identify(src/rogidrive) by extension 'cmake'
[0.276s] [34mcolcon.colcon_core.package_identification[0m [1;30mLevel 1[0m _identify(src/rogidrive) by extension 'python'
[0.276s] [34mcolcon.colcon_core.package_identification[0m [1;30mLevel 1[0m _identify(src/rogidrive) by extensions ['python_setup_py']
[0.276s] [34mcolcon.colcon_core.package_identification[0m [1;30mLevel 1[0m _identify(src/rogidrive) by extension 'python_setup_py'
[0.276s] [34mcolcon.colcon_core.package_identification[0m [1;30mLevel 1[0m _identify(src/rogidrive/rogidrive) by extensions ['ignore', 'ignore_ament_install']
[0.276s] [34mcolcon.colcon_core.package_identification[0m [1;30mLevel 1[0m _identify(src/rogidrive/rogidrive) by extension 'ignore'
[0.276s] [34mcolcon.colcon_core.package_identification[0m [1;30mLevel 1[0m _identify(src/rogidrive/rogidrive) by extension 'ignore_ament_install'
[0.276s] [34mcolcon.colcon_core.package_identification[0m [1;30mLevel 1[0m _identify(src/rogidrive/rogidrive) by extensions ['colcon_pkg']
[0.276s] [34mcolcon.colcon_core.package_identification[0m [1;30mLevel 1[0m _identify(src/rogidrive/rogidrive) by extension 'colcon_pkg'
[0.276s] [34mcolcon.colcon_core.package_identification[0m [1;30mLevel 1[0m _identify(src/rogidrive/rogidrive) by extensions ['colcon_meta']
[0.276s] [34mcolcon.colcon_core.package_identification[0m [1;30mLevel 1[0m _identify(src/rogidrive/rogidrive) by extension 'colcon_meta'
[0.276s] [34mcolcon.colcon_core.package_identification[0m [1;30mLevel 1[0m _identify(src/rogidrive/rogidrive) by extensions ['ros']
[0.276s] [34mcolcon.colcon_core.package_identification[0m [1;30mLevel 1[0m _identify(src/rogidrive/rogidrive) by extension 'ros'
[0.276s] [34mcolcon.colcon_core.package_identification[0m [1;30mDEBUG[0m [32mPackage 'src/rogidrive/rogidrive' with type 'ros.ament_python' and name 'rogidrive'[0m
[0.277s] [34mcolcon.colcon_core.package_identification[0m [1;30mLevel 1[0m _identify(src/rogidrive/rogidrive_msg) by extensions ['ignore', 'ignore_ament_install']
[0.277s] [34mcolcon.colcon_core.package_identification[0m [1;30mLevel 1[0m _identify(src/rogidrive/rogidrive_msg) by extension 'ignore'
[0.277s] [34mcolcon.colcon_core.package_identification[0m [1;30mLevel 1[0m _identify(src/rogidrive/rogidrive_msg) by extension 'ignore_ament_install'
[0.277s] [34mcolcon.colcon_core.package_identification[0m [1;30mLevel 1[0m _identify(src/rogidrive/rogidrive_msg) by extensions ['colcon_pkg']
[0.277s] [34mcolcon.colcon_core.package_identification[0m [1;30mLevel 1[0m _identify(src/rogidrive/rogidrive_msg) by extension 'colcon_pkg'
[0.277s] [34mcolcon.colcon_core.package_identification[0m [1;30mLevel 1[0m _identify(src/rogidrive/rogidrive_msg) by extensions ['colcon_meta']
[0.277s] [34mcolcon.colcon_core.package_identification[0m [1;30mLevel 1[0m _identify(src/rogidrive/rogidrive_msg) by extension 'colcon_meta'
[0.277s] [34mcolcon.colcon_core.package_identification[0m [1;30mLevel 1[0m _identify(src/rogidrive/rogidrive_msg) by extensions ['ros']
[0.277s] [34mcolcon.colcon_core.package_identification[0m [1;30mLevel 1[0m _identify(src/rogidrive/rogidrive_msg) by extension 'ros'
[0.277s] [34mcolcon.colcon_core.package_identification[0m [1;30mDEBUG[0m [32mPackage 'src/rogidrive/rogidrive_msg' with type 'ros.ament_cmake' and name 'rogidrive_msg'[0m
[0.277s] [34mcolcon.colcon_core.package_identification[0m [1;30mLevel 1[0m _identify(src/rosparam_shortcuts) by extensions ['ignore', 'ignore_ament_install']
[0.277s] [34mcolcon.colcon_core.package_identification[0m [1;30mLevel 1[0m _identify(src/rosparam_shortcuts) by extension 'ignore'
[0.277s] [34mcolcon.colcon_core.package_identification[0m [1;30mLevel 1[0m _identify(src/rosparam_shortcuts) by extension 'ignore_ament_install'
[0.277s] [34mcolcon.colcon_core.package_identification[0m [1;30mLevel 1[0m _identify(src/rosparam_shortcuts) by extensions ['colcon_pkg']
[0.277s] [34mcolcon.colcon_core.package_identification[0m [1;30mLevel 1[0m _identify(src/rosparam_shortcuts) by extension 'colcon_pkg'
[0.277s] [34mcolcon.colcon_core.package_identification[0m [1;30mLevel 1[0m _identify(src/rosparam_shortcuts) by extensions ['colcon_meta']
[0.277s] [34mcolcon.colcon_core.package_identification[0m [1;30mLevel 1[0m _identify(src/rosparam_shortcuts) by extension 'colcon_meta'
[0.277s] [34mcolcon.colcon_core.package_identification[0m [1;30mLevel 1[0m _identify(src/rosparam_shortcuts) by extensions ['ros']
[0.277s] [34mcolcon.colcon_core.package_identification[0m [1;30mLevel 1[0m _identify(src/rosparam_shortcuts) by extension 'ros'
[0.278s] [34mcolcon.colcon_core.package_identification[0m [1;30mDEBUG[0m [32mPackage 'src/rosparam_shortcuts' with type 'ros.ament_cmake' and name 'rosparam_shortcuts'[0m
[0.278s] [34mcolcon.colcon_core.package_identification[0m [1;30mLevel 1[0m _identify(src/sakai_r2_config) by extensions ['ignore', 'ignore_ament_install']
[0.278s] [34mcolcon.colcon_core.package_identification[0m [1;30mLevel 1[0m _identify(src/sakai_r2_config) by extension 'ignore'
[0.278s] [34mcolcon.colcon_core.package_identification[0m [1;30mLevel 1[0m _identify(src/sakai_r2_config) by extension 'ignore_ament_install'
[0.278s] [34mcolcon.colcon_core.package_identification[0m [1;30mLevel 1[0m _identify(src/sakai_r2_config) by extensions ['colcon_pkg']
[0.278s] [34mcolcon.colcon_core.package_identification[0m [1;30mLevel 1[0m _identify(src/sakai_r2_config) by extension 'colcon_pkg'
[0.278s] [34mcolcon.colcon_core.package_identification[0m [1;30mLevel 1[0m _identify(src/sakai_r2_config) by extensions ['colcon_meta']
[0.278s] [34mcolcon.colcon_core.package_identification[0m [1;30mLevel 1[0m _identify(src/sakai_r2_config) by extension 'colcon_meta'
[0.278s] [34mcolcon.colcon_core.package_identification[0m [1;30mLevel 1[0m _identify(src/sakai_r2_config) by extensions ['ros']
[0.278s] [34mcolcon.colcon_core.package_identification[0m [1;30mLevel 1[0m _identify(src/sakai_r2_config) by extension 'ros'
[0.278s] [34mcolcon.colcon_core.package_identification[0m [1;30mDEBUG[0m [32mPackage 'src/sakai_r2_config' with type 'ros.ament_cmake' and name 'sakai_r2_config'[0m
[0.279s] [34mcolcon.colcon_core.package_identification[0m [1;30mLevel 1[0m _identify(src/srdfdom) by extensions ['ignore', 'ignore_ament_install']
[0.279s] [34mcolcon.colcon_core.package_identification[0m [1;30mLevel 1[0m _identify(src/srdfdom) by extension 'ignore'
[0.279s] [34mcolcon.colcon_core.package_identification[0m [1;30mLevel 1[0m _identify(src/srdfdom) by extension 'ignore_ament_install'
[0.279s] [34mcolcon.colcon_core.package_identification[0m [1;30mLevel 1[0m _identify(src/srdfdom) by extensions ['colcon_pkg']
[0.279s] [34mcolcon.colcon_core.package_identification[0m [1;30mLevel 1[0m _identify(src/srdfdom) by extension 'colcon_pkg'
[0.279s] [34mcolcon.colcon_core.package_identification[0m [1;30mLevel 1[0m _identify(src/srdfdom) by extensions ['colcon_meta']
[0.279s] [34mcolcon.colcon_core.package_identification[0m [1;30mLevel 1[0m _identify(src/srdfdom) by extension 'colcon_meta'
[0.279s] [34mcolcon.colcon_core.package_identification[0m [1;30mLevel 1[0m _identify(src/srdfdom) by extensions ['ros']
[0.279s] [34mcolcon.colcon_core.package_identification[0m [1;30mLevel 1[0m _identify(src/srdfdom) by extension 'ros'
[0.279s] [34mcolcon.colcon_core.package_identification[0m [1;30mDEBUG[0m [32mPackage 'src/srdfdom' with type 'ros.ament_cmake' and name 'srdfdom'[0m
[0.279s] [34mcolcon.colcon_core.package_identification[0m [1;30mLevel 1[0m _identify(src/trac_ik) by extensions ['ignore', 'ignore_ament_install']
[0.279s] [34mcolcon.colcon_core.package_identification[0m [1;30mLevel 1[0m _identify(src/trac_ik) by extension 'ignore'
[0.279s] [34mcolcon.colcon_core.package_identification[0m [1;30mLevel 1[0m _identify(src/trac_ik) by extension 'ignore_ament_install'
[0.279s] [34mcolcon.colcon_core.package_identification[0m [1;30mLevel 1[0m _identify(src/trac_ik) by extensions ['colcon_pkg']
[0.279s] [34mcolcon.colcon_core.package_identification[0m [1;30mLevel 1[0m _identify(src/trac_ik) by extension 'colcon_pkg'
[0.279s] [34mcolcon.colcon_core.package_identification[0m [1;30mLevel 1[0m _identify(src/trac_ik) by extensions ['colcon_meta']
[0.279s] [34mcolcon.colcon_core.package_identification[0m [1;30mLevel 1[0m _identify(src/trac_ik) by extension 'colcon_meta'
[0.279s] [34mcolcon.colcon_core.package_identification[0m [1;30mLevel 1[0m _identify(src/trac_ik) by extensions ['ros']
[0.279s] [34mcolcon.colcon_core.package_identification[0m [1;30mLevel 1[0m _identify(src/trac_ik) by extension 'ros'
[0.280s] [34mcolcon.colcon_core.package_identification[0m [1;30mLevel 1[0m _identify(src/trac_ik) by extensions ['cmake', 'python']
[0.280s] [34mcolcon.colcon_core.package_identification[0m [1;30mLevel 1[0m _identify(src/trac_ik) by extension 'cmake'
[0.280s] [34mcolcon.colcon_core.package_identification[0m [1;30mLevel 1[0m _identify(src/trac_ik) by extension 'python'
[0.280s] [34mcolcon.colcon_core.package_identification[0m [1;30mLevel 1[0m _identify(src/trac_ik) by extensions ['python_setup_py']
[0.280s] [34mcolcon.colcon_core.package_identification[0m [1;30mLevel 1[0m _identify(src/trac_ik) by extension 'python_setup_py'
[0.280s] [34mcolcon.colcon_core.package_identification[0m [1;30mLevel 1[0m _identify(src/trac_ik/trac_ik) by extensions ['ignore', 'ignore_ament_install']
[0.280s] [34mcolcon.colcon_core.package_identification[0m [1;30mLevel 1[0m _identify(src/trac_ik/trac_ik) by extension 'ignore'
[0.280s] [34mcolcon.colcon_core.package_identification[0m [1;30mLevel 1[0m _identify(src/trac_ik/trac_ik) by extension 'ignore_ament_install'
[0.280s] [34mcolcon.colcon_core.package_identification[0m [1;30mLevel 1[0m _identify(src/trac_ik/trac_ik) by extensions ['colcon_pkg']
[0.280s] [34mcolcon.colcon_core.package_identification[0m [1;30mLevel 1[0m _identify(src/trac_ik/trac_ik) by extension 'colcon_pkg'
[0.280s] [34mcolcon.colcon_core.package_identification[0m [1;30mLevel 1[0m _identify(src/trac_ik/trac_ik) by extensions ['colcon_meta']
[0.280s] [34mcolcon.colcon_core.package_identification[0m [1;30mLevel 1[0m _identify(src/trac_ik/trac_ik) by extension 'colcon_meta'
[0.280s] [34mcolcon.colcon_core.package_identification[0m [1;30mLevel 1[0m _identify(src/trac_ik/trac_ik) by extensions ['ros']
[0.280s] [34mcolcon.colcon_core.package_identification[0m [1;30mLevel 1[0m _identify(src/trac_ik/trac_ik) by extension 'ros'
[0.280s] [34mcolcon.colcon_core.package_identification[0m [1;30mDEBUG[0m [32mPackage 'src/trac_ik/trac_ik' with type 'ros.ament_cmake' and name 'trac_ik'[0m
[0.280s] [34mcolcon.colcon_core.package_identification[0m [1;30mLevel 1[0m _identify(src/trac_ik/trac_ik_examples) by extensions ['ignore', 'ignore_ament_install']
[0.280s] [34mcolcon.colcon_core.package_identification[0m [1;30mLevel 1[0m _identify(src/trac_ik/trac_ik_examples) by extension 'ignore'
[0.280s] [34mcolcon.colcon_core.package_identification[0m [1;30mLevel 1[0m _identify(src/trac_ik/trac_ik_examples) ignored
[0.280s] [34mcolcon.colcon_core.package_identification[0m [1;30mLevel 1[0m _identify(src/trac_ik/trac_ik_kinematics_plugin) by extensions ['ignore', 'ignore_ament_install']
[0.280s] [34mcolcon.colcon_core.package_identification[0m [1;30mLevel 1[0m _identify(src/trac_ik/trac_ik_kinematics_plugin) by extension 'ignore'
[0.280s] [34mcolcon.colcon_core.package_identification[0m [1;30mLevel 1[0m _identify(src/trac_ik/trac_ik_kinematics_plugin) by extension 'ignore_ament_install'
[0.280s] [34mcolcon.colcon_core.package_identification[0m [1;30mLevel 1[0m _identify(src/trac_ik/trac_ik_kinematics_plugin) by extensions ['colcon_pkg']
[0.280s] [34mcolcon.colcon_core.package_identification[0m [1;30mLevel 1[0m _identify(src/trac_ik/trac_ik_kinematics_plugin) by extension 'colcon_pkg'
[0.280s] [34mcolcon.colcon_core.package_identification[0m [1;30mLevel 1[0m _identify(src/trac_ik/trac_ik_kinematics_plugin) by extensions ['colcon_meta']
[0.280s] [34mcolcon.colcon_core.package_identification[0m [1;30mLevel 1[0m _identify(src/trac_ik/trac_ik_kinematics_plugin) by extension 'colcon_meta'
[0.280s] [34mcolcon.colcon_core.package_identification[0m [1;30mLevel 1[0m _identify(src/trac_ik/trac_ik_kinematics_plugin) by extensions ['ros']
[0.280s] [34mcolcon.colcon_core.package_identification[0m [1;30mLevel 1[0m _identify(src/trac_ik/trac_ik_kinematics_plugin) by extension 'ros'
[0.281s] [34mcolcon.colcon_core.package_identification[0m [1;30mDEBUG[0m [32mPackage 'src/trac_ik/trac_ik_kinematics_plugin' with type 'ros.ament_cmake' and name 'trac_ik_kinematics_plugin'[0m
[0.281s] [34mcolcon.colcon_core.package_identification[0m [1;30mLevel 1[0m _identify(src/trac_ik/trac_ik_lib) by extensions ['ignore', 'ignore_ament_install']
[0.281s] [34mcolcon.colcon_core.package_identification[0m [1;30mLevel 1[0m _identify(src/trac_ik/trac_ik_lib) by extension 'ignore'
[0.281s] [34mcolcon.colcon_core.package_identification[0m [1;30mLevel 1[0m _identify(src/trac_ik/trac_ik_lib) by extension 'ignore_ament_install'
[0.281s] [34mcolcon.colcon_core.package_identification[0m [1;30mLevel 1[0m _identify(src/trac_ik/trac_ik_lib) by extensions ['colcon_pkg']
[0.281s] [34mcolcon.colcon_core.package_identification[0m [1;30mLevel 1[0m _identify(src/trac_ik/trac_ik_lib) by extension 'colcon_pkg'
[0.281s] [34mcolcon.colcon_core.package_identification[0m [1;30mLevel 1[0m _identify(src/trac_ik/trac_ik_lib) by extensions ['colcon_meta']
[0.281s] [34mcolcon.colcon_core.package_identification[0m [1;30mLevel 1[0m _identify(src/trac_ik/trac_ik_lib) by extension 'colcon_meta'
[0.281s] [34mcolcon.colcon_core.package_identification[0m [1;30mLevel 1[0m _identify(src/trac_ik/trac_ik_lib) by extensions ['ros']
[0.281s] [34mcolcon.colcon_core.package_identification[0m [1;30mLevel 1[0m _identify(src/trac_ik/trac_ik_lib) by extension 'ros'
[0.282s] [34mcolcon.colcon_core.package_identification[0m [1;30mDEBUG[0m [32mPackage 'src/trac_ik/trac_ik_lib' with type 'ros.ament_cmake' and name 'trac_ik_lib'[0m
[0.282s] [34mcolcon.colcon_core.package_identification[0m [1;30mLevel 1[0m _identify(src/trac_ik/trac_ik_python) by extensions ['ignore', 'ignore_ament_install']
[0.282s] [34mcolcon.colcon_core.package_identification[0m [1;30mLevel 1[0m _identify(src/trac_ik/trac_ik_python) by extension 'ignore'
[0.282s] [34mcolcon.colcon_core.package_identification[0m [1;30mLevel 1[0m _identify(src/trac_ik/trac_ik_python) ignored
[0.282s] [34mcolcon.colcon_core.package_discovery[0m [1;30mLevel 1[0m discover_packages(recursive) using defaults
[0.282s] [34mcolcon.colcon_core.package_discovery[0m [1;30mLevel 1[0m discover_packages(ignore) discover
[0.282s] [34mcolcon.colcon_core.package_discovery[0m [1;30mLevel 1[0m discover_packages(ignore) using defaults
[0.282s] [34mcolcon.colcon_core.package_discovery[0m [1;30mLevel 1[0m discover_packages(path) discover
[0.282s] [34mcolcon.colcon_core.package_discovery[0m [1;30mLevel 1[0m discover_packages(path) using defaults
[0.333s] [34mcolcon.colcon_core.package_selection[0m [1;30mINFO[0m Skipping not selected package 'a_r2_description' in 'src/a_r2_description-20251207T063721Z-3-001/a_r2_description'
[0.333s] [34mcolcon.colcon_core.package_selection[0m [1;30mINFO[0m Skipping not selected package 'arm_module_description' in 'src/arm_module_description-20251221T061328Z-3-001/arm_module_description'
[0.333s] [34mcolcon.colcon_core.package_selection[0m [1;30mINFO[0m Skipping not selected package 'arm_v20_description' in 'src/arm_v20_description-20251026T114629Z-1-001/arm_v20_description'
[0.333s] [34mcolcon.colcon_core.package_selection[0m [1;30mINFO[0m Skipping not selected package 'dynamixel_controller_client' in 'src/dynamixel_ros2/dynamixel_controller_client'
[0.333s] [34mcolcon.colcon_core.package_selection[0m [1;30mINFO[0m Skipping not selected package 'dynamixel_sdk' in 'src/dynamixel_ros2/DynamixelSDK/dynamixel_sdk'
[0.333s] [34mcolcon.colcon_core.package_selection[0m [1;30mINFO[0m Skipping not selected package 'dynamixel_sdk_custom_interfaces' in 'src/dynamixel_ros2/DynamixelSDK/dynamixel_sdk_custom_interfaces'
[0.333s] [34mcolcon.colcon_core.package_selection[0m [1;30mINFO[0m Skipping not selected package 'launch_param_builder' in 'src/launch_param_builder'
[0.333s] [34mcolcon.colcon_core.package_selection[0m [1;30mINFO[0m Skipping not selected package 'moveit_common' in 'src/moveit2/moveit_common'
[0.333s] [34mcolcon.colcon_core.package_selection[0m [1;30mINFO[0m Skipping not selected package 'moveit_resources_fanuc_description' in 'src/moveit_resources/fanuc_description'
[0.333s] [34mcolcon.colcon_core.package_selection[0m [1;30mINFO[0m Skipping not selected package 'moveit_resources_panda_description' in 'src/moveit_resources/panda_description'
[0.333s] [34mcolcon.colcon_core.package_selection[0m [1;30mINFO[0m Skipping not selected package 'moveit_resources_pr2_description' in 'src/moveit_resources/pr2_description'
[0.333s] [34mcolcon.colcon_core.package_selection[0m [1;30mINFO[0m Skipping not selected package 'moveit_resources_prbt_support' in 'src/moveit2/moveit_planners/test_configs/prbt_support'
[0.333s] [34mcolcon.colcon_core.package_selection[0m [1;30mINFO[0m Skipping not selected package 'moveit_task_constructor_msgs' in 'src/moveit_task_constructor/msgs'
[0.333s] [34mcolcon.colcon_core.package_selection[0m [1;30mINFO[0m Skipping not selected package 'nhk_bt' in 'src/nhk_bt'
[0.333s] [34mcolcon.colcon_core.package_selection[0m [1;30mINFO[0m Skipping not selected package 'rogidrive_msg' in 'src/rogidrive/rogidrive_msg'
[0.333s] [34mcolcon.colcon_core.package_selection[0m [1;30mINFO[0m Skipping not selected package 'rosparam_shortcuts' in 'src/rosparam_shortcuts'
[0.333s] [34mcolcon.colcon_core.package_selection[0m [1;30mINFO[0m Skipping not selected package 'srdfdom' in 'src/srdfdom'
[0.333s] [34mcolcon.colcon_core.package_selection[0m [1;30mINFO[0m Skipping not selected package 'trac_ik_lib' in 'src/trac_ik/trac_ik_lib'
[0.333s] [34mcolcon.colcon_core.package_selection[0m [1;30mINFO[0m Skipping not selected package 'dynamixel_controller' in 'src/dynamixel_ros2/dynamixel_controller'
[0.333s] [34mcolcon.colcon_core.package_selection[0m [1;30mINFO[0m Skipping not selected package 'dynamixel_sdk_examples' in 'src/dynamixel_ros2/DynamixelSDK/dynamixel_sdk_examples'
[0.333s] [34mcolcon.colcon_core.package_selection[0m [1;30mINFO[0m Skipping not selected package 'moveit_configs_utils' in 'src/moveit2/moveit_configs_utils'
[0.333s] [34mcolcon.colcon_core.package_selection[0m [1;30mINFO[0m Skipping not selected package 'moveit_resources_fanuc_moveit_config' in 'src/moveit_resources/fanuc_moveit_config'
[0.334s] [34mcolcon.colcon_core.package_selection[0m [1;30mINFO[0m Skipping not selected package 'moveit_resources_panda_moveit_config' in 'src/moveit_resources/panda_moveit_config'
[0.334s] [34mcolcon.colcon_core.package_selection[0m [1;30mINFO[0m Skipping not selected package 'r2_odrive' in 'src/r2_odrive'
[0.334s] [34mcolcon.colcon_core.package_selection[0m [1;30mINFO[0m Skipping not selected package 'rogidrive' in 'src/rogidrive/rogidrive'
[0.334s] [34mcolcon.colcon_core.package_selection[0m [1;30mINFO[0m Skipping not selected package 'rs485_interface2' in 'src/MAVLink_ros2/rs485_interface2'
[0.334s] [34mcolcon.colcon_core.package_selection[0m [1;30mINFO[0m Skipping not selected package 'rs485_motor_interface' in 'src/MAVLink_ros2/rs485_motor_interface'
[0.334s] [34mcolcon.colcon_core.package_selection[0m [1;30mINFO[0m Skipping not selected package 'rviz_marker_tools' in 'src/moveit_task_constructor/rviz_marker_tools'
[0.334s] [34mcolcon.colcon_core.package_selection[0m [1;30mINFO[0m Skipping not selected package 'dynamixel_controller_gui' in 'src/dynamixel_ros2/dynamixel_controller_gui'
[0.334s] [34mcolcon.colcon_core.package_selection[0m [1;30mINFO[0m Skipping not selected package 'mavlink_wizard' in 'src/MAVLink_ros2/mavlink_wizard'
[0.334s] [34mcolcon.colcon_core.package_selection[0m [1;30mINFO[0m Skipping not selected package 'moveit_core' in 'src/moveit2/moveit_core'
[0.334s] [34mcolcon.colcon_core.package_selection[0m [1;30mINFO[0m Skipping not selected package 'moveit_resources' in 'src/moveit_resources/moveit_resources'
[0.334s] [34mcolcon.colcon_core.package_selection[0m [1;30mINFO[0m Skipping not selected package 'chomp_motion_planner' in 'src/moveit2/moveit_planners/chomp/chomp_motion_planner'
[0.334s] [34mcolcon.colcon_core.package_selection[0m [1;30mINFO[0m Skipping not selected package 'moveit_resources_prbt_ikfast_manipulator_plugin' in 'src/moveit2/moveit_planners/test_configs/prbt_ikfast_manipulator_plugin'
[0.334s] [34mcolcon.colcon_core.package_selection[0m [1;30mINFO[0m Skipping not selected package 'moveit_ros_occupancy_map_monitor' in 'src/moveit2/moveit_ros/occupancy_map_monitor'
[0.334s] [34mcolcon.colcon_core.package_selection[0m [1;30mINFO[0m Skipping not selected package 'moveit_simple_controller_manager' in 'src/moveit2/moveit_plugins/moveit_simple_controller_manager'
[0.334s] [34mcolcon.colcon_core.package_selection[0m [1;30mINFO[0m Skipping not selected package 'pilz_industrial_motion_planner_testutils' in 'src/moveit2/moveit_planners/pilz_industrial_motion_planner_testutils'
[0.334s] [34mcolcon.colcon_core.package_selection[0m [1;30mINFO[0m Skipping not selected package 'trac_ik_kinematics_plugin' in 'src/trac_ik/trac_ik_kinematics_plugin'
[0.334s] [34mcolcon.colcon_core.package_selection[0m [1;30mINFO[0m Skipping not selected package 'moveit_chomp_optimizer_adapter' in 'src/moveit2/moveit_planners/chomp/chomp_optimizer_adapter'
[0.334s] [34mcolcon.colcon_core.package_selection[0m [1;30mINFO[0m Skipping not selected package 'moveit_planners_chomp' in 'src/moveit2/moveit_planners/chomp/chomp_interface'
[0.334s] [34mcolcon.colcon_core.package_selection[0m [1;30mINFO[0m Skipping not selected package 'moveit_plugins' in 'src/moveit2/moveit_plugins/moveit_plugins'
[0.334s] [34mcolcon.colcon_core.package_selection[0m [1;30mINFO[0m Skipping not selected package 'moveit_ros_control_interface' in 'src/moveit2/moveit_plugins/moveit_ros_control_interface'
[0.334s] [34mcolcon.colcon_core.package_selection[0m [1;30mINFO[0m Skipping not selected package 'moveit_ros_planning' in 'src/moveit2/moveit_ros/planning'
[0.334s] [34mcolcon.colcon_core.package_selection[0m [1;30mINFO[0m Skipping not selected package 'trac_ik' in 'src/trac_ik/trac_ik'
[0.334s] [34mcolcon.colcon_core.package_selection[0m [1;30mINFO[0m Skipping not selected package 'moveit_kinematics' in 'src/moveit2/moveit_kinematics'
[0.334s] [34mcolcon.colcon_core.package_selection[0m [1;30mINFO[0m Skipping not selected package 'moveit_planners_ompl' in 'src/moveit2/moveit_planners/ompl'
[0.334s] [34mcolcon.colcon_core.package_selection[0m [1;30mINFO[0m Skipping not selected package 'moveit_ros_perception' in 'src/moveit2/moveit_ros/perception'
[0.334s] [34mcolcon.colcon_core.package_selection[0m [1;30mINFO[0m Skipping not selected package 'moveit_ros_robot_interaction' in 'src/moveit2/moveit_ros/robot_interaction'
[0.334s] [34mcolcon.colcon_core.package_selection[0m [1;30mINFO[0m Skipping not selected package 'moveit_ros_warehouse' in 'src/moveit2/moveit_ros/warehouse'
[0.334s] [34mcolcon.colcon_core.package_selection[0m [1;30mINFO[0m Skipping not selected package 'moveit_visual_tools' in 'src/moveit_visual_tools'
[0.334s] [34mcolcon.colcon_core.package_selection[0m [1;30mINFO[0m Skipping not selected package 'moveit_ros_benchmarks' in 'src/moveit2/moveit_ros/benchmarks'
[0.334s] [34mcolcon.colcon_core.package_selection[0m [1;30mINFO[0m Skipping not selected package 'moveit_ros_move_group' in 'src/moveit2/moveit_ros/move_group'
[0.334s] [34mcolcon.colcon_core.package_selection[0m [1;30mINFO[0m Skipping not selected package 'moveit_resources_prbt_moveit_config' in 'src/moveit2/moveit_planners/test_configs/prbt_moveit_config'
[0.334s] [34mcolcon.colcon_core.package_selection[0m [1;30mINFO[0m Skipping not selected package 'moveit_ros_planning_interface' in 'src/moveit2/moveit_ros/planning_interface'
[0.334s] [34mcolcon.colcon_core.package_selection[0m [1;30mINFO[0m Skipping not selected package 'moveit_hybrid_planning' in 'src/moveit2/moveit_ros/hybrid_planning'
[0.334s] [34mcolcon.colcon_core.package_selection[0m [1;30mINFO[0m Skipping not selected package 'moveit_resources_prbt_pg70_support' in 'src/moveit2/moveit_planners/test_configs/prbt_pg70_support'
[0.334s] [34mcolcon.colcon_core.package_selection[0m [1;30mINFO[0m Skipping not selected package 'moveit_ros_visualization' in 'src/moveit2/moveit_ros/visualization'
[0.334s] [34mcolcon.colcon_core.package_selection[0m [1;30mINFO[0m Skipping not selected package 'moveit_servo' in 'src/moveit2/moveit_ros/moveit_servo'
[0.334s] [34mcolcon.colcon_core.package_selection[0m [1;30mINFO[0m Skipping not selected package 'moveit_ros' in 'src/moveit2/moveit_ros/moveit_ros'
[0.334s] [34mcolcon.colcon_core.package_selection[0m [1;30mINFO[0m Skipping not selected package 'moveit_setup_framework' in 'src/moveit2/moveit_setup_assistant/moveit_setup_framework'
[0.334s] [34mcolcon.colcon_core.package_selection[0m [1;30mINFO[0m Skipping not selected package 'pilz_industrial_motion_planner' in 'src/moveit2/moveit_planners/pilz_industrial_motion_planner'
[0.334s] [34mcolcon.colcon_core.package_selection[0m [1;30mINFO[0m Skipping not selected package 'moveit_planners' in 'src/moveit2/moveit_planners/moveit_planners'
[0.334s] [34mcolcon.colcon_core.package_selection[0m [1;30mINFO[0m Skipping not selected package 'moveit_setup_app_plugins' in 'src/moveit2/moveit_setup_assistant/moveit_setup_app_plugins'
[0.334s] [34mcolcon.colcon_core.package_selection[0m [1;30mINFO[0m Skipping not selected package 'moveit_setup_controllers' in 'src/moveit2/moveit_setup_assistant/moveit_setup_controllers'
[0.334s] [34mcolcon.colcon_core.package_selection[0m [1;30mINFO[0m Skipping not selected package 'moveit_setup_core_plugins' in 'src/moveit2/moveit_setup_assistant/moveit_setup_core_plugins'
[0.334s] [34mcolcon.colcon_core.package_selection[0m [1;30mINFO[0m Skipping not selected package 'moveit_setup_srdf_plugins' in 'src/moveit2/moveit_setup_assistant/moveit_setup_srdf_plugins'
[0.334s] [34mcolcon.colcon_core.package_selection[0m [1;30mINFO[0m Skipping not selected package 'moveit_runtime' in 'src/moveit2/moveit_runtime'
[0.334s] [34mcolcon.colcon_core.package_selection[0m [1;30mINFO[0m Skipping not selected package 'moveit_setup_assistant' in 'src/moveit2/moveit_setup_assistant/moveit_setup_assistant'
[0.334s] [34mcolcon.colcon_core.package_selection[0m [1;30mINFO[0m Skipping not selected package 'moveit_task_constructor_core' in 'src/moveit_task_constructor/core'
[0.334s] [34mcolcon.colcon_core.package_selection[0m [1;30mINFO[0m Skipping not selected package 'moveit' in 'src/moveit2/moveit'
[0.334s] [34mcolcon.colcon_core.package_selection[0m [1;30mINFO[0m Skipping not selected package 'moveit_config' in 'src/moveit_config'
[0.334s] [34mcolcon.colcon_core.package_selection[0m [1;30mINFO[0m Skipping not selected package 'moveit_r2_config' in 'src/moveit_r2_config'
[0.334s] [34mcolcon.colcon_core.package_selection[0m [1;30mINFO[0m Skipping not selected package 'moveit_task_constructor_capabilities' in 'src/moveit_task_constructor/capabilities'
[0.334s] [34mcolcon.colcon_core.package_selection[0m [1;30mINFO[0m Skipping not selected package 'moveit_task_constructor_visualization' in 'src/moveit_task_constructor/visualization'
[0.334s] [34mcolcon.colcon_core.package_selection[0m [1;30mINFO[0m Skipping not selected package 'sakai_r2_config' in 'src/sakai_r2_config'
[0.334s] [34mcolcon.colcon_core.package_selection[0m [1;30mINFO[0m Skipping not selected package 'moveit2_tutorials' in 'src/moveit2_tutorials'
[0.334s] [34mcolcon.colcon_core.package_selection[0m [1;30mINFO[0m Skipping not selected package 'moveit_task_constructor_demo' in 'src/moveit_task_constructor/demo'
[0.334s] [34mcolcon.colcon_core.package_discovery[0m [1;30mLevel 1[0m discover_packages(prefix_path) check parameters
[0.334s] [34mcolcon.colcon_core.package_discovery[0m [1;30mLevel 1[0m discover_packages(prefix_path) discover
[0.338s] [34mcolcon.colcon_installed_package_information.package_discovery[0m [1;30mDEBUG[0m [32mFound 75 installed packages in /home/a/ws_nhk/install[0m
[0.338s] [34mcolcon.colcon_installed_package_information.package_discovery[0m [1;30mDEBUG[0m [32mFound 1 installed packages in /home/a/install[0m
[0.339s] [34mcolcon.colcon_installed_package_information.package_discovery[0m [1;30mDEBUG[0m [32mFound 364 installed packages in /opt/ros/humble[0m
[0.340s] [34mcolcon.colcon_core.package_discovery[0m [1;30mLevel 1[0m discover_packages(prefix_path) using defaults
[0.367s] [34mcolcon.colcon_core.verb[0m [1;30mLevel 5[0m set package 'stm32_mavlink_msgs' build argument 'cmake_args' from command line to 'None'
[0.367s] [34mcolcon.colcon_core.verb[0m [1;30mLevel 5[0m set package 'stm32_mavlink_msgs' build argument 'cmake_target' from command line to 'None'
[0.367s] [34mcolcon.colcon_core.verb[0m [1;30mLevel 5[0m set package 'stm32_mavlink_msgs' build argument 'cmake_target_skip_unavailable' from command line to 'False'
[0.367s] [34mcolcon.colcon_core.verb[0m [1;30mLevel 5[0m set package 'stm32_mavlink_msgs' build argument 'cmake_clean_cache' from command line to 'False'
[0.367s] [34mcolcon.colcon_core.verb[0m [1;30mLevel 5[0m set package 'stm32_mavlink_msgs' build argument 'cmake_clean_first' from command line to 'False'
[0.367s] [34mcolcon.colcon_core.verb[0m [1;30mLevel 5[0m set package 'stm32_mavlink_msgs' build argument 'cmake_force_configure' from command line to 'False'
[0.367s] [34mcolcon.colcon_core.verb[0m [1;30mLevel 5[0m set package 'stm32_mavlink_msgs' build argument 'ament_cmake_args' from command line to 'None'
[0.367s] [34mcolcon.colcon_core.verb[0m [1;30mLevel 5[0m set package 'stm32_mavlink_msgs' build argument 'catkin_cmake_args' from command line to 'None'
[0.367s] [34mcolcon.colcon_core.verb[0m [1;30mLevel 5[0m set package 'stm32_mavlink_msgs' build argument 'catkin_skip_building_tests' from command line to 'False'
[0.367s] [34mcolcon.colcon_core.verb[0m [1;30mDEBUG[0m [32mBuilding package 'stm32_mavlink_msgs' with the following arguments: {'ament_cmake_args': None, 'build_base': '/home/a/ws_nhk/build/stm32_mavlink_msgs', 'catkin_cmake_args': None, 'catkin_skip_building_tests': False, 'cmake_args': None, 'cmake_clean_cache': False, 'cmake_clean_first': False, 'cmake_force_configure': False, 'cmake_target': None, 'cmake_target_skip_unavailable': False, 'install_base': '/home/a/ws_nhk/install/stm32_mavlink_msgs', 'merge_install': False, 'path': '/home/a/ws_nhk/src/MAVLink_ros2/stm32_mavlink_msgs', 'symlink_install': False, 'test_result_base': None}[0m
[0.367s] [34mcolcon.colcon_core.verb[0m [1;30mLevel 5[0m set package 'stm32_mavlink_uart' build argument 'cmake_args' from command line to 'None'
[0.367s] [34mcolcon.colcon_core.verb[0m [1;30mLevel 5[0m set package 'stm32_mavlink_uart' build argument 'cmake_target' from command line to 'None'
[0.367s] [34mcolcon.colcon_core.verb[0m [1;30mLevel 5[0m set package 'stm32_mavlink_uart' build argument 'cmake_target_skip_unavailable' from command line to 'False'
[0.367s] [34mcolcon.colcon_core.verb[0m [1;30mLevel 5[0m set package 'stm32_mavlink_uart' build argument 'cmake_clean_cache' from command line to 'False'
[0.367s] [34mcolcon.colcon_core.verb[0m [1;30mLevel 5[0m set package 'stm32_mavlink_uart' build argument 'cmake_clean_first' from command line to 'False'
[0.367s] [34mcolcon.colcon_core.verb[0m [1;30mLevel 5[0m set package 'stm32_mavlink_uart' build argument 'cmake_force_configure' from command line to 'False'
[0.367s] [34mcolcon.colcon_core.verb[0m [1;30mLevel 5[0m set package 'stm32_mavlink_uart' build argument 'ament_cmake_args' from command line to 'None'
[0.367s] [34mcolcon.colcon_core.verb[0m [1;30mLevel 5[0m set package 'stm32_mavlink_uart' build argument 'catkin_cmake_args' from command line to 'None'
[0.367s] [34mcolcon.colcon_core.verb[0m [1;30mLevel 5[0m set package 'stm32_mavlink_uart' build argument 'catkin_skip_building_tests' from command line to 'False'
[0.367s] [34mcolcon.colcon_core.verb[0m [1;30mDEBUG[0m [32mBuilding package 'stm32_mavlink_uart' with the following arguments: {'ament_cmake_args': None, 'build_base': '/home/a/ws_nhk/build/stm32_mavlink_uart', 'catkin_cmake_args': None, 'catkin_skip_building_tests': False, 'cmake_args': None, 'cmake_clean_cache': False, 'cmake_clean_first': False, 'cmake_force_configure': False, 'cmake_target': None, 'cmake_target_skip_unavailable': False, 'install_base': '/home/a/ws_nhk/install/stm32_mavlink_uart', 'merge_install': False, 'path': '/home/a/ws_nhk/src/MAVLink_ros2/stm32_mavlink_uart', 'symlink_install': False, 'test_result_base': None}[0m
[0.368s] [34mcolcon.colcon_core.verb[0m [1;30mLevel 5[0m set package 'stm32_mavlink_udp' build argument 'cmake_args' from command line to 'None'
[0.368s] [34mcolcon.colcon_core.verb[0m [1;30mLevel 5[0m set package 'stm32_mavlink_udp' build argument 'cmake_target' from command line to 'None'
[0.368s] [34mcolcon.colcon_core.verb[0m [1;30mLevel 5[0m set package 'stm32_mavlink_udp' build argument 'cmake_target_skip_unavailable' from command line to 'False'
[0.368s] [34mcolcon.colcon_core.verb[0m [1;30mLevel 5[0m set package 'stm32_mavlink_udp' build argument 'cmake_clean_cache' from command line to 'False'
[0.368s] [34mcolcon.colcon_core.verb[0m [1;30mLevel 5[0m set package 'stm32_mavlink_udp' build argument 'cmake_clean_first' from command line to 'False'
[0.368s] [34mcolcon.colcon_core.verb[0m [1;30mLevel 5[0m set package 'stm32_mavlink_udp' build argument 'cmake_force_configure' from command line to 'False'
[0.368s] [34mcolcon.colcon_core.verb[0m [1;30mLevel 5[0m set package 'stm32_mavlink_udp' build argument 'ament_cmake_args' from command line to 'None'
[0.368s] [34mcolcon.colcon_core.verb[0m [1;30mLevel 5[0m set package 'stm32_mavlink_udp' build argument 'catkin_cmake_args' from command line to 'None'
[0.368s] [34mcolcon.colcon_core.verb[0m [1;30mLevel 5[0m set package 'stm32_mavlink_udp' build argument 'catkin_skip_building_tests' from command line to 'False'
[0.368s] [34mcolcon.colcon_core.verb[0m [1;30mDEBUG[0m [32mBuilding package 'stm32_mavlink_udp' with the following arguments: {'ament_cmake_args': None, 'build_base': '/home/a/ws_nhk/build/stm32_mavlink_udp', 'catkin_cmake_args': None, 'catkin_skip_building_tests': False, 'cmake_args': None, 'cmake_clean_cache': False, 'cmake_clean_first': False, 'cmake_force_configure': False, 'cmake_target': None, 'cmake_target_skip_unavailable': False, 'install_base': '/home/a/ws_nhk/install/stm32_mavlink_udp', 'merge_install': False, 'path': '/home/a/ws_nhk/src/MAVLink_ros2/stm32_mavlink_udp', 'symlink_install': False, 'test_result_base': None}[0m
[0.368s] [34mcolcon.colcon_core.verb[0m [1;30mLevel 5[0m set package 'ikeyaMD_wizard' build argument 'cmake_args' from command line to 'None'
[0.368s] [34mcolcon.colcon_core.verb[0m [1;30mLevel 5[0m set package 'ikeyaMD_wizard' build argument 'cmake_target' from command line to 'None'
[0.368s] [34mcolcon.colcon_core.verb[0m [1;30mLevel 5[0m set package 'ikeyaMD_wizard' build argument 'cmake_target_skip_unavailable' from command line to 'False'
[0.368s] [34mcolcon.colcon_core.verb[0m [1;30mLevel 5[0m set package 'ikeyaMD_wizard' build argument 'cmake_clean_cache' from command line to 'False'
[0.368s] [34mcolcon.colcon_core.verb[0m [1;30mLevel 5[0m set package 'ikeyaMD_wizard' build argument 'cmake_clean_first' from command line to 'False'
[0.368s] [34mcolcon.colcon_core.verb[0m [1;30mLevel 5[0m set package 'ikeyaMD_wizard' build argument 'cmake_force_configure' from command line to 'False'
[0.368s] [34mcolcon.colcon_core.verb[0m [1;30mLevel 5[0m set package 'ikeyaMD_wizard' build argument 'ament_cmake_args' from command line to 'None'
[0.368s] [34mcolcon.colcon_core.verb[0m [1;30mLevel 5[0m set package 'ikeyaMD_wizard' build argument 'catkin_cmake_args' from command line to 'None'
[0.368s] [34mcolcon.colcon_core.verb[0m [1;30mLevel 5[0m set package 'ikeyaMD_wizard' build argument 'catkin_skip_building_tests' from command line to 'False'
[0.368s] [34mcolcon.colcon_core.verb[0m [1;30mDEBUG[0m [32mBuilding package 'ikeyaMD_wizard' with the following arguments: {'ament_cmake_args': None, 'build_base': '/home/a/ws_nhk/build/ikeyaMD_wizard', 'catkin_cmake_args': None, 'catkin_skip_building_tests': False, 'cmake_args': None, 'cmake_clean_cache': False, 'cmake_clean_first': False, 'cmake_force_configure': False, 'cmake_target': None, 'cmake_target_skip_unavailable': False, 'install_base': '/home/a/ws_nhk/install/ikeyaMD_wizard', 'merge_install': False, 'path': '/home/a/ws_nhk/src/MAVLink_ros2/ikeyaMD_wizard', 'symlink_install': False, 'test_result_base': None}[0m
[0.368s] [34mcolcon.colcon_core.executor[0m [1;30mINFO[0m Executing jobs using 'parallel' executor
[0.369s] [34mcolcon.colcon_parallel_executor.executor.parallel[0m [1;30mDEBUG[0m [32mrun_until_complete[0m
[0.370s] [34mcolcon.colcon_ros.task.ament_cmake.build[0m [1;30mINFO[0m Building ROS package in '/home/a/ws_nhk/src/MAVLink_ros2/stm32_mavlink_msgs' with build type 'ament_cmake'
[0.371s] [34mcolcon.colcon_cmake.task.cmake.build[0m [1;30mINFO[0m Building CMake package in '/home/a/ws_nhk/src/MAVLink_ros2/stm32_mavlink_msgs'
[0.373s] [34mcolcon.colcon_core.plugin_system[0m [1;30mINFO[0m Skipping extension 'colcon_core.shell.bat': Not used on non-Windows systems
[0.373s] [34mcolcon.colcon_core.shell[0m [1;30mINFO[0m Skip shell extension 'powershell' for command environment: Not usable outside of PowerShell
[0.373s] [34mcolcon.colcon_core.shell[0m [1;30mDEBUG[0m [32mSkip shell extension 'dsv' for command environment[0m
[0.385s] [34mcolcon.colcon_core.event_handler.log_command[0m [1;30mDEBUG[0m [32mInvoking command in '/home/a/ws_nhk/build/stm32_mavlink_msgs': CMAKE_PREFIX_PATH=${CMAKE_PREFIX_PATH}:/home/a/ws_nhk/install/moveit_configs_utils:/home/a/ws_nhk/install/rogidrive:/home/a/ws_nhk/install/launch_param_builder:/home/a/ws_nhk/install/dynamixel_controller_gui:/home/a/ws_nhk/install/dynamixel_controller_client:/opt/ros/humble /usr/bin/cmake --build /home/a/ws_nhk/build/stm32_mavlink_msgs -- -j22 -l22[0m
[0.681s] [34mcolcon.colcon_core.event_handler.log_command[0m [1;30mDEBUG[0m [32mInvoked command in '/home/a/ws_nhk/build/stm32_mavlink_msgs' returned '0': CMAKE_PREFIX_PATH=${CMAKE_PREFIX_PATH}:/home/a/ws_nhk/install/moveit_configs_utils:/home/a/ws_nhk/install/rogidrive:/home/a/ws_nhk/install/launch_param_builder:/home/a/ws_nhk/install/dynamixel_controller_gui:/home/a/ws_nhk/install/dynamixel_controller_client:/opt/ros/humble /usr/bin/cmake --build /home/a/ws_nhk/build/stm32_mavlink_msgs -- -j22 -l22[0m
[0.690s] [34mcolcon.colcon_core.event_handler.log_command[0m [1;30mDEBUG[0m [32mInvoking command in '/home/a/ws_nhk/build/stm32_mavlink_msgs': CMAKE_PREFIX_PATH=${CMAKE_PREFIX_PATH}:/home/a/ws_nhk/install/moveit_configs_utils:/home/a/ws_nhk/install/rogidrive:/home/a/ws_nhk/install/launch_param_builder:/home/a/ws_nhk/install/dynamixel_controller_gui:/home/a/ws_nhk/install/dynamixel_controller_client:/opt/ros/humble /usr/bin/cmake --install /home/a/ws_nhk/build/stm32_mavlink_msgs[0m
[0.745s] [34mcolcon.colcon_core.environment[0m [1;30mLevel 1[0m create_environment_scripts_only(stm32_mavlink_msgs)
[0.745s] [34mcolcon.colcon_core.event_handler.log_command[0m [1;30mDEBUG[0m [32mInvoked command in '/home/a/ws_nhk/build/stm32_mavlink_msgs' returned '0': CMAKE_PREFIX_PATH=${CMAKE_PREFIX_PATH}:/home/a/ws_nhk/install/moveit_configs_utils:/home/a/ws_nhk/install/rogidrive:/home/a/ws_nhk/install/launch_param_builder:/home/a/ws_nhk/install/dynamixel_controller_gui:/home/a/ws_nhk/install/dynamixel_controller_client:/opt/ros/humble /usr/bin/cmake --install /home/a/ws_nhk/build/stm32_mavlink_msgs[0m
[0.747s] [34mcolcon.colcon_core.environment[0m [1;30mLevel 1[0m checking '/home/a/ws_nhk/install/stm32_mavlink_msgs' for CMake module files
[0.747s] [34mcolcon.colcon_core.environment[0m [1;30mLevel 1[0m checking '/home/a/ws_nhk/install/stm32_mavlink_msgs' for CMake config files
[0.747s] [34mcolcon.colcon_core.shell[0m [1;30mLevel 1[0m create_environment_hook('stm32_mavlink_msgs', 'cmake_prefix_path')
[0.748s] [34mcolcon.colcon_core.shell[0m [1;30mINFO[0m Creating environment hook '/home/a/ws_nhk/install/stm32_mavlink_msgs/share/stm32_mavlink_msgs/hook/cmake_prefix_path.ps1'
[0.748s] [34mcolcon.colcon_core.shell[0m [1;30mINFO[0m Creating environment descriptor '/home/a/ws_nhk/install/stm32_mavlink_msgs/share/stm32_mavlink_msgs/hook/cmake_prefix_path.dsv'
[0.748s] [34mcolcon.colcon_core.shell[0m [1;30mINFO[0m Creating environment hook '/home/a/ws_nhk/install/stm32_mavlink_msgs/share/stm32_mavlink_msgs/hook/cmake_prefix_path.sh'
[0.749s] [34mcolcon.colcon_core.environment[0m [1;30mLevel 1[0m checking '/home/a/ws_nhk/install/stm32_mavlink_msgs/lib'
[0.749s] [34mcolcon.colcon_core.shell[0m [1;30mLevel 1[0m create_environment_hook('stm32_mavlink_msgs', 'ld_library_path_lib')
[0.749s] [34mcolcon.colcon_core.shell[0m [1;30mINFO[0m Creating environment hook '/home/a/ws_nhk/install/stm32_mavlink_msgs/share/stm32_mavlink_msgs/hook/ld_library_path_lib.ps1'
[0.749s] [34mcolcon.colcon_core.shell[0m [1;30mINFO[0m Creating environment descriptor '/home/a/ws_nhk/install/stm32_mavlink_msgs/share/stm32_mavlink_msgs/hook/ld_library_path_lib.dsv'
[0.749s] [34mcolcon.colcon_core.shell[0m [1;30mINFO[0m Creating environment hook '/home/a/ws_nhk/install/stm32_mavlink_msgs/share/stm32_mavlink_msgs/hook/ld_library_path_lib.sh'
[0.750s] [34mcolcon.colcon_core.environment[0m [1;30mLevel 1[0m checking '/home/a/ws_nhk/install/stm32_mavlink_msgs/bin'
[0.750s] [34mcolcon.colcon_core.environment[0m [1;30mLevel 1[0m checking '/home/a/ws_nhk/install/stm32_mavlink_msgs/lib/pkgconfig/stm32_mavlink_msgs.pc'
[0.750s] [34mcolcon.colcon_core.environment[0m [1;30mLevel 1[0m checking '/home/a/ws_nhk/install/stm32_mavlink_msgs/lib/python3.10/site-packages'
[0.750s] [34mcolcon.colcon_core.environment[0m [1;30mLevel 1[0m checking '/home/a/ws_nhk/install/stm32_mavlink_msgs/bin'
[0.750s] [34mcolcon.colcon_core.shell[0m [1;30mINFO[0m Creating package script '/home/a/ws_nhk/install/stm32_mavlink_msgs/share/stm32_mavlink_msgs/package.ps1'
[0.751s] [34mcolcon.colcon_core.shell[0m [1;30mINFO[0m Creating package descriptor '/home/a/ws_nhk/install/stm32_mavlink_msgs/share/stm32_mavlink_msgs/package.dsv'
[0.751s] [34mcolcon.colcon_core.shell[0m [1;30mINFO[0m Creating package script '/home/a/ws_nhk/install/stm32_mavlink_msgs/share/stm32_mavlink_msgs/package.sh'
[0.752s] [34mcolcon.colcon_core.shell[0m [1;30mINFO[0m Creating package script '/home/a/ws_nhk/install/stm32_mavlink_msgs/share/stm32_mavlink_msgs/package.bash'
[0.752s] [34mcolcon.colcon_core.shell[0m [1;30mINFO[0m Creating package script '/home/a/ws_nhk/install/stm32_mavlink_msgs/share/stm32_mavlink_msgs/package.zsh'
[0.752s] [34mcolcon.colcon_core.environment[0m [1;30mLevel 1[0m create_file_with_runtime_dependencies(/home/a/ws_nhk/install/stm32_mavlink_msgs/share/colcon-core/packages/stm32_mavlink_msgs)
[0.753s] [34mcolcon.colcon_core.environment[0m [1;30mLevel 1[0m create_environment_scripts_only(stm32_mavlink_msgs)
[0.753s] [34mcolcon.colcon_core.environment[0m [1;30mLevel 1[0m checking '/home/a/ws_nhk/install/stm32_mavlink_msgs' for CMake module files
[0.753s] [34mcolcon.colcon_core.environment[0m [1;30mLevel 1[0m checking '/home/a/ws_nhk/install/stm32_mavlink_msgs' for CMake config files
[0.753s] [34mcolcon.colcon_core.shell[0m [1;30mLevel 1[0m create_environment_hook('stm32_mavlink_msgs', 'cmake_prefix_path')
[0.753s] [34mcolcon.colcon_core.shell[0m [1;30mINFO[0m Creating environment hook '/home/a/ws_nhk/install/stm32_mavlink_msgs/share/stm32_mavlink_msgs/hook/cmake_prefix_path.ps1'
[0.754s] [34mcolcon.colcon_core.shell[0m [1;30mINFO[0m Creating environment descriptor '/home/a/ws_nhk/install/stm32_mavlink_msgs/share/stm32_mavlink_msgs/hook/cmake_prefix_path.dsv'
[0.754s] [34mcolcon.colcon_core.shell[0m [1;30mINFO[0m Creating environment hook '/home/a/ws_nhk/install/stm32_mavlink_msgs/share/stm32_mavlink_msgs/hook/cmake_prefix_path.sh'
[0.754s] [34mcolcon.colcon_core.environment[0m [1;30mLevel 1[0m checking '/home/a/ws_nhk/install/stm32_mavlink_msgs/lib'
[0.754s] [34mcolcon.colcon_core.shell[0m [1;30mLevel 1[0m create_environment_hook('stm32_mavlink_msgs', 'ld_library_path_lib')
[0.754s] [34mcolcon.colcon_core.shell[0m [1;30mINFO[0m Creating environment hook '/home/a/ws_nhk/install/stm32_mavlink_msgs/share/stm32_mavlink_msgs/hook/ld_library_path_lib.ps1'
[0.754s] [34mcolcon.colcon_core.shell[0m [1;30mINFO[0m Creating environment descriptor '/home/a/ws_nhk/install/stm32_mavlink_msgs/share/stm32_mavlink_msgs/hook/ld_library_path_lib.dsv'
[0.755s] [34mcolcon.colcon_core.shell[0m [1;30mINFO[0m Creating environment hook '/home/a/ws_nhk/install/stm32_mavlink_msgs/share/stm32_mavlink_msgs/hook/ld_library_path_lib.sh'
[0.755s] [34mcolcon.colcon_core.environment[0m [1;30mLevel 1[0m checking '/home/a/ws_nhk/install/stm32_mavlink_msgs/bin'
[0.755s] [34mcolcon.colcon_core.environment[0m [1;30mLevel 1[0m checking '/home/a/ws_nhk/install/stm32_mavlink_msgs/lib/pkgconfig/stm32_mavlink_msgs.pc'
[0.755s] [34mcolcon.colcon_core.environment[0m [1;30mLevel 1[0m checking '/home/a/ws_nhk/install/stm32_mavlink_msgs/lib/python3.10/site-packages'
[0.755s] [34mcolcon.colcon_core.environment[0m [1;30mLevel 1[0m checking '/home/a/ws_nhk/install/stm32_mavlink_msgs/bin'
[0.755s] [34mcolcon.colcon_core.shell[0m [1;30mINFO[0m Creating package script '/home/a/ws_nhk/install/stm32_mavlink_msgs/share/stm32_mavlink_msgs/package.ps1'
[0.755s] [34mcolcon.colcon_core.shell[0m [1;30mINFO[0m Creating package descriptor '/home/a/ws_nhk/install/stm32_mavlink_msgs/share/stm32_mavlink_msgs/package.dsv'
[0.756s] [34mcolcon.colcon_core.shell[0m [1;30mINFO[0m Creating package script '/home/a/ws_nhk/install/stm32_mavlink_msgs/share/stm32_mavlink_msgs/package.sh'
[0.756s] [34mcolcon.colcon_core.shell[0m [1;30mINFO[0m Creating package script '/home/a/ws_nhk/install/stm32_mavlink_msgs/share/stm32_mavlink_msgs/package.bash'
[0.756s] [34mcolcon.colcon_core.shell[0m [1;30mINFO[0m Creating package script '/home/a/ws_nhk/install/stm32_mavlink_msgs/share/stm32_mavlink_msgs/package.zsh'
[0.756s] [34mcolcon.colcon_core.environment[0m [1;30mLevel 1[0m create_file_with_runtime_dependencies(/home/a/ws_nhk/install/stm32_mavlink_msgs/share/colcon-core/packages/stm32_mavlink_msgs)
[0.757s] [34mcolcon.colcon_ros.task.ament_cmake.build[0m [1;30mINFO[0m Building ROS package in '/home/a/ws_nhk/src/MAVLink_ros2/stm32_mavlink_uart' with build type 'ament_cmake'
[0.757s] [34mcolcon.colcon_cmake.task.cmake.build[0m [1;30mINFO[0m Building CMake package in '/home/a/ws_nhk/src/MAVLink_ros2/stm32_mavlink_uart'
[0.757s] [34mcolcon.colcon_core.shell[0m [1;30mINFO[0m Skip shell extension 'powershell' for command environment: Not usable outside of PowerShell
[0.757s] [34mcolcon.colcon_core.shell[0m [1;30mDEBUG[0m [32mSkip shell extension 'dsv' for command environment[0m
[0.761s] [34mcolcon.colcon_ros.task.ament_cmake.build[0m [1;30mINFO[0m Building ROS package in '/home/a/ws_nhk/src/MAVLink_ros2/stm32_mavlink_udp' with build type 'ament_cmake'
[0.761s] [34mcolcon.colcon_cmake.task.cmake.build[0m [1;30mINFO[0m Building CMake package in '/home/a/ws_nhk/src/MAVLink_ros2/stm32_mavlink_udp'
[0.761s] [34mcolcon.colcon_core.shell[0m [1;30mINFO[0m Skip shell extension 'powershell' for command environment: Not usable outside of PowerShell
[0.761s] [34mcolcon.colcon_core.shell[0m [1;30mDEBUG[0m [32mSkip shell extension 'dsv' for command environment[0m
[0.771s] [34mcolcon.colcon_core.event_handler.log_command[0m [1;30mDEBUG[0m [32mInvoking command in '/home/a/ws_nhk/build/stm32_mavlink_uart': AMENT_PREFIX_PATH=/home/a/ws_nhk/install/stm32_mavlink_msgs:${AMENT_PREFIX_PATH} CMAKE_PREFIX_PATH=/home/a/ws_nhk/install/stm32_mavlink_msgs:/home/a/ws_nhk/install/sakai_r2_config:/home/a/ws_nhk/install/moveit_runtime:/home/a/ws_nhk/install/moveit_r2_config:/home/a/ws_nhk/install/moveit_config:/home/a/ws_nhk/install/moveit2_tutorials:/home/a/ws_nhk/install/moveit:/home/a/ws_nhk/install/moveit_planners:/home/a/ws_nhk/install/pilz_industrial_motion_planner:/home/a/ws_nhk/install/moveit_task_constructor_visualization:/home/a/ws_nhk/install/moveit_task_constructor_demo:/home/a/ws_nhk/install/moveit_task_constructor_capabilities:/home/a/ws_nhk/install/moveit_task_constructor_core:/home/a/ws_nhk/install/moveit_setup_assistant:/home/a/ws_nhk/install/moveit_setup_srdf_plugins:/home/a/ws_nhk/install/moveit_setup_core_plugins:/home/a/ws_nhk/install/moveit_setup_controllers:/home/a/ws_nhk/install/moveit_setup_app_plugins:/home/a/ws_nhk/install/moveit_setup_framework:/home/a/ws_nhk/install/moveit_servo:/home/a/ws_nhk/install/moveit_ros:/home/a/ws_nhk/install/moveit_ros_visualization:/home/a/ws_nhk/install/moveit_hybrid_planning:/home/a/ws_nhk/install/moveit_ros_planning_interface:/home/a/ws_nhk/install/moveit_resources_prbt_pg70_support:/home/a/ws_nhk/install/moveit_resources_prbt_moveit_config:/home/a/ws_nhk/install/moveit_ros_move_group:/home/a/ws_nhk/install/moveit_kinematics:/home/a/ws_nhk/install/trac_ik:/home/a/ws_nhk/install/trac_ik_kinematics_plugin:/home/a/ws_nhk/install/trac_ik_lib:/home/a/ws_nhk/install/pilz_industrial_motion_planner_testutils:/home/a/ws_nhk/install/moveit_visual_tools:/home/a/ws_nhk/install/moveit_ros_control_interface:/home/a/ws_nhk/install/moveit_plugins:/home/a/ws_nhk/install/moveit_simple_controller_manager:/home/a/ws_nhk/install/moveit_ros_benchmarks:/home/a/ws_nhk/install/moveit_ros_warehouse:/home/a/ws_nhk/install/moveit_ros_robot_interaction:/home/a/ws_nhk/install/moveit_ros_perception:/home/a/ws_nhk/install/moveit_planners_ompl:/home/a/ws_nhk/install/moveit_ros_planning:/home/a/ws_nhk/install/moveit_ros_occupancy_map_monitor:/home/a/ws_nhk/install/moveit_resources_prbt_ikfast_manipulator_plugin:/home/a/ws_nhk/install/moveit_planners_chomp:/home/a/ws_nhk/install/moveit_chomp_optimizer_adapter:/home/a/ws_nhk/install/chomp_motion_planner:/home/a/ws_nhk/install/moveit_core:/home/a/ws_nhk/install/srdfdom:/home/a/ws_nhk/install/rviz_marker_tools:/home/a/ws_nhk/install/rosparam_shortcuts:/home/a/ws_nhk/install/r2_odrive:/home/a/ws_nhk/install/rogidrive_msg:/home/a/ws_nhk/install/nhk_bt:/home/a/ws_nhk/install/moveit_task_constructor_msgs:/home/a/ws_nhk/install/moveit_resources_prbt_support:/home/a/ws_nhk/install/moveit_resources:/home/a/ws_nhk/install/moveit_resources_pr2_description:/home/a/ws_nhk/install/moveit_resources_panda_moveit_config:/home/a/ws_nhk/install/moveit_resources_panda_description:/home/a/ws_nhk/install/moveit_resources_fanuc_moveit_config:/home/a/ws_nhk/install/moveit_resources_fanuc_description:/home/a/ws_nhk/install/moveit_common:/home/a/ws_nhk/install/dynamixel_sdk_examples:/home/a/ws_nhk/install/dynamixel_sdk_custom_interfaces:/home/a/ws_nhk/install/dynamixel_controller:/home/a/ws_nhk/install/dynamixel_sdk:/home/a/ws_nhk/install/arm_v20_description:/home/a/ws_nhk/install/arm_module_description:/home/a/ws_nhk/install/a_r2_description:/home/a/install/field_description_test:/home/a/ws_nhk/install/moveit_configs_utils:/home/a/ws_nhk/install/rogidrive:/home/a/ws_nhk/install/launch_param_builder:/home/a/ws_nhk/install/dynamixel_controller_gui:/home/a/ws_nhk/install/dynamixel_controller_client:/opt/ros/humble LD_LIBRARY_PATH=/home/a/ws_nhk/install/stm32_mavlink_msgs/lib:${LD_LIBRARY_PATH} PYTHONPATH=/home/a/ws_nhk/install/stm32_mavlink_msgs/local/lib/python3.10/dist-packages:${PYTHONPATH} /usr/bin/cmake /home/a/ws_nhk/src/MAVLink_ros2/stm32_mavlink_uart -DCMAKE_INSTALL_PREFIX=/home/a/ws_nhk/install/stm32_mavlink_uart[0m
[0.774s] [34mcolcon.colcon_core.event_handler.log_command[0m [1;30mDEBUG[0m [32mInvoking command in '/home/a/ws_nhk/build/stm32_mavlink_udp': AMENT_PREFIX_PATH=/home/a/ws_nhk/install/stm32_mavlink_msgs:${AMENT_PREFIX_PATH} CMAKE_PREFIX_PATH=/home/a/ws_nhk/install/stm32_mavlink_msgs:/home/a/ws_nhk/install/sakai_r2_config:/home/a/ws_nhk/install/moveit_runtime:/home/a/ws_nhk/install/moveit_r2_config:/home/a/ws_nhk/install/moveit_config:/home/a/ws_nhk/install/moveit2_tutorials:/home/a/ws_nhk/install/moveit:/home/a/ws_nhk/install/moveit_planners:/home/a/ws_nhk/install/pilz_industrial_motion_planner:/home/a/ws_nhk/install/moveit_task_constructor_visualization:/home/a/ws_nhk/install/moveit_task_constructor_demo:/home/a/ws_nhk/install/moveit_task_constructor_capabilities:/home/a/ws_nhk/install/moveit_task_constructor_core:/home/a/ws_nhk/install/moveit_setup_assistant:/home/a/ws_nhk/install/moveit_setup_srdf_plugins:/home/a/ws_nhk/install/moveit_setup_core_plugins:/home/a/ws_nhk/install/moveit_setup_controllers:/home/a/ws_nhk/install/moveit_setup_app_plugins:/home/a/ws_nhk/install/moveit_setup_framework:/home/a/ws_nhk/install/moveit_servo:/home/a/ws_nhk/install/moveit_ros:/home/a/ws_nhk/install/moveit_ros_visualization:/home/a/ws_nhk/install/moveit_hybrid_planning:/home/a/ws_nhk/install/moveit_ros_planning_interface:/home/a/ws_nhk/install/moveit_resources_prbt_pg70_support:/home/a/ws_nhk/install/moveit_resources_prbt_moveit_config:/home/a/ws_nhk/install/moveit_ros_move_group:/home/a/ws_nhk/install/moveit_kinematics:/home/a/ws_nhk/install/trac_ik:/home/a/ws_nhk/install/trac_ik_kinematics_plugin:/home/a/ws_nhk/install/trac_ik_lib:/home/a/ws_nhk/install/pilz_industrial_motion_planner_testutils:/home/a/ws_nhk/install/moveit_visual_tools:/home/a/ws_nhk/install/moveit_ros_control_interface:/home/a/ws_nhk/install/moveit_plugins:/home/a/ws_nhk/install/moveit_simple_controller_manager:/home/a/ws_nhk/install/moveit_ros_benchmarks:/home/a/ws_nhk/install/moveit_ros_warehouse:/home/a/ws_nhk/install/moveit_ros_robot_interaction:/home/a/ws_nhk/install/moveit_ros_perception:/home/a/ws_nhk/install/moveit_planners_ompl:/home/a/ws_nhk/install/moveit_ros_planning:/home/a/ws_nhk/install/moveit_ros_occupancy_map_monitor:/home/a/ws_nhk/install/moveit_resources_prbt_ikfast_manipulator_plugin:/home/a/ws_nhk/install/moveit_planners_chomp:/home/a/ws_nhk/install/moveit_chomp_optimizer_adapter:/home/a/ws_nhk/install/chomp_motion_planner:/home/a/ws_nhk/install/moveit_core:/home/a/ws_nhk/install/srdfdom:/home/a/ws_nhk/install/rviz_marker_tools:/home/a/ws_nhk/install/rosparam_shortcuts:/home/a/ws_nhk/install/r2_odrive:/home/a/ws_nhk/install/rogidrive_msg:/home/a/ws_nhk/install/nhk_bt:/home/a/ws_nhk/install/moveit_task_constructor_msgs:/home/a/ws_nhk/install/moveit_resources_prbt_support:/home/a/ws_nhk/install/moveit_resources:/home/a/ws_nhk/install/moveit_resources_pr2_description:/home/a/ws_nhk/install/moveit_resources_panda_moveit_config:/home/a/ws_nhk/install/moveit_resources_panda_description:/home/a/ws_nhk/install/moveit_resources_fanuc_moveit_config:/home/a/ws_nhk/install/moveit_resources_fanuc_description:/home/a/ws_nhk/install/moveit_common:/home/a/ws_nhk/install/dynamixel_sdk_examples:/home/a/ws_nhk/install/dynamixel_sdk_custom_interfaces:/home/a/ws_nhk/install/dynamixel_controller:/home/a/ws_nhk/install/dynamixel_sdk:/home/a/ws_nhk/install/arm_v20_description:/home/a/ws_nhk/install/arm_module_description:/home/a/ws_nhk/install/a_r2_description:/home/a/install/field_description_test:/home/a/ws_nhk/install/moveit_configs_utils:/home/a/ws_nhk/install/rogidrive:/home/a/ws_nhk/install/launch_param_builder:/home/a/ws_nhk/install/dynamixel_controller_gui:/home/a/ws_nhk/install/dynamixel_controller_client:/opt/ros/humble LD_LIBRARY_PATH=/home/a/ws_nhk/install/stm32_mavlink_msgs/lib:${LD_LIBRARY_PATH} PYTHONPATH=/home/a/ws_nhk/install/stm32_mavlink_msgs/local/lib/python3.10/dist-packages:${PYTHONPATH} /usr/bin/cmake /home/a/ws_nhk/src/MAVLink_ros2/stm32_mavlink_udp -DCMAKE_INSTALL_PREFIX=/home/a/ws_nhk/install/stm32_mavlink_udp[0m
[2.003s] [34mcolcon.colcon_core.event_handler.log_command[0m [1;30mDEBUG[0m [32mInvoked command in '/home/a/ws_nhk/build/stm32_mavlink_uart' returned '0': AMENT_PREFIX_PATH=/home/a/ws_nhk/install/stm32_mavlink_msgs:${AMENT_PREFIX_PATH} CMAKE_PREFIX_PATH=/home/a/ws_nhk/install/stm32_mavlink_msgs:/home/a/ws_nhk/install/sakai_r2_config:/home/a/ws_nhk/install/moveit_runtime:/home/a/ws_nhk/install/moveit_r2_config:/home/a/ws_nhk/install/moveit_config:/home/a/ws_nhk/install/moveit2_tutorials:/home/a/ws_nhk/install/moveit:/home/a/ws_nhk/install/moveit_planners:/home/a/ws_nhk/install/pilz_industrial_motion_planner:/home/a/ws_nhk/install/moveit_task_constructor_visualization:/home/a/ws_nhk/install/moveit_task_constructor_demo:/home/a/ws_nhk/install/moveit_task_constructor_capabilities:/home/a/ws_nhk/install/moveit_task_constructor_core:/home/a/ws_nhk/install/moveit_setup_assistant:/home/a/ws_nhk/install/moveit_setup_srdf_plugins:/home/a/ws_nhk/install/moveit_setup_core_plugins:/home/a/ws_nhk/install/moveit_setup_controllers:/home/a/ws_nhk/install/moveit_setup_app_plugins:/home/a/ws_nhk/install/moveit_setup_framework:/home/a/ws_nhk/install/moveit_servo:/home/a/ws_nhk/install/moveit_ros:/home/a/ws_nhk/install/moveit_ros_visualization:/home/a/ws_nhk/install/moveit_hybrid_planning:/home/a/ws_nhk/install/moveit_ros_planning_interface:/home/a/ws_nhk/install/moveit_resources_prbt_pg70_support:/home/a/ws_nhk/install/moveit_resources_prbt_moveit_config:/home/a/ws_nhk/install/moveit_ros_move_group:/home/a/ws_nhk/install/moveit_kinematics:/home/a/ws_nhk/install/trac_ik:/home/a/ws_nhk/install/trac_ik_kinematics_plugin:/home/a/ws_nhk/install/trac_ik_lib:/home/a/ws_nhk/install/pilz_industrial_motion_planner_testutils:/home/a/ws_nhk/install/moveit_visual_tools:/home/a/ws_nhk/install/moveit_ros_control_interface:/home/a/ws_nhk/install/moveit_plugins:/home/a/ws_nhk/install/moveit_simple_controller_manager:/home/a/ws_nhk/install/moveit_ros_benchmarks:/home/a/ws_nhk/install/moveit_ros_warehouse:/home/a/ws_nhk/install/moveit_ros_robot_interaction:/home/a/ws_nhk/install/moveit_ros_perception:/home/a/ws_nhk/install/moveit_planners_ompl:/home/a/ws_nhk/install/moveit_ros_planning:/home/a/ws_nhk/install/moveit_ros_occupancy_map_monitor:/home/a/ws_nhk/install/moveit_resources_prbt_ikfast_manipulator_plugin:/home/a/ws_nhk/install/moveit_planners_chomp:/home/a/ws_nhk/install/moveit_chomp_optimizer_adapter:/home/a/ws_nhk/install/chomp_motion_planner:/home/a/ws_nhk/install/moveit_core:/home/a/ws_nhk/install/srdfdom:/home/a/ws_nhk/install/rviz_marker_tools:/home/a/ws_nhk/install/rosparam_shortcuts:/home/a/ws_nhk/install/r2_odrive:/home/a/ws_nhk/install/rogidrive_msg:/home/a/ws_nhk/install/nhk_bt:/home/a/ws_nhk/install/moveit_task_constructor_msgs:/home/a/ws_nhk/install/moveit_resources_prbt_support:/home/a/ws_nhk/install/moveit_resources:/home/a/ws_nhk/install/moveit_resources_pr2_description:/home/a/ws_nhk/install/moveit_resources_panda_moveit_config:/home/a/ws_nhk/install/moveit_resources_panda_description:/home/a/ws_nhk/install/moveit_resources_fanuc_moveit_config:/home/a/ws_nhk/install/moveit_resources_fanuc_description:/home/a/ws_nhk/install/moveit_common:/home/a/ws_nhk/install/dynamixel_sdk_examples:/home/a/ws_nhk/install/dynamixel_sdk_custom_interfaces:/home/a/ws_nhk/install/dynamixel_controller:/home/a/ws_nhk/install/dynamixel_sdk:/home/a/ws_nhk/install/arm_v20_description:/home/a/ws_nhk/install/arm_module_description:/home/a/ws_nhk/install/a_r2_description:/home/a/install/field_description_test:/home/a/ws_nhk/install/moveit_configs_utils:/home/a/ws_nhk/install/rogidrive:/home/a/ws_nhk/install/launch_param_builder:/home/a/ws_nhk/install/dynamixel_controller_gui:/home/a/ws_nhk/install/dynamixel_controller_client:/opt/ros/humble LD_LIBRARY_PATH=/home/a/ws_nhk/install/stm32_mavlink_msgs/lib:${LD_LIBRARY_PATH} PYTHONPATH=/home/a/ws_nhk/install/stm32_mavlink_msgs/local/lib/python3.10/dist-packages:${PYTHONPATH} /usr/bin/cmake /home/a/ws_nhk/src/MAVLink_ros2/stm32_mavlink_uart -DCMAKE_INSTALL_PREFIX=/home/a/ws_nhk/install/stm32_mavlink_uart[0m
[2.004s] [34mcolcon.colcon_core.event_handler.log_command[0m [1;30mDEBUG[0m [32mInvoking command in '/home/a/ws_nhk/build/stm32_mavlink_uart': AMENT_PREFIX_PATH=/home/a/ws_nhk/install/stm32_mavlink_msgs:${AMENT_PREFIX_PATH} CMAKE_PREFIX_PATH=/home/a/ws_nhk/install/stm32_mavlink_msgs:/home/a/ws_nhk/install/sakai_r2_config:/home/a/ws_nhk/install/moveit_runtime:/home/a/ws_nhk/install/moveit_r2_config:/home/a/ws_nhk/install/moveit_config:/home/a/ws_nhk/install/moveit2_tutorials:/home/a/ws_nhk/install/moveit:/home/a/ws_nhk/install/moveit_planners:/home/a/ws_nhk/install/pilz_industrial_motion_planner:/home/a/ws_nhk/install/moveit_task_constructor_visualization:/home/a/ws_nhk/install/moveit_task_constructor_demo:/home/a/ws_nhk/install/moveit_task_constructor_capabilities:/home/a/ws_nhk/install/moveit_task_constructor_core:/home/a/ws_nhk/install/moveit_setup_assistant:/home/a/ws_nhk/install/moveit_setup_srdf_plugins:/home/a/ws_nhk/install/moveit_setup_core_plugins:/home/a/ws_nhk/install/moveit_setup_controllers:/home/a/ws_nhk/install/moveit_setup_app_plugins:/home/a/ws_nhk/install/moveit_setup_framework:/home/a/ws_nhk/install/moveit_servo:/home/a/ws_nhk/install/moveit_ros:/home/a/ws_nhk/install/moveit_ros_visualization:/home/a/ws_nhk/install/moveit_hybrid_planning:/home/a/ws_nhk/install/moveit_ros_planning_interface:/home/a/ws_nhk/install/moveit_resources_prbt_pg70_support:/home/a/ws_nhk/install/moveit_resources_prbt_moveit_config:/home/a/ws_nhk/install/moveit_ros_move_group:/home/a/ws_nhk/install/moveit_kinematics:/home/a/ws_nhk/install/trac_ik:/home/a/ws_nhk/install/trac_ik_kinematics_plugin:/home/a/ws_nhk/install/trac_ik_lib:/home/a/ws_nhk/install/pilz_industrial_motion_planner_testutils:/home/a/ws_nhk/install/moveit_visual_tools:/home/a/ws_nhk/install/moveit_ros_control_interface:/home/a/ws_nhk/install/moveit_plugins:/home/a/ws_nhk/install/moveit_simple_controller_manager:/home/a/ws_nhk/install/moveit_ros_benchmarks:/home/a/ws_nhk/install/moveit_ros_warehouse:/home/a/ws_nhk/install/moveit_ros_robot_interaction:/home/a/ws_nhk/install/moveit_ros_perception:/home/a/ws_nhk/install/moveit_planners_ompl:/home/a/ws_nhk/install/moveit_ros_planning:/home/a/ws_nhk/install/moveit_ros_occupancy_map_monitor:/home/a/ws_nhk/install/moveit_resources_prbt_ikfast_manipulator_plugin:/home/a/ws_nhk/install/moveit_planners_chomp:/home/a/ws_nhk/install/moveit_chomp_optimizer_adapter:/home/a/ws_nhk/install/chomp_motion_planner:/home/a/ws_nhk/install/moveit_core:/home/a/ws_nhk/install/srdfdom:/home/a/ws_nhk/install/rviz_marker_tools:/home/a/ws_nhk/install/rosparam_shortcuts:/home/a/ws_nhk/install/r2_odrive:/home/a/ws_nhk/install/rogidrive_msg:/home/a/ws_nhk/install/nhk_bt:/home/a/ws_nhk/install/moveit_task_constructor_msgs:/home/a/ws_nhk/install/moveit_resources_prbt_support:/home/a/ws_nhk/install/moveit_resources:/home/a/ws_nhk/install/moveit_resources_pr2_description:/home/a/ws_nhk/install/moveit_resources_panda_moveit_config:/home/a/ws_nhk/install/moveit_resources_panda_description:/home/a/ws_nhk/install/moveit_resources_fanuc_moveit_config:/home/a/ws_nhk/install/moveit_resources_fanuc_description:/home/a/ws_nhk/install/moveit_common:/home/a/ws_nhk/install/dynamixel_sdk_examples:/home/a/ws_nhk/install/dynamixel_sdk_custom_interfaces:/home/a/ws_nhk/install/dynamixel_controller:/home/a/ws_nhk/install/dynamixel_sdk:/home/a/ws_nhk/install/arm_v20_description:/home/a/ws_nhk/install/arm_module_description:/home/a/ws_nhk/install/a_r2_description:/home/a/install/field_description_test:/home/a/ws_nhk/install/moveit_configs_utils:/home/a/ws_nhk/install/rogidrive:/home/a/ws_nhk/install/launch_param_builder:/home/a/ws_nhk/install/dynamixel_controller_gui:/home/a/ws_nhk/install/dynamixel_controller_client:/opt/ros/humble LD_LIBRARY_PATH=/home/a/ws_nhk/install/stm32_mavlink_msgs/lib:${LD_LIBRARY_PATH} PYTHONPATH=/home/a/ws_nhk/install/stm32_mavlink_msgs/local/lib/python3.10/dist-packages:${PYTHONPATH} /usr/bin/cmake --build /home/a/ws_nhk/build/stm32_mavlink_uart -- -j22 -l22[0m
[2.007s] [34mcolcon.colcon_core.event_handler.log_command[0m [1;30mDEBUG[0m [32mInvoked command in '/home/a/ws_nhk/build/stm32_mavlink_udp' returned '0': AMENT_PREFIX_PATH=/home/a/ws_nhk/install/stm32_mavlink_msgs:${AMENT_PREFIX_PATH} CMAKE_PREFIX_PATH=/home/a/ws_nhk/install/stm32_mavlink_msgs:/home/a/ws_nhk/install/sakai_r2_config:/home/a/ws_nhk/install/moveit_runtime:/home/a/ws_nhk/install/moveit_r2_config:/home/a/ws_nhk/install/moveit_config:/home/a/ws_nhk/install/moveit2_tutorials:/home/a/ws_nhk/install/moveit:/home/a/ws_nhk/install/moveit_planners:/home/a/ws_nhk/install/pilz_industrial_motion_planner:/home/a/ws_nhk/install/moveit_task_constructor_visualization:/home/a/ws_nhk/install/moveit_task_constructor_demo:/home/a/ws_nhk/install/moveit_task_constructor_capabilities:/home/a/ws_nhk/install/moveit_task_constructor_core:/home/a/ws_nhk/install/moveit_setup_assistant:/home/a/ws_nhk/install/moveit_setup_srdf_plugins:/home/a/ws_nhk/install/moveit_setup_core_plugins:/home/a/ws_nhk/install/moveit_setup_controllers:/home/a/ws_nhk/install/moveit_setup_app_plugins:/home/a/ws_nhk/install/moveit_setup_framework:/home/a/ws_nhk/install/moveit_servo:/home/a/ws_nhk/install/moveit_ros:/home/a/ws_nhk/install/moveit_ros_visualization:/home/a/ws_nhk/install/moveit_hybrid_planning:/home/a/ws_nhk/install/moveit_ros_planning_interface:/home/a/ws_nhk/install/moveit_resources_prbt_pg70_support:/home/a/ws_nhk/install/moveit_resources_prbt_moveit_config:/home/a/ws_nhk/install/moveit_ros_move_group:/home/a/ws_nhk/install/moveit_kinematics:/home/a/ws_nhk/install/trac_ik:/home/a/ws_nhk/install/trac_ik_kinematics_plugin:/home/a/ws_nhk/install/trac_ik_lib:/home/a/ws_nhk/install/pilz_industrial_motion_planner_testutils:/home/a/ws_nhk/install/moveit_visual_tools:/home/a/ws_nhk/install/moveit_ros_control_interface:/home/a/ws_nhk/install/moveit_plugins:/home/a/ws_nhk/install/moveit_simple_controller_manager:/home/a/ws_nhk/install/moveit_ros_benchmarks:/home/a/ws_nhk/install/moveit_ros_warehouse:/home/a/ws_nhk/install/moveit_ros_robot_interaction:/home/a/ws_nhk/install/moveit_ros_perception:/home/a/ws_nhk/install/moveit_planners_ompl:/home/a/ws_nhk/install/moveit_ros_planning:/home/a/ws_nhk/install/moveit_ros_occupancy_map_monitor:/home/a/ws_nhk/install/moveit_resources_prbt_ikfast_manipulator_plugin:/home/a/ws_nhk/install/moveit_planners_chomp:/home/a/ws_nhk/install/moveit_chomp_optimizer_adapter:/home/a/ws_nhk/install/chomp_motion_planner:/home/a/ws_nhk/install/moveit_core:/home/a/ws_nhk/install/srdfdom:/home/a/ws_nhk/install/rviz_marker_tools:/home/a/ws_nhk/install/rosparam_shortcuts:/home/a/ws_nhk/install/r2_odrive:/home/a/ws_nhk/install/rogidrive_msg:/home/a/ws_nhk/install/nhk_bt:/home/a/ws_nhk/install/moveit_task_constructor_msgs:/home/a/ws_nhk/install/moveit_resources_prbt_support:/home/a/ws_nhk/install/moveit_resources:/home/a/ws_nhk/install/moveit_resources_pr2_description:/home/a/ws_nhk/install/moveit_resources_panda_moveit_config:/home/a/ws_nhk/install/moveit_resources_panda_description:/home/a/ws_nhk/install/moveit_resources_fanuc_moveit_config:/home/a/ws_nhk/install/moveit_resources_fanuc_description:/home/a/ws_nhk/install/moveit_common:/home/a/ws_nhk/install/dynamixel_sdk_examples:/home/a/ws_nhk/install/dynamixel_sdk_custom_interfaces:/home/a/ws_nhk/install/dynamixel_controller:/home/a/ws_nhk/install/dynamixel_sdk:/home/a/ws_nhk/install/arm_v20_description:/home/a/ws_nhk/install/arm_module_description:/home/a/ws_nhk/install/a_r2_description:/home/a/install/field_description_test:/home/a/ws_nhk/install/moveit_configs_utils:/home/a/ws_nhk/install/rogidrive:/home/a/ws_nhk/install/launch_param_builder:/home/a/ws_nhk/install/dynamixel_controller_gui:/home/a/ws_nhk/install/dynamixel_controller_client:/opt/ros/humble LD_LIBRARY_PATH=/home/a/ws_nhk/install/stm32_mavlink_msgs/lib:${LD_LIBRARY_PATH} PYTHONPATH=/home/a/ws_nhk/install/stm32_mavlink_msgs/local/lib/python3.10/dist-packages:${PYTHONPATH} /usr/bin/cmake /home/a/ws_nhk/src/MAVLink_ros2/stm32_mavlink_udp -DCMAKE_INSTALL_PREFIX=/home/a/ws_nhk/install/stm32_mavlink_udp[0m
[2.007s] [34mcolcon.colcon_core.event_handler.log_command[0m [1;30mDEBUG[0m [32mInvoking command in '/home/a/ws_nhk/build/stm32_mavlink_udp': AMENT_PREFIX_PATH=/home/a/ws_nhk/install/stm32_mavlink_msgs:${AMENT_PREFIX_PATH} CMAKE_PREFIX_PATH=/home/a/ws_nhk/install/stm32_mavlink_msgs:/home/a/ws_nhk/install/sakai_r2_config:/home/a/ws_nhk/install/moveit_runtime:/home/a/ws_nhk/install/moveit_r2_config:/home/a/ws_nhk/install/moveit_config:/home/a/ws_nhk/install/moveit2_tutorials:/home/a/ws_nhk/install/moveit:/home/a/ws_nhk/install/moveit_planners:/home/a/ws_nhk/install/pilz_industrial_motion_planner:/home/a/ws_nhk/install/moveit_task_constructor_visualization:/home/a/ws_nhk/install/moveit_task_constructor_demo:/home/a/ws_nhk/install/moveit_task_constructor_capabilities:/home/a/ws_nhk/install/moveit_task_constructor_core:/home/a/ws_nhk/install/moveit_setup_assistant:/home/a/ws_nhk/install/moveit_setup_srdf_plugins:/home/a/ws_nhk/install/moveit_setup_core_plugins:/home/a/ws_nhk/install/moveit_setup_controllers:/home/a/ws_nhk/install/moveit_setup_app_plugins:/home/a/ws_nhk/install/moveit_setup_framework:/home/a/ws_nhk/install/moveit_servo:/home/a/ws_nhk/install/moveit_ros:/home/a/ws_nhk/install/moveit_ros_visualization:/home/a/ws_nhk/install/moveit_hybrid_planning:/home/a/ws_nhk/install/moveit_ros_planning_interface:/home/a/ws_nhk/install/moveit_resources_prbt_pg70_support:/home/a/ws_nhk/install/moveit_resources_prbt_moveit_config:/home/a/ws_nhk/install/moveit_ros_move_group:/home/a/ws_nhk/install/moveit_kinematics:/home/a/ws_nhk/install/trac_ik:/home/a/ws_nhk/install/trac_ik_kinematics_plugin:/home/a/ws_nhk/install/trac_ik_lib:/home/a/ws_nhk/install/pilz_industrial_motion_planner_testutils:/home/a/ws_nhk/install/moveit_visual_tools:/home/a/ws_nhk/install/moveit_ros_control_interface:/home/a/ws_nhk/install/moveit_plugins:/home/a/ws_nhk/install/moveit_simple_controller_manager:/home/a/ws_nhk/install/moveit_ros_benchmarks:/home/a/ws_nhk/install/moveit_ros_warehouse:/home/a/ws_nhk/install/moveit_ros_robot_interaction:/home/a/ws_nhk/install/moveit_ros_perception:/home/a/ws_nhk/install/moveit_planners_ompl:/home/a/ws_nhk/install/moveit_ros_planning:/home/a/ws_nhk/install/moveit_ros_occupancy_map_monitor:/home/a/ws_nhk/install/moveit_resources_prbt_ikfast_manipulator_plugin:/home/a/ws_nhk/install/moveit_planners_chomp:/home/a/ws_nhk/install/moveit_chomp_optimizer_adapter:/home/a/ws_nhk/install/chomp_motion_planner:/home/a/ws_nhk/install/moveit_core:/home/a/ws_nhk/install/srdfdom:/home/a/ws_nhk/install/rviz_marker_tools:/home/a/ws_nhk/install/rosparam_shortcuts:/home/a/ws_nhk/install/r2_odrive:/home/a/ws_nhk/install/rogidrive_msg:/home/a/ws_nhk/install/nhk_bt:/home/a/ws_nhk/install/moveit_task_constructor_msgs:/home/a/ws_nhk/install/moveit_resources_prbt_support:/home/a/ws_nhk/install/moveit_resources:/home/a/ws_nhk/install/moveit_resources_pr2_description:/home/a/ws_nhk/install/moveit_resources_panda_moveit_config:/home/a/ws_nhk/install/moveit_resources_panda_description:/home/a/ws_nhk/install/moveit_resources_fanuc_moveit_config:/home/a/ws_nhk/install/moveit_resources_fanuc_description:/home/a/ws_nhk/install/moveit_common:/home/a/ws_nhk/install/dynamixel_sdk_examples:/home/a/ws_nhk/install/dynamixel_sdk_custom_interfaces:/home/a/ws_nhk/install/dynamixel_controller:/home/a/ws_nhk/install/dynamixel_sdk:/home/a/ws_nhk/install/arm_v20_description:/home/a/ws_nhk/install/arm_module_description:/home/a/ws_nhk/install/a_r2_description:/home/a/install/field_description_test:/home/a/ws_nhk/install/moveit_configs_utils:/home/a/ws_nhk/install/rogidrive:/home/a/ws_nhk/install/launch_param_builder:/home/a/ws_nhk/install/dynamixel_controller_gui:/home/a/ws_nhk/install/dynamixel_controller_client:/opt/ros/humble LD_LIBRARY_PATH=/home/a/ws_nhk/install/stm32_mavlink_msgs/lib:${LD_LIBRARY_PATH} PYTHONPATH=/home/a/ws_nhk/install/stm32_mavlink_msgs/local/lib/python3.10/dist-packages:${PYTHONPATH} /usr/bin/cmake --build /home/a/ws_nhk/build/stm32_mavlink_udp -- -j22 -l22[0m
[39.343s] [34mcolcon.colcon_core.event_handler.log_command[0m [1;30mDEBUG[0m [32mInvoked command in '/home/a/ws_nhk/build/stm32_mavlink_uart' returned '0': AMENT_PREFIX_PATH=/home/a/ws_nhk/install/stm32_mavlink_msgs:${AMENT_PREFIX_PATH} CMAKE_PREFIX_PATH=/home/a/ws_nhk/install/stm32_mavlink_msgs:/home/a/ws_nhk/install/sakai_r2_config:/home/a/ws_nhk/install/moveit_runtime:/home/a/ws_nhk/install/moveit_r2_config:/home/a/ws_nhk/install/moveit_config:/home/a/ws_nhk/install/moveit2_tutorials:/home/a/ws_nhk/install/moveit:/home/a/ws_nhk/install/moveit_planners:/home/a/ws_nhk/install/pilz_industrial_motion_planner:/home/a/ws_nhk/install/moveit_task_constructor_visualization:/home/a/ws_nhk/install/moveit_task_constructor_demo:/home/a/ws_nhk/install/moveit_task_constructor_capabilities:/home/a/ws_nhk/install/moveit_task_constructor_core:/home/a/ws_nhk/install/moveit_setup_assistant:/home/a/ws_nhk/install/moveit_setup_srdf_plugins:/home/a/ws_nhk/install/moveit_setup_core_plugins:/home/a/ws_nhk/install/moveit_setup_controllers:/home/a/ws_nhk/install/moveit_setup_app_plugins:/home/a/ws_nhk/install/moveit_setup_framework:/home/a/ws_nhk/install/moveit_servo:/home/a/ws_nhk/install/moveit_ros:/home/a/ws_nhk/install/moveit_ros_visualization:/home/a/ws_nhk/install/moveit_hybrid_planning:/home/a/ws_nhk/install/moveit_ros_planning_interface:/home/a/ws_nhk/install/moveit_resources_prbt_pg70_support:/home/a/ws_nhk/install/moveit_resources_prbt_moveit_config:/home/a/ws_nhk/install/moveit_ros_move_group:/home/a/ws_nhk/install/moveit_kinematics:/home/a/ws_nhk/install/trac_ik:/home/a/ws_nhk/install/trac_ik_kinematics_plugin:/home/a/ws_nhk/install/trac_ik_lib:/home/a/ws_nhk/install/pilz_industrial_motion_planner_testutils:/home/a/ws_nhk/install/moveit_visual_tools:/home/a/ws_nhk/install/moveit_ros_control_interface:/home/a/ws_nhk/install/moveit_plugins:/home/a/ws_nhk/install/moveit_simple_controller_manager:/home/a/ws_nhk/install/moveit_ros_benchmarks:/home/a/ws_nhk/install/moveit_ros_warehouse:/home/a/ws_nhk/install/moveit_ros_robot_interaction:/home/a/ws_nhk/install/moveit_ros_perception:/home/a/ws_nhk/install/moveit_planners_ompl:/home/a/ws_nhk/install/moveit_ros_planning:/home/a/ws_nhk/install/moveit_ros_occupancy_map_monitor:/home/a/ws_nhk/install/moveit_resources_prbt_ikfast_manipulator_plugin:/home/a/ws_nhk/install/moveit_planners_chomp:/home/a/ws_nhk/install/moveit_chomp_optimizer_adapter:/home/a/ws_nhk/install/chomp_motion_planner:/home/a/ws_nhk/install/moveit_core:/home/a/ws_nhk/install/srdfdom:/home/a/ws_nhk/install/rviz_marker_tools:/home/a/ws_nhk/install/rosparam_shortcuts:/home/a/ws_nhk/install/r2_odrive:/home/a/ws_nhk/install/rogidrive_msg:/home/a/ws_nhk/install/nhk_bt:/home/a/ws_nhk/install/moveit_task_constructor_msgs:/home/a/ws_nhk/install/moveit_resources_prbt_support:/home/a/ws_nhk/install/moveit_resources:/home/a/ws_nhk/install/moveit_resources_pr2_description:/home/a/ws_nhk/install/moveit_resources_panda_moveit_config:/home/a/ws_nhk/install/moveit_resources_panda_description:/home/a/ws_nhk/install/moveit_resources_fanuc_moveit_config:/home/a/ws_nhk/install/moveit_resources_fanuc_description:/home/a/ws_nhk/install/moveit_common:/home/a/ws_nhk/install/dynamixel_sdk_examples:/home/a/ws_nhk/install/dynamixel_sdk_custom_interfaces:/home/a/ws_nhk/install/dynamixel_controller:/home/a/ws_nhk/install/dynamixel_sdk:/home/a/ws_nhk/install/arm_v20_description:/home/a/ws_nhk/install/arm_module_description:/home/a/ws_nhk/install/a_r2_description:/home/a/install/field_description_test:/home/a/ws_nhk/install/moveit_configs_utils:/home/a/ws_nhk/install/rogidrive:/home/a/ws_nhk/install/launch_param_builder:/home/a/ws_nhk/install/dynamixel_controller_gui:/home/a/ws_nhk/install/dynamixel_controller_client:/opt/ros/humble LD_LIBRARY_PATH=/home/a/ws_nhk/install/stm32_mavlink_msgs/lib:${LD_LIBRARY_PATH} PYTHONPATH=/home/a/ws_nhk/install/stm32_mavlink_msgs/local/lib/python3.10/dist-packages:${PYTHONPATH} /usr/bin/cmake --build /home/a/ws_nhk/build/stm32_mavlink_uart -- -j22 -l22[0m
[39.347s] [34mcolcon.colcon_core.event_handler.log_command[0m [1;30mDEBUG[0m [32mInvoking command in '/home/a/ws_nhk/build/stm32_mavlink_uart': AMENT_PREFIX_PATH=/home/a/ws_nhk/install/stm32_mavlink_msgs:${AMENT_PREFIX_PATH} CMAKE_PREFIX_PATH=/home/a/ws_nhk/install/stm32_mavlink_msgs:/home/a/ws_nhk/install/sakai_r2_config:/home/a/ws_nhk/install/moveit_runtime:/home/a/ws_nhk/install/moveit_r2_config:/home/a/ws_nhk/install/moveit_config:/home/a/ws_nhk/install/moveit2_tutorials:/home/a/ws_nhk/install/moveit:/home/a/ws_nhk/install/moveit_planners:/home/a/ws_nhk/install/pilz_industrial_motion_planner:/home/a/ws_nhk/install/moveit_task_constructor_visualization:/home/a/ws_nhk/install/moveit_task_constructor_demo:/home/a/ws_nhk/install/moveit_task_constructor_capabilities:/home/a/ws_nhk/install/moveit_task_constructor_core:/home/a/ws_nhk/install/moveit_setup_assistant:/home/a/ws_nhk/install/moveit_setup_srdf_plugins:/home/a/ws_nhk/install/moveit_setup_core_plugins:/home/a/ws_nhk/install/moveit_setup_controllers:/home/a/ws_nhk/install/moveit_setup_app_plugins:/home/a/ws_nhk/install/moveit_setup_framework:/home/a/ws_nhk/install/moveit_servo:/home/a/ws_nhk/install/moveit_ros:/home/a/ws_nhk/install/moveit_ros_visualization:/home/a/ws_nhk/install/moveit_hybrid_planning:/home/a/ws_nhk/install/moveit_ros_planning_interface:/home/a/ws_nhk/install/moveit_resources_prbt_pg70_support:/home/a/ws_nhk/install/moveit_resources_prbt_moveit_config:/home/a/ws_nhk/install/moveit_ros_move_group:/home/a/ws_nhk/install/moveit_kinematics:/home/a/ws_nhk/install/trac_ik:/home/a/ws_nhk/install/trac_ik_kinematics_plugin:/home/a/ws_nhk/install/trac_ik_lib:/home/a/ws_nhk/install/pilz_industrial_motion_planner_testutils:/home/a/ws_nhk/install/moveit_visual_tools:/home/a/ws_nhk/install/moveit_ros_control_interface:/home/a/ws_nhk/install/moveit_plugins:/home/a/ws_nhk/install/moveit_simple_controller_manager:/home/a/ws_nhk/install/moveit_ros_benchmarks:/home/a/ws_nhk/install/moveit_ros_warehouse:/home/a/ws_nhk/install/moveit_ros_robot_interaction:/home/a/ws_nhk/install/moveit_ros_perception:/home/a/ws_nhk/install/moveit_planners_ompl:/home/a/ws_nhk/install/moveit_ros_planning:/home/a/ws_nhk/install/moveit_ros_occupancy_map_monitor:/home/a/ws_nhk/install/moveit_resources_prbt_ikfast_manipulator_plugin:/home/a/ws_nhk/install/moveit_planners_chomp:/home/a/ws_nhk/install/moveit_chomp_optimizer_adapter:/home/a/ws_nhk/install/chomp_motion_planner:/home/a/ws_nhk/install/moveit_core:/home/a/ws_nhk/install/srdfdom:/home/a/ws_nhk/install/rviz_marker_tools:/home/a/ws_nhk/install/rosparam_shortcuts:/home/a/ws_nhk/install/r2_odrive:/home/a/ws_nhk/install/rogidrive_msg:/home/a/ws_nhk/install/nhk_bt:/home/a/ws_nhk/install/moveit_task_constructor_msgs:/home/a/ws_nhk/install/moveit_resources_prbt_support:/home/a/ws_nhk/install/moveit_resources:/home/a/ws_nhk/install/moveit_resources_pr2_description:/home/a/ws_nhk/install/moveit_resources_panda_moveit_config:/home/a/ws_nhk/install/moveit_resources_panda_description:/home/a/ws_nhk/install/moveit_resources_fanuc_moveit_config:/home/a/ws_nhk/install/moveit_resources_fanuc_description:/home/a/ws_nhk/install/moveit_common:/home/a/ws_nhk/install/dynamixel_sdk_examples:/home/a/ws_nhk/install/dynamixel_sdk_custom_interfaces:/home/a/ws_nhk/install/dynamixel_controller:/home/a/ws_nhk/install/dynamixel_sdk:/home/a/ws_nhk/install/arm_v20_description:/home/a/ws_nhk/install/arm_module_description:/home/a/ws_nhk/install/a_r2_description:/home/a/install/field_description_test:/home/a/ws_nhk/install/moveit_configs_utils:/home/a/ws_nhk/install/rogidrive:/home/a/ws_nhk/install/launch_param_builder:/home/a/ws_nhk/install/dynamixel_controller_gui:/home/a/ws_nhk/install/dynamixel_controller_client:/opt/ros/humble LD_LIBRARY_PATH=/home/a/ws_nhk/install/stm32_mavlink_msgs/lib:${LD_LIBRARY_PATH} PYTHONPATH=/home/a/ws_nhk/install/stm32_mavlink_msgs/local/lib/python3.10/dist-packages:${PYTHONPATH} /usr/bin/cmake --install /home/a/ws_nhk/build/stm32_mavlink_uart[0m
[39.388s] [34mcolcon.colcon_core.environment[0m [1;30mLevel 1[0m create_environment_scripts_only(stm32_mavlink_uart)
[39.388s] [34mcolcon.colcon_core.event_handler.log_command[0m [1;30mDEBUG[0m [32mInvoked command in '/home/a/ws_nhk/build/stm32_mavlink_uart' returned '0': AMENT_PREFIX_PATH=/home/a/ws_nhk/install/stm32_mavlink_msgs:${AMENT_PREFIX_PATH} CMAKE_PREFIX_PATH=/home/a/ws_nhk/install/stm32_mavlink_msgs:/home/a/ws_nhk/install/sakai_r2_config:/home/a/ws_nhk/install/moveit_runtime:/home/a/ws_nhk/install/moveit_r2_config:/home/a/ws_nhk/install/moveit_config:/home/a/ws_nhk/install/moveit2_tutorials:/home/a/ws_nhk/install/moveit:/home/a/ws_nhk/install/moveit_planners:/home/a/ws_nhk/install/pilz_industrial_motion_planner:/home/a/ws_nhk/install/moveit_task_constructor_visualization:/home/a/ws_nhk/install/moveit_task_constructor_demo:/home/a/ws_nhk/install/moveit_task_constructor_capabilities:/home/a/ws_nhk/install/moveit_task_constructor_core:/home/a/ws_nhk/install/moveit_setup_assistant:/home/a/ws_nhk/install/moveit_setup_srdf_plugins:/home/a/ws_nhk/install/moveit_setup_core_plugins:/home/a/ws_nhk/install/moveit_setup_controllers:/home/a/ws_nhk/install/moveit_setup_app_plugins:/home/a/ws_nhk/install/moveit_setup_framework:/home/a/ws_nhk/install/moveit_servo:/home/a/ws_nhk/install/moveit_ros:/home/a/ws_nhk/install/moveit_ros_visualization:/home/a/ws_nhk/install/moveit_hybrid_planning:/home/a/ws_nhk/install/moveit_ros_planning_interface:/home/a/ws_nhk/install/moveit_resources_prbt_pg70_support:/home/a/ws_nhk/install/moveit_resources_prbt_moveit_config:/home/a/ws_nhk/install/moveit_ros_move_group:/home/a/ws_nhk/install/moveit_kinematics:/home/a/ws_nhk/install/trac_ik:/home/a/ws_nhk/install/trac_ik_kinematics_plugin:/home/a/ws_nhk/install/trac_ik_lib:/home/a/ws_nhk/install/pilz_industrial_motion_planner_testutils:/home/a/ws_nhk/install/moveit_visual_tools:/home/a/ws_nhk/install/moveit_ros_control_interface:/home/a/ws_nhk/install/moveit_plugins:/home/a/ws_nhk/install/moveit_simple_controller_manager:/home/a/ws_nhk/install/moveit_ros_benchmarks:/home/a/ws_nhk/install/moveit_ros_warehouse:/home/a/ws_nhk/install/moveit_ros_robot_interaction:/home/a/ws_nhk/install/moveit_ros_perception:/home/a/ws_nhk/install/moveit_planners_ompl:/home/a/ws_nhk/install/moveit_ros_planning:/home/a/ws_nhk/install/moveit_ros_occupancy_map_monitor:/home/a/ws_nhk/install/moveit_resources_prbt_ikfast_manipulator_plugin:/home/a/ws_nhk/install/moveit_planners_chomp:/home/a/ws_nhk/install/moveit_chomp_optimizer_adapter:/home/a/ws_nhk/install/chomp_motion_planner:/home/a/ws_nhk/install/moveit_core:/home/a/ws_nhk/install/srdfdom:/home/a/ws_nhk/install/rviz_marker_tools:/home/a/ws_nhk/install/rosparam_shortcuts:/home/a/ws_nhk/install/r2_odrive:/home/a/ws_nhk/install/rogidrive_msg:/home/a/ws_nhk/install/nhk_bt:/home/a/ws_nhk/install/moveit_task_constructor_msgs:/home/a/ws_nhk/install/moveit_resources_prbt_support:/home/a/ws_nhk/install/moveit_resources:/home/a/ws_nhk/install/moveit_resources_pr2_description:/home/a/ws_nhk/install/moveit_resources_panda_moveit_config:/home/a/ws_nhk/install/moveit_resources_panda_description:/home/a/ws_nhk/install/moveit_resources_fanuc_moveit_config:/home/a/ws_nhk/install/moveit_resources_fanuc_description:/home/a/ws_nhk/install/moveit_common:/home/a/ws_nhk/install/dynamixel_sdk_examples:/home/a/ws_nhk/install/dynamixel_sdk_custom_interfaces:/home/a/ws_nhk/install/dynamixel_controller:/home/a/ws_nhk/install/dynamixel_sdk:/home/a/ws_nhk/install/arm_v20_description:/home/a/ws_nhk/install/arm_module_description:/home/a/ws_nhk/install/a_r2_description:/home/a/install/field_description_test:/home/a/ws_nhk/install/moveit_configs_utils:/home/a/ws_nhk/install/rogidrive:/home/a/ws_nhk/install/launch_param_builder:/home/a/ws_nhk/install/dynamixel_controller_gui:/home/a/ws_nhk/install/dynamixel_controller_client:/opt/ros/humble LD_LIBRARY_PATH=/home/a/ws_nhk/install/stm32_mavlink_msgs/lib:${LD_LIBRARY_PATH} PYTHONPATH=/home/a/ws_nhk/install/stm32_mavlink_msgs/local/lib/python3.10/dist-packages:${PYTHONPATH} /usr/bin/cmake --install /home/a/ws_nhk/build/stm32_mavlink_uart[0m
[39.389s] [34mcolcon.colcon_core.environment[0m [1;30mLevel 1[0m checking '/home/a/ws_nhk/install/stm32_mavlink_uart' for CMake module files
[39.391s] [34mcolcon.colcon_core.environment[0m [1;30mLevel 1[0m checking '/home/a/ws_nhk/install/stm32_mavlink_uart' for CMake config files
[39.392s] [34mcolcon.colcon_core.shell[0m [1;30mLevel 1[0m create_environment_hook('stm32_mavlink_uart', 'cmake_prefix_path')
[39.392s] [34mcolcon.colcon_core.shell[0m [1;30mINFO[0m Creating environment hook '/home/a/ws_nhk/install/stm32_mavlink_uart/share/stm32_mavlink_uart/hook/cmake_prefix_path.ps1'
[39.393s] [34mcolcon.colcon_core.shell[0m [1;30mINFO[0m Creating environment descriptor '/home/a/ws_nhk/install/stm32_mavlink_uart/share/stm32_mavlink_uart/hook/cmake_prefix_path.dsv'
[39.394s] [34mcolcon.colcon_core.shell[0m [1;30mINFO[0m Creating environment hook '/home/a/ws_nhk/install/stm32_mavlink_uart/share/stm32_mavlink_uart/hook/cmake_prefix_path.sh'
[39.396s] [34mcolcon.colcon_core.environment[0m [1;30mLevel 1[0m checking '/home/a/ws_nhk/install/stm32_mavlink_uart/lib'
[39.396s] [34mcolcon.colcon_core.environment[0m [1;30mLevel 1[0m checking '/home/a/ws_nhk/install/stm32_mavlink_uart/bin'
[39.396s] [34mcolcon.colcon_core.environment[0m [1;30mLevel 1[0m checking '/home/a/ws_nhk/install/stm32_mavlink_uart/lib/pkgconfig/stm32_mavlink_uart.pc'
[39.397s] [34mcolcon.colcon_core.environment[0m [1;30mLevel 1[0m checking '/home/a/ws_nhk/install/stm32_mavlink_uart/lib/python3.10/site-packages'
[39.398s] [34mcolcon.colcon_core.environment[0m [1;30mLevel 1[0m checking '/home/a/ws_nhk/install/stm32_mavlink_uart/bin'
[39.398s] [34mcolcon.colcon_core.shell[0m [1;30mINFO[0m Creating package script '/home/a/ws_nhk/install/stm32_mavlink_uart/share/stm32_mavlink_uart/package.ps1'
[39.399s] [34mcolcon.colcon_core.shell[0m [1;30mINFO[0m Creating package descriptor '/home/a/ws_nhk/install/stm32_mavlink_uart/share/stm32_mavlink_uart/package.dsv'
[39.400s] [34mcolcon.colcon_core.shell[0m [1;30mINFO[0m Creating package script '/home/a/ws_nhk/install/stm32_mavlink_uart/share/stm32_mavlink_uart/package.sh'
[39.401s] [34mcolcon.colcon_core.shell[0m [1;30mINFO[0m Creating package script '/home/a/ws_nhk/install/stm32_mavlink_uart/share/stm32_mavlink_uart/package.bash'
[39.402s] [34mcolcon.colcon_core.shell[0m [1;30mINFO[0m Creating package script '/home/a/ws_nhk/install/stm32_mavlink_uart/share/stm32_mavlink_uart/package.zsh'
[39.402s] [34mcolcon.colcon_core.environment[0m [1;30mLevel 1[0m create_file_with_runtime_dependencies(/home/a/ws_nhk/install/stm32_mavlink_uart/share/colcon-core/packages/stm32_mavlink_uart)
[39.403s] [34mcolcon.colcon_core.environment[0m [1;30mLevel 1[0m create_environment_scripts_only(stm32_mavlink_uart)
[39.404s] [34mcolcon.colcon_core.environment[0m [1;30mLevel 1[0m checking '/home/a/ws_nhk/install/stm32_mavlink_uart' for CMake module files
[39.405s] [34mcolcon.colcon_core.environment[0m [1;30mLevel 1[0m checking '/home/a/ws_nhk/install/stm32_mavlink_uart' for CMake config files
[39.405s] [34mcolcon.colcon_core.shell[0m [1;30mLevel 1[0m create_environment_hook('stm32_mavlink_uart', 'cmake_prefix_path')
[39.405s] [34mcolcon.colcon_core.shell[0m [1;30mINFO[0m Creating environment hook '/home/a/ws_nhk/install/stm32_mavlink_uart/share/stm32_mavlink_uart/hook/cmake_prefix_path.ps1'
[39.406s] [34mcolcon.colcon_core.shell[0m [1;30mINFO[0m Creating environment descriptor '/home/a/ws_nhk/install/stm32_mavlink_uart/share/stm32_mavlink_uart/hook/cmake_prefix_path.dsv'
[39.407s] [34mcolcon.colcon_core.shell[0m [1;30mINFO[0m Creating environment hook '/home/a/ws_nhk/install/stm32_mavlink_uart/share/stm32_mavlink_uart/hook/cmake_prefix_path.sh'
[39.408s] [34mcolcon.colcon_core.environment[0m [1;30mLevel 1[0m checking '/home/a/ws_nhk/install/stm32_mavlink_uart/lib'
[39.408s] [34mcolcon.colcon_core.environment[0m [1;30mLevel 1[0m checking '/home/a/ws_nhk/install/stm32_mavlink_uart/bin'
[39.408s] [34mcolcon.colcon_core.environment[0m [1;30mLevel 1[0m checking '/home/a/ws_nhk/install/stm32_mavlink_uart/lib/pkgconfig/stm32_mavlink_uart.pc'
[39.409s] [34mcolcon.colcon_core.environment[0m [1;30mLevel 1[0m checking '/home/a/ws_nhk/install/stm32_mavlink_uart/lib/python3.10/site-packages'
[39.409s] [34mcolcon.colcon_core.environment[0m [1;30mLevel 1[0m checking '/home/a/ws_nhk/install/stm32_mavlink_uart/bin'
[39.410s] [34mcolcon.colcon_core.shell[0m [1;30mINFO[0m Creating package script '/home/a/ws_nhk/install/stm32_mavlink_uart/share/stm32_mavlink_uart/package.ps1'
[39.411s] [34mcolcon.colcon_core.shell[0m [1;30mINFO[0m Creating package descriptor '/home/a/ws_nhk/install/stm32_mavlink_uart/share/stm32_mavlink_uart/package.dsv'
[39.412s] [34mcolcon.colcon_core.shell[0m [1;30mINFO[0m Creating package script '/home/a/ws_nhk/install/stm32_mavlink_uart/share/stm32_mavlink_uart/package.sh'
[39.412s] [34mcolcon.colcon_core.shell[0m [1;30mINFO[0m Creating package script '/home/a/ws_nhk/install/stm32_mavlink_uart/share/stm32_mavlink_uart/package.bash'
[39.413s] [34mcolcon.colcon_core.shell[0m [1;30mINFO[0m Creating package script '/home/a/ws_nhk/install/stm32_mavlink_uart/share/stm32_mavlink_uart/package.zsh'
[39.414s] [34mcolcon.colcon_core.environment[0m [1;30mLevel 1[0m create_file_with_runtime_dependencies(/home/a/ws_nhk/install/stm32_mavlink_uart/share/colcon-core/packages/stm32_mavlink_uart)
[39.415s] [34mcolcon.colcon_ros.task.ament_python.build[0m [1;30mINFO[0m Building ROS package in '/home/a/ws_nhk/src/MAVLink_ros2/ikeyaMD_wizard' with build type 'ament_python'
[39.415s] [34mcolcon.colcon_core.shell[0m [1;30mLevel 1[0m create_environment_hook('ikeyaMD_wizard', 'ament_prefix_path')
[39.416s] [34mcolcon.colcon_core.shell[0m [1;30mINFO[0m Creating environment hook '/home/a/ws_nhk/install/ikeyaMD_wizard/share/ikeyaMD_wizard/hook/ament_prefix_path.ps1'
[39.417s] [34mcolcon.colcon_core.shell[0m [1;30mINFO[0m Creating environment descriptor '/home/a/ws_nhk/install/ikeyaMD_wizard/share/ikeyaMD_wizard/hook/ament_prefix_path.dsv'
[39.418s] [34mcolcon.colcon_core.shell[0m [1;30mINFO[0m Creating environment hook '/home/a/ws_nhk/install/ikeyaMD_wizard/share/ikeyaMD_wizard/hook/ament_prefix_path.sh'
[39.419s] [34mcolcon.colcon_core.shell[0m [1;30mINFO[0m Skip shell extension 'powershell' for command environment: Not usable outside of PowerShell
[39.419s] [34mcolcon.colcon_core.shell[0m [1;30mDEBUG[0m [32mSkip shell extension 'dsv' for command environment[0m
[40.068s] [34mcolcon.colcon_core.task.python.build[0m [1;30mINFO[0m Building Python package in '/home/a/ws_nhk/src/MAVLink_ros2/ikeyaMD_wizard'
[40.069s] [34mcolcon.colcon_core.shell[0m [1;30mINFO[0m Skip shell extension 'powershell' for command environment: Not usable outside of PowerShell
[40.069s] [34mcolcon.colcon_core.shell[0m [1;30mDEBUG[0m [32mSkip shell extension 'dsv' for command environment[0m
[40.897s] [34mcolcon.colcon_core.event_handler.log_command[0m [1;30mDEBUG[0m [32mInvoking command in '/home/a/ws_nhk/src/MAVLink_ros2/ikeyaMD_wizard': AMENT_PREFIX_PATH=/home/a/ws_nhk/install/stm32_mavlink_uart:/home/a/ws_nhk/install/stm32_mavlink_msgs:${AMENT_PREFIX_PATH} CMAKE_PREFIX_PATH=/home/a/ws_nhk/install/stm32_mavlink_uart:/home/a/ws_nhk/install/stm32_mavlink_msgs:${CMAKE_PREFIX_PATH} LD_LIBRARY_PATH=/home/a/ws_nhk/install/stm32_mavlink_msgs/lib:${LD_LIBRARY_PATH} PYTHONPATH=/home/a/ws_nhk/build/ikeyaMD_wizard/prefix_override:/usr/lib/python3/dist-packages/colcon_core/task/python/colcon_distutils_commands:/home/a/ws_nhk/install/ikeyaMD_wizard/lib/python3.10/site-packages:/home/a/ws_nhk/install/stm32_mavlink_msgs/local/lib/python3.10/dist-packages:${PYTHONPATH} /usr/bin/python3 -W ignore:setup.py install is deprecated -W ignore:easy_install command is deprecated setup.py egg_info --egg-base ../../../build/ikeyaMD_wizard build --build-base /home/a/ws_nhk/build/ikeyaMD_wizard/build install --record /home/a/ws_nhk/build/ikeyaMD_wizard/install.log --single-version-externally-managed install_data[0m
[41.505s] [34mcolcon.colcon_core.environment[0m [1;30mLevel 1[0m checking '/home/a/ws_nhk/install/ikeyaMD_wizard' for CMake module files
[41.507s] [34mcolcon.colcon_core.event_handler.log_command[0m [1;30mDEBUG[0m [32mInvoked command in '/home/a/ws_nhk/src/MAVLink_ros2/ikeyaMD_wizard' returned '0': AMENT_PREFIX_PATH=/home/a/ws_nhk/install/stm32_mavlink_uart:/home/a/ws_nhk/install/stm32_mavlink_msgs:${AMENT_PREFIX_PATH} CMAKE_PREFIX_PATH=/home/a/ws_nhk/install/stm32_mavlink_uart:/home/a/ws_nhk/install/stm32_mavlink_msgs:${CMAKE_PREFIX_PATH} LD_LIBRARY_PATH=/home/a/ws_nhk/install/stm32_mavlink_msgs/lib:${LD_LIBRARY_PATH} PYTHONPATH=/home/a/ws_nhk/build/ikeyaMD_wizard/prefix_override:/usr/lib/python3/dist-packages/colcon_core/task/python/colcon_distutils_commands:/home/a/ws_nhk/install/ikeyaMD_wizard/lib/python3.10/site-packages:/home/a/ws_nhk/install/stm32_mavlink_msgs/local/lib/python3.10/dist-packages:${PYTHONPATH} /usr/bin/python3 -W ignore:setup.py install is deprecated -W ignore:easy_install command is deprecated setup.py egg_info --egg-base ../../../build/ikeyaMD_wizard build --build-base /home/a/ws_nhk/build/ikeyaMD_wizard/build install --record /home/a/ws_nhk/build/ikeyaMD_wizard/install.log --single-version-externally-managed install_data[0m
[41.508s] [34mcolcon.colcon_core.environment[0m [1;30mLevel 1[0m checking '/home/a/ws_nhk/install/ikeyaMD_wizard' for CMake config files
[41.509s] [34mcolcon.colcon_core.environment[0m [1;30mLevel 1[0m checking '/home/a/ws_nhk/install/ikeyaMD_wizard/lib'
[41.509s] [34mcolcon.colcon_core.environment[0m [1;30mLevel 1[0m checking '/home/a/ws_nhk/install/ikeyaMD_wizard/bin'
[41.509s] [34mcolcon.colcon_core.environment[0m [1;30mLevel 1[0m checking '/home/a/ws_nhk/install/ikeyaMD_wizard/lib/pkgconfig/ikeyaMD_wizard.pc'
[41.510s] [34mcolcon.colcon_core.environment[0m [1;30mLevel 1[0m checking '/home/a/ws_nhk/install/ikeyaMD_wizard/lib/python3.10/site-packages'
[41.510s] [34mcolcon.colcon_core.shell[0m [1;30mLevel 1[0m create_environment_hook('ikeyaMD_wizard', 'pythonpath')
[41.511s] [34mcolcon.colcon_core.shell[0m [1;30mINFO[0m Creating environment hook '/home/a/ws_nhk/install/ikeyaMD_wizard/share/ikeyaMD_wizard/hook/pythonpath.ps1'
[41.512s] [34mcolcon.colcon_core.shell[0m [1;30mINFO[0m Creating environment descriptor '/home/a/ws_nhk/install/ikeyaMD_wizard/share/ikeyaMD_wizard/hook/pythonpath.dsv'
[41.513s] [34mcolcon.colcon_core.shell[0m [1;30mINFO[0m Creating environment hook '/home/a/ws_nhk/install/ikeyaMD_wizard/share/ikeyaMD_wizard/hook/pythonpath.sh'
[41.515s] [34mcolcon.colcon_core.environment[0m [1;30mLevel 1[0m checking '/home/a/ws_nhk/install/ikeyaMD_wizard/bin'
[41.515s] [34mcolcon.colcon_core.environment[0m [1;30mLevel 1[0m create_environment_scripts_only(ikeyaMD_wizard)
[41.516s] [34mcolcon.colcon_core.shell[0m [1;30mINFO[0m Creating package script '/home/a/ws_nhk/install/ikeyaMD_wizard/share/ikeyaMD_wizard/package.ps1'
[41.517s] [34mcolcon.colcon_core.shell[0m [1;30mINFO[0m Creating package descriptor '/home/a/ws_nhk/install/ikeyaMD_wizard/share/ikeyaMD_wizard/package.dsv'
[41.518s] [34mcolcon.colcon_core.shell[0m [1;30mINFO[0m Creating package script '/home/a/ws_nhk/install/ikeyaMD_wizard/share/ikeyaMD_wizard/package.sh'
[41.519s] [34mcolcon.colcon_core.shell[0m [1;30mINFO[0m Creating package script '/home/a/ws_nhk/install/ikeyaMD_wizard/share/ikeyaMD_wizard/package.bash'
[41.519s] [34mcolcon.colcon_core.shell[0m [1;30mINFO[0m Creating package script '/home/a/ws_nhk/install/ikeyaMD_wizard/share/ikeyaMD_wizard/package.zsh'
[41.520s] [34mcolcon.colcon_core.environment[0m [1;30mLevel 1[0m create_file_with_runtime_dependencies(/home/a/ws_nhk/install/ikeyaMD_wizard/share/colcon-core/packages/ikeyaMD_wizard)
[46.078s] [34mcolcon.colcon_core.event_handler.log_command[0m [1;30mDEBUG[0m [32mInvoked command in '/home/a/ws_nhk/build/stm32_mavlink_udp' returned '0': AMENT_PREFIX_PATH=/home/a/ws_nhk/install/stm32_mavlink_msgs:${AMENT_PREFIX_PATH} CMAKE_PREFIX_PATH=/home/a/ws_nhk/install/stm32_mavlink_msgs:/home/a/ws_nhk/install/sakai_r2_config:/home/a/ws_nhk/install/moveit_runtime:/home/a/ws_nhk/install/moveit_r2_config:/home/a/ws_nhk/install/moveit_config:/home/a/ws_nhk/install/moveit2_tutorials:/home/a/ws_nhk/install/moveit:/home/a/ws_nhk/install/moveit_planners:/home/a/ws_nhk/install/pilz_industrial_motion_planner:/home/a/ws_nhk/install/moveit_task_constructor_visualization:/home/a/ws_nhk/install/moveit_task_constructor_demo:/home/a/ws_nhk/install/moveit_task_constructor_capabilities:/home/a/ws_nhk/install/moveit_task_constructor_core:/home/a/ws_nhk/install/moveit_setup_assistant:/home/a/ws_nhk/install/moveit_setup_srdf_plugins:/home/a/ws_nhk/install/moveit_setup_core_plugins:/home/a/ws_nhk/install/moveit_setup_controllers:/home/a/ws_nhk/install/moveit_setup_app_plugins:/home/a/ws_nhk/install/moveit_setup_framework:/home/a/ws_nhk/install/moveit_servo:/home/a/ws_nhk/install/moveit_ros:/home/a/ws_nhk/install/moveit_ros_visualization:/home/a/ws_nhk/install/moveit_hybrid_planning:/home/a/ws_nhk/install/moveit_ros_planning_interface:/home/a/ws_nhk/install/moveit_resources_prbt_pg70_support:/home/a/ws_nhk/install/moveit_resources_prbt_moveit_config:/home/a/ws_nhk/install/moveit_ros_move_group:/home/a/ws_nhk/install/moveit_kinematics:/home/a/ws_nhk/install/trac_ik:/home/a/ws_nhk/install/trac_ik_kinematics_plugin:/home/a/ws_nhk/install/trac_ik_lib:/home/a/ws_nhk/install/pilz_industrial_motion_planner_testutils:/home/a/ws_nhk/install/moveit_visual_tools:/home/a/ws_nhk/install/moveit_ros_control_interface:/home/a/ws_nhk/install/moveit_plugins:/home/a/ws_nhk/install/moveit_simple_controller_manager:/home/a/ws_nhk/install/moveit_ros_benchmarks:/home/a/ws_nhk/install/moveit_ros_warehouse:/home/a/ws_nhk/install/moveit_ros_robot_interaction:/home/a/ws_nhk/install/moveit_ros_perception:/home/a/ws_nhk/install/moveit_planners_ompl:/home/a/ws_nhk/install/moveit_ros_planning:/home/a/ws_nhk/install/moveit_ros_occupancy_map_monitor:/home/a/ws_nhk/install/moveit_resources_prbt_ikfast_manipulator_plugin:/home/a/ws_nhk/install/moveit_planners_chomp:/home/a/ws_nhk/install/moveit_chomp_optimizer_adapter:/home/a/ws_nhk/install/chomp_motion_planner:/home/a/ws_nhk/install/moveit_core:/home/a/ws_nhk/install/srdfdom:/home/a/ws_nhk/install/rviz_marker_tools:/home/a/ws_nhk/install/rosparam_shortcuts:/home/a/ws_nhk/install/r2_odrive:/home/a/ws_nhk/install/rogidrive_msg:/home/a/ws_nhk/install/nhk_bt:/home/a/ws_nhk/install/moveit_task_constructor_msgs:/home/a/ws_nhk/install/moveit_resources_prbt_support:/home/a/ws_nhk/install/moveit_resources:/home/a/ws_nhk/install/moveit_resources_pr2_description:/home/a/ws_nhk/install/moveit_resources_panda_moveit_config:/home/a/ws_nhk/install/moveit_resources_panda_description:/home/a/ws_nhk/install/moveit_resources_fanuc_moveit_config:/home/a/ws_nhk/install/moveit_resources_fanuc_description:/home/a/ws_nhk/install/moveit_common:/home/a/ws_nhk/install/dynamixel_sdk_examples:/home/a/ws_nhk/install/dynamixel_sdk_custom_interfaces:/home/a/ws_nhk/install/dynamixel_controller:/home/a/ws_nhk/install/dynamixel_sdk:/home/a/ws_nhk/install/arm_v20_description:/home/a/ws_nhk/install/arm_module_description:/home/a/ws_nhk/install/a_r2_description:/home/a/install/field_description_test:/home/a/ws_nhk/install/moveit_configs_utils:/home/a/ws_nhk/install/rogidrive:/home/a/ws_nhk/install/launch_param_builder:/home/a/ws_nhk/install/dynamixel_controller_gui:/home/a/ws_nhk/install/dynamixel_controller_client:/opt/ros/humble LD_LIBRARY_PATH=/home/a/ws_nhk/install/stm32_mavlink_msgs/lib:${LD_LIBRARY_PATH} PYTHONPATH=/home/a/ws_nhk/install/stm32_mavlink_msgs/local/lib/python3.10/dist-packages:${PYTHONPATH} /usr/bin/cmake --build /home/a/ws_nhk/build/stm32_mavlink_udp -- -j22 -l22[0m
[46.079s] [34mcolcon.colcon_core.event_handler.log_command[0m [1;30mDEBUG[0m [32mInvoking command in '/home/a/ws_nhk/build/stm32_mavlink_udp': AMENT_PREFIX_PATH=/home/a/ws_nhk/install/stm32_mavlink_msgs:${AMENT_PREFIX_PATH} CMAKE_PREFIX_PATH=/home/a/ws_nhk/install/stm32_mavlink_msgs:/home/a/ws_nhk/install/sakai_r2_config:/home/a/ws_nhk/install/moveit_runtime:/home/a/ws_nhk/install/moveit_r2_config:/home/a/ws_nhk/install/moveit_config:/home/a/ws_nhk/install/moveit2_tutorials:/home/a/ws_nhk/install/moveit:/home/a/ws_nhk/install/moveit_planners:/home/a/ws_nhk/install/pilz_industrial_motion_planner:/home/a/ws_nhk/install/moveit_task_constructor_visualization:/home/a/ws_nhk/install/moveit_task_constructor_demo:/home/a/ws_nhk/install/moveit_task_constructor_capabilities:/home/a/ws_nhk/install/moveit_task_constructor_core:/home/a/ws_nhk/install/moveit_setup_assistant:/home/a/ws_nhk/install/moveit_setup_srdf_plugins:/home/a/ws_nhk/install/moveit_setup_core_plugins:/home/a/ws_nhk/install/moveit_setup_controllers:/home/a/ws_nhk/install/moveit_setup_app_plugins:/home/a/ws_nhk/install/moveit_setup_framework:/home/a/ws_nhk/install/moveit_servo:/home/a/ws_nhk/install/moveit_ros:/home/a/ws_nhk/install/moveit_ros_visualization:/home/a/ws_nhk/install/moveit_hybrid_planning:/home/a/ws_nhk/install/moveit_ros_planning_interface:/home/a/ws_nhk/install/moveit_resources_prbt_pg70_support:/home/a/ws_nhk/install/moveit_resources_prbt_moveit_config:/home/a/ws_nhk/install/moveit_ros_move_group:/home/a/ws_nhk/install/moveit_kinematics:/home/a/ws_nhk/install/trac_ik:/home/a/ws_nhk/install/trac_ik_kinematics_plugin:/home/a/ws_nhk/install/trac_ik_lib:/home/a/ws_nhk/install/pilz_industrial_motion_planner_testutils:/home/a/ws_nhk/install/moveit_visual_tools:/home/a/ws_nhk/install/moveit_ros_control_interface:/home/a/ws_nhk/install/moveit_plugins:/home/a/ws_nhk/install/moveit_simple_controller_manager:/home/a/ws_nhk/install/moveit_ros_benchmarks:/home/a/ws_nhk/install/moveit_ros_warehouse:/home/a/ws_nhk/install/moveit_ros_robot_interaction:/home/a/ws_nhk/install/moveit_ros_perception:/home/a/ws_nhk/install/moveit_planners_ompl:/home/a/ws_nhk/install/moveit_ros_planning:/home/a/ws_nhk/install/moveit_ros_occupancy_map_monitor:/home/a/ws_nhk/install/moveit_resources_prbt_ikfast_manipulator_plugin:/home/a/ws_nhk/install/moveit_planners_chomp:/home/a/ws_nhk/install/moveit_chomp_optimizer_adapter:/home/a/ws_nhk/install/chomp_motion_planner:/home/a/ws_nhk/install/moveit_core:/home/a/ws_nhk/install/srdfdom:/home/a/ws_nhk/install/rviz_marker_tools:/home/a/ws_nhk/install/rosparam_shortcuts:/home/a/ws_nhk/install/r2_odrive:/home/a/ws_nhk/install/rogidrive_msg:/home/a/ws_nhk/install/nhk_bt:/home/a/ws_nhk/install/moveit_task_constructor_msgs:/home/a/ws_nhk/install/moveit_resources_prbt_support:/home/a/ws_nhk/install/moveit_resources:/home/a/ws_nhk/install/moveit_resources_pr2_description:/home/a/ws_nhk/install/moveit_resources_panda_moveit_config:/home/a/ws_nhk/install/moveit_resources_panda_description:/home/a/ws_nhk/install/moveit_resources_fanuc_moveit_config:/home/a/ws_nhk/install/moveit_resources_fanuc_description:/home/a/ws_nhk/install/moveit_common:/home/a/ws_nhk/install/dynamixel_sdk_examples:/home/a/ws_nhk/install/dynamixel_sdk_custom_interfaces:/home/a/ws_nhk/install/dynamixel_controller:/home/a/ws_nhk/install/dynamixel_sdk:/home/a/ws_nhk/install/arm_v20_description:/home/a/ws_nhk/install/arm_module_description:/home/a/ws_nhk/install/a_r2_description:/home/a/install/field_description_test:/home/a/ws_nhk/install/moveit_configs_utils:/home/a/ws_nhk/install/rogidrive:/home/a/ws_nhk/install/launch_param_builder:/home/a/ws_nhk/install/dynamixel_controller_gui:/home/a/ws_nhk/install/dynamixel_controller_client:/opt/ros/humble LD_LIBRARY_PATH=/home/a/ws_nhk/install/stm32_mavlink_msgs/lib:${LD_LIBRARY_PATH} PYTHONPATH=/home/a/ws_nhk/install/stm32_mavlink_msgs/local/lib/python3.10/dist-packages:${PYTHONPATH} /usr/bin/cmake --install /home/a/ws_nhk/build/stm32_mavlink_udp[0m
[46.105s] [34mcolcon.colcon_core.environment[0m [1;30mLevel 1[0m create_environment_scripts_only(stm32_mavlink_udp)
[46.105s] [34mcolcon.colcon_core.event_handler.log_command[0m [1;30mDEBUG[0m [32mInvoked command in '/home/a/ws_nhk/build/stm32_mavlink_udp' returned '0': AMENT_PREFIX_PATH=/home/a/ws_nhk/install/stm32_mavlink_msgs:${AMENT_PREFIX_PATH} CMAKE_PREFIX_PATH=/home/a/ws_nhk/install/stm32_mavlink_msgs:/home/a/ws_nhk/install/sakai_r2_config:/home/a/ws_nhk/install/moveit_runtime:/home/a/ws_nhk/install/moveit_r2_config:/home/a/ws_nhk/install/moveit_config:/home/a/ws_nhk/install/moveit2_tutorials:/home/a/ws_nhk/install/moveit:/home/a/ws_nhk/install/moveit_planners:/home/a/ws_nhk/install/pilz_industrial_motion_planner:/home/a/ws_nhk/install/moveit_task_constructor_visualization:/home/a/ws_nhk/install/moveit_task_constructor_demo:/home/a/ws_nhk/install/moveit_task_constructor_capabilities:/home/a/ws_nhk/install/moveit_task_constructor_core:/home/a/ws_nhk/install/moveit_setup_assistant:/home/a/ws_nhk/install/moveit_setup_srdf_plugins:/home/a/ws_nhk/install/moveit_setup_core_plugins:/home/a/ws_nhk/install/moveit_setup_controllers:/home/a/ws_nhk/install/moveit_setup_app_plugins:/home/a/ws_nhk/install/moveit_setup_framework:/home/a/ws_nhk/install/moveit_servo:/home/a/ws_nhk/install/moveit_ros:/home/a/ws_nhk/install/moveit_ros_visualization:/home/a/ws_nhk/install/moveit_hybrid_planning:/home/a/ws_nhk/install/moveit_ros_planning_interface:/home/a/ws_nhk/install/moveit_resources_prbt_pg70_support:/home/a/ws_nhk/install/moveit_resources_prbt_moveit_config:/home/a/ws_nhk/install/moveit_ros_move_group:/home/a/ws_nhk/install/moveit_kinematics:/home/a/ws_nhk/install/trac_ik:/home/a/ws_nhk/install/trac_ik_kinematics_plugin:/home/a/ws_nhk/install/trac_ik_lib:/home/a/ws_nhk/install/pilz_industrial_motion_planner_testutils:/home/a/ws_nhk/install/moveit_visual_tools:/home/a/ws_nhk/install/moveit_ros_control_interface:/home/a/ws_nhk/install/moveit_plugins:/home/a/ws_nhk/install/moveit_simple_controller_manager:/home/a/ws_nhk/install/moveit_ros_benchmarks:/home/a/ws_nhk/install/moveit_ros_warehouse:/home/a/ws_nhk/install/moveit_ros_robot_interaction:/home/a/ws_nhk/install/moveit_ros_perception:/home/a/ws_nhk/install/moveit_planners_ompl:/home/a/ws_nhk/install/moveit_ros_planning:/home/a/ws_nhk/install/moveit_ros_occupancy_map_monitor:/home/a/ws_nhk/install/moveit_resources_prbt_ikfast_manipulator_plugin:/home/a/ws_nhk/install/moveit_planners_chomp:/home/a/ws_nhk/install/moveit_chomp_optimizer_adapter:/home/a/ws_nhk/install/chomp_motion_planner:/home/a/ws_nhk/install/moveit_core:/home/a/ws_nhk/install/srdfdom:/home/a/ws_nhk/install/rviz_marker_tools:/home/a/ws_nhk/install/rosparam_shortcuts:/home/a/ws_nhk/install/r2_odrive:/home/a/ws_nhk/install/rogidrive_msg:/home/a/ws_nhk/install/nhk_bt:/home/a/ws_nhk/install/moveit_task_constructor_msgs:/home/a/ws_nhk/install/moveit_resources_prbt_support:/home/a/ws_nhk/install/moveit_resources:/home/a/ws_nhk/install/moveit_resources_pr2_description:/home/a/ws_nhk/install/moveit_resources_panda_moveit_config:/home/a/ws_nhk/install/moveit_resources_panda_description:/home/a/ws_nhk/install/moveit_resources_fanuc_moveit_config:/home/a/ws_nhk/install/moveit_resources_fanuc_description:/home/a/ws_nhk/install/moveit_common:/home/a/ws_nhk/install/dynamixel_sdk_examples:/home/a/ws_nhk/install/dynamixel_sdk_custom_interfaces:/home/a/ws_nhk/install/dynamixel_controller:/home/a/ws_nhk/install/dynamixel_sdk:/home/a/ws_nhk/install/arm_v20_description:/home/a/ws_nhk/install/arm_module_description:/home/a/ws_nhk/install/a_r2_description:/home/a/install/field_description_test:/home/a/ws_nhk/install/moveit_configs_utils:/home/a/ws_nhk/install/rogidrive:/home/a/ws_nhk/install/launch_param_builder:/home/a/ws_nhk/install/dynamixel_controller_gui:/home/a/ws_nhk/install/dynamixel_controller_client:/opt/ros/humble LD_LIBRARY_PATH=/home/a/ws_nhk/install/stm32_mavlink_msgs/lib:${LD_LIBRARY_PATH} PYTHONPATH=/home/a/ws_nhk/install/stm32_mavlink_msgs/local/lib/python3.10/dist-packages:${PYTHONPATH} /usr/bin/cmake --install /home/a/ws_nhk/build/stm32_mavlink_udp[0m
[46.106s] [34mcolcon.colcon_core.environment[0m [1;30mLevel 1[0m checking '/home/a/ws_nhk/install/stm32_mavlink_udp' for CMake module files
[46.106s] [34mcolcon.colcon_core.environment[0m [1;30mLevel 1[0m checking '/home/a/ws_nhk/install/stm32_mavlink_udp' for CMake config files
[46.106s] [34mcolcon.colcon_core.shell[0m [1;30mLevel 1[0m create_environment_hook('stm32_mavlink_udp', 'cmake_prefix_path')
[46.107s] [34mcolcon.colcon_core.shell[0m [1;30mINFO[0m Creating environment hook '/home/a/ws_nhk/install/stm32_mavlink_udp/share/stm32_mavlink_udp/hook/cmake_prefix_path.ps1'
[46.107s] [34mcolcon.colcon_core.shell[0m [1;30mINFO[0m Creating environment descriptor '/home/a/ws_nhk/install/stm32_mavlink_udp/share/stm32_mavlink_udp/hook/cmake_prefix_path.dsv'
[46.108s] [34mcolcon.colcon_core.shell[0m [1;30mINFO[0m Creating environment hook '/home/a/ws_nhk/install/stm32_mavlink_udp/share/stm32_mavlink_udp/hook/cmake_prefix_path.sh'
[46.108s] [34mcolcon.colcon_core.environment[0m [1;30mLevel 1[0m checking '/home/a/ws_nhk/install/stm32_mavlink_udp/lib'
[46.108s] [34mcolcon.colcon_core.environment[0m [1;30mLevel 1[0m checking '/home/a/ws_nhk/install/stm32_mavlink_udp/bin'
[46.108s] [34mcolcon.colcon_core.environment[0m [1;30mLevel 1[0m checking '/home/a/ws_nhk/install/stm32_mavlink_udp/lib/pkgconfig/stm32_mavlink_udp.pc'
[46.108s] [34mcolcon.colcon_core.environment[0m [1;30mLevel 1[0m checking '/home/a/ws_nhk/install/stm32_mavlink_udp/lib/python3.10/site-packages'
[46.109s] [34mcolcon.colcon_core.environment[0m [1;30mLevel 1[0m checking '/home/a/ws_nhk/install/stm32_mavlink_udp/bin'
[46.109s] [34mcolcon.colcon_core.shell[0m [1;30mINFO[0m Creating package script '/home/a/ws_nhk/install/stm32_mavlink_udp/share/stm32_mavlink_udp/package.ps1'
[46.110s] [34mcolcon.colcon_core.shell[0m [1;30mINFO[0m Creating package descriptor '/home/a/ws_nhk/install/stm32_mavlink_udp/share/stm32_mavlink_udp/package.dsv'
[46.110s] [34mcolcon.colcon_core.shell[0m [1;30mINFO[0m Creating package script '/home/a/ws_nhk/install/stm32_mavlink_udp/share/stm32_mavlink_udp/package.sh'
[46.110s] [34mcolcon.colcon_core.shell[0m [1;30mINFO[0m Creating package script '/home/a/ws_nhk/install/stm32_mavlink_udp/share/stm32_mavlink_udp/package.bash'
[46.111s] [34mcolcon.colcon_core.shell[0m [1;30mINFO[0m Creating package script '/home/a/ws_nhk/install/stm32_mavlink_udp/share/stm32_mavlink_udp/package.zsh'
[46.111s] [34mcolcon.colcon_core.environment[0m [1;30mLevel 1[0m create_file_with_runtime_dependencies(/home/a/ws_nhk/install/stm32_mavlink_udp/share/colcon-core/packages/stm32_mavlink_udp)
[46.111s] [34mcolcon.colcon_core.environment[0m [1;30mLevel 1[0m create_environment_scripts_only(stm32_mavlink_udp)
[46.112s] [34mcolcon.colcon_core.environment[0m [1;30mLevel 1[0m checking '/home/a/ws_nhk/install/stm32_mavlink_udp' for CMake module files
[46.112s] [34mcolcon.colcon_core.environment[0m [1;30mLevel 1[0m checking '/home/a/ws_nhk/install/stm32_mavlink_udp' for CMake config files
[46.112s] [34mcolcon.colcon_core.shell[0m [1;30mLevel 1[0m create_environment_hook('stm32_mavlink_udp', 'cmake_prefix_path')
[46.112s] [34mcolcon.colcon_core.shell[0m [1;30mINFO[0m Creating environment hook '/home/a/ws_nhk/install/stm32_mavlink_udp/share/stm32_mavlink_udp/hook/cmake_prefix_path.ps1'
[46.113s] [34mcolcon.colcon_core.shell[0m [1;30mINFO[0m Creating environment descriptor '/home/a/ws_nhk/install/stm32_mavlink_udp/share/stm32_mavlink_udp/hook/cmake_prefix_path.dsv'
[46.113s] [34mcolcon.colcon_core.shell[0m [1;30mINFO[0m Creating environment hook '/home/a/ws_nhk/install/stm32_mavlink_udp/share/stm32_mavlink_udp/hook/cmake_prefix_path.sh'
[46.114s] [34mcolcon.colcon_core.environment[0m [1;30mLevel 1[0m checking '/home/a/ws_nhk/install/stm32_mavlink_udp/lib'
[46.114s] [34mcolcon.colcon_core.environment[0m [1;30mLevel 1[0m checking '/home/a/ws_nhk/install/stm32_mavlink_udp/bin'
[46.114s] [34mcolcon.colcon_core.environment[0m [1;30mLevel 1[0m checking '/home/a/ws_nhk/install/stm32_mavlink_udp/lib/pkgconfig/stm32_mavlink_udp.pc'
[46.114s] [34mcolcon.colcon_core.environment[0m [1;30mLevel 1[0m checking '/home/a/ws_nhk/install/stm32_mavlink_udp/lib/python3.10/site-packages'
[46.114s] [34mcolcon.colcon_core.environment[0m [1;30mLevel 1[0m checking '/home/a/ws_nhk/install/stm32_mavlink_udp/bin'
[46.115s] [34mcolcon.colcon_core.shell[0m [1;30mINFO[0m Creating package script '/home/a/ws_nhk/install/stm32_mavlink_udp/share/stm32_mavlink_udp/package.ps1'
[46.115s] [34mcolcon.colcon_core.shell[0m [1;30mINFO[0m Creating package descriptor '/home/a/ws_nhk/install/stm32_mavlink_udp/share/stm32_mavlink_udp/package.dsv'
[46.116s] [34mcolcon.colcon_core.shell[0m [1;30mINFO[0m Creating package script '/home/a/ws_nhk/install/stm32_mavlink_udp/share/stm32_mavlink_udp/package.sh'
[46.116s] [34mcolcon.colcon_core.shell[0m [1;30mINFO[0m Creating package script '/home/a/ws_nhk/install/stm32_mavlink_udp/share/stm32_mavlink_udp/package.bash'
[46.117s] [34mcolcon.colcon_core.shell[0m [1;30mINFO[0m Creating package script '/home/a/ws_nhk/install/stm32_mavlink_udp/share/stm32_mavlink_udp/package.zsh'
[46.117s] [34mcolcon.colcon_core.environment[0m [1;30mLevel 1[0m create_file_with_runtime_dependencies(/home/a/ws_nhk/install/stm32_mavlink_udp/share/colcon-core/packages/stm32_mavlink_udp)
[46.117s] [34mcolcon.colcon_parallel_executor.executor.parallel[0m [1;30mDEBUG[0m [32mclosing loop[0m
[46.118s] [34mcolcon.colcon_parallel_executor.executor.parallel[0m [1;30mDEBUG[0m [32mloop closed[0m
[46.118s] [34mcolcon.colcon_parallel_executor.executor.parallel[0m [1;30mDEBUG[0m [32mrun_until_complete finished with '0'[0m
[46.118s] [34mcolcon.colcon_core.event_reactor[0m [1;30mDEBUG[0m [32mjoining thread[0m
[46.127s] [34mcolcon.colcon_core.plugin_system[0m [1;30mINFO[0m Skipping extension 'colcon_notification.desktop_notification.terminal_notifier': Not used on non-Darwin systems
[46.127s] [34mcolcon.colcon_core.plugin_system[0m [1;30mINFO[0m Skipping extension 'colcon_notification.desktop_notification.win32': Not used on non-Windows systems
[46.127s] [34mcolcon.colcon_notification.desktop_notification[0m [1;30mINFO[0m Sending desktop notification using 'notify2'
[46.143s] [34mcolcon.colcon_core.event_reactor[0m [1;30mDEBUG[0m [32mjoined thread[0m
[46.143s] [34mcolcon.colcon_core.shell[0m [1;30mINFO[0m Creating prefix script '/home/a/ws_nhk/install/local_setup.ps1'
[46.144s] [34mcolcon.colcon_core.shell[0m [1;30mINFO[0m Creating prefix util module '/home/a/ws_nhk/install/_local_setup_util_ps1.py'
[46.145s] [34mcolcon.colcon_core.shell[0m [1;30mINFO[0m Creating prefix chain script '/home/a/ws_nhk/install/setup.ps1'
[46.148s] [34mcolcon.colcon_core.shell[0m [1;30mINFO[0m Creating prefix script '/home/a/ws_nhk/install/local_setup.sh'
[46.149s] [34mcolcon.colcon_core.shell[0m [1;30mINFO[0m Creating prefix util module '/home/a/ws_nhk/install/_local_setup_util_sh.py'
[46.149s] [34mcolcon.colcon_core.shell[0m [1;30mINFO[0m Creating prefix chain script '/home/a/ws_nhk/install/setup.sh'
[46.152s] [34mcolcon.colcon_core.shell[0m [1;30mINFO[0m Creating prefix script '/home/a/ws_nhk/install/local_setup.bash'
[46.152s] [34mcolcon.colcon_core.shell[0m [1;30mINFO[0m Creating prefix chain script '/home/a/ws_nhk/install/setup.bash'
[46.154s] [34mcolcon.colcon_core.shell[0m [1;30mINFO[0m Creating prefix script '/home/a/ws_nhk/install/local_setup.zsh'
[46.155s] [34mcolcon.colcon_core.shell[0m [1;30mINFO[0m Creating prefix chain script '/home/a/ws_nhk/install/setup.zsh'
