[0.000000] (-) TimerEvent: {}
[0.000470] (-) JobUnselected: {'identifier': 'a_r2_description'}
[0.000562] (-) JobUnselected: {'identifier': 'arm_module_description'}
[0.000600] (-) JobUnselected: {'identifier': 'arm_v20_description'}
[0.000619] (-) JobUnselected: {'identifier': 'chomp_motion_planner'}
[0.000685] (-) JobUnselected: {'identifier': 'dynamixel_controller'}
[0.000711] (-) JobUnselected: {'identifier': 'dynamixel_controller_client'}
[0.000767] (-) JobUnselected: {'identifier': 'dynamixel_controller_gui'}
[0.000784] (-) JobUnselected: {'identifier': 'dynamixel_sdk'}
[0.000855] (-) JobUnselected: {'identifier': 'dynamixel_sdk_custom_interfaces'}
[0.000874] (-) JobUnselected: {'identifier': 'dynamixel_sdk_examples'}
[0.000890] (-) JobUnselected: {'identifier': 'launch_param_builder'}
[0.000906] (-) JobUnselected: {'identifier': 'mavlink_wizard'}
[0.000921] (-) JobUnselected: {'identifier': 'moveit'}
[0.000937] (-) JobUnselected: {'identifier': 'moveit2_tutorials'}
[0.000952] (-) JobUnselected: {'identifier': 'moveit_chomp_optimizer_adapter'}
[0.000972] (-) JobUnselected: {'identifier': 'moveit_common'}
[0.000988] (-) JobUnselected: {'identifier': 'moveit_config'}
[0.001002] (-) JobUnselected: {'identifier': 'moveit_configs_utils'}
[0.001017] (-) JobUnselected: {'identifier': 'moveit_core'}
[0.001033] (-) JobUnselected: {'identifier': 'moveit_hybrid_planning'}
[0.001048] (-) JobUnselected: {'identifier': 'moveit_kinematics'}
[0.001063] (-) JobUnselected: {'identifier': 'moveit_planners'}
[0.001079] (-) JobUnselected: {'identifier': 'moveit_planners_chomp'}
[0.001094] (-) JobUnselected: {'identifier': 'moveit_planners_ompl'}
[0.001109] (-) JobUnselected: {'identifier': 'moveit_plugins'}
[0.001126] (-) JobUnselected: {'identifier': 'moveit_r2_config'}
[0.001141] (-) JobUnselected: {'identifier': 'moveit_resources'}
[0.001157] (-) JobUnselected: {'identifier': 'moveit_resources_fanuc_description'}
[0.001173] (-) JobUnselected: {'identifier': 'moveit_resources_fanuc_moveit_config'}
[0.001188] (-) JobUnselected: {'identifier': 'moveit_resources_panda_description'}
[0.001204] (-) JobUnselected: {'identifier': 'moveit_resources_panda_moveit_config'}
[0.001219] (-) JobUnselected: {'identifier': 'moveit_resources_pr2_description'}
[0.001235] (-) JobUnselected: {'identifier': 'moveit_resources_prbt_ikfast_manipulator_plugin'}
[0.001249] (-) JobUnselected: {'identifier': 'moveit_resources_prbt_moveit_config'}
[0.001264] (-) JobUnselected: {'identifier': 'moveit_resources_prbt_pg70_support'}
[0.001279] (-) JobUnselected: {'identifier': 'moveit_resources_prbt_support'}
[0.001296] (-) JobUnselected: {'identifier': 'moveit_ros'}
[0.001312] (-) JobUnselected: {'identifier': 'moveit_ros_benchmarks'}
[0.001330] (-) JobUnselected: {'identifier': 'moveit_ros_control_interface'}
[0.001346] (-) JobUnselected: {'identifier': 'moveit_ros_move_group'}
[0.001362] (-) JobUnselected: {'identifier': 'moveit_ros_occupancy_map_monitor'}
[0.001379] (-) JobUnselected: {'identifier': 'moveit_ros_perception'}
[0.001395] (-) JobUnselected: {'identifier': 'moveit_ros_planning'}
[0.001411] (-) JobUnselected: {'identifier': 'moveit_ros_planning_interface'}
[0.001428] (-) JobUnselected: {'identifier': 'moveit_ros_robot_interaction'}
[0.001444] (-) JobUnselected: {'identifier': 'moveit_ros_visualization'}
[0.001460] (-) JobUnselected: {'identifier': 'moveit_ros_warehouse'}
[0.001476] (-) JobUnselected: {'identifier': 'moveit_runtime'}
[0.001493] (-) JobUnselected: {'identifier': 'moveit_servo'}
[0.001509] (-) JobUnselected: {'identifier': 'moveit_setup_app_plugins'}
[0.001526] (-) JobUnselected: {'identifier': 'moveit_setup_assistant'}
[0.001542] (-) JobUnselected: {'identifier': 'moveit_setup_controllers'}
[0.001558] (-) JobUnselected: {'identifier': 'moveit_setup_core_plugins'}
[0.001575] (-) JobUnselected: {'identifier': 'moveit_setup_framework'}
[0.001591] (-) JobUnselected: {'identifier': 'moveit_setup_srdf_plugins'}
[0.001607] (-) JobUnselected: {'identifier': 'moveit_simple_controller_manager'}
[0.001623] (-) JobUnselected: {'identifier': 'moveit_task_constructor_capabilities'}
[0.001651] (-) JobUnselected: {'identifier': 'moveit_task_constructor_core'}
[0.001668] (-) JobUnselected: {'identifier': 'moveit_task_constructor_demo'}
[0.001684] (-) JobUnselected: {'identifier': 'moveit_task_constructor_msgs'}
[0.001701] (-) JobUnselected: {'identifier': 'moveit_task_constructor_visualization'}
[0.001717] (-) JobUnselected: {'identifier': 'moveit_visual_tools'}
[0.001734] (-) JobUnselected: {'identifier': 'nhk_bt'}
[0.001749] (-) JobUnselected: {'identifier': 'pilz_industrial_motion_planner'}
[0.001766] (-) JobUnselected: {'identifier': 'pilz_industrial_motion_planner_testutils'}
[0.001782] (-) JobUnselected: {'identifier': 'r2_odrive'}
[0.001803] (-) JobUnselected: {'identifier': 'rogidrive'}
[0.001819] (-) JobUnselected: {'identifier': 'rogidrive_msg'}
[0.001835] (-) JobUnselected: {'identifier': 'rosparam_shortcuts'}
[0.001851] (-) JobUnselected: {'identifier': 'rs485_interface2'}
[0.001868] (-) JobUnselected: {'identifier': 'rs485_motor_interface'}
[0.001884] (-) JobUnselected: {'identifier': 'rviz_marker_tools'}
[0.001901] (-) JobUnselected: {'identifier': 'sakai_r2_config'}
[0.001918] (-) JobUnselected: {'identifier': 'srdfdom'}
[0.001933] (-) JobUnselected: {'identifier': 'stm32_mavlink_uart'}
[0.001949] (-) JobUnselected: {'identifier': 'trac_ik'}
[0.001964] (-) JobUnselected: {'identifier': 'trac_ik_kinematics_plugin'}
[0.001988] (-) JobUnselected: {'identifier': 'trac_ik_lib'}
[0.002008] (stm32_mavlink_msgs) JobQueued: {'identifier': 'stm32_mavlink_msgs', 'dependencies': OrderedDict()}
[0.002029] (stm32_mavlink_udp) JobQueued: {'identifier': 'stm32_mavlink_udp', 'dependencies': OrderedDict([('stm32_mavlink_msgs', '/home/a/ws_nhk/install/stm32_mavlink_msgs')])}
[0.002050] (ikeyaMD_wizard) JobQueued: {'identifier': 'ikeyaMD_wizard', 'dependencies': OrderedDict([('stm32_mavlink_msgs', '/home/a/ws_nhk/install/stm32_mavlink_msgs'), ('stm32_mavlink_uart', '/home/a/ws_nhk/install/stm32_mavlink_uart')])}
[0.002071] (stm32_mavlink_msgs) JobStarted: {'identifier': 'stm32_mavlink_msgs'}
[0.014373] (stm32_mavlink_msgs) JobProgress: {'identifier': 'stm32_mavlink_msgs', 'progress': 'cmake'}
[0.015120] (stm32_mavlink_msgs) JobProgress: {'identifier': 'stm32_mavlink_msgs', 'progress': 'build'}
[0.016028] (stm32_mavlink_msgs) Command: {'cmd': ['/usr/bin/cmake', '--build', '/home/a/ws_nhk/build/stm32_mavlink_msgs', '--', '-j22', '-l22'], 'cwd': '/home/a/ws_nhk/build/stm32_mavlink_msgs', 'env': OrderedDict([('GJS_DEBUG_TOPICS', 'JS ERROR;JS LOG'), ('LESSOPEN', '| /usr/bin/lesspipe %s'), ('USER', 'a'), ('XDG_SESSION_TYPE', 'wayland'), ('SHLVL', '1'), ('LD_LIBRARY_PATH', '/home/a/ws_nhk/install/pilz_industrial_motion_planner/lib:/home/a/ws_nhk/install/moveit_task_constructor_visualization/lib:/home/a/ws_nhk/install/moveit_task_constructor_demo/lib:/home/a/ws_nhk/install/moveit_task_constructor_capabilities/lib:/home/a/ws_nhk/install/moveit_task_constructor_core/lib:/home/a/ws_nhk/install/moveit_setup_assistant/lib:/home/a/ws_nhk/install/moveit_setup_srdf_plugins/lib:/home/a/ws_nhk/install/moveit_setup_core_plugins/lib:/home/a/ws_nhk/install/moveit_setup_controllers/lib:/home/a/ws_nhk/install/moveit_setup_app_plugins/lib:/home/a/ws_nhk/install/moveit_setup_framework/lib:/home/a/ws_nhk/install/moveit_servo/lib:/home/a/ws_nhk/install/moveit_ros_visualization/lib:/home/a/ws_nhk/install/moveit_hybrid_planning/lib:/home/a/ws_nhk/install/moveit_ros_planning_interface/lib:/home/a/ws_nhk/install/moveit_ros_move_group/lib:/home/a/ws_nhk/install/moveit_kinematics/lib:/home/a/ws_nhk/install/trac_ik_kinematics_plugin/lib:/home/a/ws_nhk/install/trac_ik_lib/lib:/home/a/ws_nhk/install/pilz_industrial_motion_planner_testutils/lib:/home/a/ws_nhk/install/moveit_visual_tools/lib:/home/a/ws_nhk/install/moveit_ros_control_interface/lib:/home/a/ws_nhk/install/moveit_simple_controller_manager/lib:/home/a/ws_nhk/install/moveit_ros_benchmarks/lib:/home/a/ws_nhk/install/moveit_ros_warehouse/lib:/home/a/ws_nhk/install/moveit_ros_robot_interaction/lib:/home/a/ws_nhk/install/moveit_ros_perception/lib:/home/a/ws_nhk/install/moveit_planners_ompl/lib:/home/a/ws_nhk/install/moveit_ros_planning/lib:/home/a/ws_nhk/install/moveit_ros_occupancy_map_monitor/lib:/home/a/ws_nhk/install/moveit_resources_prbt_ikfast_manipulator_plugin/lib:/home/a/ws_nhk/install/moveit_planners_chomp/lib:/home/a/ws_nhk/install/moveit_chomp_optimizer_adapter/lib:/home/a/ws_nhk/install/chomp_motion_planner/lib:/home/a/ws_nhk/install/moveit_core/lib:/home/a/ws_nhk/install/srdfdom/lib:/home/a/ws_nhk/install/rviz_marker_tools/lib:/home/a/ws_nhk/install/rosparam_shortcuts/lib:/home/a/ws_nhk/install/rogidrive_msg/lib:/home/a/ws_nhk/install/moveit_task_constructor_msgs/lib:/home/a/ws_nhk/install/dynamixel_sdk_custom_interfaces/lib:/home/a/ws_nhk/install/dynamixel_controller/lib:/home/a/ws_nhk/install/dynamixel_sdk/lib:/usr/local/lib:/usr/lib/x86_64-linux-gnu/gazebo-11/plugins:/opt/ros/humble/opt/rviz_ogre_vendor/lib:/opt/ros/humble/lib/x86_64-linux-gnu:/opt/ros/humble/lib'), ('HOME', '/home/a'), ('OLDPWD', '/home/a/ws_nhk/src'), ('DESKTOP_SESSION', 'ubuntu'), ('NVM_BIN', '/home/a/.nvm/versions/node/v22.18.0/bin'), ('NVM_INC', '/home/a/.nvm/versions/node/v22.18.0/include/node'), ('GIO_LAUNCHED_DESKTOP_FILE', '/usr/share/applications/terminator.desktop'), ('ROS_PYTHON_VERSION', '3'), ('GNOME_SHELL_SESSION_MODE', 'ubuntu'), ('GTK_MODULES', 'gail:atk-bridge'), ('MANAGERPID', '1496'), ('SYSTEMD_EXEC_PID', '2032'), ('DBUS_SESSION_BUS_ADDRESS', 'unix:path=/run/user/1000/bus'), ('COLORTERM', 'truecolor'), ('TERMINATOR_DBUS_NAME', 'net.tenshu.Terminator25ef4b219e3b005583550f2b0f9f990c3'), ('GIO_LAUNCHED_DESKTOP_FILE_PID', '8228'), ('NVM_DIR', '/home/a/.nvm'), ('IM_CONFIG_PHASE', '1'), ('WAYLAND_DISPLAY', 'wayland-0'), ('COLCON_PREFIX_PATH', '/home/a/ws_nhk/install:/home/a/install'), ('ROS_DISTRO', 'humble'), ('LOGNAME', 'a'), ('JOURNAL_STREAM', '8:25987'), ('_', '/usr/bin/colcon'), ('ROS_VERSION', '2'), ('XDG_SESSION_CLASS', 'user'), ('USERNAME', 'a'), ('TERM', 'xterm-256color'), ('GNOME_DESKTOP_SESSION_ID', 'this-is-deprecated'), ('ROS_LOCALHOST_ONLY', '0'), ('PATH', '/home/a/ws_nhk/install/moveit_core/bin:/home/a/.nvm/versions/node/v22.18.0/bin:/opt/ros/humble/bin:/home/a/.local/bin:/usr/local/sbin:/usr/local/bin:/usr/sbin:/usr/bin:/sbin:/bin:/usr/games:/usr/local/games:/snap/bin:/snap/bin'), ('SESSION_MANAGER', 'local/a:@/tmp/.ICE-unix/1963,unix/a:/tmp/.ICE-unix/1963'), ('INVOCATION_ID', '0e580a9638224ef0917a796efe1d5e01'), ('XDG_MENU_PREFIX', 'gnome-'), ('GNOME_SETUP_DISPLAY', ':1'), ('XDG_RUNTIME_DIR', '/run/user/1000'), ('DISPLAY', ':0'), ('TERMINATOR_DBUS_PATH', '/net/tenshu/Terminator2'), ('LANG', 'en_US.UTF-8'), ('XDG_CURRENT_DESKTOP', 'ubuntu:GNOME'), ('XMODIFIERS', '@im=ibus'), ('XDG_SESSION_DESKTOP', 'ubuntu'), ('XAUTHORITY', '/run/user/1000/.mutter-Xwaylandauth.70SZI3'), ('LS_COLORS', 'rs=0:di=01;34:ln=01;36:mh=00:pi=40;33:so=01;35:do=01;35:bd=40;33;01:cd=40;33;01:or=40;31;01:mi=00:su=37;41:sg=30;43:ca=30;41:tw=30;42:ow=34;42:st=37;44:ex=01;32:*.tar=01;31:*.tgz=01;31:*.arc=01;31:*.arj=01;31:*.taz=01;31:*.lha=01;31:*.lz4=01;31:*.lzh=01;31:*.lzma=01;31:*.tlz=01;31:*.txz=01;31:*.tzo=01;31:*.t7z=01;31:*.zip=01;31:*.z=01;31:*.dz=01;31:*.gz=01;31:*.lrz=01;31:*.lz=01;31:*.lzo=01;31:*.xz=01;31:*.zst=01;31:*.tzst=01;31:*.bz2=01;31:*.bz=01;31:*.tbz=01;31:*.tbz2=01;31:*.tz=01;31:*.deb=01;31:*.rpm=01;31:*.jar=01;31:*.war=01;31:*.ear=01;31:*.sar=01;31:*.rar=01;31:*.alz=01;31:*.ace=01;31:*.zoo=01;31:*.cpio=01;31:*.7z=01;31:*.rz=01;31:*.cab=01;31:*.wim=01;31:*.swm=01;31:*.dwm=01;31:*.esd=01;31:*.jpg=01;35:*.jpeg=01;35:*.mjpg=01;35:*.mjpeg=01;35:*.gif=01;35:*.bmp=01;35:*.pbm=01;35:*.pgm=01;35:*.ppm=01;35:*.tga=01;35:*.xbm=01;35:*.xpm=01;35:*.tif=01;35:*.tiff=01;35:*.png=01;35:*.svg=01;35:*.svgz=01;35:*.mng=01;35:*.pcx=01;35:*.mov=01;35:*.mpg=01;35:*.mpeg=01;35:*.m2v=01;35:*.mkv=01;35:*.webm=01;35:*.webp=01;35:*.ogm=01;35:*.mp4=01;35:*.m4v=01;35:*.mp4v=01;35:*.vob=01;35:*.qt=01;35:*.nuv=01;35:*.wmv=01;35:*.asf=01;35:*.rm=01;35:*.rmvb=01;35:*.flc=01;35:*.avi=01;35:*.fli=01;35:*.flv=01;35:*.gl=01;35:*.dl=01;35:*.xcf=01;35:*.xwd=01;35:*.yuv=01;35:*.cgm=01;35:*.emf=01;35:*.ogv=01;35:*.ogx=01;35:*.aac=00;36:*.au=00;36:*.flac=00;36:*.m4a=00;36:*.mid=00;36:*.midi=00;36:*.mka=00;36:*.mp3=00;36:*.mpc=00;36:*.ogg=00;36:*.ra=00;36:*.wav=00;36:*.oga=00;36:*.opus=00;36:*.spx=00;36:*.xspf=00;36:'), ('SSH_AGENT_LAUNCHER', 'gnome-keyring'), ('SSH_AUTH_SOCK', '/run/user/1000/keyring/ssh'), ('AMENT_PREFIX_PATH', '/home/a/ws_nhk/install/sakai_r2_config:/home/a/ws_nhk/install/moveit_runtime:/home/a/ws_nhk/install/moveit_r2_config:/home/a/ws_nhk/install/moveit_config:/home/a/ws_nhk/install/moveit2_tutorials:/home/a/ws_nhk/install/moveit:/home/a/ws_nhk/install/moveit_planners:/home/a/ws_nhk/install/pilz_industrial_motion_planner:/home/a/ws_nhk/install/moveit_task_constructor_visualization:/home/a/ws_nhk/install/moveit_task_constructor_demo:/home/a/ws_nhk/install/moveit_task_constructor_capabilities:/home/a/ws_nhk/install/moveit_task_constructor_core:/home/a/ws_nhk/install/moveit_setup_assistant:/home/a/ws_nhk/install/moveit_setup_srdf_plugins:/home/a/ws_nhk/install/moveit_setup_core_plugins:/home/a/ws_nhk/install/moveit_setup_controllers:/home/a/ws_nhk/install/moveit_setup_app_plugins:/home/a/ws_nhk/install/moveit_setup_framework:/home/a/ws_nhk/install/moveit_servo:/home/a/ws_nhk/install/moveit_ros:/home/a/ws_nhk/install/moveit_ros_visualization:/home/a/ws_nhk/install/moveit_hybrid_planning:/home/a/ws_nhk/install/moveit_ros_planning_interface:/home/a/ws_nhk/install/moveit_resources_prbt_pg70_support:/home/a/ws_nhk/install/moveit_resources_prbt_moveit_config:/home/a/ws_nhk/install/moveit_ros_move_group:/home/a/ws_nhk/install/moveit_kinematics:/home/a/ws_nhk/install/trac_ik:/home/a/ws_nhk/install/trac_ik_kinematics_plugin:/home/a/ws_nhk/install/trac_ik_lib:/home/a/ws_nhk/install/pilz_industrial_motion_planner_testutils:/home/a/ws_nhk/install/moveit_visual_tools:/home/a/ws_nhk/install/moveit_ros_control_interface:/home/a/ws_nhk/install/moveit_plugins:/home/a/ws_nhk/install/moveit_simple_controller_manager:/home/a/ws_nhk/install/moveit_ros_benchmarks:/home/a/ws_nhk/install/moveit_ros_warehouse:/home/a/ws_nhk/install/moveit_ros_robot_interaction:/home/a/ws_nhk/install/moveit_ros_perception:/home/a/ws_nhk/install/moveit_planners_ompl:/home/a/ws_nhk/install/moveit_ros_planning:/home/a/ws_nhk/install/moveit_ros_occupancy_map_monitor:/home/a/ws_nhk/install/moveit_resources_prbt_ikfast_manipulator_plugin:/home/a/ws_nhk/install/moveit_planners_chomp:/home/a/ws_nhk/install/moveit_chomp_optimizer_adapter:/home/a/ws_nhk/install/chomp_motion_planner:/home/a/ws_nhk/install/moveit_core:/home/a/ws_nhk/install/moveit_configs_utils:/home/a/ws_nhk/install/srdfdom:/home/a/ws_nhk/install/rviz_marker_tools:/home/a/ws_nhk/install/rosparam_shortcuts:/home/a/ws_nhk/install/rogidrive:/home/a/ws_nhk/install/r2_odrive:/home/a/ws_nhk/install/rogidrive_msg:/home/a/ws_nhk/install/nhk_bt:/home/a/ws_nhk/install/moveit_task_constructor_msgs:/home/a/ws_nhk/install/moveit_resources_prbt_support:/home/a/ws_nhk/install/moveit_resources:/home/a/ws_nhk/install/moveit_resources_pr2_description:/home/a/ws_nhk/install/moveit_resources_panda_moveit_config:/home/a/ws_nhk/install/moveit_resources_panda_description:/home/a/ws_nhk/install/moveit_resources_fanuc_moveit_config:/home/a/ws_nhk/install/moveit_resources_fanuc_description:/home/a/ws_nhk/install/moveit_common:/home/a/ws_nhk/install/launch_param_builder:/home/a/ws_nhk/install/dynamixel_sdk_examples:/home/a/ws_nhk/install/dynamixel_sdk_custom_interfaces:/home/a/ws_nhk/install/dynamixel_controller_gui:/home/a/ws_nhk/install/dynamixel_controller:/home/a/ws_nhk/install/dynamixel_sdk:/home/a/ws_nhk/install/dynamixel_controller_client:/home/a/ws_nhk/install/arm_v20_description:/home/a/ws_nhk/install/arm_module_description:/home/a/ws_nhk/install/a_r2_description:/home/a/install/field_description_test:/opt/ros/humble'), ('SHELL', '/bin/bash'), ('TERMINATOR_UUID', 'urn:uuid:c750a3b2-d13c-4d06-b85f-88a6bab9392d'), ('QT_ACCESSIBILITY', '1'), ('GDMSESSION', 'ubuntu'), ('LESSCLOSE', '/usr/bin/lesspipe %s %s'), ('CMAKE_MODULE_PATH', '/home/a/ws_nhk/install/moveit_task_constructor_core/share/moveit_task_constructor_core/cmake'), ('GJS_DEBUG_OUTPUT', 'stderr'), ('QT_IM_MODULE', 'ibus'), ('PWD', '/home/a/ws_nhk/build/stm32_mavlink_msgs'), ('LC_ALL', 'en_US.UTF-8'), ('XDG_CONFIG_DIRS', '/etc/xdg/xdg-ubuntu:/etc/xdg'), ('NVM_CD_FLAGS', ''), ('XDG_DATA_DIRS', '/usr/share/ubuntu:/home/a/.local/share/flatpak/exports/share:/var/lib/flatpak/exports/share:/usr/local/share/:/usr/share/:/var/lib/snapd/desktop'), ('PYTHONPATH', '/home/a/ws_nhk/install/moveit_task_constructor_core/local/lib/python3.10/dist-packages:/home/a/ws_nhk/install/moveit_configs_utils/lib/python3.10/site-packages:/home/a/ws_nhk/install/srdfdom/local/lib/python3.10/dist-packages:/home/a/ws_nhk/install/rogidrive/lib/python3.10/site-packages:/home/a/ws_nhk/install/r2_odrive/lib/python3.10/site-packages:/home/a/ws_nhk/install/rogidrive_msg/local/lib/python3.10/dist-packages:/home/a/ws_nhk/install/moveit_task_constructor_msgs/local/lib/python3.10/dist-packages:/home/a/ws_nhk/install/launch_param_builder/lib/python3.10/site-packages:/home/a/ws_nhk/install/dynamixel_sdk_custom_interfaces/local/lib/python3.10/dist-packages:/home/a/ws_nhk/install/dynamixel_controller_gui/lib/python3.10/site-packages:/home/a/ws_nhk/install/dynamixel_controller/local/lib/python3.10/dist-packages:/home/a/ws_nhk/install/dynamixel_controller_client/lib/python3.10/site-packages:/opt/ros/humble/lib/python3.10/site-packages:/opt/ros/humble/local/lib/python3.10/dist-packages'), ('COLCON', '1'), ('VTE_VERSION', '6800'), ('CMAKE_PREFIX_PATH', '/home/a/ws_nhk/install/sakai_r2_config:/home/a/ws_nhk/install/moveit_runtime:/home/a/ws_nhk/install/moveit_r2_config:/home/a/ws_nhk/install/moveit_config:/home/a/ws_nhk/install/moveit2_tutorials:/home/a/ws_nhk/install/moveit:/home/a/ws_nhk/install/moveit_planners:/home/a/ws_nhk/install/pilz_industrial_motion_planner:/home/a/ws_nhk/install/moveit_task_constructor_visualization:/home/a/ws_nhk/install/moveit_task_constructor_demo:/home/a/ws_nhk/install/moveit_task_constructor_capabilities:/home/a/ws_nhk/install/moveit_task_constructor_core:/home/a/ws_nhk/install/moveit_setup_assistant:/home/a/ws_nhk/install/moveit_setup_srdf_plugins:/home/a/ws_nhk/install/moveit_setup_core_plugins:/home/a/ws_nhk/install/moveit_setup_controllers:/home/a/ws_nhk/install/moveit_setup_app_plugins:/home/a/ws_nhk/install/moveit_setup_framework:/home/a/ws_nhk/install/moveit_servo:/home/a/ws_nhk/install/moveit_ros:/home/a/ws_nhk/install/moveit_ros_visualization:/home/a/ws_nhk/install/moveit_hybrid_planning:/home/a/ws_nhk/install/moveit_ros_planning_interface:/home/a/ws_nhk/install/moveit_resources_prbt_pg70_support:/home/a/ws_nhk/install/moveit_resources_prbt_moveit_config:/home/a/ws_nhk/install/moveit_ros_move_group:/home/a/ws_nhk/install/moveit_kinematics:/home/a/ws_nhk/install/trac_ik:/home/a/ws_nhk/install/trac_ik_kinematics_plugin:/home/a/ws_nhk/install/trac_ik_lib:/home/a/ws_nhk/install/pilz_industrial_motion_planner_testutils:/home/a/ws_nhk/install/moveit_visual_tools:/home/a/ws_nhk/install/moveit_ros_control_interface:/home/a/ws_nhk/install/moveit_plugins:/home/a/ws_nhk/install/moveit_simple_controller_manager:/home/a/ws_nhk/install/moveit_ros_benchmarks:/home/a/ws_nhk/install/moveit_ros_warehouse:/home/a/ws_nhk/install/moveit_ros_robot_interaction:/home/a/ws_nhk/install/moveit_ros_perception:/home/a/ws_nhk/install/moveit_planners_ompl:/home/a/ws_nhk/install/moveit_ros_planning:/home/a/ws_nhk/install/moveit_ros_occupancy_map_monitor:/home/a/ws_nhk/install/moveit_resources_prbt_ikfast_manipulator_plugin:/home/a/ws_nhk/install/moveit_planners_chomp:/home/a/ws_nhk/install/moveit_chomp_optimizer_adapter:/home/a/ws_nhk/install/chomp_motion_planner:/home/a/ws_nhk/install/moveit_core:/home/a/ws_nhk/install/srdfdom:/home/a/ws_nhk/install/rviz_marker_tools:/home/a/ws_nhk/install/rosparam_shortcuts:/home/a/ws_nhk/install/r2_odrive:/home/a/ws_nhk/install/rogidrive_msg:/home/a/ws_nhk/install/nhk_bt:/home/a/ws_nhk/install/moveit_task_constructor_msgs:/home/a/ws_nhk/install/moveit_resources_prbt_support:/home/a/ws_nhk/install/moveit_resources:/home/a/ws_nhk/install/moveit_resources_pr2_description:/home/a/ws_nhk/install/moveit_resources_panda_moveit_config:/home/a/ws_nhk/install/moveit_resources_panda_description:/home/a/ws_nhk/install/moveit_resources_fanuc_moveit_config:/home/a/ws_nhk/install/moveit_resources_fanuc_description:/home/a/ws_nhk/install/moveit_common:/home/a/ws_nhk/install/dynamixel_sdk_examples:/home/a/ws_nhk/install/dynamixel_sdk_custom_interfaces:/home/a/ws_nhk/install/dynamixel_controller:/home/a/ws_nhk/install/dynamixel_sdk:/home/a/ws_nhk/install/arm_v20_description:/home/a/ws_nhk/install/arm_module_description:/home/a/ws_nhk/install/a_r2_description:/home/a/install/field_description_test:/home/a/ws_nhk/install/moveit_configs_utils:/home/a/ws_nhk/install/rogidrive:/home/a/ws_nhk/install/launch_param_builder:/home/a/ws_nhk/install/dynamixel_controller_gui:/home/a/ws_nhk/install/dynamixel_controller_client:/opt/ros/humble')]), 'shell': False}
[0.068882] (stm32_mavlink_msgs) StdoutLine: {'line': b'[  1%] \x1b[34m\x1b[1mGenerating C code for ROS interfaces\x1b[0m\n'}
[0.081854] (stm32_mavlink_msgs) StdoutLine: {'line': b'[  1%] \x1b[34m\x1b[1mGenerating C++ code for ROS interfaces\x1b[0m\n'}
[0.090237] (stm32_mavlink_msgs) StdoutLine: {'line': b'[  1%] Built target ament_cmake_python_copy_stm32_mavlink_msgs\n'}
[0.099532] (-) TimerEvent: {}
[0.199886] (-) TimerEvent: {}
[0.278776] (stm32_mavlink_msgs) StdoutLine: {'line': b'running egg_info\n'}
[0.279324] (stm32_mavlink_msgs) StdoutLine: {'line': b'writing stm32_mavlink_msgs.egg-info/PKG-INFO\n'}
[0.279716] (stm32_mavlink_msgs) StdoutLine: {'line': b'writing dependency_links to stm32_mavlink_msgs.egg-info/dependency_links.txt\n'}
[0.279871] (stm32_mavlink_msgs) StdoutLine: {'line': b'writing top-level names to stm32_mavlink_msgs.egg-info/top_level.txt\n'}
[0.280976] (stm32_mavlink_msgs) StdoutLine: {'line': b"reading manifest file 'stm32_mavlink_msgs.egg-info/SOURCES.txt'\n"}
[0.281315] (stm32_mavlink_msgs) StdoutLine: {'line': b"writing manifest file 'stm32_mavlink_msgs.egg-info/SOURCES.txt'\n"}
[0.299975] (-) TimerEvent: {}
[0.305155] (stm32_mavlink_msgs) StdoutLine: {'line': b'[  1%] Built target ament_cmake_python_build_stm32_mavlink_msgs_egg\n'}
[0.400113] (-) TimerEvent: {}
[0.500545] (-) TimerEvent: {}
[0.600936] (-) TimerEvent: {}
[0.701347] (-) TimerEvent: {}
[0.801739] (-) TimerEvent: {}
[0.902127] (-) TimerEvent: {}
[1.002528] (-) TimerEvent: {}
[1.102936] (-) TimerEvent: {}
[1.203288] (-) TimerEvent: {}
[1.303696] (-) TimerEvent: {}
[1.404101] (-) TimerEvent: {}
[1.504451] (-) TimerEvent: {}
[1.604852] (-) TimerEvent: {}
[1.705190] (-) TimerEvent: {}
[1.805615] (-) TimerEvent: {}
[1.906009] (-) TimerEvent: {}
[2.006366] (-) TimerEvent: {}
[2.106781] (-) TimerEvent: {}
[2.207162] (-) TimerEvent: {}
[2.307502] (-) TimerEvent: {}
[2.407906] (-) TimerEvent: {}
[2.508299] (-) TimerEvent: {}
[2.608625] (-) TimerEvent: {}
[2.709027] (-) TimerEvent: {}
[2.809421] (-) TimerEvent: {}
[2.909826] (-) TimerEvent: {}
[3.010224] (-) TimerEvent: {}
[3.110617] (-) TimerEvent: {}
[3.212241] (-) TimerEvent: {}
[3.312931] (-) TimerEvent: {}
[3.337923] (stm32_mavlink_msgs) StdoutLine: {'line': b'[  1%] \x1b[32mBuilding C object CMakeFiles/stm32_mavlink_msgs__rosidl_generator_c.dir/rosidl_generator_c/stm32_mavlink_msgs/msg/detail/servo_command__functions.c.o\x1b[0m\n'}
[3.338202] (stm32_mavlink_msgs) StdoutLine: {'line': b'[  1%] \x1b[32mBuilding C object CMakeFiles/stm32_mavlink_msgs__rosidl_generator_c.dir/rosidl_generator_c/stm32_mavlink_msgs/msg/detail/robomaster_motor_command__functions.c.o\x1b[0m\n'}
[3.338320] (stm32_mavlink_msgs) StdoutLine: {'line': b'[  1%] \x1b[32mBuilding C object CMakeFiles/stm32_mavlink_msgs__rosidl_generator_c.dir/rosidl_generator_c/stm32_mavlink_msgs/msg/detail/servo_state__functions.c.o\x1b[0m\n'}
[3.338542] (stm32_mavlink_msgs) StdoutLine: {'line': b'[  2%] \x1b[32mBuilding C object CMakeFiles/stm32_mavlink_msgs__rosidl_generator_c.dir/rosidl_generator_c/stm32_mavlink_msgs/msg/detail/robomaster_motor_state__functions.c.o\x1b[0m\n'}
[3.338699] (stm32_mavlink_msgs) StdoutLine: {'line': b'[  3%] \x1b[32mBuilding C object CMakeFiles/stm32_mavlink_msgs__rosidl_generator_c.dir/rosidl_generator_c/stm32_mavlink_msgs/msg/detail/encoder_state__functions.c.o\x1b[0m\n'}
[3.339475] (stm32_mavlink_msgs) StdoutLine: {'line': b'[  3%] \x1b[32mBuilding C object CMakeFiles/stm32_mavlink_msgs__rosidl_generator_c.dir/rosidl_generator_c/stm32_mavlink_msgs/msg/detail/encoder_config__functions.c.o\x1b[0m\n'}
[3.346773] (stm32_mavlink_msgs) StdoutLine: {'line': b'[  4%] \x1b[32mBuilding C object CMakeFiles/stm32_mavlink_msgs__rosidl_generator_c.dir/rosidl_generator_c/stm32_mavlink_msgs/msg/detail/dc_motor_command__functions.c.o\x1b[0m\n'}
[3.347018] (stm32_mavlink_msgs) StdoutLine: {'line': b'[  4%] \x1b[32mBuilding C object CMakeFiles/stm32_mavlink_msgs__rosidl_generator_c.dir/rosidl_generator_c/stm32_mavlink_msgs/msg/detail/robomaster_motor_config__functions.c.o\x1b[0m\n'}
[3.347098] (stm32_mavlink_msgs) StdoutLine: {'line': b'[  4%] \x1b[32mBuilding C object CMakeFiles/stm32_mavlink_msgs__rosidl_generator_c.dir/rosidl_generator_c/stm32_mavlink_msgs/msg/detail/dc_motor_state__functions.c.o\x1b[0m\n'}
[3.350506] (stm32_mavlink_msgs) StdoutLine: {'line': b'[  4%] \x1b[32mBuilding C object CMakeFiles/stm32_mavlink_msgs__rosidl_generator_c.dir/rosidl_generator_c/stm32_mavlink_msgs/msg/detail/dc_motor_config__functions.c.o\x1b[0m\n'}
[3.355044] (stm32_mavlink_msgs) StdoutLine: {'line': b'[  5%] \x1b[32mBuilding C object CMakeFiles/stm32_mavlink_msgs__rosidl_generator_c.dir/rosidl_generator_c/stm32_mavlink_msgs/msg/detail/rs485_motor_command__functions.c.o\x1b[0m\n'}
[3.355319] (stm32_mavlink_msgs) StdoutLine: {'line': b'[  5%] \x1b[32mBuilding C object CMakeFiles/stm32_mavlink_msgs__rosidl_generator_c.dir/rosidl_generator_c/stm32_mavlink_msgs/msg/detail/rs485_motor_state__functions.c.o\x1b[0m\n'}
[3.358520] (stm32_mavlink_msgs) StdoutLine: {'line': b'[  5%] \x1b[32mBuilding C object CMakeFiles/stm32_mavlink_msgs__rosidl_generator_c.dir/rosidl_generator_c/stm32_mavlink_msgs/msg/detail/rs485_motor_config__functions.c.o\x1b[0m\n'}
[3.364129] (stm32_mavlink_msgs) StdoutLine: {'line': b'[  6%] \x1b[32mBuilding C object CMakeFiles/stm32_mavlink_msgs__rosidl_generator_c.dir/rosidl_generator_c/stm32_mavlink_msgs/msg/detail/rs485_read_request__functions.c.o\x1b[0m\n'}
[3.370447] (stm32_mavlink_msgs) StdoutLine: {'line': b'[  6%] \x1b[32mBuilding C object CMakeFiles/stm32_mavlink_msgs__rosidl_generator_c.dir/rosidl_generator_c/stm32_mavlink_msgs/msg/detail/rs485_read_response__functions.c.o\x1b[0m\n'}
[3.375219] (stm32_mavlink_msgs) StdoutLine: {'line': b'[  7%] \x1b[32mBuilding C object CMakeFiles/stm32_mavlink_msgs__rosidl_generator_c.dir/rosidl_generator_c/stm32_mavlink_msgs/msg/detail/rs485_write_request__functions.c.o\x1b[0m\n'}
[3.381808] (stm32_mavlink_msgs) StdoutLine: {'line': b'[  7%] \x1b[32mBuilding C object CMakeFiles/stm32_mavlink_msgs__rosidl_generator_c.dir/rosidl_generator_c/stm32_mavlink_msgs/msg/detail/rs485_write_response__functions.c.o\x1b[0m\n'}
[3.390614] (stm32_mavlink_msgs) StdoutLine: {'line': b'[  7%] \x1b[32mBuilding C object CMakeFiles/stm32_mavlink_msgs__rosidl_generator_c.dir/rosidl_generator_c/stm32_mavlink_msgs/msg/detail/rs485_flash_save_request__functions.c.o\x1b[0m\n'}
[3.390963] (stm32_mavlink_msgs) StdoutLine: {'line': b'[  8%] \x1b[32mBuilding C object CMakeFiles/stm32_mavlink_msgs__rosidl_generator_c.dir/rosidl_generator_c/stm32_mavlink_msgs/msg/detail/limit_switch_status__functions.c.o\x1b[0m\n'}
[3.404468] (stm32_mavlink_msgs) StdoutLine: {'line': b'[  8%] \x1b[32mBuilding C object CMakeFiles/stm32_mavlink_msgs__rosidl_generator_c.dir/rosidl_generator_c/stm32_mavlink_msgs/msg/detail/wtt12_l_status__functions.c.o\x1b[0m\n'}
[3.406979] (stm32_mavlink_msgs) StdoutLine: {'line': b'[  8%] \x1b[32mBuilding C object CMakeFiles/stm32_mavlink_msgs__rosidl_generator_c.dir/rosidl_generator_c/stm32_mavlink_msgs/msg/detail/solenoid_command__functions.c.o\x1b[0m\n'}
[3.407957] (stm32_mavlink_msgs) StdoutLine: {'line': b'[  9%] \x1b[32mBuilding C object CMakeFiles/stm32_mavlink_msgs__rosidl_generator_c.dir/rosidl_generator_c/stm32_mavlink_msgs/msg/detail/solenoid_status__functions.c.o\x1b[0m\n'}
[3.413060] (-) TimerEvent: {}
[3.414769] (stm32_mavlink_msgs) StdoutLine: {'line': b'[  9%] \x1b[32mBuilding C object CMakeFiles/stm32_mavlink_msgs__rosidl_generator_c.dir/rosidl_generator_c/stm32_mavlink_msgs/srv/detail/set_servo_config__functions.c.o\x1b[0m\n'}
[3.417468] (stm32_mavlink_msgs) StdoutLine: {'line': b'[  9%] \x1b[32mBuilding C object CMakeFiles/stm32_mavlink_msgs__rosidl_generator_c.dir/rosidl_generator_c/stm32_mavlink_msgs/srv/detail/set_encoder_config__functions.c.o\x1b[0m\n'}
[3.417640] (stm32_mavlink_msgs) StdoutLine: {'line': b'[  9%] \x1b[32mBuilding C object CMakeFiles/stm32_mavlink_msgs__rosidl_generator_c.dir/rosidl_generator_c/stm32_mavlink_msgs/srv/detail/get_robomaster_motor_config__functions.c.o\x1b[0m\n'}
[3.417713] (stm32_mavlink_msgs) StdoutLine: {'line': b'[ 10%] \x1b[32mBuilding C object CMakeFiles/stm32_mavlink_msgs__rosidl_generator_c.dir/rosidl_generator_c/stm32_mavlink_msgs/srv/detail/set_robomaster_motor_config__functions.c.o\x1b[0m\n'}
[3.423335] (stm32_mavlink_msgs) StdoutLine: {'line': b'[ 10%] \x1b[32mBuilding C object CMakeFiles/stm32_mavlink_msgs__rosidl_generator_c.dir/rosidl_generator_c/stm32_mavlink_msgs/srv/detail/get_dc_motor_config__functions.c.o\x1b[0m\n'}
[3.425863] (stm32_mavlink_msgs) StdoutLine: {'line': b'[ 11%] \x1b[32mBuilding C object CMakeFiles/stm32_mavlink_msgs__rosidl_generator_c.dir/rosidl_generator_c/stm32_mavlink_msgs/srv/detail/set_dc_motor_config__functions.c.o\x1b[0m\n'}
[3.430899] (stm32_mavlink_msgs) StdoutLine: {'line': b'[ 11%] \x1b[32mBuilding C object CMakeFiles/stm32_mavlink_msgs__rosidl_generator_c.dir/rosidl_generator_c/stm32_mavlink_msgs/srv/detail/read_rs485_param__functions.c.o\x1b[0m\n'}
[3.437542] (stm32_mavlink_msgs) StdoutLine: {'line': b'[ 11%] \x1b[32mBuilding C object CMakeFiles/stm32_mavlink_msgs__rosidl_generator_c.dir/rosidl_generator_c/stm32_mavlink_msgs/srv/detail/flash_save_rs485__functions.c.o\x1b[0m\n'}
[3.438719] (stm32_mavlink_msgs) StdoutLine: {'line': b'[ 12%] \x1b[32mBuilding C object CMakeFiles/stm32_mavlink_msgs__rosidl_generator_c.dir/rosidl_generator_c/stm32_mavlink_msgs/srv/detail/write_rs485_param__functions.c.o\x1b[0m\n'}
[3.495680] (stm32_mavlink_msgs) StdoutLine: {'line': b'[ 12%] Built target stm32_mavlink_msgs__cpp\n'}
[3.507065] (stm32_mavlink_msgs) StdoutLine: {'line': b'[ 15%] \x1b[34m\x1b[1mGenerating C++ type support for eProsima Fast-RTPS\x1b[0m\n'}
[3.507289] (stm32_mavlink_msgs) StdoutLine: {'line': b'[ 15%] \x1b[34m\x1b[1mGenerating C++ introspection for ROS interfaces\x1b[0m\n'}
[3.507359] (stm32_mavlink_msgs) StdoutLine: {'line': b'[ 15%] \x1b[34m\x1b[1mGenerating C++ type support dispatch for ROS interfaces\x1b[0m\n'}
[3.511070] (stm32_mavlink_msgs) StdoutLine: {'line': b'[ 15%] \x1b[32m\x1b[1mLinking C shared library libstm32_mavlink_msgs__rosidl_generator_c.so\x1b[0m\n'}
[3.513111] (-) TimerEvent: {}
[3.551227] (stm32_mavlink_msgs) StdoutLine: {'line': b'[ 15%] Built target stm32_mavlink_msgs__rosidl_generator_c\n'}
[3.563140] (stm32_mavlink_msgs) StdoutLine: {'line': b'[ 17%] \x1b[34m\x1b[1mGenerating C type support dispatch for ROS interfaces\x1b[0m\n'}
[3.563356] (stm32_mavlink_msgs) StdoutLine: {'line': b'[ 17%] \x1b[34m\x1b[1mGenerating C introspection for ROS interfaces\x1b[0m\n'}
[3.563424] (stm32_mavlink_msgs) StdoutLine: {'line': b'[ 18%] \x1b[34m\x1b[1mGenerating C type support for eProsima Fast-RTPS\x1b[0m\n'}
[3.613244] (-) TimerEvent: {}
[3.713630] (-) TimerEvent: {}
[3.814114] (-) TimerEvent: {}
[3.914604] (-) TimerEvent: {}
[4.015086] (-) TimerEvent: {}
[4.115539] (-) TimerEvent: {}
[4.215915] (-) TimerEvent: {}
[4.316428] (-) TimerEvent: {}
[4.416893] (-) TimerEvent: {}
[4.517237] (-) TimerEvent: {}
[4.617640] (-) TimerEvent: {}
[4.718150] (-) TimerEvent: {}
[4.818558] (-) TimerEvent: {}
[4.919057] (-) TimerEvent: {}
[5.019486] (-) TimerEvent: {}
[5.119877] (-) TimerEvent: {}
[5.220354] (-) TimerEvent: {}
[5.320801] (-) TimerEvent: {}
[5.421208] (-) TimerEvent: {}
[5.521711] (-) TimerEvent: {}
[5.622243] (-) TimerEvent: {}
[5.722774] (-) TimerEvent: {}
[5.823336] (-) TimerEvent: {}
[5.923887] (-) TimerEvent: {}
[6.024438] (-) TimerEvent: {}
[6.125001] (-) TimerEvent: {}
[6.225526] (-) TimerEvent: {}
[6.326175] (-) TimerEvent: {}
[6.426807] (-) TimerEvent: {}
[6.527434] (-) TimerEvent: {}
[6.628033] (-) TimerEvent: {}
[6.728583] (-) TimerEvent: {}
[6.829261] (-) TimerEvent: {}
[6.929929] (-) TimerEvent: {}
[7.030604] (-) TimerEvent: {}
[7.131262] (-) TimerEvent: {}
[7.231896] (-) TimerEvent: {}
[7.332484] (-) TimerEvent: {}
[7.433176] (-) TimerEvent: {}
[7.533837] (-) TimerEvent: {}
[7.634433] (-) TimerEvent: {}
[7.735128] (-) TimerEvent: {}
[7.835831] (-) TimerEvent: {}
[7.936464] (-) TimerEvent: {}
[7.952730] (stm32_mavlink_msgs) StdoutLine: {'line': b'[ 18%] \x1b[32mBuilding CXX object CMakeFiles/stm32_mavlink_msgs__rosidl_typesupport_cpp.dir/rosidl_typesupport_cpp/stm32_mavlink_msgs/msg/dc_motor_command__type_support.cpp.o\x1b[0m\n'}
[7.954646] (stm32_mavlink_msgs) StdoutLine: {'line': b'[ 18%] \x1b[32mBuilding CXX object CMakeFiles/stm32_mavlink_msgs__rosidl_typesupport_cpp.dir/rosidl_typesupport_cpp/stm32_mavlink_msgs/msg/encoder_config__type_support.cpp.o\x1b[0m\n'}
[7.955815] (stm32_mavlink_msgs) StdoutLine: {'line': b'[ 18%] \x1b[32mBuilding CXX object CMakeFiles/stm32_mavlink_msgs__rosidl_typesupport_cpp.dir/rosidl_typesupport_cpp/stm32_mavlink_msgs/msg/robomaster_motor_command__type_support.cpp.o\x1b[0m\n'}
[7.956132] (stm32_mavlink_msgs) StdoutLine: {'line': b'[ 18%] \x1b[32mBuilding CXX object CMakeFiles/stm32_mavlink_msgs__rosidl_typesupport_cpp.dir/rosidl_typesupport_cpp/stm32_mavlink_msgs/msg/servo_state__type_support.cpp.o\x1b[0m\n'}
[7.956497] (stm32_mavlink_msgs) StdoutLine: {'line': b'[ 19%] \x1b[32mBuilding CXX object CMakeFiles/stm32_mavlink_msgs__rosidl_typesupport_cpp.dir/rosidl_typesupport_cpp/stm32_mavlink_msgs/msg/encoder_state__type_support.cpp.o\x1b[0m\n'}
[7.958093] (stm32_mavlink_msgs) StdoutLine: {'line': b'[ 19%] \x1b[32mBuilding CXX object CMakeFiles/stm32_mavlink_msgs__rosidl_typesupport_cpp.dir/rosidl_typesupport_cpp/stm32_mavlink_msgs/msg/robomaster_motor_config__type_support.cpp.o\x1b[0m\n'}
[7.959964] (stm32_mavlink_msgs) StdoutLine: {'line': b'[ 19%] \x1b[32mBuilding CXX object CMakeFiles/stm32_mavlink_msgs__rosidl_typesupport_cpp.dir/rosidl_typesupport_cpp/stm32_mavlink_msgs/msg/rs485_read_response__type_support.cpp.o\x1b[0m\n'}
[7.961189] (stm32_mavlink_msgs) StdoutLine: {'line': b'[ 19%] \x1b[32mBuilding CXX object CMakeFiles/stm32_mavlink_msgs__rosidl_typesupport_cpp.dir/rosidl_typesupport_cpp/stm32_mavlink_msgs/msg/rs485_motor_state__type_support.cpp.o\x1b[0m\n'}
[7.961725] (stm32_mavlink_msgs) StdoutLine: {'line': b'[ 19%] \x1b[32mBuilding CXX object CMakeFiles/stm32_mavlink_msgs__rosidl_typesupport_cpp.dir/rosidl_typesupport_cpp/stm32_mavlink_msgs/msg/rs485_motor_config__type_support.cpp.o\x1b[0m\n'}
[7.962100] (stm32_mavlink_msgs) StdoutLine: {'line': b'[ 20%] \x1b[32mBuilding CXX object CMakeFiles/stm32_mavlink_msgs__rosidl_typesupport_cpp.dir/rosidl_typesupport_cpp/stm32_mavlink_msgs/msg/robomaster_motor_state__type_support.cpp.o\x1b[0m\n'}
[7.962464] (stm32_mavlink_msgs) StdoutLine: {'line': b'[ 20%] \x1b[32mBuilding CXX object CMakeFiles/stm32_mavlink_msgs__rosidl_typesupport_cpp.dir/rosidl_typesupport_cpp/stm32_mavlink_msgs/msg/dc_motor_config__type_support.cpp.o\x1b[0m\n'}
[7.962697] (stm32_mavlink_msgs) StdoutLine: {'line': b'[ 21%] \x1b[32mBuilding CXX object CMakeFiles/stm32_mavlink_msgs__rosidl_typesupport_cpp.dir/rosidl_typesupport_cpp/stm32_mavlink_msgs/msg/dc_motor_state__type_support.cpp.o\x1b[0m\n'}
[7.963057] (stm32_mavlink_msgs) StdoutLine: {'line': b'[ 22%] \x1b[32mBuilding CXX object CMakeFiles/stm32_mavlink_msgs__rosidl_typesupport_cpp.dir/rosidl_typesupport_cpp/stm32_mavlink_msgs/msg/rs485_motor_command__type_support.cpp.o\x1b[0m\n'}
[7.963415] (stm32_mavlink_msgs) StdoutLine: {'line': b'[ 23%] \x1b[32mBuilding CXX object CMakeFiles/stm32_mavlink_msgs__rosidl_typesupport_cpp.dir/rosidl_typesupport_cpp/stm32_mavlink_msgs/msg/rs485_read_request__type_support.cpp.o\x1b[0m\n'}
[7.967502] (stm32_mavlink_msgs) StdoutLine: {'line': b'[ 23%] \x1b[32mBuilding CXX object CMakeFiles/stm32_mavlink_msgs__rosidl_typesupport_cpp.dir/rosidl_typesupport_cpp/stm32_mavlink_msgs/msg/servo_command__type_support.cpp.o\x1b[0m\n'}
[7.972593] (stm32_mavlink_msgs) StdoutLine: {'line': b'[ 24%] \x1b[32mBuilding CXX object CMakeFiles/stm32_mavlink_msgs__rosidl_typesupport_cpp.dir/rosidl_typesupport_cpp/stm32_mavlink_msgs/msg/rs485_write_response__type_support.cpp.o\x1b[0m\n'}
[7.985118] (stm32_mavlink_msgs) StdoutLine: {'line': b'[ 24%] \x1b[32mBuilding CXX object CMakeFiles/stm32_mavlink_msgs__rosidl_typesupport_cpp.dir/rosidl_typesupport_cpp/stm32_mavlink_msgs/msg/rs485_write_request__type_support.cpp.o\x1b[0m\n'}
[8.036663] (-) TimerEvent: {}
[8.138936] (-) TimerEvent: {}
[8.239740] (-) TimerEvent: {}
[8.341101] (-) TimerEvent: {}
[8.444966] (-) TimerEvent: {}
[8.545825] (-) TimerEvent: {}
[8.649760] (-) TimerEvent: {}
[8.750700] (-) TimerEvent: {}
[8.854935] (-) TimerEvent: {}
[8.957185] (-) TimerEvent: {}
[9.059352] (-) TimerEvent: {}
[9.162439] (-) TimerEvent: {}
[9.265658] (-) TimerEvent: {}
[9.357393] (stm32_mavlink_msgs) StdoutLine: {'line': b'[ 24%] \x1b[32mBuilding CXX object CMakeFiles/stm32_mavlink_msgs__rosidl_typesupport_cpp.dir/rosidl_typesupport_cpp/stm32_mavlink_msgs/msg/rs485_flash_save_request__type_support.cpp.o\x1b[0m\n'}
[9.367895] (-) TimerEvent: {}
[9.369334] (stm32_mavlink_msgs) StdoutLine: {'line': b'[ 24%] \x1b[32mBuilding CXX object CMakeFiles/stm32_mavlink_msgs__rosidl_typesupport_cpp.dir/rosidl_typesupport_cpp/stm32_mavlink_msgs/msg/wtt12_l_status__type_support.cpp.o\x1b[0m\n'}
[9.371947] (stm32_mavlink_msgs) StdoutLine: {'line': b'[ 25%] \x1b[32mBuilding CXX object CMakeFiles/stm32_mavlink_msgs__rosidl_typesupport_cpp.dir/rosidl_typesupport_cpp/stm32_mavlink_msgs/msg/limit_switch_status__type_support.cpp.o\x1b[0m\n'}
[9.379993] (stm32_mavlink_msgs) StdoutLine: {'line': b'[ 25%] \x1b[32mBuilding CXX object CMakeFiles/stm32_mavlink_msgs__rosidl_typesupport_cpp.dir/rosidl_typesupport_cpp/stm32_mavlink_msgs/msg/solenoid_command__type_support.cpp.o\x1b[0m\n'}
[9.398069] (stm32_mavlink_msgs) StdoutLine: {'line': b'[ 25%] \x1b[32mBuilding CXX object CMakeFiles/stm32_mavlink_msgs__rosidl_typesupport_cpp.dir/rosidl_typesupport_cpp/stm32_mavlink_msgs/srv/set_encoder_config__type_support.cpp.o\x1b[0m\n'}
[9.412253] (stm32_mavlink_msgs) StdoutLine: {'line': b'[ 26%] \x1b[32mBuilding CXX object CMakeFiles/stm32_mavlink_msgs__rosidl_typesupport_cpp.dir/rosidl_typesupport_cpp/stm32_mavlink_msgs/msg/solenoid_status__type_support.cpp.o\x1b[0m\n'}
[9.415563] (stm32_mavlink_msgs) StdoutLine: {'line': b'[ 27%] \x1b[32mBuilding CXX object CMakeFiles/stm32_mavlink_msgs__rosidl_typesupport_cpp.dir/rosidl_typesupport_cpp/stm32_mavlink_msgs/srv/set_robomaster_motor_config__type_support.cpp.o\x1b[0m\n'}
[9.442375] (stm32_mavlink_msgs) StdoutLine: {'line': b'[ 27%] \x1b[32mBuilding CXX object CMakeFiles/stm32_mavlink_msgs__rosidl_typesupport_cpp.dir/rosidl_typesupport_cpp/stm32_mavlink_msgs/srv/set_servo_config__type_support.cpp.o\x1b[0m\n'}
[9.471012] (-) TimerEvent: {}
[9.473542] (stm32_mavlink_msgs) StdoutLine: {'line': b'[ 27%] \x1b[32mBuilding CXX object CMakeFiles/stm32_mavlink_msgs__rosidl_typesupport_cpp.dir/rosidl_typesupport_cpp/stm32_mavlink_msgs/srv/get_robomaster_motor_config__type_support.cpp.o\x1b[0m\n'}
[9.500569] (stm32_mavlink_msgs) StdoutLine: {'line': b'[ 27%] \x1b[32mBuilding CXX object CMakeFiles/stm32_mavlink_msgs__rosidl_typesupport_cpp.dir/rosidl_typesupport_cpp/stm32_mavlink_msgs/srv/set_dc_motor_config__type_support.cpp.o\x1b[0m\n'}
[9.536013] (stm32_mavlink_msgs) StdoutLine: {'line': b'[ 28%] \x1b[32mBuilding CXX object CMakeFiles/stm32_mavlink_msgs__rosidl_typesupport_cpp.dir/rosidl_typesupport_cpp/stm32_mavlink_msgs/srv/get_dc_motor_config__type_support.cpp.o\x1b[0m\n'}
[9.541228] (stm32_mavlink_msgs) StdoutLine: {'line': b'[ 28%] \x1b[32mBuilding CXX object CMakeFiles/stm32_mavlink_msgs__rosidl_typesupport_cpp.dir/rosidl_typesupport_cpp/stm32_mavlink_msgs/srv/read_rs485_param__type_support.cpp.o\x1b[0m\n'}
[9.547575] (stm32_mavlink_msgs) StdoutLine: {'line': b'[ 29%] \x1b[32mBuilding CXX object CMakeFiles/stm32_mavlink_msgs__rosidl_typesupport_cpp.dir/rosidl_typesupport_cpp/stm32_mavlink_msgs/srv/write_rs485_param__type_support.cpp.o\x1b[0m\n'}
[9.568545] (stm32_mavlink_msgs) StdoutLine: {'line': b'[ 29%] \x1b[32mBuilding CXX object CMakeFiles/stm32_mavlink_msgs__rosidl_typesupport_cpp.dir/rosidl_typesupport_cpp/stm32_mavlink_msgs/srv/flash_save_rs485__type_support.cpp.o\x1b[0m\n'}
[9.574091] (-) TimerEvent: {}
[9.675413] (-) TimerEvent: {}
[9.778262] (-) TimerEvent: {}
[9.879417] (-) TimerEvent: {}
[9.981466] (-) TimerEvent: {}
[10.083465] (-) TimerEvent: {}
[10.185370] (-) TimerEvent: {}
[10.286956] (-) TimerEvent: {}
[10.388463] (-) TimerEvent: {}
[10.489975] (-) TimerEvent: {}
[10.591084] (-) TimerEvent: {}
[10.692001] (-) TimerEvent: {}
[10.792963] (-) TimerEvent: {}
[10.893928] (-) TimerEvent: {}
[10.995999] (-) TimerEvent: {}
[11.096986] (-) TimerEvent: {}
[11.200476] (-) TimerEvent: {}
[11.301855] (-) TimerEvent: {}
[11.322989] (stm32_mavlink_msgs) StdoutLine: {'line': b'[ 29%] \x1b[32mBuilding CXX object CMakeFiles/stm32_mavlink_msgs__rosidl_typesupport_c.dir/rosidl_typesupport_c/stm32_mavlink_msgs/msg/servo_command__type_support.cpp.o\x1b[0m\n'}
[11.328079] (stm32_mavlink_msgs) StdoutLine: {'line': b'[ 29%] \x1b[32mBuilding CXX object CMakeFiles/stm32_mavlink_msgs__rosidl_typesupport_c.dir/rosidl_typesupport_c/stm32_mavlink_msgs/msg/servo_state__type_support.cpp.o\x1b[0m\n'}
[11.393064] (stm32_mavlink_msgs) StdoutLine: {'line': b'[ 30%] \x1b[32mBuilding CXX object CMakeFiles/stm32_mavlink_msgs__rosidl_typesupport_c.dir/rosidl_typesupport_c/stm32_mavlink_msgs/msg/encoder_state__type_support.cpp.o\x1b[0m\n'}
[11.395137] (stm32_mavlink_msgs) StdoutLine: {'line': b'[ 30%] \x1b[32mBuilding CXX object CMakeFiles/stm32_mavlink_msgs__rosidl_typesupport_c.dir/rosidl_typesupport_c/stm32_mavlink_msgs/msg/encoder_config__type_support.cpp.o\x1b[0m\n'}
[11.401982] (-) TimerEvent: {}
[11.406054] (stm32_mavlink_msgs) StdoutLine: {'line': b'[ 30%] \x1b[32mBuilding CXX object CMakeFiles/stm32_mavlink_msgs__rosidl_typesupport_c.dir/rosidl_typesupport_c/stm32_mavlink_msgs/msg/robomaster_motor_command__type_support.cpp.o\x1b[0m\n'}
[11.409740] (stm32_mavlink_msgs) StdoutLine: {'line': b'[ 30%] \x1b[32mBuilding CXX object CMakeFiles/stm32_mavlink_msgs__rosidl_typesupport_c.dir/rosidl_typesupport_c/stm32_mavlink_msgs/msg/robomaster_motor_config__type_support.cpp.o\x1b[0m\n'}
[11.418148] (stm32_mavlink_msgs) StdoutLine: {'line': b'[ 31%] \x1b[32mBuilding CXX object CMakeFiles/stm32_mavlink_msgs__rosidl_typesupport_c.dir/rosidl_typesupport_c/stm32_mavlink_msgs/msg/robomaster_motor_state__type_support.cpp.o\x1b[0m\n'}
[11.419773] (stm32_mavlink_msgs) StdoutLine: {'line': b'[ 32%] \x1b[32mBuilding CXX object CMakeFiles/stm32_mavlink_msgs__rosidl_typesupport_c.dir/rosidl_typesupport_c/stm32_mavlink_msgs/msg/dc_motor_command__type_support.cpp.o\x1b[0m\n'}
[11.449146] (stm32_mavlink_msgs) StdoutLine: {'line': b'[ 32%] \x1b[32m\x1b[1mLinking CXX shared library libstm32_mavlink_msgs__rosidl_typesupport_cpp.so\x1b[0m\n'}
[11.451973] (stm32_mavlink_msgs) StdoutLine: {'line': b'[ 32%] \x1b[32mBuilding CXX object CMakeFiles/stm32_mavlink_msgs__rosidl_typesupport_c.dir/rosidl_typesupport_c/stm32_mavlink_msgs/msg/dc_motor_state__type_support.cpp.o\x1b[0m\n'}
[11.480149] (stm32_mavlink_msgs) StdoutLine: {'line': b'[ 32%] \x1b[32mBuilding CXX object CMakeFiles/stm32_mavlink_msgs__rosidl_typesupport_c.dir/rosidl_typesupport_c/stm32_mavlink_msgs/msg/dc_motor_config__type_support.cpp.o\x1b[0m\n'}
[11.482130] (stm32_mavlink_msgs) StdoutLine: {'line': b'[ 33%] \x1b[32mBuilding CXX object CMakeFiles/stm32_mavlink_msgs__rosidl_typesupport_c.dir/rosidl_typesupport_c/stm32_mavlink_msgs/msg/rs485_motor_command__type_support.cpp.o\x1b[0m\n'}
[11.484361] (stm32_mavlink_msgs) StdoutLine: {'line': b'[ 33%] \x1b[32mBuilding CXX object CMakeFiles/stm32_mavlink_msgs__rosidl_typesupport_c.dir/rosidl_typesupport_c/stm32_mavlink_msgs/msg/rs485_motor_state__type_support.cpp.o\x1b[0m\n'}
[11.493453] (stm32_mavlink_msgs) StdoutLine: {'line': b'[ 33%] \x1b[32mBuilding CXX object CMakeFiles/stm32_mavlink_msgs__rosidl_typesupport_c.dir/rosidl_typesupport_c/stm32_mavlink_msgs/msg/rs485_motor_config__type_support.cpp.o\x1b[0m\n'}
[11.503972] (-) TimerEvent: {}
[11.514626] (stm32_mavlink_msgs) StdoutLine: {'line': b'[ 33%] \x1b[32mBuilding CXX object CMakeFiles/stm32_mavlink_msgs__rosidl_typesupport_c.dir/rosidl_typesupport_c/stm32_mavlink_msgs/msg/rs485_read_response__type_support.cpp.o\x1b[0m\n'}
[11.525731] (stm32_mavlink_msgs) StdoutLine: {'line': b'[ 34%] \x1b[32mBuilding CXX object CMakeFiles/stm32_mavlink_msgs__rosidl_typesupport_c.dir/rosidl_typesupport_c/stm32_mavlink_msgs/msg/rs485_read_request__type_support.cpp.o\x1b[0m\n'}
[11.538246] (stm32_mavlink_msgs) StdoutLine: {'line': b'[ 34%] \x1b[32mBuilding CXX object CMakeFiles/stm32_mavlink_msgs__rosidl_typesupport_c.dir/rosidl_typesupport_c/stm32_mavlink_msgs/msg/rs485_write_request__type_support.cpp.o\x1b[0m\n'}
[11.571680] (stm32_mavlink_msgs) StdoutLine: {'line': b'[ 35%] \x1b[32mBuilding CXX object CMakeFiles/stm32_mavlink_msgs__rosidl_typesupport_c.dir/rosidl_typesupport_c/stm32_mavlink_msgs/msg/rs485_write_response__type_support.cpp.o\x1b[0m\n'}
[11.589105] (stm32_mavlink_msgs) StdoutLine: {'line': b'[ 35%] \x1b[32mBuilding CXX object CMakeFiles/stm32_mavlink_msgs__rosidl_typesupport_c.dir/rosidl_typesupport_c/stm32_mavlink_msgs/msg/rs485_flash_save_request__type_support.cpp.o\x1b[0m\n'}
[11.605472] (-) TimerEvent: {}
[11.625112] (stm32_mavlink_msgs) StdoutLine: {'line': b'[ 36%] \x1b[32mBuilding CXX object CMakeFiles/stm32_mavlink_msgs__rosidl_typesupport_c.dir/rosidl_typesupport_c/stm32_mavlink_msgs/msg/limit_switch_status__type_support.cpp.o\x1b[0m\n'}
[11.631263] (stm32_mavlink_msgs) StdoutLine: {'line': b'[ 36%] \x1b[32mBuilding CXX object CMakeFiles/stm32_mavlink_msgs__rosidl_typesupport_c.dir/rosidl_typesupport_c/stm32_mavlink_msgs/msg/wtt12_l_status__type_support.cpp.o\x1b[0m\n'}
[11.633301] (stm32_mavlink_msgs) StdoutLine: {'line': b'[ 36%] \x1b[32mBuilding CXX object CMakeFiles/stm32_mavlink_msgs__rosidl_typesupport_c.dir/rosidl_typesupport_c/stm32_mavlink_msgs/msg/solenoid_command__type_support.cpp.o\x1b[0m\n'}
[11.650240] (stm32_mavlink_msgs) StdoutLine: {'line': b'[ 36%] \x1b[32mBuilding CXX object CMakeFiles/stm32_mavlink_msgs__rosidl_typesupport_fastrtps_cpp.dir/rosidl_typesupport_fastrtps_cpp/stm32_mavlink_msgs/msg/detail/dds_fastrtps/servo_state__type_support.cpp.o\x1b[0m\n'}
[11.651222] (stm32_mavlink_msgs) StdoutLine: {'line': b'[ 36%] \x1b[32mBuilding CXX object CMakeFiles/stm32_mavlink_msgs__rosidl_typesupport_fastrtps_cpp.dir/rosidl_typesupport_fastrtps_cpp/stm32_mavlink_msgs/msg/detail/dds_fastrtps/servo_command__type_support.cpp.o\x1b[0m\n'}
[11.676546] (stm32_mavlink_msgs) StdoutLine: {'line': b'[ 36%] \x1b[32mBuilding CXX object CMakeFiles/stm32_mavlink_msgs__rosidl_typesupport_fastrtps_cpp.dir/rosidl_typesupport_fastrtps_cpp/stm32_mavlink_msgs/msg/detail/dds_fastrtps/encoder_config__type_support.cpp.o\x1b[0m\n'}
[11.681811] (stm32_mavlink_msgs) StdoutLine: {'line': b'[ 37%] \x1b[32mBuilding CXX object CMakeFiles/stm32_mavlink_msgs__rosidl_typesupport_fastrtps_cpp.dir/rosidl_typesupport_fastrtps_cpp/stm32_mavlink_msgs/msg/detail/dds_fastrtps/encoder_state__type_support.cpp.o\x1b[0m\n'}
[11.686613] (stm32_mavlink_msgs) StdoutLine: {'line': b'[ 37%] \x1b[32mBuilding CXX object CMakeFiles/stm32_mavlink_msgs__rosidl_typesupport_fastrtps_cpp.dir/rosidl_typesupport_fastrtps_cpp/stm32_mavlink_msgs/msg/detail/dds_fastrtps/robomaster_motor_command__type_support.cpp.o\x1b[0m\n'}
[11.701939] (stm32_mavlink_msgs) StdoutLine: {'line': b'[ 38%] \x1b[32mBuilding CXX object CMakeFiles/stm32_mavlink_msgs__rosidl_typesupport_fastrtps_cpp.dir/rosidl_typesupport_fastrtps_cpp/stm32_mavlink_msgs/msg/detail/dds_fastrtps/robomaster_motor_state__type_support.cpp.o\x1b[0m\n'}
[11.705636] (-) TimerEvent: {}
[11.717262] (stm32_mavlink_msgs) StdoutLine: {'line': b'[ 38%] \x1b[32mBuilding CXX object CMakeFiles/stm32_mavlink_msgs__rosidl_typesupport_fastrtps_cpp.dir/rosidl_typesupport_fastrtps_cpp/stm32_mavlink_msgs/msg/detail/dds_fastrtps/robomaster_motor_config__type_support.cpp.o\x1b[0m\n'}
[11.729119] (stm32_mavlink_msgs) StdoutLine: {'line': b'[ 38%] \x1b[32mBuilding CXX object CMakeFiles/stm32_mavlink_msgs__rosidl_typesupport_fastrtps_cpp.dir/rosidl_typesupport_fastrtps_cpp/stm32_mavlink_msgs/msg/detail/dds_fastrtps/dc_motor_state__type_support.cpp.o\x1b[0m\n'}
[11.755091] (stm32_mavlink_msgs) StdoutLine: {'line': b'[ 39%] \x1b[32mBuilding CXX object CMakeFiles/stm32_mavlink_msgs__rosidl_typesupport_fastrtps_cpp.dir/rosidl_typesupport_fastrtps_cpp/stm32_mavlink_msgs/msg/detail/dds_fastrtps/dc_motor_command__type_support.cpp.o\x1b[0m\n'}
[11.756019] (stm32_mavlink_msgs) StdoutLine: {'line': b'[ 40%] \x1b[32mBuilding CXX object CMakeFiles/stm32_mavlink_msgs__rosidl_typesupport_c.dir/rosidl_typesupport_c/stm32_mavlink_msgs/msg/solenoid_status__type_support.cpp.o\x1b[0m\n'}
[11.758365] (stm32_mavlink_msgs) StdoutLine: {'line': b'[ 40%] \x1b[32mBuilding CXX object CMakeFiles/stm32_mavlink_msgs__rosidl_typesupport_c.dir/rosidl_typesupport_c/stm32_mavlink_msgs/srv/set_servo_config__type_support.cpp.o\x1b[0m\n'}
[11.792018] (stm32_mavlink_msgs) StdoutLine: {'line': b'[ 40%] Built target stm32_mavlink_msgs__rosidl_typesupport_cpp\n'}
[11.804186] (stm32_mavlink_msgs) StdoutLine: {'line': b'[ 40%] \x1b[32mBuilding CXX object CMakeFiles/stm32_mavlink_msgs__rosidl_typesupport_fastrtps_cpp.dir/rosidl_typesupport_fastrtps_cpp/stm32_mavlink_msgs/msg/detail/dds_fastrtps/dc_motor_config__type_support.cpp.o\x1b[0m\n'}
[11.809956] (stm32_mavlink_msgs) StdoutLine: {'line': b'[ 40%] \x1b[32mBuilding CXX object CMakeFiles/stm32_mavlink_msgs__rosidl_typesupport_c.dir/rosidl_typesupport_c/stm32_mavlink_msgs/srv/set_encoder_config__type_support.cpp.o\x1b[0m\n'}
[11.810698] (-) TimerEvent: {}
[11.812250] (stm32_mavlink_msgs) StdoutLine: {'line': b'[ 41%] \x1b[32mBuilding CXX object CMakeFiles/stm32_mavlink_msgs__rosidl_typesupport_fastrtps_cpp.dir/rosidl_typesupport_fastrtps_cpp/stm32_mavlink_msgs/msg/detail/dds_fastrtps/rs485_motor_command__type_support.cpp.o\x1b[0m\n'}
[11.825050] (stm32_mavlink_msgs) StdoutLine: {'line': b'[ 41%] \x1b[32mBuilding CXX object CMakeFiles/stm32_mavlink_msgs__rosidl_typesupport_fastrtps_cpp.dir/rosidl_typesupport_fastrtps_cpp/stm32_mavlink_msgs/msg/detail/dds_fastrtps/rs485_motor_state__type_support.cpp.o\x1b[0m\n'}
[11.853634] (stm32_mavlink_msgs) StdoutLine: {'line': b'[ 41%] \x1b[32mBuilding CXX object CMakeFiles/stm32_mavlink_msgs__rosidl_typesupport_fastrtps_cpp.dir/rosidl_typesupport_fastrtps_cpp/stm32_mavlink_msgs/msg/detail/dds_fastrtps/rs485_motor_config__type_support.cpp.o\x1b[0m\n'}
[11.899247] (stm32_mavlink_msgs) StdoutLine: {'line': b'[ 42%] \x1b[32mBuilding CXX object CMakeFiles/stm32_mavlink_msgs__rosidl_typesupport_fastrtps_cpp.dir/rosidl_typesupport_fastrtps_cpp/stm32_mavlink_msgs/msg/detail/dds_fastrtps/rs485_read_request__type_support.cpp.o\x1b[0m\n'}
[11.913001] (-) TimerEvent: {}
[11.917379] (stm32_mavlink_msgs) StdoutLine: {'line': b'[ 42%] \x1b[32mBuilding CXX object CMakeFiles/stm32_mavlink_msgs__rosidl_typesupport_fastrtps_cpp.dir/rosidl_typesupport_fastrtps_cpp/stm32_mavlink_msgs/msg/detail/dds_fastrtps/rs485_read_response__type_support.cpp.o\x1b[0m\n'}
[11.919876] (stm32_mavlink_msgs) StdoutLine: {'line': b'[ 43%] \x1b[32mBuilding CXX object CMakeFiles/stm32_mavlink_msgs__rosidl_typesupport_c.dir/rosidl_typesupport_c/stm32_mavlink_msgs/srv/set_robomaster_motor_config__type_support.cpp.o\x1b[0m\n'}
[11.957980] (stm32_mavlink_msgs) StdoutLine: {'line': b'[ 43%] \x1b[32mBuilding CXX object CMakeFiles/stm32_mavlink_msgs__rosidl_typesupport_c.dir/rosidl_typesupport_c/stm32_mavlink_msgs/srv/get_robomaster_motor_config__type_support.cpp.o\x1b[0m\n'}
[11.968562] (stm32_mavlink_msgs) StdoutLine: {'line': b'[ 44%] \x1b[32mBuilding CXX object CMakeFiles/stm32_mavlink_msgs__rosidl_typesupport_fastrtps_cpp.dir/rosidl_typesupport_fastrtps_cpp/stm32_mavlink_msgs/msg/detail/dds_fastrtps/rs485_write_request__type_support.cpp.o\x1b[0m\n'}
[12.013271] (-) TimerEvent: {}
[12.014878] (stm32_mavlink_msgs) StdoutLine: {'line': b'[ 45%] \x1b[32mBuilding CXX object CMakeFiles/stm32_mavlink_msgs__rosidl_typesupport_c.dir/rosidl_typesupport_c/stm32_mavlink_msgs/srv/set_dc_motor_config__type_support.cpp.o\x1b[0m\n'}
[12.117985] (-) TimerEvent: {}
[12.131661] (stm32_mavlink_msgs) StdoutLine: {'line': b'[ 45%] \x1b[32mBuilding CXX object CMakeFiles/stm32_mavlink_msgs__rosidl_typesupport_fastrtps_cpp.dir/rosidl_typesupport_fastrtps_cpp/stm32_mavlink_msgs/msg/detail/dds_fastrtps/rs485_write_response__type_support.cpp.o\x1b[0m\n'}
[12.171137] (stm32_mavlink_msgs) StdoutLine: {'line': b'[ 45%] \x1b[32mBuilding CXX object CMakeFiles/stm32_mavlink_msgs__rosidl_typesupport_fastrtps_cpp.dir/rosidl_typesupport_fastrtps_cpp/stm32_mavlink_msgs/msg/detail/dds_fastrtps/rs485_flash_save_request__type_support.cpp.o\x1b[0m\n'}
[12.218251] (-) TimerEvent: {}
[12.233215] (stm32_mavlink_msgs) StdoutLine: {'line': b'[ 45%] \x1b[32mBuilding CXX object CMakeFiles/stm32_mavlink_msgs__rosidl_typesupport_c.dir/rosidl_typesupport_c/stm32_mavlink_msgs/srv/get_dc_motor_config__type_support.cpp.o\x1b[0m\n'}
[12.318498] (-) TimerEvent: {}
[12.419574] (-) TimerEvent: {}
[12.452942] (stm32_mavlink_msgs) StdoutLine: {'line': b'[ 45%] \x1b[32mBuilding CXX object CMakeFiles/stm32_mavlink_msgs__rosidl_typesupport_c.dir/rosidl_typesupport_c/stm32_mavlink_msgs/srv/read_rs485_param__type_support.cpp.o\x1b[0m\n'}
[12.523034] (-) TimerEvent: {}
[12.624196] (-) TimerEvent: {}
[12.709407] (stm32_mavlink_msgs) StdoutLine: {'line': b'[ 46%] \x1b[32mBuilding CXX object CMakeFiles/stm32_mavlink_msgs__rosidl_typesupport_c.dir/rosidl_typesupport_c/stm32_mavlink_msgs/srv/write_rs485_param__type_support.cpp.o\x1b[0m\n'}
[12.724423] (-) TimerEvent: {}
[12.825461] (-) TimerEvent: {}
[12.929989] (-) TimerEvent: {}
[12.988322] (stm32_mavlink_msgs) StdoutLine: {'line': b'[ 46%] \x1b[32mBuilding CXX object CMakeFiles/stm32_mavlink_msgs__rosidl_typesupport_c.dir/rosidl_typesupport_c/stm32_mavlink_msgs/srv/flash_save_rs485__type_support.cpp.o\x1b[0m\n'}
[13.032027] (-) TimerEvent: {}
[13.135060] (-) TimerEvent: {}
[13.240073] (-) TimerEvent: {}
[13.267053] (stm32_mavlink_msgs) StdoutLine: {'line': b'[ 46%] \x1b[32m\x1b[1mLinking CXX shared library libstm32_mavlink_msgs__rosidl_typesupport_c.so\x1b[0m\n'}
[13.340402] (-) TimerEvent: {}
[13.446077] (-) TimerEvent: {}
[13.543087] (stm32_mavlink_msgs) StdoutLine: {'line': b'[ 46%] \x1b[32mBuilding CXX object CMakeFiles/stm32_mavlink_msgs__rosidl_typesupport_introspection_cpp.dir/rosidl_typesupport_introspection_cpp/stm32_mavlink_msgs/msg/detail/servo_command__type_support.cpp.o\x1b[0m\n'}
[13.550182] (-) TimerEvent: {}
[13.651594] (-) TimerEvent: {}
[13.756237] (-) TimerEvent: {}
[13.839638] (stm32_mavlink_msgs) StdoutLine: {'line': b'[ 46%] Built target stm32_mavlink_msgs__rosidl_typesupport_c\n'}
[13.856510] (-) TimerEvent: {}
[13.951036] (stm32_mavlink_msgs) StdoutLine: {'line': b'[ 46%] \x1b[32mBuilding CXX object CMakeFiles/stm32_mavlink_msgs__rosidl_typesupport_introspection_cpp.dir/rosidl_typesupport_introspection_cpp/stm32_mavlink_msgs/msg/detail/servo_state__type_support.cpp.o\x1b[0m\n'}
[13.960020] (-) TimerEvent: {}
[14.061214] (-) TimerEvent: {}
[14.167362] (-) TimerEvent: {}
[14.205381] (stm32_mavlink_msgs) StdoutLine: {'line': b'[ 47%] \x1b[32mBuilding CXX object CMakeFiles/stm32_mavlink_msgs__rosidl_typesupport_fastrtps_cpp.dir/rosidl_typesupport_fastrtps_cpp/stm32_mavlink_msgs/msg/detail/dds_fastrtps/limit_switch_status__type_support.cpp.o\x1b[0m\n'}
[14.220329] (stm32_mavlink_msgs) StdoutLine: {'line': b'[ 48%] \x1b[32mBuilding CXX object CMakeFiles/stm32_mavlink_msgs__rosidl_typesupport_introspection_cpp.dir/rosidl_typesupport_introspection_cpp/stm32_mavlink_msgs/msg/detail/encoder_state__type_support.cpp.o\x1b[0m\n'}
[14.244403] (stm32_mavlink_msgs) StdoutLine: {'line': b'[ 48%] \x1b[32mBuilding CXX object CMakeFiles/stm32_mavlink_msgs__rosidl_typesupport_introspection_cpp.dir/rosidl_typesupport_introspection_cpp/stm32_mavlink_msgs/msg/detail/encoder_config__type_support.cpp.o\x1b[0m\n'}
[14.270014] (-) TimerEvent: {}
[14.291783] (stm32_mavlink_msgs) StdoutLine: {'line': b'[ 49%] \x1b[32mBuilding CXX object CMakeFiles/stm32_mavlink_msgs__rosidl_typesupport_introspection_cpp.dir/rosidl_typesupport_introspection_cpp/stm32_mavlink_msgs/msg/detail/robomaster_motor_command__type_support.cpp.o\x1b[0m\n'}
[14.335019] (stm32_mavlink_msgs) StdoutLine: {'line': b'[ 49%] \x1b[32mBuilding CXX object CMakeFiles/stm32_mavlink_msgs__rosidl_typesupport_fastrtps_cpp.dir/rosidl_typesupport_fastrtps_cpp/stm32_mavlink_msgs/msg/detail/dds_fastrtps/wtt12_l_status__type_support.cpp.o\x1b[0m\n'}
[14.370288] (-) TimerEvent: {}
[14.391948] (stm32_mavlink_msgs) StdoutLine: {'line': b'[ 49%] \x1b[32mBuilding CXX object CMakeFiles/stm32_mavlink_msgs__rosidl_typesupport_fastrtps_cpp.dir/rosidl_typesupport_fastrtps_cpp/stm32_mavlink_msgs/msg/detail/dds_fastrtps/solenoid_command__type_support.cpp.o\x1b[0m\n'}
[14.471964] (-) TimerEvent: {}
[14.473383] (stm32_mavlink_msgs) StdoutLine: {'line': b'[ 49%] \x1b[32mBuilding CXX object CMakeFiles/stm32_mavlink_msgs__rosidl_typesupport_introspection_cpp.dir/rosidl_typesupport_introspection_cpp/stm32_mavlink_msgs/msg/detail/robomaster_motor_config__type_support.cpp.o\x1b[0m\n'}
[14.491959] (stm32_mavlink_msgs) StdoutLine: {'line': b'[ 49%] \x1b[32mBuilding CXX object CMakeFiles/stm32_mavlink_msgs__rosidl_typesupport_introspection_cpp.dir/rosidl_typesupport_introspection_cpp/stm32_mavlink_msgs/msg/detail/robomaster_motor_state__type_support.cpp.o\x1b[0m\n'}
[14.512846] (stm32_mavlink_msgs) StdoutLine: {'line': b'[ 50%] \x1b[32mBuilding CXX object CMakeFiles/stm32_mavlink_msgs__rosidl_typesupport_fastrtps_cpp.dir/rosidl_typesupport_fastrtps_cpp/stm32_mavlink_msgs/msg/detail/dds_fastrtps/solenoid_status__type_support.cpp.o\x1b[0m\n'}
[14.543198] (stm32_mavlink_msgs) StdoutLine: {'line': b'[ 51%] \x1b[32mBuilding CXX object CMakeFiles/stm32_mavlink_msgs__rosidl_typesupport_introspection_cpp.dir/rosidl_typesupport_introspection_cpp/stm32_mavlink_msgs/msg/detail/dc_motor_command__type_support.cpp.o\x1b[0m\n'}
[14.576057] (-) TimerEvent: {}
[14.600838] (stm32_mavlink_msgs) StdoutLine: {'line': b'[ 51%] \x1b[32mBuilding CXX object CMakeFiles/stm32_mavlink_msgs__rosidl_typesupport_fastrtps_cpp.dir/rosidl_typesupport_fastrtps_cpp/stm32_mavlink_msgs/srv/detail/dds_fastrtps/set_servo_config__type_support.cpp.o\x1b[0m\n'}
[14.634320] (stm32_mavlink_msgs) StdoutLine: {'line': b'[ 51%] \x1b[32mBuilding CXX object CMakeFiles/stm32_mavlink_msgs__rosidl_typesupport_introspection_cpp.dir/rosidl_typesupport_introspection_cpp/stm32_mavlink_msgs/msg/detail/dc_motor_config__type_support.cpp.o\x1b[0m\n'}
[14.646140] (stm32_mavlink_msgs) StdoutLine: {'line': b'[ 51%] \x1b[32mBuilding CXX object CMakeFiles/stm32_mavlink_msgs__rosidl_typesupport_introspection_cpp.dir/rosidl_typesupport_introspection_cpp/stm32_mavlink_msgs/msg/detail/dc_motor_state__type_support.cpp.o\x1b[0m\n'}
[14.676325] (-) TimerEvent: {}
[14.712528] (stm32_mavlink_msgs) StdoutLine: {'line': b'[ 52%] \x1b[32mBuilding CXX object CMakeFiles/stm32_mavlink_msgs__rosidl_typesupport_introspection_cpp.dir/rosidl_typesupport_introspection_cpp/stm32_mavlink_msgs/msg/detail/rs485_motor_command__type_support.cpp.o\x1b[0m\n'}
[14.716931] (stm32_mavlink_msgs) StdoutLine: {'line': b'[ 52%] \x1b[32mBuilding CXX object CMakeFiles/stm32_mavlink_msgs__rosidl_typesupport_fastrtps_cpp.dir/rosidl_typesupport_fastrtps_cpp/stm32_mavlink_msgs/srv/detail/dds_fastrtps/set_encoder_config__type_support.cpp.o\x1b[0m\n'}
[14.779022] (-) TimerEvent: {}
[14.852696] (stm32_mavlink_msgs) StdoutLine: {'line': b'[ 52%] \x1b[32mBuilding CXX object CMakeFiles/stm32_mavlink_msgs__rosidl_typesupport_introspection_cpp.dir/rosidl_typesupport_introspection_cpp/stm32_mavlink_msgs/msg/detail/rs485_motor_state__type_support.cpp.o\x1b[0m\n'}
[14.881051] (-) TimerEvent: {}
[14.913530] (stm32_mavlink_msgs) StdoutLine: {'line': b'[ 53%] \x1b[32mBuilding CXX object CMakeFiles/stm32_mavlink_msgs__rosidl_typesupport_fastrtps_cpp.dir/rosidl_typesupport_fastrtps_cpp/stm32_mavlink_msgs/srv/detail/dds_fastrtps/set_robomaster_motor_config__type_support.cpp.o\x1b[0m\n'}
[14.930989] (stm32_mavlink_msgs) StdoutLine: {'line': b'[ 53%] \x1b[32mBuilding CXX object CMakeFiles/stm32_mavlink_msgs__rosidl_typesupport_introspection_cpp.dir/rosidl_typesupport_introspection_cpp/stm32_mavlink_msgs/msg/detail/rs485_motor_config__type_support.cpp.o\x1b[0m\n'}
[14.981342] (-) TimerEvent: {}
[15.082596] (-) TimerEvent: {}
[15.187040] (-) TimerEvent: {}
[15.288287] (-) TimerEvent: {}
[15.389475] (-) TimerEvent: {}
[15.494330] (-) TimerEvent: {}
[15.595492] (-) TimerEvent: {}
[15.696660] (-) TimerEvent: {}
[15.801044] (-) TimerEvent: {}
[15.902284] (-) TimerEvent: {}
[16.008124] (-) TimerEvent: {}
[16.109567] (-) TimerEvent: {}
[16.215383] (-) TimerEvent: {}
[16.316844] (-) TimerEvent: {}
[16.392734] (stm32_mavlink_msgs) StdoutLine: {'line': b'[ 53%] \x1b[32mBuilding CXX object CMakeFiles/stm32_mavlink_msgs__rosidl_typesupport_fastrtps_cpp.dir/rosidl_typesupport_fastrtps_cpp/stm32_mavlink_msgs/srv/detail/dds_fastrtps/get_robomaster_motor_config__type_support.cpp.o\x1b[0m\n'}
[16.405636] (stm32_mavlink_msgs) StdoutLine: {'line': b'[ 54%] \x1b[32mBuilding CXX object CMakeFiles/stm32_mavlink_msgs__rosidl_typesupport_introspection_cpp.dir/rosidl_typesupport_introspection_cpp/stm32_mavlink_msgs/msg/detail/rs485_read_request__type_support.cpp.o\x1b[0m\n'}
[16.421007] (-) TimerEvent: {}
[16.522227] (-) TimerEvent: {}
[16.623353] (-) TimerEvent: {}
[16.725062] (-) TimerEvent: {}
[16.815968] (stm32_mavlink_msgs) StdoutLine: {'line': b'[ 55%] \x1b[32mBuilding CXX object CMakeFiles/stm32_mavlink_msgs__rosidl_typesupport_fastrtps_cpp.dir/rosidl_typesupport_fastrtps_cpp/stm32_mavlink_msgs/srv/detail/dds_fastrtps/set_dc_motor_config__type_support.cpp.o\x1b[0m\n'}
[16.825253] (-) TimerEvent: {}
[16.926311] (-) TimerEvent: {}
[16.959297] (stm32_mavlink_msgs) StdoutLine: {'line': b'[ 55%] \x1b[32mBuilding CXX object CMakeFiles/stm32_mavlink_msgs__rosidl_typesupport_fastrtps_cpp.dir/rosidl_typesupport_fastrtps_cpp/stm32_mavlink_msgs/srv/detail/dds_fastrtps/get_dc_motor_config__type_support.cpp.o\x1b[0m\n'}
[17.024370] (stm32_mavlink_msgs) StdoutLine: {'line': b'[ 55%] \x1b[32mBuilding CXX object CMakeFiles/stm32_mavlink_msgs__rosidl_typesupport_fastrtps_cpp.dir/rosidl_typesupport_fastrtps_cpp/stm32_mavlink_msgs/srv/detail/dds_fastrtps/read_rs485_param__type_support.cpp.o\x1b[0m\n'}
[17.028673] (-) TimerEvent: {}
[17.045375] (stm32_mavlink_msgs) StdoutLine: {'line': b'[ 55%] \x1b[32mBuilding CXX object CMakeFiles/stm32_mavlink_msgs__rosidl_typesupport_introspection_cpp.dir/rosidl_typesupport_introspection_cpp/stm32_mavlink_msgs/msg/detail/rs485_read_response__type_support.cpp.o\x1b[0m\n'}
[17.131013] (-) TimerEvent: {}
[17.140339] (stm32_mavlink_msgs) StdoutLine: {'line': b'[ 56%] \x1b[32mBuilding CXX object CMakeFiles/stm32_mavlink_msgs__rosidl_typesupport_fastrtps_cpp.dir/rosidl_typesupport_fastrtps_cpp/stm32_mavlink_msgs/srv/detail/dds_fastrtps/write_rs485_param__type_support.cpp.o\x1b[0m\n'}
[17.168304] (stm32_mavlink_msgs) StdoutLine: {'line': b'[ 56%] \x1b[32mBuilding CXX object CMakeFiles/stm32_mavlink_msgs__rosidl_typesupport_fastrtps_cpp.dir/rosidl_typesupport_fastrtps_cpp/stm32_mavlink_msgs/srv/detail/dds_fastrtps/flash_save_rs485__type_support.cpp.o\x1b[0m\n'}
[17.217071] (stm32_mavlink_msgs) StdoutLine: {'line': b'[ 56%] \x1b[32mBuilding CXX object CMakeFiles/stm32_mavlink_msgs__rosidl_typesupport_introspection_cpp.dir/rosidl_typesupport_introspection_cpp/stm32_mavlink_msgs/msg/detail/rs485_write_response__type_support.cpp.o\x1b[0m\n'}
[17.231264] (-) TimerEvent: {}
[17.251936] (stm32_mavlink_msgs) StdoutLine: {'line': b'[ 57%] \x1b[32mBuilding CXX object CMakeFiles/stm32_mavlink_msgs__rosidl_typesupport_introspection_cpp.dir/rosidl_typesupport_introspection_cpp/stm32_mavlink_msgs/msg/detail/rs485_write_request__type_support.cpp.o\x1b[0m\n'}
[17.315149] (stm32_mavlink_msgs) StdoutLine: {'line': b'[ 57%] \x1b[32mBuilding CXX object CMakeFiles/stm32_mavlink_msgs__rosidl_typesupport_introspection_cpp.dir/rosidl_typesupport_introspection_cpp/stm32_mavlink_msgs/msg/detail/rs485_flash_save_request__type_support.cpp.o\x1b[0m\n'}
[17.323230] (stm32_mavlink_msgs) StdoutLine: {'line': b'[ 58%] \x1b[32mBuilding CXX object CMakeFiles/stm32_mavlink_msgs__rosidl_typesupport_introspection_cpp.dir/rosidl_typesupport_introspection_cpp/stm32_mavlink_msgs/msg/detail/limit_switch_status__type_support.cpp.o\x1b[0m\n'}
[17.333003] (-) TimerEvent: {}
[17.352017] (stm32_mavlink_msgs) StdoutLine: {'line': b'[ 58%] \x1b[32mBuilding CXX object CMakeFiles/stm32_mavlink_msgs__rosidl_typesupport_introspection_cpp.dir/rosidl_typesupport_introspection_cpp/stm32_mavlink_msgs/msg/detail/wtt12_l_status__type_support.cpp.o\x1b[0m\n'}
[17.433325] (-) TimerEvent: {}
[17.442008] (stm32_mavlink_msgs) StdoutLine: {'line': b'[ 58%] \x1b[32mBuilding CXX object CMakeFiles/stm32_mavlink_msgs__rosidl_typesupport_introspection_cpp.dir/rosidl_typesupport_introspection_cpp/stm32_mavlink_msgs/msg/detail/solenoid_command__type_support.cpp.o\x1b[0m\n'}
[17.446321] (stm32_mavlink_msgs) StdoutLine: {'line': b'[ 59%] \x1b[32mBuilding CXX object CMakeFiles/stm32_mavlink_msgs__rosidl_typesupport_introspection_cpp.dir/rosidl_typesupport_introspection_cpp/stm32_mavlink_msgs/msg/detail/solenoid_status__type_support.cpp.o\x1b[0m\n'}
[17.535903] (-) TimerEvent: {}
[17.637242] (-) TimerEvent: {}
[17.742573] (-) TimerEvent: {}
[17.777061] (stm32_mavlink_msgs) StdoutLine: {'line': b'[ 59%] \x1b[32mBuilding CXX object CMakeFiles/stm32_mavlink_msgs__rosidl_typesupport_introspection_cpp.dir/rosidl_typesupport_introspection_cpp/stm32_mavlink_msgs/srv/detail/set_servo_config__type_support.cpp.o\x1b[0m\n'}
[17.846073] (-) TimerEvent: {}
[17.863133] (stm32_mavlink_msgs) StdoutLine: {'line': b'[ 60%] \x1b[32mBuilding CXX object CMakeFiles/stm32_mavlink_msgs__rosidl_typesupport_introspection_cpp.dir/rosidl_typesupport_introspection_cpp/stm32_mavlink_msgs/srv/detail/set_encoder_config__type_support.cpp.o\x1b[0m\n'}
[17.948077] (stm32_mavlink_msgs) StdoutLine: {'line': b'[ 60%] \x1b[32mBuilding CXX object CMakeFiles/stm32_mavlink_msgs__rosidl_typesupport_introspection_cpp.dir/rosidl_typesupport_introspection_cpp/stm32_mavlink_msgs/srv/detail/set_robomaster_motor_config__type_support.cpp.o\x1b[0m\n'}
[17.949965] (-) TimerEvent: {}
[17.986065] (stm32_mavlink_msgs) StdoutLine: {'line': b'[ 60%] \x1b[32mBuilding CXX object CMakeFiles/stm32_mavlink_msgs__rosidl_typesupport_introspection_cpp.dir/rosidl_typesupport_introspection_cpp/stm32_mavlink_msgs/srv/detail/get_robomaster_motor_config__type_support.cpp.o\x1b[0m\n'}
[18.005345] (stm32_mavlink_msgs) StdoutLine: {'line': b'[ 61%] \x1b[32mBuilding CXX object CMakeFiles/stm32_mavlink_msgs__rosidl_typesupport_introspection_cpp.dir/rosidl_typesupport_introspection_cpp/stm32_mavlink_msgs/srv/detail/set_dc_motor_config__type_support.cpp.o\x1b[0m\n'}
[18.026125] (stm32_mavlink_msgs) StdoutLine: {'line': b'[ 61%] \x1b[32mBuilding C object CMakeFiles/stm32_mavlink_msgs__rosidl_typesupport_introspection_c.dir/rosidl_typesupport_introspection_c/stm32_mavlink_msgs/msg/detail/servo_command__type_support.c.o\x1b[0m\n'}
[18.050270] (-) TimerEvent: {}
[18.154377] (-) TimerEvent: {}
[18.255585] (-) TimerEvent: {}
[18.357057] (-) TimerEvent: {}
[18.364533] (stm32_mavlink_msgs) StdoutLine: {'line': b'[ 62%] \x1b[32mBuilding C object CMakeFiles/stm32_mavlink_msgs__rosidl_typesupport_introspection_c.dir/rosidl_typesupport_introspection_c/stm32_mavlink_msgs/msg/detail/servo_state__type_support.c.o\x1b[0m\n'}
[18.457283] (-) TimerEvent: {}
[18.561270] (-) TimerEvent: {}
[18.642361] (stm32_mavlink_msgs) StdoutLine: {'line': b'[ 62%] \x1b[32mBuilding C object CMakeFiles/stm32_mavlink_msgs__rosidl_typesupport_introspection_c.dir/rosidl_typesupport_introspection_c/stm32_mavlink_msgs/msg/detail/encoder_state__type_support.c.o\x1b[0m\n'}
[18.664995] (-) TimerEvent: {}
[18.766039] (-) TimerEvent: {}
[18.867148] (-) TimerEvent: {}
[18.949087] (stm32_mavlink_msgs) StdoutLine: {'line': b'[ 62%] \x1b[32mBuilding C object CMakeFiles/stm32_mavlink_msgs__rosidl_typesupport_introspection_c.dir/rosidl_typesupport_introspection_c/stm32_mavlink_msgs/msg/detail/encoder_config__type_support.c.o\x1b[0m\n'}
[18.967434] (-) TimerEvent: {}
[19.034992] (stm32_mavlink_msgs) StdoutLine: {'line': b'[ 62%] \x1b[32mBuilding CXX object CMakeFiles/stm32_mavlink_msgs__rosidl_typesupport_fastrtps_c.dir/rosidl_typesupport_fastrtps_c/stm32_mavlink_msgs/msg/detail/servo_command__type_support_c.cpp.o\x1b[0m\n'}
[19.067707] (-) TimerEvent: {}
[19.125780] (stm32_mavlink_msgs) StdoutLine: {'line': b'[ 62%] \x1b[32mBuilding CXX object CMakeFiles/stm32_mavlink_msgs__rosidl_typesupport_fastrtps_c.dir/rosidl_typesupport_fastrtps_c/stm32_mavlink_msgs/msg/detail/servo_state__type_support_c.cpp.o\x1b[0m\n'}
[19.168016] (-) TimerEvent: {}
[19.270159] (-) TimerEvent: {}
[19.288415] (stm32_mavlink_msgs) StdoutLine: {'line': b'[ 63%] \x1b[32mBuilding C object CMakeFiles/stm32_mavlink_msgs__rosidl_typesupport_introspection_c.dir/rosidl_typesupport_introspection_c/stm32_mavlink_msgs/msg/detail/robomaster_motor_command__type_support.c.o\x1b[0m\n'}
[19.372089] (-) TimerEvent: {}
[19.486615] (-) TimerEvent: {}
[19.584704] (stm32_mavlink_msgs) StdoutLine: {'line': b'[ 63%] \x1b[32mBuilding C object CMakeFiles/stm32_mavlink_msgs__rosidl_typesupport_introspection_c.dir/rosidl_typesupport_introspection_c/stm32_mavlink_msgs/msg/detail/robomaster_motor_state__type_support.c.o\x1b[0m\n'}
[19.589227] (-) TimerEvent: {}
[19.669096] (stm32_mavlink_msgs) StdoutLine: {'line': b'[ 64%] \x1b[32mBuilding CXX object CMakeFiles/stm32_mavlink_msgs__rosidl_typesupport_fastrtps_c.dir/rosidl_typesupport_fastrtps_c/stm32_mavlink_msgs/msg/detail/encoder_state__type_support_c.cpp.o\x1b[0m\n'}
[19.689506] (-) TimerEvent: {}
[19.791195] (-) TimerEvent: {}
[19.849712] (stm32_mavlink_msgs) StdoutLine: {'line': b'[ 64%] \x1b[32mBuilding CXX object CMakeFiles/stm32_mavlink_msgs__rosidl_typesupport_introspection_cpp.dir/rosidl_typesupport_introspection_cpp/stm32_mavlink_msgs/srv/detail/get_dc_motor_config__type_support.cpp.o\x1b[0m\n'}
[19.888691] (stm32_mavlink_msgs) StdoutLine: {'line': b'[ 64%] \x1b[32mBuilding CXX object CMakeFiles/stm32_mavlink_msgs__rosidl_typesupport_introspection_cpp.dir/rosidl_typesupport_introspection_cpp/stm32_mavlink_msgs/srv/detail/read_rs485_param__type_support.cpp.o\x1b[0m\n'}
[19.892852] (-) TimerEvent: {}
[19.895068] (stm32_mavlink_msgs) StdoutLine: {'line': b'[ 64%] \x1b[32mBuilding C object CMakeFiles/stm32_mavlink_msgs__rosidl_typesupport_introspection_c.dir/rosidl_typesupport_introspection_c/stm32_mavlink_msgs/msg/detail/robomaster_motor_config__type_support.c.o\x1b[0m\n'}
[19.933274] (stm32_mavlink_msgs) StdoutLine: {'line': b'[ 65%] \x1b[32mBuilding CXX object CMakeFiles/stm32_mavlink_msgs__rosidl_typesupport_introspection_cpp.dir/rosidl_typesupport_introspection_cpp/stm32_mavlink_msgs/srv/detail/write_rs485_param__type_support.cpp.o\x1b[0m\n'}
[19.945248] (stm32_mavlink_msgs) StdoutLine: {'line': b'[ 65%] \x1b[32mBuilding CXX object CMakeFiles/stm32_mavlink_msgs__rosidl_typesupport_fastrtps_c.dir/rosidl_typesupport_fastrtps_c/stm32_mavlink_msgs/msg/detail/encoder_config__type_support_c.cpp.o\x1b[0m\n'}
[19.995082] (stm32_mavlink_msgs) StdoutLine: {'line': b'[ 65%] \x1b[32mBuilding CXX object CMakeFiles/stm32_mavlink_msgs__rosidl_typesupport_introspection_cpp.dir/rosidl_typesupport_introspection_cpp/stm32_mavlink_msgs/srv/detail/flash_save_rs485__type_support.cpp.o\x1b[0m\n'}
[19.996092] (-) TimerEvent: {}
[20.014812] (stm32_mavlink_msgs) StdoutLine: {'line': b'[ 66%] \x1b[32mBuilding C object CMakeFiles/stm32_mavlink_msgs__rosidl_typesupport_introspection_c.dir/rosidl_typesupport_introspection_c/stm32_mavlink_msgs/msg/detail/dc_motor_command__type_support.c.o\x1b[0m\n'}
[20.096414] (-) TimerEvent: {}
[20.100601] (stm32_mavlink_msgs) StdoutLine: {'line': b'[ 66%] \x1b[32m\x1b[1mLinking CXX shared library libstm32_mavlink_msgs__rosidl_typesupport_fastrtps_cpp.so\x1b[0m\n'}
[20.118344] (stm32_mavlink_msgs) StdoutLine: {'line': b'[ 66%] \x1b[32mBuilding C object CMakeFiles/stm32_mavlink_msgs__rosidl_typesupport_introspection_c.dir/rosidl_typesupport_introspection_c/stm32_mavlink_msgs/msg/detail/dc_motor_state__type_support.c.o\x1b[0m\n'}
[20.156379] (stm32_mavlink_msgs) StdoutLine: {'line': b'[ 67%] \x1b[32mBuilding CXX object CMakeFiles/stm32_mavlink_msgs__rosidl_typesupport_fastrtps_c.dir/rosidl_typesupport_fastrtps_c/stm32_mavlink_msgs/msg/detail/robomaster_motor_command__type_support_c.cpp.o\x1b[0m\n'}
[20.194387] (stm32_mavlink_msgs) StdoutLine: {'line': b'[ 67%] \x1b[32mBuilding C object CMakeFiles/stm32_mavlink_msgs__rosidl_typesupport_introspection_c.dir/rosidl_typesupport_introspection_c/stm32_mavlink_msgs/msg/detail/dc_motor_config__type_support.c.o\x1b[0m\n'}
[20.198694] (-) TimerEvent: {}
[20.227832] (stm32_mavlink_msgs) StdoutLine: {'line': b'[ 68%] \x1b[32mBuilding C object CMakeFiles/stm32_mavlink_msgs__rosidl_typesupport_introspection_c.dir/rosidl_typesupport_introspection_c/stm32_mavlink_msgs/msg/detail/rs485_motor_command__type_support.c.o\x1b[0m\n'}
[20.299030] (-) TimerEvent: {}
[20.304865] (stm32_mavlink_msgs) StdoutLine: {'line': b'[ 68%] \x1b[32mBuilding CXX object CMakeFiles/stm32_mavlink_msgs__rosidl_typesupport_fastrtps_c.dir/rosidl_typesupport_fastrtps_c/stm32_mavlink_msgs/msg/detail/robomaster_motor_state__type_support_c.cpp.o\x1b[0m\n'}
[20.375051] (stm32_mavlink_msgs) StdoutLine: {'line': b'[ 68%] \x1b[32mBuilding CXX object CMakeFiles/stm32_mavlink_msgs__rosidl_typesupport_fastrtps_c.dir/rosidl_typesupport_fastrtps_c/stm32_mavlink_msgs/msg/detail/robomaster_motor_config__type_support_c.cpp.o\x1b[0m\n'}
[20.399340] (-) TimerEvent: {}
[20.416190] (stm32_mavlink_msgs) StdoutLine: {'line': b'[ 68%] \x1b[32mBuilding C object CMakeFiles/stm32_mavlink_msgs__rosidl_typesupport_introspection_c.dir/rosidl_typesupport_introspection_c/stm32_mavlink_msgs/msg/detail/rs485_motor_state__type_support.c.o\x1b[0m\n'}
[20.432261] (stm32_mavlink_msgs) StdoutLine: {'line': b'[ 69%] \x1b[32mBuilding C object CMakeFiles/stm32_mavlink_msgs__rosidl_typesupport_introspection_c.dir/rosidl_typesupport_introspection_c/stm32_mavlink_msgs/msg/detail/rs485_motor_config__type_support.c.o\x1b[0m\n'}
[20.448043] (stm32_mavlink_msgs) StdoutLine: {'line': b'[ 70%] \x1b[32mBuilding CXX object CMakeFiles/stm32_mavlink_msgs__rosidl_typesupport_fastrtps_c.dir/rosidl_typesupport_fastrtps_c/stm32_mavlink_msgs/msg/detail/dc_motor_command__type_support_c.cpp.o\x1b[0m\n'}
[20.479039] (stm32_mavlink_msgs) StdoutLine: {'line': b'[ 70%] \x1b[32mBuilding CXX object CMakeFiles/stm32_mavlink_msgs__rosidl_typesupport_fastrtps_c.dir/rosidl_typesupport_fastrtps_c/stm32_mavlink_msgs/msg/detail/dc_motor_state__type_support_c.cpp.o\x1b[0m\n'}
[20.499598] (-) TimerEvent: {}
[20.539683] (stm32_mavlink_msgs) StdoutLine: {'line': b'[ 70%] \x1b[32mBuilding C object CMakeFiles/stm32_mavlink_msgs__rosidl_typesupport_introspection_c.dir/rosidl_typesupport_introspection_c/stm32_mavlink_msgs/msg/detail/rs485_read_request__type_support.c.o\x1b[0m\n'}
[20.559908] (stm32_mavlink_msgs) StdoutLine: {'line': b'[ 70%] \x1b[32mBuilding CXX object CMakeFiles/stm32_mavlink_msgs__rosidl_typesupport_fastrtps_c.dir/rosidl_typesupport_fastrtps_c/stm32_mavlink_msgs/msg/detail/dc_motor_config__type_support_c.cpp.o\x1b[0m\n'}
[20.603032] (-) TimerEvent: {}
[20.640441] (stm32_mavlink_msgs) StdoutLine: {'line': b'[ 71%] \x1b[32mBuilding CXX object CMakeFiles/stm32_mavlink_msgs__rosidl_typesupport_fastrtps_c.dir/rosidl_typesupport_fastrtps_c/stm32_mavlink_msgs/msg/detail/rs485_motor_command__type_support_c.cpp.o\x1b[0m\n'}
[20.678292] (stm32_mavlink_msgs) StdoutLine: {'line': b'[ 71%] \x1b[32mBuilding CXX object CMakeFiles/stm32_mavlink_msgs__rosidl_typesupport_fastrtps_c.dir/rosidl_typesupport_fastrtps_c/stm32_mavlink_msgs/msg/detail/rs485_motor_state__type_support_c.cpp.o\x1b[0m\n'}
[20.703333] (-) TimerEvent: {}
[20.718284] (stm32_mavlink_msgs) StdoutLine: {'line': b'[ 72%] \x1b[32mBuilding CXX object CMakeFiles/stm32_mavlink_msgs__rosidl_typesupport_fastrtps_c.dir/rosidl_typesupport_fastrtps_c/stm32_mavlink_msgs/msg/detail/rs485_read_request__type_support_c.cpp.o\x1b[0m\n'}
[20.719206] (stm32_mavlink_msgs) StdoutLine: {'line': b'[ 72%] \x1b[32mBuilding CXX object CMakeFiles/stm32_mavlink_msgs__rosidl_typesupport_fastrtps_c.dir/rosidl_typesupport_fastrtps_c/stm32_mavlink_msgs/msg/detail/rs485_motor_config__type_support_c.cpp.o\x1b[0m\n'}
[20.722765] (stm32_mavlink_msgs) StdoutLine: {'line': b'[ 72%] \x1b[32mBuilding C object CMakeFiles/stm32_mavlink_msgs__rosidl_typesupport_introspection_c.dir/rosidl_typesupport_introspection_c/stm32_mavlink_msgs/msg/detail/rs485_read_response__type_support.c.o\x1b[0m\n'}
[20.764988] (stm32_mavlink_msgs) StdoutLine: {'line': b'[ 72%] Built target stm32_mavlink_msgs__rosidl_typesupport_fastrtps_cpp\n'}
[20.772863] (stm32_mavlink_msgs) StdoutLine: {'line': b'[ 73%] \x1b[32mBuilding C object CMakeFiles/stm32_mavlink_msgs__rosidl_typesupport_introspection_c.dir/rosidl_typesupport_introspection_c/stm32_mavlink_msgs/msg/detail/rs485_write_request__type_support.c.o\x1b[0m\n'}
[20.793976] (stm32_mavlink_msgs) StdoutLine: {'line': b'[ 73%] \x1b[32mBuilding C object CMakeFiles/stm32_mavlink_msgs__rosidl_typesupport_introspection_c.dir/rosidl_typesupport_introspection_c/stm32_mavlink_msgs/msg/detail/rs485_write_response__type_support.c.o\x1b[0m\n'}
[20.803504] (-) TimerEvent: {}
[20.839875] (stm32_mavlink_msgs) StdoutLine: {'line': b'[ 73%] \x1b[32mBuilding CXX object CMakeFiles/stm32_mavlink_msgs__rosidl_typesupport_fastrtps_c.dir/rosidl_typesupport_fastrtps_c/stm32_mavlink_msgs/msg/detail/rs485_read_response__type_support_c.cpp.o\x1b[0m\n'}
[20.905138] (-) TimerEvent: {}
[20.959127] (stm32_mavlink_msgs) StdoutLine: {'line': b'[ 74%] \x1b[32mBuilding CXX object CMakeFiles/stm32_mavlink_msgs__rosidl_typesupport_fastrtps_c.dir/rosidl_typesupport_fastrtps_c/stm32_mavlink_msgs/msg/detail/rs485_write_request__type_support_c.cpp.o\x1b[0m\n'}
[21.005394] (-) TimerEvent: {}
[21.010492] (stm32_mavlink_msgs) StdoutLine: {'line': b'[ 74%] \x1b[32mBuilding CXX object CMakeFiles/stm32_mavlink_msgs__rosidl_typesupport_fastrtps_c.dir/rosidl_typesupport_fastrtps_c/stm32_mavlink_msgs/msg/detail/rs485_write_response__type_support_c.cpp.o\x1b[0m\n'}
[21.012892] (stm32_mavlink_msgs) StdoutLine: {'line': b'[ 74%] \x1b[32mBuilding C object CMakeFiles/stm32_mavlink_msgs__rosidl_typesupport_introspection_c.dir/rosidl_typesupport_introspection_c/stm32_mavlink_msgs/msg/detail/rs485_flash_save_request__type_support.c.o\x1b[0m\n'}
[21.105657] (-) TimerEvent: {}
[21.206823] (-) TimerEvent: {}
[21.211523] (stm32_mavlink_msgs) StdoutLine: {'line': b'[ 75%] \x1b[32mBuilding C object CMakeFiles/stm32_mavlink_msgs__rosidl_typesupport_introspection_c.dir/rosidl_typesupport_introspection_c/stm32_mavlink_msgs/msg/detail/limit_switch_status__type_support.c.o\x1b[0m\n'}
[21.307006] (-) TimerEvent: {}
[21.408007] (-) TimerEvent: {}
[21.464293] (stm32_mavlink_msgs) StdoutLine: {'line': b'[ 75%] \x1b[32mBuilding CXX object CMakeFiles/stm32_mavlink_msgs__rosidl_typesupport_fastrtps_c.dir/rosidl_typesupport_fastrtps_c/stm32_mavlink_msgs/msg/detail/rs485_flash_save_request__type_support_c.cpp.o\x1b[0m\n'}
[21.511986] (-) TimerEvent: {}
[21.613070] (-) TimerEvent: {}
[21.636083] (stm32_mavlink_msgs) StdoutLine: {'line': b'[ 75%] \x1b[32mBuilding C object CMakeFiles/stm32_mavlink_msgs__rosidl_typesupport_introspection_c.dir/rosidl_typesupport_introspection_c/stm32_mavlink_msgs/msg/detail/wtt12_l_status__type_support.c.o\x1b[0m\n'}
[21.712344] (stm32_mavlink_msgs) StdoutLine: {'line': b'[ 76%] \x1b[32mBuilding C object CMakeFiles/stm32_mavlink_msgs__rosidl_typesupport_introspection_c.dir/rosidl_typesupport_introspection_c/stm32_mavlink_msgs/msg/detail/solenoid_command__type_support.c.o\x1b[0m\n'}
[21.713199] (-) TimerEvent: {}
[21.814363] (-) TimerEvent: {}
[21.919338] (-) TimerEvent: {}
[21.936644] (stm32_mavlink_msgs) StdoutLine: {'line': b'[ 76%] \x1b[32mBuilding C object CMakeFiles/stm32_mavlink_msgs__rosidl_typesupport_introspection_c.dir/rosidl_typesupport_introspection_c/stm32_mavlink_msgs/msg/detail/solenoid_status__type_support.c.o\x1b[0m\n'}
[22.002042] (stm32_mavlink_msgs) StdoutLine: {'line': b'[ 76%] \x1b[32mBuilding C object CMakeFiles/stm32_mavlink_msgs__rosidl_typesupport_introspection_c.dir/rosidl_typesupport_introspection_c/stm32_mavlink_msgs/srv/detail/set_servo_config__type_support.c.o\x1b[0m\n'}
[22.019600] (-) TimerEvent: {}
[22.124715] (-) TimerEvent: {}
[22.134185] (stm32_mavlink_msgs) StdoutLine: {'line': b'[ 77%] \x1b[32mBuilding C object CMakeFiles/stm32_mavlink_msgs__rosidl_typesupport_introspection_c.dir/rosidl_typesupport_introspection_c/stm32_mavlink_msgs/srv/detail/set_encoder_config__type_support.c.o\x1b[0m\n'}
[22.135499] (stm32_mavlink_msgs) StdoutLine: {'line': b'[ 77%] \x1b[32mBuilding C object CMakeFiles/stm32_mavlink_msgs__rosidl_typesupport_introspection_c.dir/rosidl_typesupport_introspection_c/stm32_mavlink_msgs/srv/detail/set_robomaster_motor_config__type_support.c.o\x1b[0m\n'}
[22.226082] (-) TimerEvent: {}
[22.282425] (stm32_mavlink_msgs) StdoutLine: {'line': b'[ 77%] \x1b[32mBuilding C object CMakeFiles/stm32_mavlink_msgs__rosidl_typesupport_introspection_c.dir/rosidl_typesupport_introspection_c/stm32_mavlink_msgs/srv/detail/get_robomaster_motor_config__type_support.c.o\x1b[0m\n'}
[22.325093] (stm32_mavlink_msgs) StdoutLine: {'line': b'[ 78%] \x1b[32mBuilding C object CMakeFiles/stm32_mavlink_msgs__rosidl_typesupport_introspection_c.dir/rosidl_typesupport_introspection_c/stm32_mavlink_msgs/srv/detail/set_dc_motor_config__type_support.c.o\x1b[0m\n'}
[22.326066] (-) TimerEvent: {}
[22.358629] (stm32_mavlink_msgs) StdoutLine: {'line': b'[ 78%] \x1b[32mBuilding C object CMakeFiles/stm32_mavlink_msgs__rosidl_typesupport_introspection_c.dir/rosidl_typesupport_introspection_c/stm32_mavlink_msgs/srv/detail/get_dc_motor_config__type_support.c.o\x1b[0m\n'}
[22.390893] (stm32_mavlink_msgs) StdoutLine: {'line': b'[ 78%] \x1b[32mBuilding C object CMakeFiles/stm32_mavlink_msgs__rosidl_typesupport_introspection_c.dir/rosidl_typesupport_introspection_c/stm32_mavlink_msgs/srv/detail/read_rs485_param__type_support.c.o\x1b[0m\n'}
[22.426411] (-) TimerEvent: {}
[22.439205] (stm32_mavlink_msgs) StdoutLine: {'line': b'[ 79%] \x1b[32mBuilding C object CMakeFiles/stm32_mavlink_msgs__rosidl_typesupport_introspection_c.dir/rosidl_typesupport_introspection_c/stm32_mavlink_msgs/srv/detail/write_rs485_param__type_support.c.o\x1b[0m\n'}
[22.493465] (stm32_mavlink_msgs) StdoutLine: {'line': b'[ 80%] \x1b[32mBuilding CXX object CMakeFiles/stm32_mavlink_msgs__rosidl_typesupport_fastrtps_c.dir/rosidl_typesupport_fastrtps_c/stm32_mavlink_msgs/msg/detail/limit_switch_status__type_support_c.cpp.o\x1b[0m\n'}
[22.498515] (stm32_mavlink_msgs) StdoutLine: {'line': b'[ 80%] \x1b[32mBuilding C object CMakeFiles/stm32_mavlink_msgs__rosidl_typesupport_introspection_c.dir/rosidl_typesupport_introspection_c/stm32_mavlink_msgs/srv/detail/flash_save_rs485__type_support.c.o\x1b[0m\n'}
[22.526734] (-) TimerEvent: {}
[22.533195] (stm32_mavlink_msgs) StdoutLine: {'line': b'[ 80%] \x1b[32mBuilding CXX object CMakeFiles/stm32_mavlink_msgs__rosidl_typesupport_fastrtps_c.dir/rosidl_typesupport_fastrtps_c/stm32_mavlink_msgs/msg/detail/wtt12_l_status__type_support_c.cpp.o\x1b[0m\n'}
[22.535135] (stm32_mavlink_msgs) StdoutLine: {'line': b'[ 80%] \x1b[32mBuilding CXX object CMakeFiles/stm32_mavlink_msgs__rosidl_typesupport_fastrtps_c.dir/rosidl_typesupport_fastrtps_c/stm32_mavlink_msgs/msg/detail/solenoid_command__type_support_c.cpp.o\x1b[0m\n'}
[22.569061] (stm32_mavlink_msgs) StdoutLine: {'line': b'[ 81%] \x1b[32mBuilding CXX object CMakeFiles/stm32_mavlink_msgs__rosidl_typesupport_fastrtps_c.dir/rosidl_typesupport_fastrtps_c/stm32_mavlink_msgs/msg/detail/solenoid_status__type_support_c.cpp.o\x1b[0m\n'}
[22.588652] (stm32_mavlink_msgs) StdoutLine: {'line': b'[ 81%] \x1b[32mBuilding CXX object CMakeFiles/stm32_mavlink_msgs__rosidl_typesupport_fastrtps_c.dir/rosidl_typesupport_fastrtps_c/stm32_mavlink_msgs/srv/detail/set_servo_config__type_support_c.cpp.o\x1b[0m\n'}
[22.631074] (-) TimerEvent: {}
[22.658304] (stm32_mavlink_msgs) StdoutLine: {'line': b'[ 82%] \x1b[32m\x1b[1mLinking CXX shared library libstm32_mavlink_msgs__rosidl_typesupport_introspection_cpp.so\x1b[0m\n'}
[22.663428] (stm32_mavlink_msgs) StdoutLine: {'line': b'[ 82%] \x1b[32mBuilding CXX object CMakeFiles/stm32_mavlink_msgs__rosidl_typesupport_fastrtps_c.dir/rosidl_typesupport_fastrtps_c/stm32_mavlink_msgs/srv/detail/set_robomaster_motor_config__type_support_c.cpp.o\x1b[0m\n'}
[22.670166] (stm32_mavlink_msgs) StdoutLine: {'line': b'[ 83%] \x1b[32mBuilding CXX object CMakeFiles/stm32_mavlink_msgs__rosidl_typesupport_fastrtps_c.dir/rosidl_typesupport_fastrtps_c/stm32_mavlink_msgs/srv/detail/set_encoder_config__type_support_c.cpp.o\x1b[0m\n'}
[22.680445] (stm32_mavlink_msgs) StdoutLine: {'line': b'[ 83%] \x1b[32mBuilding CXX object CMakeFiles/stm32_mavlink_msgs__rosidl_typesupport_fastrtps_c.dir/rosidl_typesupport_fastrtps_c/stm32_mavlink_msgs/srv/detail/get_robomaster_motor_config__type_support_c.cpp.o\x1b[0m\n'}
[22.734099] (-) TimerEvent: {}
[22.759539] (stm32_mavlink_msgs) StdoutLine: {'line': b'[ 84%] \x1b[32mBuilding CXX object CMakeFiles/stm32_mavlink_msgs__rosidl_typesupport_fastrtps_c.dir/rosidl_typesupport_fastrtps_c/stm32_mavlink_msgs/srv/detail/set_dc_motor_config__type_support_c.cpp.o\x1b[0m\n'}
[22.776341] (stm32_mavlink_msgs) StdoutLine: {'line': b'[ 85%] \x1b[32m\x1b[1mLinking C shared library libstm32_mavlink_msgs__rosidl_typesupport_introspection_c.so\x1b[0m\n'}
[22.777926] (stm32_mavlink_msgs) StdoutLine: {'line': b'[ 85%] \x1b[32mBuilding CXX object CMakeFiles/stm32_mavlink_msgs__rosidl_typesupport_fastrtps_c.dir/rosidl_typesupport_fastrtps_c/stm32_mavlink_msgs/srv/detail/get_dc_motor_config__type_support_c.cpp.o\x1b[0m\n'}
[22.788186] (stm32_mavlink_msgs) StdoutLine: {'line': b'[ 85%] \x1b[32mBuilding CXX object CMakeFiles/stm32_mavlink_msgs__rosidl_typesupport_fastrtps_c.dir/rosidl_typesupport_fastrtps_c/stm32_mavlink_msgs/srv/detail/read_rs485_param__type_support_c.cpp.o\x1b[0m\n'}
[22.790863] (stm32_mavlink_msgs) StdoutLine: {'line': b'[ 86%] \x1b[32mBuilding CXX object CMakeFiles/stm32_mavlink_msgs__rosidl_typesupport_fastrtps_c.dir/rosidl_typesupport_fastrtps_c/stm32_mavlink_msgs/srv/detail/write_rs485_param__type_support_c.cpp.o\x1b[0m\n'}
[22.834293] (-) TimerEvent: {}
[22.910480] (stm32_mavlink_msgs) StdoutLine: {'line': b'[ 86%] \x1b[32mBuilding CXX object CMakeFiles/stm32_mavlink_msgs__rosidl_typesupport_fastrtps_c.dir/rosidl_typesupport_fastrtps_c/stm32_mavlink_msgs/srv/detail/flash_save_rs485__type_support_c.cpp.o\x1b[0m\n'}
[22.934574] (-) TimerEvent: {}
[23.035656] (-) TimerEvent: {}
[23.054936] (stm32_mavlink_msgs) StdoutLine: {'line': b'[ 86%] Built target stm32_mavlink_msgs__rosidl_typesupport_introspection_c\n'}
[23.124336] (stm32_mavlink_msgs) StdoutLine: {'line': b'[ 86%] Built target stm32_mavlink_msgs__rosidl_typesupport_introspection_cpp\n'}
[23.135904] (-) TimerEvent: {}
[23.236886] (-) TimerEvent: {}
[23.337912] (-) TimerEvent: {}
[23.438761] (-) TimerEvent: {}
[23.539642] (-) TimerEvent: {}
[23.640659] (-) TimerEvent: {}
[23.741541] (-) TimerEvent: {}
[23.842404] (-) TimerEvent: {}
[23.943243] (-) TimerEvent: {}
[24.044156] (-) TimerEvent: {}
[24.144964] (-) TimerEvent: {}
[24.245685] (-) TimerEvent: {}
[24.346466] (-) TimerEvent: {}
[24.413084] (stm32_mavlink_msgs) StdoutLine: {'line': b'[ 86%] \x1b[32m\x1b[1mLinking CXX shared library libstm32_mavlink_msgs__rosidl_typesupport_fastrtps_c.so\x1b[0m\n'}
[24.446583] (-) TimerEvent: {}
[24.547129] (-) TimerEvent: {}
[24.618316] (stm32_mavlink_msgs) StdoutLine: {'line': b'[ 86%] Built target stm32_mavlink_msgs__rosidl_typesupport_fastrtps_c\n'}
[24.647227] (-) TimerEvent: {}
[24.680633] (stm32_mavlink_msgs) StdoutLine: {'line': b'[ 86%] Built target stm32_mavlink_msgs\n'}
[24.738217] (stm32_mavlink_msgs) StdoutLine: {'line': b'[ 86%] \x1b[34m\x1b[1mGenerating Python code for ROS interfaces\x1b[0m\n'}
[24.747303] (-) TimerEvent: {}
[24.847600] (-) TimerEvent: {}
[24.947988] (-) TimerEvent: {}
[25.048433] (-) TimerEvent: {}
[25.148968] (-) TimerEvent: {}
[25.249393] (-) TimerEvent: {}
[25.349783] (-) TimerEvent: {}
[25.450263] (-) TimerEvent: {}
[25.550708] (-) TimerEvent: {}
[25.651196] (-) TimerEvent: {}
[25.751611] (-) TimerEvent: {}
[25.852027] (-) TimerEvent: {}
[25.952415] (-) TimerEvent: {}
[26.052854] (-) TimerEvent: {}
[26.153296] (-) TimerEvent: {}
[26.253696] (-) TimerEvent: {}
[26.354129] (-) TimerEvent: {}
[26.454517] (-) TimerEvent: {}
[26.554893] (-) TimerEvent: {}
[26.655344] (-) TimerEvent: {}
[26.755779] (-) TimerEvent: {}
[26.856203] (-) TimerEvent: {}
[26.956625] (-) TimerEvent: {}
[27.057067] (-) TimerEvent: {}
[27.157487] (-) TimerEvent: {}
[27.257889] (-) TimerEvent: {}
[27.358305] (-) TimerEvent: {}
[27.458694] (-) TimerEvent: {}
[27.559056] (-) TimerEvent: {}
[27.659500] (-) TimerEvent: {}
[27.759964] (-) TimerEvent: {}
[27.860401] (-) TimerEvent: {}
[27.960809] (-) TimerEvent: {}
[28.061230] (-) TimerEvent: {}
[28.161625] (-) TimerEvent: {}
[28.262051] (-) TimerEvent: {}
[28.362489] (-) TimerEvent: {}
[28.462868] (-) TimerEvent: {}
[28.563195] (-) TimerEvent: {}
[28.663595] (-) TimerEvent: {}
[28.764011] (-) TimerEvent: {}
[28.864363] (-) TimerEvent: {}
[28.964679] (-) TimerEvent: {}
[29.065069] (-) TimerEvent: {}
[29.165433] (-) TimerEvent: {}
[29.265822] (-) TimerEvent: {}
[29.366189] (-) TimerEvent: {}
[29.466522] (-) TimerEvent: {}
[29.566907] (-) TimerEvent: {}
[29.667247] (-) TimerEvent: {}
[29.767701] (-) TimerEvent: {}
[29.868108] (-) TimerEvent: {}
[29.968463] (-) TimerEvent: {}
[30.068780] (-) TimerEvent: {}
[30.169107] (-) TimerEvent: {}
[30.269470] (-) TimerEvent: {}
[30.369889] (-) TimerEvent: {}
[30.470297] (-) TimerEvent: {}
[30.570729] (-) TimerEvent: {}
[30.671173] (-) TimerEvent: {}
[30.771591] (-) TimerEvent: {}
[30.872082] (-) TimerEvent: {}
[30.972505] (-) TimerEvent: {}
[31.072942] (-) TimerEvent: {}
[31.173271] (-) TimerEvent: {}
[31.273701] (-) TimerEvent: {}
[31.374153] (-) TimerEvent: {}
[31.474587] (-) TimerEvent: {}
[31.575020] (-) TimerEvent: {}
[31.675453] (-) TimerEvent: {}
[31.775892] (-) TimerEvent: {}
[31.876317] (-) TimerEvent: {}
[31.976715] (-) TimerEvent: {}
[32.077094] (-) TimerEvent: {}
[32.177374] (-) TimerEvent: {}
[32.277651] (-) TimerEvent: {}
[32.377976] (-) TimerEvent: {}
[32.478386] (-) TimerEvent: {}
[32.578804] (-) TimerEvent: {}
[32.679193] (-) TimerEvent: {}
[32.779582] (-) TimerEvent: {}
[32.879938] (-) TimerEvent: {}
[32.980294] (-) TimerEvent: {}
[33.080608] (-) TimerEvent: {}
[33.181049] (-) TimerEvent: {}
[33.281437] (-) TimerEvent: {}
[33.297276] (stm32_mavlink_msgs) StdoutLine: {'line': b'[ 86%] Built target stm32_mavlink_msgs__py\n'}
[33.326069] (stm32_mavlink_msgs) StdoutLine: {'line': b'[ 87%] \x1b[32mBuilding C object CMakeFiles/stm32_mavlink_msgs__rosidl_generator_py.dir/rosidl_generator_py/stm32_mavlink_msgs/msg/_robomaster_motor_state_s.c.o\x1b[0m\n'}
[33.326804] (stm32_mavlink_msgs) StdoutLine: {'line': b'[ 87%] \x1b[32mBuilding C object CMakeFiles/stm32_mavlink_msgs__rosidl_generator_py.dir/rosidl_generator_py/stm32_mavlink_msgs/msg/_robomaster_motor_config_s.c.o\x1b[0m\n'}
[33.328913] (stm32_mavlink_msgs) StdoutLine: {'line': b'[ 88%] \x1b[32mBuilding C object CMakeFiles/stm32_mavlink_msgs__rosidl_generator_py.dir/rosidl_generator_py/stm32_mavlink_msgs/msg/_dc_motor_command_s.c.o\x1b[0m\n'}
[33.329384] (stm32_mavlink_msgs) StdoutLine: {'line': b'[ 88%] \x1b[32mBuilding C object CMakeFiles/stm32_mavlink_msgs__rosidl_generator_py.dir/rosidl_generator_py/stm32_mavlink_msgs/msg/_servo_state_s.c.o\x1b[0m\n'}
[33.329499] (stm32_mavlink_msgs) StdoutLine: {'line': b'[ 88%] \x1b[32mBuilding C object CMakeFiles/stm32_mavlink_msgs__rosidl_generator_py.dir/rosidl_generator_py/stm32_mavlink_msgs/msg/_robomaster_motor_command_s.c.o\x1b[0m\n'}
[33.329589] (stm32_mavlink_msgs) StdoutLine: {'line': b'[ 89%] \x1b[32mBuilding C object CMakeFiles/stm32_mavlink_msgs__rosidl_generator_py.dir/rosidl_generator_py/stm32_mavlink_msgs/msg/_encoder_state_s.c.o\x1b[0m\n'}
[33.329670] (stm32_mavlink_msgs) StdoutLine: {'line': b'[ 89%] \x1b[32mBuilding C object CMakeFiles/stm32_mavlink_msgs__rosidl_generator_py.dir/rosidl_generator_py/stm32_mavlink_msgs/msg/_encoder_config_s.c.o\x1b[0m\n'}
[33.329751] (stm32_mavlink_msgs) StdoutLine: {'line': b'[ 90%] \x1b[32mBuilding C object CMakeFiles/stm32_mavlink_msgs__rosidl_generator_py.dir/rosidl_generator_py/stm32_mavlink_msgs/msg/_dc_motor_state_s.c.o\x1b[0m\n'}
[33.329894] (stm32_mavlink_msgs) StdoutLine: {'line': b'[ 90%] \x1b[32mBuilding C object CMakeFiles/stm32_mavlink_msgs__rosidl_generator_py.dir/rosidl_generator_py/stm32_mavlink_msgs/msg/_servo_command_s.c.o\x1b[0m\n'}
[33.329971] (stm32_mavlink_msgs) StdoutLine: {'line': b'[ 90%] \x1b[32mBuilding C object CMakeFiles/stm32_mavlink_msgs__rosidl_generator_py.dir/rosidl_generator_py/stm32_mavlink_msgs/msg/_limit_switch_status_s.c.o\x1b[0m\n'}
[33.330118] (stm32_mavlink_msgs) StdoutLine: {'line': b'[ 92%] \x1b[32mBuilding C object CMakeFiles/stm32_mavlink_msgs__rosidl_generator_py.dir/rosidl_generator_py/stm32_mavlink_msgs/msg/_rs485_motor_state_s.c.o\x1b[0m\n'}
[33.330371] (stm32_mavlink_msgs) StdoutLine: {'line': b'[ 92%] \x1b[32mBuilding C object CMakeFiles/stm32_mavlink_msgs__rosidl_generator_py.dir/rosidl_generator_py/stm32_mavlink_msgs/msg/_rs485_read_request_s.c.o\x1b[0m\n'}
[33.330992] (stm32_mavlink_msgs) StdoutLine: {'line': b'[ 92%] \x1b[32mBuilding C object CMakeFiles/stm32_mavlink_msgs__rosidl_generator_py.dir/rosidl_generator_py/stm32_mavlink_msgs/msg/_rs485_motor_command_s.c.o\x1b[0m\n'}
[33.331120] (stm32_mavlink_msgs) StdoutLine: {'line': b'[ 92%] \x1b[32mBuilding C object CMakeFiles/stm32_mavlink_msgs__rosidl_generator_py.dir/rosidl_generator_py/stm32_mavlink_msgs/msg/_dc_motor_config_s.c.o\x1b[0m\n'}
[33.331202] (stm32_mavlink_msgs) StdoutLine: {'line': b'[ 92%] \x1b[32mBuilding C object CMakeFiles/stm32_mavlink_msgs__rosidl_generator_py.dir/rosidl_generator_py/stm32_mavlink_msgs/msg/_rs485_read_response_s.c.o\x1b[0m\n'}
[33.331903] (stm32_mavlink_msgs) StdoutLine: {'line': b'[ 92%] \x1b[32mBuilding C object CMakeFiles/stm32_mavlink_msgs__rosidl_generator_py.dir/rosidl_generator_py/stm32_mavlink_msgs/msg/_solenoid_command_s.c.o\x1b[0m\n'}
[33.332918] (stm32_mavlink_msgs) StdoutLine: {'line': b'[ 93%] \x1b[32mBuilding C object CMakeFiles/stm32_mavlink_msgs__rosidl_generator_py.dir/rosidl_generator_py/stm32_mavlink_msgs/msg/_wtt12_l_status_s.c.o\x1b[0m\n'}
[33.335146] (stm32_mavlink_msgs) StdoutLine: {'line': b'[ 94%] \x1b[32mBuilding C object CMakeFiles/stm32_mavlink_msgs__rosidl_generator_py.dir/rosidl_generator_py/stm32_mavlink_msgs/msg/_solenoid_status_s.c.o\x1b[0m\n'}
[33.336257] (stm32_mavlink_msgs) StdoutLine: {'line': b'[ 95%] \x1b[32mBuilding C object CMakeFiles/stm32_mavlink_msgs__rosidl_generator_py.dir/rosidl_generator_py/stm32_mavlink_msgs/msg/_rs485_write_response_s.c.o\x1b[0m\n'}
[33.336423] (stm32_mavlink_msgs) StdoutLine: {'line': b'[ 95%] \x1b[32mBuilding C object CMakeFiles/stm32_mavlink_msgs__rosidl_generator_py.dir/rosidl_generator_py/stm32_mavlink_msgs/msg/_rs485_motor_config_s.c.o\x1b[0m\n'}
[33.336513] (stm32_mavlink_msgs) StdoutLine: {'line': b'[ 95%] \x1b[32mBuilding C object CMakeFiles/stm32_mavlink_msgs__rosidl_generator_py.dir/rosidl_generator_py/stm32_mavlink_msgs/msg/_rs485_write_request_s.c.o\x1b[0m\n'}
[33.337628] (stm32_mavlink_msgs) StdoutLine: {'line': b'[ 95%] \x1b[32mBuilding C object CMakeFiles/stm32_mavlink_msgs__rosidl_generator_py.dir/rosidl_generator_py/stm32_mavlink_msgs/msg/_rs485_flash_save_request_s.c.o\x1b[0m\n'}
[33.381589] (-) TimerEvent: {}
[33.464507] (stm32_mavlink_msgs) StdoutLine: {'line': b'[ 95%] \x1b[32mBuilding C object CMakeFiles/stm32_mavlink_msgs__rosidl_generator_py.dir/rosidl_generator_py/stm32_mavlink_msgs/srv/_set_servo_config_s.c.o\x1b[0m\n'}
[33.483911] (-) TimerEvent: {}
[33.485578] (stm32_mavlink_msgs) StdoutLine: {'line': b'[ 95%] \x1b[32mBuilding C object CMakeFiles/stm32_mavlink_msgs__rosidl_generator_py.dir/rosidl_generator_py/stm32_mavlink_msgs/srv/_set_encoder_config_s.c.o\x1b[0m\n'}
[33.486408] (stm32_mavlink_msgs) StdoutLine: {'line': b'[ 96%] \x1b[32mBuilding C object CMakeFiles/stm32_mavlink_msgs__rosidl_generator_py.dir/rosidl_generator_py/stm32_mavlink_msgs/srv/_set_robomaster_motor_config_s.c.o\x1b[0m\n'}
[33.497100] (stm32_mavlink_msgs) StdoutLine: {'line': b'[ 96%] \x1b[32mBuilding C object CMakeFiles/stm32_mavlink_msgs__rosidl_generator_py.dir/rosidl_generator_py/stm32_mavlink_msgs/srv/_get_robomaster_motor_config_s.c.o\x1b[0m\n'}
[33.499488] (stm32_mavlink_msgs) StdoutLine: {'line': b'[ 96%] \x1b[32mBuilding C object CMakeFiles/stm32_mavlink_msgs__rosidl_generator_py.dir/rosidl_generator_py/stm32_mavlink_msgs/srv/_set_dc_motor_config_s.c.o\x1b[0m\n'}
[33.499812] (stm32_mavlink_msgs) StdoutLine: {'line': b'[ 97%] \x1b[32mBuilding C object CMakeFiles/stm32_mavlink_msgs__rosidl_generator_py.dir/rosidl_generator_py/stm32_mavlink_msgs/srv/_flash_save_rs485_s.c.o\x1b[0m\n'}
[33.500883] (stm32_mavlink_msgs) StdoutLine: {'line': b'[ 97%] \x1b[32mBuilding C object CMakeFiles/stm32_mavlink_msgs__rosidl_generator_py.dir/rosidl_generator_py/stm32_mavlink_msgs/srv/_read_rs485_param_s.c.o\x1b[0m\n'}
[33.501772] (stm32_mavlink_msgs) StdoutLine: {'line': b'[ 97%] \x1b[32mBuilding C object CMakeFiles/stm32_mavlink_msgs__rosidl_generator_py.dir/rosidl_generator_py/stm32_mavlink_msgs/srv/_write_rs485_param_s.c.o\x1b[0m\n'}
[33.507458] (stm32_mavlink_msgs) StdoutLine: {'line': b'[ 98%] \x1b[32mBuilding C object CMakeFiles/stm32_mavlink_msgs__rosidl_generator_py.dir/rosidl_generator_py/stm32_mavlink_msgs/srv/_get_dc_motor_config_s.c.o\x1b[0m\n'}
[33.584052] (-) TimerEvent: {}
[33.681460] (stm32_mavlink_msgs) StdoutLine: {'line': b'[ 98%] \x1b[32m\x1b[1mLinking C shared library rosidl_generator_py/stm32_mavlink_msgs/libstm32_mavlink_msgs__rosidl_generator_py.so\x1b[0m\n'}
[33.684121] (-) TimerEvent: {}
[33.760167] (stm32_mavlink_msgs) StdoutLine: {'line': b'[ 98%] Built target stm32_mavlink_msgs__rosidl_generator_py\n'}
[33.784233] (-) TimerEvent: {}
[33.799375] (stm32_mavlink_msgs) StdoutLine: {'line': b'[ 98%] \x1b[32mBuilding C object CMakeFiles/stm32_mavlink_msgs__rosidl_typesupport_introspection_c__pyext.dir/rosidl_generator_py/stm32_mavlink_msgs/_stm32_mavlink_msgs_s.ep.rosidl_typesupport_introspection_c.c.o\x1b[0m\n'}
[33.801848] (stm32_mavlink_msgs) StdoutLine: {'line': b'[ 99%] \x1b[32mBuilding C object CMakeFiles/stm32_mavlink_msgs__rosidl_typesupport_fastrtps_c__pyext.dir/rosidl_generator_py/stm32_mavlink_msgs/_stm32_mavlink_msgs_s.ep.rosidl_typesupport_fastrtps_c.c.o\x1b[0m\n'}
[33.802372] (stm32_mavlink_msgs) StdoutLine: {'line': b'[100%] \x1b[32mBuilding C object CMakeFiles/stm32_mavlink_msgs__rosidl_typesupport_c__pyext.dir/rosidl_generator_py/stm32_mavlink_msgs/_stm32_mavlink_msgs_s.ep.rosidl_typesupport_c.c.o\x1b[0m\n'}
[33.884429] (-) TimerEvent: {}
[33.984997] (-) TimerEvent: {}
[34.068385] (stm32_mavlink_msgs) StdoutLine: {'line': b'[100%] \x1b[32m\x1b[1mLinking C shared library rosidl_generator_py/stm32_mavlink_msgs/stm32_mavlink_msgs_s__rosidl_typesupport_fastrtps_c.cpython-310-x86_64-linux-gnu.so\x1b[0m\n'}
[34.068637] (stm32_mavlink_msgs) StdoutLine: {'line': b'[100%] \x1b[32m\x1b[1mLinking C shared library rosidl_generator_py/stm32_mavlink_msgs/stm32_mavlink_msgs_s__rosidl_typesupport_introspection_c.cpython-310-x86_64-linux-gnu.so\x1b[0m\n'}
[34.079510] (stm32_mavlink_msgs) StdoutLine: {'line': b'[100%] \x1b[32m\x1b[1mLinking C shared library rosidl_generator_py/stm32_mavlink_msgs/stm32_mavlink_msgs_s__rosidl_typesupport_c.cpython-310-x86_64-linux-gnu.so\x1b[0m\n'}
[34.085039] (-) TimerEvent: {}
[34.138315] (stm32_mavlink_msgs) StdoutLine: {'line': b'[100%] Built target stm32_mavlink_msgs__rosidl_typesupport_fastrtps_c__pyext\n'}
[34.142309] (stm32_mavlink_msgs) StdoutLine: {'line': b'[100%] Built target stm32_mavlink_msgs__rosidl_typesupport_introspection_c__pyext\n'}
[34.144071] (stm32_mavlink_msgs) StdoutLine: {'line': b'[100%] Built target stm32_mavlink_msgs__rosidl_typesupport_c__pyext\n'}
[34.162905] (stm32_mavlink_msgs) CommandEnded: {'returncode': 0}
[34.164125] (stm32_mavlink_msgs) JobProgress: {'identifier': 'stm32_mavlink_msgs', 'progress': 'install'}
[34.175999] (stm32_mavlink_msgs) Command: {'cmd': ['/usr/bin/cmake', '--install', '/home/a/ws_nhk/build/stm32_mavlink_msgs'], 'cwd': '/home/a/ws_nhk/build/stm32_mavlink_msgs', 'env': OrderedDict([('GJS_DEBUG_TOPICS', 'JS ERROR;JS LOG'), ('LESSOPEN', '| /usr/bin/lesspipe %s'), ('USER', 'a'), ('XDG_SESSION_TYPE', 'wayland'), ('SHLVL', '1'), ('LD_LIBRARY_PATH', '/home/a/ws_nhk/install/pilz_industrial_motion_planner/lib:/home/a/ws_nhk/install/moveit_task_constructor_visualization/lib:/home/a/ws_nhk/install/moveit_task_constructor_demo/lib:/home/a/ws_nhk/install/moveit_task_constructor_capabilities/lib:/home/a/ws_nhk/install/moveit_task_constructor_core/lib:/home/a/ws_nhk/install/moveit_setup_assistant/lib:/home/a/ws_nhk/install/moveit_setup_srdf_plugins/lib:/home/a/ws_nhk/install/moveit_setup_core_plugins/lib:/home/a/ws_nhk/install/moveit_setup_controllers/lib:/home/a/ws_nhk/install/moveit_setup_app_plugins/lib:/home/a/ws_nhk/install/moveit_setup_framework/lib:/home/a/ws_nhk/install/moveit_servo/lib:/home/a/ws_nhk/install/moveit_ros_visualization/lib:/home/a/ws_nhk/install/moveit_hybrid_planning/lib:/home/a/ws_nhk/install/moveit_ros_planning_interface/lib:/home/a/ws_nhk/install/moveit_ros_move_group/lib:/home/a/ws_nhk/install/moveit_kinematics/lib:/home/a/ws_nhk/install/trac_ik_kinematics_plugin/lib:/home/a/ws_nhk/install/trac_ik_lib/lib:/home/a/ws_nhk/install/pilz_industrial_motion_planner_testutils/lib:/home/a/ws_nhk/install/moveit_visual_tools/lib:/home/a/ws_nhk/install/moveit_ros_control_interface/lib:/home/a/ws_nhk/install/moveit_simple_controller_manager/lib:/home/a/ws_nhk/install/moveit_ros_benchmarks/lib:/home/a/ws_nhk/install/moveit_ros_warehouse/lib:/home/a/ws_nhk/install/moveit_ros_robot_interaction/lib:/home/a/ws_nhk/install/moveit_ros_perception/lib:/home/a/ws_nhk/install/moveit_planners_ompl/lib:/home/a/ws_nhk/install/moveit_ros_planning/lib:/home/a/ws_nhk/install/moveit_ros_occupancy_map_monitor/lib:/home/a/ws_nhk/install/moveit_resources_prbt_ikfast_manipulator_plugin/lib:/home/a/ws_nhk/install/moveit_planners_chomp/lib:/home/a/ws_nhk/install/moveit_chomp_optimizer_adapter/lib:/home/a/ws_nhk/install/chomp_motion_planner/lib:/home/a/ws_nhk/install/moveit_core/lib:/home/a/ws_nhk/install/srdfdom/lib:/home/a/ws_nhk/install/rviz_marker_tools/lib:/home/a/ws_nhk/install/rosparam_shortcuts/lib:/home/a/ws_nhk/install/rogidrive_msg/lib:/home/a/ws_nhk/install/moveit_task_constructor_msgs/lib:/home/a/ws_nhk/install/dynamixel_sdk_custom_interfaces/lib:/home/a/ws_nhk/install/dynamixel_controller/lib:/home/a/ws_nhk/install/dynamixel_sdk/lib:/usr/local/lib:/usr/lib/x86_64-linux-gnu/gazebo-11/plugins:/opt/ros/humble/opt/rviz_ogre_vendor/lib:/opt/ros/humble/lib/x86_64-linux-gnu:/opt/ros/humble/lib'), ('HOME', '/home/a'), ('OLDPWD', '/home/a/ws_nhk/src'), ('DESKTOP_SESSION', 'ubuntu'), ('NVM_BIN', '/home/a/.nvm/versions/node/v22.18.0/bin'), ('NVM_INC', '/home/a/.nvm/versions/node/v22.18.0/include/node'), ('GIO_LAUNCHED_DESKTOP_FILE', '/usr/share/applications/terminator.desktop'), ('ROS_PYTHON_VERSION', '3'), ('GNOME_SHELL_SESSION_MODE', 'ubuntu'), ('GTK_MODULES', 'gail:atk-bridge'), ('MANAGERPID', '1496'), ('SYSTEMD_EXEC_PID', '2032'), ('DBUS_SESSION_BUS_ADDRESS', 'unix:path=/run/user/1000/bus'), ('COLORTERM', 'truecolor'), ('TERMINATOR_DBUS_NAME', 'net.tenshu.Terminator25ef4b219e3b005583550f2b0f9f990c3'), ('GIO_LAUNCHED_DESKTOP_FILE_PID', '8228'), ('NVM_DIR', '/home/a/.nvm'), ('IM_CONFIG_PHASE', '1'), ('WAYLAND_DISPLAY', 'wayland-0'), ('COLCON_PREFIX_PATH', '/home/a/ws_nhk/install:/home/a/install'), ('ROS_DISTRO', 'humble'), ('LOGNAME', 'a'), ('JOURNAL_STREAM', '8:25987'), ('_', '/usr/bin/colcon'), ('ROS_VERSION', '2'), ('XDG_SESSION_CLASS', 'user'), ('USERNAME', 'a'), ('TERM', 'xterm-256color'), ('GNOME_DESKTOP_SESSION_ID', 'this-is-deprecated'), ('ROS_LOCALHOST_ONLY', '0'), ('PATH', '/home/a/ws_nhk/install/moveit_core/bin:/home/a/.nvm/versions/node/v22.18.0/bin:/opt/ros/humble/bin:/home/a/.local/bin:/usr/local/sbin:/usr/local/bin:/usr/sbin:/usr/bin:/sbin:/bin:/usr/games:/usr/local/games:/snap/bin:/snap/bin'), ('SESSION_MANAGER', 'local/a:@/tmp/.ICE-unix/1963,unix/a:/tmp/.ICE-unix/1963'), ('INVOCATION_ID', '0e580a9638224ef0917a796efe1d5e01'), ('XDG_MENU_PREFIX', 'gnome-'), ('GNOME_SETUP_DISPLAY', ':1'), ('XDG_RUNTIME_DIR', '/run/user/1000'), ('DISPLAY', ':0'), ('TERMINATOR_DBUS_PATH', '/net/tenshu/Terminator2'), ('LANG', 'en_US.UTF-8'), ('XDG_CURRENT_DESKTOP', 'ubuntu:GNOME'), ('XMODIFIERS', '@im=ibus'), ('XDG_SESSION_DESKTOP', 'ubuntu'), ('XAUTHORITY', '/run/user/1000/.mutter-Xwaylandauth.70SZI3'), ('LS_COLORS', 'rs=0:di=01;34:ln=01;36:mh=00:pi=40;33:so=01;35:do=01;35:bd=40;33;01:cd=40;33;01:or=40;31;01:mi=00:su=37;41:sg=30;43:ca=30;41:tw=30;42:ow=34;42:st=37;44:ex=01;32:*.tar=01;31:*.tgz=01;31:*.arc=01;31:*.arj=01;31:*.taz=01;31:*.lha=01;31:*.lz4=01;31:*.lzh=01;31:*.lzma=01;31:*.tlz=01;31:*.txz=01;31:*.tzo=01;31:*.t7z=01;31:*.zip=01;31:*.z=01;31:*.dz=01;31:*.gz=01;31:*.lrz=01;31:*.lz=01;31:*.lzo=01;31:*.xz=01;31:*.zst=01;31:*.tzst=01;31:*.bz2=01;31:*.bz=01;31:*.tbz=01;31:*.tbz2=01;31:*.tz=01;31:*.deb=01;31:*.rpm=01;31:*.jar=01;31:*.war=01;31:*.ear=01;31:*.sar=01;31:*.rar=01;31:*.alz=01;31:*.ace=01;31:*.zoo=01;31:*.cpio=01;31:*.7z=01;31:*.rz=01;31:*.cab=01;31:*.wim=01;31:*.swm=01;31:*.dwm=01;31:*.esd=01;31:*.jpg=01;35:*.jpeg=01;35:*.mjpg=01;35:*.mjpeg=01;35:*.gif=01;35:*.bmp=01;35:*.pbm=01;35:*.pgm=01;35:*.ppm=01;35:*.tga=01;35:*.xbm=01;35:*.xpm=01;35:*.tif=01;35:*.tiff=01;35:*.png=01;35:*.svg=01;35:*.svgz=01;35:*.mng=01;35:*.pcx=01;35:*.mov=01;35:*.mpg=01;35:*.mpeg=01;35:*.m2v=01;35:*.mkv=01;35:*.webm=01;35:*.webp=01;35:*.ogm=01;35:*.mp4=01;35:*.m4v=01;35:*.mp4v=01;35:*.vob=01;35:*.qt=01;35:*.nuv=01;35:*.wmv=01;35:*.asf=01;35:*.rm=01;35:*.rmvb=01;35:*.flc=01;35:*.avi=01;35:*.fli=01;35:*.flv=01;35:*.gl=01;35:*.dl=01;35:*.xcf=01;35:*.xwd=01;35:*.yuv=01;35:*.cgm=01;35:*.emf=01;35:*.ogv=01;35:*.ogx=01;35:*.aac=00;36:*.au=00;36:*.flac=00;36:*.m4a=00;36:*.mid=00;36:*.midi=00;36:*.mka=00;36:*.mp3=00;36:*.mpc=00;36:*.ogg=00;36:*.ra=00;36:*.wav=00;36:*.oga=00;36:*.opus=00;36:*.spx=00;36:*.xspf=00;36:'), ('SSH_AGENT_LAUNCHER', 'gnome-keyring'), ('SSH_AUTH_SOCK', '/run/user/1000/keyring/ssh'), ('AMENT_PREFIX_PATH', '/home/a/ws_nhk/install/sakai_r2_config:/home/a/ws_nhk/install/moveit_runtime:/home/a/ws_nhk/install/moveit_r2_config:/home/a/ws_nhk/install/moveit_config:/home/a/ws_nhk/install/moveit2_tutorials:/home/a/ws_nhk/install/moveit:/home/a/ws_nhk/install/moveit_planners:/home/a/ws_nhk/install/pilz_industrial_motion_planner:/home/a/ws_nhk/install/moveit_task_constructor_visualization:/home/a/ws_nhk/install/moveit_task_constructor_demo:/home/a/ws_nhk/install/moveit_task_constructor_capabilities:/home/a/ws_nhk/install/moveit_task_constructor_core:/home/a/ws_nhk/install/moveit_setup_assistant:/home/a/ws_nhk/install/moveit_setup_srdf_plugins:/home/a/ws_nhk/install/moveit_setup_core_plugins:/home/a/ws_nhk/install/moveit_setup_controllers:/home/a/ws_nhk/install/moveit_setup_app_plugins:/home/a/ws_nhk/install/moveit_setup_framework:/home/a/ws_nhk/install/moveit_servo:/home/a/ws_nhk/install/moveit_ros:/home/a/ws_nhk/install/moveit_ros_visualization:/home/a/ws_nhk/install/moveit_hybrid_planning:/home/a/ws_nhk/install/moveit_ros_planning_interface:/home/a/ws_nhk/install/moveit_resources_prbt_pg70_support:/home/a/ws_nhk/install/moveit_resources_prbt_moveit_config:/home/a/ws_nhk/install/moveit_ros_move_group:/home/a/ws_nhk/install/moveit_kinematics:/home/a/ws_nhk/install/trac_ik:/home/a/ws_nhk/install/trac_ik_kinematics_plugin:/home/a/ws_nhk/install/trac_ik_lib:/home/a/ws_nhk/install/pilz_industrial_motion_planner_testutils:/home/a/ws_nhk/install/moveit_visual_tools:/home/a/ws_nhk/install/moveit_ros_control_interface:/home/a/ws_nhk/install/moveit_plugins:/home/a/ws_nhk/install/moveit_simple_controller_manager:/home/a/ws_nhk/install/moveit_ros_benchmarks:/home/a/ws_nhk/install/moveit_ros_warehouse:/home/a/ws_nhk/install/moveit_ros_robot_interaction:/home/a/ws_nhk/install/moveit_ros_perception:/home/a/ws_nhk/install/moveit_planners_ompl:/home/a/ws_nhk/install/moveit_ros_planning:/home/a/ws_nhk/install/moveit_ros_occupancy_map_monitor:/home/a/ws_nhk/install/moveit_resources_prbt_ikfast_manipulator_plugin:/home/a/ws_nhk/install/moveit_planners_chomp:/home/a/ws_nhk/install/moveit_chomp_optimizer_adapter:/home/a/ws_nhk/install/chomp_motion_planner:/home/a/ws_nhk/install/moveit_core:/home/a/ws_nhk/install/moveit_configs_utils:/home/a/ws_nhk/install/srdfdom:/home/a/ws_nhk/install/rviz_marker_tools:/home/a/ws_nhk/install/rosparam_shortcuts:/home/a/ws_nhk/install/rogidrive:/home/a/ws_nhk/install/r2_odrive:/home/a/ws_nhk/install/rogidrive_msg:/home/a/ws_nhk/install/nhk_bt:/home/a/ws_nhk/install/moveit_task_constructor_msgs:/home/a/ws_nhk/install/moveit_resources_prbt_support:/home/a/ws_nhk/install/moveit_resources:/home/a/ws_nhk/install/moveit_resources_pr2_description:/home/a/ws_nhk/install/moveit_resources_panda_moveit_config:/home/a/ws_nhk/install/moveit_resources_panda_description:/home/a/ws_nhk/install/moveit_resources_fanuc_moveit_config:/home/a/ws_nhk/install/moveit_resources_fanuc_description:/home/a/ws_nhk/install/moveit_common:/home/a/ws_nhk/install/launch_param_builder:/home/a/ws_nhk/install/dynamixel_sdk_examples:/home/a/ws_nhk/install/dynamixel_sdk_custom_interfaces:/home/a/ws_nhk/install/dynamixel_controller_gui:/home/a/ws_nhk/install/dynamixel_controller:/home/a/ws_nhk/install/dynamixel_sdk:/home/a/ws_nhk/install/dynamixel_controller_client:/home/a/ws_nhk/install/arm_v20_description:/home/a/ws_nhk/install/arm_module_description:/home/a/ws_nhk/install/a_r2_description:/home/a/install/field_description_test:/opt/ros/humble'), ('SHELL', '/bin/bash'), ('TERMINATOR_UUID', 'urn:uuid:c750a3b2-d13c-4d06-b85f-88a6bab9392d'), ('QT_ACCESSIBILITY', '1'), ('GDMSESSION', 'ubuntu'), ('LESSCLOSE', '/usr/bin/lesspipe %s %s'), ('CMAKE_MODULE_PATH', '/home/a/ws_nhk/install/moveit_task_constructor_core/share/moveit_task_constructor_core/cmake'), ('GJS_DEBUG_OUTPUT', 'stderr'), ('QT_IM_MODULE', 'ibus'), ('PWD', '/home/a/ws_nhk/build/stm32_mavlink_msgs'), ('LC_ALL', 'en_US.UTF-8'), ('XDG_CONFIG_DIRS', '/etc/xdg/xdg-ubuntu:/etc/xdg'), ('NVM_CD_FLAGS', ''), ('XDG_DATA_DIRS', '/usr/share/ubuntu:/home/a/.local/share/flatpak/exports/share:/var/lib/flatpak/exports/share:/usr/local/share/:/usr/share/:/var/lib/snapd/desktop'), ('PYTHONPATH', '/home/a/ws_nhk/install/moveit_task_constructor_core/local/lib/python3.10/dist-packages:/home/a/ws_nhk/install/moveit_configs_utils/lib/python3.10/site-packages:/home/a/ws_nhk/install/srdfdom/local/lib/python3.10/dist-packages:/home/a/ws_nhk/install/rogidrive/lib/python3.10/site-packages:/home/a/ws_nhk/install/r2_odrive/lib/python3.10/site-packages:/home/a/ws_nhk/install/rogidrive_msg/local/lib/python3.10/dist-packages:/home/a/ws_nhk/install/moveit_task_constructor_msgs/local/lib/python3.10/dist-packages:/home/a/ws_nhk/install/launch_param_builder/lib/python3.10/site-packages:/home/a/ws_nhk/install/dynamixel_sdk_custom_interfaces/local/lib/python3.10/dist-packages:/home/a/ws_nhk/install/dynamixel_controller_gui/lib/python3.10/site-packages:/home/a/ws_nhk/install/dynamixel_controller/local/lib/python3.10/dist-packages:/home/a/ws_nhk/install/dynamixel_controller_client/lib/python3.10/site-packages:/opt/ros/humble/lib/python3.10/site-packages:/opt/ros/humble/local/lib/python3.10/dist-packages'), ('COLCON', '1'), ('VTE_VERSION', '6800'), ('CMAKE_PREFIX_PATH', '/home/a/ws_nhk/install/sakai_r2_config:/home/a/ws_nhk/install/moveit_runtime:/home/a/ws_nhk/install/moveit_r2_config:/home/a/ws_nhk/install/moveit_config:/home/a/ws_nhk/install/moveit2_tutorials:/home/a/ws_nhk/install/moveit:/home/a/ws_nhk/install/moveit_planners:/home/a/ws_nhk/install/pilz_industrial_motion_planner:/home/a/ws_nhk/install/moveit_task_constructor_visualization:/home/a/ws_nhk/install/moveit_task_constructor_demo:/home/a/ws_nhk/install/moveit_task_constructor_capabilities:/home/a/ws_nhk/install/moveit_task_constructor_core:/home/a/ws_nhk/install/moveit_setup_assistant:/home/a/ws_nhk/install/moveit_setup_srdf_plugins:/home/a/ws_nhk/install/moveit_setup_core_plugins:/home/a/ws_nhk/install/moveit_setup_controllers:/home/a/ws_nhk/install/moveit_setup_app_plugins:/home/a/ws_nhk/install/moveit_setup_framework:/home/a/ws_nhk/install/moveit_servo:/home/a/ws_nhk/install/moveit_ros:/home/a/ws_nhk/install/moveit_ros_visualization:/home/a/ws_nhk/install/moveit_hybrid_planning:/home/a/ws_nhk/install/moveit_ros_planning_interface:/home/a/ws_nhk/install/moveit_resources_prbt_pg70_support:/home/a/ws_nhk/install/moveit_resources_prbt_moveit_config:/home/a/ws_nhk/install/moveit_ros_move_group:/home/a/ws_nhk/install/moveit_kinematics:/home/a/ws_nhk/install/trac_ik:/home/a/ws_nhk/install/trac_ik_kinematics_plugin:/home/a/ws_nhk/install/trac_ik_lib:/home/a/ws_nhk/install/pilz_industrial_motion_planner_testutils:/home/a/ws_nhk/install/moveit_visual_tools:/home/a/ws_nhk/install/moveit_ros_control_interface:/home/a/ws_nhk/install/moveit_plugins:/home/a/ws_nhk/install/moveit_simple_controller_manager:/home/a/ws_nhk/install/moveit_ros_benchmarks:/home/a/ws_nhk/install/moveit_ros_warehouse:/home/a/ws_nhk/install/moveit_ros_robot_interaction:/home/a/ws_nhk/install/moveit_ros_perception:/home/a/ws_nhk/install/moveit_planners_ompl:/home/a/ws_nhk/install/moveit_ros_planning:/home/a/ws_nhk/install/moveit_ros_occupancy_map_monitor:/home/a/ws_nhk/install/moveit_resources_prbt_ikfast_manipulator_plugin:/home/a/ws_nhk/install/moveit_planners_chomp:/home/a/ws_nhk/install/moveit_chomp_optimizer_adapter:/home/a/ws_nhk/install/chomp_motion_planner:/home/a/ws_nhk/install/moveit_core:/home/a/ws_nhk/install/srdfdom:/home/a/ws_nhk/install/rviz_marker_tools:/home/a/ws_nhk/install/rosparam_shortcuts:/home/a/ws_nhk/install/r2_odrive:/home/a/ws_nhk/install/rogidrive_msg:/home/a/ws_nhk/install/nhk_bt:/home/a/ws_nhk/install/moveit_task_constructor_msgs:/home/a/ws_nhk/install/moveit_resources_prbt_support:/home/a/ws_nhk/install/moveit_resources:/home/a/ws_nhk/install/moveit_resources_pr2_description:/home/a/ws_nhk/install/moveit_resources_panda_moveit_config:/home/a/ws_nhk/install/moveit_resources_panda_description:/home/a/ws_nhk/install/moveit_resources_fanuc_moveit_config:/home/a/ws_nhk/install/moveit_resources_fanuc_description:/home/a/ws_nhk/install/moveit_common:/home/a/ws_nhk/install/dynamixel_sdk_examples:/home/a/ws_nhk/install/dynamixel_sdk_custom_interfaces:/home/a/ws_nhk/install/dynamixel_controller:/home/a/ws_nhk/install/dynamixel_sdk:/home/a/ws_nhk/install/arm_v20_description:/home/a/ws_nhk/install/arm_module_description:/home/a/ws_nhk/install/a_r2_description:/home/a/install/field_description_test:/home/a/ws_nhk/install/moveit_configs_utils:/home/a/ws_nhk/install/rogidrive:/home/a/ws_nhk/install/launch_param_builder:/home/a/ws_nhk/install/dynamixel_controller_gui:/home/a/ws_nhk/install/dynamixel_controller_client:/opt/ros/humble')]), 'shell': False}
[34.185121] (-) TimerEvent: {}
[34.192035] (stm32_mavlink_msgs) StdoutLine: {'line': b'-- Install configuration: ""\n'}
[34.192230] (stm32_mavlink_msgs) StdoutLine: {'line': b'-- Installing: /home/a/ws_nhk/install/stm32_mavlink_msgs/share/ament_index/resource_index/rosidl_interfaces/stm32_mavlink_msgs\n'}
[34.192435] (stm32_mavlink_msgs) StdoutLine: {'line': b'-- Installing: /home/a/ws_nhk/install/stm32_mavlink_msgs/include/stm32_mavlink_msgs/stm32_mavlink_msgs\n'}
[34.192677] (stm32_mavlink_msgs) StdoutLine: {'line': b'-- Installing: /home/a/ws_nhk/install/stm32_mavlink_msgs/include/stm32_mavlink_msgs/stm32_mavlink_msgs/msg\n'}
[34.192874] (stm32_mavlink_msgs) StdoutLine: {'line': b'-- Installing: /home/a/ws_nhk/install/stm32_mavlink_msgs/include/stm32_mavlink_msgs/stm32_mavlink_msgs/msg/robomaster_motor_command.h\n'}
[34.192983] (stm32_mavlink_msgs) StdoutLine: {'line': b'-- Installing: /home/a/ws_nhk/install/stm32_mavlink_msgs/include/stm32_mavlink_msgs/stm32_mavlink_msgs/msg/rs485_motor_command.h\n'}
[34.193053] (stm32_mavlink_msgs) StdoutLine: {'line': b'-- Installing: /home/a/ws_nhk/install/stm32_mavlink_msgs/include/stm32_mavlink_msgs/stm32_mavlink_msgs/msg/servo_command.h\n'}
[34.193119] (stm32_mavlink_msgs) StdoutLine: {'line': b'-- Installing: /home/a/ws_nhk/install/stm32_mavlink_msgs/include/stm32_mavlink_msgs/stm32_mavlink_msgs/msg/rs485_write_request.h\n'}
[34.193233] (stm32_mavlink_msgs) StdoutLine: {'line': b'-- Installing: /home/a/ws_nhk/install/stm32_mavlink_msgs/include/stm32_mavlink_msgs/stm32_mavlink_msgs/msg/encoder_config.h\n'}
[34.193317] (stm32_mavlink_msgs) StdoutLine: {'line': b'-- Installing: /home/a/ws_nhk/install/stm32_mavlink_msgs/include/stm32_mavlink_msgs/stm32_mavlink_msgs/msg/rs485_flash_save_request.h\n'}
[34.193393] (stm32_mavlink_msgs) StdoutLine: {'line': b'-- Installing: /home/a/ws_nhk/install/stm32_mavlink_msgs/include/stm32_mavlink_msgs/stm32_mavlink_msgs/msg/dc_motor_command.h\n'}
[34.193457] (stm32_mavlink_msgs) StdoutLine: {'line': b'-- Installing: /home/a/ws_nhk/install/stm32_mavlink_msgs/include/stm32_mavlink_msgs/stm32_mavlink_msgs/msg/rs485_read_request.h\n'}
[34.193519] (stm32_mavlink_msgs) StdoutLine: {'line': b'-- Installing: /home/a/ws_nhk/install/stm32_mavlink_msgs/include/stm32_mavlink_msgs/stm32_mavlink_msgs/msg/solenoid_command.h\n'}
[34.193622] (stm32_mavlink_msgs) StdoutLine: {'line': b'-- Installing: /home/a/ws_nhk/install/stm32_mavlink_msgs/include/stm32_mavlink_msgs/stm32_mavlink_msgs/msg/dc_motor_config.h\n'}
[34.193689] (stm32_mavlink_msgs) StdoutLine: {'line': b'-- Installing: /home/a/ws_nhk/install/stm32_mavlink_msgs/include/stm32_mavlink_msgs/stm32_mavlink_msgs/msg/rs485_motor_state.h\n'}
[34.193753] (stm32_mavlink_msgs) StdoutLine: {'line': b'-- Installing: /home/a/ws_nhk/install/stm32_mavlink_msgs/include/stm32_mavlink_msgs/stm32_mavlink_msgs/msg/rosidl_generator_c__visibility_control.h\n'}
[34.193857] (stm32_mavlink_msgs) StdoutLine: {'line': b'-- Installing: /home/a/ws_nhk/install/stm32_mavlink_msgs/include/stm32_mavlink_msgs/stm32_mavlink_msgs/msg/wtt12_l_status.h\n'}
[34.193939] (stm32_mavlink_msgs) StdoutLine: {'line': b'-- Installing: /home/a/ws_nhk/install/stm32_mavlink_msgs/include/stm32_mavlink_msgs/stm32_mavlink_msgs/msg/rs485_motor_config.h\n'}
[34.194021] (stm32_mavlink_msgs) StdoutLine: {'line': b'-- Installing: /home/a/ws_nhk/install/stm32_mavlink_msgs/include/stm32_mavlink_msgs/stm32_mavlink_msgs/msg/dc_motor_state.h\n'}
[34.194097] (stm32_mavlink_msgs) StdoutLine: {'line': b'-- Installing: /home/a/ws_nhk/install/stm32_mavlink_msgs/include/stm32_mavlink_msgs/stm32_mavlink_msgs/msg/servo_state.h\n'}
[34.194151] (stm32_mavlink_msgs) StdoutLine: {'line': b'-- Installing: /home/a/ws_nhk/install/stm32_mavlink_msgs/include/stm32_mavlink_msgs/stm32_mavlink_msgs/msg/rs485_read_response.h\n'}
[34.194209] (stm32_mavlink_msgs) StdoutLine: {'line': b'-- Installing: /home/a/ws_nhk/install/stm32_mavlink_msgs/include/stm32_mavlink_msgs/stm32_mavlink_msgs/msg/robomaster_motor_config.h\n'}
[34.194269] (stm32_mavlink_msgs) StdoutLine: {'line': b'-- Installing: /home/a/ws_nhk/install/stm32_mavlink_msgs/include/stm32_mavlink_msgs/stm32_mavlink_msgs/msg/detail\n'}
[34.194367] (stm32_mavlink_msgs) StdoutLine: {'line': b'-- Installing: /home/a/ws_nhk/install/stm32_mavlink_msgs/include/stm32_mavlink_msgs/stm32_mavlink_msgs/msg/detail/rs485_write_request__type_support.h\n'}
[34.194430] (stm32_mavlink_msgs) StdoutLine: {'line': b'-- Installing: /home/a/ws_nhk/install/stm32_mavlink_msgs/include/stm32_mavlink_msgs/stm32_mavlink_msgs/msg/detail/dc_motor_state__functions.c\n'}
[34.194493] (stm32_mavlink_msgs) StdoutLine: {'line': b'-- Installing: /home/a/ws_nhk/install/stm32_mavlink_msgs/include/stm32_mavlink_msgs/stm32_mavlink_msgs/msg/detail/robomaster_motor_state__type_support.h\n'}
[34.194591] (stm32_mavlink_msgs) StdoutLine: {'line': b'-- Installing: /home/a/ws_nhk/install/stm32_mavlink_msgs/include/stm32_mavlink_msgs/stm32_mavlink_msgs/msg/detail/robomaster_motor_command__functions.c\n'}
[34.194648] (stm32_mavlink_msgs) StdoutLine: {'line': b'-- Installing: /home/a/ws_nhk/install/stm32_mavlink_msgs/include/stm32_mavlink_msgs/stm32_mavlink_msgs/msg/detail/encoder_config__functions.c\n'}
[34.194723] (stm32_mavlink_msgs) StdoutLine: {'line': b'-- Installing: /home/a/ws_nhk/install/stm32_mavlink_msgs/include/stm32_mavlink_msgs/stm32_mavlink_msgs/msg/detail/robomaster_motor_command__type_support.h\n'}
[34.194784] (stm32_mavlink_msgs) StdoutLine: {'line': b'-- Installing: /home/a/ws_nhk/install/stm32_mavlink_msgs/include/stm32_mavlink_msgs/stm32_mavlink_msgs/msg/detail/encoder_config__struct.h\n'}
[34.194901] (stm32_mavlink_msgs) StdoutLine: {'line': b'-- Installing: /home/a/ws_nhk/install/stm32_mavlink_msgs/include/stm32_mavlink_msgs/stm32_mavlink_msgs/msg/detail/solenoid_status__type_support.h\n'}
[34.194973] (stm32_mavlink_msgs) StdoutLine: {'line': b'-- Installing: /home/a/ws_nhk/install/stm32_mavlink_msgs/include/stm32_mavlink_msgs/stm32_mavlink_msgs/msg/detail/encoder_config__functions.h\n'}
[34.195034] (stm32_mavlink_msgs) StdoutLine: {'line': b'-- Installing: /home/a/ws_nhk/install/stm32_mavlink_msgs/include/stm32_mavlink_msgs/stm32_mavlink_msgs/msg/detail/dc_motor_command__type_support.h\n'}
[34.195132] (stm32_mavlink_msgs) StdoutLine: {'line': b'-- Installing: /home/a/ws_nhk/install/stm32_mavlink_msgs/include/stm32_mavlink_msgs/stm32_mavlink_msgs/msg/detail/dc_motor_command__struct.h\n'}
[34.195197] (stm32_mavlink_msgs) StdoutLine: {'line': b'-- Installing: /home/a/ws_nhk/install/stm32_mavlink_msgs/include/stm32_mavlink_msgs/stm32_mavlink_msgs/msg/detail/rs485_motor_state__functions.c\n'}
[34.195292] (stm32_mavlink_msgs) StdoutLine: {'line': b'-- Installing: /home/a/ws_nhk/install/stm32_mavlink_msgs/include/stm32_mavlink_msgs/stm32_mavlink_msgs/msg/detail/rs485_motor_config__functions.h\n'}
[34.195357] (stm32_mavlink_msgs) StdoutLine: {'line': b'-- Installing: /home/a/ws_nhk/install/stm32_mavlink_msgs/include/stm32_mavlink_msgs/stm32_mavlink_msgs/msg/detail/limit_switch_status__struct.h\n'}
[34.195456] (stm32_mavlink_msgs) StdoutLine: {'line': b'-- Installing: /home/a/ws_nhk/install/stm32_mavlink_msgs/include/stm32_mavlink_msgs/stm32_mavlink_msgs/msg/detail/robomaster_motor_state__struct.h\n'}
[34.195524] (stm32_mavlink_msgs) StdoutLine: {'line': b'-- Installing: /home/a/ws_nhk/install/stm32_mavlink_msgs/include/stm32_mavlink_msgs/stm32_mavlink_msgs/msg/detail/solenoid_command__functions.h\n'}
[34.195626] (stm32_mavlink_msgs) StdoutLine: {'line': b'-- Installing: /home/a/ws_nhk/install/stm32_mavlink_msgs/include/stm32_mavlink_msgs/stm32_mavlink_msgs/msg/detail/servo_command__functions.h\n'}
[34.195686] (stm32_mavlink_msgs) StdoutLine: {'line': b'-- Installing: /home/a/ws_nhk/install/stm32_mavlink_msgs/include/stm32_mavlink_msgs/stm32_mavlink_msgs/msg/detail/rs485_motor_state__type_support.h\n'}
[34.195748] (stm32_mavlink_msgs) StdoutLine: {'line': b'-- Installing: /home/a/ws_nhk/install/stm32_mavlink_msgs/include/stm32_mavlink_msgs/stm32_mavlink_msgs/msg/detail/dc_motor_command__functions.h\n'}
[34.195858] (stm32_mavlink_msgs) StdoutLine: {'line': b'-- Installing: /home/a/ws_nhk/install/stm32_mavlink_msgs/include/stm32_mavlink_msgs/stm32_mavlink_msgs/msg/detail/servo_state__type_support.h\n'}
[34.195945] (stm32_mavlink_msgs) StdoutLine: {'line': b'-- Installing: /home/a/ws_nhk/install/stm32_mavlink_msgs/include/stm32_mavlink_msgs/stm32_mavlink_msgs/msg/detail/rs485_motor_command__functions.h\n'}
[34.196038] (stm32_mavlink_msgs) StdoutLine: {'line': b'-- Installing: /home/a/ws_nhk/install/stm32_mavlink_msgs/include/stm32_mavlink_msgs/stm32_mavlink_msgs/msg/detail/rs485_read_request__type_support.h\n'}
[34.196100] (stm32_mavlink_msgs) StdoutLine: {'line': b'-- Installing: /home/a/ws_nhk/install/stm32_mavlink_msgs/include/stm32_mavlink_msgs/stm32_mavlink_msgs/msg/detail/rs485_write_request__struct.h\n'}
[34.196166] (stm32_mavlink_msgs) StdoutLine: {'line': b'-- Installing: /home/a/ws_nhk/install/stm32_mavlink_msgs/include/stm32_mavlink_msgs/stm32_mavlink_msgs/msg/detail/rs485_read_request__struct.h\n'}
[34.196255] (stm32_mavlink_msgs) StdoutLine: {'line': b'-- Installing: /home/a/ws_nhk/install/stm32_mavlink_msgs/include/stm32_mavlink_msgs/stm32_mavlink_msgs/msg/detail/rs485_write_response__type_support.h\n'}
[34.196315] (stm32_mavlink_msgs) StdoutLine: {'line': b'-- Installing: /home/a/ws_nhk/install/stm32_mavlink_msgs/include/stm32_mavlink_msgs/stm32_mavlink_msgs/msg/detail/rs485_write_request__functions.h\n'}
[34.196411] (stm32_mavlink_msgs) StdoutLine: {'line': b'-- Installing: /home/a/ws_nhk/install/stm32_mavlink_msgs/include/stm32_mavlink_msgs/stm32_mavlink_msgs/msg/detail/robomaster_motor_command__functions.h\n'}
[34.196479] (stm32_mavlink_msgs) StdoutLine: {'line': b'-- Installing: /home/a/ws_nhk/install/stm32_mavlink_msgs/include/stm32_mavlink_msgs/stm32_mavlink_msgs/msg/detail/wtt12_l_status__type_support.h\n'}
[34.196568] (stm32_mavlink_msgs) StdoutLine: {'line': b'-- Installing: /home/a/ws_nhk/install/stm32_mavlink_msgs/include/stm32_mavlink_msgs/stm32_mavlink_msgs/msg/detail/solenoid_command__functions.c\n'}
[34.196631] (stm32_mavlink_msgs) StdoutLine: {'line': b'-- Installing: /home/a/ws_nhk/install/stm32_mavlink_msgs/include/stm32_mavlink_msgs/stm32_mavlink_msgs/msg/detail/rs485_motor_config__functions.c\n'}
[34.196728] (stm32_mavlink_msgs) StdoutLine: {'line': b'-- Installing: /home/a/ws_nhk/install/stm32_mavlink_msgs/include/stm32_mavlink_msgs/stm32_mavlink_msgs/msg/detail/servo_command__type_support.h\n'}
[34.196802] (stm32_mavlink_msgs) StdoutLine: {'line': b'-- Installing: /home/a/ws_nhk/install/stm32_mavlink_msgs/include/stm32_mavlink_msgs/stm32_mavlink_msgs/msg/detail/encoder_config__type_support.h\n'}
[34.196909] (stm32_mavlink_msgs) StdoutLine: {'line': b'-- Installing: /home/a/ws_nhk/install/stm32_mavlink_msgs/include/stm32_mavlink_msgs/stm32_mavlink_msgs/msg/detail/solenoid_status__functions.h\n'}
[34.196968] (stm32_mavlink_msgs) StdoutLine: {'line': b'-- Installing: /home/a/ws_nhk/install/stm32_mavlink_msgs/include/stm32_mavlink_msgs/stm32_mavlink_msgs/msg/detail/servo_command__struct.h\n'}
[34.197031] (stm32_mavlink_msgs) StdoutLine: {'line': b'-- Installing: /home/a/ws_nhk/install/stm32_mavlink_msgs/include/stm32_mavlink_msgs/stm32_mavlink_msgs/msg/detail/solenoid_command__type_support.h\n'}
[34.197126] (stm32_mavlink_msgs) StdoutLine: {'line': b'-- Installing: /home/a/ws_nhk/install/stm32_mavlink_msgs/include/stm32_mavlink_msgs/stm32_mavlink_msgs/msg/detail/rs485_motor_config__struct.h\n'}
[34.197191] (stm32_mavlink_msgs) StdoutLine: {'line': b'-- Installing: /home/a/ws_nhk/install/stm32_mavlink_msgs/include/stm32_mavlink_msgs/stm32_mavlink_msgs/msg/detail/servo_state__functions.c\n'}
[34.197293] (stm32_mavlink_msgs) StdoutLine: {'line': b'-- Installing: /home/a/ws_nhk/install/stm32_mavlink_msgs/include/stm32_mavlink_msgs/stm32_mavlink_msgs/msg/detail/rs485_write_response__struct.h\n'}
[34.197355] (stm32_mavlink_msgs) StdoutLine: {'line': b'-- Installing: /home/a/ws_nhk/install/stm32_mavlink_msgs/include/stm32_mavlink_msgs/stm32_mavlink_msgs/msg/detail/rs485_read_response__type_support.h\n'}
[34.197452] (stm32_mavlink_msgs) StdoutLine: {'line': b'-- Installing: /home/a/ws_nhk/install/stm32_mavlink_msgs/include/stm32_mavlink_msgs/stm32_mavlink_msgs/msg/detail/servo_state__struct.h\n'}
[34.197515] (stm32_mavlink_msgs) StdoutLine: {'line': b'-- Installing: /home/a/ws_nhk/install/stm32_mavlink_msgs/include/stm32_mavlink_msgs/stm32_mavlink_msgs/msg/detail/dc_motor_config__functions.c\n'}
[34.197608] (stm32_mavlink_msgs) StdoutLine: {'line': b'-- Installing: /home/a/ws_nhk/install/stm32_mavlink_msgs/include/stm32_mavlink_msgs/stm32_mavlink_msgs/msg/detail/rs485_write_response__functions.c\n'}
[34.197669] (stm32_mavlink_msgs) StdoutLine: {'line': b'-- Installing: /home/a/ws_nhk/install/stm32_mavlink_msgs/include/stm32_mavlink_msgs/stm32_mavlink_msgs/msg/detail/rs485_read_request__functions.h\n'}
[34.197768] (stm32_mavlink_msgs) StdoutLine: {'line': b'-- Installing: /home/a/ws_nhk/install/stm32_mavlink_msgs/include/stm32_mavlink_msgs/stm32_mavlink_msgs/msg/detail/dc_motor_config__type_support.h\n'}
[34.197839] (stm32_mavlink_msgs) StdoutLine: {'line': b'-- Installing: /home/a/ws_nhk/install/stm32_mavlink_msgs/include/stm32_mavlink_msgs/stm32_mavlink_msgs/msg/detail/servo_command__functions.c\n'}
[34.197940] (stm32_mavlink_msgs) StdoutLine: {'line': b'-- Installing: /home/a/ws_nhk/install/stm32_mavlink_msgs/include/stm32_mavlink_msgs/stm32_mavlink_msgs/msg/detail/rs485_motor_command__type_support.h\n'}
[34.198000] (stm32_mavlink_msgs) StdoutLine: {'line': b'-- Installing: /home/a/ws_nhk/install/stm32_mavlink_msgs/include/stm32_mavlink_msgs/stm32_mavlink_msgs/msg/detail/dc_motor_state__functions.h\n'}
[34.198095] (stm32_mavlink_msgs) StdoutLine: {'line': b'-- Installing: /home/a/ws_nhk/install/stm32_mavlink_msgs/include/stm32_mavlink_msgs/stm32_mavlink_msgs/msg/detail/rs485_flash_save_request__type_support.h\n'}
[34.198168] (stm32_mavlink_msgs) StdoutLine: {'line': b'-- Installing: /home/a/ws_nhk/install/stm32_mavlink_msgs/include/stm32_mavlink_msgs/stm32_mavlink_msgs/msg/detail/encoder_state__struct.h\n'}
[34.198265] (stm32_mavlink_msgs) StdoutLine: {'line': b'-- Installing: /home/a/ws_nhk/install/stm32_mavlink_msgs/include/stm32_mavlink_msgs/stm32_mavlink_msgs/msg/detail/dc_motor_config__struct.h\n'}
[34.198324] (stm32_mavlink_msgs) StdoutLine: {'line': b'-- Installing: /home/a/ws_nhk/install/stm32_mavlink_msgs/include/stm32_mavlink_msgs/stm32_mavlink_msgs/msg/detail/rs485_motor_command__functions.c\n'}
[34.198416] (stm32_mavlink_msgs) StdoutLine: {'line': b'-- Installing: /home/a/ws_nhk/install/stm32_mavlink_msgs/include/stm32_mavlink_msgs/stm32_mavlink_msgs/msg/detail/rs485_motor_state__struct.h\n'}
[34.198473] (stm32_mavlink_msgs) StdoutLine: {'line': b'-- Installing: /home/a/ws_nhk/install/stm32_mavlink_msgs/include/stm32_mavlink_msgs/stm32_mavlink_msgs/msg/detail/limit_switch_status__functions.h\n'}
[34.198558] (stm32_mavlink_msgs) StdoutLine: {'line': b'-- Installing: /home/a/ws_nhk/install/stm32_mavlink_msgs/include/stm32_mavlink_msgs/stm32_mavlink_msgs/msg/detail/solenoid_status__functions.c\n'}
[34.198640] (stm32_mavlink_msgs) StdoutLine: {'line': b'-- Installing: /home/a/ws_nhk/install/stm32_mavlink_msgs/include/stm32_mavlink_msgs/stm32_mavlink_msgs/msg/detail/robomaster_motor_state__functions.c\n'}
[34.198732] (stm32_mavlink_msgs) StdoutLine: {'line': b'-- Installing: /home/a/ws_nhk/install/stm32_mavlink_msgs/include/stm32_mavlink_msgs/stm32_mavlink_msgs/msg/detail/wtt12_l_status__struct.h\n'}
[34.198824] (stm32_mavlink_msgs) StdoutLine: {'line': b'-- Installing: /home/a/ws_nhk/install/stm32_mavlink_msgs/include/stm32_mavlink_msgs/stm32_mavlink_msgs/msg/detail/dc_motor_command__functions.c\n'}
[34.198927] (stm32_mavlink_msgs) StdoutLine: {'line': b'-- Installing: /home/a/ws_nhk/install/stm32_mavlink_msgs/include/stm32_mavlink_msgs/stm32_mavlink_msgs/msg/detail/limit_switch_status__functions.c\n'}
[34.198985] (stm32_mavlink_msgs) StdoutLine: {'line': b'-- Installing: /home/a/ws_nhk/install/stm32_mavlink_msgs/include/stm32_mavlink_msgs/stm32_mavlink_msgs/msg/detail/robomaster_motor_config__functions.h\n'}
[34.199071] (stm32_mavlink_msgs) StdoutLine: {'line': b'-- Installing: /home/a/ws_nhk/install/stm32_mavlink_msgs/include/stm32_mavlink_msgs/stm32_mavlink_msgs/msg/detail/rs485_read_request__functions.c\n'}
[34.199155] (stm32_mavlink_msgs) StdoutLine: {'line': b'-- Installing: /home/a/ws_nhk/install/stm32_mavlink_msgs/include/stm32_mavlink_msgs/stm32_mavlink_msgs/msg/detail/limit_switch_status__type_support.h\n'}
[34.199247] (stm32_mavlink_msgs) StdoutLine: {'line': b'-- Installing: /home/a/ws_nhk/install/stm32_mavlink_msgs/include/stm32_mavlink_msgs/stm32_mavlink_msgs/msg/detail/solenoid_command__struct.h\n'}
[34.199336] (stm32_mavlink_msgs) StdoutLine: {'line': b'-- Installing: /home/a/ws_nhk/install/stm32_mavlink_msgs/include/stm32_mavlink_msgs/stm32_mavlink_msgs/msg/detail/robomaster_motor_config__functions.c\n'}
[34.199422] (stm32_mavlink_msgs) StdoutLine: {'line': b'-- Installing: /home/a/ws_nhk/install/stm32_mavlink_msgs/include/stm32_mavlink_msgs/stm32_mavlink_msgs/msg/detail/encoder_state__functions.c\n'}
[34.199500] (stm32_mavlink_msgs) StdoutLine: {'line': b'-- Installing: /home/a/ws_nhk/install/stm32_mavlink_msgs/include/stm32_mavlink_msgs/stm32_mavlink_msgs/msg/detail/robomaster_motor_config__struct.h\n'}
[34.199585] (stm32_mavlink_msgs) StdoutLine: {'line': b'-- Installing: /home/a/ws_nhk/install/stm32_mavlink_msgs/include/stm32_mavlink_msgs/stm32_mavlink_msgs/msg/detail/robomaster_motor_command__struct.h\n'}
[34.199675] (stm32_mavlink_msgs) StdoutLine: {'line': b'-- Installing: /home/a/ws_nhk/install/stm32_mavlink_msgs/include/stm32_mavlink_msgs/stm32_mavlink_msgs/msg/detail/rs485_motor_state__functions.h\n'}
[34.199761] (stm32_mavlink_msgs) StdoutLine: {'line': b'-- Installing: /home/a/ws_nhk/install/stm32_mavlink_msgs/include/stm32_mavlink_msgs/stm32_mavlink_msgs/msg/detail/rs485_flash_save_request__functions.c\n'}
[34.199858] (stm32_mavlink_msgs) StdoutLine: {'line': b'-- Installing: /home/a/ws_nhk/install/stm32_mavlink_msgs/include/stm32_mavlink_msgs/stm32_mavlink_msgs/msg/detail/solenoid_status__struct.h\n'}
[34.199951] (stm32_mavlink_msgs) StdoutLine: {'line': b'-- Installing: /home/a/ws_nhk/install/stm32_mavlink_msgs/include/stm32_mavlink_msgs/stm32_mavlink_msgs/msg/detail/dc_motor_config__functions.h\n'}
[34.200049] (stm32_mavlink_msgs) StdoutLine: {'line': b'-- Installing: /home/a/ws_nhk/install/stm32_mavlink_msgs/include/stm32_mavlink_msgs/stm32_mavlink_msgs/msg/detail/robomaster_motor_config__type_support.h\n'}
[34.200107] (stm32_mavlink_msgs) StdoutLine: {'line': b'-- Installing: /home/a/ws_nhk/install/stm32_mavlink_msgs/include/stm32_mavlink_msgs/stm32_mavlink_msgs/msg/detail/rs485_write_response__functions.h\n'}
[34.200197] (stm32_mavlink_msgs) StdoutLine: {'line': b'-- Installing: /home/a/ws_nhk/install/stm32_mavlink_msgs/include/stm32_mavlink_msgs/stm32_mavlink_msgs/msg/detail/encoder_state__functions.h\n'}
[34.200290] (stm32_mavlink_msgs) StdoutLine: {'line': b'-- Installing: /home/a/ws_nhk/install/stm32_mavlink_msgs/include/stm32_mavlink_msgs/stm32_mavlink_msgs/msg/detail/rs485_flash_save_request__functions.h\n'}
[34.200371] (stm32_mavlink_msgs) StdoutLine: {'line': b'-- Installing: /home/a/ws_nhk/install/stm32_mavlink_msgs/include/stm32_mavlink_msgs/stm32_mavlink_msgs/msg/detail/dc_motor_state__type_support.h\n'}
[34.200460] (stm32_mavlink_msgs) StdoutLine: {'line': b'-- Installing: /home/a/ws_nhk/install/stm32_mavlink_msgs/include/stm32_mavlink_msgs/stm32_mavlink_msgs/msg/detail/rs485_motor_config__type_support.h\n'}
[34.200547] (stm32_mavlink_msgs) StdoutLine: {'line': b'-- Installing: /home/a/ws_nhk/install/stm32_mavlink_msgs/include/stm32_mavlink_msgs/stm32_mavlink_msgs/msg/detail/rs485_flash_save_request__struct.h\n'}
[34.200638] (stm32_mavlink_msgs) StdoutLine: {'line': b'-- Installing: /home/a/ws_nhk/install/stm32_mavlink_msgs/include/stm32_mavlink_msgs/stm32_mavlink_msgs/msg/detail/robomaster_motor_state__functions.h\n'}
[34.200726] (stm32_mavlink_msgs) StdoutLine: {'line': b'-- Installing: /home/a/ws_nhk/install/stm32_mavlink_msgs/include/stm32_mavlink_msgs/stm32_mavlink_msgs/msg/detail/rs485_read_response__functions.c\n'}
[34.200820] (stm32_mavlink_msgs) StdoutLine: {'line': b'-- Installing: /home/a/ws_nhk/install/stm32_mavlink_msgs/include/stm32_mavlink_msgs/stm32_mavlink_msgs/msg/detail/wtt12_l_status__functions.h\n'}
[34.200920] (stm32_mavlink_msgs) StdoutLine: {'line': b'-- Installing: /home/a/ws_nhk/install/stm32_mavlink_msgs/include/stm32_mavlink_msgs/stm32_mavlink_msgs/msg/detail/rs485_read_response__functions.h\n'}
[34.201008] (stm32_mavlink_msgs) StdoutLine: {'line': b'-- Installing: /home/a/ws_nhk/install/stm32_mavlink_msgs/include/stm32_mavlink_msgs/stm32_mavlink_msgs/msg/detail/rs485_write_request__functions.c\n'}
[34.201100] (stm32_mavlink_msgs) StdoutLine: {'line': b'-- Installing: /home/a/ws_nhk/install/stm32_mavlink_msgs/include/stm32_mavlink_msgs/stm32_mavlink_msgs/msg/detail/rs485_motor_command__struct.h\n'}
[34.201197] (stm32_mavlink_msgs) StdoutLine: {'line': b'-- Installing: /home/a/ws_nhk/install/stm32_mavlink_msgs/include/stm32_mavlink_msgs/stm32_mavlink_msgs/msg/detail/wtt12_l_status__functions.c\n'}
[34.201256] (stm32_mavlink_msgs) StdoutLine: {'line': b'-- Installing: /home/a/ws_nhk/install/stm32_mavlink_msgs/include/stm32_mavlink_msgs/stm32_mavlink_msgs/msg/detail/dc_motor_state__struct.h\n'}
[34.201342] (stm32_mavlink_msgs) StdoutLine: {'line': b'-- Installing: /home/a/ws_nhk/install/stm32_mavlink_msgs/include/stm32_mavlink_msgs/stm32_mavlink_msgs/msg/detail/servo_state__functions.h\n'}
[34.201429] (stm32_mavlink_msgs) StdoutLine: {'line': b'-- Installing: /home/a/ws_nhk/install/stm32_mavlink_msgs/include/stm32_mavlink_msgs/stm32_mavlink_msgs/msg/detail/encoder_state__type_support.h\n'}
[34.201513] (stm32_mavlink_msgs) StdoutLine: {'line': b'-- Installing: /home/a/ws_nhk/install/stm32_mavlink_msgs/include/stm32_mavlink_msgs/stm32_mavlink_msgs/msg/detail/rs485_read_response__struct.h\n'}
[34.201595] (stm32_mavlink_msgs) StdoutLine: {'line': b'-- Installing: /home/a/ws_nhk/install/stm32_mavlink_msgs/include/stm32_mavlink_msgs/stm32_mavlink_msgs/msg/rs485_write_response.h\n'}
[34.201685] (stm32_mavlink_msgs) StdoutLine: {'line': b'-- Installing: /home/a/ws_nhk/install/stm32_mavlink_msgs/include/stm32_mavlink_msgs/stm32_mavlink_msgs/msg/limit_switch_status.h\n'}
[34.201784] (stm32_mavlink_msgs) StdoutLine: {'line': b'-- Installing: /home/a/ws_nhk/install/stm32_mavlink_msgs/include/stm32_mavlink_msgs/stm32_mavlink_msgs/msg/encoder_state.h\n'}
[34.201860] (stm32_mavlink_msgs) StdoutLine: {'line': b'-- Installing: /home/a/ws_nhk/install/stm32_mavlink_msgs/include/stm32_mavlink_msgs/stm32_mavlink_msgs/msg/solenoid_status.h\n'}
[34.201949] (stm32_mavlink_msgs) StdoutLine: {'line': b'-- Installing: /home/a/ws_nhk/install/stm32_mavlink_msgs/include/stm32_mavlink_msgs/stm32_mavlink_msgs/msg/robomaster_motor_state.h\n'}
[34.202043] (stm32_mavlink_msgs) StdoutLine: {'line': b'-- Installing: /home/a/ws_nhk/install/stm32_mavlink_msgs/include/stm32_mavlink_msgs/stm32_mavlink_msgs/srv\n'}
[34.202141] (stm32_mavlink_msgs) StdoutLine: {'line': b'-- Installing: /home/a/ws_nhk/install/stm32_mavlink_msgs/include/stm32_mavlink_msgs/stm32_mavlink_msgs/srv/set_robomaster_motor_config.h\n'}
[34.202199] (stm32_mavlink_msgs) StdoutLine: {'line': b'-- Installing: /home/a/ws_nhk/install/stm32_mavlink_msgs/include/stm32_mavlink_msgs/stm32_mavlink_msgs/srv/get_dc_motor_config.h\n'}
[34.202294] (stm32_mavlink_msgs) StdoutLine: {'line': b'-- Installing: /home/a/ws_nhk/install/stm32_mavlink_msgs/include/stm32_mavlink_msgs/stm32_mavlink_msgs/srv/write_rs485_param.h\n'}
[34.202355] (stm32_mavlink_msgs) StdoutLine: {'line': b'-- Installing: /home/a/ws_nhk/install/stm32_mavlink_msgs/include/stm32_mavlink_msgs/stm32_mavlink_msgs/srv/set_encoder_config.h\n'}
[34.202450] (stm32_mavlink_msgs) StdoutLine: {'line': b'-- Installing: /home/a/ws_nhk/install/stm32_mavlink_msgs/include/stm32_mavlink_msgs/stm32_mavlink_msgs/srv/set_dc_motor_config.h\n'}
[34.202508] (stm32_mavlink_msgs) StdoutLine: {'line': b'-- Installing: /home/a/ws_nhk/install/stm32_mavlink_msgs/include/stm32_mavlink_msgs/stm32_mavlink_msgs/srv/read_rs485_param.h\n'}
[34.202605] (stm32_mavlink_msgs) StdoutLine: {'line': b'-- Installing: /home/a/ws_nhk/install/stm32_mavlink_msgs/include/stm32_mavlink_msgs/stm32_mavlink_msgs/srv/flash_save_rs485.h\n'}
[34.202664] (stm32_mavlink_msgs) StdoutLine: {'line': b'-- Installing: /home/a/ws_nhk/install/stm32_mavlink_msgs/include/stm32_mavlink_msgs/stm32_mavlink_msgs/srv/detail\n'}
[34.202749] (stm32_mavlink_msgs) StdoutLine: {'line': b'-- Installing: /home/a/ws_nhk/install/stm32_mavlink_msgs/include/stm32_mavlink_msgs/stm32_mavlink_msgs/srv/detail/get_dc_motor_config__functions.c\n'}
[34.202814] (stm32_mavlink_msgs) StdoutLine: {'line': b'-- Installing: /home/a/ws_nhk/install/stm32_mavlink_msgs/include/stm32_mavlink_msgs/stm32_mavlink_msgs/srv/detail/get_robomaster_motor_config__functions.h\n'}
[34.202892] (stm32_mavlink_msgs) StdoutLine: {'line': b'-- Installing: /home/a/ws_nhk/install/stm32_mavlink_msgs/include/stm32_mavlink_msgs/stm32_mavlink_msgs/srv/detail/write_rs485_param__functions.c\n'}
[34.202981] (stm32_mavlink_msgs) StdoutLine: {'line': b'-- Installing: /home/a/ws_nhk/install/stm32_mavlink_msgs/include/stm32_mavlink_msgs/stm32_mavlink_msgs/srv/detail/read_rs485_param__type_support.h\n'}
[34.203076] (stm32_mavlink_msgs) StdoutLine: {'line': b'-- Installing: /home/a/ws_nhk/install/stm32_mavlink_msgs/include/stm32_mavlink_msgs/stm32_mavlink_msgs/srv/detail/get_robomaster_motor_config__struct.h\n'}
[34.203134] (stm32_mavlink_msgs) StdoutLine: {'line': b'-- Installing: /home/a/ws_nhk/install/stm32_mavlink_msgs/include/stm32_mavlink_msgs/stm32_mavlink_msgs/srv/detail/set_encoder_config__struct.h\n'}
[34.203228] (stm32_mavlink_msgs) StdoutLine: {'line': b'-- Installing: /home/a/ws_nhk/install/stm32_mavlink_msgs/include/stm32_mavlink_msgs/stm32_mavlink_msgs/srv/detail/set_dc_motor_config__type_support.h\n'}
[34.203292] (stm32_mavlink_msgs) StdoutLine: {'line': b'-- Installing: /home/a/ws_nhk/install/stm32_mavlink_msgs/include/stm32_mavlink_msgs/stm32_mavlink_msgs/srv/detail/set_dc_motor_config__functions.h\n'}
[34.203378] (stm32_mavlink_msgs) StdoutLine: {'line': b'-- Installing: /home/a/ws_nhk/install/stm32_mavlink_msgs/include/stm32_mavlink_msgs/stm32_mavlink_msgs/srv/detail/set_robomaster_motor_config__struct.h\n'}
[34.203466] (stm32_mavlink_msgs) StdoutLine: {'line': b'-- Installing: /home/a/ws_nhk/install/stm32_mavlink_msgs/include/stm32_mavlink_msgs/stm32_mavlink_msgs/srv/detail/read_rs485_param__functions.c\n'}
[34.203554] (stm32_mavlink_msgs) StdoutLine: {'line': b'-- Installing: /home/a/ws_nhk/install/stm32_mavlink_msgs/include/stm32_mavlink_msgs/stm32_mavlink_msgs/srv/detail/set_robomaster_motor_config__functions.c\n'}
[34.203643] (stm32_mavlink_msgs) StdoutLine: {'line': b'-- Installing: /home/a/ws_nhk/install/stm32_mavlink_msgs/include/stm32_mavlink_msgs/stm32_mavlink_msgs/srv/detail/get_robomaster_motor_config__functions.c\n'}
[34.203737] (stm32_mavlink_msgs) StdoutLine: {'line': b'-- Installing: /home/a/ws_nhk/install/stm32_mavlink_msgs/include/stm32_mavlink_msgs/stm32_mavlink_msgs/srv/detail/set_dc_motor_config__functions.c\n'}
[34.203834] (stm32_mavlink_msgs) StdoutLine: {'line': b'-- Installing: /home/a/ws_nhk/install/stm32_mavlink_msgs/include/stm32_mavlink_msgs/stm32_mavlink_msgs/srv/detail/set_robomaster_motor_config__type_support.h\n'}
[34.203940] (stm32_mavlink_msgs) StdoutLine: {'line': b'-- Installing: /home/a/ws_nhk/install/stm32_mavlink_msgs/include/stm32_mavlink_msgs/stm32_mavlink_msgs/srv/detail/get_dc_motor_config__functions.h\n'}
[34.204012] (stm32_mavlink_msgs) StdoutLine: {'line': b'-- Installing: /home/a/ws_nhk/install/stm32_mavlink_msgs/include/stm32_mavlink_msgs/stm32_mavlink_msgs/srv/detail/set_servo_config__struct.h\n'}
[34.204068] (stm32_mavlink_msgs) StdoutLine: {'line': b'-- Installing: /home/a/ws_nhk/install/stm32_mavlink_msgs/include/stm32_mavlink_msgs/stm32_mavlink_msgs/srv/detail/write_rs485_param__struct.h\n'}
[34.204157] (stm32_mavlink_msgs) StdoutLine: {'line': b'-- Installing: /home/a/ws_nhk/install/stm32_mavlink_msgs/include/stm32_mavlink_msgs/stm32_mavlink_msgs/srv/detail/set_servo_config__functions.c\n'}
[34.204245] (stm32_mavlink_msgs) StdoutLine: {'line': b'-- Installing: /home/a/ws_nhk/install/stm32_mavlink_msgs/include/stm32_mavlink_msgs/stm32_mavlink_msgs/srv/detail/flash_save_rs485__functions.c\n'}
[34.204337] (stm32_mavlink_msgs) StdoutLine: {'line': b'-- Installing: /home/a/ws_nhk/install/stm32_mavlink_msgs/include/stm32_mavlink_msgs/stm32_mavlink_msgs/srv/detail/write_rs485_param__functions.h\n'}
[34.204422] (stm32_mavlink_msgs) StdoutLine: {'line': b'-- Installing: /home/a/ws_nhk/install/stm32_mavlink_msgs/include/stm32_mavlink_msgs/stm32_mavlink_msgs/srv/detail/read_rs485_param__functions.h\n'}
[34.204517] (stm32_mavlink_msgs) StdoutLine: {'line': b'-- Installing: /home/a/ws_nhk/install/stm32_mavlink_msgs/include/stm32_mavlink_msgs/stm32_mavlink_msgs/srv/detail/write_rs485_param__type_support.h\n'}
[34.204574] (stm32_mavlink_msgs) StdoutLine: {'line': b'-- Installing: /home/a/ws_nhk/install/stm32_mavlink_msgs/include/stm32_mavlink_msgs/stm32_mavlink_msgs/srv/detail/set_robomaster_motor_config__functions.h\n'}
[34.204662] (stm32_mavlink_msgs) StdoutLine: {'line': b'-- Installing: /home/a/ws_nhk/install/stm32_mavlink_msgs/include/stm32_mavlink_msgs/stm32_mavlink_msgs/srv/detail/set_encoder_config__functions.h\n'}
[34.204752] (stm32_mavlink_msgs) StdoutLine: {'line': b'-- Installing: /home/a/ws_nhk/install/stm32_mavlink_msgs/include/stm32_mavlink_msgs/stm32_mavlink_msgs/srv/detail/flash_save_rs485__functions.h\n'}
[34.204841] (stm32_mavlink_msgs) StdoutLine: {'line': b'-- Installing: /home/a/ws_nhk/install/stm32_mavlink_msgs/include/stm32_mavlink_msgs/stm32_mavlink_msgs/srv/detail/get_dc_motor_config__type_support.h\n'}
[34.204929] (stm32_mavlink_msgs) StdoutLine: {'line': b'-- Installing: /home/a/ws_nhk/install/stm32_mavlink_msgs/include/stm32_mavlink_msgs/stm32_mavlink_msgs/srv/detail/set_encoder_config__type_support.h\n'}
[34.205010] (stm32_mavlink_msgs) StdoutLine: {'line': b'-- Installing: /home/a/ws_nhk/install/stm32_mavlink_msgs/include/stm32_mavlink_msgs/stm32_mavlink_msgs/srv/detail/set_servo_config__functions.h\n'}
[34.205110] (stm32_mavlink_msgs) StdoutLine: {'line': b'-- Installing: /home/a/ws_nhk/install/stm32_mavlink_msgs/include/stm32_mavlink_msgs/stm32_mavlink_msgs/srv/detail/get_robomaster_motor_config__type_support.h\n'}
[34.205170] (stm32_mavlink_msgs) StdoutLine: {'line': b'-- Installing: /home/a/ws_nhk/install/stm32_mavlink_msgs/include/stm32_mavlink_msgs/stm32_mavlink_msgs/srv/detail/set_servo_config__type_support.h\n'}
[34.205269] (stm32_mavlink_msgs) StdoutLine: {'line': b'-- Installing: /home/a/ws_nhk/install/stm32_mavlink_msgs/include/stm32_mavlink_msgs/stm32_mavlink_msgs/srv/detail/set_dc_motor_config__struct.h\n'}
[34.205328] (stm32_mavlink_msgs) StdoutLine: {'line': b'-- Installing: /home/a/ws_nhk/install/stm32_mavlink_msgs/include/stm32_mavlink_msgs/stm32_mavlink_msgs/srv/detail/flash_save_rs485__struct.h\n'}
[34.205419] (stm32_mavlink_msgs) StdoutLine: {'line': b'-- Installing: /home/a/ws_nhk/install/stm32_mavlink_msgs/include/stm32_mavlink_msgs/stm32_mavlink_msgs/srv/detail/set_encoder_config__functions.c\n'}
[34.205521] (stm32_mavlink_msgs) StdoutLine: {'line': b'-- Installing: /home/a/ws_nhk/install/stm32_mavlink_msgs/include/stm32_mavlink_msgs/stm32_mavlink_msgs/srv/detail/flash_save_rs485__type_support.h\n'}
[34.205578] (stm32_mavlink_msgs) StdoutLine: {'line': b'-- Installing: /home/a/ws_nhk/install/stm32_mavlink_msgs/include/stm32_mavlink_msgs/stm32_mavlink_msgs/srv/detail/get_dc_motor_config__struct.h\n'}
[34.205684] (stm32_mavlink_msgs) StdoutLine: {'line': b'-- Installing: /home/a/ws_nhk/install/stm32_mavlink_msgs/include/stm32_mavlink_msgs/stm32_mavlink_msgs/srv/detail/read_rs485_param__struct.h\n'}
[34.205783] (stm32_mavlink_msgs) StdoutLine: {'line': b'-- Installing: /home/a/ws_nhk/install/stm32_mavlink_msgs/include/stm32_mavlink_msgs/stm32_mavlink_msgs/srv/get_robomaster_motor_config.h\n'}
[34.205850] (stm32_mavlink_msgs) StdoutLine: {'line': b'-- Installing: /home/a/ws_nhk/install/stm32_mavlink_msgs/include/stm32_mavlink_msgs/stm32_mavlink_msgs/srv/set_servo_config.h\n'}
[34.206001] (stm32_mavlink_msgs) StdoutLine: {'line': b'-- Installing: /home/a/ws_nhk/install/stm32_mavlink_msgs/share/stm32_mavlink_msgs/environment/library_path.sh\n'}
[34.206133] (stm32_mavlink_msgs) StdoutLine: {'line': b'-- Installing: /home/a/ws_nhk/install/stm32_mavlink_msgs/share/stm32_mavlink_msgs/environment/library_path.dsv\n'}
[34.206320] (stm32_mavlink_msgs) StdoutLine: {'line': b'-- Installing: /home/a/ws_nhk/install/stm32_mavlink_msgs/lib/libstm32_mavlink_msgs__rosidl_generator_c.so\n'}
[34.206848] (stm32_mavlink_msgs) StdoutLine: {'line': b'-- Set runtime path of "/home/a/ws_nhk/install/stm32_mavlink_msgs/lib/libstm32_mavlink_msgs__rosidl_generator_c.so" to ""\n'}
[34.206946] (stm32_mavlink_msgs) StdoutLine: {'line': b'-- Up-to-date: /home/a/ws_nhk/install/stm32_mavlink_msgs/include/stm32_mavlink_msgs/stm32_mavlink_msgs\n'}
[34.207009] (stm32_mavlink_msgs) StdoutLine: {'line': b'-- Up-to-date: /home/a/ws_nhk/install/stm32_mavlink_msgs/include/stm32_mavlink_msgs/stm32_mavlink_msgs/msg\n'}
[34.207101] (stm32_mavlink_msgs) StdoutLine: {'line': b'-- Installing: /home/a/ws_nhk/install/stm32_mavlink_msgs/include/stm32_mavlink_msgs/stm32_mavlink_msgs/msg/rosidl_typesupport_fastrtps_c__visibility_control.h\n'}
[34.207171] (stm32_mavlink_msgs) StdoutLine: {'line': b'-- Up-to-date: /home/a/ws_nhk/install/stm32_mavlink_msgs/include/stm32_mavlink_msgs/stm32_mavlink_msgs/msg/detail\n'}
[34.207272] (stm32_mavlink_msgs) StdoutLine: {'line': b'-- Installing: /home/a/ws_nhk/install/stm32_mavlink_msgs/include/stm32_mavlink_msgs/stm32_mavlink_msgs/msg/detail/rs485_motor_state__rosidl_typesupport_fastrtps_c.h\n'}
[34.207342] (stm32_mavlink_msgs) StdoutLine: {'line': b'-- Installing: /home/a/ws_nhk/install/stm32_mavlink_msgs/include/stm32_mavlink_msgs/stm32_mavlink_msgs/msg/detail/encoder_state__rosidl_typesupport_fastrtps_c.h\n'}
[34.207435] (stm32_mavlink_msgs) StdoutLine: {'line': b'-- Installing: /home/a/ws_nhk/install/stm32_mavlink_msgs/include/stm32_mavlink_msgs/stm32_mavlink_msgs/msg/detail/solenoid_status__rosidl_typesupport_fastrtps_c.h\n'}
[34.207537] (stm32_mavlink_msgs) StdoutLine: {'line': b'-- Installing: /home/a/ws_nhk/install/stm32_mavlink_msgs/include/stm32_mavlink_msgs/stm32_mavlink_msgs/msg/detail/rs485_write_request__rosidl_typesupport_fastrtps_c.h\n'}
[34.207600] (stm32_mavlink_msgs) StdoutLine: {'line': b'-- Installing: /home/a/ws_nhk/install/stm32_mavlink_msgs/include/stm32_mavlink_msgs/stm32_mavlink_msgs/msg/detail/rs485_motor_command__rosidl_typesupport_fastrtps_c.h\n'}
[34.207703] (stm32_mavlink_msgs) StdoutLine: {'line': b'-- Installing: /home/a/ws_nhk/install/stm32_mavlink_msgs/include/stm32_mavlink_msgs/stm32_mavlink_msgs/msg/detail/rs485_read_request__rosidl_typesupport_fastrtps_c.h\n'}
[34.207767] (stm32_mavlink_msgs) StdoutLine: {'line': b'-- Installing: /home/a/ws_nhk/install/stm32_mavlink_msgs/include/stm32_mavlink_msgs/stm32_mavlink_msgs/msg/detail/robomaster_motor_config__rosidl_typesupport_fastrtps_c.h\n'}
[34.207880] (stm32_mavlink_msgs) StdoutLine: {'line': b'-- Installing: /home/a/ws_nhk/install/stm32_mavlink_msgs/include/stm32_mavlink_msgs/stm32_mavlink_msgs/msg/detail/encoder_config__rosidl_typesupport_fastrtps_c.h\n'}
[34.207943] (stm32_mavlink_msgs) StdoutLine: {'line': b'-- Installing: /home/a/ws_nhk/install/stm32_mavlink_msgs/include/stm32_mavlink_msgs/stm32_mavlink_msgs/msg/detail/servo_command__rosidl_typesupport_fastrtps_c.h\n'}
[34.208032] (stm32_mavlink_msgs) StdoutLine: {'line': b'-- Installing: /home/a/ws_nhk/install/stm32_mavlink_msgs/include/stm32_mavlink_msgs/stm32_mavlink_msgs/msg/detail/rs485_write_response__rosidl_typesupport_fastrtps_c.h\n'}
[34.208118] (stm32_mavlink_msgs) StdoutLine: {'line': b'-- Installing: /home/a/ws_nhk/install/stm32_mavlink_msgs/include/stm32_mavlink_msgs/stm32_mavlink_msgs/msg/detail/rs485_motor_config__rosidl_typesupport_fastrtps_c.h\n'}
[34.208194] (stm32_mavlink_msgs) StdoutLine: {'line': b'-- Installing: /home/a/ws_nhk/install/stm32_mavlink_msgs/include/stm32_mavlink_msgs/stm32_mavlink_msgs/msg/detail/solenoid_command__rosidl_typesupport_fastrtps_c.h\n'}
[34.208279] (stm32_mavlink_msgs) StdoutLine: {'line': b'-- Installing: /home/a/ws_nhk/install/stm32_mavlink_msgs/include/stm32_mavlink_msgs/stm32_mavlink_msgs/msg/detail/dc_motor_config__rosidl_typesupport_fastrtps_c.h\n'}
[34.208365] (stm32_mavlink_msgs) StdoutLine: {'line': b'-- Installing: /home/a/ws_nhk/install/stm32_mavlink_msgs/include/stm32_mavlink_msgs/stm32_mavlink_msgs/msg/detail/rs485_flash_save_request__rosidl_typesupport_fastrtps_c.h\n'}
[34.208449] (stm32_mavlink_msgs) StdoutLine: {'line': b'-- Installing: /home/a/ws_nhk/install/stm32_mavlink_msgs/include/stm32_mavlink_msgs/stm32_mavlink_msgs/msg/detail/robomaster_motor_state__rosidl_typesupport_fastrtps_c.h\n'}
[34.208537] (stm32_mavlink_msgs) StdoutLine: {'line': b'-- Installing: /home/a/ws_nhk/install/stm32_mavlink_msgs/include/stm32_mavlink_msgs/stm32_mavlink_msgs/msg/detail/robomaster_motor_command__rosidl_typesupport_fastrtps_c.h\n'}
[34.208625] (stm32_mavlink_msgs) StdoutLine: {'line': b'-- Installing: /home/a/ws_nhk/install/stm32_mavlink_msgs/include/stm32_mavlink_msgs/stm32_mavlink_msgs/msg/detail/servo_state__rosidl_typesupport_fastrtps_c.h\n'}
[34.208706] (stm32_mavlink_msgs) StdoutLine: {'line': b'-- Installing: /home/a/ws_nhk/install/stm32_mavlink_msgs/include/stm32_mavlink_msgs/stm32_mavlink_msgs/msg/detail/dc_motor_state__rosidl_typesupport_fastrtps_c.h\n'}
[34.208813] (stm32_mavlink_msgs) StdoutLine: {'line': b'-- Installing: /home/a/ws_nhk/install/stm32_mavlink_msgs/include/stm32_mavlink_msgs/stm32_mavlink_msgs/msg/detail/wtt12_l_status__rosidl_typesupport_fastrtps_c.h\n'}
[34.208898] (stm32_mavlink_msgs) StdoutLine: {'line': b'-- Installing: /home/a/ws_nhk/install/stm32_mavlink_msgs/include/stm32_mavlink_msgs/stm32_mavlink_msgs/msg/detail/limit_switch_status__rosidl_typesupport_fastrtps_c.h\n'}
[34.208993] (stm32_mavlink_msgs) StdoutLine: {'line': b'-- Installing: /home/a/ws_nhk/install/stm32_mavlink_msgs/include/stm32_mavlink_msgs/stm32_mavlink_msgs/msg/detail/dc_motor_command__rosidl_typesupport_fastrtps_c.h\n'}
[34.209081] (stm32_mavlink_msgs) StdoutLine: {'line': b'-- Installing: /home/a/ws_nhk/install/stm32_mavlink_msgs/include/stm32_mavlink_msgs/stm32_mavlink_msgs/msg/detail/rs485_read_response__rosidl_typesupport_fastrtps_c.h\n'}
[34.209182] (stm32_mavlink_msgs) StdoutLine: {'line': b'-- Up-to-date: /home/a/ws_nhk/install/stm32_mavlink_msgs/include/stm32_mavlink_msgs/stm32_mavlink_msgs/srv\n'}
[34.209253] (stm32_mavlink_msgs) StdoutLine: {'line': b'-- Up-to-date: /home/a/ws_nhk/install/stm32_mavlink_msgs/include/stm32_mavlink_msgs/stm32_mavlink_msgs/srv/detail\n'}
[34.209352] (stm32_mavlink_msgs) StdoutLine: {'line': b'-- Installing: /home/a/ws_nhk/install/stm32_mavlink_msgs/include/stm32_mavlink_msgs/stm32_mavlink_msgs/srv/detail/set_encoder_config__rosidl_typesupport_fastrtps_c.h\n'}
[34.209421] (stm32_mavlink_msgs) StdoutLine: {'line': b'-- Installing: /home/a/ws_nhk/install/stm32_mavlink_msgs/include/stm32_mavlink_msgs/stm32_mavlink_msgs/srv/detail/read_rs485_param__rosidl_typesupport_fastrtps_c.h\n'}
[34.209521] (stm32_mavlink_msgs) StdoutLine: {'line': b'-- Installing: /home/a/ws_nhk/install/stm32_mavlink_msgs/include/stm32_mavlink_msgs/stm32_mavlink_msgs/srv/detail/write_rs485_param__rosidl_typesupport_fastrtps_c.h\n'}
[34.209588] (stm32_mavlink_msgs) StdoutLine: {'line': b'-- Installing: /home/a/ws_nhk/install/stm32_mavlink_msgs/include/stm32_mavlink_msgs/stm32_mavlink_msgs/srv/detail/set_servo_config__rosidl_typesupport_fastrtps_c.h\n'}
[34.209692] (stm32_mavlink_msgs) StdoutLine: {'line': b'-- Installing: /home/a/ws_nhk/install/stm32_mavlink_msgs/include/stm32_mavlink_msgs/stm32_mavlink_msgs/srv/detail/flash_save_rs485__rosidl_typesupport_fastrtps_c.h\n'}
[34.209760] (stm32_mavlink_msgs) StdoutLine: {'line': b'-- Installing: /home/a/ws_nhk/install/stm32_mavlink_msgs/include/stm32_mavlink_msgs/stm32_mavlink_msgs/srv/detail/get_robomaster_motor_config__rosidl_typesupport_fastrtps_c.h\n'}
[34.209856] (stm32_mavlink_msgs) StdoutLine: {'line': b'-- Installing: /home/a/ws_nhk/install/stm32_mavlink_msgs/include/stm32_mavlink_msgs/stm32_mavlink_msgs/srv/detail/set_dc_motor_config__rosidl_typesupport_fastrtps_c.h\n'}
[34.209950] (stm32_mavlink_msgs) StdoutLine: {'line': b'-- Installing: /home/a/ws_nhk/install/stm32_mavlink_msgs/include/stm32_mavlink_msgs/stm32_mavlink_msgs/srv/detail/get_dc_motor_config__rosidl_typesupport_fastrtps_c.h\n'}
[34.210007] (stm32_mavlink_msgs) StdoutLine: {'line': b'-- Installing: /home/a/ws_nhk/install/stm32_mavlink_msgs/include/stm32_mavlink_msgs/stm32_mavlink_msgs/srv/detail/set_robomaster_motor_config__rosidl_typesupport_fastrtps_c.h\n'}
[34.210095] (stm32_mavlink_msgs) StdoutLine: {'line': b'-- Installing: /home/a/ws_nhk/install/stm32_mavlink_msgs/lib/libstm32_mavlink_msgs__rosidl_typesupport_fastrtps_c.so\n'}
[34.210525] (stm32_mavlink_msgs) StdoutLine: {'line': b'-- Set runtime path of "/home/a/ws_nhk/install/stm32_mavlink_msgs/lib/libstm32_mavlink_msgs__rosidl_typesupport_fastrtps_c.so" to ""\n'}
[34.210741] (stm32_mavlink_msgs) StdoutLine: {'line': b'-- Up-to-date: /home/a/ws_nhk/install/stm32_mavlink_msgs/include/stm32_mavlink_msgs/stm32_mavlink_msgs\n'}
[34.210813] (stm32_mavlink_msgs) StdoutLine: {'line': b'-- Up-to-date: /home/a/ws_nhk/install/stm32_mavlink_msgs/include/stm32_mavlink_msgs/stm32_mavlink_msgs/msg\n'}
[34.210886] (stm32_mavlink_msgs) StdoutLine: {'line': b'-- Installing: /home/a/ws_nhk/install/stm32_mavlink_msgs/include/stm32_mavlink_msgs/stm32_mavlink_msgs/msg/rosidl_typesupport_introspection_c__visibility_control.h\n'}
[34.211013] (stm32_mavlink_msgs) StdoutLine: {'line': b'-- Up-to-date: /home/a/ws_nhk/install/stm32_mavlink_msgs/include/stm32_mavlink_msgs/stm32_mavlink_msgs/msg/detail\n'}
[34.211256] (stm32_mavlink_msgs) StdoutLine: {'line': b'-- Installing: /home/a/ws_nhk/install/stm32_mavlink_msgs/include/stm32_mavlink_msgs/stm32_mavlink_msgs/msg/detail/rs485_motor_config__rosidl_typesupport_introspection_c.h\n'}
[34.211324] (stm32_mavlink_msgs) StdoutLine: {'line': b'-- Installing: /home/a/ws_nhk/install/stm32_mavlink_msgs/include/stm32_mavlink_msgs/stm32_mavlink_msgs/msg/detail/robomaster_motor_state__type_support.c\n'}
[34.211387] (stm32_mavlink_msgs) StdoutLine: {'line': b'-- Installing: /home/a/ws_nhk/install/stm32_mavlink_msgs/include/stm32_mavlink_msgs/stm32_mavlink_msgs/msg/detail/rs485_motor_state__rosidl_typesupport_introspection_c.h\n'}
[34.211514] (stm32_mavlink_msgs) StdoutLine: {'line': b'-- Installing: /home/a/ws_nhk/install/stm32_mavlink_msgs/include/stm32_mavlink_msgs/stm32_mavlink_msgs/msg/detail/rs485_motor_state__type_support.c\n'}
[34.211578] (stm32_mavlink_msgs) StdoutLine: {'line': b'-- Installing: /home/a/ws_nhk/install/stm32_mavlink_msgs/include/stm32_mavlink_msgs/stm32_mavlink_msgs/msg/detail/dc_motor_state__type_support.c\n'}
[34.211694] (stm32_mavlink_msgs) StdoutLine: {'line': b'-- Installing: /home/a/ws_nhk/install/stm32_mavlink_msgs/include/stm32_mavlink_msgs/stm32_mavlink_msgs/msg/detail/solenoid_status__type_support.c\n'}
[34.211837] (stm32_mavlink_msgs) StdoutLine: {'line': b'-- Installing: /home/a/ws_nhk/install/stm32_mavlink_msgs/include/stm32_mavlink_msgs/stm32_mavlink_msgs/msg/detail/dc_motor_config__type_support.c\n'}
[34.211910] (stm32_mavlink_msgs) StdoutLine: {'line': b'-- Installing: /home/a/ws_nhk/install/stm32_mavlink_msgs/include/stm32_mavlink_msgs/stm32_mavlink_msgs/msg/detail/rs485_read_response__type_support.c\n'}
[34.211984] (stm32_mavlink_msgs) StdoutLine: {'line': b'-- Installing: /home/a/ws_nhk/install/stm32_mavlink_msgs/include/stm32_mavlink_msgs/stm32_mavlink_msgs/msg/detail/robomaster_motor_command__rosidl_typesupport_introspection_c.h\n'}
[34.212050] (stm32_mavlink_msgs) StdoutLine: {'line': b'-- Installing: /home/a/ws_nhk/install/stm32_mavlink_msgs/include/stm32_mavlink_msgs/stm32_mavlink_msgs/msg/detail/rs485_write_response__rosidl_typesupport_introspection_c.h\n'}
[34.212116] (stm32_mavlink_msgs) StdoutLine: {'line': b'-- Installing: /home/a/ws_nhk/install/stm32_mavlink_msgs/include/stm32_mavlink_msgs/stm32_mavlink_msgs/msg/detail/robomaster_motor_config__rosidl_typesupport_introspection_c.h\n'}
[34.212227] (stm32_mavlink_msgs) StdoutLine: {'line': b'-- Installing: /home/a/ws_nhk/install/stm32_mavlink_msgs/include/stm32_mavlink_msgs/stm32_mavlink_msgs/msg/detail/robomaster_motor_state__rosidl_typesupport_introspection_c.h\n'}
[34.212387] (stm32_mavlink_msgs) StdoutLine: {'line': b'-- Installing: /home/a/ws_nhk/install/stm32_mavlink_msgs/include/stm32_mavlink_msgs/stm32_mavlink_msgs/msg/detail/rs485_flash_save_request__type_support.c\n'}
[34.212465] (stm32_mavlink_msgs) StdoutLine: {'line': b'-- Installing: /home/a/ws_nhk/install/stm32_mavlink_msgs/include/stm32_mavlink_msgs/stm32_mavlink_msgs/msg/detail/rs485_flash_save_request__rosidl_typesupport_introspection_c.h\n'}
[34.212543] (stm32_mavlink_msgs) StdoutLine: {'line': b'-- Installing: /home/a/ws_nhk/install/stm32_mavlink_msgs/include/stm32_mavlink_msgs/stm32_mavlink_msgs/msg/detail/servo_state__rosidl_typesupport_introspection_c.h\n'}
[34.212621] (stm32_mavlink_msgs) StdoutLine: {'line': b'-- Installing: /home/a/ws_nhk/install/stm32_mavlink_msgs/include/stm32_mavlink_msgs/stm32_mavlink_msgs/msg/detail/dc_motor_config__rosidl_typesupport_introspection_c.h\n'}
[34.212693] (stm32_mavlink_msgs) StdoutLine: {'line': b'-- Installing: /home/a/ws_nhk/install/stm32_mavlink_msgs/include/stm32_mavlink_msgs/stm32_mavlink_msgs/msg/detail/wtt12_l_status__rosidl_typesupport_introspection_c.h\n'}
[34.212783] (stm32_mavlink_msgs) StdoutLine: {'line': b'-- Installing: /home/a/ws_nhk/install/stm32_mavlink_msgs/include/stm32_mavlink_msgs/stm32_mavlink_msgs/msg/detail/rs485_read_response__rosidl_typesupport_introspection_c.h\n'}
[34.212902] (stm32_mavlink_msgs) StdoutLine: {'line': b'-- Installing: /home/a/ws_nhk/install/stm32_mavlink_msgs/include/stm32_mavlink_msgs/stm32_mavlink_msgs/msg/detail/encoder_state__type_support.c\n'}
[34.213001] (stm32_mavlink_msgs) StdoutLine: {'line': b'-- Installing: /home/a/ws_nhk/install/stm32_mavlink_msgs/include/stm32_mavlink_msgs/stm32_mavlink_msgs/msg/detail/servo_state__type_support.c\n'}
[34.213064] (stm32_mavlink_msgs) StdoutLine: {'line': b'-- Installing: /home/a/ws_nhk/install/stm32_mavlink_msgs/include/stm32_mavlink_msgs/stm32_mavlink_msgs/msg/detail/encoder_config__type_support.c\n'}
[34.213125] (stm32_mavlink_msgs) StdoutLine: {'line': b'-- Installing: /home/a/ws_nhk/install/stm32_mavlink_msgs/include/stm32_mavlink_msgs/stm32_mavlink_msgs/msg/detail/rs485_write_request__rosidl_typesupport_introspection_c.h\n'}
[34.213218] (stm32_mavlink_msgs) StdoutLine: {'line': b'-- Installing: /home/a/ws_nhk/install/stm32_mavlink_msgs/include/stm32_mavlink_msgs/stm32_mavlink_msgs/msg/detail/solenoid_status__rosidl_typesupport_introspection_c.h\n'}
[34.213340] (stm32_mavlink_msgs) StdoutLine: {'line': b'-- Installing: /home/a/ws_nhk/install/stm32_mavlink_msgs/include/stm32_mavlink_msgs/stm32_mavlink_msgs/msg/detail/dc_motor_command__rosidl_typesupport_introspection_c.h\n'}
[34.213401] (stm32_mavlink_msgs) StdoutLine: {'line': b'-- Installing: /home/a/ws_nhk/install/stm32_mavlink_msgs/include/stm32_mavlink_msgs/stm32_mavlink_msgs/msg/detail/limit_switch_status__rosidl_typesupport_introspection_c.h\n'}
[34.213468] (stm32_mavlink_msgs) StdoutLine: {'line': b'-- Installing: /home/a/ws_nhk/install/stm32_mavlink_msgs/include/stm32_mavlink_msgs/stm32_mavlink_msgs/msg/detail/limit_switch_status__type_support.c\n'}
[34.213561] (stm32_mavlink_msgs) StdoutLine: {'line': b'-- Installing: /home/a/ws_nhk/install/stm32_mavlink_msgs/include/stm32_mavlink_msgs/stm32_mavlink_msgs/msg/detail/rs485_motor_config__type_support.c\n'}
[34.213694] (stm32_mavlink_msgs) StdoutLine: {'line': b'-- Installing: /home/a/ws_nhk/install/stm32_mavlink_msgs/include/stm32_mavlink_msgs/stm32_mavlink_msgs/msg/detail/dc_motor_command__type_support.c\n'}
[34.213831] (stm32_mavlink_msgs) StdoutLine: {'line': b'-- Installing: /home/a/ws_nhk/install/stm32_mavlink_msgs/include/stm32_mavlink_msgs/stm32_mavlink_msgs/msg/detail/encoder_state__rosidl_typesupport_introspection_c.h\n'}
[34.213907] (stm32_mavlink_msgs) StdoutLine: {'line': b'-- Installing: /home/a/ws_nhk/install/stm32_mavlink_msgs/include/stm32_mavlink_msgs/stm32_mavlink_msgs/msg/detail/wtt12_l_status__type_support.c\n'}
[34.214018] (stm32_mavlink_msgs) StdoutLine: {'line': b'-- Installing: /home/a/ws_nhk/install/stm32_mavlink_msgs/include/stm32_mavlink_msgs/stm32_mavlink_msgs/msg/detail/rs485_motor_command__rosidl_typesupport_introspection_c.h\n'}
[34.214182] (stm32_mavlink_msgs) StdoutLine: {'line': b'-- Installing: /home/a/ws_nhk/install/stm32_mavlink_msgs/include/stm32_mavlink_msgs/stm32_mavlink_msgs/msg/detail/robomaster_motor_config__type_support.c\n'}
[34.214257] (stm32_mavlink_msgs) StdoutLine: {'line': b'-- Installing: /home/a/ws_nhk/install/stm32_mavlink_msgs/include/stm32_mavlink_msgs/stm32_mavlink_msgs/msg/detail/rs485_write_response__type_support.c\n'}
[34.214414] (stm32_mavlink_msgs) StdoutLine: {'line': b'-- Installing: /home/a/ws_nhk/install/stm32_mavlink_msgs/include/stm32_mavlink_msgs/stm32_mavlink_msgs/msg/detail/servo_command__type_support.c\n'}
[34.214482] (stm32_mavlink_msgs) StdoutLine: {'line': b'-- Installing: /home/a/ws_nhk/install/stm32_mavlink_msgs/include/stm32_mavlink_msgs/stm32_mavlink_msgs/msg/detail/dc_motor_state__rosidl_typesupport_introspection_c.h\n'}
[34.214625] (stm32_mavlink_msgs) StdoutLine: {'line': b'-- Installing: /home/a/ws_nhk/install/stm32_mavlink_msgs/include/stm32_mavlink_msgs/stm32_mavlink_msgs/msg/detail/rs485_read_request__type_support.c\n'}
[34.214690] (stm32_mavlink_msgs) StdoutLine: {'line': b'-- Installing: /home/a/ws_nhk/install/stm32_mavlink_msgs/include/stm32_mavlink_msgs/stm32_mavlink_msgs/msg/detail/encoder_config__rosidl_typesupport_introspection_c.h\n'}
[34.214746] (stm32_mavlink_msgs) StdoutLine: {'line': b'-- Installing: /home/a/ws_nhk/install/stm32_mavlink_msgs/include/stm32_mavlink_msgs/stm32_mavlink_msgs/msg/detail/servo_command__rosidl_typesupport_introspection_c.h\n'}
[34.214895] (stm32_mavlink_msgs) StdoutLine: {'line': b'-- Installing: /home/a/ws_nhk/install/stm32_mavlink_msgs/include/stm32_mavlink_msgs/stm32_mavlink_msgs/msg/detail/rs485_read_request__rosidl_typesupport_introspection_c.h\n'}
[34.214968] (stm32_mavlink_msgs) StdoutLine: {'line': b'-- Installing: /home/a/ws_nhk/install/stm32_mavlink_msgs/include/stm32_mavlink_msgs/stm32_mavlink_msgs/msg/detail/solenoid_command__rosidl_typesupport_introspection_c.h\n'}
[34.215081] (stm32_mavlink_msgs) StdoutLine: {'line': b'-- Installing: /home/a/ws_nhk/install/stm32_mavlink_msgs/include/stm32_mavlink_msgs/stm32_mavlink_msgs/msg/detail/rs485_motor_command__type_support.c\n'}
[34.215185] (stm32_mavlink_msgs) StdoutLine: {'line': b'-- Installing: /home/a/ws_nhk/install/stm32_mavlink_msgs/include/stm32_mavlink_msgs/stm32_mavlink_msgs/msg/detail/robomaster_motor_command__type_support.c\n'}
[34.215249] (stm32_mavlink_msgs) StdoutLine: {'line': b'-- Installing: /home/a/ws_nhk/install/stm32_mavlink_msgs/include/stm32_mavlink_msgs/stm32_mavlink_msgs/msg/detail/solenoid_command__type_support.c\n'}
[34.215307] (stm32_mavlink_msgs) StdoutLine: {'line': b'-- Installing: /home/a/ws_nhk/install/stm32_mavlink_msgs/include/stm32_mavlink_msgs/stm32_mavlink_msgs/msg/detail/rs485_write_request__type_support.c\n'}
[34.215367] (stm32_mavlink_msgs) StdoutLine: {'line': b'-- Up-to-date: /home/a/ws_nhk/install/stm32_mavlink_msgs/include/stm32_mavlink_msgs/stm32_mavlink_msgs/srv\n'}
[34.215469] (stm32_mavlink_msgs) StdoutLine: {'line': b'-- Up-to-date: /home/a/ws_nhk/install/stm32_mavlink_msgs/include/stm32_mavlink_msgs/stm32_mavlink_msgs/srv/detail\n'}
[34.215536] (stm32_mavlink_msgs) StdoutLine: {'line': b'-- Installing: /home/a/ws_nhk/install/stm32_mavlink_msgs/include/stm32_mavlink_msgs/stm32_mavlink_msgs/srv/detail/write_rs485_param__type_support.c\n'}
[34.215642] (stm32_mavlink_msgs) StdoutLine: {'line': b'-- Installing: /home/a/ws_nhk/install/stm32_mavlink_msgs/include/stm32_mavlink_msgs/stm32_mavlink_msgs/srv/detail/write_rs485_param__rosidl_typesupport_introspection_c.h\n'}
[34.215709] (stm32_mavlink_msgs) StdoutLine: {'line': b'-- Installing: /home/a/ws_nhk/install/stm32_mavlink_msgs/include/stm32_mavlink_msgs/stm32_mavlink_msgs/srv/detail/get_dc_motor_config__type_support.c\n'}
[34.215770] (stm32_mavlink_msgs) StdoutLine: {'line': b'-- Installing: /home/a/ws_nhk/install/stm32_mavlink_msgs/include/stm32_mavlink_msgs/stm32_mavlink_msgs/srv/detail/set_dc_motor_config__type_support.c\n'}
[34.215886] (stm32_mavlink_msgs) StdoutLine: {'line': b'-- Installing: /home/a/ws_nhk/install/stm32_mavlink_msgs/include/stm32_mavlink_msgs/stm32_mavlink_msgs/srv/detail/get_robomaster_motor_config__type_support.c\n'}
[34.215959] (stm32_mavlink_msgs) StdoutLine: {'line': b'-- Installing: /home/a/ws_nhk/install/stm32_mavlink_msgs/include/stm32_mavlink_msgs/stm32_mavlink_msgs/srv/detail/set_robomaster_motor_config__type_support.c\n'}
[34.216087] (stm32_mavlink_msgs) StdoutLine: {'line': b'-- Installing: /home/a/ws_nhk/install/stm32_mavlink_msgs/include/stm32_mavlink_msgs/stm32_mavlink_msgs/srv/detail/flash_save_rs485__rosidl_typesupport_introspection_c.h\n'}
[34.216162] (stm32_mavlink_msgs) StdoutLine: {'line': b'-- Installing: /home/a/ws_nhk/install/stm32_mavlink_msgs/include/stm32_mavlink_msgs/stm32_mavlink_msgs/srv/detail/get_dc_motor_config__rosidl_typesupport_introspection_c.h\n'}
[34.216234] (stm32_mavlink_msgs) StdoutLine: {'line': b'-- Installing: /home/a/ws_nhk/install/stm32_mavlink_msgs/include/stm32_mavlink_msgs/stm32_mavlink_msgs/srv/detail/get_robomaster_motor_config__rosidl_typesupport_introspection_c.h\n'}
[34.216343] (stm32_mavlink_msgs) StdoutLine: {'line': b'-- Installing: /home/a/ws_nhk/install/stm32_mavlink_msgs/include/stm32_mavlink_msgs/stm32_mavlink_msgs/srv/detail/flash_save_rs485__type_support.c\n'}
[34.216414] (stm32_mavlink_msgs) StdoutLine: {'line': b'-- Installing: /home/a/ws_nhk/install/stm32_mavlink_msgs/include/stm32_mavlink_msgs/stm32_mavlink_msgs/srv/detail/read_rs485_param__type_support.c\n'}
[34.216529] (stm32_mavlink_msgs) StdoutLine: {'line': b'-- Installing: /home/a/ws_nhk/install/stm32_mavlink_msgs/include/stm32_mavlink_msgs/stm32_mavlink_msgs/srv/detail/set_servo_config__type_support.c\n'}
[34.216631] (stm32_mavlink_msgs) StdoutLine: {'line': b'-- Installing: /home/a/ws_nhk/install/stm32_mavlink_msgs/include/stm32_mavlink_msgs/stm32_mavlink_msgs/srv/detail/set_robomaster_motor_config__rosidl_typesupport_introspection_c.h\n'}
[34.216693] (stm32_mavlink_msgs) StdoutLine: {'line': b'-- Installing: /home/a/ws_nhk/install/stm32_mavlink_msgs/include/stm32_mavlink_msgs/stm32_mavlink_msgs/srv/detail/set_servo_config__rosidl_typesupport_introspection_c.h\n'}
[34.216754] (stm32_mavlink_msgs) StdoutLine: {'line': b'-- Installing: /home/a/ws_nhk/install/stm32_mavlink_msgs/include/stm32_mavlink_msgs/stm32_mavlink_msgs/srv/detail/set_encoder_config__rosidl_typesupport_introspection_c.h\n'}
[34.216832] (stm32_mavlink_msgs) StdoutLine: {'line': b'-- Installing: /home/a/ws_nhk/install/stm32_mavlink_msgs/include/stm32_mavlink_msgs/stm32_mavlink_msgs/srv/detail/set_encoder_config__type_support.c\n'}
[34.216989] (stm32_mavlink_msgs) StdoutLine: {'line': b'-- Installing: /home/a/ws_nhk/install/stm32_mavlink_msgs/include/stm32_mavlink_msgs/stm32_mavlink_msgs/srv/detail/set_dc_motor_config__rosidl_typesupport_introspection_c.h\n'}
[34.217062] (stm32_mavlink_msgs) StdoutLine: {'line': b'-- Installing: /home/a/ws_nhk/install/stm32_mavlink_msgs/include/stm32_mavlink_msgs/stm32_mavlink_msgs/srv/detail/read_rs485_param__rosidl_typesupport_introspection_c.h\n'}
[34.217154] (stm32_mavlink_msgs) StdoutLine: {'line': b'-- Installing: /home/a/ws_nhk/install/stm32_mavlink_msgs/lib/libstm32_mavlink_msgs__rosidl_typesupport_introspection_c.so\n'}
[34.217390] (stm32_mavlink_msgs) StdoutLine: {'line': b'-- Set runtime path of "/home/a/ws_nhk/install/stm32_mavlink_msgs/lib/libstm32_mavlink_msgs__rosidl_typesupport_introspection_c.so" to ""\n'}
[34.217461] (stm32_mavlink_msgs) StdoutLine: {'line': b'-- Installing: /home/a/ws_nhk/install/stm32_mavlink_msgs/lib/libstm32_mavlink_msgs__rosidl_typesupport_c.so\n'}
[34.217688] (stm32_mavlink_msgs) StdoutLine: {'line': b'-- Set runtime path of "/home/a/ws_nhk/install/stm32_mavlink_msgs/lib/libstm32_mavlink_msgs__rosidl_typesupport_c.so" to ""\n'}
[34.217779] (stm32_mavlink_msgs) StdoutLine: {'line': b'-- Up-to-date: /home/a/ws_nhk/install/stm32_mavlink_msgs/include/stm32_mavlink_msgs/stm32_mavlink_msgs\n'}
[34.217881] (stm32_mavlink_msgs) StdoutLine: {'line': b'-- Up-to-date: /home/a/ws_nhk/install/stm32_mavlink_msgs/include/stm32_mavlink_msgs/stm32_mavlink_msgs/msg\n'}
[34.217947] (stm32_mavlink_msgs) StdoutLine: {'line': b'-- Installing: /home/a/ws_nhk/install/stm32_mavlink_msgs/include/stm32_mavlink_msgs/stm32_mavlink_msgs/msg/dc_motor_state.hpp\n'}
[34.218076] (stm32_mavlink_msgs) StdoutLine: {'line': b'-- Installing: /home/a/ws_nhk/install/stm32_mavlink_msgs/include/stm32_mavlink_msgs/stm32_mavlink_msgs/msg/servo_command.hpp\n'}
[34.218140] (stm32_mavlink_msgs) StdoutLine: {'line': b'-- Installing: /home/a/ws_nhk/install/stm32_mavlink_msgs/include/stm32_mavlink_msgs/stm32_mavlink_msgs/msg/dc_motor_command.hpp\n'}
[34.218231] (stm32_mavlink_msgs) StdoutLine: {'line': b'-- Installing: /home/a/ws_nhk/install/stm32_mavlink_msgs/include/stm32_mavlink_msgs/stm32_mavlink_msgs/msg/robomaster_motor_config.hpp\n'}
[34.218377] (stm32_mavlink_msgs) StdoutLine: {'line': b'-- Installing: /home/a/ws_nhk/install/stm32_mavlink_msgs/include/stm32_mavlink_msgs/stm32_mavlink_msgs/msg/encoder_config.hpp\n'}
[34.218482] (stm32_mavlink_msgs) StdoutLine: {'line': b'-- Installing: /home/a/ws_nhk/install/stm32_mavlink_msgs/include/stm32_mavlink_msgs/stm32_mavlink_msgs/msg/wtt12_l_status.hpp\n'}
[34.218544] (stm32_mavlink_msgs) StdoutLine: {'line': b'-- Installing: /home/a/ws_nhk/install/stm32_mavlink_msgs/include/stm32_mavlink_msgs/stm32_mavlink_msgs/msg/encoder_state.hpp\n'}
[34.218643] (stm32_mavlink_msgs) StdoutLine: {'line': b'-- Installing: /home/a/ws_nhk/install/stm32_mavlink_msgs/include/stm32_mavlink_msgs/stm32_mavlink_msgs/msg/solenoid_command.hpp\n'}
[34.218752] (stm32_mavlink_msgs) StdoutLine: {'line': b'-- Installing: /home/a/ws_nhk/install/stm32_mavlink_msgs/include/stm32_mavlink_msgs/stm32_mavlink_msgs/msg/robomaster_motor_state.hpp\n'}
[34.218819] (stm32_mavlink_msgs) StdoutLine: {'line': b'-- Installing: /home/a/ws_nhk/install/stm32_mavlink_msgs/include/stm32_mavlink_msgs/stm32_mavlink_msgs/msg/dc_motor_config.hpp\n'}
[34.218885] (stm32_mavlink_msgs) StdoutLine: {'line': b'-- Installing: /home/a/ws_nhk/install/stm32_mavlink_msgs/include/stm32_mavlink_msgs/stm32_mavlink_msgs/msg/robomaster_motor_command.hpp\n'}
[34.218945] (stm32_mavlink_msgs) StdoutLine: {'line': b'-- Installing: /home/a/ws_nhk/install/stm32_mavlink_msgs/include/stm32_mavlink_msgs/stm32_mavlink_msgs/msg/servo_state.hpp\n'}
[34.219073] (stm32_mavlink_msgs) StdoutLine: {'line': b'-- Installing: /home/a/ws_nhk/install/stm32_mavlink_msgs/include/stm32_mavlink_msgs/stm32_mavlink_msgs/msg/rs485_read_request.hpp\n'}
[34.219131] (stm32_mavlink_msgs) StdoutLine: {'line': b'-- Installing: /home/a/ws_nhk/install/stm32_mavlink_msgs/include/stm32_mavlink_msgs/stm32_mavlink_msgs/msg/rosidl_generator_cpp__visibility_control.hpp\n'}
[34.219193] (stm32_mavlink_msgs) StdoutLine: {'line': b'-- Installing: /home/a/ws_nhk/install/stm32_mavlink_msgs/include/stm32_mavlink_msgs/stm32_mavlink_msgs/msg/rs485_motor_state.hpp\n'}
[34.219251] (stm32_mavlink_msgs) StdoutLine: {'line': b'-- Installing: /home/a/ws_nhk/install/stm32_mavlink_msgs/include/stm32_mavlink_msgs/stm32_mavlink_msgs/msg/rs485_write_response.hpp\n'}
[34.219341] (stm32_mavlink_msgs) StdoutLine: {'line': b'-- Installing: /home/a/ws_nhk/install/stm32_mavlink_msgs/include/stm32_mavlink_msgs/stm32_mavlink_msgs/msg/rs485_read_response.hpp\n'}
[34.219443] (stm32_mavlink_msgs) StdoutLine: {'line': b'-- Installing: /home/a/ws_nhk/install/stm32_mavlink_msgs/include/stm32_mavlink_msgs/stm32_mavlink_msgs/msg/rs485_flash_save_request.hpp\n'}
[34.219554] (stm32_mavlink_msgs) StdoutLine: {'line': b'-- Installing: /home/a/ws_nhk/install/stm32_mavlink_msgs/include/stm32_mavlink_msgs/stm32_mavlink_msgs/msg/limit_switch_status.hpp\n'}
[34.219613] (stm32_mavlink_msgs) StdoutLine: {'line': b'-- Installing: /home/a/ws_nhk/install/stm32_mavlink_msgs/include/stm32_mavlink_msgs/stm32_mavlink_msgs/msg/rs485_write_request.hpp\n'}
[34.219674] (stm32_mavlink_msgs) StdoutLine: {'line': b'-- Installing: /home/a/ws_nhk/install/stm32_mavlink_msgs/include/stm32_mavlink_msgs/stm32_mavlink_msgs/msg/rs485_motor_config.hpp\n'}
[34.219732] (stm32_mavlink_msgs) StdoutLine: {'line': b'-- Up-to-date: /home/a/ws_nhk/install/stm32_mavlink_msgs/include/stm32_mavlink_msgs/stm32_mavlink_msgs/msg/detail\n'}
[34.219826] (stm32_mavlink_msgs) StdoutLine: {'line': b'-- Installing: /home/a/ws_nhk/install/stm32_mavlink_msgs/include/stm32_mavlink_msgs/stm32_mavlink_msgs/msg/detail/wtt12_l_status__traits.hpp\n'}
[34.219953] (stm32_mavlink_msgs) StdoutLine: {'line': b'-- Installing: /home/a/ws_nhk/install/stm32_mavlink_msgs/include/stm32_mavlink_msgs/stm32_mavlink_msgs/msg/detail/solenoid_command__builder.hpp\n'}
[34.220045] (stm32_mavlink_msgs) StdoutLine: {'line': b'-- Installing: /home/a/ws_nhk/install/stm32_mavlink_msgs/include/stm32_mavlink_msgs/stm32_mavlink_msgs/msg/detail/limit_switch_status__struct.hpp\n'}
[34.220116] (stm32_mavlink_msgs) StdoutLine: {'line': b'-- Installing: /home/a/ws_nhk/install/stm32_mavlink_msgs/include/stm32_mavlink_msgs/stm32_mavlink_msgs/msg/detail/encoder_state__type_support.hpp\n'}
[34.220231] (stm32_mavlink_msgs) StdoutLine: {'line': b'-- Installing: /home/a/ws_nhk/install/stm32_mavlink_msgs/include/stm32_mavlink_msgs/stm32_mavlink_msgs/msg/detail/rs485_motor_command__builder.hpp\n'}
[34.220311] (stm32_mavlink_msgs) StdoutLine: {'line': b'-- Installing: /home/a/ws_nhk/install/stm32_mavlink_msgs/include/stm32_mavlink_msgs/stm32_mavlink_msgs/msg/detail/solenoid_command__traits.hpp\n'}
[34.220371] (stm32_mavlink_msgs) StdoutLine: {'line': b'-- Installing: /home/a/ws_nhk/install/stm32_mavlink_msgs/include/stm32_mavlink_msgs/stm32_mavlink_msgs/msg/detail/rs485_flash_save_request__traits.hpp\n'}
[34.220467] (stm32_mavlink_msgs) StdoutLine: {'line': b'-- Installing: /home/a/ws_nhk/install/stm32_mavlink_msgs/include/stm32_mavlink_msgs/stm32_mavlink_msgs/msg/detail/limit_switch_status__type_support.hpp\n'}
[34.220546] (stm32_mavlink_msgs) StdoutLine: {'line': b'-- Installing: /home/a/ws_nhk/install/stm32_mavlink_msgs/include/stm32_mavlink_msgs/stm32_mavlink_msgs/msg/detail/rs485_motor_command__type_support.hpp\n'}
[34.220623] (stm32_mavlink_msgs) StdoutLine: {'line': b'-- Installing: /home/a/ws_nhk/install/stm32_mavlink_msgs/include/stm32_mavlink_msgs/stm32_mavlink_msgs/msg/detail/dc_motor_state__struct.hpp\n'}
[34.220679] (stm32_mavlink_msgs) StdoutLine: {'line': b'-- Installing: /home/a/ws_nhk/install/stm32_mavlink_msgs/include/stm32_mavlink_msgs/stm32_mavlink_msgs/msg/detail/limit_switch_status__builder.hpp\n'}
[34.220740] (stm32_mavlink_msgs) StdoutLine: {'line': b'-- Installing: /home/a/ws_nhk/install/stm32_mavlink_msgs/include/stm32_mavlink_msgs/stm32_mavlink_msgs/msg/detail/robomaster_motor_state__traits.hpp\n'}
[34.220840] (stm32_mavlink_msgs) StdoutLine: {'line': b'-- Installing: /home/a/ws_nhk/install/stm32_mavlink_msgs/include/stm32_mavlink_msgs/stm32_mavlink_msgs/msg/detail/rs485_motor_config__builder.hpp\n'}
[34.220938] (stm32_mavlink_msgs) StdoutLine: {'line': b'-- Installing: /home/a/ws_nhk/install/stm32_mavlink_msgs/include/stm32_mavlink_msgs/stm32_mavlink_msgs/msg/detail/servo_state__struct.hpp\n'}
[34.221032] (stm32_mavlink_msgs) StdoutLine: {'line': b'-- Installing: /home/a/ws_nhk/install/stm32_mavlink_msgs/include/stm32_mavlink_msgs/stm32_mavlink_msgs/msg/detail/dc_motor_config__type_support.hpp\n'}
[34.221123] (stm32_mavlink_msgs) StdoutLine: {'line': b'-- Installing: /home/a/ws_nhk/install/stm32_mavlink_msgs/include/stm32_mavlink_msgs/stm32_mavlink_msgs/msg/detail/rs485_read_response__type_support.hpp\n'}
[34.221214] (stm32_mavlink_msgs) StdoutLine: {'line': b'-- Installing: /home/a/ws_nhk/install/stm32_mavlink_msgs/include/stm32_mavlink_msgs/stm32_mavlink_msgs/msg/detail/rs485_read_response__builder.hpp\n'}
[34.221307] (stm32_mavlink_msgs) StdoutLine: {'line': b'-- Installing: /home/a/ws_nhk/install/stm32_mavlink_msgs/include/stm32_mavlink_msgs/stm32_mavlink_msgs/msg/detail/encoder_state__builder.hpp\n'}
[34.221395] (stm32_mavlink_msgs) StdoutLine: {'line': b'-- Installing: /home/a/ws_nhk/install/stm32_mavlink_msgs/include/stm32_mavlink_msgs/stm32_mavlink_msgs/msg/detail/dc_motor_state__traits.hpp\n'}
[34.221484] (stm32_mavlink_msgs) StdoutLine: {'line': b'-- Installing: /home/a/ws_nhk/install/stm32_mavlink_msgs/include/stm32_mavlink_msgs/stm32_mavlink_msgs/msg/detail/rs485_write_response__struct.hpp\n'}
[34.221575] (stm32_mavlink_msgs) StdoutLine: {'line': b'-- Installing: /home/a/ws_nhk/install/stm32_mavlink_msgs/include/stm32_mavlink_msgs/stm32_mavlink_msgs/msg/detail/robomaster_motor_config__type_support.hpp\n'}
[34.221690] (stm32_mavlink_msgs) StdoutLine: {'line': b'-- Installing: /home/a/ws_nhk/install/stm32_mavlink_msgs/include/stm32_mavlink_msgs/stm32_mavlink_msgs/msg/detail/solenoid_status__struct.hpp\n'}
[34.221749] (stm32_mavlink_msgs) StdoutLine: {'line': b'-- Installing: /home/a/ws_nhk/install/stm32_mavlink_msgs/include/stm32_mavlink_msgs/stm32_mavlink_msgs/msg/detail/dc_motor_config__builder.hpp\n'}
[34.221815] (stm32_mavlink_msgs) StdoutLine: {'line': b'-- Installing: /home/a/ws_nhk/install/stm32_mavlink_msgs/include/stm32_mavlink_msgs/stm32_mavlink_msgs/msg/detail/rs485_read_response__struct.hpp\n'}
[34.221907] (stm32_mavlink_msgs) StdoutLine: {'line': b'-- Installing: /home/a/ws_nhk/install/stm32_mavlink_msgs/include/stm32_mavlink_msgs/stm32_mavlink_msgs/msg/detail/dc_motor_config__struct.hpp\n'}
[34.221992] (stm32_mavlink_msgs) StdoutLine: {'line': b'-- Installing: /home/a/ws_nhk/install/stm32_mavlink_msgs/include/stm32_mavlink_msgs/stm32_mavlink_msgs/msg/detail/rs485_motor_command__struct.hpp\n'}
[34.222077] (stm32_mavlink_msgs) StdoutLine: {'line': b'-- Installing: /home/a/ws_nhk/install/stm32_mavlink_msgs/include/stm32_mavlink_msgs/stm32_mavlink_msgs/msg/detail/wtt12_l_status__struct.hpp\n'}
[34.222174] (stm32_mavlink_msgs) StdoutLine: {'line': b'-- Installing: /home/a/ws_nhk/install/stm32_mavlink_msgs/include/stm32_mavlink_msgs/stm32_mavlink_msgs/msg/detail/dc_motor_command__builder.hpp\n'}
[34.222263] (stm32_mavlink_msgs) StdoutLine: {'line': b'-- Installing: /home/a/ws_nhk/install/stm32_mavlink_msgs/include/stm32_mavlink_msgs/stm32_mavlink_msgs/msg/detail/dc_motor_command__struct.hpp\n'}
[34.222352] (stm32_mavlink_msgs) StdoutLine: {'line': b'-- Installing: /home/a/ws_nhk/install/stm32_mavlink_msgs/include/stm32_mavlink_msgs/stm32_mavlink_msgs/msg/detail/solenoid_status__traits.hpp\n'}
[34.222438] (stm32_mavlink_msgs) StdoutLine: {'line': b'-- Installing: /home/a/ws_nhk/install/stm32_mavlink_msgs/include/stm32_mavlink_msgs/stm32_mavlink_msgs/msg/detail/servo_state__traits.hpp\n'}
[34.222528] (stm32_mavlink_msgs) StdoutLine: {'line': b'-- Installing: /home/a/ws_nhk/install/stm32_mavlink_msgs/include/stm32_mavlink_msgs/stm32_mavlink_msgs/msg/detail/rs485_write_request__builder.hpp\n'}
[34.222620] (stm32_mavlink_msgs) StdoutLine: {'line': b'-- Installing: /home/a/ws_nhk/install/stm32_mavlink_msgs/include/stm32_mavlink_msgs/stm32_mavlink_msgs/msg/detail/robomaster_motor_config__traits.hpp\n'}
[34.222712] (stm32_mavlink_msgs) StdoutLine: {'line': b'-- Installing: /home/a/ws_nhk/install/stm32_mavlink_msgs/include/stm32_mavlink_msgs/stm32_mavlink_msgs/msg/detail/robomaster_motor_state__builder.hpp\n'}
[34.222810] (stm32_mavlink_msgs) StdoutLine: {'line': b'-- Installing: /home/a/ws_nhk/install/stm32_mavlink_msgs/include/stm32_mavlink_msgs/stm32_mavlink_msgs/msg/detail/rs485_write_request__type_support.hpp\n'}
[34.222909] (stm32_mavlink_msgs) StdoutLine: {'line': b'-- Installing: /home/a/ws_nhk/install/stm32_mavlink_msgs/include/stm32_mavlink_msgs/stm32_mavlink_msgs/msg/detail/rs485_motor_state__type_support.hpp\n'}
[34.223000] (stm32_mavlink_msgs) StdoutLine: {'line': b'-- Installing: /home/a/ws_nhk/install/stm32_mavlink_msgs/include/stm32_mavlink_msgs/stm32_mavlink_msgs/msg/detail/rs485_write_request__traits.hpp\n'}
[34.223093] (stm32_mavlink_msgs) StdoutLine: {'line': b'-- Installing: /home/a/ws_nhk/install/stm32_mavlink_msgs/include/stm32_mavlink_msgs/stm32_mavlink_msgs/msg/detail/rs485_read_response__traits.hpp\n'}
[34.223183] (stm32_mavlink_msgs) StdoutLine: {'line': b'-- Installing: /home/a/ws_nhk/install/stm32_mavlink_msgs/include/stm32_mavlink_msgs/stm32_mavlink_msgs/msg/detail/robomaster_motor_command__struct.hpp\n'}
[34.223273] (stm32_mavlink_msgs) StdoutLine: {'line': b'-- Installing: /home/a/ws_nhk/install/stm32_mavlink_msgs/include/stm32_mavlink_msgs/stm32_mavlink_msgs/msg/detail/servo_command__struct.hpp\n'}
[34.223361] (stm32_mavlink_msgs) StdoutLine: {'line': b'-- Installing: /home/a/ws_nhk/install/stm32_mavlink_msgs/include/stm32_mavlink_msgs/stm32_mavlink_msgs/msg/detail/wtt12_l_status__builder.hpp\n'}
[34.223452] (stm32_mavlink_msgs) StdoutLine: {'line': b'-- Installing: /home/a/ws_nhk/install/stm32_mavlink_msgs/include/stm32_mavlink_msgs/stm32_mavlink_msgs/msg/detail/servo_state__type_support.hpp\n'}
[34.223541] (stm32_mavlink_msgs) StdoutLine: {'line': b'-- Installing: /home/a/ws_nhk/install/stm32_mavlink_msgs/include/stm32_mavlink_msgs/stm32_mavlink_msgs/msg/detail/encoder_state__struct.hpp\n'}
[34.223634] (stm32_mavlink_msgs) StdoutLine: {'line': b'-- Installing: /home/a/ws_nhk/install/stm32_mavlink_msgs/include/stm32_mavlink_msgs/stm32_mavlink_msgs/msg/detail/dc_motor_state__builder.hpp\n'}
[34.223723] (stm32_mavlink_msgs) StdoutLine: {'line': b'-- Installing: /home/a/ws_nhk/install/stm32_mavlink_msgs/include/stm32_mavlink_msgs/stm32_mavlink_msgs/msg/detail/rs485_flash_save_request__type_support.hpp\n'}
[34.223823] (stm32_mavlink_msgs) StdoutLine: {'line': b'-- Installing: /home/a/ws_nhk/install/stm32_mavlink_msgs/include/stm32_mavlink_msgs/stm32_mavlink_msgs/msg/detail/encoder_config__traits.hpp\n'}
[34.223919] (stm32_mavlink_msgs) StdoutLine: {'line': b'-- Installing: /home/a/ws_nhk/install/stm32_mavlink_msgs/include/stm32_mavlink_msgs/stm32_mavlink_msgs/msg/detail/dc_motor_state__type_support.hpp\n'}
[34.224014] (stm32_mavlink_msgs) StdoutLine: {'line': b'-- Installing: /home/a/ws_nhk/install/stm32_mavlink_msgs/include/stm32_mavlink_msgs/stm32_mavlink_msgs/msg/detail/dc_motor_config__traits.hpp\n'}
[34.224069] (stm32_mavlink_msgs) StdoutLine: {'line': b'-- Installing: /home/a/ws_nhk/install/stm32_mavlink_msgs/include/stm32_mavlink_msgs/stm32_mavlink_msgs/msg/detail/dc_motor_command__traits.hpp\n'}
[34.224158] (stm32_mavlink_msgs) StdoutLine: {'line': b'-- Installing: /home/a/ws_nhk/install/stm32_mavlink_msgs/include/stm32_mavlink_msgs/stm32_mavlink_msgs/msg/detail/rs485_motor_state__builder.hpp\n'}
[34.224248] (stm32_mavlink_msgs) StdoutLine: {'line': b'-- Installing: /home/a/ws_nhk/install/stm32_mavlink_msgs/include/stm32_mavlink_msgs/stm32_mavlink_msgs/msg/detail/rs485_write_response__type_support.hpp\n'}
[34.224338] (stm32_mavlink_msgs) StdoutLine: {'line': b'-- Installing: /home/a/ws_nhk/install/stm32_mavlink_msgs/include/stm32_mavlink_msgs/stm32_mavlink_msgs/msg/detail/encoder_config__builder.hpp\n'}
[34.224427] (stm32_mavlink_msgs) StdoutLine: {'line': b'-- Installing: /home/a/ws_nhk/install/stm32_mavlink_msgs/include/stm32_mavlink_msgs/stm32_mavlink_msgs/msg/detail/rs485_motor_state__struct.hpp\n'}
[34.224527] (stm32_mavlink_msgs) StdoutLine: {'line': b'-- Installing: /home/a/ws_nhk/install/stm32_mavlink_msgs/include/stm32_mavlink_msgs/stm32_mavlink_msgs/msg/detail/rs485_read_request__type_support.hpp\n'}
[34.224583] (stm32_mavlink_msgs) StdoutLine: {'line': b'-- Installing: /home/a/ws_nhk/install/stm32_mavlink_msgs/include/stm32_mavlink_msgs/stm32_mavlink_msgs/msg/detail/rs485_read_request__traits.hpp\n'}
[34.224672] (stm32_mavlink_msgs) StdoutLine: {'line': b'-- Installing: /home/a/ws_nhk/install/stm32_mavlink_msgs/include/stm32_mavlink_msgs/stm32_mavlink_msgs/msg/detail/rs485_write_request__struct.hpp\n'}
[34.224770] (stm32_mavlink_msgs) StdoutLine: {'line': b'-- Installing: /home/a/ws_nhk/install/stm32_mavlink_msgs/include/stm32_mavlink_msgs/stm32_mavlink_msgs/msg/detail/rs485_read_request__struct.hpp\n'}
[34.224834] (stm32_mavlink_msgs) StdoutLine: {'line': b'-- Installing: /home/a/ws_nhk/install/stm32_mavlink_msgs/include/stm32_mavlink_msgs/stm32_mavlink_msgs/msg/detail/robomaster_motor_state__struct.hpp\n'}
[34.224924] (stm32_mavlink_msgs) StdoutLine: {'line': b'-- Installing: /home/a/ws_nhk/install/stm32_mavlink_msgs/include/stm32_mavlink_msgs/stm32_mavlink_msgs/msg/detail/servo_command__builder.hpp\n'}
[34.225017] (stm32_mavlink_msgs) StdoutLine: {'line': b'-- Installing: /home/a/ws_nhk/install/stm32_mavlink_msgs/include/stm32_mavlink_msgs/stm32_mavlink_msgs/msg/detail/solenoid_status__type_support.hpp\n'}
[34.225109] (stm32_mavlink_msgs) StdoutLine: {'line': b'-- Installing: /home/a/ws_nhk/install/stm32_mavlink_msgs/include/stm32_mavlink_msgs/stm32_mavlink_msgs/msg/detail/rs485_motor_config__traits.hpp\n'}
[34.225200] (stm32_mavlink_msgs) StdoutLine: {'line': b'-- Installing: /home/a/ws_nhk/install/stm32_mavlink_msgs/include/stm32_mavlink_msgs/stm32_mavlink_msgs/msg/detail/encoder_state__traits.hpp\n'}
[34.225291] (stm32_mavlink_msgs) StdoutLine: {'line': b'-- Installing: /home/a/ws_nhk/install/stm32_mavlink_msgs/include/stm32_mavlink_msgs/stm32_mavlink_msgs/msg/detail/limit_switch_status__traits.hpp\n'}
[34.225381] (stm32_mavlink_msgs) StdoutLine: {'line': b'-- Installing: /home/a/ws_nhk/install/stm32_mavlink_msgs/include/stm32_mavlink_msgs/stm32_mavlink_msgs/msg/detail/rs485_flash_save_request__struct.hpp\n'}
[34.225472] (stm32_mavlink_msgs) StdoutLine: {'line': b'-- Installing: /home/a/ws_nhk/install/stm32_mavlink_msgs/include/stm32_mavlink_msgs/stm32_mavlink_msgs/msg/detail/wtt12_l_status__type_support.hpp\n'}
[34.225559] (stm32_mavlink_msgs) StdoutLine: {'line': b'-- Installing: /home/a/ws_nhk/install/stm32_mavlink_msgs/include/stm32_mavlink_msgs/stm32_mavlink_msgs/msg/detail/solenoid_command__type_support.hpp\n'}
[34.225649] (stm32_mavlink_msgs) StdoutLine: {'line': b'-- Installing: /home/a/ws_nhk/install/stm32_mavlink_msgs/include/stm32_mavlink_msgs/stm32_mavlink_msgs/msg/detail/solenoid_status__builder.hpp\n'}
[34.225743] (stm32_mavlink_msgs) StdoutLine: {'line': b'-- Installing: /home/a/ws_nhk/install/stm32_mavlink_msgs/include/stm32_mavlink_msgs/stm32_mavlink_msgs/msg/detail/robomaster_motor_state__type_support.hpp\n'}
[34.225808] (stm32_mavlink_msgs) StdoutLine: {'line': b'-- Installing: /home/a/ws_nhk/install/stm32_mavlink_msgs/include/stm32_mavlink_msgs/stm32_mavlink_msgs/msg/detail/rs485_motor_command__traits.hpp\n'}
[34.225900] (stm32_mavlink_msgs) StdoutLine: {'line': b'-- Installing: /home/a/ws_nhk/install/stm32_mavlink_msgs/include/stm32_mavlink_msgs/stm32_mavlink_msgs/msg/detail/encoder_config__type_support.hpp\n'}
[34.225991] (stm32_mavlink_msgs) StdoutLine: {'line': b'-- Installing: /home/a/ws_nhk/install/stm32_mavlink_msgs/include/stm32_mavlink_msgs/stm32_mavlink_msgs/msg/detail/solenoid_command__struct.hpp\n'}
[34.226080] (stm32_mavlink_msgs) StdoutLine: {'line': b'-- Installing: /home/a/ws_nhk/install/stm32_mavlink_msgs/include/stm32_mavlink_msgs/stm32_mavlink_msgs/msg/detail/servo_command__traits.hpp\n'}
[34.226190] (stm32_mavlink_msgs) StdoutLine: {'line': b'-- Installing: /home/a/ws_nhk/install/stm32_mavlink_msgs/include/stm32_mavlink_msgs/stm32_mavlink_msgs/msg/detail/rs485_write_response__traits.hpp\n'}
[34.226247] (stm32_mavlink_msgs) StdoutLine: {'line': b'-- Installing: /home/a/ws_nhk/install/stm32_mavlink_msgs/include/stm32_mavlink_msgs/stm32_mavlink_msgs/msg/detail/servo_state__builder.hpp\n'}
[34.226307] (stm32_mavlink_msgs) StdoutLine: {'line': b'-- Installing: /home/a/ws_nhk/install/stm32_mavlink_msgs/include/stm32_mavlink_msgs/stm32_mavlink_msgs/msg/detail/robomaster_motor_command__builder.hpp\n'}
[34.226397] (stm32_mavlink_msgs) StdoutLine: {'line': b'-- Installing: /home/a/ws_nhk/install/stm32_mavlink_msgs/include/stm32_mavlink_msgs/stm32_mavlink_msgs/msg/detail/robomaster_motor_command__traits.hpp\n'}
[34.226489] (stm32_mavlink_msgs) StdoutLine: {'line': b'-- Installing: /home/a/ws_nhk/install/stm32_mavlink_msgs/include/stm32_mavlink_msgs/stm32_mavlink_msgs/msg/detail/rs485_write_response__builder.hpp\n'}
[34.226600] (stm32_mavlink_msgs) StdoutLine: {'line': b'-- Installing: /home/a/ws_nhk/install/stm32_mavlink_msgs/include/stm32_mavlink_msgs/stm32_mavlink_msgs/msg/detail/dc_motor_command__type_support.hpp\n'}
[34.226658] (stm32_mavlink_msgs) StdoutLine: {'line': b'-- Installing: /home/a/ws_nhk/install/stm32_mavlink_msgs/include/stm32_mavlink_msgs/stm32_mavlink_msgs/msg/detail/robomaster_motor_command__type_support.hpp\n'}
[34.226718] (stm32_mavlink_msgs) StdoutLine: {'line': b'-- Installing: /home/a/ws_nhk/install/stm32_mavlink_msgs/include/stm32_mavlink_msgs/stm32_mavlink_msgs/msg/detail/rs485_motor_config__struct.hpp\n'}
[34.226809] (stm32_mavlink_msgs) StdoutLine: {'line': b'-- Installing: /home/a/ws_nhk/install/stm32_mavlink_msgs/include/stm32_mavlink_msgs/stm32_mavlink_msgs/msg/detail/robomaster_motor_config__builder.hpp\n'}
[34.226915] (stm32_mavlink_msgs) StdoutLine: {'line': b'-- Installing: /home/a/ws_nhk/install/stm32_mavlink_msgs/include/stm32_mavlink_msgs/stm32_mavlink_msgs/msg/detail/rs485_motor_config__type_support.hpp\n'}
[34.226976] (stm32_mavlink_msgs) StdoutLine: {'line': b'-- Installing: /home/a/ws_nhk/install/stm32_mavlink_msgs/include/stm32_mavlink_msgs/stm32_mavlink_msgs/msg/detail/robomaster_motor_config__struct.hpp\n'}
[34.227071] (stm32_mavlink_msgs) StdoutLine: {'line': b'-- Installing: /home/a/ws_nhk/install/stm32_mavlink_msgs/include/stm32_mavlink_msgs/stm32_mavlink_msgs/msg/detail/rs485_flash_save_request__builder.hpp\n'}
[34.227131] (stm32_mavlink_msgs) StdoutLine: {'line': b'-- Installing: /home/a/ws_nhk/install/stm32_mavlink_msgs/include/stm32_mavlink_msgs/stm32_mavlink_msgs/msg/detail/encoder_config__struct.hpp\n'}
[34.227222] (stm32_mavlink_msgs) StdoutLine: {'line': b'-- Installing: /home/a/ws_nhk/install/stm32_mavlink_msgs/include/stm32_mavlink_msgs/stm32_mavlink_msgs/msg/detail/servo_command__type_support.hpp\n'}
[34.227310] (stm32_mavlink_msgs) StdoutLine: {'line': b'-- Installing: /home/a/ws_nhk/install/stm32_mavlink_msgs/include/stm32_mavlink_msgs/stm32_mavlink_msgs/msg/detail/rs485_motor_state__traits.hpp\n'}
[34.227402] (stm32_mavlink_msgs) StdoutLine: {'line': b'-- Installing: /home/a/ws_nhk/install/stm32_mavlink_msgs/include/stm32_mavlink_msgs/stm32_mavlink_msgs/msg/detail/rs485_read_request__builder.hpp\n'}
[34.227492] (stm32_mavlink_msgs) StdoutLine: {'line': b'-- Installing: /home/a/ws_nhk/install/stm32_mavlink_msgs/include/stm32_mavlink_msgs/stm32_mavlink_msgs/msg/rs485_motor_command.hpp\n'}
[34.227582] (stm32_mavlink_msgs) StdoutLine: {'line': b'-- Installing: /home/a/ws_nhk/install/stm32_mavlink_msgs/include/stm32_mavlink_msgs/stm32_mavlink_msgs/msg/solenoid_status.hpp\n'}
[34.227692] (stm32_mavlink_msgs) StdoutLine: {'line': b'-- Up-to-date: /home/a/ws_nhk/install/stm32_mavlink_msgs/include/stm32_mavlink_msgs/stm32_mavlink_msgs/srv\n'}
[34.227770] (stm32_mavlink_msgs) StdoutLine: {'line': b'-- Installing: /home/a/ws_nhk/install/stm32_mavlink_msgs/include/stm32_mavlink_msgs/stm32_mavlink_msgs/srv/set_robomaster_motor_config.hpp\n'}
[34.227838] (stm32_mavlink_msgs) StdoutLine: {'line': b'-- Installing: /home/a/ws_nhk/install/stm32_mavlink_msgs/include/stm32_mavlink_msgs/stm32_mavlink_msgs/srv/get_dc_motor_config.hpp\n'}
[34.227897] (stm32_mavlink_msgs) StdoutLine: {'line': b'-- Installing: /home/a/ws_nhk/install/stm32_mavlink_msgs/include/stm32_mavlink_msgs/stm32_mavlink_msgs/srv/set_encoder_config.hpp\n'}
[34.227986] (stm32_mavlink_msgs) StdoutLine: {'line': b'-- Installing: /home/a/ws_nhk/install/stm32_mavlink_msgs/include/stm32_mavlink_msgs/stm32_mavlink_msgs/srv/read_rs485_param.hpp\n'}
[34.228085] (stm32_mavlink_msgs) StdoutLine: {'line': b'-- Installing: /home/a/ws_nhk/install/stm32_mavlink_msgs/include/stm32_mavlink_msgs/stm32_mavlink_msgs/srv/set_dc_motor_config.hpp\n'}
[34.228148] (stm32_mavlink_msgs) StdoutLine: {'line': b'-- Installing: /home/a/ws_nhk/install/stm32_mavlink_msgs/include/stm32_mavlink_msgs/stm32_mavlink_msgs/srv/write_rs485_param.hpp\n'}
[34.228260] (stm32_mavlink_msgs) StdoutLine: {'line': b'-- Installing: /home/a/ws_nhk/install/stm32_mavlink_msgs/include/stm32_mavlink_msgs/stm32_mavlink_msgs/srv/flash_save_rs485.hpp\n'}
[34.228322] (stm32_mavlink_msgs) StdoutLine: {'line': b'-- Installing: /home/a/ws_nhk/install/stm32_mavlink_msgs/include/stm32_mavlink_msgs/stm32_mavlink_msgs/srv/get_robomaster_motor_config.hpp\n'}
[34.228380] (stm32_mavlink_msgs) StdoutLine: {'line': b'-- Up-to-date: /home/a/ws_nhk/install/stm32_mavlink_msgs/include/stm32_mavlink_msgs/stm32_mavlink_msgs/srv/detail\n'}
[34.228438] (stm32_mavlink_msgs) StdoutLine: {'line': b'-- Installing: /home/a/ws_nhk/install/stm32_mavlink_msgs/include/stm32_mavlink_msgs/stm32_mavlink_msgs/srv/detail/set_robomaster_motor_config__builder.hpp\n'}
[34.228525] (stm32_mavlink_msgs) StdoutLine: {'line': b'-- Installing: /home/a/ws_nhk/install/stm32_mavlink_msgs/include/stm32_mavlink_msgs/stm32_mavlink_msgs/srv/detail/flash_save_rs485__builder.hpp\n'}
[34.228649] (stm32_mavlink_msgs) StdoutLine: {'line': b'-- Installing: /home/a/ws_nhk/install/stm32_mavlink_msgs/include/stm32_mavlink_msgs/stm32_mavlink_msgs/srv/detail/set_servo_config__builder.hpp\n'}
[34.228707] (stm32_mavlink_msgs) StdoutLine: {'line': b'-- Installing: /home/a/ws_nhk/install/stm32_mavlink_msgs/include/stm32_mavlink_msgs/stm32_mavlink_msgs/srv/detail/write_rs485_param__builder.hpp\n'}
[34.228766] (stm32_mavlink_msgs) StdoutLine: {'line': b'-- Installing: /home/a/ws_nhk/install/stm32_mavlink_msgs/include/stm32_mavlink_msgs/stm32_mavlink_msgs/srv/detail/write_rs485_param__struct.hpp\n'}
[34.228830] (stm32_mavlink_msgs) StdoutLine: {'line': b'-- Installing: /home/a/ws_nhk/install/stm32_mavlink_msgs/include/stm32_mavlink_msgs/stm32_mavlink_msgs/srv/detail/set_dc_motor_config__traits.hpp\n'}
[34.228921] (stm32_mavlink_msgs) StdoutLine: {'line': b'-- Installing: /home/a/ws_nhk/install/stm32_mavlink_msgs/include/stm32_mavlink_msgs/stm32_mavlink_msgs/srv/detail/set_servo_config__traits.hpp\n'}
[34.229012] (stm32_mavlink_msgs) StdoutLine: {'line': b'-- Installing: /home/a/ws_nhk/install/stm32_mavlink_msgs/include/stm32_mavlink_msgs/stm32_mavlink_msgs/srv/detail/read_rs485_param__struct.hpp\n'}
[34.229072] (stm32_mavlink_msgs) StdoutLine: {'line': b'-- Installing: /home/a/ws_nhk/install/stm32_mavlink_msgs/include/stm32_mavlink_msgs/stm32_mavlink_msgs/srv/detail/set_encoder_config__type_support.hpp\n'}
[34.229160] (stm32_mavlink_msgs) StdoutLine: {'line': b'-- Installing: /home/a/ws_nhk/install/stm32_mavlink_msgs/include/stm32_mavlink_msgs/stm32_mavlink_msgs/srv/detail/write_rs485_param__traits.hpp\n'}
[34.229259] (stm32_mavlink_msgs) StdoutLine: {'line': b'-- Installing: /home/a/ws_nhk/install/stm32_mavlink_msgs/include/stm32_mavlink_msgs/stm32_mavlink_msgs/srv/detail/get_robomaster_motor_config__struct.hpp\n'}
[34.229348] (stm32_mavlink_msgs) StdoutLine: {'line': b'-- Installing: /home/a/ws_nhk/install/stm32_mavlink_msgs/include/stm32_mavlink_msgs/stm32_mavlink_msgs/srv/detail/set_servo_config__type_support.hpp\n'}
[34.229408] (stm32_mavlink_msgs) StdoutLine: {'line': b'-- Installing: /home/a/ws_nhk/install/stm32_mavlink_msgs/include/stm32_mavlink_msgs/stm32_mavlink_msgs/srv/detail/get_dc_motor_config__struct.hpp\n'}
[34.229495] (stm32_mavlink_msgs) StdoutLine: {'line': b'-- Installing: /home/a/ws_nhk/install/stm32_mavlink_msgs/include/stm32_mavlink_msgs/stm32_mavlink_msgs/srv/detail/read_rs485_param__type_support.hpp\n'}
[34.229584] (stm32_mavlink_msgs) StdoutLine: {'line': b'-- Installing: /home/a/ws_nhk/install/stm32_mavlink_msgs/include/stm32_mavlink_msgs/stm32_mavlink_msgs/srv/detail/set_dc_motor_config__builder.hpp\n'}
[34.229673] (stm32_mavlink_msgs) StdoutLine: {'line': b'-- Installing: /home/a/ws_nhk/install/stm32_mavlink_msgs/include/stm32_mavlink_msgs/stm32_mavlink_msgs/srv/detail/set_encoder_config__traits.hpp\n'}
[34.229762] (stm32_mavlink_msgs) StdoutLine: {'line': b'-- Installing: /home/a/ws_nhk/install/stm32_mavlink_msgs/include/stm32_mavlink_msgs/stm32_mavlink_msgs/srv/detail/flash_save_rs485__traits.hpp\n'}
[34.229861] (stm32_mavlink_msgs) StdoutLine: {'line': b'-- Installing: /home/a/ws_nhk/install/stm32_mavlink_msgs/include/stm32_mavlink_msgs/stm32_mavlink_msgs/srv/detail/get_dc_motor_config__builder.hpp\n'}
[34.229954] (stm32_mavlink_msgs) StdoutLine: {'line': b'-- Installing: /home/a/ws_nhk/install/stm32_mavlink_msgs/include/stm32_mavlink_msgs/stm32_mavlink_msgs/srv/detail/set_robomaster_motor_config__struct.hpp\n'}
[34.230047] (stm32_mavlink_msgs) StdoutLine: {'line': b'-- Installing: /home/a/ws_nhk/install/stm32_mavlink_msgs/include/stm32_mavlink_msgs/stm32_mavlink_msgs/srv/detail/flash_save_rs485__struct.hpp\n'}
[34.230138] (stm32_mavlink_msgs) StdoutLine: {'line': b'-- Installing: /home/a/ws_nhk/install/stm32_mavlink_msgs/include/stm32_mavlink_msgs/stm32_mavlink_msgs/srv/detail/set_servo_config__struct.hpp\n'}
[34.230228] (stm32_mavlink_msgs) StdoutLine: {'line': b'-- Installing: /home/a/ws_nhk/install/stm32_mavlink_msgs/include/stm32_mavlink_msgs/stm32_mavlink_msgs/srv/detail/flash_save_rs485__type_support.hpp\n'}
[34.230319] (stm32_mavlink_msgs) StdoutLine: {'line': b'-- Installing: /home/a/ws_nhk/install/stm32_mavlink_msgs/include/stm32_mavlink_msgs/stm32_mavlink_msgs/srv/detail/get_robomaster_motor_config__type_support.hpp\n'}
[34.230412] (stm32_mavlink_msgs) StdoutLine: {'line': b'-- Installing: /home/a/ws_nhk/install/stm32_mavlink_msgs/include/stm32_mavlink_msgs/stm32_mavlink_msgs/srv/detail/get_dc_motor_config__type_support.hpp\n'}
[34.230502] (stm32_mavlink_msgs) StdoutLine: {'line': b'-- Installing: /home/a/ws_nhk/install/stm32_mavlink_msgs/include/stm32_mavlink_msgs/stm32_mavlink_msgs/srv/detail/get_robomaster_motor_config__builder.hpp\n'}
[34.230591] (stm32_mavlink_msgs) StdoutLine: {'line': b'-- Installing: /home/a/ws_nhk/install/stm32_mavlink_msgs/include/stm32_mavlink_msgs/stm32_mavlink_msgs/srv/detail/set_dc_motor_config__struct.hpp\n'}
[34.230678] (stm32_mavlink_msgs) StdoutLine: {'line': b'-- Installing: /home/a/ws_nhk/install/stm32_mavlink_msgs/include/stm32_mavlink_msgs/stm32_mavlink_msgs/srv/detail/set_robomaster_motor_config__traits.hpp\n'}
[34.230773] (stm32_mavlink_msgs) StdoutLine: {'line': b'-- Installing: /home/a/ws_nhk/install/stm32_mavlink_msgs/include/stm32_mavlink_msgs/stm32_mavlink_msgs/srv/detail/write_rs485_param__type_support.hpp\n'}
[34.230842] (stm32_mavlink_msgs) StdoutLine: {'line': b'-- Installing: /home/a/ws_nhk/install/stm32_mavlink_msgs/include/stm32_mavlink_msgs/stm32_mavlink_msgs/srv/detail/set_encoder_config__builder.hpp\n'}
[34.230933] (stm32_mavlink_msgs) StdoutLine: {'line': b'-- Installing: /home/a/ws_nhk/install/stm32_mavlink_msgs/include/stm32_mavlink_msgs/stm32_mavlink_msgs/srv/detail/set_encoder_config__struct.hpp\n'}
[34.231021] (stm32_mavlink_msgs) StdoutLine: {'line': b'-- Installing: /home/a/ws_nhk/install/stm32_mavlink_msgs/include/stm32_mavlink_msgs/stm32_mavlink_msgs/srv/detail/read_rs485_param__builder.hpp\n'}
[34.231112] (stm32_mavlink_msgs) StdoutLine: {'line': b'-- Installing: /home/a/ws_nhk/install/stm32_mavlink_msgs/include/stm32_mavlink_msgs/stm32_mavlink_msgs/srv/detail/get_dc_motor_config__traits.hpp\n'}
[34.231202] (stm32_mavlink_msgs) StdoutLine: {'line': b'-- Installing: /home/a/ws_nhk/install/stm32_mavlink_msgs/include/stm32_mavlink_msgs/stm32_mavlink_msgs/srv/detail/get_robomaster_motor_config__traits.hpp\n'}
[34.231298] (stm32_mavlink_msgs) StdoutLine: {'line': b'-- Installing: /home/a/ws_nhk/install/stm32_mavlink_msgs/include/stm32_mavlink_msgs/stm32_mavlink_msgs/srv/detail/set_robomaster_motor_config__type_support.hpp\n'}
[34.231390] (stm32_mavlink_msgs) StdoutLine: {'line': b'-- Installing: /home/a/ws_nhk/install/stm32_mavlink_msgs/include/stm32_mavlink_msgs/stm32_mavlink_msgs/srv/detail/read_rs485_param__traits.hpp\n'}
[34.231482] (stm32_mavlink_msgs) StdoutLine: {'line': b'-- Installing: /home/a/ws_nhk/install/stm32_mavlink_msgs/include/stm32_mavlink_msgs/stm32_mavlink_msgs/srv/detail/set_dc_motor_config__type_support.hpp\n'}
[34.231570] (stm32_mavlink_msgs) StdoutLine: {'line': b'-- Installing: /home/a/ws_nhk/install/stm32_mavlink_msgs/include/stm32_mavlink_msgs/stm32_mavlink_msgs/srv/set_servo_config.hpp\n'}
[34.231659] (stm32_mavlink_msgs) StdoutLine: {'line': b'-- Up-to-date: /home/a/ws_nhk/install/stm32_mavlink_msgs/include/stm32_mavlink_msgs/stm32_mavlink_msgs\n'}
[34.231765] (stm32_mavlink_msgs) StdoutLine: {'line': b'-- Up-to-date: /home/a/ws_nhk/install/stm32_mavlink_msgs/include/stm32_mavlink_msgs/stm32_mavlink_msgs/msg\n'}
[34.231830] (stm32_mavlink_msgs) StdoutLine: {'line': b'-- Up-to-date: /home/a/ws_nhk/install/stm32_mavlink_msgs/include/stm32_mavlink_msgs/stm32_mavlink_msgs/msg/detail\n'}
[34.231893] (stm32_mavlink_msgs) StdoutLine: {'line': b'-- Installing: /home/a/ws_nhk/install/stm32_mavlink_msgs/include/stm32_mavlink_msgs/stm32_mavlink_msgs/msg/detail/rs485_read_response__rosidl_typesupport_fastrtps_cpp.hpp\n'}
[34.231984] (stm32_mavlink_msgs) StdoutLine: {'line': b'-- Installing: /home/a/ws_nhk/install/stm32_mavlink_msgs/include/stm32_mavlink_msgs/stm32_mavlink_msgs/msg/detail/rs485_motor_config__rosidl_typesupport_fastrtps_cpp.hpp\n'}
[34.232085] (stm32_mavlink_msgs) StdoutLine: {'line': b'-- Installing: /home/a/ws_nhk/install/stm32_mavlink_msgs/include/stm32_mavlink_msgs/stm32_mavlink_msgs/msg/detail/dc_motor_config__rosidl_typesupport_fastrtps_cpp.hpp\n'}
[34.232148] (stm32_mavlink_msgs) StdoutLine: {'line': b'-- Installing: /home/a/ws_nhk/install/stm32_mavlink_msgs/include/stm32_mavlink_msgs/stm32_mavlink_msgs/msg/detail/robomaster_motor_command__rosidl_typesupport_fastrtps_cpp.hpp\n'}
[34.232239] (stm32_mavlink_msgs) StdoutLine: {'line': b'-- Installing: /home/a/ws_nhk/install/stm32_mavlink_msgs/include/stm32_mavlink_msgs/stm32_mavlink_msgs/msg/detail/encoder_state__rosidl_typesupport_fastrtps_cpp.hpp\n'}
[34.232331] (stm32_mavlink_msgs) StdoutLine: {'line': b'-- Installing: /home/a/ws_nhk/install/stm32_mavlink_msgs/include/stm32_mavlink_msgs/stm32_mavlink_msgs/msg/detail/wtt12_l_status__rosidl_typesupport_fastrtps_cpp.hpp\n'}
[34.232424] (stm32_mavlink_msgs) StdoutLine: {'line': b'-- Installing: /home/a/ws_nhk/install/stm32_mavlink_msgs/include/stm32_mavlink_msgs/stm32_mavlink_msgs/msg/detail/limit_switch_status__rosidl_typesupport_fastrtps_cpp.hpp\n'}
[34.232518] (stm32_mavlink_msgs) StdoutLine: {'line': b'-- Installing: /home/a/ws_nhk/install/stm32_mavlink_msgs/include/stm32_mavlink_msgs/stm32_mavlink_msgs/msg/detail/dc_motor_state__rosidl_typesupport_fastrtps_cpp.hpp\n'}
[34.232579] (stm32_mavlink_msgs) StdoutLine: {'line': b'-- Installing: /home/a/ws_nhk/install/stm32_mavlink_msgs/include/stm32_mavlink_msgs/stm32_mavlink_msgs/msg/detail/rs485_motor_state__rosidl_typesupport_fastrtps_cpp.hpp\n'}
[34.232670] (stm32_mavlink_msgs) StdoutLine: {'line': b'-- Installing: /home/a/ws_nhk/install/stm32_mavlink_msgs/include/stm32_mavlink_msgs/stm32_mavlink_msgs/msg/detail/rs485_flash_save_request__rosidl_typesupport_fastrtps_cpp.hpp\n'}
[34.232777] (stm32_mavlink_msgs) StdoutLine: {'line': b'-- Installing: /home/a/ws_nhk/install/stm32_mavlink_msgs/include/stm32_mavlink_msgs/stm32_mavlink_msgs/msg/detail/encoder_config__rosidl_typesupport_fastrtps_cpp.hpp\n'}
[34.232848] (stm32_mavlink_msgs) StdoutLine: {'line': b'-- Installing: /home/a/ws_nhk/install/stm32_mavlink_msgs/include/stm32_mavlink_msgs/stm32_mavlink_msgs/msg/detail/dc_motor_command__rosidl_typesupport_fastrtps_cpp.hpp\n'}
[34.232938] (stm32_mavlink_msgs) StdoutLine: {'line': b'-- Installing: /home/a/ws_nhk/install/stm32_mavlink_msgs/include/stm32_mavlink_msgs/stm32_mavlink_msgs/msg/detail/robomaster_motor_config__rosidl_typesupport_fastrtps_cpp.hpp\n'}
[34.233063] (stm32_mavlink_msgs) StdoutLine: {'line': b'-- Installing: /home/a/ws_nhk/install/stm32_mavlink_msgs/include/stm32_mavlink_msgs/stm32_mavlink_msgs/msg/detail/solenoid_status__rosidl_typesupport_fastrtps_cpp.hpp\n'}
[34.233122] (stm32_mavlink_msgs) StdoutLine: {'line': b'-- Installing: /home/a/ws_nhk/install/stm32_mavlink_msgs/include/stm32_mavlink_msgs/stm32_mavlink_msgs/msg/detail/rs485_read_request__rosidl_typesupport_fastrtps_cpp.hpp\n'}
[34.233182] (stm32_mavlink_msgs) StdoutLine: {'line': b'-- Installing: /home/a/ws_nhk/install/stm32_mavlink_msgs/include/stm32_mavlink_msgs/stm32_mavlink_msgs/msg/detail/robomaster_motor_state__rosidl_typesupport_fastrtps_cpp.hpp\n'}
[34.233273] (stm32_mavlink_msgs) StdoutLine: {'line': b'-- Installing: /home/a/ws_nhk/install/stm32_mavlink_msgs/include/stm32_mavlink_msgs/stm32_mavlink_msgs/msg/detail/servo_state__rosidl_typesupport_fastrtps_cpp.hpp\n'}
[34.233373] (stm32_mavlink_msgs) StdoutLine: {'line': b'-- Installing: /home/a/ws_nhk/install/stm32_mavlink_msgs/include/stm32_mavlink_msgs/stm32_mavlink_msgs/msg/detail/servo_command__rosidl_typesupport_fastrtps_cpp.hpp\n'}
[34.233434] (stm32_mavlink_msgs) StdoutLine: {'line': b'-- Installing: /home/a/ws_nhk/install/stm32_mavlink_msgs/include/stm32_mavlink_msgs/stm32_mavlink_msgs/msg/detail/dds_fastrtps\n'}
[34.233524] (stm32_mavlink_msgs) StdoutLine: {'line': b'-- Installing: /home/a/ws_nhk/install/stm32_mavlink_msgs/include/stm32_mavlink_msgs/stm32_mavlink_msgs/msg/detail/solenoid_command__rosidl_typesupport_fastrtps_cpp.hpp\n'}
[34.233622] (stm32_mavlink_msgs) StdoutLine: {'line': b'-- Installing: /home/a/ws_nhk/install/stm32_mavlink_msgs/include/stm32_mavlink_msgs/stm32_mavlink_msgs/msg/detail/rs485_motor_command__rosidl_typesupport_fastrtps_cpp.hpp\n'}
[34.233683] (stm32_mavlink_msgs) StdoutLine: {'line': b'-- Installing: /home/a/ws_nhk/install/stm32_mavlink_msgs/include/stm32_mavlink_msgs/stm32_mavlink_msgs/msg/detail/rs485_write_request__rosidl_typesupport_fastrtps_cpp.hpp\n'}
[34.233771] (stm32_mavlink_msgs) StdoutLine: {'line': b'-- Installing: /home/a/ws_nhk/install/stm32_mavlink_msgs/include/stm32_mavlink_msgs/stm32_mavlink_msgs/msg/detail/rs485_write_response__rosidl_typesupport_fastrtps_cpp.hpp\n'}
[34.233872] (stm32_mavlink_msgs) StdoutLine: {'line': b'-- Installing: /home/a/ws_nhk/install/stm32_mavlink_msgs/include/stm32_mavlink_msgs/stm32_mavlink_msgs/msg/rosidl_typesupport_fastrtps_cpp__visibility_control.h\n'}
[34.233984] (stm32_mavlink_msgs) StdoutLine: {'line': b'-- Up-to-date: /home/a/ws_nhk/install/stm32_mavlink_msgs/include/stm32_mavlink_msgs/stm32_mavlink_msgs/srv\n'}
[34.234050] (stm32_mavlink_msgs) StdoutLine: {'line': b'-- Up-to-date: /home/a/ws_nhk/install/stm32_mavlink_msgs/include/stm32_mavlink_msgs/stm32_mavlink_msgs/srv/detail\n'}
[34.234109] (stm32_mavlink_msgs) StdoutLine: {'line': b'-- Installing: /home/a/ws_nhk/install/stm32_mavlink_msgs/include/stm32_mavlink_msgs/stm32_mavlink_msgs/srv/detail/set_encoder_config__rosidl_typesupport_fastrtps_cpp.hpp\n'}
[34.234199] (stm32_mavlink_msgs) StdoutLine: {'line': b'-- Installing: /home/a/ws_nhk/install/stm32_mavlink_msgs/include/stm32_mavlink_msgs/stm32_mavlink_msgs/srv/detail/set_servo_config__rosidl_typesupport_fastrtps_cpp.hpp\n'}
[34.234313] (stm32_mavlink_msgs) StdoutLine: {'line': b'-- Installing: /home/a/ws_nhk/install/stm32_mavlink_msgs/include/stm32_mavlink_msgs/stm32_mavlink_msgs/srv/detail/set_robomaster_motor_config__rosidl_typesupport_fastrtps_cpp.hpp\n'}
[34.234390] (stm32_mavlink_msgs) StdoutLine: {'line': b'-- Installing: /home/a/ws_nhk/install/stm32_mavlink_msgs/include/stm32_mavlink_msgs/stm32_mavlink_msgs/srv/detail/get_dc_motor_config__rosidl_typesupport_fastrtps_cpp.hpp\n'}
[34.234445] (stm32_mavlink_msgs) StdoutLine: {'line': b'-- Installing: /home/a/ws_nhk/install/stm32_mavlink_msgs/include/stm32_mavlink_msgs/stm32_mavlink_msgs/srv/detail/flash_save_rs485__rosidl_typesupport_fastrtps_cpp.hpp\n'}
[34.234505] (stm32_mavlink_msgs) StdoutLine: {'line': b'-- Installing: /home/a/ws_nhk/install/stm32_mavlink_msgs/include/stm32_mavlink_msgs/stm32_mavlink_msgs/srv/detail/get_robomaster_motor_config__rosidl_typesupport_fastrtps_cpp.hpp\n'}
[34.234591] (stm32_mavlink_msgs) StdoutLine: {'line': b'-- Installing: /home/a/ws_nhk/install/stm32_mavlink_msgs/include/stm32_mavlink_msgs/stm32_mavlink_msgs/srv/detail/read_rs485_param__rosidl_typesupport_fastrtps_cpp.hpp\n'}
[34.234682] (stm32_mavlink_msgs) StdoutLine: {'line': b'-- Installing: /home/a/ws_nhk/install/stm32_mavlink_msgs/include/stm32_mavlink_msgs/stm32_mavlink_msgs/srv/detail/write_rs485_param__rosidl_typesupport_fastrtps_cpp.hpp\n'}
[34.234773] (stm32_mavlink_msgs) StdoutLine: {'line': b'-- Installing: /home/a/ws_nhk/install/stm32_mavlink_msgs/include/stm32_mavlink_msgs/stm32_mavlink_msgs/srv/detail/dds_fastrtps\n'}
[34.234874] (stm32_mavlink_msgs) StdoutLine: {'line': b'-- Installing: /home/a/ws_nhk/install/stm32_mavlink_msgs/include/stm32_mavlink_msgs/stm32_mavlink_msgs/srv/detail/set_dc_motor_config__rosidl_typesupport_fastrtps_cpp.hpp\n'}
[34.234965] (stm32_mavlink_msgs) StdoutLine: {'line': b'-- Installing: /home/a/ws_nhk/install/stm32_mavlink_msgs/lib/libstm32_mavlink_msgs__rosidl_typesupport_fastrtps_cpp.so\n'}
[34.235600] (stm32_mavlink_msgs) StdoutLine: {'line': b'-- Set runtime path of "/home/a/ws_nhk/install/stm32_mavlink_msgs/lib/libstm32_mavlink_msgs__rosidl_typesupport_fastrtps_cpp.so" to ""\n'}
[34.235693] (stm32_mavlink_msgs) StdoutLine: {'line': b'-- Up-to-date: /home/a/ws_nhk/install/stm32_mavlink_msgs/include/stm32_mavlink_msgs/stm32_mavlink_msgs\n'}
[34.235830] (stm32_mavlink_msgs) StdoutLine: {'line': b'-- Up-to-date: /home/a/ws_nhk/install/stm32_mavlink_msgs/include/stm32_mavlink_msgs/stm32_mavlink_msgs/msg\n'}
[34.235900] (stm32_mavlink_msgs) StdoutLine: {'line': b'-- Up-to-date: /home/a/ws_nhk/install/stm32_mavlink_msgs/include/stm32_mavlink_msgs/stm32_mavlink_msgs/msg/detail\n'}
[34.236003] (stm32_mavlink_msgs) StdoutLine: {'line': b'-- Installing: /home/a/ws_nhk/install/stm32_mavlink_msgs/include/stm32_mavlink_msgs/stm32_mavlink_msgs/msg/detail/servo_state__rosidl_typesupport_introspection_cpp.hpp\n'}
[34.236133] (stm32_mavlink_msgs) StdoutLine: {'line': b'-- Installing: /home/a/ws_nhk/install/stm32_mavlink_msgs/include/stm32_mavlink_msgs/stm32_mavlink_msgs/msg/detail/rs485_write_request__rosidl_typesupport_introspection_cpp.hpp\n'}
[34.236192] (stm32_mavlink_msgs) StdoutLine: {'line': b'-- Installing: /home/a/ws_nhk/install/stm32_mavlink_msgs/include/stm32_mavlink_msgs/stm32_mavlink_msgs/msg/detail/solenoid_command__rosidl_typesupport_introspection_cpp.hpp\n'}
[34.236276] (stm32_mavlink_msgs) StdoutLine: {'line': b'-- Installing: /home/a/ws_nhk/install/stm32_mavlink_msgs/include/stm32_mavlink_msgs/stm32_mavlink_msgs/msg/detail/encoder_config__type_support.cpp\n'}
[34.236334] (stm32_mavlink_msgs) StdoutLine: {'line': b'-- Installing: /home/a/ws_nhk/install/stm32_mavlink_msgs/include/stm32_mavlink_msgs/stm32_mavlink_msgs/msg/detail/dc_motor_command__rosidl_typesupport_introspection_cpp.hpp\n'}
[34.236431] (stm32_mavlink_msgs) StdoutLine: {'line': b'-- Installing: /home/a/ws_nhk/install/stm32_mavlink_msgs/include/stm32_mavlink_msgs/stm32_mavlink_msgs/msg/detail/rs485_write_request__type_support.cpp\n'}
[34.236489] (stm32_mavlink_msgs) StdoutLine: {'line': b'-- Installing: /home/a/ws_nhk/install/stm32_mavlink_msgs/include/stm32_mavlink_msgs/stm32_mavlink_msgs/msg/detail/rs485_read_response__type_support.cpp\n'}
[34.236547] (stm32_mavlink_msgs) StdoutLine: {'line': b'-- Installing: /home/a/ws_nhk/install/stm32_mavlink_msgs/include/stm32_mavlink_msgs/stm32_mavlink_msgs/msg/detail/robomaster_motor_command__type_support.cpp\n'}
[34.236635] (stm32_mavlink_msgs) StdoutLine: {'line': b'-- Installing: /home/a/ws_nhk/install/stm32_mavlink_msgs/include/stm32_mavlink_msgs/stm32_mavlink_msgs/msg/detail/rs485_read_response__rosidl_typesupport_introspection_cpp.hpp\n'}
[34.236757] (stm32_mavlink_msgs) StdoutLine: {'line': b'-- Installing: /home/a/ws_nhk/install/stm32_mavlink_msgs/include/stm32_mavlink_msgs/stm32_mavlink_msgs/msg/detail/rs485_motor_command__type_support.cpp\n'}
[34.236831] (stm32_mavlink_msgs) StdoutLine: {'line': b'-- Installing: /home/a/ws_nhk/install/stm32_mavlink_msgs/include/stm32_mavlink_msgs/stm32_mavlink_msgs/msg/detail/limit_switch_status__type_support.cpp\n'}
[34.236893] (stm32_mavlink_msgs) StdoutLine: {'line': b'-- Installing: /home/a/ws_nhk/install/stm32_mavlink_msgs/include/stm32_mavlink_msgs/stm32_mavlink_msgs/msg/detail/solenoid_command__type_support.cpp\n'}
[34.236981] (stm32_mavlink_msgs) StdoutLine: {'line': b'-- Installing: /home/a/ws_nhk/install/stm32_mavlink_msgs/include/stm32_mavlink_msgs/stm32_mavlink_msgs/msg/detail/servo_command__type_support.cpp\n'}
[34.237072] (stm32_mavlink_msgs) StdoutLine: {'line': b'-- Installing: /home/a/ws_nhk/install/stm32_mavlink_msgs/include/stm32_mavlink_msgs/stm32_mavlink_msgs/msg/detail/wtt12_l_status__type_support.cpp\n'}
[34.237164] (stm32_mavlink_msgs) StdoutLine: {'line': b'-- Installing: /home/a/ws_nhk/install/stm32_mavlink_msgs/include/stm32_mavlink_msgs/stm32_mavlink_msgs/msg/detail/robomaster_motor_command__rosidl_typesupport_introspection_cpp.hpp\n'}
[34.237252] (stm32_mavlink_msgs) StdoutLine: {'line': b'-- Installing: /home/a/ws_nhk/install/stm32_mavlink_msgs/include/stm32_mavlink_msgs/stm32_mavlink_msgs/msg/detail/servo_state__type_support.cpp\n'}
[34.237360] (stm32_mavlink_msgs) StdoutLine: {'line': b'-- Installing: /home/a/ws_nhk/install/stm32_mavlink_msgs/include/stm32_mavlink_msgs/stm32_mavlink_msgs/msg/detail/solenoid_status__type_support.cpp\n'}
[34.237437] (stm32_mavlink_msgs) StdoutLine: {'line': b'-- Installing: /home/a/ws_nhk/install/stm32_mavlink_msgs/include/stm32_mavlink_msgs/stm32_mavlink_msgs/msg/detail/rs485_motor_state__rosidl_typesupport_introspection_cpp.hpp\n'}
[34.237494] (stm32_mavlink_msgs) StdoutLine: {'line': b'-- Installing: /home/a/ws_nhk/install/stm32_mavlink_msgs/include/stm32_mavlink_msgs/stm32_mavlink_msgs/msg/detail/dc_motor_config__rosidl_typesupport_introspection_cpp.hpp\n'}
[34.237582] (stm32_mavlink_msgs) StdoutLine: {'line': b'-- Installing: /home/a/ws_nhk/install/stm32_mavlink_msgs/include/stm32_mavlink_msgs/stm32_mavlink_msgs/msg/detail/wtt12_l_status__rosidl_typesupport_introspection_cpp.hpp\n'}
[34.237680] (stm32_mavlink_msgs) StdoutLine: {'line': b'-- Installing: /home/a/ws_nhk/install/stm32_mavlink_msgs/include/stm32_mavlink_msgs/stm32_mavlink_msgs/msg/detail/robomaster_motor_config__type_support.cpp\n'}
[34.237771] (stm32_mavlink_msgs) StdoutLine: {'line': b'-- Installing: /home/a/ws_nhk/install/stm32_mavlink_msgs/include/stm32_mavlink_msgs/stm32_mavlink_msgs/msg/detail/dc_motor_state__type_support.cpp\n'}
[34.237897] (stm32_mavlink_msgs) StdoutLine: {'line': b'-- Installing: /home/a/ws_nhk/install/stm32_mavlink_msgs/include/stm32_mavlink_msgs/stm32_mavlink_msgs/msg/detail/dc_motor_state__rosidl_typesupport_introspection_cpp.hpp\n'}
[34.237953] (stm32_mavlink_msgs) StdoutLine: {'line': b'-- Installing: /home/a/ws_nhk/install/stm32_mavlink_msgs/include/stm32_mavlink_msgs/stm32_mavlink_msgs/msg/detail/dc_motor_config__type_support.cpp\n'}
[34.238043] (stm32_mavlink_msgs) StdoutLine: {'line': b'-- Installing: /home/a/ws_nhk/install/stm32_mavlink_msgs/include/stm32_mavlink_msgs/stm32_mavlink_msgs/msg/detail/limit_switch_status__rosidl_typesupport_introspection_cpp.hpp\n'}
[34.238134] (stm32_mavlink_msgs) StdoutLine: {'line': b'-- Installing: /home/a/ws_nhk/install/stm32_mavlink_msgs/include/stm32_mavlink_msgs/stm32_mavlink_msgs/msg/detail/rs485_read_request__rosidl_typesupport_introspection_cpp.hpp\n'}
[34.238222] (stm32_mavlink_msgs) StdoutLine: {'line': b'-- Installing: /home/a/ws_nhk/install/stm32_mavlink_msgs/include/stm32_mavlink_msgs/stm32_mavlink_msgs/msg/detail/robomaster_motor_config__rosidl_typesupport_introspection_cpp.hpp\n'}
[34.238331] (stm32_mavlink_msgs) StdoutLine: {'line': b'-- Installing: /home/a/ws_nhk/install/stm32_mavlink_msgs/include/stm32_mavlink_msgs/stm32_mavlink_msgs/msg/detail/rs485_motor_command__rosidl_typesupport_introspection_cpp.hpp\n'}
[34.238412] (stm32_mavlink_msgs) StdoutLine: {'line': b'-- Installing: /home/a/ws_nhk/install/stm32_mavlink_msgs/include/stm32_mavlink_msgs/stm32_mavlink_msgs/msg/detail/solenoid_status__rosidl_typesupport_introspection_cpp.hpp\n'}
[34.238468] (stm32_mavlink_msgs) StdoutLine: {'line': b'-- Installing: /home/a/ws_nhk/install/stm32_mavlink_msgs/include/stm32_mavlink_msgs/stm32_mavlink_msgs/msg/detail/rs485_motor_state__type_support.cpp\n'}
[34.238557] (stm32_mavlink_msgs) StdoutLine: {'line': b'-- Installing: /home/a/ws_nhk/install/stm32_mavlink_msgs/include/stm32_mavlink_msgs/stm32_mavlink_msgs/msg/detail/servo_command__rosidl_typesupport_introspection_cpp.hpp\n'}
[34.238645] (stm32_mavlink_msgs) StdoutLine: {'line': b'-- Installing: /home/a/ws_nhk/install/stm32_mavlink_msgs/include/stm32_mavlink_msgs/stm32_mavlink_msgs/msg/detail/robomaster_motor_state__rosidl_typesupport_introspection_cpp.hpp\n'}
[34.238740] (stm32_mavlink_msgs) StdoutLine: {'line': b'-- Installing: /home/a/ws_nhk/install/stm32_mavlink_msgs/include/stm32_mavlink_msgs/stm32_mavlink_msgs/msg/detail/rs485_write_response__type_support.cpp\n'}
[34.238885] (stm32_mavlink_msgs) StdoutLine: {'line': b'-- Installing: /home/a/ws_nhk/install/stm32_mavlink_msgs/include/stm32_mavlink_msgs/stm32_mavlink_msgs/msg/detail/encoder_state__type_support.cpp\n'}
[34.238978] (stm32_mavlink_msgs) StdoutLine: {'line': b'-- Installing: /home/a/ws_nhk/install/stm32_mavlink_msgs/include/stm32_mavlink_msgs/stm32_mavlink_msgs/msg/detail/rs485_flash_save_request__rosidl_typesupport_introspection_cpp.hpp\n'}
[34.239061] (stm32_mavlink_msgs) StdoutLine: {'line': b'-- Installing: /home/a/ws_nhk/install/stm32_mavlink_msgs/include/stm32_mavlink_msgs/stm32_mavlink_msgs/msg/detail/encoder_config__rosidl_typesupport_introspection_cpp.hpp\n'}
[34.239144] (stm32_mavlink_msgs) StdoutLine: {'line': b'-- Installing: /home/a/ws_nhk/install/stm32_mavlink_msgs/include/stm32_mavlink_msgs/stm32_mavlink_msgs/msg/detail/robomaster_motor_state__type_support.cpp\n'}
[34.239229] (stm32_mavlink_msgs) StdoutLine: {'line': b'-- Installing: /home/a/ws_nhk/install/stm32_mavlink_msgs/include/stm32_mavlink_msgs/stm32_mavlink_msgs/msg/detail/rs485_motor_config__rosidl_typesupport_introspection_cpp.hpp\n'}
[34.239312] (stm32_mavlink_msgs) StdoutLine: {'line': b'-- Installing: /home/a/ws_nhk/install/stm32_mavlink_msgs/include/stm32_mavlink_msgs/stm32_mavlink_msgs/msg/detail/rs485_read_request__type_support.cpp\n'}
[34.239394] (stm32_mavlink_msgs) StdoutLine: {'line': b'-- Installing: /home/a/ws_nhk/install/stm32_mavlink_msgs/include/stm32_mavlink_msgs/stm32_mavlink_msgs/msg/detail/encoder_state__rosidl_typesupport_introspection_cpp.hpp\n'}
[34.239465] (stm32_mavlink_msgs) StdoutLine: {'line': b'-- Installing: /home/a/ws_nhk/install/stm32_mavlink_msgs/include/stm32_mavlink_msgs/stm32_mavlink_msgs/msg/detail/rs485_write_response__rosidl_typesupport_introspection_cpp.hpp\n'}
[34.239547] (stm32_mavlink_msgs) StdoutLine: {'line': b'-- Installing: /home/a/ws_nhk/install/stm32_mavlink_msgs/include/stm32_mavlink_msgs/stm32_mavlink_msgs/msg/detail/rs485_flash_save_request__type_support.cpp\n'}
[34.239632] (stm32_mavlink_msgs) StdoutLine: {'line': b'-- Installing: /home/a/ws_nhk/install/stm32_mavlink_msgs/include/stm32_mavlink_msgs/stm32_mavlink_msgs/msg/detail/rs485_motor_config__type_support.cpp\n'}
[34.239714] (stm32_mavlink_msgs) StdoutLine: {'line': b'-- Installing: /home/a/ws_nhk/install/stm32_mavlink_msgs/include/stm32_mavlink_msgs/stm32_mavlink_msgs/msg/detail/dc_motor_command__type_support.cpp\n'}
[34.239837] (stm32_mavlink_msgs) StdoutLine: {'line': b'-- Up-to-date: /home/a/ws_nhk/install/stm32_mavlink_msgs/include/stm32_mavlink_msgs/stm32_mavlink_msgs/srv\n'}
[34.240067] (stm32_mavlink_msgs) StdoutLine: {'line': b'-- Up-to-date: /home/a/ws_nhk/install/stm32_mavlink_msgs/include/stm32_mavlink_msgs/stm32_mavlink_msgs/srv/detail\n'}
[34.240173] (stm32_mavlink_msgs) StdoutLine: {'line': b'-- Installing: /home/a/ws_nhk/install/stm32_mavlink_msgs/include/stm32_mavlink_msgs/stm32_mavlink_msgs/srv/detail/set_dc_motor_config__rosidl_typesupport_introspection_cpp.hpp\n'}
[34.240256] (stm32_mavlink_msgs) StdoutLine: {'line': b'-- Installing: /home/a/ws_nhk/install/stm32_mavlink_msgs/include/stm32_mavlink_msgs/stm32_mavlink_msgs/srv/detail/flash_save_rs485__type_support.cpp\n'}
[34.240333] (stm32_mavlink_msgs) StdoutLine: {'line': b'-- Installing: /home/a/ws_nhk/install/stm32_mavlink_msgs/include/stm32_mavlink_msgs/stm32_mavlink_msgs/srv/detail/set_robomaster_motor_config__rosidl_typesupport_introspection_cpp.hpp\n'}
[34.240406] (stm32_mavlink_msgs) StdoutLine: {'line': b'-- Installing: /home/a/ws_nhk/install/stm32_mavlink_msgs/include/stm32_mavlink_msgs/stm32_mavlink_msgs/srv/detail/write_rs485_param__type_support.cpp\n'}
[34.240529] (stm32_mavlink_msgs) StdoutLine: {'line': b'-- Installing: /home/a/ws_nhk/install/stm32_mavlink_msgs/include/stm32_mavlink_msgs/stm32_mavlink_msgs/srv/detail/set_encoder_config__rosidl_typesupport_introspection_cpp.hpp\n'}
[34.240600] (stm32_mavlink_msgs) StdoutLine: {'line': b'-- Installing: /home/a/ws_nhk/install/stm32_mavlink_msgs/include/stm32_mavlink_msgs/stm32_mavlink_msgs/srv/detail/set_servo_config__rosidl_typesupport_introspection_cpp.hpp\n'}
[34.240671] (stm32_mavlink_msgs) StdoutLine: {'line': b'-- Installing: /home/a/ws_nhk/install/stm32_mavlink_msgs/include/stm32_mavlink_msgs/stm32_mavlink_msgs/srv/detail/set_encoder_config__type_support.cpp\n'}
[34.240765] (stm32_mavlink_msgs) StdoutLine: {'line': b'-- Installing: /home/a/ws_nhk/install/stm32_mavlink_msgs/include/stm32_mavlink_msgs/stm32_mavlink_msgs/srv/detail/get_dc_motor_config__rosidl_typesupport_introspection_cpp.hpp\n'}
[34.240879] (stm32_mavlink_msgs) StdoutLine: {'line': b'-- Installing: /home/a/ws_nhk/install/stm32_mavlink_msgs/include/stm32_mavlink_msgs/stm32_mavlink_msgs/srv/detail/get_robomaster_motor_config__type_support.cpp\n'}
[34.240959] (stm32_mavlink_msgs) StdoutLine: {'line': b'-- Installing: /home/a/ws_nhk/install/stm32_mavlink_msgs/include/stm32_mavlink_msgs/stm32_mavlink_msgs/srv/detail/write_rs485_param__rosidl_typesupport_introspection_cpp.hpp\n'}
[34.241017] (stm32_mavlink_msgs) StdoutLine: {'line': b'-- Installing: /home/a/ws_nhk/install/stm32_mavlink_msgs/include/stm32_mavlink_msgs/stm32_mavlink_msgs/srv/detail/get_robomaster_motor_config__rosidl_typesupport_introspection_cpp.hpp\n'}
[34.241078] (stm32_mavlink_msgs) StdoutLine: {'line': b'-- Installing: /home/a/ws_nhk/install/stm32_mavlink_msgs/include/stm32_mavlink_msgs/stm32_mavlink_msgs/srv/detail/set_dc_motor_config__type_support.cpp\n'}
[34.241159] (stm32_mavlink_msgs) StdoutLine: {'line': b'-- Installing: /home/a/ws_nhk/install/stm32_mavlink_msgs/include/stm32_mavlink_msgs/stm32_mavlink_msgs/srv/detail/read_rs485_param__type_support.cpp\n'}
[34.241234] (stm32_mavlink_msgs) StdoutLine: {'line': b'-- Installing: /home/a/ws_nhk/install/stm32_mavlink_msgs/include/stm32_mavlink_msgs/stm32_mavlink_msgs/srv/detail/get_dc_motor_config__type_support.cpp\n'}
[34.241317] (stm32_mavlink_msgs) StdoutLine: {'line': b'-- Installing: /home/a/ws_nhk/install/stm32_mavlink_msgs/include/stm32_mavlink_msgs/stm32_mavlink_msgs/srv/detail/set_robomaster_motor_config__type_support.cpp\n'}
[34.241373] (stm32_mavlink_msgs) StdoutLine: {'line': b'-- Installing: /home/a/ws_nhk/install/stm32_mavlink_msgs/include/stm32_mavlink_msgs/stm32_mavlink_msgs/srv/detail/flash_save_rs485__rosidl_typesupport_introspection_cpp.hpp\n'}
[34.241431] (stm32_mavlink_msgs) StdoutLine: {'line': b'-- Installing: /home/a/ws_nhk/install/stm32_mavlink_msgs/include/stm32_mavlink_msgs/stm32_mavlink_msgs/srv/detail/read_rs485_param__rosidl_typesupport_introspection_cpp.hpp\n'}
[34.241511] (stm32_mavlink_msgs) StdoutLine: {'line': b'-- Installing: /home/a/ws_nhk/install/stm32_mavlink_msgs/include/stm32_mavlink_msgs/stm32_mavlink_msgs/srv/detail/set_servo_config__type_support.cpp\n'}
[34.241595] (stm32_mavlink_msgs) StdoutLine: {'line': b'-- Installing: /home/a/ws_nhk/install/stm32_mavlink_msgs/lib/libstm32_mavlink_msgs__rosidl_typesupport_introspection_cpp.so\n'}
[34.242199] (stm32_mavlink_msgs) StdoutLine: {'line': b'-- Set runtime path of "/home/a/ws_nhk/install/stm32_mavlink_msgs/lib/libstm32_mavlink_msgs__rosidl_typesupport_introspection_cpp.so" to ""\n'}
[34.242285] (stm32_mavlink_msgs) StdoutLine: {'line': b'-- Installing: /home/a/ws_nhk/install/stm32_mavlink_msgs/lib/libstm32_mavlink_msgs__rosidl_typesupport_cpp.so\n'}
[34.242755] (stm32_mavlink_msgs) StdoutLine: {'line': b'-- Set runtime path of "/home/a/ws_nhk/install/stm32_mavlink_msgs/lib/libstm32_mavlink_msgs__rosidl_typesupport_cpp.so" to ""\n'}
[34.242845] (stm32_mavlink_msgs) StdoutLine: {'line': b'-- Installing: /home/a/ws_nhk/install/stm32_mavlink_msgs/share/stm32_mavlink_msgs/environment/pythonpath.sh\n'}
[34.242981] (stm32_mavlink_msgs) StdoutLine: {'line': b'-- Installing: /home/a/ws_nhk/install/stm32_mavlink_msgs/share/stm32_mavlink_msgs/environment/pythonpath.dsv\n'}
[34.243130] (stm32_mavlink_msgs) StdoutLine: {'line': b'-- Installing: /home/a/ws_nhk/install/stm32_mavlink_msgs/local/lib/python3.10/dist-packages/stm32_mavlink_msgs-1.0.0-py3.10.egg-info\n'}
[34.243265] (stm32_mavlink_msgs) StdoutLine: {'line': b'-- Installing: /home/a/ws_nhk/install/stm32_mavlink_msgs/local/lib/python3.10/dist-packages/stm32_mavlink_msgs-1.0.0-py3.10.egg-info/top_level.txt\n'}
[34.243349] (stm32_mavlink_msgs) StdoutLine: {'line': b'-- Installing: /home/a/ws_nhk/install/stm32_mavlink_msgs/local/lib/python3.10/dist-packages/stm32_mavlink_msgs-1.0.0-py3.10.egg-info/SOURCES.txt\n'}
[34.243427] (stm32_mavlink_msgs) StdoutLine: {'line': b'-- Installing: /home/a/ws_nhk/install/stm32_mavlink_msgs/local/lib/python3.10/dist-packages/stm32_mavlink_msgs-1.0.0-py3.10.egg-info/PKG-INFO\n'}
[34.243507] (stm32_mavlink_msgs) StdoutLine: {'line': b'-- Installing: /home/a/ws_nhk/install/stm32_mavlink_msgs/local/lib/python3.10/dist-packages/stm32_mavlink_msgs-1.0.0-py3.10.egg-info/dependency_links.txt\n'}
[34.243639] (stm32_mavlink_msgs) StdoutLine: {'line': b'-- Installing: /home/a/ws_nhk/install/stm32_mavlink_msgs/local/lib/python3.10/dist-packages/stm32_mavlink_msgs\n'}
[34.243717] (stm32_mavlink_msgs) StdoutLine: {'line': b'-- Installing: /home/a/ws_nhk/install/stm32_mavlink_msgs/local/lib/python3.10/dist-packages/stm32_mavlink_msgs/libstm32_mavlink_msgs__rosidl_generator_py.so\n'}
[34.244038] (stm32_mavlink_msgs) StdoutLine: {'line': b'-- Installing: /home/a/ws_nhk/install/stm32_mavlink_msgs/local/lib/python3.10/dist-packages/stm32_mavlink_msgs/stm32_mavlink_msgs_s__rosidl_typesupport_c.cpython-310-x86_64-linux-gnu.so\n'}
[34.244216] (stm32_mavlink_msgs) StdoutLine: {'line': b'-- Installing: /home/a/ws_nhk/install/stm32_mavlink_msgs/local/lib/python3.10/dist-packages/stm32_mavlink_msgs/_stm32_mavlink_msgs_s.ep.rosidl_typesupport_introspection_c.c\n'}
[34.244461] (stm32_mavlink_msgs) StdoutLine: {'line': b'-- Installing: /home/a/ws_nhk/install/stm32_mavlink_msgs/local/lib/python3.10/dist-packages/stm32_mavlink_msgs/msg\n'}
[34.244548] (stm32_mavlink_msgs) StdoutLine: {'line': b'-- Installing: /home/a/ws_nhk/install/stm32_mavlink_msgs/local/lib/python3.10/dist-packages/stm32_mavlink_msgs/msg/_servo_command_s.c\n'}
[34.244629] (stm32_mavlink_msgs) StdoutLine: {'line': b'-- Installing: /home/a/ws_nhk/install/stm32_mavlink_msgs/local/lib/python3.10/dist-packages/stm32_mavlink_msgs/msg/_rs485_write_response.py\n'}
[34.244710] (stm32_mavlink_msgs) StdoutLine: {'line': b'-- Installing: /home/a/ws_nhk/install/stm32_mavlink_msgs/local/lib/python3.10/dist-packages/stm32_mavlink_msgs/msg/_rs485_motor_state.py\n'}
[34.244803] (stm32_mavlink_msgs) StdoutLine: {'line': b'-- Installing: /home/a/ws_nhk/install/stm32_mavlink_msgs/local/lib/python3.10/dist-packages/stm32_mavlink_msgs/msg/_rs485_flash_save_request.py\n'}
[34.244888] (stm32_mavlink_msgs) StdoutLine: {'line': b'-- Installing: /home/a/ws_nhk/install/stm32_mavlink_msgs/local/lib/python3.10/dist-packages/stm32_mavlink_msgs/msg/_servo_command.py\n'}
[34.244965] (stm32_mavlink_msgs) StdoutLine: {'line': b'-- Installing: /home/a/ws_nhk/install/stm32_mavlink_msgs/local/lib/python3.10/dist-packages/stm32_mavlink_msgs/msg/_servo_state_s.c\n'}
[34.245041] (stm32_mavlink_msgs) StdoutLine: {'line': b'-- Installing: /home/a/ws_nhk/install/stm32_mavlink_msgs/local/lib/python3.10/dist-packages/stm32_mavlink_msgs/msg/_rs485_motor_config_s.c\n'}
[34.245119] (stm32_mavlink_msgs) StdoutLine: {'line': b'-- Installing: /home/a/ws_nhk/install/stm32_mavlink_msgs/local/lib/python3.10/dist-packages/stm32_mavlink_msgs/msg/_robomaster_motor_state.py\n'}
[34.245196] (stm32_mavlink_msgs) StdoutLine: {'line': b'-- Installing: /home/a/ws_nhk/install/stm32_mavlink_msgs/local/lib/python3.10/dist-packages/stm32_mavlink_msgs/msg/_robomaster_motor_config_s.c\n'}
[34.245280] (stm32_mavlink_msgs) StdoutLine: {'line': b'-- Installing: /home/a/ws_nhk/install/stm32_mavlink_msgs/local/lib/python3.10/dist-packages/stm32_mavlink_msgs/msg/_rs485_read_request_s.c\n'}
[34.245371] (stm32_mavlink_msgs) StdoutLine: {'line': b'-- Installing: /home/a/ws_nhk/install/stm32_mavlink_msgs/local/lib/python3.10/dist-packages/stm32_mavlink_msgs/msg/_limit_switch_status_s.c\n'}
[34.245448] (stm32_mavlink_msgs) StdoutLine: {'line': b'-- Installing: /home/a/ws_nhk/install/stm32_mavlink_msgs/local/lib/python3.10/dist-packages/stm32_mavlink_msgs/msg/_dc_motor_config.py\n'}
[34.245529] (stm32_mavlink_msgs) StdoutLine: {'line': b'-- Installing: /home/a/ws_nhk/install/stm32_mavlink_msgs/local/lib/python3.10/dist-packages/stm32_mavlink_msgs/msg/_dc_motor_state.py\n'}
[34.245614] (stm32_mavlink_msgs) StdoutLine: {'line': b'-- Installing: /home/a/ws_nhk/install/stm32_mavlink_msgs/local/lib/python3.10/dist-packages/stm32_mavlink_msgs/msg/_dc_motor_config_s.c\n'}
[34.245698] (stm32_mavlink_msgs) StdoutLine: {'line': b'-- Installing: /home/a/ws_nhk/install/stm32_mavlink_msgs/local/lib/python3.10/dist-packages/stm32_mavlink_msgs/msg/_robomaster_motor_state_s.c\n'}
[34.245780] (stm32_mavlink_msgs) StdoutLine: {'line': b'-- Installing: /home/a/ws_nhk/install/stm32_mavlink_msgs/local/lib/python3.10/dist-packages/stm32_mavlink_msgs/msg/_robomaster_motor_command_s.c\n'}
[34.245867] (stm32_mavlink_msgs) StdoutLine: {'line': b'-- Installing: /home/a/ws_nhk/install/stm32_mavlink_msgs/local/lib/python3.10/dist-packages/stm32_mavlink_msgs/msg/_solenoid_command_s.c\n'}
[34.245948] (stm32_mavlink_msgs) StdoutLine: {'line': b'-- Installing: /home/a/ws_nhk/install/stm32_mavlink_msgs/local/lib/python3.10/dist-packages/stm32_mavlink_msgs/msg/_encoder_config.py\n'}
[34.246022] (stm32_mavlink_msgs) StdoutLine: {'line': b'-- Installing: /home/a/ws_nhk/install/stm32_mavlink_msgs/local/lib/python3.10/dist-packages/stm32_mavlink_msgs/msg/_rs485_write_request.py\n'}
[34.246099] (stm32_mavlink_msgs) StdoutLine: {'line': b'-- Installing: /home/a/ws_nhk/install/stm32_mavlink_msgs/local/lib/python3.10/dist-packages/stm32_mavlink_msgs/msg/_dc_motor_command.py\n'}
[34.246182] (stm32_mavlink_msgs) StdoutLine: {'line': b'-- Installing: /home/a/ws_nhk/install/stm32_mavlink_msgs/local/lib/python3.10/dist-packages/stm32_mavlink_msgs/msg/_rs485_read_response_s.c\n'}
[34.246261] (stm32_mavlink_msgs) StdoutLine: {'line': b'-- Installing: /home/a/ws_nhk/install/stm32_mavlink_msgs/local/lib/python3.10/dist-packages/stm32_mavlink_msgs/msg/_limit_switch_status.py\n'}
[34.246339] (stm32_mavlink_msgs) StdoutLine: {'line': b'-- Installing: /home/a/ws_nhk/install/stm32_mavlink_msgs/local/lib/python3.10/dist-packages/stm32_mavlink_msgs/msg/__init__.py\n'}
[34.246417] (stm32_mavlink_msgs) StdoutLine: {'line': b'-- Installing: /home/a/ws_nhk/install/stm32_mavlink_msgs/local/lib/python3.10/dist-packages/stm32_mavlink_msgs/msg/_robomaster_motor_config.py\n'}
[34.246509] (stm32_mavlink_msgs) StdoutLine: {'line': b'-- Installing: /home/a/ws_nhk/install/stm32_mavlink_msgs/local/lib/python3.10/dist-packages/stm32_mavlink_msgs/msg/_wtt12_l_status.py\n'}
[34.246587] (stm32_mavlink_msgs) StdoutLine: {'line': b'-- Installing: /home/a/ws_nhk/install/stm32_mavlink_msgs/local/lib/python3.10/dist-packages/stm32_mavlink_msgs/msg/_rs485_motor_command.py\n'}
[34.246679] (stm32_mavlink_msgs) StdoutLine: {'line': b'-- Installing: /home/a/ws_nhk/install/stm32_mavlink_msgs/local/lib/python3.10/dist-packages/stm32_mavlink_msgs/msg/_rs485_flash_save_request_s.c\n'}
[34.246754] (stm32_mavlink_msgs) StdoutLine: {'line': b'-- Installing: /home/a/ws_nhk/install/stm32_mavlink_msgs/local/lib/python3.10/dist-packages/stm32_mavlink_msgs/msg/_dc_motor_state_s.c\n'}
[34.246848] (stm32_mavlink_msgs) StdoutLine: {'line': b'-- Installing: /home/a/ws_nhk/install/stm32_mavlink_msgs/local/lib/python3.10/dist-packages/stm32_mavlink_msgs/msg/_rs485_read_response.py\n'}
[34.246939] (stm32_mavlink_msgs) StdoutLine: {'line': b'-- Installing: /home/a/ws_nhk/install/stm32_mavlink_msgs/local/lib/python3.10/dist-packages/stm32_mavlink_msgs/msg/_servo_state.py\n'}
[34.247024] (stm32_mavlink_msgs) StdoutLine: {'line': b'-- Installing: /home/a/ws_nhk/install/stm32_mavlink_msgs/local/lib/python3.10/dist-packages/stm32_mavlink_msgs/msg/_wtt12_l_status_s.c\n'}
[34.247103] (stm32_mavlink_msgs) StdoutLine: {'line': b'-- Installing: /home/a/ws_nhk/install/stm32_mavlink_msgs/local/lib/python3.10/dist-packages/stm32_mavlink_msgs/msg/_rs485_motor_command_s.c\n'}
[34.247189] (stm32_mavlink_msgs) StdoutLine: {'line': b'-- Installing: /home/a/ws_nhk/install/stm32_mavlink_msgs/local/lib/python3.10/dist-packages/stm32_mavlink_msgs/msg/_rs485_write_response_s.c\n'}
[34.247267] (stm32_mavlink_msgs) StdoutLine: {'line': b'-- Installing: /home/a/ws_nhk/install/stm32_mavlink_msgs/local/lib/python3.10/dist-packages/stm32_mavlink_msgs/msg/_rs485_motor_config.py\n'}
[34.247352] (stm32_mavlink_msgs) StdoutLine: {'line': b'-- Installing: /home/a/ws_nhk/install/stm32_mavlink_msgs/local/lib/python3.10/dist-packages/stm32_mavlink_msgs/msg/_rs485_motor_state_s.c\n'}
[34.247434] (stm32_mavlink_msgs) StdoutLine: {'line': b'-- Installing: /home/a/ws_nhk/install/stm32_mavlink_msgs/local/lib/python3.10/dist-packages/stm32_mavlink_msgs/msg/_encoder_state.py\n'}
[34.247518] (stm32_mavlink_msgs) StdoutLine: {'line': b'-- Installing: /home/a/ws_nhk/install/stm32_mavlink_msgs/local/lib/python3.10/dist-packages/stm32_mavlink_msgs/msg/_rs485_read_request.py\n'}
[34.247598] (stm32_mavlink_msgs) StdoutLine: {'line': b'-- Installing: /home/a/ws_nhk/install/stm32_mavlink_msgs/local/lib/python3.10/dist-packages/stm32_mavlink_msgs/msg/_encoder_state_s.c\n'}
[34.247680] (stm32_mavlink_msgs) StdoutLine: {'line': b'-- Installing: /home/a/ws_nhk/install/stm32_mavlink_msgs/local/lib/python3.10/dist-packages/stm32_mavlink_msgs/msg/_encoder_config_s.c\n'}
[34.247761] (stm32_mavlink_msgs) StdoutLine: {'line': b'-- Installing: /home/a/ws_nhk/install/stm32_mavlink_msgs/local/lib/python3.10/dist-packages/stm32_mavlink_msgs/msg/_dc_motor_command_s.c\n'}
[34.247850] (stm32_mavlink_msgs) StdoutLine: {'line': b'-- Installing: /home/a/ws_nhk/install/stm32_mavlink_msgs/local/lib/python3.10/dist-packages/stm32_mavlink_msgs/msg/_robomaster_motor_command.py\n'}
[34.247940] (stm32_mavlink_msgs) StdoutLine: {'line': b'-- Installing: /home/a/ws_nhk/install/stm32_mavlink_msgs/local/lib/python3.10/dist-packages/stm32_mavlink_msgs/msg/_solenoid_command.py\n'}
[34.248024] (stm32_mavlink_msgs) StdoutLine: {'line': b'-- Installing: /home/a/ws_nhk/install/stm32_mavlink_msgs/local/lib/python3.10/dist-packages/stm32_mavlink_msgs/msg/_rs485_write_request_s.c\n'}
[34.248105] (stm32_mavlink_msgs) StdoutLine: {'line': b'-- Installing: /home/a/ws_nhk/install/stm32_mavlink_msgs/local/lib/python3.10/dist-packages/stm32_mavlink_msgs/msg/_solenoid_status_s.c\n'}
[34.248184] (stm32_mavlink_msgs) StdoutLine: {'line': b'-- Installing: /home/a/ws_nhk/install/stm32_mavlink_msgs/local/lib/python3.10/dist-packages/stm32_mavlink_msgs/msg/_solenoid_status.py\n'}
[34.248275] (stm32_mavlink_msgs) StdoutLine: {'line': b'-- Installing: /home/a/ws_nhk/install/stm32_mavlink_msgs/local/lib/python3.10/dist-packages/stm32_mavlink_msgs/_stm32_mavlink_msgs_s.ep.rosidl_typesupport_fastrtps_c.c\n'}
[34.248523] (stm32_mavlink_msgs) StdoutLine: {'line': b'-- Installing: /home/a/ws_nhk/install/stm32_mavlink_msgs/local/lib/python3.10/dist-packages/stm32_mavlink_msgs/stm32_mavlink_msgs_s__rosidl_typesupport_fastrtps_c.cpython-310-x86_64-linux-gnu.so\n'}
[34.248699] (stm32_mavlink_msgs) StdoutLine: {'line': b'-- Installing: /home/a/ws_nhk/install/stm32_mavlink_msgs/local/lib/python3.10/dist-packages/stm32_mavlink_msgs/stm32_mavlink_msgs_s__rosidl_typesupport_introspection_c.cpython-310-x86_64-linux-gnu.so\n'}
[34.248884] (stm32_mavlink_msgs) StdoutLine: {'line': b'-- Installing: /home/a/ws_nhk/install/stm32_mavlink_msgs/local/lib/python3.10/dist-packages/stm32_mavlink_msgs/__init__.py\n'}
[34.248962] (stm32_mavlink_msgs) StdoutLine: {'line': b'-- Installing: /home/a/ws_nhk/install/stm32_mavlink_msgs/local/lib/python3.10/dist-packages/stm32_mavlink_msgs/_stm32_mavlink_msgs_s.ep.rosidl_typesupport_c.c\n'}
[34.249230] (stm32_mavlink_msgs) StdoutLine: {'line': b'-- Installing: /home/a/ws_nhk/install/stm32_mavlink_msgs/local/lib/python3.10/dist-packages/stm32_mavlink_msgs/srv\n'}
[34.249309] (stm32_mavlink_msgs) StdoutLine: {'line': b'-- Installing: /home/a/ws_nhk/install/stm32_mavlink_msgs/local/lib/python3.10/dist-packages/stm32_mavlink_msgs/srv/_flash_save_rs485_s.c\n'}
[34.249395] (stm32_mavlink_msgs) StdoutLine: {'line': b'-- Installing: /home/a/ws_nhk/install/stm32_mavlink_msgs/local/lib/python3.10/dist-packages/stm32_mavlink_msgs/srv/_read_rs485_param_s.c\n'}
[34.249481] (stm32_mavlink_msgs) StdoutLine: {'line': b'-- Installing: /home/a/ws_nhk/install/stm32_mavlink_msgs/local/lib/python3.10/dist-packages/stm32_mavlink_msgs/srv/_read_rs485_param.py\n'}
[34.249561] (stm32_mavlink_msgs) StdoutLine: {'line': b'-- Installing: /home/a/ws_nhk/install/stm32_mavlink_msgs/local/lib/python3.10/dist-packages/stm32_mavlink_msgs/srv/_set_dc_motor_config_s.c\n'}
[34.249637] (stm32_mavlink_msgs) StdoutLine: {'line': b'-- Installing: /home/a/ws_nhk/install/stm32_mavlink_msgs/local/lib/python3.10/dist-packages/stm32_mavlink_msgs/srv/_set_encoder_config.py\n'}
[34.249723] (stm32_mavlink_msgs) StdoutLine: {'line': b'-- Installing: /home/a/ws_nhk/install/stm32_mavlink_msgs/local/lib/python3.10/dist-packages/stm32_mavlink_msgs/srv/_set_servo_config.py\n'}
[34.249830] (stm32_mavlink_msgs) StdoutLine: {'line': b'-- Installing: /home/a/ws_nhk/install/stm32_mavlink_msgs/local/lib/python3.10/dist-packages/stm32_mavlink_msgs/srv/_get_robomaster_motor_config.py\n'}
[34.249927] (stm32_mavlink_msgs) StdoutLine: {'line': b'-- Installing: /home/a/ws_nhk/install/stm32_mavlink_msgs/local/lib/python3.10/dist-packages/stm32_mavlink_msgs/srv/_set_robomaster_motor_config.py\n'}
[34.250024] (stm32_mavlink_msgs) StdoutLine: {'line': b'-- Installing: /home/a/ws_nhk/install/stm32_mavlink_msgs/local/lib/python3.10/dist-packages/stm32_mavlink_msgs/srv/_get_robomaster_motor_config_s.c\n'}
[34.250103] (stm32_mavlink_msgs) StdoutLine: {'line': b'-- Installing: /home/a/ws_nhk/install/stm32_mavlink_msgs/local/lib/python3.10/dist-packages/stm32_mavlink_msgs/srv/_set_robomaster_motor_config_s.c\n'}
[34.250186] (stm32_mavlink_msgs) StdoutLine: {'line': b'-- Installing: /home/a/ws_nhk/install/stm32_mavlink_msgs/local/lib/python3.10/dist-packages/stm32_mavlink_msgs/srv/_write_rs485_param_s.c\n'}
[34.250277] (stm32_mavlink_msgs) StdoutLine: {'line': b'-- Installing: /home/a/ws_nhk/install/stm32_mavlink_msgs/local/lib/python3.10/dist-packages/stm32_mavlink_msgs/srv/_write_rs485_param.py\n'}
[34.250353] (stm32_mavlink_msgs) StdoutLine: {'line': b'-- Installing: /home/a/ws_nhk/install/stm32_mavlink_msgs/local/lib/python3.10/dist-packages/stm32_mavlink_msgs/srv/__init__.py\n'}
[34.250428] (stm32_mavlink_msgs) StdoutLine: {'line': b'-- Installing: /home/a/ws_nhk/install/stm32_mavlink_msgs/local/lib/python3.10/dist-packages/stm32_mavlink_msgs/srv/_get_dc_motor_config_s.c\n'}
[34.250514] (stm32_mavlink_msgs) StdoutLine: {'line': b'-- Installing: /home/a/ws_nhk/install/stm32_mavlink_msgs/local/lib/python3.10/dist-packages/stm32_mavlink_msgs/srv/_flash_save_rs485.py\n'}
[34.250600] (stm32_mavlink_msgs) StdoutLine: {'line': b'-- Installing: /home/a/ws_nhk/install/stm32_mavlink_msgs/local/lib/python3.10/dist-packages/stm32_mavlink_msgs/srv/_get_dc_motor_config.py\n'}
[34.250690] (stm32_mavlink_msgs) StdoutLine: {'line': b'-- Installing: /home/a/ws_nhk/install/stm32_mavlink_msgs/local/lib/python3.10/dist-packages/stm32_mavlink_msgs/srv/_set_servo_config_s.c\n'}
[34.250782] (stm32_mavlink_msgs) StdoutLine: {'line': b'-- Installing: /home/a/ws_nhk/install/stm32_mavlink_msgs/local/lib/python3.10/dist-packages/stm32_mavlink_msgs/srv/_set_dc_motor_config.py\n'}
[34.250882] (stm32_mavlink_msgs) StdoutLine: {'line': b'-- Installing: /home/a/ws_nhk/install/stm32_mavlink_msgs/local/lib/python3.10/dist-packages/stm32_mavlink_msgs/srv/_set_encoder_config_s.c\n'}
[34.285194] (-) TimerEvent: {}
[34.361299] (stm32_mavlink_msgs) StdoutLine: {'line': b"Listing '/home/a/ws_nhk/install/stm32_mavlink_msgs/local/lib/python3.10/dist-packages/stm32_mavlink_msgs'...\n"}
[34.361604] (stm32_mavlink_msgs) StdoutLine: {'line': b"Compiling '/home/a/ws_nhk/install/stm32_mavlink_msgs/local/lib/python3.10/dist-packages/stm32_mavlink_msgs/__init__.py'...\n"}
[34.361671] (stm32_mavlink_msgs) StdoutLine: {'line': b"Listing '/home/a/ws_nhk/install/stm32_mavlink_msgs/local/lib/python3.10/dist-packages/stm32_mavlink_msgs/msg'...\n"}
[34.361728] (stm32_mavlink_msgs) StdoutLine: {'line': b"Compiling '/home/a/ws_nhk/install/stm32_mavlink_msgs/local/lib/python3.10/dist-packages/stm32_mavlink_msgs/msg/__init__.py'...\n"}
[34.361783] (stm32_mavlink_msgs) StdoutLine: {'line': b"Compiling '/home/a/ws_nhk/install/stm32_mavlink_msgs/local/lib/python3.10/dist-packages/stm32_mavlink_msgs/msg/_dc_motor_command.py'...\n"}
[34.361856] (stm32_mavlink_msgs) StdoutLine: {'line': b"Compiling '/home/a/ws_nhk/install/stm32_mavlink_msgs/local/lib/python3.10/dist-packages/stm32_mavlink_msgs/msg/_dc_motor_config.py'...\n"}
[34.361914] (stm32_mavlink_msgs) StdoutLine: {'line': b"Compiling '/home/a/ws_nhk/install/stm32_mavlink_msgs/local/lib/python3.10/dist-packages/stm32_mavlink_msgs/msg/_dc_motor_state.py'...\n"}
[34.361969] (stm32_mavlink_msgs) StdoutLine: {'line': b"Compiling '/home/a/ws_nhk/install/stm32_mavlink_msgs/local/lib/python3.10/dist-packages/stm32_mavlink_msgs/msg/_encoder_config.py'...\n"}
[34.362023] (stm32_mavlink_msgs) StdoutLine: {'line': b"Compiling '/home/a/ws_nhk/install/stm32_mavlink_msgs/local/lib/python3.10/dist-packages/stm32_mavlink_msgs/msg/_encoder_state.py'...\n"}
[34.362076] (stm32_mavlink_msgs) StdoutLine: {'line': b"Compiling '/home/a/ws_nhk/install/stm32_mavlink_msgs/local/lib/python3.10/dist-packages/stm32_mavlink_msgs/msg/_limit_switch_status.py'...\n"}
[34.362130] (stm32_mavlink_msgs) StdoutLine: {'line': b"Compiling '/home/a/ws_nhk/install/stm32_mavlink_msgs/local/lib/python3.10/dist-packages/stm32_mavlink_msgs/msg/_robomaster_motor_command.py'...\n"}
[34.362195] (stm32_mavlink_msgs) StdoutLine: {'line': b"Compiling '/home/a/ws_nhk/install/stm32_mavlink_msgs/local/lib/python3.10/dist-packages/stm32_mavlink_msgs/msg/_robomaster_motor_config.py'...\n"}
[34.362254] (stm32_mavlink_msgs) StdoutLine: {'line': b"Compiling '/home/a/ws_nhk/install/stm32_mavlink_msgs/local/lib/python3.10/dist-packages/stm32_mavlink_msgs/msg/_robomaster_motor_state.py'...\n"}
[34.362309] (stm32_mavlink_msgs) StdoutLine: {'line': b"Compiling '/home/a/ws_nhk/install/stm32_mavlink_msgs/local/lib/python3.10/dist-packages/stm32_mavlink_msgs/msg/_rs485_flash_save_request.py'...\n"}
[34.362362] (stm32_mavlink_msgs) StdoutLine: {'line': b"Compiling '/home/a/ws_nhk/install/stm32_mavlink_msgs/local/lib/python3.10/dist-packages/stm32_mavlink_msgs/msg/_rs485_motor_command.py'...\n"}
[34.362415] (stm32_mavlink_msgs) StdoutLine: {'line': b"Compiling '/home/a/ws_nhk/install/stm32_mavlink_msgs/local/lib/python3.10/dist-packages/stm32_mavlink_msgs/msg/_rs485_motor_config.py'...\n"}
[34.362469] (stm32_mavlink_msgs) StdoutLine: {'line': b"Compiling '/home/a/ws_nhk/install/stm32_mavlink_msgs/local/lib/python3.10/dist-packages/stm32_mavlink_msgs/msg/_rs485_motor_state.py'...\n"}
[34.362521] (stm32_mavlink_msgs) StdoutLine: {'line': b"Compiling '/home/a/ws_nhk/install/stm32_mavlink_msgs/local/lib/python3.10/dist-packages/stm32_mavlink_msgs/msg/_rs485_read_request.py'...\n"}
[34.362582] (stm32_mavlink_msgs) StdoutLine: {'line': b"Compiling '/home/a/ws_nhk/install/stm32_mavlink_msgs/local/lib/python3.10/dist-packages/stm32_mavlink_msgs/msg/_rs485_read_response.py'...\n"}
[34.362646] (stm32_mavlink_msgs) StdoutLine: {'line': b"Compiling '/home/a/ws_nhk/install/stm32_mavlink_msgs/local/lib/python3.10/dist-packages/stm32_mavlink_msgs/msg/_rs485_write_request.py'...\n"}
[34.362710] (stm32_mavlink_msgs) StdoutLine: {'line': b"Compiling '/home/a/ws_nhk/install/stm32_mavlink_msgs/local/lib/python3.10/dist-packages/stm32_mavlink_msgs/msg/_rs485_write_response.py'...\n"}
[34.362775] (stm32_mavlink_msgs) StdoutLine: {'line': b"Compiling '/home/a/ws_nhk/install/stm32_mavlink_msgs/local/lib/python3.10/dist-packages/stm32_mavlink_msgs/msg/_servo_command.py'...\n"}
[34.362849] (stm32_mavlink_msgs) StdoutLine: {'line': b"Compiling '/home/a/ws_nhk/install/stm32_mavlink_msgs/local/lib/python3.10/dist-packages/stm32_mavlink_msgs/msg/_servo_state.py'...\n"}
[34.362914] (stm32_mavlink_msgs) StdoutLine: {'line': b"Compiling '/home/a/ws_nhk/install/stm32_mavlink_msgs/local/lib/python3.10/dist-packages/stm32_mavlink_msgs/msg/_solenoid_command.py'...\n"}
[34.362979] (stm32_mavlink_msgs) StdoutLine: {'line': b"Compiling '/home/a/ws_nhk/install/stm32_mavlink_msgs/local/lib/python3.10/dist-packages/stm32_mavlink_msgs/msg/_solenoid_status.py'...\n"}
[34.363042] (stm32_mavlink_msgs) StdoutLine: {'line': b"Compiling '/home/a/ws_nhk/install/stm32_mavlink_msgs/local/lib/python3.10/dist-packages/stm32_mavlink_msgs/msg/_wtt12_l_status.py'...\n"}
[34.363107] (stm32_mavlink_msgs) StdoutLine: {'line': b"Listing '/home/a/ws_nhk/install/stm32_mavlink_msgs/local/lib/python3.10/dist-packages/stm32_mavlink_msgs/srv'...\n"}
[34.363171] (stm32_mavlink_msgs) StdoutLine: {'line': b"Compiling '/home/a/ws_nhk/install/stm32_mavlink_msgs/local/lib/python3.10/dist-packages/stm32_mavlink_msgs/srv/__init__.py'...\n"}
[34.363238] (stm32_mavlink_msgs) StdoutLine: {'line': b"Compiling '/home/a/ws_nhk/install/stm32_mavlink_msgs/local/lib/python3.10/dist-packages/stm32_mavlink_msgs/srv/_flash_save_rs485.py'...\n"}
[34.363317] (stm32_mavlink_msgs) StdoutLine: {'line': b"Compiling '/home/a/ws_nhk/install/stm32_mavlink_msgs/local/lib/python3.10/dist-packages/stm32_mavlink_msgs/srv/_get_dc_motor_config.py'...\n"}
[34.363380] (stm32_mavlink_msgs) StdoutLine: {'line': b"Compiling '/home/a/ws_nhk/install/stm32_mavlink_msgs/local/lib/python3.10/dist-packages/stm32_mavlink_msgs/srv/_get_robomaster_motor_config.py'...\n"}
[34.363443] (stm32_mavlink_msgs) StdoutLine: {'line': b"Compiling '/home/a/ws_nhk/install/stm32_mavlink_msgs/local/lib/python3.10/dist-packages/stm32_mavlink_msgs/srv/_read_rs485_param.py'...\n"}
[34.363513] (stm32_mavlink_msgs) StdoutLine: {'line': b"Compiling '/home/a/ws_nhk/install/stm32_mavlink_msgs/local/lib/python3.10/dist-packages/stm32_mavlink_msgs/srv/_set_dc_motor_config.py'...\n"}
[34.363578] (stm32_mavlink_msgs) StdoutLine: {'line': b"Compiling '/home/a/ws_nhk/install/stm32_mavlink_msgs/local/lib/python3.10/dist-packages/stm32_mavlink_msgs/srv/_set_encoder_config.py'...\n"}
[34.363640] (stm32_mavlink_msgs) StdoutLine: {'line': b"Compiling '/home/a/ws_nhk/install/stm32_mavlink_msgs/local/lib/python3.10/dist-packages/stm32_mavlink_msgs/srv/_set_robomaster_motor_config.py'...\n"}
[34.363705] (stm32_mavlink_msgs) StdoutLine: {'line': b"Compiling '/home/a/ws_nhk/install/stm32_mavlink_msgs/local/lib/python3.10/dist-packages/stm32_mavlink_msgs/srv/_set_servo_config.py'...\n"}
[34.363769] (stm32_mavlink_msgs) StdoutLine: {'line': b"Compiling '/home/a/ws_nhk/install/stm32_mavlink_msgs/local/lib/python3.10/dist-packages/stm32_mavlink_msgs/srv/_write_rs485_param.py'...\n"}
[34.368160] (stm32_mavlink_msgs) StdoutLine: {'line': b'-- Installing: /home/a/ws_nhk/install/stm32_mavlink_msgs/local/lib/python3.10/dist-packages/stm32_mavlink_msgs/stm32_mavlink_msgs_s__rosidl_typesupport_fastrtps_c.cpython-310-x86_64-linux-gnu.so\n'}
[34.368621] (stm32_mavlink_msgs) StdoutLine: {'line': b'-- Set runtime path of "/home/a/ws_nhk/install/stm32_mavlink_msgs/local/lib/python3.10/dist-packages/stm32_mavlink_msgs/stm32_mavlink_msgs_s__rosidl_typesupport_fastrtps_c.cpython-310-x86_64-linux-gnu.so" to ""\n'}
[34.368900] (stm32_mavlink_msgs) StdoutLine: {'line': b'-- Installing: /home/a/ws_nhk/install/stm32_mavlink_msgs/local/lib/python3.10/dist-packages/stm32_mavlink_msgs/stm32_mavlink_msgs_s__rosidl_typesupport_introspection_c.cpython-310-x86_64-linux-gnu.so\n'}
[34.369385] (stm32_mavlink_msgs) StdoutLine: {'line': b'-- Set runtime path of "/home/a/ws_nhk/install/stm32_mavlink_msgs/local/lib/python3.10/dist-packages/stm32_mavlink_msgs/stm32_mavlink_msgs_s__rosidl_typesupport_introspection_c.cpython-310-x86_64-linux-gnu.so" to ""\n'}
[34.369605] (stm32_mavlink_msgs) StdoutLine: {'line': b'-- Installing: /home/a/ws_nhk/install/stm32_mavlink_msgs/local/lib/python3.10/dist-packages/stm32_mavlink_msgs/stm32_mavlink_msgs_s__rosidl_typesupport_c.cpython-310-x86_64-linux-gnu.so\n'}
[34.370034] (stm32_mavlink_msgs) StdoutLine: {'line': b'-- Set runtime path of "/home/a/ws_nhk/install/stm32_mavlink_msgs/local/lib/python3.10/dist-packages/stm32_mavlink_msgs/stm32_mavlink_msgs_s__rosidl_typesupport_c.cpython-310-x86_64-linux-gnu.so" to ""\n'}
[34.370124] (stm32_mavlink_msgs) StdoutLine: {'line': b'-- Installing: /home/a/ws_nhk/install/stm32_mavlink_msgs/lib/libstm32_mavlink_msgs__rosidl_generator_py.so\n'}
[34.370759] (stm32_mavlink_msgs) StdoutLine: {'line': b'-- Set runtime path of "/home/a/ws_nhk/install/stm32_mavlink_msgs/lib/libstm32_mavlink_msgs__rosidl_generator_py.so" to ""\n'}
[34.370884] (stm32_mavlink_msgs) StdoutLine: {'line': b'-- Installing: /home/a/ws_nhk/install/stm32_mavlink_msgs/share/stm32_mavlink_msgs/msg/ServoCommand.idl\n'}
[34.371036] (stm32_mavlink_msgs) StdoutLine: {'line': b'-- Installing: /home/a/ws_nhk/install/stm32_mavlink_msgs/share/stm32_mavlink_msgs/msg/ServoState.idl\n'}
[34.371206] (stm32_mavlink_msgs) StdoutLine: {'line': b'-- Installing: /home/a/ws_nhk/install/stm32_mavlink_msgs/share/stm32_mavlink_msgs/msg/EncoderState.idl\n'}
[34.371337] (stm32_mavlink_msgs) StdoutLine: {'line': b'-- Installing: /home/a/ws_nhk/install/stm32_mavlink_msgs/share/stm32_mavlink_msgs/msg/EncoderConfig.idl\n'}
[34.371503] (stm32_mavlink_msgs) StdoutLine: {'line': b'-- Installing: /home/a/ws_nhk/install/stm32_mavlink_msgs/share/stm32_mavlink_msgs/msg/RobomasterMotorCommand.idl\n'}
[34.371641] (stm32_mavlink_msgs) StdoutLine: {'line': b'-- Installing: /home/a/ws_nhk/install/stm32_mavlink_msgs/share/stm32_mavlink_msgs/msg/RobomasterMotorState.idl\n'}
[34.371813] (stm32_mavlink_msgs) StdoutLine: {'line': b'-- Installing: /home/a/ws_nhk/install/stm32_mavlink_msgs/share/stm32_mavlink_msgs/msg/RobomasterMotorConfig.idl\n'}
[34.371956] (stm32_mavlink_msgs) StdoutLine: {'line': b'-- Installing: /home/a/ws_nhk/install/stm32_mavlink_msgs/share/stm32_mavlink_msgs/msg/DCMotorCommand.idl\n'}
[34.372117] (stm32_mavlink_msgs) StdoutLine: {'line': b'-- Installing: /home/a/ws_nhk/install/stm32_mavlink_msgs/share/stm32_mavlink_msgs/msg/DCMotorState.idl\n'}
[34.372244] (stm32_mavlink_msgs) StdoutLine: {'line': b'-- Installing: /home/a/ws_nhk/install/stm32_mavlink_msgs/share/stm32_mavlink_msgs/msg/DCMotorConfig.idl\n'}
[34.372400] (stm32_mavlink_msgs) StdoutLine: {'line': b'-- Installing: /home/a/ws_nhk/install/stm32_mavlink_msgs/share/stm32_mavlink_msgs/msg/RS485MotorCommand.idl\n'}
[34.372525] (stm32_mavlink_msgs) StdoutLine: {'line': b'-- Installing: /home/a/ws_nhk/install/stm32_mavlink_msgs/share/stm32_mavlink_msgs/msg/RS485MotorState.idl\n'}
[34.372689] (stm32_mavlink_msgs) StdoutLine: {'line': b'-- Installing: /home/a/ws_nhk/install/stm32_mavlink_msgs/share/stm32_mavlink_msgs/msg/RS485MotorConfig.idl\n'}
[34.372826] (stm32_mavlink_msgs) StdoutLine: {'line': b'-- Installing: /home/a/ws_nhk/install/stm32_mavlink_msgs/share/stm32_mavlink_msgs/msg/RS485ReadRequest.idl\n'}
[34.372989] (stm32_mavlink_msgs) StdoutLine: {'line': b'-- Installing: /home/a/ws_nhk/install/stm32_mavlink_msgs/share/stm32_mavlink_msgs/msg/RS485ReadResponse.idl\n'}
[34.373113] (stm32_mavlink_msgs) StdoutLine: {'line': b'-- Installing: /home/a/ws_nhk/install/stm32_mavlink_msgs/share/stm32_mavlink_msgs/msg/RS485WriteRequest.idl\n'}
[34.373272] (stm32_mavlink_msgs) StdoutLine: {'line': b'-- Installing: /home/a/ws_nhk/install/stm32_mavlink_msgs/share/stm32_mavlink_msgs/msg/RS485WriteResponse.idl\n'}
[34.373394] (stm32_mavlink_msgs) StdoutLine: {'line': b'-- Installing: /home/a/ws_nhk/install/stm32_mavlink_msgs/share/stm32_mavlink_msgs/msg/RS485FlashSaveRequest.idl\n'}
[34.373555] (stm32_mavlink_msgs) StdoutLine: {'line': b'-- Installing: /home/a/ws_nhk/install/stm32_mavlink_msgs/share/stm32_mavlink_msgs/msg/LimitSwitchStatus.idl\n'}
[34.373677] (stm32_mavlink_msgs) StdoutLine: {'line': b'-- Installing: /home/a/ws_nhk/install/stm32_mavlink_msgs/share/stm32_mavlink_msgs/msg/WTT12LStatus.idl\n'}
[34.373848] (stm32_mavlink_msgs) StdoutLine: {'line': b'-- Installing: /home/a/ws_nhk/install/stm32_mavlink_msgs/share/stm32_mavlink_msgs/msg/SolenoidCommand.idl\n'}
[34.373973] (stm32_mavlink_msgs) StdoutLine: {'line': b'-- Installing: /home/a/ws_nhk/install/stm32_mavlink_msgs/share/stm32_mavlink_msgs/msg/SolenoidStatus.idl\n'}
[34.374171] (stm32_mavlink_msgs) StdoutLine: {'line': b'-- Installing: /home/a/ws_nhk/install/stm32_mavlink_msgs/share/stm32_mavlink_msgs/srv/SetServoConfig.idl\n'}
[34.374295] (stm32_mavlink_msgs) StdoutLine: {'line': b'-- Installing: /home/a/ws_nhk/install/stm32_mavlink_msgs/share/stm32_mavlink_msgs/srv/SetEncoderConfig.idl\n'}
[34.374456] (stm32_mavlink_msgs) StdoutLine: {'line': b'-- Installing: /home/a/ws_nhk/install/stm32_mavlink_msgs/share/stm32_mavlink_msgs/srv/SetRobomasterMotorConfig.idl\n'}
[34.374580] (stm32_mavlink_msgs) StdoutLine: {'line': b'-- Installing: /home/a/ws_nhk/install/stm32_mavlink_msgs/share/stm32_mavlink_msgs/srv/GetRobomasterMotorConfig.idl\n'}
[34.374737] (stm32_mavlink_msgs) StdoutLine: {'line': b'-- Installing: /home/a/ws_nhk/install/stm32_mavlink_msgs/share/stm32_mavlink_msgs/srv/SetDCMotorConfig.idl\n'}
[34.374867] (stm32_mavlink_msgs) StdoutLine: {'line': b'-- Installing: /home/a/ws_nhk/install/stm32_mavlink_msgs/share/stm32_mavlink_msgs/srv/GetDCMotorConfig.idl\n'}
[34.375038] (stm32_mavlink_msgs) StdoutLine: {'line': b'-- Installing: /home/a/ws_nhk/install/stm32_mavlink_msgs/share/stm32_mavlink_msgs/srv/ReadRS485Param.idl\n'}
[34.375180] (stm32_mavlink_msgs) StdoutLine: {'line': b'-- Installing: /home/a/ws_nhk/install/stm32_mavlink_msgs/share/stm32_mavlink_msgs/srv/WriteRS485Param.idl\n'}
[34.375341] (stm32_mavlink_msgs) StdoutLine: {'line': b'-- Installing: /home/a/ws_nhk/install/stm32_mavlink_msgs/share/stm32_mavlink_msgs/srv/FlashSaveRS485.idl\n'}
[34.375466] (stm32_mavlink_msgs) StdoutLine: {'line': b'-- Installing: /home/a/ws_nhk/install/stm32_mavlink_msgs/share/stm32_mavlink_msgs/msg/ServoCommand.msg\n'}
[34.375633] (stm32_mavlink_msgs) StdoutLine: {'line': b'-- Installing: /home/a/ws_nhk/install/stm32_mavlink_msgs/share/stm32_mavlink_msgs/msg/ServoState.msg\n'}
[34.375760] (stm32_mavlink_msgs) StdoutLine: {'line': b'-- Installing: /home/a/ws_nhk/install/stm32_mavlink_msgs/share/stm32_mavlink_msgs/msg/EncoderState.msg\n'}
[34.375934] (stm32_mavlink_msgs) StdoutLine: {'line': b'-- Installing: /home/a/ws_nhk/install/stm32_mavlink_msgs/share/stm32_mavlink_msgs/msg/EncoderConfig.msg\n'}
[34.376060] (stm32_mavlink_msgs) StdoutLine: {'line': b'-- Installing: /home/a/ws_nhk/install/stm32_mavlink_msgs/share/stm32_mavlink_msgs/msg/RobomasterMotorCommand.msg\n'}
[34.376225] (stm32_mavlink_msgs) StdoutLine: {'line': b'-- Installing: /home/a/ws_nhk/install/stm32_mavlink_msgs/share/stm32_mavlink_msgs/msg/RobomasterMotorState.msg\n'}
[34.376348] (stm32_mavlink_msgs) StdoutLine: {'line': b'-- Installing: /home/a/ws_nhk/install/stm32_mavlink_msgs/share/stm32_mavlink_msgs/msg/RobomasterMotorConfig.msg\n'}
[34.376511] (stm32_mavlink_msgs) StdoutLine: {'line': b'-- Installing: /home/a/ws_nhk/install/stm32_mavlink_msgs/share/stm32_mavlink_msgs/msg/DCMotorCommand.msg\n'}
[34.376638] (stm32_mavlink_msgs) StdoutLine: {'line': b'-- Installing: /home/a/ws_nhk/install/stm32_mavlink_msgs/share/stm32_mavlink_msgs/msg/DCMotorState.msg\n'}
[34.376809] (stm32_mavlink_msgs) StdoutLine: {'line': b'-- Installing: /home/a/ws_nhk/install/stm32_mavlink_msgs/share/stm32_mavlink_msgs/msg/DCMotorConfig.msg\n'}
[34.376939] (stm32_mavlink_msgs) StdoutLine: {'line': b'-- Installing: /home/a/ws_nhk/install/stm32_mavlink_msgs/share/stm32_mavlink_msgs/msg/RS485MotorCommand.msg\n'}
[34.377102] (stm32_mavlink_msgs) StdoutLine: {'line': b'-- Installing: /home/a/ws_nhk/install/stm32_mavlink_msgs/share/stm32_mavlink_msgs/msg/RS485MotorState.msg\n'}
[34.377224] (stm32_mavlink_msgs) StdoutLine: {'line': b'-- Installing: /home/a/ws_nhk/install/stm32_mavlink_msgs/share/stm32_mavlink_msgs/msg/RS485MotorConfig.msg\n'}
[34.377394] (stm32_mavlink_msgs) StdoutLine: {'line': b'-- Installing: /home/a/ws_nhk/install/stm32_mavlink_msgs/share/stm32_mavlink_msgs/msg/RS485ReadRequest.msg\n'}
[34.377519] (stm32_mavlink_msgs) StdoutLine: {'line': b'-- Installing: /home/a/ws_nhk/install/stm32_mavlink_msgs/share/stm32_mavlink_msgs/msg/RS485ReadResponse.msg\n'}
[34.377681] (stm32_mavlink_msgs) StdoutLine: {'line': b'-- Installing: /home/a/ws_nhk/install/stm32_mavlink_msgs/share/stm32_mavlink_msgs/msg/RS485WriteRequest.msg\n'}
[34.377818] (stm32_mavlink_msgs) StdoutLine: {'line': b'-- Installing: /home/a/ws_nhk/install/stm32_mavlink_msgs/share/stm32_mavlink_msgs/msg/RS485WriteResponse.msg\n'}
[34.377997] (stm32_mavlink_msgs) StdoutLine: {'line': b'-- Installing: /home/a/ws_nhk/install/stm32_mavlink_msgs/share/stm32_mavlink_msgs/msg/RS485FlashSaveRequest.msg\n'}
[34.378122] (stm32_mavlink_msgs) StdoutLine: {'line': b'-- Installing: /home/a/ws_nhk/install/stm32_mavlink_msgs/share/stm32_mavlink_msgs/msg/LimitSwitchStatus.msg\n'}
[34.378292] (stm32_mavlink_msgs) StdoutLine: {'line': b'-- Installing: /home/a/ws_nhk/install/stm32_mavlink_msgs/share/stm32_mavlink_msgs/msg/WTT12LStatus.msg\n'}
[34.378438] (stm32_mavlink_msgs) StdoutLine: {'line': b'-- Installing: /home/a/ws_nhk/install/stm32_mavlink_msgs/share/stm32_mavlink_msgs/msg/SolenoidCommand.msg\n'}
[34.378606] (stm32_mavlink_msgs) StdoutLine: {'line': b'-- Installing: /home/a/ws_nhk/install/stm32_mavlink_msgs/share/stm32_mavlink_msgs/msg/SolenoidStatus.msg\n'}
[34.378734] (stm32_mavlink_msgs) StdoutLine: {'line': b'-- Installing: /home/a/ws_nhk/install/stm32_mavlink_msgs/share/stm32_mavlink_msgs/srv/SetServoConfig.srv\n'}
[34.378907] (stm32_mavlink_msgs) StdoutLine: {'line': b'-- Installing: /home/a/ws_nhk/install/stm32_mavlink_msgs/share/stm32_mavlink_msgs/srv/SetServoConfig_Request.msg\n'}
[34.379035] (stm32_mavlink_msgs) StdoutLine: {'line': b'-- Installing: /home/a/ws_nhk/install/stm32_mavlink_msgs/share/stm32_mavlink_msgs/srv/SetServoConfig_Response.msg\n'}
[34.379203] (stm32_mavlink_msgs) StdoutLine: {'line': b'-- Installing: /home/a/ws_nhk/install/stm32_mavlink_msgs/share/stm32_mavlink_msgs/srv/SetEncoderConfig.srv\n'}
[34.379325] (stm32_mavlink_msgs) StdoutLine: {'line': b'-- Installing: /home/a/ws_nhk/install/stm32_mavlink_msgs/share/stm32_mavlink_msgs/srv/SetEncoderConfig_Request.msg\n'}
[34.379490] (stm32_mavlink_msgs) StdoutLine: {'line': b'-- Installing: /home/a/ws_nhk/install/stm32_mavlink_msgs/share/stm32_mavlink_msgs/srv/SetEncoderConfig_Response.msg\n'}
[34.379623] (stm32_mavlink_msgs) StdoutLine: {'line': b'-- Installing: /home/a/ws_nhk/install/stm32_mavlink_msgs/share/stm32_mavlink_msgs/srv/SetRobomasterMotorConfig.srv\n'}
[34.379795] (stm32_mavlink_msgs) StdoutLine: {'line': b'-- Installing: /home/a/ws_nhk/install/stm32_mavlink_msgs/share/stm32_mavlink_msgs/srv/SetRobomasterMotorConfig_Request.msg\n'}
[34.379925] (stm32_mavlink_msgs) StdoutLine: {'line': b'-- Installing: /home/a/ws_nhk/install/stm32_mavlink_msgs/share/stm32_mavlink_msgs/srv/SetRobomasterMotorConfig_Response.msg\n'}
[34.380090] (stm32_mavlink_msgs) StdoutLine: {'line': b'-- Installing: /home/a/ws_nhk/install/stm32_mavlink_msgs/share/stm32_mavlink_msgs/srv/GetRobomasterMotorConfig.srv\n'}
[34.380213] (stm32_mavlink_msgs) StdoutLine: {'line': b'-- Installing: /home/a/ws_nhk/install/stm32_mavlink_msgs/share/stm32_mavlink_msgs/srv/GetRobomasterMotorConfig_Request.msg\n'}
[34.380378] (stm32_mavlink_msgs) StdoutLine: {'line': b'-- Installing: /home/a/ws_nhk/install/stm32_mavlink_msgs/share/stm32_mavlink_msgs/srv/GetRobomasterMotorConfig_Response.msg\n'}
[34.380502] (stm32_mavlink_msgs) StdoutLine: {'line': b'-- Installing: /home/a/ws_nhk/install/stm32_mavlink_msgs/share/stm32_mavlink_msgs/srv/SetDCMotorConfig.srv\n'}
[34.380672] (stm32_mavlink_msgs) StdoutLine: {'line': b'-- Installing: /home/a/ws_nhk/install/stm32_mavlink_msgs/share/stm32_mavlink_msgs/srv/SetDCMotorConfig_Request.msg\n'}
[34.380803] (stm32_mavlink_msgs) StdoutLine: {'line': b'-- Installing: /home/a/ws_nhk/install/stm32_mavlink_msgs/share/stm32_mavlink_msgs/srv/SetDCMotorConfig_Response.msg\n'}
[34.380973] (stm32_mavlink_msgs) StdoutLine: {'line': b'-- Installing: /home/a/ws_nhk/install/stm32_mavlink_msgs/share/stm32_mavlink_msgs/srv/GetDCMotorConfig.srv\n'}
[34.381096] (stm32_mavlink_msgs) StdoutLine: {'line': b'-- Installing: /home/a/ws_nhk/install/stm32_mavlink_msgs/share/stm32_mavlink_msgs/srv/GetDCMotorConfig_Request.msg\n'}
[34.381260] (stm32_mavlink_msgs) StdoutLine: {'line': b'-- Installing: /home/a/ws_nhk/install/stm32_mavlink_msgs/share/stm32_mavlink_msgs/srv/GetDCMotorConfig_Response.msg\n'}
[34.381385] (stm32_mavlink_msgs) StdoutLine: {'line': b'-- Installing: /home/a/ws_nhk/install/stm32_mavlink_msgs/share/stm32_mavlink_msgs/srv/ReadRS485Param.srv\n'}
[34.381572] (stm32_mavlink_msgs) StdoutLine: {'line': b'-- Installing: /home/a/ws_nhk/install/stm32_mavlink_msgs/share/stm32_mavlink_msgs/srv/ReadRS485Param_Request.msg\n'}
[34.381713] (stm32_mavlink_msgs) StdoutLine: {'line': b'-- Installing: /home/a/ws_nhk/install/stm32_mavlink_msgs/share/stm32_mavlink_msgs/srv/ReadRS485Param_Response.msg\n'}
[34.381903] (stm32_mavlink_msgs) StdoutLine: {'line': b'-- Installing: /home/a/ws_nhk/install/stm32_mavlink_msgs/share/stm32_mavlink_msgs/srv/WriteRS485Param.srv\n'}
[34.382041] (stm32_mavlink_msgs) StdoutLine: {'line': b'-- Installing: /home/a/ws_nhk/install/stm32_mavlink_msgs/share/stm32_mavlink_msgs/srv/WriteRS485Param_Request.msg\n'}
[34.382226] (stm32_mavlink_msgs) StdoutLine: {'line': b'-- Installing: /home/a/ws_nhk/install/stm32_mavlink_msgs/share/stm32_mavlink_msgs/srv/WriteRS485Param_Response.msg\n'}
[34.382352] (stm32_mavlink_msgs) StdoutLine: {'line': b'-- Installing: /home/a/ws_nhk/install/stm32_mavlink_msgs/share/stm32_mavlink_msgs/srv/FlashSaveRS485.srv\n'}
[34.382516] (stm32_mavlink_msgs) StdoutLine: {'line': b'-- Installing: /home/a/ws_nhk/install/stm32_mavlink_msgs/share/stm32_mavlink_msgs/srv/FlashSaveRS485_Request.msg\n'}
[34.382654] (stm32_mavlink_msgs) StdoutLine: {'line': b'-- Installing: /home/a/ws_nhk/install/stm32_mavlink_msgs/share/stm32_mavlink_msgs/srv/FlashSaveRS485_Response.msg\n'}
[34.382897] (stm32_mavlink_msgs) StdoutLine: {'line': b'-- Installing: /home/a/ws_nhk/install/stm32_mavlink_msgs/share/ament_index/resource_index/package_run_dependencies/stm32_mavlink_msgs\n'}
[34.383073] (stm32_mavlink_msgs) StdoutLine: {'line': b'-- Installing: /home/a/ws_nhk/install/stm32_mavlink_msgs/share/ament_index/resource_index/parent_prefix_path/stm32_mavlink_msgs\n'}
[34.383255] (stm32_mavlink_msgs) StdoutLine: {'line': b'-- Installing: /home/a/ws_nhk/install/stm32_mavlink_msgs/share/stm32_mavlink_msgs/environment/ament_prefix_path.sh\n'}
[34.383394] (stm32_mavlink_msgs) StdoutLine: {'line': b'-- Installing: /home/a/ws_nhk/install/stm32_mavlink_msgs/share/stm32_mavlink_msgs/environment/ament_prefix_path.dsv\n'}
[34.383565] (stm32_mavlink_msgs) StdoutLine: {'line': b'-- Installing: /home/a/ws_nhk/install/stm32_mavlink_msgs/share/stm32_mavlink_msgs/environment/path.sh\n'}
[34.383690] (stm32_mavlink_msgs) StdoutLine: {'line': b'-- Installing: /home/a/ws_nhk/install/stm32_mavlink_msgs/share/stm32_mavlink_msgs/environment/path.dsv\n'}
[34.383867] (stm32_mavlink_msgs) StdoutLine: {'line': b'-- Installing: /home/a/ws_nhk/install/stm32_mavlink_msgs/share/stm32_mavlink_msgs/local_setup.bash\n'}
[34.384000] (stm32_mavlink_msgs) StdoutLine: {'line': b'-- Installing: /home/a/ws_nhk/install/stm32_mavlink_msgs/share/stm32_mavlink_msgs/local_setup.sh\n'}
[34.384173] (stm32_mavlink_msgs) StdoutLine: {'line': b'-- Installing: /home/a/ws_nhk/install/stm32_mavlink_msgs/share/stm32_mavlink_msgs/local_setup.zsh\n'}
[34.384307] (stm32_mavlink_msgs) StdoutLine: {'line': b'-- Installing: /home/a/ws_nhk/install/stm32_mavlink_msgs/share/stm32_mavlink_msgs/local_setup.dsv\n'}
[34.384481] (stm32_mavlink_msgs) StdoutLine: {'line': b'-- Installing: /home/a/ws_nhk/install/stm32_mavlink_msgs/share/stm32_mavlink_msgs/package.dsv\n'}
[34.384670] (stm32_mavlink_msgs) StdoutLine: {'line': b'-- Installing: /home/a/ws_nhk/install/stm32_mavlink_msgs/share/ament_index/resource_index/packages/stm32_mavlink_msgs\n'}
[34.384907] (stm32_mavlink_msgs) StdoutLine: {'line': b'-- Installing: /home/a/ws_nhk/install/stm32_mavlink_msgs/share/stm32_mavlink_msgs/cmake/export_stm32_mavlink_msgs__rosidl_generator_cExport.cmake\n'}
[34.385057] (stm32_mavlink_msgs) StdoutLine: {'line': b'-- Installing: /home/a/ws_nhk/install/stm32_mavlink_msgs/share/stm32_mavlink_msgs/cmake/export_stm32_mavlink_msgs__rosidl_generator_cExport-noconfig.cmake\n'}
[34.385253] (stm32_mavlink_msgs) StdoutLine: {'line': b'-- Installing: /home/a/ws_nhk/install/stm32_mavlink_msgs/share/stm32_mavlink_msgs/cmake/export_stm32_mavlink_msgs__rosidl_typesupport_fastrtps_cExport.cmake\n'}
[34.385306] (-) TimerEvent: {}
[34.385442] (stm32_mavlink_msgs) StdoutLine: {'line': b'-- Installing: /home/a/ws_nhk/install/stm32_mavlink_msgs/share/stm32_mavlink_msgs/cmake/export_stm32_mavlink_msgs__rosidl_typesupport_fastrtps_cExport-noconfig.cmake\n'}
[34.385614] (stm32_mavlink_msgs) StdoutLine: {'line': b'-- Installing: /home/a/ws_nhk/install/stm32_mavlink_msgs/share/stm32_mavlink_msgs/cmake/stm32_mavlink_msgs__rosidl_typesupport_introspection_cExport.cmake\n'}
[34.385760] (stm32_mavlink_msgs) StdoutLine: {'line': b'-- Installing: /home/a/ws_nhk/install/stm32_mavlink_msgs/share/stm32_mavlink_msgs/cmake/stm32_mavlink_msgs__rosidl_typesupport_introspection_cExport-noconfig.cmake\n'}
[34.385968] (stm32_mavlink_msgs) StdoutLine: {'line': b'-- Installing: /home/a/ws_nhk/install/stm32_mavlink_msgs/share/stm32_mavlink_msgs/cmake/stm32_mavlink_msgs__rosidl_typesupport_cExport.cmake\n'}
[34.386111] (stm32_mavlink_msgs) StdoutLine: {'line': b'-- Installing: /home/a/ws_nhk/install/stm32_mavlink_msgs/share/stm32_mavlink_msgs/cmake/stm32_mavlink_msgs__rosidl_typesupport_cExport-noconfig.cmake\n'}
[34.386297] (stm32_mavlink_msgs) StdoutLine: {'line': b'-- Installing: /home/a/ws_nhk/install/stm32_mavlink_msgs/share/stm32_mavlink_msgs/cmake/export_stm32_mavlink_msgs__rosidl_generator_cppExport.cmake\n'}
[34.386446] (stm32_mavlink_msgs) StdoutLine: {'line': b'-- Installing: /home/a/ws_nhk/install/stm32_mavlink_msgs/share/stm32_mavlink_msgs/cmake/export_stm32_mavlink_msgs__rosidl_typesupport_fastrtps_cppExport.cmake\n'}
[34.386618] (stm32_mavlink_msgs) StdoutLine: {'line': b'-- Installing: /home/a/ws_nhk/install/stm32_mavlink_msgs/share/stm32_mavlink_msgs/cmake/export_stm32_mavlink_msgs__rosidl_typesupport_fastrtps_cppExport-noconfig.cmake\n'}
[34.386775] (stm32_mavlink_msgs) StdoutLine: {'line': b'-- Installing: /home/a/ws_nhk/install/stm32_mavlink_msgs/share/stm32_mavlink_msgs/cmake/stm32_mavlink_msgs__rosidl_typesupport_introspection_cppExport.cmake\n'}
[34.386986] (stm32_mavlink_msgs) StdoutLine: {'line': b'-- Installing: /home/a/ws_nhk/install/stm32_mavlink_msgs/share/stm32_mavlink_msgs/cmake/stm32_mavlink_msgs__rosidl_typesupport_introspection_cppExport-noconfig.cmake\n'}
[34.387153] (stm32_mavlink_msgs) StdoutLine: {'line': b'-- Installing: /home/a/ws_nhk/install/stm32_mavlink_msgs/share/stm32_mavlink_msgs/cmake/stm32_mavlink_msgs__rosidl_typesupport_cppExport.cmake\n'}
[34.387327] (stm32_mavlink_msgs) StdoutLine: {'line': b'-- Installing: /home/a/ws_nhk/install/stm32_mavlink_msgs/share/stm32_mavlink_msgs/cmake/stm32_mavlink_msgs__rosidl_typesupport_cppExport-noconfig.cmake\n'}
[34.387477] (stm32_mavlink_msgs) StdoutLine: {'line': b'-- Installing: /home/a/ws_nhk/install/stm32_mavlink_msgs/share/stm32_mavlink_msgs/cmake/export_stm32_mavlink_msgs__rosidl_generator_pyExport.cmake\n'}
[34.387662] (stm32_mavlink_msgs) StdoutLine: {'line': b'-- Installing: /home/a/ws_nhk/install/stm32_mavlink_msgs/share/stm32_mavlink_msgs/cmake/export_stm32_mavlink_msgs__rosidl_generator_pyExport-noconfig.cmake\n'}
[34.387824] (stm32_mavlink_msgs) StdoutLine: {'line': b'-- Installing: /home/a/ws_nhk/install/stm32_mavlink_msgs/share/stm32_mavlink_msgs/cmake/rosidl_cmake-extras.cmake\n'}
[34.388010] (stm32_mavlink_msgs) StdoutLine: {'line': b'-- Installing: /home/a/ws_nhk/install/stm32_mavlink_msgs/share/stm32_mavlink_msgs/cmake/ament_cmake_export_dependencies-extras.cmake\n'}
[34.388147] (stm32_mavlink_msgs) StdoutLine: {'line': b'-- Installing: /home/a/ws_nhk/install/stm32_mavlink_msgs/share/stm32_mavlink_msgs/cmake/ament_cmake_export_include_directories-extras.cmake\n'}
[34.388320] (stm32_mavlink_msgs) StdoutLine: {'line': b'-- Installing: /home/a/ws_nhk/install/stm32_mavlink_msgs/share/stm32_mavlink_msgs/cmake/ament_cmake_export_libraries-extras.cmake\n'}
[34.388464] (stm32_mavlink_msgs) StdoutLine: {'line': b'-- Installing: /home/a/ws_nhk/install/stm32_mavlink_msgs/share/stm32_mavlink_msgs/cmake/ament_cmake_export_targets-extras.cmake\n'}
[34.388637] (stm32_mavlink_msgs) StdoutLine: {'line': b'-- Installing: /home/a/ws_nhk/install/stm32_mavlink_msgs/share/stm32_mavlink_msgs/cmake/rosidl_cmake_export_typesupport_targets-extras.cmake\n'}
[34.388772] (stm32_mavlink_msgs) StdoutLine: {'line': b'-- Installing: /home/a/ws_nhk/install/stm32_mavlink_msgs/share/stm32_mavlink_msgs/cmake/rosidl_cmake_export_typesupport_libraries-extras.cmake\n'}
[34.388961] (stm32_mavlink_msgs) StdoutLine: {'line': b'-- Installing: /home/a/ws_nhk/install/stm32_mavlink_msgs/share/stm32_mavlink_msgs/cmake/stm32_mavlink_msgsConfig.cmake\n'}
[34.389052] (stm32_mavlink_msgs) StdoutLine: {'line': b'-- Installing: /home/a/ws_nhk/install/stm32_mavlink_msgs/share/stm32_mavlink_msgs/cmake/stm32_mavlink_msgsConfig-version.cmake\n'}
[34.389171] (stm32_mavlink_msgs) StdoutLine: {'line': b'-- Installing: /home/a/ws_nhk/install/stm32_mavlink_msgs/share/stm32_mavlink_msgs/package.xml\n'}
[34.392561] (stm32_mavlink_msgs) CommandEnded: {'returncode': 0}
[34.417736] (stm32_mavlink_msgs) JobEnded: {'identifier': 'stm32_mavlink_msgs', 'rc': 0}
[34.418845] (stm32_mavlink_udp) JobStarted: {'identifier': 'stm32_mavlink_udp'}
[34.427234] (ikeyaMD_wizard) JobStarted: {'identifier': 'ikeyaMD_wizard'}
[34.436773] (ikeyaMD_wizard) JobEnded: {'identifier': 'ikeyaMD_wizard', 'rc': 1}
[34.437613] (stm32_mavlink_udp) JobEnded: {'identifier': 'stm32_mavlink_udp', 'rc': 'SIGINT'}
[34.447922] (-) EventReactorShutdown: {}
