[0.014s] Invoking command in '/home/a/ws_nhk/build/stm32_mavlink_msgs': CMAKE_PREFIX_PATH=${CMAKE_PREFIX_PATH}:/home/a/ws_nhk/install/ikeyaMD_wizard:/home/a/ws_nhk/install/moveit_configs_utils:/home/a/ws_nhk/install/rogidrive:/home/a/ws_nhk/install/launch_param_builder:/home/a/ws_nhk/install/dynamixel_controller_gui:/home/a/ws_nhk/install/dynamixel_controller_client:/opt/ros/humble /usr/bin/cmake /home/a/ws_nhk/src/MAVLink_ros2/stm32_mavlink_msgs -DCMAKE_BUILD_TYPE=Release -DCMAKE_INSTALL_PREFIX=/home/a/ws_nhk/install/stm32_mavlink_msgs
[0.028s] -- Found ament_cmake: 1.3.12 (/opt/ros/humble/share/ament_cmake/cmake)
[0.172s] -- Found rosidl_default_generators: 1.2.0 (/opt/ros/humble/share/rosidl_default_generators/cmake)
[0.183s] -- Using all available rosidl_typesupport_c: rosidl_typesupport_fastrtps_c;rosidl_typesupport_introspection_c
[0.186s] -- Found rosidl_adapter: 3.1.8 (/opt/ros/humble/share/rosidl_adapter/cmake)
[0.217s] -- Using all available rosidl_typesupport_cpp: rosidl_typesupport_fastrtps_cpp;rosidl_typesupport_introspection_cpp
[0.238s] -- Found std_msgs: 4.9.0 (/opt/ros/humble/share/std_msgs/cmake)
[0.262s] -- Found geometry_msgs: 4.9.0 (/opt/ros/humble/share/geometry_msgs/cmake)
[0.737s] -- Found ament_cmake_ros: 0.10.0 (/opt/ros/humble/share/ament_cmake_ros/cmake)
[0.966s] -- Using all available rosidl_typesupport_c: rosidl_typesupport_fastrtps_c;rosidl_typesupport_introspection_c
[1.257s] -- Using all available rosidl_typesupport_cpp: rosidl_typesupport_fastrtps_cpp;rosidl_typesupport_introspection_cpp
[1.278s] -- Found python_cmake_module: 0.10.0 (/opt/ros/humble/share/python_cmake_module/cmake)
[1.306s] -- Using PYTHON_EXECUTABLE: /usr/bin/python3
[1.306s] -- Using PYTHON_INCLUDE_DIRS: /usr/include/python3.10
[1.306s] -- Using PYTHON_LIBRARIES: /usr/lib/x86_64-linux-gnu/libpython3.10.so
[1.378s] -- Configuring done
[1.435s] -- Generating done
[1.446s] -- Build files have been written to: /home/a/ws_nhk/build/stm32_mavlink_msgs
[1.453s] Invoked command in '/home/a/ws_nhk/build/stm32_mavlink_msgs' returned '0': CMAKE_PREFIX_PATH=${CMAKE_PREFIX_PATH}:/home/a/ws_nhk/install/ikeyaMD_wizard:/home/a/ws_nhk/install/moveit_configs_utils:/home/a/ws_nhk/install/rogidrive:/home/a/ws_nhk/install/launch_param_builder:/home/a/ws_nhk/install/dynamixel_controller_gui:/home/a/ws_nhk/install/dynamixel_controller_client:/opt/ros/humble /usr/bin/cmake /home/a/ws_nhk/src/MAVLink_ros2/stm32_mavlink_msgs -DCMAKE_BUILD_TYPE=Release -DCMAKE_INSTALL_PREFIX=/home/a/ws_nhk/install/stm32_mavlink_msgs
[1.456s] Invoking command in '/home/a/ws_nhk/build/stm32_mavlink_msgs': CMAKE_PREFIX_PATH=${CMAKE_PREFIX_PATH}:/home/a/ws_nhk/install/ikeyaMD_wizard:/home/a/ws_nhk/install/moveit_configs_utils:/home/a/ws_nhk/install/rogidrive:/home/a/ws_nhk/install/launch_param_builder:/home/a/ws_nhk/install/dynamixel_controller_gui:/home/a/ws_nhk/install/dynamixel_controller_client:/opt/ros/humble /usr/bin/cmake --build /home/a/ws_nhk/build/stm32_mavlink_msgs -- -j22 -l22
[1.521s] [35m[1mConsolidate compiler generated dependencies of target stm32_mavlink_msgs__rosidl_generator_c[0m
[1.530s] [  0%] Built target stm32_mavlink_msgs__cpp
[1.547s] [  2%] [32mBuilding C object CMakeFiles/stm32_mavlink_msgs__rosidl_generator_c.dir/rosidl_generator_c/stm32_mavlink_msgs/msg/detail/rs485_motor_command__functions.c.o[0m
[1.547s] [  2%] [32mBuilding C object CMakeFiles/stm32_mavlink_msgs__rosidl_generator_c.dir/rosidl_generator_c/stm32_mavlink_msgs/msg/detail/robomaster_motor_state__functions.c.o[0m
[1.547s] [  2%] [32mBuilding C object CMakeFiles/stm32_mavlink_msgs__rosidl_generator_c.dir/rosidl_generator_c/stm32_mavlink_msgs/msg/detail/servo_state__functions.c.o[0m
[1.547s] [  2%] [32mBuilding C object CMakeFiles/stm32_mavlink_msgs__rosidl_generator_c.dir/rosidl_generator_c/stm32_mavlink_msgs/msg/detail/encoder_config__functions.c.o[0m
[1.547s] [  3%] [32mBuilding C object CMakeFiles/stm32_mavlink_msgs__rosidl_generator_c.dir/rosidl_generator_c/stm32_mavlink_msgs/msg/detail/dc_motor_state__functions.c.o[0m
[1.547s] [  3%] [32mBuilding C object CMakeFiles/stm32_mavlink_msgs__rosidl_generator_c.dir/rosidl_generator_c/stm32_mavlink_msgs/msg/detail/robomaster_motor_config__functions.c.o[0m
[1.547s] [  3%] [32mBuilding C object CMakeFiles/stm32_mavlink_msgs__rosidl_generator_c.dir/rosidl_generator_c/stm32_mavlink_msgs/msg/detail/dc_motor_command__functions.c.o[0m
[1.547s] [  3%] [32mBuilding C object CMakeFiles/stm32_mavlink_msgs__rosidl_generator_c.dir/rosidl_generator_c/stm32_mavlink_msgs/msg/detail/rs485_motor_state__functions.c.o[0m
[1.547s] [  3%] [32mBuilding C object CMakeFiles/stm32_mavlink_msgs__rosidl_generator_c.dir/rosidl_generator_c/stm32_mavlink_msgs/msg/detail/dc_motor_config__functions.c.o[0m
[1.549s] [  4%] [32mBuilding C object CMakeFiles/stm32_mavlink_msgs__rosidl_generator_c.dir/rosidl_generator_c/stm32_mavlink_msgs/msg/detail/rs485_write_request__functions.c.o[0m
[1.549s] [  4%] [32mBuilding C object CMakeFiles/stm32_mavlink_msgs__rosidl_generator_c.dir/rosidl_generator_c/stm32_mavlink_msgs/msg/detail/rs485_motor_config__functions.c.o[0m
[1.549s] [  4%] [32mBuilding C object CMakeFiles/stm32_mavlink_msgs__rosidl_generator_c.dir/rosidl_generator_c/stm32_mavlink_msgs/msg/detail/robomaster_motor_command__functions.c.o[0m
[1.549s] [  5%] [32mBuilding C object CMakeFiles/stm32_mavlink_msgs__rosidl_generator_c.dir/rosidl_generator_c/stm32_mavlink_msgs/msg/detail/encoder_state__functions.c.o[0m
[1.549s] [  6%] [32mBuilding C object CMakeFiles/stm32_mavlink_msgs__rosidl_generator_c.dir/rosidl_generator_c/stm32_mavlink_msgs/msg/detail/rs485_read_request__functions.c.o[0m
[1.550s] [  6%] [32mBuilding C object CMakeFiles/stm32_mavlink_msgs__rosidl_generator_c.dir/rosidl_generator_c/stm32_mavlink_msgs/msg/detail/rs485_write_response__functions.c.o[0m
[1.550s] [  6%] [32mBuilding C object CMakeFiles/stm32_mavlink_msgs__rosidl_generator_c.dir/rosidl_generator_c/stm32_mavlink_msgs/msg/detail/rs485_read_response__functions.c.o[0m
[1.550s] [  6%] Built target ament_cmake_python_copy_stm32_mavlink_msgs
[1.553s] [  6%] [32mBuilding C object CMakeFiles/stm32_mavlink_msgs__rosidl_generator_c.dir/rosidl_generator_c/stm32_mavlink_msgs/msg/detail/servo_command__functions.c.o[0m
[1.556s] [35m[1mConsolidate compiler generated dependencies of target stm32_mavlink_msgs__rosidl_typesupport_cpp[0m
[1.557s] [  6%] [32mBuilding C object CMakeFiles/stm32_mavlink_msgs__rosidl_generator_c.dir/rosidl_generator_c/stm32_mavlink_msgs/msg/detail/rs485_flash_save_request__functions.c.o[0m
[1.557s] [35m[1mConsolidate compiler generated dependencies of target stm32_mavlink_msgs__rosidl_typesupport_introspection_cpp[0m
[1.557s] [35m[1mConsolidate compiler generated dependencies of target stm32_mavlink_msgs__rosidl_typesupport_fastrtps_cpp[0m
[1.611s] [  6%] [32mBuilding CXX object CMakeFiles/stm32_mavlink_msgs__rosidl_typesupport_cpp.dir/rosidl_typesupport_cpp/stm32_mavlink_msgs/msg/servo_command__type_support.cpp.o[0m
[1.615s] [  6%] [32mBuilding CXX object CMakeFiles/stm32_mavlink_msgs__rosidl_typesupport_introspection_cpp.dir/rosidl_typesupport_introspection_cpp/stm32_mavlink_msgs/msg/detail/servo_command__type_support.cpp.o[0m
[1.616s] [  6%] [32mBuilding CXX object CMakeFiles/stm32_mavlink_msgs__rosidl_typesupport_fastrtps_cpp.dir/rosidl_typesupport_fastrtps_cpp/stm32_mavlink_msgs/msg/detail/dds_fastrtps/servo_command__type_support.cpp.o[0m
[1.665s] [  6%] [32mBuilding CXX object CMakeFiles/stm32_mavlink_msgs__rosidl_typesupport_fastrtps_cpp.dir/rosidl_typesupport_fastrtps_cpp/stm32_mavlink_msgs/msg/detail/dds_fastrtps/servo_state__type_support.cpp.o[0m
[1.665s] [  6%] [32mBuilding CXX object CMakeFiles/stm32_mavlink_msgs__rosidl_typesupport_cpp.dir/rosidl_typesupport_cpp/stm32_mavlink_msgs/msg/servo_state__type_support.cpp.o[0m
[1.672s] [  7%] [32mBuilding CXX object CMakeFiles/stm32_mavlink_msgs__rosidl_typesupport_fastrtps_cpp.dir/rosidl_typesupport_fastrtps_cpp/stm32_mavlink_msgs/msg/detail/dds_fastrtps/encoder_state__type_support.cpp.o[0m
[1.678s] [  7%] [32mBuilding CXX object CMakeFiles/stm32_mavlink_msgs__rosidl_typesupport_introspection_cpp.dir/rosidl_typesupport_introspection_cpp/stm32_mavlink_msgs/msg/detail/servo_state__type_support.cpp.o[0m
[1.688s] [  7%] [32mBuilding CXX object CMakeFiles/stm32_mavlink_msgs__rosidl_typesupport_fastrtps_cpp.dir/rosidl_typesupport_fastrtps_cpp/stm32_mavlink_msgs/msg/detail/dds_fastrtps/robomaster_motor_command__type_support.cpp.o[0m
[1.689s] [  8%] [32mBuilding CXX object CMakeFiles/stm32_mavlink_msgs__rosidl_typesupport_introspection_cpp.dir/rosidl_typesupport_introspection_cpp/stm32_mavlink_msgs/msg/detail/encoder_state__type_support.cpp.o[0m
[1.690s] [  8%] [32mBuilding CXX object CMakeFiles/stm32_mavlink_msgs__rosidl_typesupport_fastrtps_cpp.dir/rosidl_typesupport_fastrtps_cpp/stm32_mavlink_msgs/msg/detail/dds_fastrtps/encoder_config__type_support.cpp.o[0m
[1.692s] [  9%] [32mBuilding CXX object CMakeFiles/stm32_mavlink_msgs__rosidl_typesupport_fastrtps_cpp.dir/rosidl_typesupport_fastrtps_cpp/stm32_mavlink_msgs/msg/detail/dds_fastrtps/robomaster_motor_state__type_support.cpp.o[0m
[1.696s] [  9%] [32mBuilding CXX object CMakeFiles/stm32_mavlink_msgs__rosidl_typesupport_introspection_cpp.dir/rosidl_typesupport_introspection_cpp/stm32_mavlink_msgs/msg/detail/encoder_config__type_support.cpp.o[0m
[1.699s] [ 11%] [32mBuilding C object CMakeFiles/stm32_mavlink_msgs__rosidl_generator_c.dir/rosidl_generator_c/stm32_mavlink_msgs/msg/detail/limit_switch_status__functions.c.o[0m
[1.699s] [ 12%] [32mBuilding CXX object CMakeFiles/stm32_mavlink_msgs__rosidl_typesupport_cpp.dir/rosidl_typesupport_cpp/stm32_mavlink_msgs/msg/encoder_state__type_support.cpp.o[0m
[1.700s] [ 11%] [32mBuilding CXX object CMakeFiles/stm32_mavlink_msgs__rosidl_typesupport_introspection_cpp.dir/rosidl_typesupport_introspection_cpp/stm32_mavlink_msgs/msg/detail/robomaster_motor_command__type_support.cpp.o[0m
[1.705s] [ 13%] [32mBuilding CXX object CMakeFiles/stm32_mavlink_msgs__rosidl_typesupport_fastrtps_cpp.dir/rosidl_typesupport_fastrtps_cpp/stm32_mavlink_msgs/msg/detail/dds_fastrtps/dc_motor_command__type_support.cpp.o[0m
[1.706s] [ 13%] [32mBuilding CXX object CMakeFiles/stm32_mavlink_msgs__rosidl_typesupport_cpp.dir/rosidl_typesupport_cpp/stm32_mavlink_msgs/msg/encoder_config__type_support.cpp.o[0m
[1.706s] [ 13%] [32mBuilding CXX object CMakeFiles/stm32_mavlink_msgs__rosidl_typesupport_fastrtps_cpp.dir/rosidl_typesupport_fastrtps_cpp/stm32_mavlink_msgs/msg/detail/dds_fastrtps/robomaster_motor_config__type_support.cpp.o[0m
[1.721s] [ 13%] [32mBuilding CXX object CMakeFiles/stm32_mavlink_msgs__rosidl_typesupport_introspection_cpp.dir/rosidl_typesupport_introspection_cpp/stm32_mavlink_msgs/msg/detail/robomaster_motor_state__type_support.cpp.o[0m
[1.773s] [ 13%] [32mBuilding CXX object CMakeFiles/stm32_mavlink_msgs__rosidl_typesupport_cpp.dir/rosidl_typesupport_cpp/stm32_mavlink_msgs/msg/robomaster_motor_command__type_support.cpp.o[0m
[1.778s] [ 13%] [32mBuilding CXX object CMakeFiles/stm32_mavlink_msgs__rosidl_typesupport_fastrtps_cpp.dir/rosidl_typesupport_fastrtps_cpp/stm32_mavlink_msgs/msg/detail/dds_fastrtps/dc_motor_state__type_support.cpp.o[0m
[1.958s] [ 13%] [32mBuilding C object CMakeFiles/stm32_mavlink_msgs__rosidl_generator_c.dir/rosidl_generator_c/stm32_mavlink_msgs/msg/detail/wtt12_l_status__functions.c.o[0m
[2.144s] running egg_info
[2.147s] writing stm32_mavlink_msgs.egg-info/PKG-INFO
[2.148s] writing dependency_links to stm32_mavlink_msgs.egg-info/dependency_links.txt
[2.148s] writing top-level names to stm32_mavlink_msgs.egg-info/top_level.txt
[2.157s] reading manifest file 'stm32_mavlink_msgs.egg-info/SOURCES.txt'
[2.161s] writing manifest file 'stm32_mavlink_msgs.egg-info/SOURCES.txt'
[2.320s] [ 13%] Built target ament_cmake_python_build_stm32_mavlink_msgs_egg
[2.374s] [ 13%] [32mBuilding CXX object CMakeFiles/stm32_mavlink_msgs__rosidl_typesupport_introspection_cpp.dir/rosidl_typesupport_introspection_cpp/stm32_mavlink_msgs/msg/detail/robomaster_motor_config__type_support.cpp.o[0m
[2.398s] [ 13%] [32mBuilding CXX object CMakeFiles/stm32_mavlink_msgs__rosidl_typesupport_fastrtps_cpp.dir/rosidl_typesupport_fastrtps_cpp/stm32_mavlink_msgs/msg/detail/dds_fastrtps/dc_motor_config__type_support.cpp.o[0m
[2.406s] [ 13%] [32mBuilding C object CMakeFiles/stm32_mavlink_msgs__rosidl_generator_c.dir/rosidl_generator_c/stm32_mavlink_msgs/msg/detail/solenoid_command__functions.c.o[0m
[2.486s] [ 14%] [32mBuilding CXX object CMakeFiles/stm32_mavlink_msgs__rosidl_typesupport_introspection_cpp.dir/rosidl_typesupport_introspection_cpp/stm32_mavlink_msgs/msg/detail/dc_motor_command__type_support.cpp.o[0m
[2.526s] [ 15%] [32mBuilding C object CMakeFiles/stm32_mavlink_msgs__rosidl_generator_c.dir/rosidl_generator_c/stm32_mavlink_msgs/msg/detail/solenoid_status__functions.c.o[0m
[2.701s] [ 16%] [32mBuilding CXX object CMakeFiles/stm32_mavlink_msgs__rosidl_typesupport_fastrtps_cpp.dir/rosidl_typesupport_fastrtps_cpp/stm32_mavlink_msgs/msg/detail/dds_fastrtps/rs485_motor_command__type_support.cpp.o[0m
[2.841s] [ 17%] [32mBuilding CXX object CMakeFiles/stm32_mavlink_msgs__rosidl_typesupport_cpp.dir/rosidl_typesupport_cpp/stm32_mavlink_msgs/msg/robomaster_motor_state__type_support.cpp.o[0m
[2.880s] [ 17%] [32mBuilding CXX object CMakeFiles/stm32_mavlink_msgs__rosidl_typesupport_introspection_cpp.dir/rosidl_typesupport_introspection_cpp/stm32_mavlink_msgs/msg/detail/dc_motor_state__type_support.cpp.o[0m
[2.929s] [ 17%] [32mBuilding CXX object CMakeFiles/stm32_mavlink_msgs__rosidl_typesupport_cpp.dir/rosidl_typesupport_cpp/stm32_mavlink_msgs/msg/robomaster_motor_config__type_support.cpp.o[0m
[2.935s] [ 17%] [32mBuilding CXX object CMakeFiles/stm32_mavlink_msgs__rosidl_typesupport_cpp.dir/rosidl_typesupport_cpp/stm32_mavlink_msgs/msg/dc_motor_command__type_support.cpp.o[0m
[3.020s] [ 17%] [32mBuilding CXX object CMakeFiles/stm32_mavlink_msgs__rosidl_typesupport_fastrtps_cpp.dir/rosidl_typesupport_fastrtps_cpp/stm32_mavlink_msgs/msg/detail/dds_fastrtps/rs485_motor_state__type_support.cpp.o[0m
[3.050s] [ 17%] [32mBuilding CXX object CMakeFiles/stm32_mavlink_msgs__rosidl_typesupport_fastrtps_cpp.dir/rosidl_typesupport_fastrtps_cpp/stm32_mavlink_msgs/msg/detail/dds_fastrtps/rs485_motor_config__type_support.cpp.o[0m
[3.078s] [ 17%] [32mBuilding C object CMakeFiles/stm32_mavlink_msgs__rosidl_generator_c.dir/rosidl_generator_c/stm32_mavlink_msgs/srv/detail/set_servo_config__functions.c.o[0m
[3.083s] [ 18%] [32mBuilding CXX object CMakeFiles/stm32_mavlink_msgs__rosidl_typesupport_cpp.dir/rosidl_typesupport_cpp/stm32_mavlink_msgs/msg/dc_motor_state__type_support.cpp.o[0m
[3.243s] [ 18%] [32mBuilding CXX object CMakeFiles/stm32_mavlink_msgs__rosidl_typesupport_introspection_cpp.dir/rosidl_typesupport_introspection_cpp/stm32_mavlink_msgs/msg/detail/dc_motor_config__type_support.cpp.o[0m
[3.299s] [ 19%] [32mBuilding CXX object CMakeFiles/stm32_mavlink_msgs__rosidl_typesupport_introspection_cpp.dir/rosidl_typesupport_introspection_cpp/stm32_mavlink_msgs/msg/detail/rs485_motor_command__type_support.cpp.o[0m
[3.409s] [ 19%] [32mBuilding CXX object CMakeFiles/stm32_mavlink_msgs__rosidl_typesupport_introspection_cpp.dir/rosidl_typesupport_introspection_cpp/stm32_mavlink_msgs/msg/detail/rs485_motor_state__type_support.cpp.o[0m
[3.445s] [ 19%] [32mBuilding CXX object CMakeFiles/stm32_mavlink_msgs__rosidl_typesupport_cpp.dir/rosidl_typesupport_cpp/stm32_mavlink_msgs/msg/dc_motor_config__type_support.cpp.o[0m
[3.673s] [ 20%] [32mBuilding CXX object CMakeFiles/stm32_mavlink_msgs__rosidl_typesupport_fastrtps_cpp.dir/rosidl_typesupport_fastrtps_cpp/stm32_mavlink_msgs/msg/detail/dds_fastrtps/rs485_read_request__type_support.cpp.o[0m
[3.773s] [ 20%] [32mBuilding CXX object CMakeFiles/stm32_mavlink_msgs__rosidl_typesupport_fastrtps_cpp.dir/rosidl_typesupport_fastrtps_cpp/stm32_mavlink_msgs/msg/detail/dds_fastrtps/rs485_read_response__type_support.cpp.o[0m
[3.798s] [ 20%] [32mBuilding C object CMakeFiles/stm32_mavlink_msgs__rosidl_generator_c.dir/rosidl_generator_c/stm32_mavlink_msgs/srv/detail/set_encoder_config__functions.c.o[0m
[3.813s] [ 21%] [32mBuilding CXX object CMakeFiles/stm32_mavlink_msgs__rosidl_typesupport_cpp.dir/rosidl_typesupport_cpp/stm32_mavlink_msgs/msg/rs485_motor_command__type_support.cpp.o[0m
[4.106s] [ 21%] [32mBuilding CXX object CMakeFiles/stm32_mavlink_msgs__rosidl_typesupport_cpp.dir/rosidl_typesupport_cpp/stm32_mavlink_msgs/msg/rs485_motor_state__type_support.cpp.o[0m
[4.128s] [ 22%] [32mBuilding C object CMakeFiles/stm32_mavlink_msgs__rosidl_generator_c.dir/rosidl_generator_c/stm32_mavlink_msgs/srv/detail/set_robomaster_motor_config__functions.c.o[0m
[4.259s] [ 22%] [32mBuilding C object CMakeFiles/stm32_mavlink_msgs__rosidl_generator_c.dir/rosidl_generator_c/stm32_mavlink_msgs/srv/detail/get_robomaster_motor_config__functions.c.o[0m
[4.650s] [ 23%] [32mBuilding C object CMakeFiles/stm32_mavlink_msgs__rosidl_generator_c.dir/rosidl_generator_c/stm32_mavlink_msgs/srv/detail/set_dc_motor_config__functions.c.o[0m
[4.726s] [ 23%] [32mBuilding C object CMakeFiles/stm32_mavlink_msgs__rosidl_generator_c.dir/rosidl_generator_c/stm32_mavlink_msgs/srv/detail/get_dc_motor_config__functions.c.o[0m
[4.955s] [ 23%] [32mBuilding CXX object CMakeFiles/stm32_mavlink_msgs__rosidl_typesupport_introspection_cpp.dir/rosidl_typesupport_introspection_cpp/stm32_mavlink_msgs/msg/detail/rs485_motor_config__type_support.cpp.o[0m
[5.044s] [ 24%] [32mBuilding CXX object CMakeFiles/stm32_mavlink_msgs__rosidl_typesupport_introspection_cpp.dir/rosidl_typesupport_introspection_cpp/stm32_mavlink_msgs/msg/detail/rs485_read_request__type_support.cpp.o[0m
[5.185s] [ 24%] [32mBuilding CXX object CMakeFiles/stm32_mavlink_msgs__rosidl_typesupport_cpp.dir/rosidl_typesupport_cpp/stm32_mavlink_msgs/msg/rs485_motor_config__type_support.cpp.o[0m
[5.194s] [ 25%] [32mBuilding CXX object CMakeFiles/stm32_mavlink_msgs__rosidl_typesupport_cpp.dir/rosidl_typesupport_cpp/stm32_mavlink_msgs/msg/rs485_read_request__type_support.cpp.o[0m
[5.205s] [ 26%] [32mBuilding CXX object CMakeFiles/stm32_mavlink_msgs__rosidl_typesupport_fastrtps_cpp.dir/rosidl_typesupport_fastrtps_cpp/stm32_mavlink_msgs/msg/detail/dds_fastrtps/rs485_write_request__type_support.cpp.o[0m
[5.243s] [ 26%] [32mBuilding CXX object CMakeFiles/stm32_mavlink_msgs__rosidl_typesupport_introspection_cpp.dir/rosidl_typesupport_introspection_cpp/stm32_mavlink_msgs/msg/detail/rs485_read_response__type_support.cpp.o[0m
[5.313s] [ 26%] [32mBuilding CXX object CMakeFiles/stm32_mavlink_msgs__rosidl_typesupport_fastrtps_cpp.dir/rosidl_typesupport_fastrtps_cpp/stm32_mavlink_msgs/msg/detail/dds_fastrtps/rs485_write_response__type_support.cpp.o[0m
[5.387s] [ 27%] [32mBuilding CXX object CMakeFiles/stm32_mavlink_msgs__rosidl_typesupport_introspection_cpp.dir/rosidl_typesupport_introspection_cpp/stm32_mavlink_msgs/msg/detail/rs485_write_request__type_support.cpp.o[0m
[5.559s] [ 27%] [32mBuilding C object CMakeFiles/stm32_mavlink_msgs__rosidl_generator_c.dir/rosidl_generator_c/stm32_mavlink_msgs/srv/detail/read_rs485_param__functions.c.o[0m
[5.570s] [ 27%] [32mBuilding CXX object CMakeFiles/stm32_mavlink_msgs__rosidl_typesupport_cpp.dir/rosidl_typesupport_cpp/stm32_mavlink_msgs/msg/rs485_read_response__type_support.cpp.o[0m
[5.609s] [ 27%] [32mBuilding CXX object CMakeFiles/stm32_mavlink_msgs__rosidl_typesupport_cpp.dir/rosidl_typesupport_cpp/stm32_mavlink_msgs/msg/rs485_write_request__type_support.cpp.o[0m
[5.610s] [ 28%] [32mBuilding C object CMakeFiles/stm32_mavlink_msgs__rosidl_generator_c.dir/rosidl_generator_c/stm32_mavlink_msgs/srv/detail/write_rs485_param__functions.c.o[0m
[5.623s] [ 29%] [32mBuilding CXX object CMakeFiles/stm32_mavlink_msgs__rosidl_typesupport_cpp.dir/rosidl_typesupport_cpp/stm32_mavlink_msgs/msg/rs485_write_response__type_support.cpp.o[0m
[5.698s] [ 29%] [32mBuilding CXX object CMakeFiles/stm32_mavlink_msgs__rosidl_typesupport_cpp.dir/rosidl_typesupport_cpp/stm32_mavlink_msgs/msg/rs485_flash_save_request__type_support.cpp.o[0m
[5.747s] [ 30%] [32mBuilding CXX object CMakeFiles/stm32_mavlink_msgs__rosidl_typesupport_cpp.dir/rosidl_typesupport_cpp/stm32_mavlink_msgs/msg/limit_switch_status__type_support.cpp.o[0m
[5.817s] [ 30%] [32mBuilding CXX object CMakeFiles/stm32_mavlink_msgs__rosidl_typesupport_introspection_cpp.dir/rosidl_typesupport_introspection_cpp/stm32_mavlink_msgs/msg/detail/rs485_flash_save_request__type_support.cpp.o[0m
[5.827s] [ 30%] [32mBuilding CXX object CMakeFiles/stm32_mavlink_msgs__rosidl_typesupport_introspection_cpp.dir/rosidl_typesupport_introspection_cpp/stm32_mavlink_msgs/msg/detail/rs485_write_response__type_support.cpp.o[0m
[5.884s] [ 30%] [32mBuilding CXX object CMakeFiles/stm32_mavlink_msgs__rosidl_typesupport_cpp.dir/rosidl_typesupport_cpp/stm32_mavlink_msgs/msg/wtt12_l_status__type_support.cpp.o[0m
[5.925s] [ 30%] [32mBuilding CXX object CMakeFiles/stm32_mavlink_msgs__rosidl_typesupport_fastrtps_cpp.dir/rosidl_typesupport_fastrtps_cpp/stm32_mavlink_msgs/msg/detail/dds_fastrtps/rs485_flash_save_request__type_support.cpp.o[0m
[6.350s] [ 30%] [32mBuilding CXX object CMakeFiles/stm32_mavlink_msgs__rosidl_typesupport_cpp.dir/rosidl_typesupport_cpp/stm32_mavlink_msgs/msg/solenoid_command__type_support.cpp.o[0m
[6.737s] [ 30%] [32mBuilding C object CMakeFiles/stm32_mavlink_msgs__rosidl_generator_c.dir/rosidl_generator_c/stm32_mavlink_msgs/srv/detail/flash_save_rs485__functions.c.o[0m
[6.941s] [ 31%] [32mBuilding CXX object CMakeFiles/stm32_mavlink_msgs__rosidl_typesupport_fastrtps_cpp.dir/rosidl_typesupport_fastrtps_cpp/stm32_mavlink_msgs/msg/detail/dds_fastrtps/limit_switch_status__type_support.cpp.o[0m
[6.961s] [ 32%] [32mBuilding CXX object CMakeFiles/stm32_mavlink_msgs__rosidl_typesupport_introspection_cpp.dir/rosidl_typesupport_introspection_cpp/stm32_mavlink_msgs/msg/detail/limit_switch_status__type_support.cpp.o[0m
[7.027s] [ 33%] [32mBuilding CXX object CMakeFiles/stm32_mavlink_msgs__rosidl_typesupport_cpp.dir/rosidl_typesupport_cpp/stm32_mavlink_msgs/msg/solenoid_status__type_support.cpp.o[0m
[7.124s] [ 33%] [32mBuilding CXX object CMakeFiles/stm32_mavlink_msgs__rosidl_typesupport_introspection_cpp.dir/rosidl_typesupport_introspection_cpp/stm32_mavlink_msgs/msg/detail/wtt12_l_status__type_support.cpp.o[0m
[7.245s] [ 33%] [32mBuilding CXX object CMakeFiles/stm32_mavlink_msgs__rosidl_typesupport_introspection_cpp.dir/rosidl_typesupport_introspection_cpp/stm32_mavlink_msgs/msg/detail/solenoid_command__type_support.cpp.o[0m
[7.326s] [ 33%] [32mBuilding CXX object CMakeFiles/stm32_mavlink_msgs__rosidl_typesupport_fastrtps_cpp.dir/rosidl_typesupport_fastrtps_cpp/stm32_mavlink_msgs/msg/detail/dds_fastrtps/wtt12_l_status__type_support.cpp.o[0m
[7.364s] [ 34%] [32mBuilding CXX object CMakeFiles/stm32_mavlink_msgs__rosidl_typesupport_introspection_cpp.dir/rosidl_typesupport_introspection_cpp/stm32_mavlink_msgs/msg/detail/solenoid_status__type_support.cpp.o[0m
[7.373s] [ 34%] [32mBuilding CXX object CMakeFiles/stm32_mavlink_msgs__rosidl_typesupport_cpp.dir/rosidl_typesupport_cpp/stm32_mavlink_msgs/srv/set_servo_config__type_support.cpp.o[0m
[7.412s] [ 34%] [32mBuilding CXX object CMakeFiles/stm32_mavlink_msgs__rosidl_typesupport_introspection_cpp.dir/rosidl_typesupport_introspection_cpp/stm32_mavlink_msgs/srv/detail/set_servo_config__type_support.cpp.o[0m
[7.451s] [ 34%] [32mBuilding CXX object CMakeFiles/stm32_mavlink_msgs__rosidl_typesupport_fastrtps_cpp.dir/rosidl_typesupport_fastrtps_cpp/stm32_mavlink_msgs/msg/detail/dds_fastrtps/solenoid_command__type_support.cpp.o[0m
[7.672s] [ 34%] [32mBuilding CXX object CMakeFiles/stm32_mavlink_msgs__rosidl_typesupport_cpp.dir/rosidl_typesupport_cpp/stm32_mavlink_msgs/srv/set_encoder_config__type_support.cpp.o[0m
[7.762s] [ 35%] [32mBuilding CXX object CMakeFiles/stm32_mavlink_msgs__rosidl_typesupport_cpp.dir/rosidl_typesupport_cpp/stm32_mavlink_msgs/srv/set_robomaster_motor_config__type_support.cpp.o[0m
[7.778s] [ 36%] [32mBuilding CXX object CMakeFiles/stm32_mavlink_msgs__rosidl_typesupport_fastrtps_cpp.dir/rosidl_typesupport_fastrtps_cpp/stm32_mavlink_msgs/msg/detail/dds_fastrtps/solenoid_status__type_support.cpp.o[0m
[7.843s] [ 36%] [32mBuilding CXX object CMakeFiles/stm32_mavlink_msgs__rosidl_typesupport_cpp.dir/rosidl_typesupport_cpp/stm32_mavlink_msgs/srv/get_robomaster_motor_config__type_support.cpp.o[0m
[7.889s] [ 36%] [32m[1mLinking C shared library libstm32_mavlink_msgs__rosidl_generator_c.so[0m
[8.032s] [ 36%] [32mBuilding CXX object CMakeFiles/stm32_mavlink_msgs__rosidl_typesupport_cpp.dir/rosidl_typesupport_cpp/stm32_mavlink_msgs/srv/set_dc_motor_config__type_support.cpp.o[0m
[8.167s] [ 37%] [32mBuilding CXX object CMakeFiles/stm32_mavlink_msgs__rosidl_typesupport_cpp.dir/rosidl_typesupport_cpp/stm32_mavlink_msgs/srv/get_dc_motor_config__type_support.cpp.o[0m
[8.213s] [ 38%] [32mBuilding CXX object CMakeFiles/stm32_mavlink_msgs__rosidl_typesupport_introspection_cpp.dir/rosidl_typesupport_introspection_cpp/stm32_mavlink_msgs/srv/detail/set_encoder_config__type_support.cpp.o[0m
[8.273s] [ 38%] [32mBuilding CXX object CMakeFiles/stm32_mavlink_msgs__rosidl_typesupport_introspection_cpp.dir/rosidl_typesupport_introspection_cpp/stm32_mavlink_msgs/srv/detail/set_robomaster_motor_config__type_support.cpp.o[0m
[8.362s] [ 38%] [32mBuilding CXX object CMakeFiles/stm32_mavlink_msgs__rosidl_typesupport_cpp.dir/rosidl_typesupport_cpp/stm32_mavlink_msgs/srv/read_rs485_param__type_support.cpp.o[0m
[8.522s] [ 38%] [32mBuilding CXX object CMakeFiles/stm32_mavlink_msgs__rosidl_typesupport_introspection_cpp.dir/rosidl_typesupport_introspection_cpp/stm32_mavlink_msgs/srv/detail/get_robomaster_motor_config__type_support.cpp.o[0m
[8.526s] [ 39%] Built target stm32_mavlink_msgs__rosidl_generator_c
[8.591s] [ 39%] [32mBuilding CXX object CMakeFiles/stm32_mavlink_msgs__rosidl_typesupport_fastrtps_cpp.dir/rosidl_typesupport_fastrtps_cpp/stm32_mavlink_msgs/srv/detail/dds_fastrtps/set_servo_config__type_support.cpp.o[0m
[8.607s] [ 40%] [32mBuilding CXX object CMakeFiles/stm32_mavlink_msgs__rosidl_typesupport_cpp.dir/rosidl_typesupport_cpp/stm32_mavlink_msgs/srv/write_rs485_param__type_support.cpp.o[0m
[9.132s] [35m[1mConsolidate compiler generated dependencies of target stm32_mavlink_msgs__rosidl_typesupport_fastrtps_c[0m
[9.365s] [ 40%] [32mBuilding CXX object CMakeFiles/stm32_mavlink_msgs__rosidl_typesupport_fastrtps_cpp.dir/rosidl_typesupport_fastrtps_cpp/stm32_mavlink_msgs/srv/detail/dds_fastrtps/set_encoder_config__type_support.cpp.o[0m
[9.491s] [ 40%] [32mBuilding CXX object CMakeFiles/stm32_mavlink_msgs__rosidl_typesupport_fastrtps_c.dir/rosidl_typesupport_fastrtps_c/stm32_mavlink_msgs/msg/detail/servo_command__type_support_c.cpp.o[0m
[9.635s] [35m[1mConsolidate compiler generated dependencies of target stm32_mavlink_msgs__rosidl_typesupport_introspection_c[0m
[9.657s] [ 41%] [32mBuilding CXX object CMakeFiles/stm32_mavlink_msgs__rosidl_typesupport_fastrtps_cpp.dir/rosidl_typesupport_fastrtps_cpp/stm32_mavlink_msgs/srv/detail/dds_fastrtps/set_robomaster_motor_config__type_support.cpp.o[0m
[9.692s] [ 41%] [32mBuilding CXX object CMakeFiles/stm32_mavlink_msgs__rosidl_typesupport_fastrtps_c.dir/rosidl_typesupport_fastrtps_c/stm32_mavlink_msgs/msg/detail/servo_state__type_support_c.cpp.o[0m
[9.760s] [ 42%] [32mBuilding CXX object CMakeFiles/stm32_mavlink_msgs__rosidl_typesupport_fastrtps_c.dir/rosidl_typesupport_fastrtps_c/stm32_mavlink_msgs/msg/detail/encoder_state__type_support_c.cpp.o[0m
[9.774s] [ 42%] [32mBuilding CXX object CMakeFiles/stm32_mavlink_msgs__rosidl_typesupport_cpp.dir/rosidl_typesupport_cpp/stm32_mavlink_msgs/srv/flash_save_rs485__type_support.cpp.o[0m
[9.815s] [ 42%] [32mBuilding CXX object CMakeFiles/stm32_mavlink_msgs__rosidl_typesupport_fastrtps_c.dir/rosidl_typesupport_fastrtps_c/stm32_mavlink_msgs/msg/detail/encoder_config__type_support_c.cpp.o[0m
[9.817s] [35m[1mConsolidate compiler generated dependencies of target stm32_mavlink_msgs__rosidl_typesupport_c[0m
[9.883s] [ 42%] [32mBuilding C object CMakeFiles/stm32_mavlink_msgs__rosidl_typesupport_introspection_c.dir/rosidl_typesupport_introspection_c/stm32_mavlink_msgs/msg/detail/servo_command__type_support.c.o[0m
[9.925s] [ 43%] [32mBuilding C object CMakeFiles/stm32_mavlink_msgs__rosidl_typesupport_introspection_c.dir/rosidl_typesupport_introspection_c/stm32_mavlink_msgs/msg/detail/servo_state__type_support.c.o[0m
[9.979s] [ 43%] [32mBuilding CXX object CMakeFiles/stm32_mavlink_msgs__rosidl_typesupport_c.dir/rosidl_typesupport_c/stm32_mavlink_msgs/msg/servo_command__type_support.cpp.o[0m
[10.003s] [ 43%] [32mBuilding CXX object CMakeFiles/stm32_mavlink_msgs__rosidl_typesupport_c.dir/rosidl_typesupport_c/stm32_mavlink_msgs/msg/servo_state__type_support.cpp.o[0m
[10.106s] [ 44%] [32mBuilding CXX object CMakeFiles/stm32_mavlink_msgs__rosidl_typesupport_fastrtps_c.dir/rosidl_typesupport_fastrtps_c/stm32_mavlink_msgs/msg/detail/robomaster_motor_command__type_support_c.cpp.o[0m
[10.220s] [ 45%] [32mBuilding CXX object CMakeFiles/stm32_mavlink_msgs__rosidl_typesupport_c.dir/rosidl_typesupport_c/stm32_mavlink_msgs/msg/encoder_state__type_support.cpp.o[0m
[10.224s] [ 45%] [32mBuilding C object CMakeFiles/stm32_mavlink_msgs__rosidl_typesupport_introspection_c.dir/rosidl_typesupport_introspection_c/stm32_mavlink_msgs/msg/detail/encoder_state__type_support.c.o[0m
[10.289s] [ 45%] [32mBuilding CXX object CMakeFiles/stm32_mavlink_msgs__rosidl_typesupport_c.dir/rosidl_typesupport_c/stm32_mavlink_msgs/msg/encoder_config__type_support.cpp.o[0m
[10.301s] [ 45%] [32mBuilding CXX object CMakeFiles/stm32_mavlink_msgs__rosidl_typesupport_fastrtps_cpp.dir/rosidl_typesupport_fastrtps_cpp/stm32_mavlink_msgs/srv/detail/dds_fastrtps/get_robomaster_motor_config__type_support.cpp.o[0m
[10.394s] [ 46%] [32mBuilding CXX object CMakeFiles/stm32_mavlink_msgs__rosidl_typesupport_introspection_cpp.dir/rosidl_typesupport_introspection_cpp/stm32_mavlink_msgs/srv/detail/set_dc_motor_config__type_support.cpp.o[0m
[10.399s] [ 46%] [32mBuilding CXX object CMakeFiles/stm32_mavlink_msgs__rosidl_typesupport_fastrtps_c.dir/rosidl_typesupport_fastrtps_c/stm32_mavlink_msgs/msg/detail/robomaster_motor_state__type_support_c.cpp.o[0m
[10.485s] [ 46%] [32mBuilding C object CMakeFiles/stm32_mavlink_msgs__rosidl_typesupport_introspection_c.dir/rosidl_typesupport_introspection_c/stm32_mavlink_msgs/msg/detail/encoder_config__type_support.c.o[0m
[10.519s] [ 46%] [32mBuilding CXX object CMakeFiles/stm32_mavlink_msgs__rosidl_typesupport_fastrtps_c.dir/rosidl_typesupport_fastrtps_c/stm32_mavlink_msgs/msg/detail/robomaster_motor_config__type_support_c.cpp.o[0m
[10.615s] [ 46%] [32mBuilding CXX object CMakeFiles/stm32_mavlink_msgs__rosidl_typesupport_c.dir/rosidl_typesupport_c/stm32_mavlink_msgs/msg/robomaster_motor_command__type_support.cpp.o[0m
[10.650s] [ 47%] [32mBuilding CXX object CMakeFiles/stm32_mavlink_msgs__rosidl_typesupport_fastrtps_cpp.dir/rosidl_typesupport_fastrtps_cpp/stm32_mavlink_msgs/srv/detail/dds_fastrtps/set_dc_motor_config__type_support.cpp.o[0m
[10.706s] [ 48%] [32mBuilding CXX object CMakeFiles/stm32_mavlink_msgs__rosidl_typesupport_c.dir/rosidl_typesupport_c/stm32_mavlink_msgs/msg/robomaster_motor_state__type_support.cpp.o[0m
[10.799s] [ 48%] [32mBuilding CXX object CMakeFiles/stm32_mavlink_msgs__rosidl_typesupport_introspection_cpp.dir/rosidl_typesupport_introspection_cpp/stm32_mavlink_msgs/srv/detail/get_dc_motor_config__type_support.cpp.o[0m
[10.846s] [ 48%] [32mBuilding CXX object CMakeFiles/stm32_mavlink_msgs__rosidl_typesupport_c.dir/rosidl_typesupport_c/stm32_mavlink_msgs/msg/robomaster_motor_config__type_support.cpp.o[0m
[10.865s] [ 49%] [32mBuilding C object CMakeFiles/stm32_mavlink_msgs__rosidl_typesupport_introspection_c.dir/rosidl_typesupport_introspection_c/stm32_mavlink_msgs/msg/detail/robomaster_motor_command__type_support.c.o[0m
[10.942s] [ 49%] [32mBuilding C object CMakeFiles/stm32_mavlink_msgs__rosidl_typesupport_introspection_c.dir/rosidl_typesupport_introspection_c/stm32_mavlink_msgs/msg/detail/robomaster_motor_state__type_support.c.o[0m
[10.981s] [ 49%] [32mBuilding CXX object CMakeFiles/stm32_mavlink_msgs__rosidl_typesupport_introspection_cpp.dir/rosidl_typesupport_introspection_cpp/stm32_mavlink_msgs/srv/detail/read_rs485_param__type_support.cpp.o[0m
[11.057s] [ 49%] [32mBuilding C object CMakeFiles/stm32_mavlink_msgs__rosidl_typesupport_introspection_c.dir/rosidl_typesupport_introspection_c/stm32_mavlink_msgs/msg/detail/robomaster_motor_config__type_support.c.o[0m
[11.064s] [ 50%] [32mBuilding CXX object CMakeFiles/stm32_mavlink_msgs__rosidl_typesupport_introspection_cpp.dir/rosidl_typesupport_introspection_cpp/stm32_mavlink_msgs/srv/detail/write_rs485_param__type_support.cpp.o[0m
[11.096s] [ 51%] [32mBuilding CXX object CMakeFiles/stm32_mavlink_msgs__rosidl_typesupport_c.dir/rosidl_typesupport_c/stm32_mavlink_msgs/msg/dc_motor_command__type_support.cpp.o[0m
[11.198s] [ 51%] [32mBuilding CXX object CMakeFiles/stm32_mavlink_msgs__rosidl_typesupport_fastrtps_cpp.dir/rosidl_typesupport_fastrtps_cpp/stm32_mavlink_msgs/srv/detail/dds_fastrtps/get_dc_motor_config__type_support.cpp.o[0m
[11.225s] [ 51%] [32mBuilding CXX object CMakeFiles/stm32_mavlink_msgs__rosidl_typesupport_introspection_cpp.dir/rosidl_typesupport_introspection_cpp/stm32_mavlink_msgs/srv/detail/flash_save_rs485__type_support.cpp.o[0m
[11.303s] [ 52%] [32mBuilding CXX object CMakeFiles/stm32_mavlink_msgs__rosidl_typesupport_fastrtps_c.dir/rosidl_typesupport_fastrtps_c/stm32_mavlink_msgs/msg/detail/dc_motor_command__type_support_c.cpp.o[0m
[11.303s] [ 52%] [32mBuilding CXX object CMakeFiles/stm32_mavlink_msgs__rosidl_typesupport_c.dir/rosidl_typesupport_c/stm32_mavlink_msgs/msg/dc_motor_state__type_support.cpp.o[0m
[11.361s] [ 52%] [32m[1mLinking CXX shared library libstm32_mavlink_msgs__rosidl_typesupport_cpp.so[0m
[11.518s] [ 52%] [32mBuilding CXX object CMakeFiles/stm32_mavlink_msgs__rosidl_typesupport_c.dir/rosidl_typesupport_c/stm32_mavlink_msgs/msg/dc_motor_config__type_support.cpp.o[0m
[11.519s] [ 53%] [32mBuilding C object CMakeFiles/stm32_mavlink_msgs__rosidl_typesupport_introspection_c.dir/rosidl_typesupport_introspection_c/stm32_mavlink_msgs/msg/detail/dc_motor_command__type_support.c.o[0m
[11.526s] [ 53%] [32mBuilding CXX object CMakeFiles/stm32_mavlink_msgs__rosidl_typesupport_fastrtps_c.dir/rosidl_typesupport_fastrtps_c/stm32_mavlink_msgs/msg/detail/dc_motor_state__type_support_c.cpp.o[0m
[11.688s] [ 53%] [32mBuilding CXX object CMakeFiles/stm32_mavlink_msgs__rosidl_typesupport_fastrtps_cpp.dir/rosidl_typesupport_fastrtps_cpp/stm32_mavlink_msgs/srv/detail/dds_fastrtps/read_rs485_param__type_support.cpp.o[0m
[11.739s] [ 54%] [32mBuilding CXX object CMakeFiles/stm32_mavlink_msgs__rosidl_typesupport_c.dir/rosidl_typesupport_c/stm32_mavlink_msgs/msg/rs485_motor_command__type_support.cpp.o[0m
[11.776s] [ 54%] [32mBuilding CXX object CMakeFiles/stm32_mavlink_msgs__rosidl_typesupport_c.dir/rosidl_typesupport_c/stm32_mavlink_msgs/msg/rs485_motor_state__type_support.cpp.o[0m
[11.835s] [ 55%] [32mBuilding C object CMakeFiles/stm32_mavlink_msgs__rosidl_typesupport_introspection_c.dir/rosidl_typesupport_introspection_c/stm32_mavlink_msgs/msg/detail/dc_motor_state__type_support.c.o[0m
[11.836s] [ 55%] Built target stm32_mavlink_msgs__rosidl_typesupport_cpp
[11.860s] [ 56%] [32mBuilding CXX object CMakeFiles/stm32_mavlink_msgs__rosidl_typesupport_fastrtps_cpp.dir/rosidl_typesupport_fastrtps_cpp/stm32_mavlink_msgs/srv/detail/dds_fastrtps/write_rs485_param__type_support.cpp.o[0m
[11.931s] [ 56%] [32mBuilding CXX object CMakeFiles/stm32_mavlink_msgs__rosidl_typesupport_c.dir/rosidl_typesupport_c/stm32_mavlink_msgs/msg/rs485_motor_config__type_support.cpp.o[0m
[11.947s] [ 56%] [32mBuilding CXX object CMakeFiles/stm32_mavlink_msgs__rosidl_typesupport_fastrtps_cpp.dir/rosidl_typesupport_fastrtps_cpp/stm32_mavlink_msgs/srv/detail/dds_fastrtps/flash_save_rs485__type_support.cpp.o[0m
[12.080s] [ 56%] [32mBuilding C object CMakeFiles/stm32_mavlink_msgs__rosidl_typesupport_introspection_c.dir/rosidl_typesupport_introspection_c/stm32_mavlink_msgs/msg/detail/dc_motor_config__type_support.c.o[0m
[12.125s] [ 56%] [32mBuilding CXX object CMakeFiles/stm32_mavlink_msgs__rosidl_typesupport_fastrtps_c.dir/rosidl_typesupport_fastrtps_c/stm32_mavlink_msgs/msg/detail/dc_motor_config__type_support_c.cpp.o[0m
[12.136s] [ 57%] [32mBuilding CXX object CMakeFiles/stm32_mavlink_msgs__rosidl_typesupport_fastrtps_c.dir/rosidl_typesupport_fastrtps_c/stm32_mavlink_msgs/msg/detail/rs485_motor_command__type_support_c.cpp.o[0m
[12.221s] [ 58%] [32mBuilding CXX object CMakeFiles/stm32_mavlink_msgs__rosidl_typesupport_c.dir/rosidl_typesupport_c/stm32_mavlink_msgs/msg/rs485_read_request__type_support.cpp.o[0m
[12.374s] [ 59%] [32mBuilding C object CMakeFiles/stm32_mavlink_msgs__rosidl_typesupport_introspection_c.dir/rosidl_typesupport_introspection_c/stm32_mavlink_msgs/msg/detail/rs485_motor_command__type_support.c.o[0m
[12.429s] [ 59%] [32mBuilding C object CMakeFiles/stm32_mavlink_msgs__rosidl_typesupport_introspection_c.dir/rosidl_typesupport_introspection_c/stm32_mavlink_msgs/msg/detail/rs485_motor_state__type_support.c.o[0m
[12.479s] [ 60%] [32mBuilding C object CMakeFiles/stm32_mavlink_msgs__rosidl_typesupport_introspection_c.dir/rosidl_typesupport_introspection_c/stm32_mavlink_msgs/msg/detail/rs485_motor_config__type_support.c.o[0m
[12.557s] [ 60%] [32mBuilding C object CMakeFiles/stm32_mavlink_msgs__rosidl_typesupport_introspection_c.dir/rosidl_typesupport_introspection_c/stm32_mavlink_msgs/msg/detail/rs485_read_request__type_support.c.o[0m
[12.674s] [ 60%] [32mBuilding CXX object CMakeFiles/stm32_mavlink_msgs__rosidl_typesupport_c.dir/rosidl_typesupport_c/stm32_mavlink_msgs/msg/rs485_read_response__type_support.cpp.o[0m
[12.693s] [ 61%] [32mBuilding CXX object CMakeFiles/stm32_mavlink_msgs__rosidl_typesupport_fastrtps_c.dir/rosidl_typesupport_fastrtps_c/stm32_mavlink_msgs/msg/detail/rs485_read_request__type_support_c.cpp.o[0m
[12.698s] [ 61%] [32mBuilding CXX object CMakeFiles/stm32_mavlink_msgs__rosidl_typesupport_fastrtps_c.dir/rosidl_typesupport_fastrtps_c/stm32_mavlink_msgs/msg/detail/rs485_motor_config__type_support_c.cpp.o[0m
[12.706s] [ 61%] [32mBuilding CXX object CMakeFiles/stm32_mavlink_msgs__rosidl_typesupport_fastrtps_c.dir/rosidl_typesupport_fastrtps_c/stm32_mavlink_msgs/msg/detail/rs485_motor_state__type_support_c.cpp.o[0m
[12.971s] [ 61%] [32mBuilding CXX object CMakeFiles/stm32_mavlink_msgs__rosidl_typesupport_c.dir/rosidl_typesupport_c/stm32_mavlink_msgs/msg/rs485_write_request__type_support.cpp.o[0m
[13.008s] [ 61%] [32mBuilding CXX object CMakeFiles/stm32_mavlink_msgs__rosidl_typesupport_fastrtps_c.dir/rosidl_typesupport_fastrtps_c/stm32_mavlink_msgs/msg/detail/rs485_read_response__type_support_c.cpp.o[0m
[13.016s] [ 62%] [32mBuilding CXX object CMakeFiles/stm32_mavlink_msgs__rosidl_typesupport_c.dir/rosidl_typesupport_c/stm32_mavlink_msgs/msg/rs485_write_response__type_support.cpp.o[0m
[13.020s] [ 63%] [32mBuilding C object CMakeFiles/stm32_mavlink_msgs__rosidl_typesupport_introspection_c.dir/rosidl_typesupport_introspection_c/stm32_mavlink_msgs/msg/detail/rs485_write_request__type_support.c.o[0m
[13.036s] [ 63%] [32mBuilding C object CMakeFiles/stm32_mavlink_msgs__rosidl_typesupport_introspection_c.dir/rosidl_typesupport_introspection_c/stm32_mavlink_msgs/msg/detail/rs485_read_response__type_support.c.o[0m
[13.234s] [ 63%] [32mBuilding CXX object CMakeFiles/stm32_mavlink_msgs__rosidl_typesupport_c.dir/rosidl_typesupport_c/stm32_mavlink_msgs/msg/rs485_flash_save_request__type_support.cpp.o[0m
[13.255s] [ 64%] [32mBuilding CXX object CMakeFiles/stm32_mavlink_msgs__rosidl_typesupport_fastrtps_c.dir/rosidl_typesupport_fastrtps_c/stm32_mavlink_msgs/msg/detail/rs485_write_request__type_support_c.cpp.o[0m
[13.338s] [ 65%] [32mBuilding CXX object CMakeFiles/stm32_mavlink_msgs__rosidl_typesupport_c.dir/rosidl_typesupport_c/stm32_mavlink_msgs/msg/limit_switch_status__type_support.cpp.o[0m
[13.375s] [ 65%] [32mBuilding C object CMakeFiles/stm32_mavlink_msgs__rosidl_typesupport_introspection_c.dir/rosidl_typesupport_introspection_c/stm32_mavlink_msgs/msg/detail/rs485_write_response__type_support.c.o[0m
[13.376s] [ 65%] [32mBuilding CXX object CMakeFiles/stm32_mavlink_msgs__rosidl_typesupport_fastrtps_c.dir/rosidl_typesupport_fastrtps_c/stm32_mavlink_msgs/msg/detail/rs485_write_response__type_support_c.cpp.o[0m
[13.394s] [ 65%] [32mBuilding CXX object CMakeFiles/stm32_mavlink_msgs__rosidl_typesupport_fastrtps_c.dir/rosidl_typesupport_fastrtps_c/stm32_mavlink_msgs/msg/detail/rs485_flash_save_request__type_support_c.cpp.o[0m
[13.401s] [ 65%] [32mBuilding CXX object CMakeFiles/stm32_mavlink_msgs__rosidl_typesupport_c.dir/rosidl_typesupport_c/stm32_mavlink_msgs/msg/wtt12_l_status__type_support.cpp.o[0m
[13.440s] [ 65%] [32mBuilding CXX object CMakeFiles/stm32_mavlink_msgs__rosidl_typesupport_c.dir/rosidl_typesupport_c/stm32_mavlink_msgs/msg/solenoid_command__type_support.cpp.o[0m
[13.604s] [ 66%] [32mBuilding CXX object CMakeFiles/stm32_mavlink_msgs__rosidl_typesupport_c.dir/rosidl_typesupport_c/stm32_mavlink_msgs/msg/solenoid_status__type_support.cpp.o[0m
[13.633s] [ 66%] [32mBuilding C object CMakeFiles/stm32_mavlink_msgs__rosidl_typesupport_introspection_c.dir/rosidl_typesupport_introspection_c/stm32_mavlink_msgs/msg/detail/rs485_flash_save_request__type_support.c.o[0m
[13.658s] [ 67%] [32mBuilding CXX object CMakeFiles/stm32_mavlink_msgs__rosidl_typesupport_fastrtps_c.dir/rosidl_typesupport_fastrtps_c/stm32_mavlink_msgs/msg/detail/limit_switch_status__type_support_c.cpp.o[0m
[13.675s] [ 67%] [32mBuilding CXX object CMakeFiles/stm32_mavlink_msgs__rosidl_typesupport_c.dir/rosidl_typesupport_c/stm32_mavlink_msgs/srv/set_servo_config__type_support.cpp.o[0m
[13.679s] [ 68%] [32mBuilding C object CMakeFiles/stm32_mavlink_msgs__rosidl_typesupport_introspection_c.dir/rosidl_typesupport_introspection_c/stm32_mavlink_msgs/msg/detail/limit_switch_status__type_support.c.o[0m
[13.699s] [ 68%] [32mBuilding CXX object CMakeFiles/stm32_mavlink_msgs__rosidl_typesupport_c.dir/rosidl_typesupport_c/stm32_mavlink_msgs/srv/set_encoder_config__type_support.cpp.o[0m
[13.721s] [ 68%] [32mBuilding CXX object CMakeFiles/stm32_mavlink_msgs__rosidl_typesupport_fastrtps_c.dir/rosidl_typesupport_fastrtps_c/stm32_mavlink_msgs/msg/detail/wtt12_l_status__type_support_c.cpp.o[0m
[13.853s] [ 68%] [32mBuilding CXX object CMakeFiles/stm32_mavlink_msgs__rosidl_typesupport_fastrtps_c.dir/rosidl_typesupport_fastrtps_c/stm32_mavlink_msgs/msg/detail/solenoid_command__type_support_c.cpp.o[0m
[13.871s] [ 68%] [32mBuilding C object CMakeFiles/stm32_mavlink_msgs__rosidl_typesupport_introspection_c.dir/rosidl_typesupport_introspection_c/stm32_mavlink_msgs/msg/detail/wtt12_l_status__type_support.c.o[0m
[13.932s] [ 69%] [32mBuilding CXX object CMakeFiles/stm32_mavlink_msgs__rosidl_typesupport_c.dir/rosidl_typesupport_c/stm32_mavlink_msgs/srv/set_robomaster_motor_config__type_support.cpp.o[0m
[13.991s] [ 70%] [32mBuilding CXX object CMakeFiles/stm32_mavlink_msgs__rosidl_typesupport_fastrtps_c.dir/rosidl_typesupport_fastrtps_c/stm32_mavlink_msgs/msg/detail/solenoid_status__type_support_c.cpp.o[0m
[14.028s] [ 71%] [32mBuilding CXX object CMakeFiles/stm32_mavlink_msgs__rosidl_typesupport_fastrtps_c.dir/rosidl_typesupport_fastrtps_c/stm32_mavlink_msgs/srv/detail/set_encoder_config__type_support_c.cpp.o[0m
[14.058s] [ 72%] [32mBuilding C object CMakeFiles/stm32_mavlink_msgs__rosidl_typesupport_introspection_c.dir/rosidl_typesupport_introspection_c/stm32_mavlink_msgs/msg/detail/solenoid_command__type_support.c.o[0m
[14.065s] [ 72%] [32mBuilding CXX object CMakeFiles/stm32_mavlink_msgs__rosidl_typesupport_fastrtps_c.dir/rosidl_typesupport_fastrtps_c/stm32_mavlink_msgs/srv/detail/set_servo_config__type_support_c.cpp.o[0m
[14.196s] [ 72%] [32mBuilding CXX object CMakeFiles/stm32_mavlink_msgs__rosidl_typesupport_c.dir/rosidl_typesupport_c/stm32_mavlink_msgs/srv/get_robomaster_motor_config__type_support.cpp.o[0m
[14.287s] [ 72%] [32mBuilding C object CMakeFiles/stm32_mavlink_msgs__rosidl_typesupport_introspection_c.dir/rosidl_typesupport_introspection_c/stm32_mavlink_msgs/msg/detail/solenoid_status__type_support.c.o[0m
[14.377s] [ 73%] [32mBuilding CXX object CMakeFiles/stm32_mavlink_msgs__rosidl_typesupport_c.dir/rosidl_typesupport_c/stm32_mavlink_msgs/srv/set_dc_motor_config__type_support.cpp.o[0m
[14.404s] [ 73%] [32mBuilding CXX object CMakeFiles/stm32_mavlink_msgs__rosidl_typesupport_fastrtps_c.dir/rosidl_typesupport_fastrtps_c/stm32_mavlink_msgs/srv/detail/set_robomaster_motor_config__type_support_c.cpp.o[0m
[14.421s] [ 74%] [32m[1mLinking CXX shared library libstm32_mavlink_msgs__rosidl_typesupport_introspection_cpp.so[0m
[14.453s] [ 74%] [32mBuilding CXX object CMakeFiles/stm32_mavlink_msgs__rosidl_typesupport_c.dir/rosidl_typesupport_c/stm32_mavlink_msgs/srv/get_dc_motor_config__type_support.cpp.o[0m
[14.539s] [ 74%] [32mBuilding C object CMakeFiles/stm32_mavlink_msgs__rosidl_typesupport_introspection_c.dir/rosidl_typesupport_introspection_c/stm32_mavlink_msgs/srv/detail/set_servo_config__type_support.c.o[0m
[14.560s] [ 74%] [32mBuilding CXX object CMakeFiles/stm32_mavlink_msgs__rosidl_typesupport_c.dir/rosidl_typesupport_c/stm32_mavlink_msgs/srv/read_rs485_param__type_support.cpp.o[0m
[14.653s] [ 75%] [32mBuilding C object CMakeFiles/stm32_mavlink_msgs__rosidl_typesupport_introspection_c.dir/rosidl_typesupport_introspection_c/stm32_mavlink_msgs/srv/detail/set_encoder_config__type_support.c.o[0m
[14.669s] [ 75%] [32mBuilding CXX object CMakeFiles/stm32_mavlink_msgs__rosidl_typesupport_fastrtps_c.dir/rosidl_typesupport_fastrtps_c/stm32_mavlink_msgs/srv/detail/get_robomaster_motor_config__type_support_c.cpp.o[0m
[14.686s] [ 75%] [32mBuilding C object CMakeFiles/stm32_mavlink_msgs__rosidl_typesupport_introspection_c.dir/rosidl_typesupport_introspection_c/stm32_mavlink_msgs/srv/detail/set_robomaster_motor_config__type_support.c.o[0m
[14.724s] [ 76%] [32mBuilding CXX object CMakeFiles/stm32_mavlink_msgs__rosidl_typesupport_c.dir/rosidl_typesupport_c/stm32_mavlink_msgs/srv/write_rs485_param__type_support.cpp.o[0m
[14.831s] [ 77%] [32mBuilding CXX object CMakeFiles/stm32_mavlink_msgs__rosidl_typesupport_fastrtps_c.dir/rosidl_typesupport_fastrtps_c/stm32_mavlink_msgs/srv/detail/set_dc_motor_config__type_support_c.cpp.o[0m
[14.921s] [ 77%] [32mBuilding CXX object CMakeFiles/stm32_mavlink_msgs__rosidl_typesupport_fastrtps_c.dir/rosidl_typesupport_fastrtps_c/stm32_mavlink_msgs/srv/detail/get_dc_motor_config__type_support_c.cpp.o[0m
[14.959s] [ 77%] [32mBuilding CXX object CMakeFiles/stm32_mavlink_msgs__rosidl_typesupport_c.dir/rosidl_typesupport_c/stm32_mavlink_msgs/srv/flash_save_rs485__type_support.cpp.o[0m
[14.969s] [ 77%] [32mBuilding CXX object CMakeFiles/stm32_mavlink_msgs__rosidl_typesupport_fastrtps_c.dir/rosidl_typesupport_fastrtps_c/stm32_mavlink_msgs/srv/detail/read_rs485_param__type_support_c.cpp.o[0m
[15.052s] [ 77%] [32mBuilding C object CMakeFiles/stm32_mavlink_msgs__rosidl_typesupport_introspection_c.dir/rosidl_typesupport_introspection_c/stm32_mavlink_msgs/srv/detail/get_robomaster_motor_config__type_support.c.o[0m
[15.086s] [ 78%] Built target stm32_mavlink_msgs__rosidl_typesupport_introspection_cpp
[15.101s] [ 79%] [32mBuilding C object CMakeFiles/stm32_mavlink_msgs__rosidl_typesupport_introspection_c.dir/rosidl_typesupport_introspection_c/stm32_mavlink_msgs/srv/detail/set_dc_motor_config__type_support.c.o[0m
[15.145s] [ 80%] [32mBuilding CXX object CMakeFiles/stm32_mavlink_msgs__rosidl_typesupport_fastrtps_c.dir/rosidl_typesupport_fastrtps_c/stm32_mavlink_msgs/srv/detail/write_rs485_param__type_support_c.cpp.o[0m
[15.174s] [ 80%] [32mBuilding CXX object CMakeFiles/stm32_mavlink_msgs__rosidl_typesupport_fastrtps_c.dir/rosidl_typesupport_fastrtps_c/stm32_mavlink_msgs/srv/detail/flash_save_rs485__type_support_c.cpp.o[0m
[15.198s] [ 80%] [32m[1mLinking CXX shared library libstm32_mavlink_msgs__rosidl_typesupport_c.so[0m
[15.244s] [ 80%] [32m[1mLinking CXX shared library libstm32_mavlink_msgs__rosidl_typesupport_fastrtps_cpp.so[0m
[15.263s] [ 80%] [32mBuilding C object CMakeFiles/stm32_mavlink_msgs__rosidl_typesupport_introspection_c.dir/rosidl_typesupport_introspection_c/stm32_mavlink_msgs/srv/detail/get_dc_motor_config__type_support.c.o[0m
[15.508s] [ 80%] [32mBuilding C object CMakeFiles/stm32_mavlink_msgs__rosidl_typesupport_introspection_c.dir/rosidl_typesupport_introspection_c/stm32_mavlink_msgs/srv/detail/read_rs485_param__type_support.c.o[0m
[15.548s] [ 81%] Built target stm32_mavlink_msgs__rosidl_typesupport_c
[15.597s] [ 81%] [32mBuilding C object CMakeFiles/stm32_mavlink_msgs__rosidl_typesupport_introspection_c.dir/rosidl_typesupport_introspection_c/stm32_mavlink_msgs/srv/detail/flash_save_rs485__type_support.c.o[0m
[15.614s] [ 82%] [32mBuilding C object CMakeFiles/stm32_mavlink_msgs__rosidl_typesupport_introspection_c.dir/rosidl_typesupport_introspection_c/stm32_mavlink_msgs/srv/detail/write_rs485_param__type_support.c.o[0m
[16.026s] [ 83%] [32m[1mLinking C shared library libstm32_mavlink_msgs__rosidl_typesupport_introspection_c.so[0m
[16.053s] [ 84%] Built target stm32_mavlink_msgs__rosidl_typesupport_fastrtps_cpp
[16.213s] [ 85%] Built target stm32_mavlink_msgs__rosidl_typesupport_introspection_c
[17.030s] [ 85%] [32m[1mLinking CXX shared library libstm32_mavlink_msgs__rosidl_typesupport_fastrtps_c.so[0m
[17.229s] [ 86%] Built target stm32_mavlink_msgs__rosidl_typesupport_fastrtps_c
[17.294s] [ 86%] Built target stm32_mavlink_msgs
[17.387s] [ 86%] Built target stm32_mavlink_msgs__py
[17.441s] [35m[1mConsolidate compiler generated dependencies of target stm32_mavlink_msgs__rosidl_generator_py[0m
[17.537s] [ 87%] [32mBuilding C object CMakeFiles/stm32_mavlink_msgs__rosidl_generator_py.dir/rosidl_generator_py/stm32_mavlink_msgs/msg/_servo_command_s.c.o[0m
[17.538s] [ 89%] [32mBuilding C object CMakeFiles/stm32_mavlink_msgs__rosidl_generator_py.dir/rosidl_generator_py/stm32_mavlink_msgs/msg/_encoder_state_s.c.o[0m
[17.539s] [ 89%] [32mBuilding C object CMakeFiles/stm32_mavlink_msgs__rosidl_generator_py.dir/rosidl_generator_py/stm32_mavlink_msgs/msg/_robomaster_motor_config_s.c.o[0m
[17.539s] [ 87%] [32mBuilding C object CMakeFiles/stm32_mavlink_msgs__rosidl_generator_py.dir/rosidl_generator_py/stm32_mavlink_msgs/msg/_servo_state_s.c.o[0m
[17.539s] [ 89%] [32mBuilding C object CMakeFiles/stm32_mavlink_msgs__rosidl_generator_py.dir/rosidl_generator_py/stm32_mavlink_msgs/msg/_robomaster_motor_state_s.c.o[0m
[17.540s] [ 89%] [32mBuilding C object CMakeFiles/stm32_mavlink_msgs__rosidl_generator_py.dir/rosidl_generator_py/stm32_mavlink_msgs/msg/_encoder_config_s.c.o[0m
[17.540s] [ 89%] [32mBuilding C object CMakeFiles/stm32_mavlink_msgs__rosidl_generator_py.dir/rosidl_generator_py/stm32_mavlink_msgs/msg/_dc_motor_command_s.c.o[0m
[17.540s] [ 89%] [32mBuilding C object CMakeFiles/stm32_mavlink_msgs__rosidl_generator_py.dir/rosidl_generator_py/stm32_mavlink_msgs/msg/_rs485_motor_command_s.c.o[0m
[17.540s] [ 89%] [32mBuilding C object CMakeFiles/stm32_mavlink_msgs__rosidl_generator_py.dir/rosidl_generator_py/stm32_mavlink_msgs/msg/_robomaster_motor_command_s.c.o[0m
[17.541s] [ 89%] [32mBuilding C object CMakeFiles/stm32_mavlink_msgs__rosidl_generator_py.dir/rosidl_generator_py/stm32_mavlink_msgs/msg/_dc_motor_config_s.c.o[0m
[17.541s] [ 90%] [32mBuilding C object CMakeFiles/stm32_mavlink_msgs__rosidl_generator_py.dir/rosidl_generator_py/stm32_mavlink_msgs/msg/_dc_motor_state_s.c.o[0m
[17.544s] [ 91%] [32mBuilding C object CMakeFiles/stm32_mavlink_msgs__rosidl_generator_py.dir/rosidl_generator_py/stm32_mavlink_msgs/msg/_rs485_read_request_s.c.o[0m
[17.544s] [ 91%] [32mBuilding C object CMakeFiles/stm32_mavlink_msgs__rosidl_generator_py.dir/rosidl_generator_py/stm32_mavlink_msgs/msg/_rs485_motor_config_s.c.o[0m
[17.544s] [ 91%] [32mBuilding C object CMakeFiles/stm32_mavlink_msgs__rosidl_generator_py.dir/rosidl_generator_py/stm32_mavlink_msgs/msg/_rs485_write_request_s.c.o[0m
[17.545s] [ 91%] [32mBuilding C object CMakeFiles/stm32_mavlink_msgs__rosidl_generator_py.dir/rosidl_generator_py/stm32_mavlink_msgs/msg/_limit_switch_status_s.c.o[0m
[17.548s] [ 92%] [32mBuilding C object CMakeFiles/stm32_mavlink_msgs__rosidl_generator_py.dir/rosidl_generator_py/stm32_mavlink_msgs/msg/_rs485_write_response_s.c.o[0m
[17.548s] [ 92%] [32mBuilding C object CMakeFiles/stm32_mavlink_msgs__rosidl_generator_py.dir/rosidl_generator_py/stm32_mavlink_msgs/msg/_rs485_flash_save_request_s.c.o[0m
[17.550s] [ 93%] [32mBuilding C object CMakeFiles/stm32_mavlink_msgs__rosidl_generator_py.dir/rosidl_generator_py/stm32_mavlink_msgs/msg/_wtt12_l_status_s.c.o[0m
[17.553s] [ 93%] [32mBuilding C object CMakeFiles/stm32_mavlink_msgs__rosidl_generator_py.dir/rosidl_generator_py/stm32_mavlink_msgs/msg/_solenoid_command_s.c.o[0m
[17.555s] [ 94%] [32mBuilding C object CMakeFiles/stm32_mavlink_msgs__rosidl_generator_py.dir/rosidl_generator_py/stm32_mavlink_msgs/msg/_rs485_motor_state_s.c.o[0m
[17.559s] [ 95%] [32mBuilding C object CMakeFiles/stm32_mavlink_msgs__rosidl_generator_py.dir/rosidl_generator_py/stm32_mavlink_msgs/msg/_solenoid_status_s.c.o[0m
[17.563s] [ 95%] [32mBuilding C object CMakeFiles/stm32_mavlink_msgs__rosidl_generator_py.dir/rosidl_generator_py/stm32_mavlink_msgs/msg/_rs485_read_response_s.c.o[0m
[18.046s] [ 95%] [32mBuilding C object CMakeFiles/stm32_mavlink_msgs__rosidl_generator_py.dir/rosidl_generator_py/stm32_mavlink_msgs/srv/_set_servo_config_s.c.o[0m
[18.063s] [ 95%] [32mBuilding C object CMakeFiles/stm32_mavlink_msgs__rosidl_generator_py.dir/rosidl_generator_py/stm32_mavlink_msgs/srv/_set_encoder_config_s.c.o[0m
[18.071s] [ 95%] [32mBuilding C object CMakeFiles/stm32_mavlink_msgs__rosidl_generator_py.dir/rosidl_generator_py/stm32_mavlink_msgs/srv/_get_robomaster_motor_config_s.c.o[0m
[18.071s] [ 96%] [32mBuilding C object CMakeFiles/stm32_mavlink_msgs__rosidl_generator_py.dir/rosidl_generator_py/stm32_mavlink_msgs/srv/_get_dc_motor_config_s.c.o[0m
[18.074s] [ 97%] [32mBuilding C object CMakeFiles/stm32_mavlink_msgs__rosidl_generator_py.dir/rosidl_generator_py/stm32_mavlink_msgs/srv/_set_robomaster_motor_config_s.c.o[0m
[18.074s] [ 97%] [32mBuilding C object CMakeFiles/stm32_mavlink_msgs__rosidl_generator_py.dir/rosidl_generator_py/stm32_mavlink_msgs/srv/_set_dc_motor_config_s.c.o[0m
[18.077s] [ 98%] [32mBuilding C object CMakeFiles/stm32_mavlink_msgs__rosidl_generator_py.dir/rosidl_generator_py/stm32_mavlink_msgs/srv/_flash_save_rs485_s.c.o[0m
[18.080s] [ 98%] [32mBuilding C object CMakeFiles/stm32_mavlink_msgs__rosidl_generator_py.dir/rosidl_generator_py/stm32_mavlink_msgs/srv/_read_rs485_param_s.c.o[0m
[18.082s] [ 98%] [32mBuilding C object CMakeFiles/stm32_mavlink_msgs__rosidl_generator_py.dir/rosidl_generator_py/stm32_mavlink_msgs/srv/_write_rs485_param_s.c.o[0m
[18.636s] [ 98%] [32m[1mLinking C shared library rosidl_generator_py/stm32_mavlink_msgs/libstm32_mavlink_msgs__rosidl_generator_py.so[0m
[18.767s] [ 98%] Built target stm32_mavlink_msgs__rosidl_generator_py
[18.802s] [35m[1mConsolidate compiler generated dependencies of target stm32_mavlink_msgs__rosidl_typesupport_fastrtps_c__pyext[0m
[18.802s] [35m[1mConsolidate compiler generated dependencies of target stm32_mavlink_msgs__rosidl_typesupport_introspection_c__pyext[0m
[18.807s] [35m[1mConsolidate compiler generated dependencies of target stm32_mavlink_msgs__rosidl_typesupport_c__pyext[0m
[18.843s] [ 98%] [32mBuilding C object CMakeFiles/stm32_mavlink_msgs__rosidl_typesupport_introspection_c__pyext.dir/rosidl_generator_py/stm32_mavlink_msgs/_stm32_mavlink_msgs_s.ep.rosidl_typesupport_introspection_c.c.o[0m
[18.843s] [ 99%] [32mBuilding C object CMakeFiles/stm32_mavlink_msgs__rosidl_typesupport_fastrtps_c__pyext.dir/rosidl_generator_py/stm32_mavlink_msgs/_stm32_mavlink_msgs_s.ep.rosidl_typesupport_fastrtps_c.c.o[0m
[18.846s] [100%] [32mBuilding C object CMakeFiles/stm32_mavlink_msgs__rosidl_typesupport_c__pyext.dir/rosidl_generator_py/stm32_mavlink_msgs/_stm32_mavlink_msgs_s.ep.rosidl_typesupport_c.c.o[0m
[19.831s] [100%] [32m[1mLinking C shared library rosidl_generator_py/stm32_mavlink_msgs/stm32_mavlink_msgs_s__rosidl_typesupport_fastrtps_c.cpython-310-x86_64-linux-gnu.so[0m
[19.839s] [100%] [32m[1mLinking C shared library rosidl_generator_py/stm32_mavlink_msgs/stm32_mavlink_msgs_s__rosidl_typesupport_c.cpython-310-x86_64-linux-gnu.so[0m
[19.852s] [100%] [32m[1mLinking C shared library rosidl_generator_py/stm32_mavlink_msgs/stm32_mavlink_msgs_s__rosidl_typesupport_introspection_c.cpython-310-x86_64-linux-gnu.so[0m
[19.914s] [100%] Built target stm32_mavlink_msgs__rosidl_typesupport_fastrtps_c__pyext
[19.929s] [100%] Built target stm32_mavlink_msgs__rosidl_typesupport_c__pyext
[19.938s] [100%] Built target stm32_mavlink_msgs__rosidl_typesupport_introspection_c__pyext
[19.957s] Invoked command in '/home/a/ws_nhk/build/stm32_mavlink_msgs' returned '0': CMAKE_PREFIX_PATH=${CMAKE_PREFIX_PATH}:/home/a/ws_nhk/install/ikeyaMD_wizard:/home/a/ws_nhk/install/moveit_configs_utils:/home/a/ws_nhk/install/rogidrive:/home/a/ws_nhk/install/launch_param_builder:/home/a/ws_nhk/install/dynamixel_controller_gui:/home/a/ws_nhk/install/dynamixel_controller_client:/opt/ros/humble /usr/bin/cmake --build /home/a/ws_nhk/build/stm32_mavlink_msgs -- -j22 -l22
[19.960s] Invoking command in '/home/a/ws_nhk/build/stm32_mavlink_msgs': CMAKE_PREFIX_PATH=${CMAKE_PREFIX_PATH}:/home/a/ws_nhk/install/ikeyaMD_wizard:/home/a/ws_nhk/install/moveit_configs_utils:/home/a/ws_nhk/install/rogidrive:/home/a/ws_nhk/install/launch_param_builder:/home/a/ws_nhk/install/dynamixel_controller_gui:/home/a/ws_nhk/install/dynamixel_controller_client:/opt/ros/humble /usr/bin/cmake --install /home/a/ws_nhk/build/stm32_mavlink_msgs
[19.975s] -- Install configuration: "Release"
[19.976s] -- Up-to-date: /home/a/ws_nhk/install/stm32_mavlink_msgs/share/ament_index/resource_index/rosidl_interfaces/stm32_mavlink_msgs
[19.976s] -- Up-to-date: /home/a/ws_nhk/install/stm32_mavlink_msgs/include/stm32_mavlink_msgs/stm32_mavlink_msgs
[19.976s] -- Up-to-date: /home/a/ws_nhk/install/stm32_mavlink_msgs/include/stm32_mavlink_msgs/stm32_mavlink_msgs/msg
[19.976s] -- Up-to-date: /home/a/ws_nhk/install/stm32_mavlink_msgs/include/stm32_mavlink_msgs/stm32_mavlink_msgs/msg/robomaster_motor_command.h
[19.976s] -- Up-to-date: /home/a/ws_nhk/install/stm32_mavlink_msgs/include/stm32_mavlink_msgs/stm32_mavlink_msgs/msg/rs485_motor_command.h
[19.976s] -- Up-to-date: /home/a/ws_nhk/install/stm32_mavlink_msgs/include/stm32_mavlink_msgs/stm32_mavlink_msgs/msg/servo_command.h
[19.976s] -- Up-to-date: /home/a/ws_nhk/install/stm32_mavlink_msgs/include/stm32_mavlink_msgs/stm32_mavlink_msgs/msg/rs485_write_request.h
[19.977s] -- Up-to-date: /home/a/ws_nhk/install/stm32_mavlink_msgs/include/stm32_mavlink_msgs/stm32_mavlink_msgs/msg/encoder_config.h
[19.977s] -- Up-to-date: /home/a/ws_nhk/install/stm32_mavlink_msgs/include/stm32_mavlink_msgs/stm32_mavlink_msgs/msg/rs485_flash_save_request.h
[19.977s] -- Up-to-date: /home/a/ws_nhk/install/stm32_mavlink_msgs/include/stm32_mavlink_msgs/stm32_mavlink_msgs/msg/dc_motor_command.h
[19.977s] -- Up-to-date: /home/a/ws_nhk/install/stm32_mavlink_msgs/include/stm32_mavlink_msgs/stm32_mavlink_msgs/msg/rs485_read_request.h
[19.977s] -- Up-to-date: /home/a/ws_nhk/install/stm32_mavlink_msgs/include/stm32_mavlink_msgs/stm32_mavlink_msgs/msg/solenoid_command.h
[19.977s] -- Up-to-date: /home/a/ws_nhk/install/stm32_mavlink_msgs/include/stm32_mavlink_msgs/stm32_mavlink_msgs/msg/dc_motor_config.h
[19.977s] -- Up-to-date: /home/a/ws_nhk/install/stm32_mavlink_msgs/include/stm32_mavlink_msgs/stm32_mavlink_msgs/msg/rs485_motor_state.h
[19.977s] -- Up-to-date: /home/a/ws_nhk/install/stm32_mavlink_msgs/include/stm32_mavlink_msgs/stm32_mavlink_msgs/msg/rosidl_generator_c__visibility_control.h
[19.977s] -- Up-to-date: /home/a/ws_nhk/install/stm32_mavlink_msgs/include/stm32_mavlink_msgs/stm32_mavlink_msgs/msg/wtt12_l_status.h
[19.977s] -- Up-to-date: /home/a/ws_nhk/install/stm32_mavlink_msgs/include/stm32_mavlink_msgs/stm32_mavlink_msgs/msg/rs485_motor_config.h
[19.977s] -- Up-to-date: /home/a/ws_nhk/install/stm32_mavlink_msgs/include/stm32_mavlink_msgs/stm32_mavlink_msgs/msg/dc_motor_state.h
[19.977s] -- Up-to-date: /home/a/ws_nhk/install/stm32_mavlink_msgs/include/stm32_mavlink_msgs/stm32_mavlink_msgs/msg/servo_state.h
[19.977s] -- Up-to-date: /home/a/ws_nhk/install/stm32_mavlink_msgs/include/stm32_mavlink_msgs/stm32_mavlink_msgs/msg/rs485_read_response.h
[19.977s] -- Up-to-date: /home/a/ws_nhk/install/stm32_mavlink_msgs/include/stm32_mavlink_msgs/stm32_mavlink_msgs/msg/robomaster_motor_config.h
[19.978s] -- Up-to-date: /home/a/ws_nhk/install/stm32_mavlink_msgs/include/stm32_mavlink_msgs/stm32_mavlink_msgs/msg/detail
[19.978s] -- Up-to-date: /home/a/ws_nhk/install/stm32_mavlink_msgs/include/stm32_mavlink_msgs/stm32_mavlink_msgs/msg/detail/rs485_write_request__type_support.h
[19.978s] -- Up-to-date: /home/a/ws_nhk/install/stm32_mavlink_msgs/include/stm32_mavlink_msgs/stm32_mavlink_msgs/msg/detail/dc_motor_state__functions.c
[19.978s] -- Up-to-date: /home/a/ws_nhk/install/stm32_mavlink_msgs/include/stm32_mavlink_msgs/stm32_mavlink_msgs/msg/detail/robomaster_motor_state__type_support.h
[19.978s] -- Up-to-date: /home/a/ws_nhk/install/stm32_mavlink_msgs/include/stm32_mavlink_msgs/stm32_mavlink_msgs/msg/detail/robomaster_motor_command__functions.c
[19.978s] -- Up-to-date: /home/a/ws_nhk/install/stm32_mavlink_msgs/include/stm32_mavlink_msgs/stm32_mavlink_msgs/msg/detail/encoder_config__functions.c
[19.978s] -- Up-to-date: /home/a/ws_nhk/install/stm32_mavlink_msgs/include/stm32_mavlink_msgs/stm32_mavlink_msgs/msg/detail/robomaster_motor_command__type_support.h
[19.978s] -- Up-to-date: /home/a/ws_nhk/install/stm32_mavlink_msgs/include/stm32_mavlink_msgs/stm32_mavlink_msgs/msg/detail/encoder_config__struct.h
[19.978s] -- Up-to-date: /home/a/ws_nhk/install/stm32_mavlink_msgs/include/stm32_mavlink_msgs/stm32_mavlink_msgs/msg/detail/solenoid_status__type_support.h
[19.978s] -- Up-to-date: /home/a/ws_nhk/install/stm32_mavlink_msgs/include/stm32_mavlink_msgs/stm32_mavlink_msgs/msg/detail/encoder_config__functions.h
[19.979s] -- Up-to-date: /home/a/ws_nhk/install/stm32_mavlink_msgs/include/stm32_mavlink_msgs/stm32_mavlink_msgs/msg/detail/dc_motor_command__type_support.h
[19.979s] -- Up-to-date: /home/a/ws_nhk/install/stm32_mavlink_msgs/include/stm32_mavlink_msgs/stm32_mavlink_msgs/msg/detail/dc_motor_command__struct.h
[19.979s] -- Up-to-date: /home/a/ws_nhk/install/stm32_mavlink_msgs/include/stm32_mavlink_msgs/stm32_mavlink_msgs/msg/detail/rs485_motor_state__functions.c
[19.979s] -- Up-to-date: /home/a/ws_nhk/install/stm32_mavlink_msgs/include/stm32_mavlink_msgs/stm32_mavlink_msgs/msg/detail/rs485_motor_config__functions.h
[19.979s] -- Up-to-date: /home/a/ws_nhk/install/stm32_mavlink_msgs/include/stm32_mavlink_msgs/stm32_mavlink_msgs/msg/detail/limit_switch_status__struct.h
[19.979s] -- Up-to-date: /home/a/ws_nhk/install/stm32_mavlink_msgs/include/stm32_mavlink_msgs/stm32_mavlink_msgs/msg/detail/robomaster_motor_state__struct.h
[19.979s] -- Up-to-date: /home/a/ws_nhk/install/stm32_mavlink_msgs/include/stm32_mavlink_msgs/stm32_mavlink_msgs/msg/detail/solenoid_command__functions.h
[19.979s] -- Up-to-date: /home/a/ws_nhk/install/stm32_mavlink_msgs/include/stm32_mavlink_msgs/stm32_mavlink_msgs/msg/detail/servo_command__functions.h
[19.980s] -- Up-to-date: /home/a/ws_nhk/install/stm32_mavlink_msgs/include/stm32_mavlink_msgs/stm32_mavlink_msgs/msg/detail/rs485_motor_state__type_support.h
[19.980s] -- Up-to-date: /home/a/ws_nhk/install/stm32_mavlink_msgs/include/stm32_mavlink_msgs/stm32_mavlink_msgs/msg/detail/dc_motor_command__functions.h
[19.980s] -- Up-to-date: /home/a/ws_nhk/install/stm32_mavlink_msgs/include/stm32_mavlink_msgs/stm32_mavlink_msgs/msg/detail/servo_state__type_support.h
[19.980s] -- Up-to-date: /home/a/ws_nhk/install/stm32_mavlink_msgs/include/stm32_mavlink_msgs/stm32_mavlink_msgs/msg/detail/rs485_motor_command__functions.h
[19.980s] -- Up-to-date: /home/a/ws_nhk/install/stm32_mavlink_msgs/include/stm32_mavlink_msgs/stm32_mavlink_msgs/msg/detail/rs485_read_request__type_support.h
[19.980s] -- Up-to-date: /home/a/ws_nhk/install/stm32_mavlink_msgs/include/stm32_mavlink_msgs/stm32_mavlink_msgs/msg/detail/rs485_write_request__struct.h
[19.980s] -- Up-to-date: /home/a/ws_nhk/install/stm32_mavlink_msgs/include/stm32_mavlink_msgs/stm32_mavlink_msgs/msg/detail/rs485_read_request__struct.h
[19.980s] -- Up-to-date: /home/a/ws_nhk/install/stm32_mavlink_msgs/include/stm32_mavlink_msgs/stm32_mavlink_msgs/msg/detail/rs485_write_response__type_support.h
[19.980s] -- Up-to-date: /home/a/ws_nhk/install/stm32_mavlink_msgs/include/stm32_mavlink_msgs/stm32_mavlink_msgs/msg/detail/rs485_write_request__functions.h
[19.981s] -- Up-to-date: /home/a/ws_nhk/install/stm32_mavlink_msgs/include/stm32_mavlink_msgs/stm32_mavlink_msgs/msg/detail/robomaster_motor_command__functions.h
[19.981s] -- Up-to-date: /home/a/ws_nhk/install/stm32_mavlink_msgs/include/stm32_mavlink_msgs/stm32_mavlink_msgs/msg/detail/wtt12_l_status__type_support.h
[19.981s] -- Up-to-date: /home/a/ws_nhk/install/stm32_mavlink_msgs/include/stm32_mavlink_msgs/stm32_mavlink_msgs/msg/detail/solenoid_command__functions.c
[19.981s] -- Up-to-date: /home/a/ws_nhk/install/stm32_mavlink_msgs/include/stm32_mavlink_msgs/stm32_mavlink_msgs/msg/detail/rs485_motor_config__functions.c
[19.981s] -- Up-to-date: /home/a/ws_nhk/install/stm32_mavlink_msgs/include/stm32_mavlink_msgs/stm32_mavlink_msgs/msg/detail/servo_command__type_support.h
[19.981s] -- Up-to-date: /home/a/ws_nhk/install/stm32_mavlink_msgs/include/stm32_mavlink_msgs/stm32_mavlink_msgs/msg/detail/encoder_config__type_support.h
[19.981s] -- Up-to-date: /home/a/ws_nhk/install/stm32_mavlink_msgs/include/stm32_mavlink_msgs/stm32_mavlink_msgs/msg/detail/solenoid_status__functions.h
[19.981s] -- Up-to-date: /home/a/ws_nhk/install/stm32_mavlink_msgs/include/stm32_mavlink_msgs/stm32_mavlink_msgs/msg/detail/servo_command__struct.h
[19.981s] -- Up-to-date: /home/a/ws_nhk/install/stm32_mavlink_msgs/include/stm32_mavlink_msgs/stm32_mavlink_msgs/msg/detail/solenoid_command__type_support.h
[19.981s] -- Up-to-date: /home/a/ws_nhk/install/stm32_mavlink_msgs/include/stm32_mavlink_msgs/stm32_mavlink_msgs/msg/detail/rs485_motor_config__struct.h
[19.981s] -- Up-to-date: /home/a/ws_nhk/install/stm32_mavlink_msgs/include/stm32_mavlink_msgs/stm32_mavlink_msgs/msg/detail/servo_state__functions.c
[19.981s] -- Up-to-date: /home/a/ws_nhk/install/stm32_mavlink_msgs/include/stm32_mavlink_msgs/stm32_mavlink_msgs/msg/detail/rs485_write_response__struct.h
[19.982s] -- Up-to-date: /home/a/ws_nhk/install/stm32_mavlink_msgs/include/stm32_mavlink_msgs/stm32_mavlink_msgs/msg/detail/rs485_read_response__type_support.h
[19.982s] -- Up-to-date: /home/a/ws_nhk/install/stm32_mavlink_msgs/include/stm32_mavlink_msgs/stm32_mavlink_msgs/msg/detail/servo_state__struct.h
[19.982s] -- Up-to-date: /home/a/ws_nhk/install/stm32_mavlink_msgs/include/stm32_mavlink_msgs/stm32_mavlink_msgs/msg/detail/dc_motor_config__functions.c
[19.982s] -- Up-to-date: /home/a/ws_nhk/install/stm32_mavlink_msgs/include/stm32_mavlink_msgs/stm32_mavlink_msgs/msg/detail/rs485_write_response__functions.c
[19.982s] -- Up-to-date: /home/a/ws_nhk/install/stm32_mavlink_msgs/include/stm32_mavlink_msgs/stm32_mavlink_msgs/msg/detail/rs485_read_request__functions.h
[19.982s] -- Up-to-date: /home/a/ws_nhk/install/stm32_mavlink_msgs/include/stm32_mavlink_msgs/stm32_mavlink_msgs/msg/detail/dc_motor_config__type_support.h
[19.982s] -- Up-to-date: /home/a/ws_nhk/install/stm32_mavlink_msgs/include/stm32_mavlink_msgs/stm32_mavlink_msgs/msg/detail/servo_command__functions.c
[19.982s] -- Up-to-date: /home/a/ws_nhk/install/stm32_mavlink_msgs/include/stm32_mavlink_msgs/stm32_mavlink_msgs/msg/detail/rs485_motor_command__type_support.h
[19.982s] -- Up-to-date: /home/a/ws_nhk/install/stm32_mavlink_msgs/include/stm32_mavlink_msgs/stm32_mavlink_msgs/msg/detail/dc_motor_state__functions.h
[19.982s] -- Up-to-date: /home/a/ws_nhk/install/stm32_mavlink_msgs/include/stm32_mavlink_msgs/stm32_mavlink_msgs/msg/detail/rs485_flash_save_request__type_support.h
[19.982s] -- Up-to-date: /home/a/ws_nhk/install/stm32_mavlink_msgs/include/stm32_mavlink_msgs/stm32_mavlink_msgs/msg/detail/encoder_state__struct.h
[19.983s] -- Up-to-date: /home/a/ws_nhk/install/stm32_mavlink_msgs/include/stm32_mavlink_msgs/stm32_mavlink_msgs/msg/detail/dc_motor_config__struct.h
[19.983s] -- Up-to-date: /home/a/ws_nhk/install/stm32_mavlink_msgs/include/stm32_mavlink_msgs/stm32_mavlink_msgs/msg/detail/rs485_motor_command__functions.c
[19.983s] -- Up-to-date: /home/a/ws_nhk/install/stm32_mavlink_msgs/include/stm32_mavlink_msgs/stm32_mavlink_msgs/msg/detail/rs485_motor_state__struct.h
[19.983s] -- Up-to-date: /home/a/ws_nhk/install/stm32_mavlink_msgs/include/stm32_mavlink_msgs/stm32_mavlink_msgs/msg/detail/limit_switch_status__functions.h
[19.983s] -- Up-to-date: /home/a/ws_nhk/install/stm32_mavlink_msgs/include/stm32_mavlink_msgs/stm32_mavlink_msgs/msg/detail/solenoid_status__functions.c
[19.983s] -- Up-to-date: /home/a/ws_nhk/install/stm32_mavlink_msgs/include/stm32_mavlink_msgs/stm32_mavlink_msgs/msg/detail/robomaster_motor_state__functions.c
[19.983s] -- Up-to-date: /home/a/ws_nhk/install/stm32_mavlink_msgs/include/stm32_mavlink_msgs/stm32_mavlink_msgs/msg/detail/wtt12_l_status__struct.h
[19.983s] -- Up-to-date: /home/a/ws_nhk/install/stm32_mavlink_msgs/include/stm32_mavlink_msgs/stm32_mavlink_msgs/msg/detail/dc_motor_command__functions.c
[19.983s] -- Up-to-date: /home/a/ws_nhk/install/stm32_mavlink_msgs/include/stm32_mavlink_msgs/stm32_mavlink_msgs/msg/detail/limit_switch_status__functions.c
[19.983s] -- Up-to-date: /home/a/ws_nhk/install/stm32_mavlink_msgs/include/stm32_mavlink_msgs/stm32_mavlink_msgs/msg/detail/robomaster_motor_config__functions.h
[19.983s] -- Up-to-date: /home/a/ws_nhk/install/stm32_mavlink_msgs/include/stm32_mavlink_msgs/stm32_mavlink_msgs/msg/detail/rs485_read_request__functions.c
[19.984s] -- Up-to-date: /home/a/ws_nhk/install/stm32_mavlink_msgs/include/stm32_mavlink_msgs/stm32_mavlink_msgs/msg/detail/limit_switch_status__type_support.h
[19.984s] -- Up-to-date: /home/a/ws_nhk/install/stm32_mavlink_msgs/include/stm32_mavlink_msgs/stm32_mavlink_msgs/msg/detail/solenoid_command__struct.h
[19.984s] -- Up-to-date: /home/a/ws_nhk/install/stm32_mavlink_msgs/include/stm32_mavlink_msgs/stm32_mavlink_msgs/msg/detail/robomaster_motor_config__functions.c
[19.984s] -- Up-to-date: /home/a/ws_nhk/install/stm32_mavlink_msgs/include/stm32_mavlink_msgs/stm32_mavlink_msgs/msg/detail/encoder_state__functions.c
[19.984s] -- Up-to-date: /home/a/ws_nhk/install/stm32_mavlink_msgs/include/stm32_mavlink_msgs/stm32_mavlink_msgs/msg/detail/robomaster_motor_config__struct.h
[19.984s] -- Up-to-date: /home/a/ws_nhk/install/stm32_mavlink_msgs/include/stm32_mavlink_msgs/stm32_mavlink_msgs/msg/detail/robomaster_motor_command__struct.h
[19.984s] -- Up-to-date: /home/a/ws_nhk/install/stm32_mavlink_msgs/include/stm32_mavlink_msgs/stm32_mavlink_msgs/msg/detail/rs485_motor_state__functions.h
[19.984s] -- Up-to-date: /home/a/ws_nhk/install/stm32_mavlink_msgs/include/stm32_mavlink_msgs/stm32_mavlink_msgs/msg/detail/rs485_flash_save_request__functions.c
[19.984s] -- Up-to-date: /home/a/ws_nhk/install/stm32_mavlink_msgs/include/stm32_mavlink_msgs/stm32_mavlink_msgs/msg/detail/solenoid_status__struct.h
[19.984s] -- Up-to-date: /home/a/ws_nhk/install/stm32_mavlink_msgs/include/stm32_mavlink_msgs/stm32_mavlink_msgs/msg/detail/dc_motor_config__functions.h
[19.985s] -- Up-to-date: /home/a/ws_nhk/install/stm32_mavlink_msgs/include/stm32_mavlink_msgs/stm32_mavlink_msgs/msg/detail/robomaster_motor_config__type_support.h
[19.985s] -- Up-to-date: /home/a/ws_nhk/install/stm32_mavlink_msgs/include/stm32_mavlink_msgs/stm32_mavlink_msgs/msg/detail/rs485_write_response__functions.h
[19.985s] -- Up-to-date: /home/a/ws_nhk/install/stm32_mavlink_msgs/include/stm32_mavlink_msgs/stm32_mavlink_msgs/msg/detail/encoder_state__functions.h
[19.985s] -- Up-to-date: /home/a/ws_nhk/install/stm32_mavlink_msgs/include/stm32_mavlink_msgs/stm32_mavlink_msgs/msg/detail/rs485_flash_save_request__functions.h
[19.985s] -- Up-to-date: /home/a/ws_nhk/install/stm32_mavlink_msgs/include/stm32_mavlink_msgs/stm32_mavlink_msgs/msg/detail/dc_motor_state__type_support.h
[19.985s] -- Up-to-date: /home/a/ws_nhk/install/stm32_mavlink_msgs/include/stm32_mavlink_msgs/stm32_mavlink_msgs/msg/detail/rs485_motor_config__type_support.h
[19.985s] -- Up-to-date: /home/a/ws_nhk/install/stm32_mavlink_msgs/include/stm32_mavlink_msgs/stm32_mavlink_msgs/msg/detail/rs485_flash_save_request__struct.h
[19.985s] -- Up-to-date: /home/a/ws_nhk/install/stm32_mavlink_msgs/include/stm32_mavlink_msgs/stm32_mavlink_msgs/msg/detail/robomaster_motor_state__functions.h
[19.985s] -- Up-to-date: /home/a/ws_nhk/install/stm32_mavlink_msgs/include/stm32_mavlink_msgs/stm32_mavlink_msgs/msg/detail/rs485_read_response__functions.c
[19.985s] -- Up-to-date: /home/a/ws_nhk/install/stm32_mavlink_msgs/include/stm32_mavlink_msgs/stm32_mavlink_msgs/msg/detail/wtt12_l_status__functions.h
[19.985s] -- Up-to-date: /home/a/ws_nhk/install/stm32_mavlink_msgs/include/stm32_mavlink_msgs/stm32_mavlink_msgs/msg/detail/rs485_read_response__functions.h
[19.985s] -- Up-to-date: /home/a/ws_nhk/install/stm32_mavlink_msgs/include/stm32_mavlink_msgs/stm32_mavlink_msgs/msg/detail/rs485_write_request__functions.c
[19.985s] -- Up-to-date: /home/a/ws_nhk/install/stm32_mavlink_msgs/include/stm32_mavlink_msgs/stm32_mavlink_msgs/msg/detail/rs485_motor_command__struct.h
[19.986s] -- Up-to-date: /home/a/ws_nhk/install/stm32_mavlink_msgs/include/stm32_mavlink_msgs/stm32_mavlink_msgs/msg/detail/wtt12_l_status__functions.c
[19.986s] -- Up-to-date: /home/a/ws_nhk/install/stm32_mavlink_msgs/include/stm32_mavlink_msgs/stm32_mavlink_msgs/msg/detail/dc_motor_state__struct.h
[19.986s] -- Up-to-date: /home/a/ws_nhk/install/stm32_mavlink_msgs/include/stm32_mavlink_msgs/stm32_mavlink_msgs/msg/detail/servo_state__functions.h
[19.986s] -- Up-to-date: /home/a/ws_nhk/install/stm32_mavlink_msgs/include/stm32_mavlink_msgs/stm32_mavlink_msgs/msg/detail/encoder_state__type_support.h
[19.986s] -- Up-to-date: /home/a/ws_nhk/install/stm32_mavlink_msgs/include/stm32_mavlink_msgs/stm32_mavlink_msgs/msg/detail/rs485_read_response__struct.h
[19.986s] -- Up-to-date: /home/a/ws_nhk/install/stm32_mavlink_msgs/include/stm32_mavlink_msgs/stm32_mavlink_msgs/msg/rs485_write_response.h
[19.986s] -- Up-to-date: /home/a/ws_nhk/install/stm32_mavlink_msgs/include/stm32_mavlink_msgs/stm32_mavlink_msgs/msg/limit_switch_status.h
[19.986s] -- Up-to-date: /home/a/ws_nhk/install/stm32_mavlink_msgs/include/stm32_mavlink_msgs/stm32_mavlink_msgs/msg/encoder_state.h
[19.986s] -- Up-to-date: /home/a/ws_nhk/install/stm32_mavlink_msgs/include/stm32_mavlink_msgs/stm32_mavlink_msgs/msg/solenoid_status.h
[19.986s] -- Up-to-date: /home/a/ws_nhk/install/stm32_mavlink_msgs/include/stm32_mavlink_msgs/stm32_mavlink_msgs/msg/robomaster_motor_state.h
[19.986s] -- Up-to-date: /home/a/ws_nhk/install/stm32_mavlink_msgs/include/stm32_mavlink_msgs/stm32_mavlink_msgs/srv
[19.986s] -- Up-to-date: /home/a/ws_nhk/install/stm32_mavlink_msgs/include/stm32_mavlink_msgs/stm32_mavlink_msgs/srv/set_robomaster_motor_config.h
[19.986s] -- Up-to-date: /home/a/ws_nhk/install/stm32_mavlink_msgs/include/stm32_mavlink_msgs/stm32_mavlink_msgs/srv/get_dc_motor_config.h
[19.987s] -- Up-to-date: /home/a/ws_nhk/install/stm32_mavlink_msgs/include/stm32_mavlink_msgs/stm32_mavlink_msgs/srv/write_rs485_param.h
[19.987s] -- Up-to-date: /home/a/ws_nhk/install/stm32_mavlink_msgs/include/stm32_mavlink_msgs/stm32_mavlink_msgs/srv/set_encoder_config.h
[19.987s] -- Up-to-date: /home/a/ws_nhk/install/stm32_mavlink_msgs/include/stm32_mavlink_msgs/stm32_mavlink_msgs/srv/set_dc_motor_config.h
[19.987s] -- Up-to-date: /home/a/ws_nhk/install/stm32_mavlink_msgs/include/stm32_mavlink_msgs/stm32_mavlink_msgs/srv/read_rs485_param.h
[19.987s] -- Up-to-date: /home/a/ws_nhk/install/stm32_mavlink_msgs/include/stm32_mavlink_msgs/stm32_mavlink_msgs/srv/flash_save_rs485.h
[19.987s] -- Up-to-date: /home/a/ws_nhk/install/stm32_mavlink_msgs/include/stm32_mavlink_msgs/stm32_mavlink_msgs/srv/detail
[19.987s] -- Up-to-date: /home/a/ws_nhk/install/stm32_mavlink_msgs/include/stm32_mavlink_msgs/stm32_mavlink_msgs/srv/detail/get_dc_motor_config__functions.c
[19.987s] -- Up-to-date: /home/a/ws_nhk/install/stm32_mavlink_msgs/include/stm32_mavlink_msgs/stm32_mavlink_msgs/srv/detail/get_robomaster_motor_config__functions.h
[19.987s] -- Up-to-date: /home/a/ws_nhk/install/stm32_mavlink_msgs/include/stm32_mavlink_msgs/stm32_mavlink_msgs/srv/detail/write_rs485_param__functions.c
[19.988s] -- Up-to-date: /home/a/ws_nhk/install/stm32_mavlink_msgs/include/stm32_mavlink_msgs/stm32_mavlink_msgs/srv/detail/read_rs485_param__type_support.h
[19.988s] -- Up-to-date: /home/a/ws_nhk/install/stm32_mavlink_msgs/include/stm32_mavlink_msgs/stm32_mavlink_msgs/srv/detail/get_robomaster_motor_config__struct.h
[19.988s] -- Up-to-date: /home/a/ws_nhk/install/stm32_mavlink_msgs/include/stm32_mavlink_msgs/stm32_mavlink_msgs/srv/detail/set_encoder_config__struct.h
[19.988s] -- Up-to-date: /home/a/ws_nhk/install/stm32_mavlink_msgs/include/stm32_mavlink_msgs/stm32_mavlink_msgs/srv/detail/set_dc_motor_config__type_support.h
[19.988s] -- Up-to-date: /home/a/ws_nhk/install/stm32_mavlink_msgs/include/stm32_mavlink_msgs/stm32_mavlink_msgs/srv/detail/set_dc_motor_config__functions.h
[19.988s] -- Up-to-date: /home/a/ws_nhk/install/stm32_mavlink_msgs/include/stm32_mavlink_msgs/stm32_mavlink_msgs/srv/detail/set_robomaster_motor_config__struct.h
[19.988s] -- Up-to-date: /home/a/ws_nhk/install/stm32_mavlink_msgs/include/stm32_mavlink_msgs/stm32_mavlink_msgs/srv/detail/read_rs485_param__functions.c
[19.988s] -- Up-to-date: /home/a/ws_nhk/install/stm32_mavlink_msgs/include/stm32_mavlink_msgs/stm32_mavlink_msgs/srv/detail/set_robomaster_motor_config__functions.c
[19.988s] -- Up-to-date: /home/a/ws_nhk/install/stm32_mavlink_msgs/include/stm32_mavlink_msgs/stm32_mavlink_msgs/srv/detail/get_robomaster_motor_config__functions.c
[19.988s] -- Up-to-date: /home/a/ws_nhk/install/stm32_mavlink_msgs/include/stm32_mavlink_msgs/stm32_mavlink_msgs/srv/detail/set_dc_motor_config__functions.c
[19.989s] -- Up-to-date: /home/a/ws_nhk/install/stm32_mavlink_msgs/include/stm32_mavlink_msgs/stm32_mavlink_msgs/srv/detail/set_robomaster_motor_config__type_support.h
[19.989s] -- Up-to-date: /home/a/ws_nhk/install/stm32_mavlink_msgs/include/stm32_mavlink_msgs/stm32_mavlink_msgs/srv/detail/get_dc_motor_config__functions.h
[19.989s] -- Up-to-date: /home/a/ws_nhk/install/stm32_mavlink_msgs/include/stm32_mavlink_msgs/stm32_mavlink_msgs/srv/detail/set_servo_config__struct.h
[19.989s] -- Up-to-date: /home/a/ws_nhk/install/stm32_mavlink_msgs/include/stm32_mavlink_msgs/stm32_mavlink_msgs/srv/detail/write_rs485_param__struct.h
[19.989s] -- Up-to-date: /home/a/ws_nhk/install/stm32_mavlink_msgs/include/stm32_mavlink_msgs/stm32_mavlink_msgs/srv/detail/set_servo_config__functions.c
[19.989s] -- Up-to-date: /home/a/ws_nhk/install/stm32_mavlink_msgs/include/stm32_mavlink_msgs/stm32_mavlink_msgs/srv/detail/flash_save_rs485__functions.c
[19.989s] -- Up-to-date: /home/a/ws_nhk/install/stm32_mavlink_msgs/include/stm32_mavlink_msgs/stm32_mavlink_msgs/srv/detail/write_rs485_param__functions.h
[19.989s] -- Up-to-date: /home/a/ws_nhk/install/stm32_mavlink_msgs/include/stm32_mavlink_msgs/stm32_mavlink_msgs/srv/detail/read_rs485_param__functions.h
[19.989s] -- Up-to-date: /home/a/ws_nhk/install/stm32_mavlink_msgs/include/stm32_mavlink_msgs/stm32_mavlink_msgs/srv/detail/write_rs485_param__type_support.h
[19.990s] -- Up-to-date: /home/a/ws_nhk/install/stm32_mavlink_msgs/include/stm32_mavlink_msgs/stm32_mavlink_msgs/srv/detail/set_robomaster_motor_config__functions.h
[19.990s] -- Up-to-date: /home/a/ws_nhk/install/stm32_mavlink_msgs/include/stm32_mavlink_msgs/stm32_mavlink_msgs/srv/detail/set_encoder_config__functions.h
[19.991s] -- Up-to-date: /home/a/ws_nhk/install/stm32_mavlink_msgs/include/stm32_mavlink_msgs/stm32_mavlink_msgs/srv/detail/flash_save_rs485__functions.h
[19.991s] -- Up-to-date: /home/a/ws_nhk/install/stm32_mavlink_msgs/include/stm32_mavlink_msgs/stm32_mavlink_msgs/srv/detail/get_dc_motor_config__type_support.h
[19.991s] -- Up-to-date: /home/a/ws_nhk/install/stm32_mavlink_msgs/include/stm32_mavlink_msgs/stm32_mavlink_msgs/srv/detail/set_encoder_config__type_support.h
[19.991s] -- Up-to-date: /home/a/ws_nhk/install/stm32_mavlink_msgs/include/stm32_mavlink_msgs/stm32_mavlink_msgs/srv/detail/set_servo_config__functions.h
[19.991s] -- Up-to-date: /home/a/ws_nhk/install/stm32_mavlink_msgs/include/stm32_mavlink_msgs/stm32_mavlink_msgs/srv/detail/get_robomaster_motor_config__type_support.h
[19.991s] -- Up-to-date: /home/a/ws_nhk/install/stm32_mavlink_msgs/include/stm32_mavlink_msgs/stm32_mavlink_msgs/srv/detail/set_servo_config__type_support.h
[19.991s] -- Up-to-date: /home/a/ws_nhk/install/stm32_mavlink_msgs/include/stm32_mavlink_msgs/stm32_mavlink_msgs/srv/detail/set_dc_motor_config__struct.h
[19.991s] -- Up-to-date: /home/a/ws_nhk/install/stm32_mavlink_msgs/include/stm32_mavlink_msgs/stm32_mavlink_msgs/srv/detail/flash_save_rs485__struct.h
[19.991s] -- Up-to-date: /home/a/ws_nhk/install/stm32_mavlink_msgs/include/stm32_mavlink_msgs/stm32_mavlink_msgs/srv/detail/set_encoder_config__functions.c
[19.991s] -- Up-to-date: /home/a/ws_nhk/install/stm32_mavlink_msgs/include/stm32_mavlink_msgs/stm32_mavlink_msgs/srv/detail/flash_save_rs485__type_support.h
[19.991s] -- Up-to-date: /home/a/ws_nhk/install/stm32_mavlink_msgs/include/stm32_mavlink_msgs/stm32_mavlink_msgs/srv/detail/get_dc_motor_config__struct.h
[19.991s] -- Up-to-date: /home/a/ws_nhk/install/stm32_mavlink_msgs/include/stm32_mavlink_msgs/stm32_mavlink_msgs/srv/detail/read_rs485_param__struct.h
[19.992s] -- Up-to-date: /home/a/ws_nhk/install/stm32_mavlink_msgs/include/stm32_mavlink_msgs/stm32_mavlink_msgs/srv/get_robomaster_motor_config.h
[19.992s] -- Up-to-date: /home/a/ws_nhk/install/stm32_mavlink_msgs/include/stm32_mavlink_msgs/stm32_mavlink_msgs/srv/set_servo_config.h
[19.992s] -- Up-to-date: /home/a/ws_nhk/install/stm32_mavlink_msgs/share/stm32_mavlink_msgs/environment/library_path.sh
[19.992s] -- Installing: /home/a/ws_nhk/install/stm32_mavlink_msgs/share/stm32_mavlink_msgs/environment/library_path.dsv
[19.992s] -- Installing: /home/a/ws_nhk/install/stm32_mavlink_msgs/lib/libstm32_mavlink_msgs__rosidl_generator_c.so
[19.992s] -- Set runtime path of "/home/a/ws_nhk/install/stm32_mavlink_msgs/lib/libstm32_mavlink_msgs__rosidl_generator_c.so" to ""
[19.992s] -- Up-to-date: /home/a/ws_nhk/install/stm32_mavlink_msgs/include/stm32_mavlink_msgs/stm32_mavlink_msgs
[19.993s] -- Up-to-date: /home/a/ws_nhk/install/stm32_mavlink_msgs/include/stm32_mavlink_msgs/stm32_mavlink_msgs/msg
[19.993s] -- Up-to-date: /home/a/ws_nhk/install/stm32_mavlink_msgs/include/stm32_mavlink_msgs/stm32_mavlink_msgs/msg/rosidl_typesupport_fastrtps_c__visibility_control.h
[19.993s] -- Up-to-date: /home/a/ws_nhk/install/stm32_mavlink_msgs/include/stm32_mavlink_msgs/stm32_mavlink_msgs/msg/detail
[19.993s] -- Up-to-date: /home/a/ws_nhk/install/stm32_mavlink_msgs/include/stm32_mavlink_msgs/stm32_mavlink_msgs/msg/detail/rs485_motor_state__rosidl_typesupport_fastrtps_c.h
[19.993s] -- Up-to-date: /home/a/ws_nhk/install/stm32_mavlink_msgs/include/stm32_mavlink_msgs/stm32_mavlink_msgs/msg/detail/encoder_state__rosidl_typesupport_fastrtps_c.h
[19.993s] -- Up-to-date: /home/a/ws_nhk/install/stm32_mavlink_msgs/include/stm32_mavlink_msgs/stm32_mavlink_msgs/msg/detail/solenoid_status__rosidl_typesupport_fastrtps_c.h
[19.993s] -- Up-to-date: /home/a/ws_nhk/install/stm32_mavlink_msgs/include/stm32_mavlink_msgs/stm32_mavlink_msgs/msg/detail/rs485_write_request__rosidl_typesupport_fastrtps_c.h
[19.993s] -- Up-to-date: /home/a/ws_nhk/install/stm32_mavlink_msgs/include/stm32_mavlink_msgs/stm32_mavlink_msgs/msg/detail/rs485_motor_command__rosidl_typesupport_fastrtps_c.h
[19.993s] -- Up-to-date: /home/a/ws_nhk/install/stm32_mavlink_msgs/include/stm32_mavlink_msgs/stm32_mavlink_msgs/msg/detail/rs485_read_request__rosidl_typesupport_fastrtps_c.h
[19.993s] -- Up-to-date: /home/a/ws_nhk/install/stm32_mavlink_msgs/include/stm32_mavlink_msgs/stm32_mavlink_msgs/msg/detail/robomaster_motor_config__rosidl_typesupport_fastrtps_c.h
[19.994s] -- Up-to-date: /home/a/ws_nhk/install/stm32_mavlink_msgs/include/stm32_mavlink_msgs/stm32_mavlink_msgs/msg/detail/encoder_config__rosidl_typesupport_fastrtps_c.h
[19.994s] -- Up-to-date: /home/a/ws_nhk/install/stm32_mavlink_msgs/include/stm32_mavlink_msgs/stm32_mavlink_msgs/msg/detail/servo_command__rosidl_typesupport_fastrtps_c.h
[19.994s] -- Up-to-date: /home/a/ws_nhk/install/stm32_mavlink_msgs/include/stm32_mavlink_msgs/stm32_mavlink_msgs/msg/detail/rs485_write_response__rosidl_typesupport_fastrtps_c.h
[19.994s] -- Up-to-date: /home/a/ws_nhk/install/stm32_mavlink_msgs/include/stm32_mavlink_msgs/stm32_mavlink_msgs/msg/detail/rs485_motor_config__rosidl_typesupport_fastrtps_c.h
[19.994s] -- Up-to-date: /home/a/ws_nhk/install/stm32_mavlink_msgs/include/stm32_mavlink_msgs/stm32_mavlink_msgs/msg/detail/solenoid_command__rosidl_typesupport_fastrtps_c.h
[19.994s] -- Up-to-date: /home/a/ws_nhk/install/stm32_mavlink_msgs/include/stm32_mavlink_msgs/stm32_mavlink_msgs/msg/detail/dc_motor_config__rosidl_typesupport_fastrtps_c.h
[19.994s] -- Up-to-date: /home/a/ws_nhk/install/stm32_mavlink_msgs/include/stm32_mavlink_msgs/stm32_mavlink_msgs/msg/detail/rs485_flash_save_request__rosidl_typesupport_fastrtps_c.h
[19.994s] -- Up-to-date: /home/a/ws_nhk/install/stm32_mavlink_msgs/include/stm32_mavlink_msgs/stm32_mavlink_msgs/msg/detail/robomaster_motor_state__rosidl_typesupport_fastrtps_c.h
[19.994s] -- Up-to-date: /home/a/ws_nhk/install/stm32_mavlink_msgs/include/stm32_mavlink_msgs/stm32_mavlink_msgs/msg/detail/robomaster_motor_command__rosidl_typesupport_fastrtps_c.h
[19.994s] -- Up-to-date: /home/a/ws_nhk/install/stm32_mavlink_msgs/include/stm32_mavlink_msgs/stm32_mavlink_msgs/msg/detail/servo_state__rosidl_typesupport_fastrtps_c.h
[19.994s] -- Up-to-date: /home/a/ws_nhk/install/stm32_mavlink_msgs/include/stm32_mavlink_msgs/stm32_mavlink_msgs/msg/detail/dc_motor_state__rosidl_typesupport_fastrtps_c.h
[19.994s] -- Up-to-date: /home/a/ws_nhk/install/stm32_mavlink_msgs/include/stm32_mavlink_msgs/stm32_mavlink_msgs/msg/detail/wtt12_l_status__rosidl_typesupport_fastrtps_c.h
[19.994s] -- Up-to-date: /home/a/ws_nhk/install/stm32_mavlink_msgs/include/stm32_mavlink_msgs/stm32_mavlink_msgs/msg/detail/limit_switch_status__rosidl_typesupport_fastrtps_c.h
[19.995s] -- Up-to-date: /home/a/ws_nhk/install/stm32_mavlink_msgs/include/stm32_mavlink_msgs/stm32_mavlink_msgs/msg/detail/dc_motor_command__rosidl_typesupport_fastrtps_c.h
[19.995s] -- Up-to-date: /home/a/ws_nhk/install/stm32_mavlink_msgs/include/stm32_mavlink_msgs/stm32_mavlink_msgs/msg/detail/rs485_read_response__rosidl_typesupport_fastrtps_c.h
[19.995s] -- Up-to-date: /home/a/ws_nhk/install/stm32_mavlink_msgs/include/stm32_mavlink_msgs/stm32_mavlink_msgs/srv
[19.995s] -- Up-to-date: /home/a/ws_nhk/install/stm32_mavlink_msgs/include/stm32_mavlink_msgs/stm32_mavlink_msgs/srv/detail
[19.995s] -- Up-to-date: /home/a/ws_nhk/install/stm32_mavlink_msgs/include/stm32_mavlink_msgs/stm32_mavlink_msgs/srv/detail/set_encoder_config__rosidl_typesupport_fastrtps_c.h
[19.995s] -- Up-to-date: /home/a/ws_nhk/install/stm32_mavlink_msgs/include/stm32_mavlink_msgs/stm32_mavlink_msgs/srv/detail/read_rs485_param__rosidl_typesupport_fastrtps_c.h
[19.995s] -- Up-to-date: /home/a/ws_nhk/install/stm32_mavlink_msgs/include/stm32_mavlink_msgs/stm32_mavlink_msgs/srv/detail/write_rs485_param__rosidl_typesupport_fastrtps_c.h
[19.995s] -- Up-to-date: /home/a/ws_nhk/install/stm32_mavlink_msgs/include/stm32_mavlink_msgs/stm32_mavlink_msgs/srv/detail/set_servo_config__rosidl_typesupport_fastrtps_c.h
[19.995s] -- Up-to-date: /home/a/ws_nhk/install/stm32_mavlink_msgs/include/stm32_mavlink_msgs/stm32_mavlink_msgs/srv/detail/flash_save_rs485__rosidl_typesupport_fastrtps_c.h
[19.995s] -- Up-to-date: /home/a/ws_nhk/install/stm32_mavlink_msgs/include/stm32_mavlink_msgs/stm32_mavlink_msgs/srv/detail/get_robomaster_motor_config__rosidl_typesupport_fastrtps_c.h
[19.996s] -- Up-to-date: /home/a/ws_nhk/install/stm32_mavlink_msgs/include/stm32_mavlink_msgs/stm32_mavlink_msgs/srv/detail/set_dc_motor_config__rosidl_typesupport_fastrtps_c.h
[19.996s] -- Up-to-date: /home/a/ws_nhk/install/stm32_mavlink_msgs/include/stm32_mavlink_msgs/stm32_mavlink_msgs/srv/detail/get_dc_motor_config__rosidl_typesupport_fastrtps_c.h
[19.996s] -- Up-to-date: /home/a/ws_nhk/install/stm32_mavlink_msgs/include/stm32_mavlink_msgs/stm32_mavlink_msgs/srv/detail/set_robomaster_motor_config__rosidl_typesupport_fastrtps_c.h
[19.996s] -- Installing: /home/a/ws_nhk/install/stm32_mavlink_msgs/lib/libstm32_mavlink_msgs__rosidl_typesupport_fastrtps_c.so
[19.996s] -- Set runtime path of "/home/a/ws_nhk/install/stm32_mavlink_msgs/lib/libstm32_mavlink_msgs__rosidl_typesupport_fastrtps_c.so" to ""
[19.996s] -- Up-to-date: /home/a/ws_nhk/install/stm32_mavlink_msgs/include/stm32_mavlink_msgs/stm32_mavlink_msgs
[19.996s] -- Up-to-date: /home/a/ws_nhk/install/stm32_mavlink_msgs/include/stm32_mavlink_msgs/stm32_mavlink_msgs/msg
[19.996s] -- Up-to-date: /home/a/ws_nhk/install/stm32_mavlink_msgs/include/stm32_mavlink_msgs/stm32_mavlink_msgs/msg/rosidl_typesupport_introspection_c__visibility_control.h
[19.996s] -- Up-to-date: /home/a/ws_nhk/install/stm32_mavlink_msgs/include/stm32_mavlink_msgs/stm32_mavlink_msgs/msg/detail
[19.996s] -- Up-to-date: /home/a/ws_nhk/install/stm32_mavlink_msgs/include/stm32_mavlink_msgs/stm32_mavlink_msgs/msg/detail/rs485_motor_config__rosidl_typesupport_introspection_c.h
[19.996s] -- Up-to-date: /home/a/ws_nhk/install/stm32_mavlink_msgs/include/stm32_mavlink_msgs/stm32_mavlink_msgs/msg/detail/robomaster_motor_state__type_support.c
[19.997s] -- Up-to-date: /home/a/ws_nhk/install/stm32_mavlink_msgs/include/stm32_mavlink_msgs/stm32_mavlink_msgs/msg/detail/rs485_motor_state__rosidl_typesupport_introspection_c.h
[19.997s] -- Up-to-date: /home/a/ws_nhk/install/stm32_mavlink_msgs/include/stm32_mavlink_msgs/stm32_mavlink_msgs/msg/detail/rs485_motor_state__type_support.c
[19.997s] -- Up-to-date: /home/a/ws_nhk/install/stm32_mavlink_msgs/include/stm32_mavlink_msgs/stm32_mavlink_msgs/msg/detail/dc_motor_state__type_support.c
[19.997s] -- Up-to-date: /home/a/ws_nhk/install/stm32_mavlink_msgs/include/stm32_mavlink_msgs/stm32_mavlink_msgs/msg/detail/solenoid_status__type_support.c
[19.997s] -- Up-to-date: /home/a/ws_nhk/install/stm32_mavlink_msgs/include/stm32_mavlink_msgs/stm32_mavlink_msgs/msg/detail/dc_motor_config__type_support.c
[19.997s] -- Up-to-date: /home/a/ws_nhk/install/stm32_mavlink_msgs/include/stm32_mavlink_msgs/stm32_mavlink_msgs/msg/detail/rs485_read_response__type_support.c
[19.997s] -- Up-to-date: /home/a/ws_nhk/install/stm32_mavlink_msgs/include/stm32_mavlink_msgs/stm32_mavlink_msgs/msg/detail/robomaster_motor_command__rosidl_typesupport_introspection_c.h
[19.997s] -- Up-to-date: /home/a/ws_nhk/install/stm32_mavlink_msgs/include/stm32_mavlink_msgs/stm32_mavlink_msgs/msg/detail/rs485_write_response__rosidl_typesupport_introspection_c.h
[19.998s] -- Up-to-date: /home/a/ws_nhk/install/stm32_mavlink_msgs/include/stm32_mavlink_msgs/stm32_mavlink_msgs/msg/detail/robomaster_motor_config__rosidl_typesupport_introspection_c.h
[19.998s] -- Up-to-date: /home/a/ws_nhk/install/stm32_mavlink_msgs/include/stm32_mavlink_msgs/stm32_mavlink_msgs/msg/detail/robomaster_motor_state__rosidl_typesupport_introspection_c.h
[19.998s] -- Up-to-date: /home/a/ws_nhk/install/stm32_mavlink_msgs/include/stm32_mavlink_msgs/stm32_mavlink_msgs/msg/detail/rs485_flash_save_request__type_support.c
[19.998s] -- Up-to-date: /home/a/ws_nhk/install/stm32_mavlink_msgs/include/stm32_mavlink_msgs/stm32_mavlink_msgs/msg/detail/rs485_flash_save_request__rosidl_typesupport_introspection_c.h
[19.998s] -- Up-to-date: /home/a/ws_nhk/install/stm32_mavlink_msgs/include/stm32_mavlink_msgs/stm32_mavlink_msgs/msg/detail/servo_state__rosidl_typesupport_introspection_c.h
[19.998s] -- Up-to-date: /home/a/ws_nhk/install/stm32_mavlink_msgs/include/stm32_mavlink_msgs/stm32_mavlink_msgs/msg/detail/dc_motor_config__rosidl_typesupport_introspection_c.h
[19.999s] -- Up-to-date: /home/a/ws_nhk/install/stm32_mavlink_msgs/include/stm32_mavlink_msgs/stm32_mavlink_msgs/msg/detail/wtt12_l_status__rosidl_typesupport_introspection_c.h
[19.999s] -- Up-to-date: /home/a/ws_nhk/install/stm32_mavlink_msgs/include/stm32_mavlink_msgs/stm32_mavlink_msgs/msg/detail/rs485_read_response__rosidl_typesupport_introspection_c.h
[19.999s] -- Up-to-date: /home/a/ws_nhk/install/stm32_mavlink_msgs/include/stm32_mavlink_msgs/stm32_mavlink_msgs/msg/detail/encoder_state__type_support.c
[19.999s] -- Up-to-date: /home/a/ws_nhk/install/stm32_mavlink_msgs/include/stm32_mavlink_msgs/stm32_mavlink_msgs/msg/detail/servo_state__type_support.c
[19.999s] -- Up-to-date: /home/a/ws_nhk/install/stm32_mavlink_msgs/include/stm32_mavlink_msgs/stm32_mavlink_msgs/msg/detail/encoder_config__type_support.c
[19.999s] -- Up-to-date: /home/a/ws_nhk/install/stm32_mavlink_msgs/include/stm32_mavlink_msgs/stm32_mavlink_msgs/msg/detail/rs485_write_request__rosidl_typesupport_introspection_c.h
[19.999s] -- Up-to-date: /home/a/ws_nhk/install/stm32_mavlink_msgs/include/stm32_mavlink_msgs/stm32_mavlink_msgs/msg/detail/solenoid_status__rosidl_typesupport_introspection_c.h
[19.999s] -- Up-to-date: /home/a/ws_nhk/install/stm32_mavlink_msgs/include/stm32_mavlink_msgs/stm32_mavlink_msgs/msg/detail/dc_motor_command__rosidl_typesupport_introspection_c.h
[19.999s] -- Up-to-date: /home/a/ws_nhk/install/stm32_mavlink_msgs/include/stm32_mavlink_msgs/stm32_mavlink_msgs/msg/detail/limit_switch_status__rosidl_typesupport_introspection_c.h
[19.999s] -- Up-to-date: /home/a/ws_nhk/install/stm32_mavlink_msgs/include/stm32_mavlink_msgs/stm32_mavlink_msgs/msg/detail/limit_switch_status__type_support.c
[19.999s] -- Up-to-date: /home/a/ws_nhk/install/stm32_mavlink_msgs/include/stm32_mavlink_msgs/stm32_mavlink_msgs/msg/detail/rs485_motor_config__type_support.c
[19.999s] -- Up-to-date: /home/a/ws_nhk/install/stm32_mavlink_msgs/include/stm32_mavlink_msgs/stm32_mavlink_msgs/msg/detail/dc_motor_command__type_support.c
[20.000s] -- Up-to-date: /home/a/ws_nhk/install/stm32_mavlink_msgs/include/stm32_mavlink_msgs/stm32_mavlink_msgs/msg/detail/encoder_state__rosidl_typesupport_introspection_c.h
[20.000s] -- Up-to-date: /home/a/ws_nhk/install/stm32_mavlink_msgs/include/stm32_mavlink_msgs/stm32_mavlink_msgs/msg/detail/wtt12_l_status__type_support.c
[20.000s] -- Up-to-date: /home/a/ws_nhk/install/stm32_mavlink_msgs/include/stm32_mavlink_msgs/stm32_mavlink_msgs/msg/detail/rs485_motor_command__rosidl_typesupport_introspection_c.h
[20.000s] -- Up-to-date: /home/a/ws_nhk/install/stm32_mavlink_msgs/include/stm32_mavlink_msgs/stm32_mavlink_msgs/msg/detail/robomaster_motor_config__type_support.c
[20.000s] -- Up-to-date: /home/a/ws_nhk/install/stm32_mavlink_msgs/include/stm32_mavlink_msgs/stm32_mavlink_msgs/msg/detail/rs485_write_response__type_support.c
[20.000s] -- Up-to-date: /home/a/ws_nhk/install/stm32_mavlink_msgs/include/stm32_mavlink_msgs/stm32_mavlink_msgs/msg/detail/servo_command__type_support.c
[20.000s] -- Up-to-date: /home/a/ws_nhk/install/stm32_mavlink_msgs/include/stm32_mavlink_msgs/stm32_mavlink_msgs/msg/detail/dc_motor_state__rosidl_typesupport_introspection_c.h
[20.000s] -- Up-to-date: /home/a/ws_nhk/install/stm32_mavlink_msgs/include/stm32_mavlink_msgs/stm32_mavlink_msgs/msg/detail/rs485_read_request__type_support.c
[20.000s] -- Up-to-date: /home/a/ws_nhk/install/stm32_mavlink_msgs/include/stm32_mavlink_msgs/stm32_mavlink_msgs/msg/detail/encoder_config__rosidl_typesupport_introspection_c.h
[20.000s] -- Up-to-date: /home/a/ws_nhk/install/stm32_mavlink_msgs/include/stm32_mavlink_msgs/stm32_mavlink_msgs/msg/detail/servo_command__rosidl_typesupport_introspection_c.h
[20.000s] -- Up-to-date: /home/a/ws_nhk/install/stm32_mavlink_msgs/include/stm32_mavlink_msgs/stm32_mavlink_msgs/msg/detail/rs485_read_request__rosidl_typesupport_introspection_c.h
[20.000s] -- Up-to-date: /home/a/ws_nhk/install/stm32_mavlink_msgs/include/stm32_mavlink_msgs/stm32_mavlink_msgs/msg/detail/solenoid_command__rosidl_typesupport_introspection_c.h
[20.000s] -- Up-to-date: /home/a/ws_nhk/install/stm32_mavlink_msgs/include/stm32_mavlink_msgs/stm32_mavlink_msgs/msg/detail/rs485_motor_command__type_support.c
[20.000s] -- Up-to-date: /home/a/ws_nhk/install/stm32_mavlink_msgs/include/stm32_mavlink_msgs/stm32_mavlink_msgs/msg/detail/robomaster_motor_command__type_support.c
[20.000s] -- Up-to-date: /home/a/ws_nhk/install/stm32_mavlink_msgs/include/stm32_mavlink_msgs/stm32_mavlink_msgs/msg/detail/solenoid_command__type_support.c
[20.000s] -- Up-to-date: /home/a/ws_nhk/install/stm32_mavlink_msgs/include/stm32_mavlink_msgs/stm32_mavlink_msgs/msg/detail/rs485_write_request__type_support.c
[20.001s] -- Up-to-date: /home/a/ws_nhk/install/stm32_mavlink_msgs/include/stm32_mavlink_msgs/stm32_mavlink_msgs/srv
[20.001s] -- Up-to-date: /home/a/ws_nhk/install/stm32_mavlink_msgs/include/stm32_mavlink_msgs/stm32_mavlink_msgs/srv/detail
[20.001s] -- Up-to-date: /home/a/ws_nhk/install/stm32_mavlink_msgs/include/stm32_mavlink_msgs/stm32_mavlink_msgs/srv/detail/write_rs485_param__type_support.c
[20.001s] -- Up-to-date: /home/a/ws_nhk/install/stm32_mavlink_msgs/include/stm32_mavlink_msgs/stm32_mavlink_msgs/srv/detail/write_rs485_param__rosidl_typesupport_introspection_c.h
[20.001s] -- Up-to-date: /home/a/ws_nhk/install/stm32_mavlink_msgs/include/stm32_mavlink_msgs/stm32_mavlink_msgs/srv/detail/get_dc_motor_config__type_support.c
[20.001s] -- Up-to-date: /home/a/ws_nhk/install/stm32_mavlink_msgs/include/stm32_mavlink_msgs/stm32_mavlink_msgs/srv/detail/set_dc_motor_config__type_support.c
[20.001s] -- Up-to-date: /home/a/ws_nhk/install/stm32_mavlink_msgs/include/stm32_mavlink_msgs/stm32_mavlink_msgs/srv/detail/get_robomaster_motor_config__type_support.c
[20.001s] -- Up-to-date: /home/a/ws_nhk/install/stm32_mavlink_msgs/include/stm32_mavlink_msgs/stm32_mavlink_msgs/srv/detail/set_robomaster_motor_config__type_support.c
[20.001s] -- Up-to-date: /home/a/ws_nhk/install/stm32_mavlink_msgs/include/stm32_mavlink_msgs/stm32_mavlink_msgs/srv/detail/flash_save_rs485__rosidl_typesupport_introspection_c.h
[20.001s] -- Up-to-date: /home/a/ws_nhk/install/stm32_mavlink_msgs/include/stm32_mavlink_msgs/stm32_mavlink_msgs/srv/detail/get_dc_motor_config__rosidl_typesupport_introspection_c.h
[20.001s] -- Up-to-date: /home/a/ws_nhk/install/stm32_mavlink_msgs/include/stm32_mavlink_msgs/stm32_mavlink_msgs/srv/detail/get_robomaster_motor_config__rosidl_typesupport_introspection_c.h
[20.001s] -- Up-to-date: /home/a/ws_nhk/install/stm32_mavlink_msgs/include/stm32_mavlink_msgs/stm32_mavlink_msgs/srv/detail/flash_save_rs485__type_support.c
[20.001s] -- Up-to-date: /home/a/ws_nhk/install/stm32_mavlink_msgs/include/stm32_mavlink_msgs/stm32_mavlink_msgs/srv/detail/read_rs485_param__type_support.c
[20.001s] -- Up-to-date: /home/a/ws_nhk/install/stm32_mavlink_msgs/include/stm32_mavlink_msgs/stm32_mavlink_msgs/srv/detail/set_servo_config__type_support.c
[20.001s] -- Up-to-date: /home/a/ws_nhk/install/stm32_mavlink_msgs/include/stm32_mavlink_msgs/stm32_mavlink_msgs/srv/detail/set_robomaster_motor_config__rosidl_typesupport_introspection_c.h
[20.002s] -- Up-to-date: /home/a/ws_nhk/install/stm32_mavlink_msgs/include/stm32_mavlink_msgs/stm32_mavlink_msgs/srv/detail/set_servo_config__rosidl_typesupport_introspection_c.h
[20.002s] -- Up-to-date: /home/a/ws_nhk/install/stm32_mavlink_msgs/include/stm32_mavlink_msgs/stm32_mavlink_msgs/srv/detail/set_encoder_config__rosidl_typesupport_introspection_c.h
[20.002s] -- Up-to-date: /home/a/ws_nhk/install/stm32_mavlink_msgs/include/stm32_mavlink_msgs/stm32_mavlink_msgs/srv/detail/set_encoder_config__type_support.c
[20.002s] -- Up-to-date: /home/a/ws_nhk/install/stm32_mavlink_msgs/include/stm32_mavlink_msgs/stm32_mavlink_msgs/srv/detail/set_dc_motor_config__rosidl_typesupport_introspection_c.h
[20.002s] -- Up-to-date: /home/a/ws_nhk/install/stm32_mavlink_msgs/include/stm32_mavlink_msgs/stm32_mavlink_msgs/srv/detail/read_rs485_param__rosidl_typesupport_introspection_c.h
[20.002s] -- Installing: /home/a/ws_nhk/install/stm32_mavlink_msgs/lib/libstm32_mavlink_msgs__rosidl_typesupport_introspection_c.so
[20.002s] -- Set runtime path of "/home/a/ws_nhk/install/stm32_mavlink_msgs/lib/libstm32_mavlink_msgs__rosidl_typesupport_introspection_c.so" to ""
[20.002s] -- Installing: /home/a/ws_nhk/install/stm32_mavlink_msgs/lib/libstm32_mavlink_msgs__rosidl_typesupport_c.so
[20.002s] -- Set runtime path of "/home/a/ws_nhk/install/stm32_mavlink_msgs/lib/libstm32_mavlink_msgs__rosidl_typesupport_c.so" to ""
[20.002s] -- Up-to-date: /home/a/ws_nhk/install/stm32_mavlink_msgs/include/stm32_mavlink_msgs/stm32_mavlink_msgs
[20.002s] -- Up-to-date: /home/a/ws_nhk/install/stm32_mavlink_msgs/include/stm32_mavlink_msgs/stm32_mavlink_msgs/msg
[20.002s] -- Up-to-date: /home/a/ws_nhk/install/stm32_mavlink_msgs/include/stm32_mavlink_msgs/stm32_mavlink_msgs/msg/dc_motor_state.hpp
[20.002s] -- Up-to-date: /home/a/ws_nhk/install/stm32_mavlink_msgs/include/stm32_mavlink_msgs/stm32_mavlink_msgs/msg/servo_command.hpp
[20.002s] -- Up-to-date: /home/a/ws_nhk/install/stm32_mavlink_msgs/include/stm32_mavlink_msgs/stm32_mavlink_msgs/msg/dc_motor_command.hpp
[20.002s] -- Up-to-date: /home/a/ws_nhk/install/stm32_mavlink_msgs/include/stm32_mavlink_msgs/stm32_mavlink_msgs/msg/robomaster_motor_config.hpp
[20.002s] -- Up-to-date: /home/a/ws_nhk/install/stm32_mavlink_msgs/include/stm32_mavlink_msgs/stm32_mavlink_msgs/msg/encoder_config.hpp
[20.003s] -- Up-to-date: /home/a/ws_nhk/install/stm32_mavlink_msgs/include/stm32_mavlink_msgs/stm32_mavlink_msgs/msg/wtt12_l_status.hpp
[20.003s] -- Up-to-date: /home/a/ws_nhk/install/stm32_mavlink_msgs/include/stm32_mavlink_msgs/stm32_mavlink_msgs/msg/encoder_state.hpp
[20.003s] -- Up-to-date: /home/a/ws_nhk/install/stm32_mavlink_msgs/include/stm32_mavlink_msgs/stm32_mavlink_msgs/msg/solenoid_command.hpp
[20.003s] -- Up-to-date: /home/a/ws_nhk/install/stm32_mavlink_msgs/include/stm32_mavlink_msgs/stm32_mavlink_msgs/msg/robomaster_motor_state.hpp
[20.003s] -- Up-to-date: /home/a/ws_nhk/install/stm32_mavlink_msgs/include/stm32_mavlink_msgs/stm32_mavlink_msgs/msg/dc_motor_config.hpp
[20.003s] -- Up-to-date: /home/a/ws_nhk/install/stm32_mavlink_msgs/include/stm32_mavlink_msgs/stm32_mavlink_msgs/msg/robomaster_motor_command.hpp
[20.003s] -- Up-to-date: /home/a/ws_nhk/install/stm32_mavlink_msgs/include/stm32_mavlink_msgs/stm32_mavlink_msgs/msg/servo_state.hpp
[20.003s] -- Up-to-date: /home/a/ws_nhk/install/stm32_mavlink_msgs/include/stm32_mavlink_msgs/stm32_mavlink_msgs/msg/rs485_read_request.hpp
[20.003s] -- Up-to-date: /home/a/ws_nhk/install/stm32_mavlink_msgs/include/stm32_mavlink_msgs/stm32_mavlink_msgs/msg/rosidl_generator_cpp__visibility_control.hpp
[20.003s] -- Up-to-date: /home/a/ws_nhk/install/stm32_mavlink_msgs/include/stm32_mavlink_msgs/stm32_mavlink_msgs/msg/rs485_motor_state.hpp
[20.003s] -- Up-to-date: /home/a/ws_nhk/install/stm32_mavlink_msgs/include/stm32_mavlink_msgs/stm32_mavlink_msgs/msg/rs485_write_response.hpp
[20.003s] -- Up-to-date: /home/a/ws_nhk/install/stm32_mavlink_msgs/include/stm32_mavlink_msgs/stm32_mavlink_msgs/msg/rs485_read_response.hpp
[20.003s] -- Up-to-date: /home/a/ws_nhk/install/stm32_mavlink_msgs/include/stm32_mavlink_msgs/stm32_mavlink_msgs/msg/rs485_flash_save_request.hpp
[20.003s] -- Up-to-date: /home/a/ws_nhk/install/stm32_mavlink_msgs/include/stm32_mavlink_msgs/stm32_mavlink_msgs/msg/limit_switch_status.hpp
[20.003s] -- Up-to-date: /home/a/ws_nhk/install/stm32_mavlink_msgs/include/stm32_mavlink_msgs/stm32_mavlink_msgs/msg/rs485_write_request.hpp
[20.003s] -- Up-to-date: /home/a/ws_nhk/install/stm32_mavlink_msgs/include/stm32_mavlink_msgs/stm32_mavlink_msgs/msg/rs485_motor_config.hpp
[20.003s] -- Up-to-date: /home/a/ws_nhk/install/stm32_mavlink_msgs/include/stm32_mavlink_msgs/stm32_mavlink_msgs/msg/detail
[20.004s] -- Up-to-date: /home/a/ws_nhk/install/stm32_mavlink_msgs/include/stm32_mavlink_msgs/stm32_mavlink_msgs/msg/detail/wtt12_l_status__traits.hpp
[20.004s] -- Up-to-date: /home/a/ws_nhk/install/stm32_mavlink_msgs/include/stm32_mavlink_msgs/stm32_mavlink_msgs/msg/detail/solenoid_command__builder.hpp
[20.004s] -- Up-to-date: /home/a/ws_nhk/install/stm32_mavlink_msgs/include/stm32_mavlink_msgs/stm32_mavlink_msgs/msg/detail/limit_switch_status__struct.hpp
[20.004s] -- Up-to-date: /home/a/ws_nhk/install/stm32_mavlink_msgs/include/stm32_mavlink_msgs/stm32_mavlink_msgs/msg/detail/encoder_state__type_support.hpp
[20.004s] -- Up-to-date: /home/a/ws_nhk/install/stm32_mavlink_msgs/include/stm32_mavlink_msgs/stm32_mavlink_msgs/msg/detail/rs485_motor_command__builder.hpp
[20.004s] -- Up-to-date: /home/a/ws_nhk/install/stm32_mavlink_msgs/include/stm32_mavlink_msgs/stm32_mavlink_msgs/msg/detail/solenoid_command__traits.hpp
[20.004s] -- Up-to-date: /home/a/ws_nhk/install/stm32_mavlink_msgs/include/stm32_mavlink_msgs/stm32_mavlink_msgs/msg/detail/rs485_flash_save_request__traits.hpp
[20.004s] -- Up-to-date: /home/a/ws_nhk/install/stm32_mavlink_msgs/include/stm32_mavlink_msgs/stm32_mavlink_msgs/msg/detail/limit_switch_status__type_support.hpp
[20.004s] -- Up-to-date: /home/a/ws_nhk/install/stm32_mavlink_msgs/include/stm32_mavlink_msgs/stm32_mavlink_msgs/msg/detail/rs485_motor_command__type_support.hpp
[20.004s] -- Up-to-date: /home/a/ws_nhk/install/stm32_mavlink_msgs/include/stm32_mavlink_msgs/stm32_mavlink_msgs/msg/detail/dc_motor_state__struct.hpp
[20.004s] -- Up-to-date: /home/a/ws_nhk/install/stm32_mavlink_msgs/include/stm32_mavlink_msgs/stm32_mavlink_msgs/msg/detail/limit_switch_status__builder.hpp
[20.004s] -- Up-to-date: /home/a/ws_nhk/install/stm32_mavlink_msgs/include/stm32_mavlink_msgs/stm32_mavlink_msgs/msg/detail/robomaster_motor_state__traits.hpp
[20.004s] -- Up-to-date: /home/a/ws_nhk/install/stm32_mavlink_msgs/include/stm32_mavlink_msgs/stm32_mavlink_msgs/msg/detail/rs485_motor_config__builder.hpp
[20.004s] -- Up-to-date: /home/a/ws_nhk/install/stm32_mavlink_msgs/include/stm32_mavlink_msgs/stm32_mavlink_msgs/msg/detail/servo_state__struct.hpp
[20.004s] -- Up-to-date: /home/a/ws_nhk/install/stm32_mavlink_msgs/include/stm32_mavlink_msgs/stm32_mavlink_msgs/msg/detail/dc_motor_config__type_support.hpp
[20.004s] -- Up-to-date: /home/a/ws_nhk/install/stm32_mavlink_msgs/include/stm32_mavlink_msgs/stm32_mavlink_msgs/msg/detail/rs485_read_response__type_support.hpp
[20.005s] -- Up-to-date: /home/a/ws_nhk/install/stm32_mavlink_msgs/include/stm32_mavlink_msgs/stm32_mavlink_msgs/msg/detail/rs485_read_response__builder.hpp
[20.005s] -- Up-to-date: /home/a/ws_nhk/install/stm32_mavlink_msgs/include/stm32_mavlink_msgs/stm32_mavlink_msgs/msg/detail/encoder_state__builder.hpp
[20.005s] -- Up-to-date: /home/a/ws_nhk/install/stm32_mavlink_msgs/include/stm32_mavlink_msgs/stm32_mavlink_msgs/msg/detail/dc_motor_state__traits.hpp
[20.005s] -- Up-to-date: /home/a/ws_nhk/install/stm32_mavlink_msgs/include/stm32_mavlink_msgs/stm32_mavlink_msgs/msg/detail/rs485_write_response__struct.hpp
[20.005s] -- Up-to-date: /home/a/ws_nhk/install/stm32_mavlink_msgs/include/stm32_mavlink_msgs/stm32_mavlink_msgs/msg/detail/robomaster_motor_config__type_support.hpp
[20.005s] -- Up-to-date: /home/a/ws_nhk/install/stm32_mavlink_msgs/include/stm32_mavlink_msgs/stm32_mavlink_msgs/msg/detail/solenoid_status__struct.hpp
[20.005s] -- Up-to-date: /home/a/ws_nhk/install/stm32_mavlink_msgs/include/stm32_mavlink_msgs/stm32_mavlink_msgs/msg/detail/dc_motor_config__builder.hpp
[20.005s] -- Up-to-date: /home/a/ws_nhk/install/stm32_mavlink_msgs/include/stm32_mavlink_msgs/stm32_mavlink_msgs/msg/detail/rs485_read_response__struct.hpp
[20.005s] -- Up-to-date: /home/a/ws_nhk/install/stm32_mavlink_msgs/include/stm32_mavlink_msgs/stm32_mavlink_msgs/msg/detail/dc_motor_config__struct.hpp
[20.005s] -- Up-to-date: /home/a/ws_nhk/install/stm32_mavlink_msgs/include/stm32_mavlink_msgs/stm32_mavlink_msgs/msg/detail/rs485_motor_command__struct.hpp
[20.005s] -- Up-to-date: /home/a/ws_nhk/install/stm32_mavlink_msgs/include/stm32_mavlink_msgs/stm32_mavlink_msgs/msg/detail/wtt12_l_status__struct.hpp
[20.005s] -- Up-to-date: /home/a/ws_nhk/install/stm32_mavlink_msgs/include/stm32_mavlink_msgs/stm32_mavlink_msgs/msg/detail/dc_motor_command__builder.hpp
[20.005s] -- Up-to-date: /home/a/ws_nhk/install/stm32_mavlink_msgs/include/stm32_mavlink_msgs/stm32_mavlink_msgs/msg/detail/dc_motor_command__struct.hpp
[20.005s] -- Up-to-date: /home/a/ws_nhk/install/stm32_mavlink_msgs/include/stm32_mavlink_msgs/stm32_mavlink_msgs/msg/detail/solenoid_status__traits.hpp
[20.005s] -- Up-to-date: /home/a/ws_nhk/install/stm32_mavlink_msgs/include/stm32_mavlink_msgs/stm32_mavlink_msgs/msg/detail/servo_state__traits.hpp
[20.005s] -- Up-to-date: /home/a/ws_nhk/install/stm32_mavlink_msgs/include/stm32_mavlink_msgs/stm32_mavlink_msgs/msg/detail/rs485_write_request__builder.hpp
[20.006s] -- Up-to-date: /home/a/ws_nhk/install/stm32_mavlink_msgs/include/stm32_mavlink_msgs/stm32_mavlink_msgs/msg/detail/robomaster_motor_config__traits.hpp
[20.006s] -- Up-to-date: /home/a/ws_nhk/install/stm32_mavlink_msgs/include/stm32_mavlink_msgs/stm32_mavlink_msgs/msg/detail/robomaster_motor_state__builder.hpp
[20.006s] -- Up-to-date: /home/a/ws_nhk/install/stm32_mavlink_msgs/include/stm32_mavlink_msgs/stm32_mavlink_msgs/msg/detail/rs485_write_request__type_support.hpp
[20.006s] -- Up-to-date: /home/a/ws_nhk/install/stm32_mavlink_msgs/include/stm32_mavlink_msgs/stm32_mavlink_msgs/msg/detail/rs485_motor_state__type_support.hpp
[20.006s] -- Up-to-date: /home/a/ws_nhk/install/stm32_mavlink_msgs/include/stm32_mavlink_msgs/stm32_mavlink_msgs/msg/detail/rs485_write_request__traits.hpp
[20.006s] -- Up-to-date: /home/a/ws_nhk/install/stm32_mavlink_msgs/include/stm32_mavlink_msgs/stm32_mavlink_msgs/msg/detail/rs485_read_response__traits.hpp
[20.006s] -- Up-to-date: /home/a/ws_nhk/install/stm32_mavlink_msgs/include/stm32_mavlink_msgs/stm32_mavlink_msgs/msg/detail/robomaster_motor_command__struct.hpp
[20.006s] -- Up-to-date: /home/a/ws_nhk/install/stm32_mavlink_msgs/include/stm32_mavlink_msgs/stm32_mavlink_msgs/msg/detail/servo_command__struct.hpp
[20.006s] -- Up-to-date: /home/a/ws_nhk/install/stm32_mavlink_msgs/include/stm32_mavlink_msgs/stm32_mavlink_msgs/msg/detail/wtt12_l_status__builder.hpp
[20.006s] -- Up-to-date: /home/a/ws_nhk/install/stm32_mavlink_msgs/include/stm32_mavlink_msgs/stm32_mavlink_msgs/msg/detail/servo_state__type_support.hpp
[20.006s] -- Up-to-date: /home/a/ws_nhk/install/stm32_mavlink_msgs/include/stm32_mavlink_msgs/stm32_mavlink_msgs/msg/detail/encoder_state__struct.hpp
[20.006s] -- Up-to-date: /home/a/ws_nhk/install/stm32_mavlink_msgs/include/stm32_mavlink_msgs/stm32_mavlink_msgs/msg/detail/dc_motor_state__builder.hpp
[20.006s] -- Up-to-date: /home/a/ws_nhk/install/stm32_mavlink_msgs/include/stm32_mavlink_msgs/stm32_mavlink_msgs/msg/detail/rs485_flash_save_request__type_support.hpp
[20.006s] -- Up-to-date: /home/a/ws_nhk/install/stm32_mavlink_msgs/include/stm32_mavlink_msgs/stm32_mavlink_msgs/msg/detail/encoder_config__traits.hpp
[20.006s] -- Up-to-date: /home/a/ws_nhk/install/stm32_mavlink_msgs/include/stm32_mavlink_msgs/stm32_mavlink_msgs/msg/detail/dc_motor_state__type_support.hpp
[20.007s] -- Up-to-date: /home/a/ws_nhk/install/stm32_mavlink_msgs/include/stm32_mavlink_msgs/stm32_mavlink_msgs/msg/detail/dc_motor_config__traits.hpp
[20.007s] -- Up-to-date: /home/a/ws_nhk/install/stm32_mavlink_msgs/include/stm32_mavlink_msgs/stm32_mavlink_msgs/msg/detail/dc_motor_command__traits.hpp
[20.007s] -- Up-to-date: /home/a/ws_nhk/install/stm32_mavlink_msgs/include/stm32_mavlink_msgs/stm32_mavlink_msgs/msg/detail/rs485_motor_state__builder.hpp
[20.007s] -- Up-to-date: /home/a/ws_nhk/install/stm32_mavlink_msgs/include/stm32_mavlink_msgs/stm32_mavlink_msgs/msg/detail/rs485_write_response__type_support.hpp
[20.007s] -- Up-to-date: /home/a/ws_nhk/install/stm32_mavlink_msgs/include/stm32_mavlink_msgs/stm32_mavlink_msgs/msg/detail/encoder_config__builder.hpp
[20.007s] -- Up-to-date: /home/a/ws_nhk/install/stm32_mavlink_msgs/include/stm32_mavlink_msgs/stm32_mavlink_msgs/msg/detail/rs485_motor_state__struct.hpp
[20.007s] -- Up-to-date: /home/a/ws_nhk/install/stm32_mavlink_msgs/include/stm32_mavlink_msgs/stm32_mavlink_msgs/msg/detail/rs485_read_request__type_support.hpp
[20.007s] -- Up-to-date: /home/a/ws_nhk/install/stm32_mavlink_msgs/include/stm32_mavlink_msgs/stm32_mavlink_msgs/msg/detail/rs485_read_request__traits.hpp
[20.007s] -- Up-to-date: /home/a/ws_nhk/install/stm32_mavlink_msgs/include/stm32_mavlink_msgs/stm32_mavlink_msgs/msg/detail/rs485_write_request__struct.hpp
[20.007s] -- Up-to-date: /home/a/ws_nhk/install/stm32_mavlink_msgs/include/stm32_mavlink_msgs/stm32_mavlink_msgs/msg/detail/rs485_read_request__struct.hpp
[20.007s] -- Up-to-date: /home/a/ws_nhk/install/stm32_mavlink_msgs/include/stm32_mavlink_msgs/stm32_mavlink_msgs/msg/detail/robomaster_motor_state__struct.hpp
[20.007s] -- Up-to-date: /home/a/ws_nhk/install/stm32_mavlink_msgs/include/stm32_mavlink_msgs/stm32_mavlink_msgs/msg/detail/servo_command__builder.hpp
[20.007s] -- Up-to-date: /home/a/ws_nhk/install/stm32_mavlink_msgs/include/stm32_mavlink_msgs/stm32_mavlink_msgs/msg/detail/solenoid_status__type_support.hpp
[20.007s] -- Up-to-date: /home/a/ws_nhk/install/stm32_mavlink_msgs/include/stm32_mavlink_msgs/stm32_mavlink_msgs/msg/detail/rs485_motor_config__traits.hpp
[20.007s] -- Up-to-date: /home/a/ws_nhk/install/stm32_mavlink_msgs/include/stm32_mavlink_msgs/stm32_mavlink_msgs/msg/detail/encoder_state__traits.hpp
[20.007s] -- Up-to-date: /home/a/ws_nhk/install/stm32_mavlink_msgs/include/stm32_mavlink_msgs/stm32_mavlink_msgs/msg/detail/limit_switch_status__traits.hpp
[20.008s] -- Up-to-date: /home/a/ws_nhk/install/stm32_mavlink_msgs/include/stm32_mavlink_msgs/stm32_mavlink_msgs/msg/detail/rs485_flash_save_request__struct.hpp
[20.008s] -- Up-to-date: /home/a/ws_nhk/install/stm32_mavlink_msgs/include/stm32_mavlink_msgs/stm32_mavlink_msgs/msg/detail/wtt12_l_status__type_support.hpp
[20.008s] -- Up-to-date: /home/a/ws_nhk/install/stm32_mavlink_msgs/include/stm32_mavlink_msgs/stm32_mavlink_msgs/msg/detail/solenoid_command__type_support.hpp
[20.008s] -- Up-to-date: /home/a/ws_nhk/install/stm32_mavlink_msgs/include/stm32_mavlink_msgs/stm32_mavlink_msgs/msg/detail/solenoid_status__builder.hpp
[20.008s] -- Up-to-date: /home/a/ws_nhk/install/stm32_mavlink_msgs/include/stm32_mavlink_msgs/stm32_mavlink_msgs/msg/detail/robomaster_motor_state__type_support.hpp
[20.008s] -- Up-to-date: /home/a/ws_nhk/install/stm32_mavlink_msgs/include/stm32_mavlink_msgs/stm32_mavlink_msgs/msg/detail/rs485_motor_command__traits.hpp
[20.008s] -- Up-to-date: /home/a/ws_nhk/install/stm32_mavlink_msgs/include/stm32_mavlink_msgs/stm32_mavlink_msgs/msg/detail/encoder_config__type_support.hpp
[20.008s] -- Up-to-date: /home/a/ws_nhk/install/stm32_mavlink_msgs/include/stm32_mavlink_msgs/stm32_mavlink_msgs/msg/detail/solenoid_command__struct.hpp
[20.008s] -- Up-to-date: /home/a/ws_nhk/install/stm32_mavlink_msgs/include/stm32_mavlink_msgs/stm32_mavlink_msgs/msg/detail/servo_command__traits.hpp
[20.008s] -- Up-to-date: /home/a/ws_nhk/install/stm32_mavlink_msgs/include/stm32_mavlink_msgs/stm32_mavlink_msgs/msg/detail/rs485_write_response__traits.hpp
[20.008s] -- Up-to-date: /home/a/ws_nhk/install/stm32_mavlink_msgs/include/stm32_mavlink_msgs/stm32_mavlink_msgs/msg/detail/servo_state__builder.hpp
[20.008s] -- Up-to-date: /home/a/ws_nhk/install/stm32_mavlink_msgs/include/stm32_mavlink_msgs/stm32_mavlink_msgs/msg/detail/robomaster_motor_command__builder.hpp
[20.008s] -- Up-to-date: /home/a/ws_nhk/install/stm32_mavlink_msgs/include/stm32_mavlink_msgs/stm32_mavlink_msgs/msg/detail/robomaster_motor_command__traits.hpp
[20.008s] -- Up-to-date: /home/a/ws_nhk/install/stm32_mavlink_msgs/include/stm32_mavlink_msgs/stm32_mavlink_msgs/msg/detail/rs485_write_response__builder.hpp
[20.008s] -- Up-to-date: /home/a/ws_nhk/install/stm32_mavlink_msgs/include/stm32_mavlink_msgs/stm32_mavlink_msgs/msg/detail/dc_motor_command__type_support.hpp
[20.009s] -- Up-to-date: /home/a/ws_nhk/install/stm32_mavlink_msgs/include/stm32_mavlink_msgs/stm32_mavlink_msgs/msg/detail/robomaster_motor_command__type_support.hpp
[20.009s] -- Up-to-date: /home/a/ws_nhk/install/stm32_mavlink_msgs/include/stm32_mavlink_msgs/stm32_mavlink_msgs/msg/detail/rs485_motor_config__struct.hpp
[20.009s] -- Up-to-date: /home/a/ws_nhk/install/stm32_mavlink_msgs/include/stm32_mavlink_msgs/stm32_mavlink_msgs/msg/detail/robomaster_motor_config__builder.hpp
[20.009s] -- Up-to-date: /home/a/ws_nhk/install/stm32_mavlink_msgs/include/stm32_mavlink_msgs/stm32_mavlink_msgs/msg/detail/rs485_motor_config__type_support.hpp
[20.009s] -- Up-to-date: /home/a/ws_nhk/install/stm32_mavlink_msgs/include/stm32_mavlink_msgs/stm32_mavlink_msgs/msg/detail/robomaster_motor_config__struct.hpp
[20.009s] -- Up-to-date: /home/a/ws_nhk/install/stm32_mavlink_msgs/include/stm32_mavlink_msgs/stm32_mavlink_msgs/msg/detail/rs485_flash_save_request__builder.hpp
[20.009s] -- Up-to-date: /home/a/ws_nhk/install/stm32_mavlink_msgs/include/stm32_mavlink_msgs/stm32_mavlink_msgs/msg/detail/encoder_config__struct.hpp
[20.009s] -- Up-to-date: /home/a/ws_nhk/install/stm32_mavlink_msgs/include/stm32_mavlink_msgs/stm32_mavlink_msgs/msg/detail/servo_command__type_support.hpp
[20.009s] -- Up-to-date: /home/a/ws_nhk/install/stm32_mavlink_msgs/include/stm32_mavlink_msgs/stm32_mavlink_msgs/msg/detail/rs485_motor_state__traits.hpp
[20.009s] -- Up-to-date: /home/a/ws_nhk/install/stm32_mavlink_msgs/include/stm32_mavlink_msgs/stm32_mavlink_msgs/msg/detail/rs485_read_request__builder.hpp
[20.009s] -- Up-to-date: /home/a/ws_nhk/install/stm32_mavlink_msgs/include/stm32_mavlink_msgs/stm32_mavlink_msgs/msg/rs485_motor_command.hpp
[20.009s] -- Up-to-date: /home/a/ws_nhk/install/stm32_mavlink_msgs/include/stm32_mavlink_msgs/stm32_mavlink_msgs/msg/solenoid_status.hpp
[20.009s] -- Up-to-date: /home/a/ws_nhk/install/stm32_mavlink_msgs/include/stm32_mavlink_msgs/stm32_mavlink_msgs/srv
[20.009s] -- Up-to-date: /home/a/ws_nhk/install/stm32_mavlink_msgs/include/stm32_mavlink_msgs/stm32_mavlink_msgs/srv/set_robomaster_motor_config.hpp
[20.009s] -- Up-to-date: /home/a/ws_nhk/install/stm32_mavlink_msgs/include/stm32_mavlink_msgs/stm32_mavlink_msgs/srv/get_dc_motor_config.hpp
[20.009s] -- Up-to-date: /home/a/ws_nhk/install/stm32_mavlink_msgs/include/stm32_mavlink_msgs/stm32_mavlink_msgs/srv/set_encoder_config.hpp
[20.010s] -- Up-to-date: /home/a/ws_nhk/install/stm32_mavlink_msgs/include/stm32_mavlink_msgs/stm32_mavlink_msgs/srv/read_rs485_param.hpp
[20.010s] -- Up-to-date: /home/a/ws_nhk/install/stm32_mavlink_msgs/include/stm32_mavlink_msgs/stm32_mavlink_msgs/srv/set_dc_motor_config.hpp
[20.010s] -- Up-to-date: /home/a/ws_nhk/install/stm32_mavlink_msgs/include/stm32_mavlink_msgs/stm32_mavlink_msgs/srv/write_rs485_param.hpp
[20.010s] -- Up-to-date: /home/a/ws_nhk/install/stm32_mavlink_msgs/include/stm32_mavlink_msgs/stm32_mavlink_msgs/srv/flash_save_rs485.hpp
[20.010s] -- Up-to-date: /home/a/ws_nhk/install/stm32_mavlink_msgs/include/stm32_mavlink_msgs/stm32_mavlink_msgs/srv/get_robomaster_motor_config.hpp
[20.010s] -- Up-to-date: /home/a/ws_nhk/install/stm32_mavlink_msgs/include/stm32_mavlink_msgs/stm32_mavlink_msgs/srv/detail
[20.010s] -- Up-to-date: /home/a/ws_nhk/install/stm32_mavlink_msgs/include/stm32_mavlink_msgs/stm32_mavlink_msgs/srv/detail/set_robomaster_motor_config__builder.hpp
[20.010s] -- Up-to-date: /home/a/ws_nhk/install/stm32_mavlink_msgs/include/stm32_mavlink_msgs/stm32_mavlink_msgs/srv/detail/flash_save_rs485__builder.hpp
[20.010s] -- Up-to-date: /home/a/ws_nhk/install/stm32_mavlink_msgs/include/stm32_mavlink_msgs/stm32_mavlink_msgs/srv/detail/set_servo_config__builder.hpp
[20.010s] -- Up-to-date: /home/a/ws_nhk/install/stm32_mavlink_msgs/include/stm32_mavlink_msgs/stm32_mavlink_msgs/srv/detail/write_rs485_param__builder.hpp
[20.010s] -- Up-to-date: /home/a/ws_nhk/install/stm32_mavlink_msgs/include/stm32_mavlink_msgs/stm32_mavlink_msgs/srv/detail/write_rs485_param__struct.hpp
[20.010s] -- Up-to-date: /home/a/ws_nhk/install/stm32_mavlink_msgs/include/stm32_mavlink_msgs/stm32_mavlink_msgs/srv/detail/set_dc_motor_config__traits.hpp
[20.010s] -- Up-to-date: /home/a/ws_nhk/install/stm32_mavlink_msgs/include/stm32_mavlink_msgs/stm32_mavlink_msgs/srv/detail/set_servo_config__traits.hpp
[20.010s] -- Up-to-date: /home/a/ws_nhk/install/stm32_mavlink_msgs/include/stm32_mavlink_msgs/stm32_mavlink_msgs/srv/detail/read_rs485_param__struct.hpp
[20.010s] -- Up-to-date: /home/a/ws_nhk/install/stm32_mavlink_msgs/include/stm32_mavlink_msgs/stm32_mavlink_msgs/srv/detail/set_encoder_config__type_support.hpp
[20.010s] -- Up-to-date: /home/a/ws_nhk/install/stm32_mavlink_msgs/include/stm32_mavlink_msgs/stm32_mavlink_msgs/srv/detail/write_rs485_param__traits.hpp
[20.011s] -- Up-to-date: /home/a/ws_nhk/install/stm32_mavlink_msgs/include/stm32_mavlink_msgs/stm32_mavlink_msgs/srv/detail/get_robomaster_motor_config__struct.hpp
[20.011s] -- Up-to-date: /home/a/ws_nhk/install/stm32_mavlink_msgs/include/stm32_mavlink_msgs/stm32_mavlink_msgs/srv/detail/set_servo_config__type_support.hpp
[20.011s] -- Up-to-date: /home/a/ws_nhk/install/stm32_mavlink_msgs/include/stm32_mavlink_msgs/stm32_mavlink_msgs/srv/detail/get_dc_motor_config__struct.hpp
[20.011s] -- Up-to-date: /home/a/ws_nhk/install/stm32_mavlink_msgs/include/stm32_mavlink_msgs/stm32_mavlink_msgs/srv/detail/read_rs485_param__type_support.hpp
[20.011s] -- Up-to-date: /home/a/ws_nhk/install/stm32_mavlink_msgs/include/stm32_mavlink_msgs/stm32_mavlink_msgs/srv/detail/set_dc_motor_config__builder.hpp
[20.011s] -- Up-to-date: /home/a/ws_nhk/install/stm32_mavlink_msgs/include/stm32_mavlink_msgs/stm32_mavlink_msgs/srv/detail/set_encoder_config__traits.hpp
[20.011s] -- Up-to-date: /home/a/ws_nhk/install/stm32_mavlink_msgs/include/stm32_mavlink_msgs/stm32_mavlink_msgs/srv/detail/flash_save_rs485__traits.hpp
[20.011s] -- Up-to-date: /home/a/ws_nhk/install/stm32_mavlink_msgs/include/stm32_mavlink_msgs/stm32_mavlink_msgs/srv/detail/get_dc_motor_config__builder.hpp
[20.011s] -- Up-to-date: /home/a/ws_nhk/install/stm32_mavlink_msgs/include/stm32_mavlink_msgs/stm32_mavlink_msgs/srv/detail/set_robomaster_motor_config__struct.hpp
[20.011s] -- Up-to-date: /home/a/ws_nhk/install/stm32_mavlink_msgs/include/stm32_mavlink_msgs/stm32_mavlink_msgs/srv/detail/flash_save_rs485__struct.hpp
[20.011s] -- Up-to-date: /home/a/ws_nhk/install/stm32_mavlink_msgs/include/stm32_mavlink_msgs/stm32_mavlink_msgs/srv/detail/set_servo_config__struct.hpp
[20.011s] -- Up-to-date: /home/a/ws_nhk/install/stm32_mavlink_msgs/include/stm32_mavlink_msgs/stm32_mavlink_msgs/srv/detail/flash_save_rs485__type_support.hpp
[20.011s] -- Up-to-date: /home/a/ws_nhk/install/stm32_mavlink_msgs/include/stm32_mavlink_msgs/stm32_mavlink_msgs/srv/detail/get_robomaster_motor_config__type_support.hpp
[20.011s] -- Up-to-date: /home/a/ws_nhk/install/stm32_mavlink_msgs/include/stm32_mavlink_msgs/stm32_mavlink_msgs/srv/detail/get_dc_motor_config__type_support.hpp
[20.011s] -- Up-to-date: /home/a/ws_nhk/install/stm32_mavlink_msgs/include/stm32_mavlink_msgs/stm32_mavlink_msgs/srv/detail/get_robomaster_motor_config__builder.hpp
[20.011s] -- Up-to-date: /home/a/ws_nhk/install/stm32_mavlink_msgs/include/stm32_mavlink_msgs/stm32_mavlink_msgs/srv/detail/set_dc_motor_config__struct.hpp
[20.012s] -- Up-to-date: /home/a/ws_nhk/install/stm32_mavlink_msgs/include/stm32_mavlink_msgs/stm32_mavlink_msgs/srv/detail/set_robomaster_motor_config__traits.hpp
[20.012s] -- Up-to-date: /home/a/ws_nhk/install/stm32_mavlink_msgs/include/stm32_mavlink_msgs/stm32_mavlink_msgs/srv/detail/write_rs485_param__type_support.hpp
[20.012s] -- Up-to-date: /home/a/ws_nhk/install/stm32_mavlink_msgs/include/stm32_mavlink_msgs/stm32_mavlink_msgs/srv/detail/set_encoder_config__builder.hpp
[20.012s] -- Up-to-date: /home/a/ws_nhk/install/stm32_mavlink_msgs/include/stm32_mavlink_msgs/stm32_mavlink_msgs/srv/detail/set_encoder_config__struct.hpp
[20.012s] -- Up-to-date: /home/a/ws_nhk/install/stm32_mavlink_msgs/include/stm32_mavlink_msgs/stm32_mavlink_msgs/srv/detail/read_rs485_param__builder.hpp
[20.012s] -- Up-to-date: /home/a/ws_nhk/install/stm32_mavlink_msgs/include/stm32_mavlink_msgs/stm32_mavlink_msgs/srv/detail/get_dc_motor_config__traits.hpp
[20.012s] -- Up-to-date: /home/a/ws_nhk/install/stm32_mavlink_msgs/include/stm32_mavlink_msgs/stm32_mavlink_msgs/srv/detail/get_robomaster_motor_config__traits.hpp
[20.012s] -- Up-to-date: /home/a/ws_nhk/install/stm32_mavlink_msgs/include/stm32_mavlink_msgs/stm32_mavlink_msgs/srv/detail/set_robomaster_motor_config__type_support.hpp
[20.012s] -- Up-to-date: /home/a/ws_nhk/install/stm32_mavlink_msgs/include/stm32_mavlink_msgs/stm32_mavlink_msgs/srv/detail/read_rs485_param__traits.hpp
[20.012s] -- Up-to-date: /home/a/ws_nhk/install/stm32_mavlink_msgs/include/stm32_mavlink_msgs/stm32_mavlink_msgs/srv/detail/set_dc_motor_config__type_support.hpp
[20.012s] -- Up-to-date: /home/a/ws_nhk/install/stm32_mavlink_msgs/include/stm32_mavlink_msgs/stm32_mavlink_msgs/srv/set_servo_config.hpp
[20.012s] -- Up-to-date: /home/a/ws_nhk/install/stm32_mavlink_msgs/include/stm32_mavlink_msgs/stm32_mavlink_msgs
[20.012s] -- Up-to-date: /home/a/ws_nhk/install/stm32_mavlink_msgs/include/stm32_mavlink_msgs/stm32_mavlink_msgs/msg
[20.012s] -- Up-to-date: /home/a/ws_nhk/install/stm32_mavlink_msgs/include/stm32_mavlink_msgs/stm32_mavlink_msgs/msg/detail
[20.012s] -- Up-to-date: /home/a/ws_nhk/install/stm32_mavlink_msgs/include/stm32_mavlink_msgs/stm32_mavlink_msgs/msg/detail/rs485_read_response__rosidl_typesupport_fastrtps_cpp.hpp
[20.013s] -- Up-to-date: /home/a/ws_nhk/install/stm32_mavlink_msgs/include/stm32_mavlink_msgs/stm32_mavlink_msgs/msg/detail/rs485_motor_config__rosidl_typesupport_fastrtps_cpp.hpp
[20.013s] -- Up-to-date: /home/a/ws_nhk/install/stm32_mavlink_msgs/include/stm32_mavlink_msgs/stm32_mavlink_msgs/msg/detail/dc_motor_config__rosidl_typesupport_fastrtps_cpp.hpp
[20.013s] -- Up-to-date: /home/a/ws_nhk/install/stm32_mavlink_msgs/include/stm32_mavlink_msgs/stm32_mavlink_msgs/msg/detail/robomaster_motor_command__rosidl_typesupport_fastrtps_cpp.hpp
[20.013s] -- Up-to-date: /home/a/ws_nhk/install/stm32_mavlink_msgs/include/stm32_mavlink_msgs/stm32_mavlink_msgs/msg/detail/encoder_state__rosidl_typesupport_fastrtps_cpp.hpp
[20.013s] -- Up-to-date: /home/a/ws_nhk/install/stm32_mavlink_msgs/include/stm32_mavlink_msgs/stm32_mavlink_msgs/msg/detail/wtt12_l_status__rosidl_typesupport_fastrtps_cpp.hpp
[20.013s] -- Up-to-date: /home/a/ws_nhk/install/stm32_mavlink_msgs/include/stm32_mavlink_msgs/stm32_mavlink_msgs/msg/detail/limit_switch_status__rosidl_typesupport_fastrtps_cpp.hpp
[20.013s] -- Up-to-date: /home/a/ws_nhk/install/stm32_mavlink_msgs/include/stm32_mavlink_msgs/stm32_mavlink_msgs/msg/detail/dc_motor_state__rosidl_typesupport_fastrtps_cpp.hpp
[20.013s] -- Up-to-date: /home/a/ws_nhk/install/stm32_mavlink_msgs/include/stm32_mavlink_msgs/stm32_mavlink_msgs/msg/detail/rs485_motor_state__rosidl_typesupport_fastrtps_cpp.hpp
[20.013s] -- Up-to-date: /home/a/ws_nhk/install/stm32_mavlink_msgs/include/stm32_mavlink_msgs/stm32_mavlink_msgs/msg/detail/rs485_flash_save_request__rosidl_typesupport_fastrtps_cpp.hpp
[20.013s] -- Up-to-date: /home/a/ws_nhk/install/stm32_mavlink_msgs/include/stm32_mavlink_msgs/stm32_mavlink_msgs/msg/detail/encoder_config__rosidl_typesupport_fastrtps_cpp.hpp
[20.013s] -- Up-to-date: /home/a/ws_nhk/install/stm32_mavlink_msgs/include/stm32_mavlink_msgs/stm32_mavlink_msgs/msg/detail/dc_motor_command__rosidl_typesupport_fastrtps_cpp.hpp
[20.013s] -- Up-to-date: /home/a/ws_nhk/install/stm32_mavlink_msgs/include/stm32_mavlink_msgs/stm32_mavlink_msgs/msg/detail/robomaster_motor_config__rosidl_typesupport_fastrtps_cpp.hpp
[20.013s] -- Up-to-date: /home/a/ws_nhk/install/stm32_mavlink_msgs/include/stm32_mavlink_msgs/stm32_mavlink_msgs/msg/detail/solenoid_status__rosidl_typesupport_fastrtps_cpp.hpp
[20.013s] -- Up-to-date: /home/a/ws_nhk/install/stm32_mavlink_msgs/include/stm32_mavlink_msgs/stm32_mavlink_msgs/msg/detail/rs485_read_request__rosidl_typesupport_fastrtps_cpp.hpp
[20.013s] -- Up-to-date: /home/a/ws_nhk/install/stm32_mavlink_msgs/include/stm32_mavlink_msgs/stm32_mavlink_msgs/msg/detail/robomaster_motor_state__rosidl_typesupport_fastrtps_cpp.hpp
[20.014s] -- Up-to-date: /home/a/ws_nhk/install/stm32_mavlink_msgs/include/stm32_mavlink_msgs/stm32_mavlink_msgs/msg/detail/servo_state__rosidl_typesupport_fastrtps_cpp.hpp
[20.014s] -- Up-to-date: /home/a/ws_nhk/install/stm32_mavlink_msgs/include/stm32_mavlink_msgs/stm32_mavlink_msgs/msg/detail/servo_command__rosidl_typesupport_fastrtps_cpp.hpp
[20.014s] -- Up-to-date: /home/a/ws_nhk/install/stm32_mavlink_msgs/include/stm32_mavlink_msgs/stm32_mavlink_msgs/msg/detail/dds_fastrtps
[20.014s] -- Up-to-date: /home/a/ws_nhk/install/stm32_mavlink_msgs/include/stm32_mavlink_msgs/stm32_mavlink_msgs/msg/detail/solenoid_command__rosidl_typesupport_fastrtps_cpp.hpp
[20.014s] -- Up-to-date: /home/a/ws_nhk/install/stm32_mavlink_msgs/include/stm32_mavlink_msgs/stm32_mavlink_msgs/msg/detail/rs485_motor_command__rosidl_typesupport_fastrtps_cpp.hpp
[20.014s] -- Up-to-date: /home/a/ws_nhk/install/stm32_mavlink_msgs/include/stm32_mavlink_msgs/stm32_mavlink_msgs/msg/detail/rs485_write_request__rosidl_typesupport_fastrtps_cpp.hpp
[20.014s] -- Up-to-date: /home/a/ws_nhk/install/stm32_mavlink_msgs/include/stm32_mavlink_msgs/stm32_mavlink_msgs/msg/detail/rs485_write_response__rosidl_typesupport_fastrtps_cpp.hpp
[20.014s] -- Up-to-date: /home/a/ws_nhk/install/stm32_mavlink_msgs/include/stm32_mavlink_msgs/stm32_mavlink_msgs/msg/rosidl_typesupport_fastrtps_cpp__visibility_control.h
[20.014s] -- Up-to-date: /home/a/ws_nhk/install/stm32_mavlink_msgs/include/stm32_mavlink_msgs/stm32_mavlink_msgs/srv
[20.014s] -- Up-to-date: /home/a/ws_nhk/install/stm32_mavlink_msgs/include/stm32_mavlink_msgs/stm32_mavlink_msgs/srv/detail
[20.014s] -- Up-to-date: /home/a/ws_nhk/install/stm32_mavlink_msgs/include/stm32_mavlink_msgs/stm32_mavlink_msgs/srv/detail/set_encoder_config__rosidl_typesupport_fastrtps_cpp.hpp
[20.014s] -- Up-to-date: /home/a/ws_nhk/install/stm32_mavlink_msgs/include/stm32_mavlink_msgs/stm32_mavlink_msgs/srv/detail/set_servo_config__rosidl_typesupport_fastrtps_cpp.hpp
[20.014s] -- Up-to-date: /home/a/ws_nhk/install/stm32_mavlink_msgs/include/stm32_mavlink_msgs/stm32_mavlink_msgs/srv/detail/set_robomaster_motor_config__rosidl_typesupport_fastrtps_cpp.hpp
[20.014s] -- Up-to-date: /home/a/ws_nhk/install/stm32_mavlink_msgs/include/stm32_mavlink_msgs/stm32_mavlink_msgs/srv/detail/get_dc_motor_config__rosidl_typesupport_fastrtps_cpp.hpp
[20.014s] -- Up-to-date: /home/a/ws_nhk/install/stm32_mavlink_msgs/include/stm32_mavlink_msgs/stm32_mavlink_msgs/srv/detail/flash_save_rs485__rosidl_typesupport_fastrtps_cpp.hpp
[20.014s] -- Up-to-date: /home/a/ws_nhk/install/stm32_mavlink_msgs/include/stm32_mavlink_msgs/stm32_mavlink_msgs/srv/detail/get_robomaster_motor_config__rosidl_typesupport_fastrtps_cpp.hpp
[20.015s] -- Up-to-date: /home/a/ws_nhk/install/stm32_mavlink_msgs/include/stm32_mavlink_msgs/stm32_mavlink_msgs/srv/detail/read_rs485_param__rosidl_typesupport_fastrtps_cpp.hpp
[20.015s] -- Up-to-date: /home/a/ws_nhk/install/stm32_mavlink_msgs/include/stm32_mavlink_msgs/stm32_mavlink_msgs/srv/detail/write_rs485_param__rosidl_typesupport_fastrtps_cpp.hpp
[20.015s] -- Up-to-date: /home/a/ws_nhk/install/stm32_mavlink_msgs/include/stm32_mavlink_msgs/stm32_mavlink_msgs/srv/detail/dds_fastrtps
[20.015s] -- Up-to-date: /home/a/ws_nhk/install/stm32_mavlink_msgs/include/stm32_mavlink_msgs/stm32_mavlink_msgs/srv/detail/set_dc_motor_config__rosidl_typesupport_fastrtps_cpp.hpp
[20.015s] -- Installing: /home/a/ws_nhk/install/stm32_mavlink_msgs/lib/libstm32_mavlink_msgs__rosidl_typesupport_fastrtps_cpp.so
[20.015s] -- Set runtime path of "/home/a/ws_nhk/install/stm32_mavlink_msgs/lib/libstm32_mavlink_msgs__rosidl_typesupport_fastrtps_cpp.so" to ""
[20.015s] -- Up-to-date: /home/a/ws_nhk/install/stm32_mavlink_msgs/include/stm32_mavlink_msgs/stm32_mavlink_msgs
[20.015s] -- Up-to-date: /home/a/ws_nhk/install/stm32_mavlink_msgs/include/stm32_mavlink_msgs/stm32_mavlink_msgs/msg
[20.015s] -- Up-to-date: /home/a/ws_nhk/install/stm32_mavlink_msgs/include/stm32_mavlink_msgs/stm32_mavlink_msgs/msg/detail
[20.015s] -- Up-to-date: /home/a/ws_nhk/install/stm32_mavlink_msgs/include/stm32_mavlink_msgs/stm32_mavlink_msgs/msg/detail/servo_state__rosidl_typesupport_introspection_cpp.hpp
[20.015s] -- Up-to-date: /home/a/ws_nhk/install/stm32_mavlink_msgs/include/stm32_mavlink_msgs/stm32_mavlink_msgs/msg/detail/rs485_write_request__rosidl_typesupport_introspection_cpp.hpp
[20.015s] -- Up-to-date: /home/a/ws_nhk/install/stm32_mavlink_msgs/include/stm32_mavlink_msgs/stm32_mavlink_msgs/msg/detail/solenoid_command__rosidl_typesupport_introspection_cpp.hpp
[20.015s] -- Up-to-date: /home/a/ws_nhk/install/stm32_mavlink_msgs/include/stm32_mavlink_msgs/stm32_mavlink_msgs/msg/detail/encoder_config__type_support.cpp
[20.015s] -- Up-to-date: /home/a/ws_nhk/install/stm32_mavlink_msgs/include/stm32_mavlink_msgs/stm32_mavlink_msgs/msg/detail/dc_motor_command__rosidl_typesupport_introspection_cpp.hpp
[20.015s] -- Up-to-date: /home/a/ws_nhk/install/stm32_mavlink_msgs/include/stm32_mavlink_msgs/stm32_mavlink_msgs/msg/detail/rs485_write_request__type_support.cpp
[20.015s] -- Up-to-date: /home/a/ws_nhk/install/stm32_mavlink_msgs/include/stm32_mavlink_msgs/stm32_mavlink_msgs/msg/detail/rs485_read_response__type_support.cpp
[20.016s] -- Up-to-date: /home/a/ws_nhk/install/stm32_mavlink_msgs/include/stm32_mavlink_msgs/stm32_mavlink_msgs/msg/detail/robomaster_motor_command__type_support.cpp
[20.016s] -- Up-to-date: /home/a/ws_nhk/install/stm32_mavlink_msgs/include/stm32_mavlink_msgs/stm32_mavlink_msgs/msg/detail/rs485_read_response__rosidl_typesupport_introspection_cpp.hpp
[20.016s] -- Up-to-date: /home/a/ws_nhk/install/stm32_mavlink_msgs/include/stm32_mavlink_msgs/stm32_mavlink_msgs/msg/detail/rs485_motor_command__type_support.cpp
[20.016s] -- Up-to-date: /home/a/ws_nhk/install/stm32_mavlink_msgs/include/stm32_mavlink_msgs/stm32_mavlink_msgs/msg/detail/limit_switch_status__type_support.cpp
[20.016s] -- Up-to-date: /home/a/ws_nhk/install/stm32_mavlink_msgs/include/stm32_mavlink_msgs/stm32_mavlink_msgs/msg/detail/solenoid_command__type_support.cpp
[20.016s] -- Up-to-date: /home/a/ws_nhk/install/stm32_mavlink_msgs/include/stm32_mavlink_msgs/stm32_mavlink_msgs/msg/detail/servo_command__type_support.cpp
[20.016s] -- Up-to-date: /home/a/ws_nhk/install/stm32_mavlink_msgs/include/stm32_mavlink_msgs/stm32_mavlink_msgs/msg/detail/wtt12_l_status__type_support.cpp
[20.016s] -- Up-to-date: /home/a/ws_nhk/install/stm32_mavlink_msgs/include/stm32_mavlink_msgs/stm32_mavlink_msgs/msg/detail/robomaster_motor_command__rosidl_typesupport_introspection_cpp.hpp
[20.016s] -- Up-to-date: /home/a/ws_nhk/install/stm32_mavlink_msgs/include/stm32_mavlink_msgs/stm32_mavlink_msgs/msg/detail/servo_state__type_support.cpp
[20.016s] -- Up-to-date: /home/a/ws_nhk/install/stm32_mavlink_msgs/include/stm32_mavlink_msgs/stm32_mavlink_msgs/msg/detail/solenoid_status__type_support.cpp
[20.016s] -- Up-to-date: /home/a/ws_nhk/install/stm32_mavlink_msgs/include/stm32_mavlink_msgs/stm32_mavlink_msgs/msg/detail/rs485_motor_state__rosidl_typesupport_introspection_cpp.hpp
[20.016s] -- Up-to-date: /home/a/ws_nhk/install/stm32_mavlink_msgs/include/stm32_mavlink_msgs/stm32_mavlink_msgs/msg/detail/dc_motor_config__rosidl_typesupport_introspection_cpp.hpp
[20.016s] -- Up-to-date: /home/a/ws_nhk/install/stm32_mavlink_msgs/include/stm32_mavlink_msgs/stm32_mavlink_msgs/msg/detail/wtt12_l_status__rosidl_typesupport_introspection_cpp.hpp
[20.016s] -- Up-to-date: /home/a/ws_nhk/install/stm32_mavlink_msgs/include/stm32_mavlink_msgs/stm32_mavlink_msgs/msg/detail/robomaster_motor_config__type_support.cpp
[20.016s] -- Up-to-date: /home/a/ws_nhk/install/stm32_mavlink_msgs/include/stm32_mavlink_msgs/stm32_mavlink_msgs/msg/detail/dc_motor_state__type_support.cpp
[20.017s] -- Up-to-date: /home/a/ws_nhk/install/stm32_mavlink_msgs/include/stm32_mavlink_msgs/stm32_mavlink_msgs/msg/detail/dc_motor_state__rosidl_typesupport_introspection_cpp.hpp
[20.017s] -- Up-to-date: /home/a/ws_nhk/install/stm32_mavlink_msgs/include/stm32_mavlink_msgs/stm32_mavlink_msgs/msg/detail/dc_motor_config__type_support.cpp
[20.017s] -- Up-to-date: /home/a/ws_nhk/install/stm32_mavlink_msgs/include/stm32_mavlink_msgs/stm32_mavlink_msgs/msg/detail/limit_switch_status__rosidl_typesupport_introspection_cpp.hpp
[20.017s] -- Up-to-date: /home/a/ws_nhk/install/stm32_mavlink_msgs/include/stm32_mavlink_msgs/stm32_mavlink_msgs/msg/detail/rs485_read_request__rosidl_typesupport_introspection_cpp.hpp
[20.017s] -- Up-to-date: /home/a/ws_nhk/install/stm32_mavlink_msgs/include/stm32_mavlink_msgs/stm32_mavlink_msgs/msg/detail/robomaster_motor_config__rosidl_typesupport_introspection_cpp.hpp
[20.017s] -- Up-to-date: /home/a/ws_nhk/install/stm32_mavlink_msgs/include/stm32_mavlink_msgs/stm32_mavlink_msgs/msg/detail/rs485_motor_command__rosidl_typesupport_introspection_cpp.hpp
[20.017s] -- Up-to-date: /home/a/ws_nhk/install/stm32_mavlink_msgs/include/stm32_mavlink_msgs/stm32_mavlink_msgs/msg/detail/solenoid_status__rosidl_typesupport_introspection_cpp.hpp
[20.017s] -- Up-to-date: /home/a/ws_nhk/install/stm32_mavlink_msgs/include/stm32_mavlink_msgs/stm32_mavlink_msgs/msg/detail/rs485_motor_state__type_support.cpp
[20.017s] -- Up-to-date: /home/a/ws_nhk/install/stm32_mavlink_msgs/include/stm32_mavlink_msgs/stm32_mavlink_msgs/msg/detail/servo_command__rosidl_typesupport_introspection_cpp.hpp
[20.017s] -- Up-to-date: /home/a/ws_nhk/install/stm32_mavlink_msgs/include/stm32_mavlink_msgs/stm32_mavlink_msgs/msg/detail/robomaster_motor_state__rosidl_typesupport_introspection_cpp.hpp
[20.017s] -- Up-to-date: /home/a/ws_nhk/install/stm32_mavlink_msgs/include/stm32_mavlink_msgs/stm32_mavlink_msgs/msg/detail/rs485_write_response__type_support.cpp
[20.017s] -- Up-to-date: /home/a/ws_nhk/install/stm32_mavlink_msgs/include/stm32_mavlink_msgs/stm32_mavlink_msgs/msg/detail/encoder_state__type_support.cpp
[20.017s] -- Up-to-date: /home/a/ws_nhk/install/stm32_mavlink_msgs/include/stm32_mavlink_msgs/stm32_mavlink_msgs/msg/detail/rs485_flash_save_request__rosidl_typesupport_introspection_cpp.hpp
[20.017s] -- Up-to-date: /home/a/ws_nhk/install/stm32_mavlink_msgs/include/stm32_mavlink_msgs/stm32_mavlink_msgs/msg/detail/encoder_config__rosidl_typesupport_introspection_cpp.hpp
[20.017s] -- Up-to-date: /home/a/ws_nhk/install/stm32_mavlink_msgs/include/stm32_mavlink_msgs/stm32_mavlink_msgs/msg/detail/robomaster_motor_state__type_support.cpp
[20.018s] -- Up-to-date: /home/a/ws_nhk/install/stm32_mavlink_msgs/include/stm32_mavlink_msgs/stm32_mavlink_msgs/msg/detail/rs485_motor_config__rosidl_typesupport_introspection_cpp.hpp
[20.018s] -- Up-to-date: /home/a/ws_nhk/install/stm32_mavlink_msgs/include/stm32_mavlink_msgs/stm32_mavlink_msgs/msg/detail/rs485_read_request__type_support.cpp
[20.018s] -- Up-to-date: /home/a/ws_nhk/install/stm32_mavlink_msgs/include/stm32_mavlink_msgs/stm32_mavlink_msgs/msg/detail/encoder_state__rosidl_typesupport_introspection_cpp.hpp
[20.018s] -- Up-to-date: /home/a/ws_nhk/install/stm32_mavlink_msgs/include/stm32_mavlink_msgs/stm32_mavlink_msgs/msg/detail/rs485_write_response__rosidl_typesupport_introspection_cpp.hpp
[20.018s] -- Up-to-date: /home/a/ws_nhk/install/stm32_mavlink_msgs/include/stm32_mavlink_msgs/stm32_mavlink_msgs/msg/detail/rs485_flash_save_request__type_support.cpp
[20.018s] -- Up-to-date: /home/a/ws_nhk/install/stm32_mavlink_msgs/include/stm32_mavlink_msgs/stm32_mavlink_msgs/msg/detail/rs485_motor_config__type_support.cpp
[20.018s] -- Up-to-date: /home/a/ws_nhk/install/stm32_mavlink_msgs/include/stm32_mavlink_msgs/stm32_mavlink_msgs/msg/detail/dc_motor_command__type_support.cpp
[20.018s] -- Up-to-date: /home/a/ws_nhk/install/stm32_mavlink_msgs/include/stm32_mavlink_msgs/stm32_mavlink_msgs/srv
[20.018s] -- Up-to-date: /home/a/ws_nhk/install/stm32_mavlink_msgs/include/stm32_mavlink_msgs/stm32_mavlink_msgs/srv/detail
[20.018s] -- Up-to-date: /home/a/ws_nhk/install/stm32_mavlink_msgs/include/stm32_mavlink_msgs/stm32_mavlink_msgs/srv/detail/set_dc_motor_config__rosidl_typesupport_introspection_cpp.hpp
[20.018s] -- Up-to-date: /home/a/ws_nhk/install/stm32_mavlink_msgs/include/stm32_mavlink_msgs/stm32_mavlink_msgs/srv/detail/flash_save_rs485__type_support.cpp
[20.018s] -- Up-to-date: /home/a/ws_nhk/install/stm32_mavlink_msgs/include/stm32_mavlink_msgs/stm32_mavlink_msgs/srv/detail/set_robomaster_motor_config__rosidl_typesupport_introspection_cpp.hpp
[20.018s] -- Up-to-date: /home/a/ws_nhk/install/stm32_mavlink_msgs/include/stm32_mavlink_msgs/stm32_mavlink_msgs/srv/detail/write_rs485_param__type_support.cpp
[20.018s] -- Up-to-date: /home/a/ws_nhk/install/stm32_mavlink_msgs/include/stm32_mavlink_msgs/stm32_mavlink_msgs/srv/detail/set_encoder_config__rosidl_typesupport_introspection_cpp.hpp
[20.018s] -- Up-to-date: /home/a/ws_nhk/install/stm32_mavlink_msgs/include/stm32_mavlink_msgs/stm32_mavlink_msgs/srv/detail/set_servo_config__rosidl_typesupport_introspection_cpp.hpp
[20.018s] -- Up-to-date: /home/a/ws_nhk/install/stm32_mavlink_msgs/include/stm32_mavlink_msgs/stm32_mavlink_msgs/srv/detail/set_encoder_config__type_support.cpp
[20.019s] -- Up-to-date: /home/a/ws_nhk/install/stm32_mavlink_msgs/include/stm32_mavlink_msgs/stm32_mavlink_msgs/srv/detail/get_dc_motor_config__rosidl_typesupport_introspection_cpp.hpp
[20.019s] -- Up-to-date: /home/a/ws_nhk/install/stm32_mavlink_msgs/include/stm32_mavlink_msgs/stm32_mavlink_msgs/srv/detail/get_robomaster_motor_config__type_support.cpp
[20.019s] -- Up-to-date: /home/a/ws_nhk/install/stm32_mavlink_msgs/include/stm32_mavlink_msgs/stm32_mavlink_msgs/srv/detail/write_rs485_param__rosidl_typesupport_introspection_cpp.hpp
[20.019s] -- Up-to-date: /home/a/ws_nhk/install/stm32_mavlink_msgs/include/stm32_mavlink_msgs/stm32_mavlink_msgs/srv/detail/get_robomaster_motor_config__rosidl_typesupport_introspection_cpp.hpp
[20.019s] -- Up-to-date: /home/a/ws_nhk/install/stm32_mavlink_msgs/include/stm32_mavlink_msgs/stm32_mavlink_msgs/srv/detail/set_dc_motor_config__type_support.cpp
[20.019s] -- Up-to-date: /home/a/ws_nhk/install/stm32_mavlink_msgs/include/stm32_mavlink_msgs/stm32_mavlink_msgs/srv/detail/read_rs485_param__type_support.cpp
[20.019s] -- Up-to-date: /home/a/ws_nhk/install/stm32_mavlink_msgs/include/stm32_mavlink_msgs/stm32_mavlink_msgs/srv/detail/get_dc_motor_config__type_support.cpp
[20.019s] -- Up-to-date: /home/a/ws_nhk/install/stm32_mavlink_msgs/include/stm32_mavlink_msgs/stm32_mavlink_msgs/srv/detail/set_robomaster_motor_config__type_support.cpp
[20.019s] -- Up-to-date: /home/a/ws_nhk/install/stm32_mavlink_msgs/include/stm32_mavlink_msgs/stm32_mavlink_msgs/srv/detail/flash_save_rs485__rosidl_typesupport_introspection_cpp.hpp
[20.019s] -- Up-to-date: /home/a/ws_nhk/install/stm32_mavlink_msgs/include/stm32_mavlink_msgs/stm32_mavlink_msgs/srv/detail/read_rs485_param__rosidl_typesupport_introspection_cpp.hpp
[20.019s] -- Up-to-date: /home/a/ws_nhk/install/stm32_mavlink_msgs/include/stm32_mavlink_msgs/stm32_mavlink_msgs/srv/detail/set_servo_config__type_support.cpp
[20.019s] -- Installing: /home/a/ws_nhk/install/stm32_mavlink_msgs/lib/libstm32_mavlink_msgs__rosidl_typesupport_introspection_cpp.so
[20.019s] -- Set runtime path of "/home/a/ws_nhk/install/stm32_mavlink_msgs/lib/libstm32_mavlink_msgs__rosidl_typesupport_introspection_cpp.so" to ""
[20.019s] -- Installing: /home/a/ws_nhk/install/stm32_mavlink_msgs/lib/libstm32_mavlink_msgs__rosidl_typesupport_cpp.so
[20.019s] -- Set runtime path of "/home/a/ws_nhk/install/stm32_mavlink_msgs/lib/libstm32_mavlink_msgs__rosidl_typesupport_cpp.so" to ""
[20.019s] -- Up-to-date: /home/a/ws_nhk/install/stm32_mavlink_msgs/share/stm32_mavlink_msgs/environment/pythonpath.sh
[20.020s] -- Installing: /home/a/ws_nhk/install/stm32_mavlink_msgs/share/stm32_mavlink_msgs/environment/pythonpath.dsv
[20.020s] -- Up-to-date: /home/a/ws_nhk/install/stm32_mavlink_msgs/local/lib/python3.10/dist-packages/stm32_mavlink_msgs-1.0.0-py3.10.egg-info
[20.020s] -- Installing: /home/a/ws_nhk/install/stm32_mavlink_msgs/local/lib/python3.10/dist-packages/stm32_mavlink_msgs-1.0.0-py3.10.egg-info/top_level.txt
[20.020s] -- Installing: /home/a/ws_nhk/install/stm32_mavlink_msgs/local/lib/python3.10/dist-packages/stm32_mavlink_msgs-1.0.0-py3.10.egg-info/SOURCES.txt
[20.020s] -- Installing: /home/a/ws_nhk/install/stm32_mavlink_msgs/local/lib/python3.10/dist-packages/stm32_mavlink_msgs-1.0.0-py3.10.egg-info/PKG-INFO
[20.020s] -- Installing: /home/a/ws_nhk/install/stm32_mavlink_msgs/local/lib/python3.10/dist-packages/stm32_mavlink_msgs-1.0.0-py3.10.egg-info/dependency_links.txt
[20.020s] -- Up-to-date: /home/a/ws_nhk/install/stm32_mavlink_msgs/local/lib/python3.10/dist-packages/stm32_mavlink_msgs
[20.020s] -- Installing: /home/a/ws_nhk/install/stm32_mavlink_msgs/local/lib/python3.10/dist-packages/stm32_mavlink_msgs/libstm32_mavlink_msgs__rosidl_generator_py.so
[20.020s] -- Installing: /home/a/ws_nhk/install/stm32_mavlink_msgs/local/lib/python3.10/dist-packages/stm32_mavlink_msgs/stm32_mavlink_msgs_s__rosidl_typesupport_c.cpython-310-x86_64-linux-gnu.so
[20.020s] -- Up-to-date: /home/a/ws_nhk/install/stm32_mavlink_msgs/local/lib/python3.10/dist-packages/stm32_mavlink_msgs/_stm32_mavlink_msgs_s.ep.rosidl_typesupport_introspection_c.c
[20.020s] -- Up-to-date: /home/a/ws_nhk/install/stm32_mavlink_msgs/local/lib/python3.10/dist-packages/stm32_mavlink_msgs/msg
[20.020s] -- Up-to-date: /home/a/ws_nhk/install/stm32_mavlink_msgs/local/lib/python3.10/dist-packages/stm32_mavlink_msgs/msg/_servo_command_s.c
[20.020s] -- Up-to-date: /home/a/ws_nhk/install/stm32_mavlink_msgs/local/lib/python3.10/dist-packages/stm32_mavlink_msgs/msg/_rs485_write_response.py
[20.020s] -- Up-to-date: /home/a/ws_nhk/install/stm32_mavlink_msgs/local/lib/python3.10/dist-packages/stm32_mavlink_msgs/msg/_rs485_motor_state.py
[20.020s] -- Up-to-date: /home/a/ws_nhk/install/stm32_mavlink_msgs/local/lib/python3.10/dist-packages/stm32_mavlink_msgs/msg/_rs485_flash_save_request.py
[20.020s] -- Up-to-date: /home/a/ws_nhk/install/stm32_mavlink_msgs/local/lib/python3.10/dist-packages/stm32_mavlink_msgs/msg/_servo_command.py
[20.021s] -- Up-to-date: /home/a/ws_nhk/install/stm32_mavlink_msgs/local/lib/python3.10/dist-packages/stm32_mavlink_msgs/msg/_servo_state_s.c
[20.021s] -- Up-to-date: /home/a/ws_nhk/install/stm32_mavlink_msgs/local/lib/python3.10/dist-packages/stm32_mavlink_msgs/msg/_rs485_motor_config_s.c
[20.021s] -- Up-to-date: /home/a/ws_nhk/install/stm32_mavlink_msgs/local/lib/python3.10/dist-packages/stm32_mavlink_msgs/msg/_robomaster_motor_state.py
[20.021s] -- Up-to-date: /home/a/ws_nhk/install/stm32_mavlink_msgs/local/lib/python3.10/dist-packages/stm32_mavlink_msgs/msg/_robomaster_motor_config_s.c
[20.021s] -- Up-to-date: /home/a/ws_nhk/install/stm32_mavlink_msgs/local/lib/python3.10/dist-packages/stm32_mavlink_msgs/msg/_rs485_read_request_s.c
[20.021s] -- Up-to-date: /home/a/ws_nhk/install/stm32_mavlink_msgs/local/lib/python3.10/dist-packages/stm32_mavlink_msgs/msg/_limit_switch_status_s.c
[20.021s] -- Up-to-date: /home/a/ws_nhk/install/stm32_mavlink_msgs/local/lib/python3.10/dist-packages/stm32_mavlink_msgs/msg/_dc_motor_config.py
[20.021s] -- Up-to-date: /home/a/ws_nhk/install/stm32_mavlink_msgs/local/lib/python3.10/dist-packages/stm32_mavlink_msgs/msg/_dc_motor_state.py
[20.021s] -- Up-to-date: /home/a/ws_nhk/install/stm32_mavlink_msgs/local/lib/python3.10/dist-packages/stm32_mavlink_msgs/msg/_dc_motor_config_s.c
[20.021s] -- Up-to-date: /home/a/ws_nhk/install/stm32_mavlink_msgs/local/lib/python3.10/dist-packages/stm32_mavlink_msgs/msg/_robomaster_motor_state_s.c
[20.021s] -- Up-to-date: /home/a/ws_nhk/install/stm32_mavlink_msgs/local/lib/python3.10/dist-packages/stm32_mavlink_msgs/msg/_robomaster_motor_command_s.c
[20.021s] -- Up-to-date: /home/a/ws_nhk/install/stm32_mavlink_msgs/local/lib/python3.10/dist-packages/stm32_mavlink_msgs/msg/_solenoid_command_s.c
[20.021s] -- Up-to-date: /home/a/ws_nhk/install/stm32_mavlink_msgs/local/lib/python3.10/dist-packages/stm32_mavlink_msgs/msg/_encoder_config.py
[20.021s] -- Up-to-date: /home/a/ws_nhk/install/stm32_mavlink_msgs/local/lib/python3.10/dist-packages/stm32_mavlink_msgs/msg/_rs485_write_request.py
[20.021s] -- Up-to-date: /home/a/ws_nhk/install/stm32_mavlink_msgs/local/lib/python3.10/dist-packages/stm32_mavlink_msgs/msg/_dc_motor_command.py
[20.021s] -- Up-to-date: /home/a/ws_nhk/install/stm32_mavlink_msgs/local/lib/python3.10/dist-packages/stm32_mavlink_msgs/msg/_rs485_read_response_s.c
[20.022s] -- Up-to-date: /home/a/ws_nhk/install/stm32_mavlink_msgs/local/lib/python3.10/dist-packages/stm32_mavlink_msgs/msg/_limit_switch_status.py
[20.022s] -- Up-to-date: /home/a/ws_nhk/install/stm32_mavlink_msgs/local/lib/python3.10/dist-packages/stm32_mavlink_msgs/msg/__init__.py
[20.022s] -- Up-to-date: /home/a/ws_nhk/install/stm32_mavlink_msgs/local/lib/python3.10/dist-packages/stm32_mavlink_msgs/msg/_robomaster_motor_config.py
[20.022s] -- Up-to-date: /home/a/ws_nhk/install/stm32_mavlink_msgs/local/lib/python3.10/dist-packages/stm32_mavlink_msgs/msg/_wtt12_l_status.py
[20.022s] -- Up-to-date: /home/a/ws_nhk/install/stm32_mavlink_msgs/local/lib/python3.10/dist-packages/stm32_mavlink_msgs/msg/_rs485_motor_command.py
[20.022s] -- Up-to-date: /home/a/ws_nhk/install/stm32_mavlink_msgs/local/lib/python3.10/dist-packages/stm32_mavlink_msgs/msg/_rs485_flash_save_request_s.c
[20.022s] -- Up-to-date: /home/a/ws_nhk/install/stm32_mavlink_msgs/local/lib/python3.10/dist-packages/stm32_mavlink_msgs/msg/_dc_motor_state_s.c
[20.022s] -- Up-to-date: /home/a/ws_nhk/install/stm32_mavlink_msgs/local/lib/python3.10/dist-packages/stm32_mavlink_msgs/msg/_rs485_read_response.py
[20.022s] -- Up-to-date: /home/a/ws_nhk/install/stm32_mavlink_msgs/local/lib/python3.10/dist-packages/stm32_mavlink_msgs/msg/_servo_state.py
[20.022s] -- Up-to-date: /home/a/ws_nhk/install/stm32_mavlink_msgs/local/lib/python3.10/dist-packages/stm32_mavlink_msgs/msg/_wtt12_l_status_s.c
[20.022s] -- Up-to-date: /home/a/ws_nhk/install/stm32_mavlink_msgs/local/lib/python3.10/dist-packages/stm32_mavlink_msgs/msg/_rs485_motor_command_s.c
[20.022s] -- Up-to-date: /home/a/ws_nhk/install/stm32_mavlink_msgs/local/lib/python3.10/dist-packages/stm32_mavlink_msgs/msg/_rs485_write_response_s.c
[20.022s] -- Up-to-date: /home/a/ws_nhk/install/stm32_mavlink_msgs/local/lib/python3.10/dist-packages/stm32_mavlink_msgs/msg/_rs485_motor_config.py
[20.022s] -- Up-to-date: /home/a/ws_nhk/install/stm32_mavlink_msgs/local/lib/python3.10/dist-packages/stm32_mavlink_msgs/msg/_rs485_motor_state_s.c
[20.022s] -- Up-to-date: /home/a/ws_nhk/install/stm32_mavlink_msgs/local/lib/python3.10/dist-packages/stm32_mavlink_msgs/msg/_encoder_state.py
[20.022s] -- Up-to-date: /home/a/ws_nhk/install/stm32_mavlink_msgs/local/lib/python3.10/dist-packages/stm32_mavlink_msgs/msg/_rs485_read_request.py
[20.023s] -- Up-to-date: /home/a/ws_nhk/install/stm32_mavlink_msgs/local/lib/python3.10/dist-packages/stm32_mavlink_msgs/msg/_encoder_state_s.c
[20.023s] -- Up-to-date: /home/a/ws_nhk/install/stm32_mavlink_msgs/local/lib/python3.10/dist-packages/stm32_mavlink_msgs/msg/_encoder_config_s.c
[20.023s] -- Up-to-date: /home/a/ws_nhk/install/stm32_mavlink_msgs/local/lib/python3.10/dist-packages/stm32_mavlink_msgs/msg/_dc_motor_command_s.c
[20.023s] -- Up-to-date: /home/a/ws_nhk/install/stm32_mavlink_msgs/local/lib/python3.10/dist-packages/stm32_mavlink_msgs/msg/_robomaster_motor_command.py
[20.023s] -- Up-to-date: /home/a/ws_nhk/install/stm32_mavlink_msgs/local/lib/python3.10/dist-packages/stm32_mavlink_msgs/msg/_solenoid_command.py
[20.023s] -- Up-to-date: /home/a/ws_nhk/install/stm32_mavlink_msgs/local/lib/python3.10/dist-packages/stm32_mavlink_msgs/msg/_rs485_write_request_s.c
[20.023s] -- Up-to-date: /home/a/ws_nhk/install/stm32_mavlink_msgs/local/lib/python3.10/dist-packages/stm32_mavlink_msgs/msg/_solenoid_status_s.c
[20.023s] -- Up-to-date: /home/a/ws_nhk/install/stm32_mavlink_msgs/local/lib/python3.10/dist-packages/stm32_mavlink_msgs/msg/_solenoid_status.py
[20.023s] -- Up-to-date: /home/a/ws_nhk/install/stm32_mavlink_msgs/local/lib/python3.10/dist-packages/stm32_mavlink_msgs/_stm32_mavlink_msgs_s.ep.rosidl_typesupport_fastrtps_c.c
[20.023s] -- Installing: /home/a/ws_nhk/install/stm32_mavlink_msgs/local/lib/python3.10/dist-packages/stm32_mavlink_msgs/stm32_mavlink_msgs_s__rosidl_typesupport_fastrtps_c.cpython-310-x86_64-linux-gnu.so
[20.023s] -- Installing: /home/a/ws_nhk/install/stm32_mavlink_msgs/local/lib/python3.10/dist-packages/stm32_mavlink_msgs/stm32_mavlink_msgs_s__rosidl_typesupport_introspection_c.cpython-310-x86_64-linux-gnu.so
[20.023s] -- Installing: /home/a/ws_nhk/install/stm32_mavlink_msgs/local/lib/python3.10/dist-packages/stm32_mavlink_msgs/__init__.py
[20.023s] -- Up-to-date: /home/a/ws_nhk/install/stm32_mavlink_msgs/local/lib/python3.10/dist-packages/stm32_mavlink_msgs/_stm32_mavlink_msgs_s.ep.rosidl_typesupport_c.c
[20.023s] -- Up-to-date: /home/a/ws_nhk/install/stm32_mavlink_msgs/local/lib/python3.10/dist-packages/stm32_mavlink_msgs/srv
[20.023s] -- Up-to-date: /home/a/ws_nhk/install/stm32_mavlink_msgs/local/lib/python3.10/dist-packages/stm32_mavlink_msgs/srv/_flash_save_rs485_s.c
[20.023s] -- Up-to-date: /home/a/ws_nhk/install/stm32_mavlink_msgs/local/lib/python3.10/dist-packages/stm32_mavlink_msgs/srv/_read_rs485_param_s.c
[20.024s] -- Up-to-date: /home/a/ws_nhk/install/stm32_mavlink_msgs/local/lib/python3.10/dist-packages/stm32_mavlink_msgs/srv/_read_rs485_param.py
[20.024s] -- Up-to-date: /home/a/ws_nhk/install/stm32_mavlink_msgs/local/lib/python3.10/dist-packages/stm32_mavlink_msgs/srv/_set_dc_motor_config_s.c
[20.024s] -- Up-to-date: /home/a/ws_nhk/install/stm32_mavlink_msgs/local/lib/python3.10/dist-packages/stm32_mavlink_msgs/srv/_set_encoder_config.py
[20.024s] -- Up-to-date: /home/a/ws_nhk/install/stm32_mavlink_msgs/local/lib/python3.10/dist-packages/stm32_mavlink_msgs/srv/_set_servo_config.py
[20.024s] -- Up-to-date: /home/a/ws_nhk/install/stm32_mavlink_msgs/local/lib/python3.10/dist-packages/stm32_mavlink_msgs/srv/_get_robomaster_motor_config.py
[20.024s] -- Up-to-date: /home/a/ws_nhk/install/stm32_mavlink_msgs/local/lib/python3.10/dist-packages/stm32_mavlink_msgs/srv/_set_robomaster_motor_config.py
[20.024s] -- Up-to-date: /home/a/ws_nhk/install/stm32_mavlink_msgs/local/lib/python3.10/dist-packages/stm32_mavlink_msgs/srv/_get_robomaster_motor_config_s.c
[20.024s] -- Up-to-date: /home/a/ws_nhk/install/stm32_mavlink_msgs/local/lib/python3.10/dist-packages/stm32_mavlink_msgs/srv/_set_robomaster_motor_config_s.c
[20.024s] -- Up-to-date: /home/a/ws_nhk/install/stm32_mavlink_msgs/local/lib/python3.10/dist-packages/stm32_mavlink_msgs/srv/_write_rs485_param_s.c
[20.024s] -- Up-to-date: /home/a/ws_nhk/install/stm32_mavlink_msgs/local/lib/python3.10/dist-packages/stm32_mavlink_msgs/srv/_write_rs485_param.py
[20.024s] -- Up-to-date: /home/a/ws_nhk/install/stm32_mavlink_msgs/local/lib/python3.10/dist-packages/stm32_mavlink_msgs/srv/__init__.py
[20.024s] -- Up-to-date: /home/a/ws_nhk/install/stm32_mavlink_msgs/local/lib/python3.10/dist-packages/stm32_mavlink_msgs/srv/_get_dc_motor_config_s.c
[20.024s] -- Up-to-date: /home/a/ws_nhk/install/stm32_mavlink_msgs/local/lib/python3.10/dist-packages/stm32_mavlink_msgs/srv/_flash_save_rs485.py
[20.024s] -- Up-to-date: /home/a/ws_nhk/install/stm32_mavlink_msgs/local/lib/python3.10/dist-packages/stm32_mavlink_msgs/srv/_get_dc_motor_config.py
[20.024s] -- Up-to-date: /home/a/ws_nhk/install/stm32_mavlink_msgs/local/lib/python3.10/dist-packages/stm32_mavlink_msgs/srv/_set_servo_config_s.c
[20.025s] -- Up-to-date: /home/a/ws_nhk/install/stm32_mavlink_msgs/local/lib/python3.10/dist-packages/stm32_mavlink_msgs/srv/_set_dc_motor_config.py
[20.025s] -- Up-to-date: /home/a/ws_nhk/install/stm32_mavlink_msgs/local/lib/python3.10/dist-packages/stm32_mavlink_msgs/srv/_set_encoder_config_s.c
[20.067s] Listing '/home/a/ws_nhk/install/stm32_mavlink_msgs/local/lib/python3.10/dist-packages/stm32_mavlink_msgs'...
[20.067s] Compiling '/home/a/ws_nhk/install/stm32_mavlink_msgs/local/lib/python3.10/dist-packages/stm32_mavlink_msgs/__init__.py'...
[20.067s] Listing '/home/a/ws_nhk/install/stm32_mavlink_msgs/local/lib/python3.10/dist-packages/stm32_mavlink_msgs/msg'...
[20.067s] Listing '/home/a/ws_nhk/install/stm32_mavlink_msgs/local/lib/python3.10/dist-packages/stm32_mavlink_msgs/srv'...
[20.074s] -- Installing: /home/a/ws_nhk/install/stm32_mavlink_msgs/local/lib/python3.10/dist-packages/stm32_mavlink_msgs/stm32_mavlink_msgs_s__rosidl_typesupport_fastrtps_c.cpython-310-x86_64-linux-gnu.so
[20.074s] -- Set runtime path of "/home/a/ws_nhk/install/stm32_mavlink_msgs/local/lib/python3.10/dist-packages/stm32_mavlink_msgs/stm32_mavlink_msgs_s__rosidl_typesupport_fastrtps_c.cpython-310-x86_64-linux-gnu.so" to ""
[20.075s] -- Installing: /home/a/ws_nhk/install/stm32_mavlink_msgs/local/lib/python3.10/dist-packages/stm32_mavlink_msgs/stm32_mavlink_msgs_s__rosidl_typesupport_introspection_c.cpython-310-x86_64-linux-gnu.so
[20.075s] -- Set runtime path of "/home/a/ws_nhk/install/stm32_mavlink_msgs/local/lib/python3.10/dist-packages/stm32_mavlink_msgs/stm32_mavlink_msgs_s__rosidl_typesupport_introspection_c.cpython-310-x86_64-linux-gnu.so" to ""
[20.075s] -- Installing: /home/a/ws_nhk/install/stm32_mavlink_msgs/local/lib/python3.10/dist-packages/stm32_mavlink_msgs/stm32_mavlink_msgs_s__rosidl_typesupport_c.cpython-310-x86_64-linux-gnu.so
[20.076s] -- Set runtime path of "/home/a/ws_nhk/install/stm32_mavlink_msgs/local/lib/python3.10/dist-packages/stm32_mavlink_msgs/stm32_mavlink_msgs_s__rosidl_typesupport_c.cpython-310-x86_64-linux-gnu.so" to ""
[20.076s] -- Installing: /home/a/ws_nhk/install/stm32_mavlink_msgs/lib/libstm32_mavlink_msgs__rosidl_generator_py.so
[20.077s] -- Set runtime path of "/home/a/ws_nhk/install/stm32_mavlink_msgs/lib/libstm32_mavlink_msgs__rosidl_generator_py.so" to ""
[20.077s] -- Up-to-date: /home/a/ws_nhk/install/stm32_mavlink_msgs/share/stm32_mavlink_msgs/msg/ServoCommand.idl
[20.077s] -- Up-to-date: /home/a/ws_nhk/install/stm32_mavlink_msgs/share/stm32_mavlink_msgs/msg/ServoState.idl
[20.077s] -- Up-to-date: /home/a/ws_nhk/install/stm32_mavlink_msgs/share/stm32_mavlink_msgs/msg/EncoderState.idl
[20.077s] -- Up-to-date: /home/a/ws_nhk/install/stm32_mavlink_msgs/share/stm32_mavlink_msgs/msg/EncoderConfig.idl
[20.077s] -- Up-to-date: /home/a/ws_nhk/install/stm32_mavlink_msgs/share/stm32_mavlink_msgs/msg/RobomasterMotorCommand.idl
[20.078s] -- Up-to-date: /home/a/ws_nhk/install/stm32_mavlink_msgs/share/stm32_mavlink_msgs/msg/RobomasterMotorState.idl
[20.078s] -- Up-to-date: /home/a/ws_nhk/install/stm32_mavlink_msgs/share/stm32_mavlink_msgs/msg/RobomasterMotorConfig.idl
[20.078s] -- Up-to-date: /home/a/ws_nhk/install/stm32_mavlink_msgs/share/stm32_mavlink_msgs/msg/DCMotorCommand.idl
[20.078s] -- Up-to-date: /home/a/ws_nhk/install/stm32_mavlink_msgs/share/stm32_mavlink_msgs/msg/DCMotorState.idl
[20.078s] -- Up-to-date: /home/a/ws_nhk/install/stm32_mavlink_msgs/share/stm32_mavlink_msgs/msg/DCMotorConfig.idl
[20.078s] -- Up-to-date: /home/a/ws_nhk/install/stm32_mavlink_msgs/share/stm32_mavlink_msgs/msg/RS485MotorCommand.idl
[20.078s] -- Up-to-date: /home/a/ws_nhk/install/stm32_mavlink_msgs/share/stm32_mavlink_msgs/msg/RS485MotorState.idl
[20.078s] -- Up-to-date: /home/a/ws_nhk/install/stm32_mavlink_msgs/share/stm32_mavlink_msgs/msg/RS485MotorConfig.idl
[20.078s] -- Up-to-date: /home/a/ws_nhk/install/stm32_mavlink_msgs/share/stm32_mavlink_msgs/msg/RS485ReadRequest.idl
[20.079s] -- Up-to-date: /home/a/ws_nhk/install/stm32_mavlink_msgs/share/stm32_mavlink_msgs/msg/RS485ReadResponse.idl
[20.079s] -- Up-to-date: /home/a/ws_nhk/install/stm32_mavlink_msgs/share/stm32_mavlink_msgs/msg/RS485WriteRequest.idl
[20.079s] -- Up-to-date: /home/a/ws_nhk/install/stm32_mavlink_msgs/share/stm32_mavlink_msgs/msg/RS485WriteResponse.idl
[20.079s] -- Up-to-date: /home/a/ws_nhk/install/stm32_mavlink_msgs/share/stm32_mavlink_msgs/msg/RS485FlashSaveRequest.idl
[20.079s] -- Up-to-date: /home/a/ws_nhk/install/stm32_mavlink_msgs/share/stm32_mavlink_msgs/msg/LimitSwitchStatus.idl
[20.079s] -- Up-to-date: /home/a/ws_nhk/install/stm32_mavlink_msgs/share/stm32_mavlink_msgs/msg/WTT12LStatus.idl
[20.079s] -- Up-to-date: /home/a/ws_nhk/install/stm32_mavlink_msgs/share/stm32_mavlink_msgs/msg/SolenoidCommand.idl
[20.079s] -- Up-to-date: /home/a/ws_nhk/install/stm32_mavlink_msgs/share/stm32_mavlink_msgs/msg/SolenoidStatus.idl
[20.079s] -- Up-to-date: /home/a/ws_nhk/install/stm32_mavlink_msgs/share/stm32_mavlink_msgs/srv/SetServoConfig.idl
[20.079s] -- Up-to-date: /home/a/ws_nhk/install/stm32_mavlink_msgs/share/stm32_mavlink_msgs/srv/SetEncoderConfig.idl
[20.079s] -- Up-to-date: /home/a/ws_nhk/install/stm32_mavlink_msgs/share/stm32_mavlink_msgs/srv/SetRobomasterMotorConfig.idl
[20.080s] -- Up-to-date: /home/a/ws_nhk/install/stm32_mavlink_msgs/share/stm32_mavlink_msgs/srv/GetRobomasterMotorConfig.idl
[20.080s] -- Up-to-date: /home/a/ws_nhk/install/stm32_mavlink_msgs/share/stm32_mavlink_msgs/srv/SetDCMotorConfig.idl
[20.080s] -- Up-to-date: /home/a/ws_nhk/install/stm32_mavlink_msgs/share/stm32_mavlink_msgs/srv/GetDCMotorConfig.idl
[20.080s] -- Up-to-date: /home/a/ws_nhk/install/stm32_mavlink_msgs/share/stm32_mavlink_msgs/srv/ReadRS485Param.idl
[20.080s] -- Up-to-date: /home/a/ws_nhk/install/stm32_mavlink_msgs/share/stm32_mavlink_msgs/srv/WriteRS485Param.idl
[20.080s] -- Up-to-date: /home/a/ws_nhk/install/stm32_mavlink_msgs/share/stm32_mavlink_msgs/srv/FlashSaveRS485.idl
[20.080s] -- Up-to-date: /home/a/ws_nhk/install/stm32_mavlink_msgs/share/stm32_mavlink_msgs/msg/ServoCommand.msg
[20.080s] -- Up-to-date: /home/a/ws_nhk/install/stm32_mavlink_msgs/share/stm32_mavlink_msgs/msg/ServoState.msg
[20.080s] -- Up-to-date: /home/a/ws_nhk/install/stm32_mavlink_msgs/share/stm32_mavlink_msgs/msg/EncoderState.msg
[20.080s] -- Up-to-date: /home/a/ws_nhk/install/stm32_mavlink_msgs/share/stm32_mavlink_msgs/msg/EncoderConfig.msg
[20.080s] -- Up-to-date: /home/a/ws_nhk/install/stm32_mavlink_msgs/share/stm32_mavlink_msgs/msg/RobomasterMotorCommand.msg
[20.080s] -- Up-to-date: /home/a/ws_nhk/install/stm32_mavlink_msgs/share/stm32_mavlink_msgs/msg/RobomasterMotorState.msg
[20.081s] -- Up-to-date: /home/a/ws_nhk/install/stm32_mavlink_msgs/share/stm32_mavlink_msgs/msg/RobomasterMotorConfig.msg
[20.081s] -- Up-to-date: /home/a/ws_nhk/install/stm32_mavlink_msgs/share/stm32_mavlink_msgs/msg/DCMotorCommand.msg
[20.081s] -- Up-to-date: /home/a/ws_nhk/install/stm32_mavlink_msgs/share/stm32_mavlink_msgs/msg/DCMotorState.msg
[20.081s] -- Up-to-date: /home/a/ws_nhk/install/stm32_mavlink_msgs/share/stm32_mavlink_msgs/msg/DCMotorConfig.msg
[20.081s] -- Up-to-date: /home/a/ws_nhk/install/stm32_mavlink_msgs/share/stm32_mavlink_msgs/msg/RS485MotorCommand.msg
[20.081s] -- Up-to-date: /home/a/ws_nhk/install/stm32_mavlink_msgs/share/stm32_mavlink_msgs/msg/RS485MotorState.msg
[20.081s] -- Up-to-date: /home/a/ws_nhk/install/stm32_mavlink_msgs/share/stm32_mavlink_msgs/msg/RS485MotorConfig.msg
[20.081s] -- Up-to-date: /home/a/ws_nhk/install/stm32_mavlink_msgs/share/stm32_mavlink_msgs/msg/RS485ReadRequest.msg
[20.081s] -- Up-to-date: /home/a/ws_nhk/install/stm32_mavlink_msgs/share/stm32_mavlink_msgs/msg/RS485ReadResponse.msg
[20.081s] -- Up-to-date: /home/a/ws_nhk/install/stm32_mavlink_msgs/share/stm32_mavlink_msgs/msg/RS485WriteRequest.msg
[20.081s] -- Up-to-date: /home/a/ws_nhk/install/stm32_mavlink_msgs/share/stm32_mavlink_msgs/msg/RS485WriteResponse.msg
[20.082s] -- Up-to-date: /home/a/ws_nhk/install/stm32_mavlink_msgs/share/stm32_mavlink_msgs/msg/RS485FlashSaveRequest.msg
[20.082s] -- Up-to-date: /home/a/ws_nhk/install/stm32_mavlink_msgs/share/stm32_mavlink_msgs/msg/LimitSwitchStatus.msg
[20.082s] -- Up-to-date: /home/a/ws_nhk/install/stm32_mavlink_msgs/share/stm32_mavlink_msgs/msg/WTT12LStatus.msg
[20.082s] -- Up-to-date: /home/a/ws_nhk/install/stm32_mavlink_msgs/share/stm32_mavlink_msgs/msg/SolenoidCommand.msg
[20.082s] -- Up-to-date: /home/a/ws_nhk/install/stm32_mavlink_msgs/share/stm32_mavlink_msgs/msg/SolenoidStatus.msg
[20.082s] -- Up-to-date: /home/a/ws_nhk/install/stm32_mavlink_msgs/share/stm32_mavlink_msgs/srv/SetServoConfig.srv
[20.082s] -- Up-to-date: /home/a/ws_nhk/install/stm32_mavlink_msgs/share/stm32_mavlink_msgs/srv/SetServoConfig_Request.msg
[20.082s] -- Up-to-date: /home/a/ws_nhk/install/stm32_mavlink_msgs/share/stm32_mavlink_msgs/srv/SetServoConfig_Response.msg
[20.082s] -- Up-to-date: /home/a/ws_nhk/install/stm32_mavlink_msgs/share/stm32_mavlink_msgs/srv/SetEncoderConfig.srv
[20.082s] -- Up-to-date: /home/a/ws_nhk/install/stm32_mavlink_msgs/share/stm32_mavlink_msgs/srv/SetEncoderConfig_Request.msg
[20.082s] -- Up-to-date: /home/a/ws_nhk/install/stm32_mavlink_msgs/share/stm32_mavlink_msgs/srv/SetEncoderConfig_Response.msg
[20.082s] -- Up-to-date: /home/a/ws_nhk/install/stm32_mavlink_msgs/share/stm32_mavlink_msgs/srv/SetRobomasterMotorConfig.srv
[20.083s] -- Up-to-date: /home/a/ws_nhk/install/stm32_mavlink_msgs/share/stm32_mavlink_msgs/srv/SetRobomasterMotorConfig_Request.msg
[20.083s] -- Up-to-date: /home/a/ws_nhk/install/stm32_mavlink_msgs/share/stm32_mavlink_msgs/srv/SetRobomasterMotorConfig_Response.msg
[20.083s] -- Up-to-date: /home/a/ws_nhk/install/stm32_mavlink_msgs/share/stm32_mavlink_msgs/srv/GetRobomasterMotorConfig.srv
[20.083s] -- Up-to-date: /home/a/ws_nhk/install/stm32_mavlink_msgs/share/stm32_mavlink_msgs/srv/GetRobomasterMotorConfig_Request.msg
[20.083s] -- Up-to-date: /home/a/ws_nhk/install/stm32_mavlink_msgs/share/stm32_mavlink_msgs/srv/GetRobomasterMotorConfig_Response.msg
[20.083s] -- Up-to-date: /home/a/ws_nhk/install/stm32_mavlink_msgs/share/stm32_mavlink_msgs/srv/SetDCMotorConfig.srv
[20.083s] -- Up-to-date: /home/a/ws_nhk/install/stm32_mavlink_msgs/share/stm32_mavlink_msgs/srv/SetDCMotorConfig_Request.msg
[20.083s] -- Up-to-date: /home/a/ws_nhk/install/stm32_mavlink_msgs/share/stm32_mavlink_msgs/srv/SetDCMotorConfig_Response.msg
[20.083s] -- Up-to-date: /home/a/ws_nhk/install/stm32_mavlink_msgs/share/stm32_mavlink_msgs/srv/GetDCMotorConfig.srv
[20.083s] -- Up-to-date: /home/a/ws_nhk/install/stm32_mavlink_msgs/share/stm32_mavlink_msgs/srv/GetDCMotorConfig_Request.msg
[20.083s] -- Up-to-date: /home/a/ws_nhk/install/stm32_mavlink_msgs/share/stm32_mavlink_msgs/srv/GetDCMotorConfig_Response.msg
[20.083s] -- Up-to-date: /home/a/ws_nhk/install/stm32_mavlink_msgs/share/stm32_mavlink_msgs/srv/ReadRS485Param.srv
[20.084s] -- Up-to-date: /home/a/ws_nhk/install/stm32_mavlink_msgs/share/stm32_mavlink_msgs/srv/ReadRS485Param_Request.msg
[20.084s] -- Up-to-date: /home/a/ws_nhk/install/stm32_mavlink_msgs/share/stm32_mavlink_msgs/srv/ReadRS485Param_Response.msg
[20.084s] -- Up-to-date: /home/a/ws_nhk/install/stm32_mavlink_msgs/share/stm32_mavlink_msgs/srv/WriteRS485Param.srv
[20.084s] -- Up-to-date: /home/a/ws_nhk/install/stm32_mavlink_msgs/share/stm32_mavlink_msgs/srv/WriteRS485Param_Request.msg
[20.084s] -- Up-to-date: /home/a/ws_nhk/install/stm32_mavlink_msgs/share/stm32_mavlink_msgs/srv/WriteRS485Param_Response.msg
[20.084s] -- Up-to-date: /home/a/ws_nhk/install/stm32_mavlink_msgs/share/stm32_mavlink_msgs/srv/FlashSaveRS485.srv
[20.084s] -- Up-to-date: /home/a/ws_nhk/install/stm32_mavlink_msgs/share/stm32_mavlink_msgs/srv/FlashSaveRS485_Request.msg
[20.084s] -- Up-to-date: /home/a/ws_nhk/install/stm32_mavlink_msgs/share/stm32_mavlink_msgs/srv/FlashSaveRS485_Response.msg
[20.084s] -- Up-to-date: /home/a/ws_nhk/install/stm32_mavlink_msgs/share/ament_index/resource_index/package_run_dependencies/stm32_mavlink_msgs
[20.084s] -- Installing: /home/a/ws_nhk/install/stm32_mavlink_msgs/share/ament_index/resource_index/parent_prefix_path/stm32_mavlink_msgs
[20.085s] -- Up-to-date: /home/a/ws_nhk/install/stm32_mavlink_msgs/share/stm32_mavlink_msgs/environment/ament_prefix_path.sh
[20.085s] -- Installing: /home/a/ws_nhk/install/stm32_mavlink_msgs/share/stm32_mavlink_msgs/environment/ament_prefix_path.dsv
[20.085s] -- Up-to-date: /home/a/ws_nhk/install/stm32_mavlink_msgs/share/stm32_mavlink_msgs/environment/path.sh
[20.085s] -- Installing: /home/a/ws_nhk/install/stm32_mavlink_msgs/share/stm32_mavlink_msgs/environment/path.dsv
[20.085s] -- Up-to-date: /home/a/ws_nhk/install/stm32_mavlink_msgs/share/stm32_mavlink_msgs/local_setup.bash
[20.085s] -- Up-to-date: /home/a/ws_nhk/install/stm32_mavlink_msgs/share/stm32_mavlink_msgs/local_setup.sh
[20.085s] -- Up-to-date: /home/a/ws_nhk/install/stm32_mavlink_msgs/share/stm32_mavlink_msgs/local_setup.zsh
[20.085s] -- Installing: /home/a/ws_nhk/install/stm32_mavlink_msgs/share/stm32_mavlink_msgs/local_setup.dsv
[20.086s] -- Installing: /home/a/ws_nhk/install/stm32_mavlink_msgs/share/stm32_mavlink_msgs/package.dsv
[20.086s] -- Up-to-date: /home/a/ws_nhk/install/stm32_mavlink_msgs/share/ament_index/resource_index/packages/stm32_mavlink_msgs
[20.086s] -- Up-to-date: /home/a/ws_nhk/install/stm32_mavlink_msgs/share/stm32_mavlink_msgs/cmake/export_stm32_mavlink_msgs__rosidl_generator_cExport.cmake
[20.086s] -- Installing: /home/a/ws_nhk/install/stm32_mavlink_msgs/share/stm32_mavlink_msgs/cmake/export_stm32_mavlink_msgs__rosidl_generator_cExport-release.cmake
[20.086s] -- Up-to-date: /home/a/ws_nhk/install/stm32_mavlink_msgs/share/stm32_mavlink_msgs/cmake/export_stm32_mavlink_msgs__rosidl_typesupport_fastrtps_cExport.cmake
[20.086s] -- Installing: /home/a/ws_nhk/install/stm32_mavlink_msgs/share/stm32_mavlink_msgs/cmake/export_stm32_mavlink_msgs__rosidl_typesupport_fastrtps_cExport-release.cmake
[20.087s] -- Up-to-date: /home/a/ws_nhk/install/stm32_mavlink_msgs/share/stm32_mavlink_msgs/cmake/stm32_mavlink_msgs__rosidl_typesupport_introspection_cExport.cmake
[20.087s] -- Installing: /home/a/ws_nhk/install/stm32_mavlink_msgs/share/stm32_mavlink_msgs/cmake/stm32_mavlink_msgs__rosidl_typesupport_introspection_cExport-release.cmake
[20.087s] -- Up-to-date: /home/a/ws_nhk/install/stm32_mavlink_msgs/share/stm32_mavlink_msgs/cmake/stm32_mavlink_msgs__rosidl_typesupport_cExport.cmake
[20.087s] -- Installing: /home/a/ws_nhk/install/stm32_mavlink_msgs/share/stm32_mavlink_msgs/cmake/stm32_mavlink_msgs__rosidl_typesupport_cExport-release.cmake
[20.087s] -- Up-to-date: /home/a/ws_nhk/install/stm32_mavlink_msgs/share/stm32_mavlink_msgs/cmake/export_stm32_mavlink_msgs__rosidl_generator_cppExport.cmake
[20.088s] -- Up-to-date: /home/a/ws_nhk/install/stm32_mavlink_msgs/share/stm32_mavlink_msgs/cmake/export_stm32_mavlink_msgs__rosidl_typesupport_fastrtps_cppExport.cmake
[20.088s] -- Installing: /home/a/ws_nhk/install/stm32_mavlink_msgs/share/stm32_mavlink_msgs/cmake/export_stm32_mavlink_msgs__rosidl_typesupport_fastrtps_cppExport-release.cmake
[20.088s] -- Up-to-date: /home/a/ws_nhk/install/stm32_mavlink_msgs/share/stm32_mavlink_msgs/cmake/stm32_mavlink_msgs__rosidl_typesupport_introspection_cppExport.cmake
[20.088s] -- Installing: /home/a/ws_nhk/install/stm32_mavlink_msgs/share/stm32_mavlink_msgs/cmake/stm32_mavlink_msgs__rosidl_typesupport_introspection_cppExport-release.cmake
[20.088s] -- Up-to-date: /home/a/ws_nhk/install/stm32_mavlink_msgs/share/stm32_mavlink_msgs/cmake/stm32_mavlink_msgs__rosidl_typesupport_cppExport.cmake
[20.088s] -- Installing: /home/a/ws_nhk/install/stm32_mavlink_msgs/share/stm32_mavlink_msgs/cmake/stm32_mavlink_msgs__rosidl_typesupport_cppExport-release.cmake
[20.089s] -- Up-to-date: /home/a/ws_nhk/install/stm32_mavlink_msgs/share/stm32_mavlink_msgs/cmake/export_stm32_mavlink_msgs__rosidl_generator_pyExport.cmake
[20.089s] -- Installing: /home/a/ws_nhk/install/stm32_mavlink_msgs/share/stm32_mavlink_msgs/cmake/export_stm32_mavlink_msgs__rosidl_generator_pyExport-release.cmake
[20.089s] -- Up-to-date: /home/a/ws_nhk/install/stm32_mavlink_msgs/share/stm32_mavlink_msgs/cmake/rosidl_cmake-extras.cmake
[20.089s] -- Up-to-date: /home/a/ws_nhk/install/stm32_mavlink_msgs/share/stm32_mavlink_msgs/cmake/ament_cmake_export_dependencies-extras.cmake
[20.089s] -- Up-to-date: /home/a/ws_nhk/install/stm32_mavlink_msgs/share/stm32_mavlink_msgs/cmake/ament_cmake_export_include_directories-extras.cmake
[20.089s] -- Up-to-date: /home/a/ws_nhk/install/stm32_mavlink_msgs/share/stm32_mavlink_msgs/cmake/ament_cmake_export_libraries-extras.cmake
[20.089s] -- Up-to-date: /home/a/ws_nhk/install/stm32_mavlink_msgs/share/stm32_mavlink_msgs/cmake/ament_cmake_export_targets-extras.cmake
[20.089s] -- Up-to-date: /home/a/ws_nhk/install/stm32_mavlink_msgs/share/stm32_mavlink_msgs/cmake/rosidl_cmake_export_typesupport_targets-extras.cmake
[20.089s] -- Up-to-date: /home/a/ws_nhk/install/stm32_mavlink_msgs/share/stm32_mavlink_msgs/cmake/rosidl_cmake_export_typesupport_libraries-extras.cmake
[20.090s] -- Up-to-date: /home/a/ws_nhk/install/stm32_mavlink_msgs/share/stm32_mavlink_msgs/cmake/stm32_mavlink_msgsConfig.cmake
[20.090s] -- Up-to-date: /home/a/ws_nhk/install/stm32_mavlink_msgs/share/stm32_mavlink_msgs/cmake/stm32_mavlink_msgsConfig-version.cmake
[20.090s] -- Up-to-date: /home/a/ws_nhk/install/stm32_mavlink_msgs/share/stm32_mavlink_msgs/package.xml
[20.094s] Invoked command in '/home/a/ws_nhk/build/stm32_mavlink_msgs' returned '0': CMAKE_PREFIX_PATH=${CMAKE_PREFIX_PATH}:/home/a/ws_nhk/install/ikeyaMD_wizard:/home/a/ws_nhk/install/moveit_configs_utils:/home/a/ws_nhk/install/rogidrive:/home/a/ws_nhk/install/launch_param_builder:/home/a/ws_nhk/install/dynamixel_controller_gui:/home/a/ws_nhk/install/dynamixel_controller_client:/opt/ros/humble /usr/bin/cmake --install /home/a/ws_nhk/build/stm32_mavlink_msgs
