[0.077s] [34mcolcon[0m [1;30mDEBUG[0m [32mCommand line arguments: ['/usr/bin/colcon', 'build'][0m
[0.077s] [34mcolcon[0m [1;30mDEBUG[0m [32mParsed command line arguments: Namespace(log_base=None, log_level=None, verb_name='build', build_base='build', install_base='install', merge_install=False, symlink_install=False, test_result_base=None, continue_on_error=False, executor='parallel', parallel_workers=22, event_handlers=None, ignore_user_meta=False, metas=['./colcon.meta'], base_paths=['.'], packages_ignore=None, packages_ignore_regex=None, paths=None, packages_up_to=None, packages_up_to_regex=None, packages_above=None, packages_above_and_dependencies=None, packages_above_depth=None, packages_select_by_dep=None, packages_skip_by_dep=None, packages_skip_up_to=None, packages_select_build_failed=False, packages_skip_build_finished=False, packages_select_test_failures=False, packages_skip_test_passed=False, packages_select=None, packages_skip=None, packages_select_regex=None, packages_skip_regex=None, packages_start=None, packages_end=None, allow_overriding=[], cmake_args=None, cmake_target=None, cmake_target_skip_unavailable=False, cmake_clean_cache=False, cmake_clean_first=False, cmake_force_configure=False, ament_cmake_args=None, catkin_cmake_args=None, catkin_skip_building_tests=False, mixin_files=None, mixin=None, verb_parser=<colcon_mixin.mixin.mixin_argument.MixinArgumentDecorator object at 0x15275dc798d0>, verb_extension=<colcon_core.verb.build.BuildVerb object at 0x15275dc793c0>, main=<bound method BuildVerb.main of <colcon_core.verb.build.BuildVerb object at 0x15275dc793c0>>, mixin_verb=('build',))[0m
[0.198s] [34mcolcon.colcon_core.package_discovery[0m [1;30mLevel 1[0m discover_packages(colcon_meta) check parameters
[0.198s] [34mcolcon.colcon_core.package_discovery[0m [1;30mLevel 1[0m discover_packages(recursive) check parameters
[0.198s] [34mcolcon.colcon_core.package_discovery[0m [1;30mLevel 1[0m discover_packages(ignore) check parameters
[0.198s] [34mcolcon.colcon_core.package_discovery[0m [1;30mLevel 1[0m discover_packages(path) check parameters
[0.198s] [34mcolcon.colcon_core.package_discovery[0m [1;30mLevel 1[0m discover_packages(colcon_meta) discover
[0.198s] [34mcolcon.colcon_core.package_discovery[0m [1;30mLevel 1[0m discover_packages(recursive) discover
[0.198s] [34mcolcon.colcon_core.package_discovery[0m [1;30mINFO[0m Crawling recursively for packages in '/home/a/ws_nhk'
[0.198s] [34mcolcon.colcon_core.package_identification[0m [1;30mLevel 1[0m _identify(.) by extensions ['ignore', 'ignore_ament_install']
[0.198s] [34mcolcon.colcon_core.package_identification[0m [1;30mLevel 1[0m _identify(.) by extension 'ignore'
[0.198s] [34mcolcon.colcon_core.package_identification[0m [1;30mLevel 1[0m _identify(.) by extension 'ignore_ament_install'
[0.198s] [34mcolcon.colcon_core.package_identification[0m [1;30mLevel 1[0m _identify(.) by extensions ['colcon_pkg']
[0.198s] [34mcolcon.colcon_core.package_identification[0m [1;30mLevel 1[0m _identify(.) by extension 'colcon_pkg'
[0.198s] [34mcolcon.colcon_core.package_identification[0m [1;30mLevel 1[0m _identify(.) by extensions ['colcon_meta']
[0.198s] [34mcolcon.colcon_core.package_identification[0m [1;30mLevel 1[0m _identify(.) by extension 'colcon_meta'
[0.198s] [34mcolcon.colcon_core.package_identification[0m [1;30mLevel 1[0m _identify(.) by extensions ['ros']
[0.198s] [34mcolcon.colcon_core.package_identification[0m [1;30mLevel 1[0m _identify(.) by extension 'ros'
[0.204s] [34mcolcon.colcon_core.package_identification[0m [1;30mLevel 1[0m _identify(.) by extensions ['cmake', 'python']
[0.204s] [34mcolcon.colcon_core.package_identification[0m [1;30mLevel 1[0m _identify(.) by extension 'cmake'
[0.204s] [34mcolcon.colcon_core.package_identification[0m [1;30mLevel 1[0m _identify(.) by extension 'python'
[0.205s] [34mcolcon.colcon_core.package_identification[0m [1;30mLevel 1[0m _identify(.) by extensions ['python_setup_py']
[0.205s] [34mcolcon.colcon_core.package_identification[0m [1;30mLevel 1[0m _identify(.) by extension 'python_setup_py'
[0.205s] [34mcolcon.colcon_core.package_identification[0m [1;30mLevel 1[0m _identify(build) by extensions ['ignore', 'ignore_ament_install']
[0.205s] [34mcolcon.colcon_core.package_identification[0m [1;30mLevel 1[0m _identify(build) by extension 'ignore'
[0.205s] [34mcolcon.colcon_core.package_identification[0m [1;30mLevel 1[0m _identify(build) ignored
[0.205s] [34mcolcon.colcon_core.package_identification[0m [1;30mLevel 1[0m _identify(install) by extensions ['ignore', 'ignore_ament_install']
[0.205s] [34mcolcon.colcon_core.package_identification[0m [1;30mLevel 1[0m _identify(install) by extension 'ignore'
[0.205s] [34mcolcon.colcon_core.package_identification[0m [1;30mLevel 1[0m _identify(install) ignored
[0.205s] [34mcolcon.colcon_core.package_identification[0m [1;30mLevel 1[0m _identify(log) by extensions ['ignore', 'ignore_ament_install']
[0.205s] [34mcolcon.colcon_core.package_identification[0m [1;30mLevel 1[0m _identify(log) by extension 'ignore'
[0.205s] [34mcolcon.colcon_core.package_identification[0m [1;30mLevel 1[0m _identify(log) ignored
[0.205s] [34mcolcon.colcon_core.package_identification[0m [1;30mLevel 1[0m _identify(src) by extensions ['ignore', 'ignore_ament_install']
[0.205s] [34mcolcon.colcon_core.package_identification[0m [1;30mLevel 1[0m _identify(src) by extension 'ignore'
[0.205s] [34mcolcon.colcon_core.package_identification[0m [1;30mLevel 1[0m _identify(src) by extension 'ignore_ament_install'
[0.205s] [34mcolcon.colcon_core.package_identification[0m [1;30mLevel 1[0m _identify(src) by extensions ['colcon_pkg']
[0.205s] [34mcolcon.colcon_core.package_identification[0m [1;30mLevel 1[0m _identify(src) by extension 'colcon_pkg'
[0.205s] [34mcolcon.colcon_core.package_identification[0m [1;30mLevel 1[0m _identify(src) by extensions ['colcon_meta']
[0.205s] [34mcolcon.colcon_core.package_identification[0m [1;30mLevel 1[0m _identify(src) by extension 'colcon_meta'
[0.205s] [34mcolcon.colcon_core.package_identification[0m [1;30mLevel 1[0m _identify(src) by extensions ['ros']
[0.205s] [34mcolcon.colcon_core.package_identification[0m [1;30mLevel 1[0m _identify(src) by extension 'ros'
[0.205s] [34mcolcon.colcon_core.package_identification[0m [1;30mLevel 1[0m _identify(src) by extensions ['cmake', 'python']
[0.205s] [34mcolcon.colcon_core.package_identification[0m [1;30mLevel 1[0m _identify(src) by extension 'cmake'
[0.205s] [34mcolcon.colcon_core.package_identification[0m [1;30mLevel 1[0m _identify(src) by extension 'python'
[0.205s] [34mcolcon.colcon_core.package_identification[0m [1;30mLevel 1[0m _identify(src) by extensions ['python_setup_py']
[0.205s] [34mcolcon.colcon_core.package_identification[0m [1;30mLevel 1[0m _identify(src) by extension 'python_setup_py'
[0.205s] [34mcolcon.colcon_core.package_identification[0m [1;30mLevel 1[0m _identify(src/MAVLink_ros2) by extensions ['ignore', 'ignore_ament_install']
[0.205s] [34mcolcon.colcon_core.package_identification[0m [1;30mLevel 1[0m _identify(src/MAVLink_ros2) by extension 'ignore'
[0.205s] [34mcolcon.colcon_core.package_identification[0m [1;30mLevel 1[0m _identify(src/MAVLink_ros2) by extension 'ignore_ament_install'
[0.205s] [34mcolcon.colcon_core.package_identification[0m [1;30mLevel 1[0m _identify(src/MAVLink_ros2) by extensions ['colcon_pkg']
[0.206s] [34mcolcon.colcon_core.package_identification[0m [1;30mLevel 1[0m _identify(src/MAVLink_ros2) by extension 'colcon_pkg'
[0.206s] [34mcolcon.colcon_core.package_identification[0m [1;30mLevel 1[0m _identify(src/MAVLink_ros2) by extensions ['colcon_meta']
[0.206s] [34mcolcon.colcon_core.package_identification[0m [1;30mLevel 1[0m _identify(src/MAVLink_ros2) by extension 'colcon_meta'
[0.206s] [34mcolcon.colcon_core.package_identification[0m [1;30mLevel 1[0m _identify(src/MAVLink_ros2) by extensions ['ros']
[0.206s] [34mcolcon.colcon_core.package_identification[0m [1;30mLevel 1[0m _identify(src/MAVLink_ros2) by extension 'ros'
[0.206s] [34mcolcon.colcon_core.package_identification[0m [1;30mLevel 1[0m _identify(src/MAVLink_ros2) by extensions ['cmake', 'python']
[0.206s] [34mcolcon.colcon_core.package_identification[0m [1;30mLevel 1[0m _identify(src/MAVLink_ros2) by extension 'cmake'
[0.206s] [34mcolcon.colcon_core.package_identification[0m [1;30mLevel 1[0m _identify(src/MAVLink_ros2) by extension 'python'
[0.206s] [34mcolcon.colcon_core.package_identification[0m [1;30mLevel 1[0m _identify(src/MAVLink_ros2) by extensions ['python_setup_py']
[0.206s] [34mcolcon.colcon_core.package_identification[0m [1;30mLevel 1[0m _identify(src/MAVLink_ros2) by extension 'python_setup_py'
[0.206s] [34mcolcon.colcon_core.package_identification[0m [1;30mLevel 1[0m _identify(src/MAVLink_ros2/ikeyaMD_wizard) by extensions ['ignore', 'ignore_ament_install']
[0.206s] [34mcolcon.colcon_core.package_identification[0m [1;30mLevel 1[0m _identify(src/MAVLink_ros2/ikeyaMD_wizard) by extension 'ignore'
[0.206s] [34mcolcon.colcon_core.package_identification[0m [1;30mLevel 1[0m _identify(src/MAVLink_ros2/ikeyaMD_wizard) by extension 'ignore_ament_install'
[0.206s] [34mcolcon.colcon_core.package_identification[0m [1;30mLevel 1[0m _identify(src/MAVLink_ros2/ikeyaMD_wizard) by extensions ['colcon_pkg']
[0.206s] [34mcolcon.colcon_core.package_identification[0m [1;30mLevel 1[0m _identify(src/MAVLink_ros2/ikeyaMD_wizard) by extension 'colcon_pkg'
[0.206s] [34mcolcon.colcon_core.package_identification[0m [1;30mLevel 1[0m _identify(src/MAVLink_ros2/ikeyaMD_wizard) by extensions ['colcon_meta']
[0.206s] [34mcolcon.colcon_core.package_identification[0m [1;30mLevel 1[0m _identify(src/MAVLink_ros2/ikeyaMD_wizard) by extension 'colcon_meta'
[0.206s] [34mcolcon.colcon_core.package_identification[0m [1;30mLevel 1[0m _identify(src/MAVLink_ros2/ikeyaMD_wizard) by extensions ['ros']
[0.206s] [34mcolcon.colcon_core.package_identification[0m [1;30mLevel 1[0m _identify(src/MAVLink_ros2/ikeyaMD_wizard) by extension 'ros'
[0.207s] [34mcolcon.colcon_core.package_identification[0m [1;30mDEBUG[0m [32mPackage 'src/MAVLink_ros2/ikeyaMD_wizard' with type 'ros.ament_python' and name 'ikeyaMD_wizard'[0m
[0.207s] [34mcolcon.colcon_core.package_identification[0m [1;30mLevel 1[0m _identify(src/MAVLink_ros2/mavlink_SDK) by extensions ['ignore', 'ignore_ament_install']
[0.208s] [34mcolcon.colcon_core.package_identification[0m [1;30mLevel 1[0m _identify(src/MAVLink_ros2/mavlink_SDK) by extension 'ignore'
[0.208s] [34mcolcon.colcon_core.package_identification[0m [1;30mLevel 1[0m _identify(src/MAVLink_ros2/mavlink_SDK) ignored
[0.208s] [34mcolcon.colcon_core.package_identification[0m [1;30mLevel 1[0m _identify(src/MAVLink_ros2/mavlink_wizard) by extensions ['ignore', 'ignore_ament_install']
[0.208s] [34mcolcon.colcon_core.package_identification[0m [1;30mLevel 1[0m _identify(src/MAVLink_ros2/mavlink_wizard) by extension 'ignore'
[0.208s] [34mcolcon.colcon_core.package_identification[0m [1;30mLevel 1[0m _identify(src/MAVLink_ros2/mavlink_wizard) by extension 'ignore_ament_install'
[0.208s] [34mcolcon.colcon_core.package_identification[0m [1;30mLevel 1[0m _identify(src/MAVLink_ros2/mavlink_wizard) by extensions ['colcon_pkg']
[0.208s] [34mcolcon.colcon_core.package_identification[0m [1;30mLevel 1[0m _identify(src/MAVLink_ros2/mavlink_wizard) by extension 'colcon_pkg'
[0.208s] [34mcolcon.colcon_core.package_identification[0m [1;30mLevel 1[0m _identify(src/MAVLink_ros2/mavlink_wizard) by extensions ['colcon_meta']
[0.208s] [34mcolcon.colcon_core.package_identification[0m [1;30mLevel 1[0m _identify(src/MAVLink_ros2/mavlink_wizard) by extension 'colcon_meta'
[0.208s] [34mcolcon.colcon_core.package_identification[0m [1;30mLevel 1[0m _identify(src/MAVLink_ros2/mavlink_wizard) by extensions ['ros']
[0.208s] [34mcolcon.colcon_core.package_identification[0m [1;30mLevel 1[0m _identify(src/MAVLink_ros2/mavlink_wizard) by extension 'ros'
[0.208s] [34mcolcon.colcon_core.package_identification[0m [1;30mDEBUG[0m [32mPackage 'src/MAVLink_ros2/mavlink_wizard' with type 'ros.ament_cmake' and name 'mavlink_wizard'[0m
[0.209s] [34mcolcon.colcon_core.package_identification[0m [1;30mLevel 1[0m _identify(src/MAVLink_ros2/rs485_interface2) by extensions ['ignore', 'ignore_ament_install']
[0.209s] [34mcolcon.colcon_core.package_identification[0m [1;30mLevel 1[0m _identify(src/MAVLink_ros2/rs485_interface2) by extension 'ignore'
[0.209s] [34mcolcon.colcon_core.package_identification[0m [1;30mLevel 1[0m _identify(src/MAVLink_ros2/rs485_interface2) by extension 'ignore_ament_install'
[0.209s] [34mcolcon.colcon_core.package_identification[0m [1;30mLevel 1[0m _identify(src/MAVLink_ros2/rs485_interface2) by extensions ['colcon_pkg']
[0.209s] [34mcolcon.colcon_core.package_identification[0m [1;30mLevel 1[0m _identify(src/MAVLink_ros2/rs485_interface2) by extension 'colcon_pkg'
[0.209s] [34mcolcon.colcon_core.package_identification[0m [1;30mLevel 1[0m _identify(src/MAVLink_ros2/rs485_interface2) by extensions ['colcon_meta']
[0.209s] [34mcolcon.colcon_core.package_identification[0m [1;30mLevel 1[0m _identify(src/MAVLink_ros2/rs485_interface2) by extension 'colcon_meta'
[0.209s] [34mcolcon.colcon_core.package_identification[0m [1;30mLevel 1[0m _identify(src/MAVLink_ros2/rs485_interface2) by extensions ['ros']
[0.209s] [34mcolcon.colcon_core.package_identification[0m [1;30mLevel 1[0m _identify(src/MAVLink_ros2/rs485_interface2) by extension 'ros'
[0.209s] [34mcolcon.colcon_core.package_identification[0m [1;30mDEBUG[0m [32mPackage 'src/MAVLink_ros2/rs485_interface2' with type 'ros.ament_cmake' and name 'rs485_interface2'[0m
[0.209s] [34mcolcon.colcon_core.package_identification[0m [1;30mLevel 1[0m _identify(src/MAVLink_ros2/rs485_motor_interface) by extensions ['ignore', 'ignore_ament_install']
[0.209s] [34mcolcon.colcon_core.package_identification[0m [1;30mLevel 1[0m _identify(src/MAVLink_ros2/rs485_motor_interface) by extension 'ignore'
[0.209s] [34mcolcon.colcon_core.package_identification[0m [1;30mLevel 1[0m _identify(src/MAVLink_ros2/rs485_motor_interface) by extension 'ignore_ament_install'
[0.209s] [34mcolcon.colcon_core.package_identification[0m [1;30mLevel 1[0m _identify(src/MAVLink_ros2/rs485_motor_interface) by extensions ['colcon_pkg']
[0.209s] [34mcolcon.colcon_core.package_identification[0m [1;30mLevel 1[0m _identify(src/MAVLink_ros2/rs485_motor_interface) by extension 'colcon_pkg'
[0.209s] [34mcolcon.colcon_core.package_identification[0m [1;30mLevel 1[0m _identify(src/MAVLink_ros2/rs485_motor_interface) by extensions ['colcon_meta']
[0.209s] [34mcolcon.colcon_core.package_identification[0m [1;30mLevel 1[0m _identify(src/MAVLink_ros2/rs485_motor_interface) by extension 'colcon_meta'
[0.209s] [34mcolcon.colcon_core.package_identification[0m [1;30mLevel 1[0m _identify(src/MAVLink_ros2/rs485_motor_interface) by extensions ['ros']
[0.209s] [34mcolcon.colcon_core.package_identification[0m [1;30mLevel 1[0m _identify(src/MAVLink_ros2/rs485_motor_interface) by extension 'ros'
[0.210s] [34mcolcon.colcon_core.package_identification[0m [1;30mDEBUG[0m [32mPackage 'src/MAVLink_ros2/rs485_motor_interface' with type 'ros.ament_cmake' and name 'rs485_motor_interface'[0m
[0.210s] [34mcolcon.colcon_core.package_identification[0m [1;30mLevel 1[0m _identify(src/MAVLink_ros2/stm32_mavlink_msgs) by extensions ['ignore', 'ignore_ament_install']
[0.210s] [34mcolcon.colcon_core.package_identification[0m [1;30mLevel 1[0m _identify(src/MAVLink_ros2/stm32_mavlink_msgs) by extension 'ignore'
[0.210s] [34mcolcon.colcon_core.package_identification[0m [1;30mLevel 1[0m _identify(src/MAVLink_ros2/stm32_mavlink_msgs) by extension 'ignore_ament_install'
[0.210s] [34mcolcon.colcon_core.package_identification[0m [1;30mLevel 1[0m _identify(src/MAVLink_ros2/stm32_mavlink_msgs) by extensions ['colcon_pkg']
[0.210s] [34mcolcon.colcon_core.package_identification[0m [1;30mLevel 1[0m _identify(src/MAVLink_ros2/stm32_mavlink_msgs) by extension 'colcon_pkg'
[0.210s] [34mcolcon.colcon_core.package_identification[0m [1;30mLevel 1[0m _identify(src/MAVLink_ros2/stm32_mavlink_msgs) by extensions ['colcon_meta']
[0.210s] [34mcolcon.colcon_core.package_identification[0m [1;30mLevel 1[0m _identify(src/MAVLink_ros2/stm32_mavlink_msgs) by extension 'colcon_meta'
[0.210s] [34mcolcon.colcon_core.package_identification[0m [1;30mLevel 1[0m _identify(src/MAVLink_ros2/stm32_mavlink_msgs) by extensions ['ros']
[0.210s] [34mcolcon.colcon_core.package_identification[0m [1;30mLevel 1[0m _identify(src/MAVLink_ros2/stm32_mavlink_msgs) by extension 'ros'
[0.210s] [34mcolcon.colcon_core.package_identification[0m [1;30mDEBUG[0m [32mPackage 'src/MAVLink_ros2/stm32_mavlink_msgs' with type 'ros.ament_cmake' and name 'stm32_mavlink_msgs'[0m
[0.210s] [34mcolcon.colcon_core.package_identification[0m [1;30mLevel 1[0m _identify(src/MAVLink_ros2/stm32_mavlink_uart) by extensions ['ignore', 'ignore_ament_install']
[0.211s] [34mcolcon.colcon_core.package_identification[0m [1;30mLevel 1[0m _identify(src/MAVLink_ros2/stm32_mavlink_uart) by extension 'ignore'
[0.211s] [34mcolcon.colcon_core.package_identification[0m [1;30mLevel 1[0m _identify(src/MAVLink_ros2/stm32_mavlink_uart) by extension 'ignore_ament_install'
[0.211s] [34mcolcon.colcon_core.package_identification[0m [1;30mLevel 1[0m _identify(src/MAVLink_ros2/stm32_mavlink_uart) by extensions ['colcon_pkg']
[0.211s] [34mcolcon.colcon_core.package_identification[0m [1;30mLevel 1[0m _identify(src/MAVLink_ros2/stm32_mavlink_uart) by extension 'colcon_pkg'
[0.211s] [34mcolcon.colcon_core.package_identification[0m [1;30mLevel 1[0m _identify(src/MAVLink_ros2/stm32_mavlink_uart) by extensions ['colcon_meta']
[0.211s] [34mcolcon.colcon_core.package_identification[0m [1;30mLevel 1[0m _identify(src/MAVLink_ros2/stm32_mavlink_uart) by extension 'colcon_meta'
[0.211s] [34mcolcon.colcon_core.package_identification[0m [1;30mLevel 1[0m _identify(src/MAVLink_ros2/stm32_mavlink_uart) by extensions ['ros']
[0.211s] [34mcolcon.colcon_core.package_identification[0m [1;30mLevel 1[0m _identify(src/MAVLink_ros2/stm32_mavlink_uart) by extension 'ros'
[0.211s] [34mcolcon.colcon_core.package_identification[0m [1;30mDEBUG[0m [32mPackage 'src/MAVLink_ros2/stm32_mavlink_uart' with type 'ros.ament_cmake' and name 'stm32_mavlink_uart'[0m
[0.211s] [34mcolcon.colcon_core.package_identification[0m [1;30mLevel 1[0m _identify(src/MAVLink_ros2/stm32_mavlink_udp) by extensions ['ignore', 'ignore_ament_install']
[0.211s] [34mcolcon.colcon_core.package_identification[0m [1;30mLevel 1[0m _identify(src/MAVLink_ros2/stm32_mavlink_udp) by extension 'ignore'
[0.211s] [34mcolcon.colcon_core.package_identification[0m [1;30mLevel 1[0m _identify(src/MAVLink_ros2/stm32_mavlink_udp) by extension 'ignore_ament_install'
[0.211s] [34mcolcon.colcon_core.package_identification[0m [1;30mLevel 1[0m _identify(src/MAVLink_ros2/stm32_mavlink_udp) by extensions ['colcon_pkg']
[0.211s] [34mcolcon.colcon_core.package_identification[0m [1;30mLevel 1[0m _identify(src/MAVLink_ros2/stm32_mavlink_udp) by extension 'colcon_pkg'
[0.211s] [34mcolcon.colcon_core.package_identification[0m [1;30mLevel 1[0m _identify(src/MAVLink_ros2/stm32_mavlink_udp) by extensions ['colcon_meta']
[0.211s] [34mcolcon.colcon_core.package_identification[0m [1;30mLevel 1[0m _identify(src/MAVLink_ros2/stm32_mavlink_udp) by extension 'colcon_meta'
[0.211s] [34mcolcon.colcon_core.package_identification[0m [1;30mLevel 1[0m _identify(src/MAVLink_ros2/stm32_mavlink_udp) by extensions ['ros']
[0.211s] [34mcolcon.colcon_core.package_identification[0m [1;30mLevel 1[0m _identify(src/MAVLink_ros2/stm32_mavlink_udp) by extension 'ros'
[0.212s] [34mcolcon.colcon_core.package_identification[0m [1;30mDEBUG[0m [32mPackage 'src/MAVLink_ros2/stm32_mavlink_udp' with type 'ros.ament_cmake' and name 'stm32_mavlink_udp'[0m
[0.212s] [34mcolcon.colcon_core.package_identification[0m [1;30mLevel 1[0m _identify(src/a_r2_description-20251207T063721Z-3-001) by extensions ['ignore', 'ignore_ament_install']
[0.212s] [34mcolcon.colcon_core.package_identification[0m [1;30mLevel 1[0m _identify(src/a_r2_description-20251207T063721Z-3-001) by extension 'ignore'
[0.212s] [34mcolcon.colcon_core.package_identification[0m [1;30mLevel 1[0m _identify(src/a_r2_description-20251207T063721Z-3-001) by extension 'ignore_ament_install'
[0.212s] [34mcolcon.colcon_core.package_identification[0m [1;30mLevel 1[0m _identify(src/a_r2_description-20251207T063721Z-3-001) by extensions ['colcon_pkg']
[0.212s] [34mcolcon.colcon_core.package_identification[0m [1;30mLevel 1[0m _identify(src/a_r2_description-20251207T063721Z-3-001) by extension 'colcon_pkg'
[0.212s] [34mcolcon.colcon_core.package_identification[0m [1;30mLevel 1[0m _identify(src/a_r2_description-20251207T063721Z-3-001) by extensions ['colcon_meta']
[0.212s] [34mcolcon.colcon_core.package_identification[0m [1;30mLevel 1[0m _identify(src/a_r2_description-20251207T063721Z-3-001) by extension 'colcon_meta'
[0.212s] [34mcolcon.colcon_core.package_identification[0m [1;30mLevel 1[0m _identify(src/a_r2_description-20251207T063721Z-3-001) by extensions ['ros']
[0.212s] [34mcolcon.colcon_core.package_identification[0m [1;30mLevel 1[0m _identify(src/a_r2_description-20251207T063721Z-3-001) by extension 'ros'
[0.212s] [34mcolcon.colcon_core.package_identification[0m [1;30mLevel 1[0m _identify(src/a_r2_description-20251207T063721Z-3-001) by extensions ['cmake', 'python']
[0.212s] [34mcolcon.colcon_core.package_identification[0m [1;30mLevel 1[0m _identify(src/a_r2_description-20251207T063721Z-3-001) by extension 'cmake'
[0.212s] [34mcolcon.colcon_core.package_identification[0m [1;30mLevel 1[0m _identify(src/a_r2_description-20251207T063721Z-3-001) by extension 'python'
[0.212s] [34mcolcon.colcon_core.package_identification[0m [1;30mLevel 1[0m _identify(src/a_r2_description-20251207T063721Z-3-001) by extensions ['python_setup_py']
[0.212s] [34mcolcon.colcon_core.package_identification[0m [1;30mLevel 1[0m _identify(src/a_r2_description-20251207T063721Z-3-001) by extension 'python_setup_py'
[0.212s] [34mcolcon.colcon_core.package_identification[0m [1;30mLevel 1[0m _identify(src/a_r2_description-20251207T063721Z-3-001/a_r2_description) by extensions ['ignore', 'ignore_ament_install']
[0.212s] [34mcolcon.colcon_core.package_identification[0m [1;30mLevel 1[0m _identify(src/a_r2_description-20251207T063721Z-3-001/a_r2_description) by extension 'ignore'
[0.213s] [34mcolcon.colcon_core.package_identification[0m [1;30mLevel 1[0m _identify(src/a_r2_description-20251207T063721Z-3-001/a_r2_description) by extension 'ignore_ament_install'
[0.213s] [34mcolcon.colcon_core.package_identification[0m [1;30mLevel 1[0m _identify(src/a_r2_description-20251207T063721Z-3-001/a_r2_description) by extensions ['colcon_pkg']
[0.213s] [34mcolcon.colcon_core.package_identification[0m [1;30mLevel 1[0m _identify(src/a_r2_description-20251207T063721Z-3-001/a_r2_description) by extension 'colcon_pkg'
[0.213s] [34mcolcon.colcon_core.package_identification[0m [1;30mLevel 1[0m _identify(src/a_r2_description-20251207T063721Z-3-001/a_r2_description) by extensions ['colcon_meta']
[0.213s] [34mcolcon.colcon_core.package_identification[0m [1;30mLevel 1[0m _identify(src/a_r2_description-20251207T063721Z-3-001/a_r2_description) by extension 'colcon_meta'
[0.213s] [34mcolcon.colcon_core.package_identification[0m [1;30mLevel 1[0m _identify(src/a_r2_description-20251207T063721Z-3-001/a_r2_description) by extensions ['ros']
[0.213s] [34mcolcon.colcon_core.package_identification[0m [1;30mLevel 1[0m _identify(src/a_r2_description-20251207T063721Z-3-001/a_r2_description) by extension 'ros'
[0.213s] [34mcolcon.colcon_core.package_identification[0m [1;30mDEBUG[0m [32mPackage 'src/a_r2_description-20251207T063721Z-3-001/a_r2_description' with type 'ros.ament_cmake' and name 'a_r2_description'[0m
[0.213s] [34mcolcon.colcon_core.package_identification[0m [1;30mLevel 1[0m _identify(src/arm_module_description-20251221T061328Z-3-001) by extensions ['ignore', 'ignore_ament_install']
[0.213s] [34mcolcon.colcon_core.package_identification[0m [1;30mLevel 1[0m _identify(src/arm_module_description-20251221T061328Z-3-001) by extension 'ignore'
[0.213s] [34mcolcon.colcon_core.package_identification[0m [1;30mLevel 1[0m _identify(src/arm_module_description-20251221T061328Z-3-001) by extension 'ignore_ament_install'
[0.213s] [34mcolcon.colcon_core.package_identification[0m [1;30mLevel 1[0m _identify(src/arm_module_description-20251221T061328Z-3-001) by extensions ['colcon_pkg']
[0.213s] [34mcolcon.colcon_core.package_identification[0m [1;30mLevel 1[0m _identify(src/arm_module_description-20251221T061328Z-3-001) by extension 'colcon_pkg'
[0.213s] [34mcolcon.colcon_core.package_identification[0m [1;30mLevel 1[0m _identify(src/arm_module_description-20251221T061328Z-3-001) by extensions ['colcon_meta']
[0.213s] [34mcolcon.colcon_core.package_identification[0m [1;30mLevel 1[0m _identify(src/arm_module_description-20251221T061328Z-3-001) by extension 'colcon_meta'
[0.213s] [34mcolcon.colcon_core.package_identification[0m [1;30mLevel 1[0m _identify(src/arm_module_description-20251221T061328Z-3-001) by extensions ['ros']
[0.213s] [34mcolcon.colcon_core.package_identification[0m [1;30mLevel 1[0m _identify(src/arm_module_description-20251221T061328Z-3-001) by extension 'ros'
[0.213s] [34mcolcon.colcon_core.package_identification[0m [1;30mLevel 1[0m _identify(src/arm_module_description-20251221T061328Z-3-001) by extensions ['cmake', 'python']
[0.213s] [34mcolcon.colcon_core.package_identification[0m [1;30mLevel 1[0m _identify(src/arm_module_description-20251221T061328Z-3-001) by extension 'cmake'
[0.213s] [34mcolcon.colcon_core.package_identification[0m [1;30mLevel 1[0m _identify(src/arm_module_description-20251221T061328Z-3-001) by extension 'python'
[0.213s] [34mcolcon.colcon_core.package_identification[0m [1;30mLevel 1[0m _identify(src/arm_module_description-20251221T061328Z-3-001) by extensions ['python_setup_py']
[0.213s] [34mcolcon.colcon_core.package_identification[0m [1;30mLevel 1[0m _identify(src/arm_module_description-20251221T061328Z-3-001) by extension 'python_setup_py'
[0.213s] [34mcolcon.colcon_core.package_identification[0m [1;30mLevel 1[0m _identify(src/arm_module_description-20251221T061328Z-3-001/arm_module_description) by extensions ['ignore', 'ignore_ament_install']
[0.213s] [34mcolcon.colcon_core.package_identification[0m [1;30mLevel 1[0m _identify(src/arm_module_description-20251221T061328Z-3-001/arm_module_description) by extension 'ignore'
[0.213s] [34mcolcon.colcon_core.package_identification[0m [1;30mLevel 1[0m _identify(src/arm_module_description-20251221T061328Z-3-001/arm_module_description) by extension 'ignore_ament_install'
[0.213s] [34mcolcon.colcon_core.package_identification[0m [1;30mLevel 1[0m _identify(src/arm_module_description-20251221T061328Z-3-001/arm_module_description) by extensions ['colcon_pkg']
[0.213s] [34mcolcon.colcon_core.package_identification[0m [1;30mLevel 1[0m _identify(src/arm_module_description-20251221T061328Z-3-001/arm_module_description) by extension 'colcon_pkg'
[0.213s] [34mcolcon.colcon_core.package_identification[0m [1;30mLevel 1[0m _identify(src/arm_module_description-20251221T061328Z-3-001/arm_module_description) by extensions ['colcon_meta']
[0.214s] [34mcolcon.colcon_core.package_identification[0m [1;30mLevel 1[0m _identify(src/arm_module_description-20251221T061328Z-3-001/arm_module_description) by extension 'colcon_meta'
[0.214s] [34mcolcon.colcon_core.package_identification[0m [1;30mLevel 1[0m _identify(src/arm_module_description-20251221T061328Z-3-001/arm_module_description) by extensions ['ros']
[0.214s] [34mcolcon.colcon_core.package_identification[0m [1;30mLevel 1[0m _identify(src/arm_module_description-20251221T061328Z-3-001/arm_module_description) by extension 'ros'
[0.214s] [34mcolcon.colcon_core.package_identification[0m [1;30mDEBUG[0m [32mPackage 'src/arm_module_description-20251221T061328Z-3-001/arm_module_description' with type 'ros.ament_cmake' and name 'arm_module_description'[0m
[0.214s] [34mcolcon.colcon_core.package_identification[0m [1;30mLevel 1[0m _identify(src/arm_v20_description-20251026T114629Z-1-001) by extensions ['ignore', 'ignore_ament_install']
[0.214s] [34mcolcon.colcon_core.package_identification[0m [1;30mLevel 1[0m _identify(src/arm_v20_description-20251026T114629Z-1-001) by extension 'ignore'
[0.214s] [34mcolcon.colcon_core.package_identification[0m [1;30mLevel 1[0m _identify(src/arm_v20_description-20251026T114629Z-1-001) by extension 'ignore_ament_install'
[0.214s] [34mcolcon.colcon_core.package_identification[0m [1;30mLevel 1[0m _identify(src/arm_v20_description-20251026T114629Z-1-001) by extensions ['colcon_pkg']
[0.214s] [34mcolcon.colcon_core.package_identification[0m [1;30mLevel 1[0m _identify(src/arm_v20_description-20251026T114629Z-1-001) by extension 'colcon_pkg'
[0.214s] [34mcolcon.colcon_core.package_identification[0m [1;30mLevel 1[0m _identify(src/arm_v20_description-20251026T114629Z-1-001) by extensions ['colcon_meta']
[0.214s] [34mcolcon.colcon_core.package_identification[0m [1;30mLevel 1[0m _identify(src/arm_v20_description-20251026T114629Z-1-001) by extension 'colcon_meta'
[0.214s] [34mcolcon.colcon_core.package_identification[0m [1;30mLevel 1[0m _identify(src/arm_v20_description-20251026T114629Z-1-001) by extensions ['ros']
[0.214s] [34mcolcon.colcon_core.package_identification[0m [1;30mLevel 1[0m _identify(src/arm_v20_description-20251026T114629Z-1-001) by extension 'ros'
[0.214s] [34mcolcon.colcon_core.package_identification[0m [1;30mLevel 1[0m _identify(src/arm_v20_description-20251026T114629Z-1-001) by extensions ['cmake', 'python']
[0.214s] [34mcolcon.colcon_core.package_identification[0m [1;30mLevel 1[0m _identify(src/arm_v20_description-20251026T114629Z-1-001) by extension 'cmake'
[0.214s] [34mcolcon.colcon_core.package_identification[0m [1;30mLevel 1[0m _identify(src/arm_v20_description-20251026T114629Z-1-001) by extension 'python'
[0.214s] [34mcolcon.colcon_core.package_identification[0m [1;30mLevel 1[0m _identify(src/arm_v20_description-20251026T114629Z-1-001) by extensions ['python_setup_py']
[0.214s] [34mcolcon.colcon_core.package_identification[0m [1;30mLevel 1[0m _identify(src/arm_v20_description-20251026T114629Z-1-001) by extension 'python_setup_py'
[0.214s] [34mcolcon.colcon_core.package_identification[0m [1;30mLevel 1[0m _identify(src/arm_v20_description-20251026T114629Z-1-001/arm_v20_description) by extensions ['ignore', 'ignore_ament_install']
[0.214s] [34mcolcon.colcon_core.package_identification[0m [1;30mLevel 1[0m _identify(src/arm_v20_description-20251026T114629Z-1-001/arm_v20_description) by extension 'ignore'
[0.214s] [34mcolcon.colcon_core.package_identification[0m [1;30mLevel 1[0m _identify(src/arm_v20_description-20251026T114629Z-1-001/arm_v20_description) by extension 'ignore_ament_install'
[0.214s] [34mcolcon.colcon_core.package_identification[0m [1;30mLevel 1[0m _identify(src/arm_v20_description-20251026T114629Z-1-001/arm_v20_description) by extensions ['colcon_pkg']
[0.214s] [34mcolcon.colcon_core.package_identification[0m [1;30mLevel 1[0m _identify(src/arm_v20_description-20251026T114629Z-1-001/arm_v20_description) by extension 'colcon_pkg'
[0.214s] [34mcolcon.colcon_core.package_identification[0m [1;30mLevel 1[0m _identify(src/arm_v20_description-20251026T114629Z-1-001/arm_v20_description) by extensions ['colcon_meta']
[0.214s] [34mcolcon.colcon_core.package_identification[0m [1;30mLevel 1[0m _identify(src/arm_v20_description-20251026T114629Z-1-001/arm_v20_description) by extension 'colcon_meta'
[0.214s] [34mcolcon.colcon_core.package_identification[0m [1;30mLevel 1[0m _identify(src/arm_v20_description-20251026T114629Z-1-001/arm_v20_description) by extensions ['ros']
[0.214s] [34mcolcon.colcon_core.package_identification[0m [1;30mLevel 1[0m _identify(src/arm_v20_description-20251026T114629Z-1-001/arm_v20_description) by extension 'ros'
[0.215s] [34mcolcon.colcon_core.package_identification[0m [1;30mDEBUG[0m [32mPackage 'src/arm_v20_description-20251026T114629Z-1-001/arm_v20_description' with type 'ros.ament_cmake' and name 'arm_v20_description'[0m
[0.215s] [34mcolcon.colcon_core.package_identification[0m [1;30mLevel 1[0m _identify(src/dynamixel_ros2) by extensions ['ignore', 'ignore_ament_install']
[0.215s] [34mcolcon.colcon_core.package_identification[0m [1;30mLevel 1[0m _identify(src/dynamixel_ros2) by extension 'ignore'
[0.215s] [34mcolcon.colcon_core.package_identification[0m [1;30mLevel 1[0m _identify(src/dynamixel_ros2) by extension 'ignore_ament_install'
[0.215s] [34mcolcon.colcon_core.package_identification[0m [1;30mLevel 1[0m _identify(src/dynamixel_ros2) by extensions ['colcon_pkg']
[0.215s] [34mcolcon.colcon_core.package_identification[0m [1;30mLevel 1[0m _identify(src/dynamixel_ros2) by extension 'colcon_pkg'
[0.215s] [34mcolcon.colcon_core.package_identification[0m [1;30mLevel 1[0m _identify(src/dynamixel_ros2) by extensions ['colcon_meta']
[0.215s] [34mcolcon.colcon_core.package_identification[0m [1;30mLevel 1[0m _identify(src/dynamixel_ros2) by extension 'colcon_meta'
[0.215s] [34mcolcon.colcon_core.package_identification[0m [1;30mLevel 1[0m _identify(src/dynamixel_ros2) by extensions ['ros']
[0.215s] [34mcolcon.colcon_core.package_identification[0m [1;30mLevel 1[0m _identify(src/dynamixel_ros2) by extension 'ros'
[0.215s] [34mcolcon.colcon_core.package_identification[0m [1;30mLevel 1[0m _identify(src/dynamixel_ros2) by extensions ['cmake', 'python']
[0.215s] [34mcolcon.colcon_core.package_identification[0m [1;30mLevel 1[0m _identify(src/dynamixel_ros2) by extension 'cmake'
[0.215s] [34mcolcon.colcon_core.package_identification[0m [1;30mLevel 1[0m _identify(src/dynamixel_ros2) by extension 'python'
[0.215s] [34mcolcon.colcon_core.package_identification[0m [1;30mLevel 1[0m _identify(src/dynamixel_ros2) by extensions ['python_setup_py']
[0.215s] [34mcolcon.colcon_core.package_identification[0m [1;30mLevel 1[0m _identify(src/dynamixel_ros2) by extension 'python_setup_py'
[0.215s] [34mcolcon.colcon_core.package_identification[0m [1;30mLevel 1[0m _identify(src/dynamixel_ros2/DynamixelSDK) by extensions ['ignore', 'ignore_ament_install']
[0.215s] [34mcolcon.colcon_core.package_identification[0m [1;30mLevel 1[0m _identify(src/dynamixel_ros2/DynamixelSDK) by extension 'ignore'
[0.215s] [34mcolcon.colcon_core.package_identification[0m [1;30mLevel 1[0m _identify(src/dynamixel_ros2/DynamixelSDK) by extension 'ignore_ament_install'
[0.215s] [34mcolcon.colcon_core.package_identification[0m [1;30mLevel 1[0m _identify(src/dynamixel_ros2/DynamixelSDK) by extensions ['colcon_pkg']
[0.215s] [34mcolcon.colcon_core.package_identification[0m [1;30mLevel 1[0m _identify(src/dynamixel_ros2/DynamixelSDK) by extension 'colcon_pkg'
[0.215s] [34mcolcon.colcon_core.package_identification[0m [1;30mLevel 1[0m _identify(src/dynamixel_ros2/DynamixelSDK) by extensions ['colcon_meta']
[0.215s] [34mcolcon.colcon_core.package_identification[0m [1;30mLevel 1[0m _identify(src/dynamixel_ros2/DynamixelSDK) by extension 'colcon_meta'
[0.215s] [34mcolcon.colcon_core.package_identification[0m [1;30mLevel 1[0m _identify(src/dynamixel_ros2/DynamixelSDK) by extensions ['ros']
[0.215s] [34mcolcon.colcon_core.package_identification[0m [1;30mLevel 1[0m _identify(src/dynamixel_ros2/DynamixelSDK) by extension 'ros'
[0.215s] [34mcolcon.colcon_core.package_identification[0m [1;30mLevel 1[0m _identify(src/dynamixel_ros2/DynamixelSDK) by extensions ['cmake', 'python']
[0.215s] [34mcolcon.colcon_core.package_identification[0m [1;30mLevel 1[0m _identify(src/dynamixel_ros2/DynamixelSDK) by extension 'cmake'
[0.215s] [34mcolcon.colcon_core.package_identification[0m [1;30mLevel 1[0m _identify(src/dynamixel_ros2/DynamixelSDK) by extension 'python'
[0.215s] [34mcolcon.colcon_core.package_identification[0m [1;30mLevel 1[0m _identify(src/dynamixel_ros2/DynamixelSDK) by extensions ['python_setup_py']
[0.215s] [34mcolcon.colcon_core.package_identification[0m [1;30mLevel 1[0m _identify(src/dynamixel_ros2/DynamixelSDK) by extension 'python_setup_py'
[0.215s] [34mcolcon.colcon_core.package_identification[0m [1;30mLevel 1[0m _identify(src/dynamixel_ros2/DynamixelSDK/dynamixel_sdk) by extensions ['ignore', 'ignore_ament_install']
[0.215s] [34mcolcon.colcon_core.package_identification[0m [1;30mLevel 1[0m _identify(src/dynamixel_ros2/DynamixelSDK/dynamixel_sdk) by extension 'ignore'
[0.216s] [34mcolcon.colcon_core.package_identification[0m [1;30mLevel 1[0m _identify(src/dynamixel_ros2/DynamixelSDK/dynamixel_sdk) by extension 'ignore_ament_install'
[0.216s] [34mcolcon.colcon_core.package_identification[0m [1;30mLevel 1[0m _identify(src/dynamixel_ros2/DynamixelSDK/dynamixel_sdk) by extensions ['colcon_pkg']
[0.216s] [34mcolcon.colcon_core.package_identification[0m [1;30mLevel 1[0m _identify(src/dynamixel_ros2/DynamixelSDK/dynamixel_sdk) by extension 'colcon_pkg'
[0.216s] [34mcolcon.colcon_core.package_identification[0m [1;30mLevel 1[0m _identify(src/dynamixel_ros2/DynamixelSDK/dynamixel_sdk) by extensions ['colcon_meta']
[0.216s] [34mcolcon.colcon_core.package_identification[0m [1;30mLevel 1[0m _identify(src/dynamixel_ros2/DynamixelSDK/dynamixel_sdk) by extension 'colcon_meta'
[0.216s] [34mcolcon.colcon_core.package_identification[0m [1;30mLevel 1[0m _identify(src/dynamixel_ros2/DynamixelSDK/dynamixel_sdk) by extensions ['ros']
[0.216s] [34mcolcon.colcon_core.package_identification[0m [1;30mLevel 1[0m _identify(src/dynamixel_ros2/DynamixelSDK/dynamixel_sdk) by extension 'ros'
[0.216s] [34mcolcon.colcon_core.package_identification[0m [1;30mDEBUG[0m [32mPackage 'src/dynamixel_ros2/DynamixelSDK/dynamixel_sdk' with type 'ros.ament_cmake' and name 'dynamixel_sdk'[0m
[0.216s] [34mcolcon.colcon_core.package_identification[0m [1;30mLevel 1[0m _identify(src/dynamixel_ros2/DynamixelSDK/dynamixel_sdk_custom_interfaces) by extensions ['ignore', 'ignore_ament_install']
[0.216s] [34mcolcon.colcon_core.package_identification[0m [1;30mLevel 1[0m _identify(src/dynamixel_ros2/DynamixelSDK/dynamixel_sdk_custom_interfaces) by extension 'ignore'
[0.216s] [34mcolcon.colcon_core.package_identification[0m [1;30mLevel 1[0m _identify(src/dynamixel_ros2/DynamixelSDK/dynamixel_sdk_custom_interfaces) by extension 'ignore_ament_install'
[0.216s] [34mcolcon.colcon_core.package_identification[0m [1;30mLevel 1[0m _identify(src/dynamixel_ros2/DynamixelSDK/dynamixel_sdk_custom_interfaces) by extensions ['colcon_pkg']
[0.216s] [34mcolcon.colcon_core.package_identification[0m [1;30mLevel 1[0m _identify(src/dynamixel_ros2/DynamixelSDK/dynamixel_sdk_custom_interfaces) by extension 'colcon_pkg'
[0.216s] [34mcolcon.colcon_core.package_identification[0m [1;30mLevel 1[0m _identify(src/dynamixel_ros2/DynamixelSDK/dynamixel_sdk_custom_interfaces) by extensions ['colcon_meta']
[0.216s] [34mcolcon.colcon_core.package_identification[0m [1;30mLevel 1[0m _identify(src/dynamixel_ros2/DynamixelSDK/dynamixel_sdk_custom_interfaces) by extension 'colcon_meta'
[0.216s] [34mcolcon.colcon_core.package_identification[0m [1;30mLevel 1[0m _identify(src/dynamixel_ros2/DynamixelSDK/dynamixel_sdk_custom_interfaces) by extensions ['ros']
[0.216s] [34mcolcon.colcon_core.package_identification[0m [1;30mLevel 1[0m _identify(src/dynamixel_ros2/DynamixelSDK/dynamixel_sdk_custom_interfaces) by extension 'ros'
[0.217s] [34mcolcon.colcon_core.package_identification[0m [1;30mDEBUG[0m [32mPackage 'src/dynamixel_ros2/DynamixelSDK/dynamixel_sdk_custom_interfaces' with type 'ros.ament_cmake' and name 'dynamixel_sdk_custom_interfaces'[0m
[0.217s] [34mcolcon.colcon_core.package_identification[0m [1;30mLevel 1[0m _identify(src/dynamixel_ros2/DynamixelSDK/dynamixel_sdk_examples) by extensions ['ignore', 'ignore_ament_install']
[0.217s] [34mcolcon.colcon_core.package_identification[0m [1;30mLevel 1[0m _identify(src/dynamixel_ros2/DynamixelSDK/dynamixel_sdk_examples) by extension 'ignore'
[0.217s] [34mcolcon.colcon_core.package_identification[0m [1;30mLevel 1[0m _identify(src/dynamixel_ros2/DynamixelSDK/dynamixel_sdk_examples) by extension 'ignore_ament_install'
[0.217s] [34mcolcon.colcon_core.package_identification[0m [1;30mLevel 1[0m _identify(src/dynamixel_ros2/DynamixelSDK/dynamixel_sdk_examples) by extensions ['colcon_pkg']
[0.217s] [34mcolcon.colcon_core.package_identification[0m [1;30mLevel 1[0m _identify(src/dynamixel_ros2/DynamixelSDK/dynamixel_sdk_examples) by extension 'colcon_pkg'
[0.217s] [34mcolcon.colcon_core.package_identification[0m [1;30mLevel 1[0m _identify(src/dynamixel_ros2/DynamixelSDK/dynamixel_sdk_examples) by extensions ['colcon_meta']
[0.217s] [34mcolcon.colcon_core.package_identification[0m [1;30mLevel 1[0m _identify(src/dynamixel_ros2/DynamixelSDK/dynamixel_sdk_examples) by extension 'colcon_meta'
[0.217s] [34mcolcon.colcon_core.package_identification[0m [1;30mLevel 1[0m _identify(src/dynamixel_ros2/DynamixelSDK/dynamixel_sdk_examples) by extensions ['ros']
[0.217s] [34mcolcon.colcon_core.package_identification[0m [1;30mLevel 1[0m _identify(src/dynamixel_ros2/DynamixelSDK/dynamixel_sdk_examples) by extension 'ros'
[0.217s] [34mcolcon.colcon_core.package_identification[0m [1;30mDEBUG[0m [32mPackage 'src/dynamixel_ros2/DynamixelSDK/dynamixel_sdk_examples' with type 'ros.ament_cmake' and name 'dynamixel_sdk_examples'[0m
[0.217s] [34mcolcon.colcon_core.package_identification[0m [1;30mLevel 1[0m _identify(src/dynamixel_ros2/dynamixel_controller) by extensions ['ignore', 'ignore_ament_install']
[0.217s] [34mcolcon.colcon_core.package_identification[0m [1;30mLevel 1[0m _identify(src/dynamixel_ros2/dynamixel_controller) by extension 'ignore'
[0.217s] [34mcolcon.colcon_core.package_identification[0m [1;30mLevel 1[0m _identify(src/dynamixel_ros2/dynamixel_controller) by extension 'ignore_ament_install'
[0.217s] [34mcolcon.colcon_core.package_identification[0m [1;30mLevel 1[0m _identify(src/dynamixel_ros2/dynamixel_controller) by extensions ['colcon_pkg']
[0.217s] [34mcolcon.colcon_core.package_identification[0m [1;30mLevel 1[0m _identify(src/dynamixel_ros2/dynamixel_controller) by extension 'colcon_pkg'
[0.217s] [34mcolcon.colcon_core.package_identification[0m [1;30mLevel 1[0m _identify(src/dynamixel_ros2/dynamixel_controller) by extensions ['colcon_meta']
[0.217s] [34mcolcon.colcon_core.package_identification[0m [1;30mLevel 1[0m _identify(src/dynamixel_ros2/dynamixel_controller) by extension 'colcon_meta'
[0.217s] [34mcolcon.colcon_core.package_identification[0m [1;30mLevel 1[0m _identify(src/dynamixel_ros2/dynamixel_controller) by extensions ['ros']
[0.217s] [34mcolcon.colcon_core.package_identification[0m [1;30mLevel 1[0m _identify(src/dynamixel_ros2/dynamixel_controller) by extension 'ros'
[0.218s] [34mcolcon.colcon_core.package_identification[0m [1;30mDEBUG[0m [32mPackage 'src/dynamixel_ros2/dynamixel_controller' with type 'ros.ament_cmake' and name 'dynamixel_controller'[0m
[0.218s] [34mcolcon.colcon_core.package_identification[0m [1;30mLevel 1[0m _identify(src/dynamixel_ros2/dynamixel_controller_client) by extensions ['ignore', 'ignore_ament_install']
[0.218s] [34mcolcon.colcon_core.package_identification[0m [1;30mLevel 1[0m _identify(src/dynamixel_ros2/dynamixel_controller_client) by extension 'ignore'
[0.218s] [34mcolcon.colcon_core.package_identification[0m [1;30mLevel 1[0m _identify(src/dynamixel_ros2/dynamixel_controller_client) by extension 'ignore_ament_install'
[0.218s] [34mcolcon.colcon_core.package_identification[0m [1;30mLevel 1[0m _identify(src/dynamixel_ros2/dynamixel_controller_client) by extensions ['colcon_pkg']
[0.218s] [34mcolcon.colcon_core.package_identification[0m [1;30mLevel 1[0m _identify(src/dynamixel_ros2/dynamixel_controller_client) by extension 'colcon_pkg'
[0.218s] [34mcolcon.colcon_core.package_identification[0m [1;30mLevel 1[0m _identify(src/dynamixel_ros2/dynamixel_controller_client) by extensions ['colcon_meta']
[0.218s] [34mcolcon.colcon_core.package_identification[0m [1;30mLevel 1[0m _identify(src/dynamixel_ros2/dynamixel_controller_client) by extension 'colcon_meta'
[0.218s] [34mcolcon.colcon_core.package_identification[0m [1;30mLevel 1[0m _identify(src/dynamixel_ros2/dynamixel_controller_client) by extensions ['ros']
[0.218s] [34mcolcon.colcon_core.package_identification[0m [1;30mLevel 1[0m _identify(src/dynamixel_ros2/dynamixel_controller_client) by extension 'ros'
[0.218s] [34mcolcon.colcon_core.package_identification[0m [1;30mDEBUG[0m [32mPackage 'src/dynamixel_ros2/dynamixel_controller_client' with type 'ros.ament_python' and name 'dynamixel_controller_client'[0m
[0.218s] [34mcolcon.colcon_core.package_identification[0m [1;30mLevel 1[0m _identify(src/dynamixel_ros2/dynamixel_controller_gui) by extensions ['ignore', 'ignore_ament_install']
[0.218s] [34mcolcon.colcon_core.package_identification[0m [1;30mLevel 1[0m _identify(src/dynamixel_ros2/dynamixel_controller_gui) by extension 'ignore'
[0.219s] [34mcolcon.colcon_core.package_identification[0m [1;30mLevel 1[0m _identify(src/dynamixel_ros2/dynamixel_controller_gui) by extension 'ignore_ament_install'
[0.219s] [34mcolcon.colcon_core.package_identification[0m [1;30mLevel 1[0m _identify(src/dynamixel_ros2/dynamixel_controller_gui) by extensions ['colcon_pkg']
[0.219s] [34mcolcon.colcon_core.package_identification[0m [1;30mLevel 1[0m _identify(src/dynamixel_ros2/dynamixel_controller_gui) by extension 'colcon_pkg'
[0.219s] [34mcolcon.colcon_core.package_identification[0m [1;30mLevel 1[0m _identify(src/dynamixel_ros2/dynamixel_controller_gui) by extensions ['colcon_meta']
[0.219s] [34mcolcon.colcon_core.package_identification[0m [1;30mLevel 1[0m _identify(src/dynamixel_ros2/dynamixel_controller_gui) by extension 'colcon_meta'
[0.219s] [34mcolcon.colcon_core.package_identification[0m [1;30mLevel 1[0m _identify(src/dynamixel_ros2/dynamixel_controller_gui) by extensions ['ros']
[0.219s] [34mcolcon.colcon_core.package_identification[0m [1;30mLevel 1[0m _identify(src/dynamixel_ros2/dynamixel_controller_gui) by extension 'ros'
[0.219s] [34mcolcon.colcon_core.package_identification[0m [1;30mDEBUG[0m [32mPackage 'src/dynamixel_ros2/dynamixel_controller_gui' with type 'ros.ament_python' and name 'dynamixel_controller_gui'[0m
[0.219s] [34mcolcon.colcon_core.package_identification[0m [1;30mLevel 1[0m _identify(src/launch_param_builder) by extensions ['ignore', 'ignore_ament_install']
[0.219s] [34mcolcon.colcon_core.package_identification[0m [1;30mLevel 1[0m _identify(src/launch_param_builder) by extension 'ignore'
[0.219s] [34mcolcon.colcon_core.package_identification[0m [1;30mLevel 1[0m _identify(src/launch_param_builder) by extension 'ignore_ament_install'
[0.219s] [34mcolcon.colcon_core.package_identification[0m [1;30mLevel 1[0m _identify(src/launch_param_builder) by extensions ['colcon_pkg']
[0.219s] [34mcolcon.colcon_core.package_identification[0m [1;30mLevel 1[0m _identify(src/launch_param_builder) by extension 'colcon_pkg'
[0.219s] [34mcolcon.colcon_core.package_identification[0m [1;30mLevel 1[0m _identify(src/launch_param_builder) by extensions ['colcon_meta']
[0.219s] [34mcolcon.colcon_core.package_identification[0m [1;30mLevel 1[0m _identify(src/launch_param_builder) by extension 'colcon_meta'
[0.219s] [34mcolcon.colcon_core.package_identification[0m [1;30mLevel 1[0m _identify(src/launch_param_builder) by extensions ['ros']
[0.219s] [34mcolcon.colcon_core.package_identification[0m [1;30mLevel 1[0m _identify(src/launch_param_builder) by extension 'ros'
[0.220s] [34mcolcon.colcon_core.package_identification[0m [1;30mDEBUG[0m [32mPackage 'src/launch_param_builder' with type 'ros.ament_python' and name 'launch_param_builder'[0m
[0.220s] [34mcolcon.colcon_core.package_identification[0m [1;30mLevel 1[0m _identify(src/moveit2) by extensions ['ignore', 'ignore_ament_install']
[0.220s] [34mcolcon.colcon_core.package_identification[0m [1;30mLevel 1[0m _identify(src/moveit2) by extension 'ignore'
[0.220s] [34mcolcon.colcon_core.package_identification[0m [1;30mLevel 1[0m _identify(src/moveit2) by extension 'ignore_ament_install'
[0.220s] [34mcolcon.colcon_core.package_identification[0m [1;30mLevel 1[0m _identify(src/moveit2) by extensions ['colcon_pkg']
[0.220s] [34mcolcon.colcon_core.package_identification[0m [1;30mLevel 1[0m _identify(src/moveit2) by extension 'colcon_pkg'
[0.220s] [34mcolcon.colcon_core.package_identification[0m [1;30mLevel 1[0m _identify(src/moveit2) by extensions ['colcon_meta']
[0.220s] [34mcolcon.colcon_core.package_identification[0m [1;30mLevel 1[0m _identify(src/moveit2) by extension 'colcon_meta'
[0.220s] [34mcolcon.colcon_core.package_identification[0m [1;30mLevel 1[0m _identify(src/moveit2) by extensions ['ros']
[0.220s] [34mcolcon.colcon_core.package_identification[0m [1;30mLevel 1[0m _identify(src/moveit2) by extension 'ros'
[0.220s] [34mcolcon.colcon_core.package_identification[0m [1;30mLevel 1[0m _identify(src/moveit2) by extensions ['cmake', 'python']
[0.220s] [34mcolcon.colcon_core.package_identification[0m [1;30mLevel 1[0m _identify(src/moveit2) by extension 'cmake'
[0.220s] [34mcolcon.colcon_core.package_identification[0m [1;30mLevel 1[0m _identify(src/moveit2) by extension 'python'
[0.220s] [34mcolcon.colcon_core.package_identification[0m [1;30mLevel 1[0m _identify(src/moveit2) by extensions ['python_setup_py']
[0.220s] [34mcolcon.colcon_core.package_identification[0m [1;30mLevel 1[0m _identify(src/moveit2) by extension 'python_setup_py'
[0.220s] [34mcolcon.colcon_core.package_identification[0m [1;30mLevel 1[0m _identify(src/moveit2/doc) by extensions ['ignore', 'ignore_ament_install']
[0.220s] [34mcolcon.colcon_core.package_identification[0m [1;30mLevel 1[0m _identify(src/moveit2/doc) by extension 'ignore'
[0.220s] [34mcolcon.colcon_core.package_identification[0m [1;30mLevel 1[0m _identify(src/moveit2/doc) by extension 'ignore_ament_install'
[0.220s] [34mcolcon.colcon_core.package_identification[0m [1;30mLevel 1[0m _identify(src/moveit2/doc) by extensions ['colcon_pkg']
[0.220s] [34mcolcon.colcon_core.package_identification[0m [1;30mLevel 1[0m _identify(src/moveit2/doc) by extension 'colcon_pkg'
[0.220s] [34mcolcon.colcon_core.package_identification[0m [1;30mLevel 1[0m _identify(src/moveit2/doc) by extensions ['colcon_meta']
[0.220s] [34mcolcon.colcon_core.package_identification[0m [1;30mLevel 1[0m _identify(src/moveit2/doc) by extension 'colcon_meta'
[0.220s] [34mcolcon.colcon_core.package_identification[0m [1;30mLevel 1[0m _identify(src/moveit2/doc) by extensions ['ros']
[0.220s] [34mcolcon.colcon_core.package_identification[0m [1;30mLevel 1[0m _identify(src/moveit2/doc) by extension 'ros'
[0.220s] [34mcolcon.colcon_core.package_identification[0m [1;30mLevel 1[0m _identify(src/moveit2/doc) by extensions ['cmake', 'python']
[0.220s] [34mcolcon.colcon_core.package_identification[0m [1;30mLevel 1[0m _identify(src/moveit2/doc) by extension 'cmake'
[0.220s] [34mcolcon.colcon_core.package_identification[0m [1;30mLevel 1[0m _identify(src/moveit2/doc) by extension 'python'
[0.220s] [34mcolcon.colcon_core.package_identification[0m [1;30mLevel 1[0m _identify(src/moveit2/doc) by extensions ['python_setup_py']
[0.220s] [34mcolcon.colcon_core.package_identification[0m [1;30mLevel 1[0m _identify(src/moveit2/doc) by extension 'python_setup_py'
[0.220s] [34mcolcon.colcon_core.package_identification[0m [1;30mLevel 1[0m _identify(src/moveit2/moveit) by extensions ['ignore', 'ignore_ament_install']
[0.220s] [34mcolcon.colcon_core.package_identification[0m [1;30mLevel 1[0m _identify(src/moveit2/moveit) by extension 'ignore'
[0.220s] [34mcolcon.colcon_core.package_identification[0m [1;30mLevel 1[0m _identify(src/moveit2/moveit) by extension 'ignore_ament_install'
[0.220s] [34mcolcon.colcon_core.package_identification[0m [1;30mLevel 1[0m _identify(src/moveit2/moveit) by extensions ['colcon_pkg']
[0.220s] [34mcolcon.colcon_core.package_identification[0m [1;30mLevel 1[0m _identify(src/moveit2/moveit) by extension 'colcon_pkg'
[0.220s] [34mcolcon.colcon_core.package_identification[0m [1;30mLevel 1[0m _identify(src/moveit2/moveit) by extensions ['colcon_meta']
[0.220s] [34mcolcon.colcon_core.package_identification[0m [1;30mLevel 1[0m _identify(src/moveit2/moveit) by extension 'colcon_meta'
[0.220s] [34mcolcon.colcon_core.package_identification[0m [1;30mLevel 1[0m _identify(src/moveit2/moveit) by extensions ['ros']
[0.220s] [34mcolcon.colcon_core.package_identification[0m [1;30mLevel 1[0m _identify(src/moveit2/moveit) by extension 'ros'
[0.221s] [34mcolcon.colcon_core.package_identification[0m [1;30mDEBUG[0m [32mPackage 'src/moveit2/moveit' with type 'ros.ament_cmake' and name 'moveit'[0m
[0.221s] [34mcolcon.colcon_core.package_identification[0m [1;30mLevel 1[0m _identify(src/moveit2/moveit_commander) by extensions ['ignore', 'ignore_ament_install']
[0.221s] [34mcolcon.colcon_core.package_identification[0m [1;30mLevel 1[0m _identify(src/moveit2/moveit_commander) by extension 'ignore'
[0.221s] [34mcolcon.colcon_core.package_identification[0m [1;30mLevel 1[0m _identify(src/moveit2/moveit_commander) ignored
[0.221s] [34mcolcon.colcon_core.package_identification[0m [1;30mLevel 1[0m _identify(src/moveit2/moveit_common) by extensions ['ignore', 'ignore_ament_install']
[0.221s] [34mcolcon.colcon_core.package_identification[0m [1;30mLevel 1[0m _identify(src/moveit2/moveit_common) by extension 'ignore'
[0.221s] [34mcolcon.colcon_core.package_identification[0m [1;30mLevel 1[0m _identify(src/moveit2/moveit_common) by extension 'ignore_ament_install'
[0.221s] [34mcolcon.colcon_core.package_identification[0m [1;30mLevel 1[0m _identify(src/moveit2/moveit_common) by extensions ['colcon_pkg']
[0.221s] [34mcolcon.colcon_core.package_identification[0m [1;30mLevel 1[0m _identify(src/moveit2/moveit_common) by extension 'colcon_pkg'
[0.221s] [34mcolcon.colcon_core.package_identification[0m [1;30mLevel 1[0m _identify(src/moveit2/moveit_common) by extensions ['colcon_meta']
[0.221s] [34mcolcon.colcon_core.package_identification[0m [1;30mLevel 1[0m _identify(src/moveit2/moveit_common) by extension 'colcon_meta'
[0.221s] [34mcolcon.colcon_core.package_identification[0m [1;30mLevel 1[0m _identify(src/moveit2/moveit_common) by extensions ['ros']
[0.221s] [34mcolcon.colcon_core.package_identification[0m [1;30mLevel 1[0m _identify(src/moveit2/moveit_common) by extension 'ros'
[0.222s] [34mcolcon.colcon_core.package_identification[0m [1;30mDEBUG[0m [32mPackage 'src/moveit2/moveit_common' with type 'ros.ament_cmake' and name 'moveit_common'[0m
[0.222s] [34mcolcon.colcon_core.package_identification[0m [1;30mLevel 1[0m _identify(src/moveit2/moveit_configs_utils) by extensions ['ignore', 'ignore_ament_install']
[0.222s] [34mcolcon.colcon_core.package_identification[0m [1;30mLevel 1[0m _identify(src/moveit2/moveit_configs_utils) by extension 'ignore'
[0.222s] [34mcolcon.colcon_core.package_identification[0m [1;30mLevel 1[0m _identify(src/moveit2/moveit_configs_utils) by extension 'ignore_ament_install'
[0.222s] [34mcolcon.colcon_core.package_identification[0m [1;30mLevel 1[0m _identify(src/moveit2/moveit_configs_utils) by extensions ['colcon_pkg']
[0.222s] [34mcolcon.colcon_core.package_identification[0m [1;30mLevel 1[0m _identify(src/moveit2/moveit_configs_utils) by extension 'colcon_pkg'
[0.222s] [34mcolcon.colcon_core.package_identification[0m [1;30mLevel 1[0m _identify(src/moveit2/moveit_configs_utils) by extensions ['colcon_meta']
[0.222s] [34mcolcon.colcon_core.package_identification[0m [1;30mLevel 1[0m _identify(src/moveit2/moveit_configs_utils) by extension 'colcon_meta'
[0.222s] [34mcolcon.colcon_core.package_identification[0m [1;30mLevel 1[0m _identify(src/moveit2/moveit_configs_utils) by extensions ['ros']
[0.222s] [34mcolcon.colcon_core.package_identification[0m [1;30mLevel 1[0m _identify(src/moveit2/moveit_configs_utils) by extension 'ros'
[0.222s] [34mcolcon.colcon_core.package_identification[0m [1;30mDEBUG[0m [32mPackage 'src/moveit2/moveit_configs_utils' with type 'ros.ament_python' and name 'moveit_configs_utils'[0m
[0.222s] [34mcolcon.colcon_core.package_identification[0m [1;30mLevel 1[0m _identify(src/moveit2/moveit_core) by extensions ['ignore', 'ignore_ament_install']
[0.222s] [34mcolcon.colcon_core.package_identification[0m [1;30mLevel 1[0m _identify(src/moveit2/moveit_core) by extension 'ignore'
[0.222s] [34mcolcon.colcon_core.package_identification[0m [1;30mLevel 1[0m _identify(src/moveit2/moveit_core) by extension 'ignore_ament_install'
[0.222s] [34mcolcon.colcon_core.package_identification[0m [1;30mLevel 1[0m _identify(src/moveit2/moveit_core) by extensions ['colcon_pkg']
[0.222s] [34mcolcon.colcon_core.package_identification[0m [1;30mLevel 1[0m _identify(src/moveit2/moveit_core) by extension 'colcon_pkg'
[0.222s] [34mcolcon.colcon_core.package_identification[0m [1;30mLevel 1[0m _identify(src/moveit2/moveit_core) by extensions ['colcon_meta']
[0.222s] [34mcolcon.colcon_core.package_identification[0m [1;30mLevel 1[0m _identify(src/moveit2/moveit_core) by extension 'colcon_meta'
[0.222s] [34mcolcon.colcon_core.package_identification[0m [1;30mLevel 1[0m _identify(src/moveit2/moveit_core) by extensions ['ros']
[0.222s] [34mcolcon.colcon_core.package_identification[0m [1;30mLevel 1[0m _identify(src/moveit2/moveit_core) by extension 'ros'
[0.225s] [34mcolcon.colcon_core.package_identification[0m [1;30mDEBUG[0m [32mPackage 'src/moveit2/moveit_core' with type 'ros.ament_cmake' and name 'moveit_core'[0m
[0.225s] [34mcolcon.colcon_core.package_identification[0m [1;30mLevel 1[0m _identify(src/moveit2/moveit_experimental) by extensions ['ignore', 'ignore_ament_install']
[0.225s] [34mcolcon.colcon_core.package_identification[0m [1;30mLevel 1[0m _identify(src/moveit2/moveit_experimental) by extension 'ignore'
[0.225s] [34mcolcon.colcon_core.package_identification[0m [1;30mLevel 1[0m _identify(src/moveit2/moveit_experimental) ignored
[0.225s] [34mcolcon.colcon_core.package_identification[0m [1;30mLevel 1[0m _identify(src/moveit2/moveit_kinematics) by extensions ['ignore', 'ignore_ament_install']
[0.225s] [34mcolcon.colcon_core.package_identification[0m [1;30mLevel 1[0m _identify(src/moveit2/moveit_kinematics) by extension 'ignore'
[0.225s] [34mcolcon.colcon_core.package_identification[0m [1;30mLevel 1[0m _identify(src/moveit2/moveit_kinematics) by extension 'ignore_ament_install'
[0.225s] [34mcolcon.colcon_core.package_identification[0m [1;30mLevel 1[0m _identify(src/moveit2/moveit_kinematics) by extensions ['colcon_pkg']
[0.225s] [34mcolcon.colcon_core.package_identification[0m [1;30mLevel 1[0m _identify(src/moveit2/moveit_kinematics) by extension 'colcon_pkg'
[0.225s] [34mcolcon.colcon_core.package_identification[0m [1;30mLevel 1[0m _identify(src/moveit2/moveit_kinematics) by extensions ['colcon_meta']
[0.225s] [34mcolcon.colcon_core.package_identification[0m [1;30mLevel 1[0m _identify(src/moveit2/moveit_kinematics) by extension 'colcon_meta'
[0.225s] [34mcolcon.colcon_core.package_identification[0m [1;30mLevel 1[0m _identify(src/moveit2/moveit_kinematics) by extensions ['ros']
[0.225s] [34mcolcon.colcon_core.package_identification[0m [1;30mLevel 1[0m _identify(src/moveit2/moveit_kinematics) by extension 'ros'
[0.226s] [34mcolcon.colcon_core.package_identification[0m [1;30mDEBUG[0m [32mPackage 'src/moveit2/moveit_kinematics' with type 'ros.ament_cmake' and name 'moveit_kinematics'[0m
[0.226s] [34mcolcon.colcon_core.package_identification[0m [1;30mLevel 1[0m _identify(src/moveit2/moveit_planners) by extensions ['ignore', 'ignore_ament_install']
[0.226s] [34mcolcon.colcon_core.package_identification[0m [1;30mLevel 1[0m _identify(src/moveit2/moveit_planners) by extension 'ignore'
[0.226s] [34mcolcon.colcon_core.package_identification[0m [1;30mLevel 1[0m _identify(src/moveit2/moveit_planners) by extension 'ignore_ament_install'
[0.226s] [34mcolcon.colcon_core.package_identification[0m [1;30mLevel 1[0m _identify(src/moveit2/moveit_planners) by extensions ['colcon_pkg']
[0.226s] [34mcolcon.colcon_core.package_identification[0m [1;30mLevel 1[0m _identify(src/moveit2/moveit_planners) by extension 'colcon_pkg'
[0.226s] [34mcolcon.colcon_core.package_identification[0m [1;30mLevel 1[0m _identify(src/moveit2/moveit_planners) by extensions ['colcon_meta']
[0.226s] [34mcolcon.colcon_core.package_identification[0m [1;30mLevel 1[0m _identify(src/moveit2/moveit_planners) by extension 'colcon_meta'
[0.226s] [34mcolcon.colcon_core.package_identification[0m [1;30mLevel 1[0m _identify(src/moveit2/moveit_planners) by extensions ['ros']
[0.226s] [34mcolcon.colcon_core.package_identification[0m [1;30mLevel 1[0m _identify(src/moveit2/moveit_planners) by extension 'ros'
[0.226s] [34mcolcon.colcon_core.package_identification[0m [1;30mLevel 1[0m _identify(src/moveit2/moveit_planners) by extensions ['cmake', 'python']
[0.226s] [34mcolcon.colcon_core.package_identification[0m [1;30mLevel 1[0m _identify(src/moveit2/moveit_planners) by extension 'cmake'
[0.226s] [34mcolcon.colcon_core.package_identification[0m [1;30mLevel 1[0m _identify(src/moveit2/moveit_planners) by extension 'python'
[0.226s] [34mcolcon.colcon_core.package_identification[0m [1;30mLevel 1[0m _identify(src/moveit2/moveit_planners) by extensions ['python_setup_py']
[0.226s] [34mcolcon.colcon_core.package_identification[0m [1;30mLevel 1[0m _identify(src/moveit2/moveit_planners) by extension 'python_setup_py'
[0.227s] [34mcolcon.colcon_core.package_identification[0m [1;30mLevel 1[0m _identify(src/moveit2/moveit_planners/chomp) by extensions ['ignore', 'ignore_ament_install']
[0.227s] [34mcolcon.colcon_core.package_identification[0m [1;30mLevel 1[0m _identify(src/moveit2/moveit_planners/chomp) by extension 'ignore'
[0.227s] [34mcolcon.colcon_core.package_identification[0m [1;30mLevel 1[0m _identify(src/moveit2/moveit_planners/chomp) by extension 'ignore_ament_install'
[0.227s] [34mcolcon.colcon_core.package_identification[0m [1;30mLevel 1[0m _identify(src/moveit2/moveit_planners/chomp) by extensions ['colcon_pkg']
[0.227s] [34mcolcon.colcon_core.package_identification[0m [1;30mLevel 1[0m _identify(src/moveit2/moveit_planners/chomp) by extension 'colcon_pkg'
[0.227s] [34mcolcon.colcon_core.package_identification[0m [1;30mLevel 1[0m _identify(src/moveit2/moveit_planners/chomp) by extensions ['colcon_meta']
[0.227s] [34mcolcon.colcon_core.package_identification[0m [1;30mLevel 1[0m _identify(src/moveit2/moveit_planners/chomp) by extension 'colcon_meta'
[0.227s] [34mcolcon.colcon_core.package_identification[0m [1;30mLevel 1[0m _identify(src/moveit2/moveit_planners/chomp) by extensions ['ros']
[0.227s] [34mcolcon.colcon_core.package_identification[0m [1;30mLevel 1[0m _identify(src/moveit2/moveit_planners/chomp) by extension 'ros'
[0.227s] [34mcolcon.colcon_core.package_identification[0m [1;30mLevel 1[0m _identify(src/moveit2/moveit_planners/chomp) by extensions ['cmake', 'python']
[0.227s] [34mcolcon.colcon_core.package_identification[0m [1;30mLevel 1[0m _identify(src/moveit2/moveit_planners/chomp) by extension 'cmake'
[0.227s] [34mcolcon.colcon_core.package_identification[0m [1;30mLevel 1[0m _identify(src/moveit2/moveit_planners/chomp) by extension 'python'
[0.227s] [34mcolcon.colcon_core.package_identification[0m [1;30mLevel 1[0m _identify(src/moveit2/moveit_planners/chomp) by extensions ['python_setup_py']
[0.227s] [34mcolcon.colcon_core.package_identification[0m [1;30mLevel 1[0m _identify(src/moveit2/moveit_planners/chomp) by extension 'python_setup_py'
[0.227s] [34mcolcon.colcon_core.package_identification[0m [1;30mLevel 1[0m _identify(src/moveit2/moveit_planners/chomp/chomp_interface) by extensions ['ignore', 'ignore_ament_install']
[0.227s] [34mcolcon.colcon_core.package_identification[0m [1;30mLevel 1[0m _identify(src/moveit2/moveit_planners/chomp/chomp_interface) by extension 'ignore'
[0.227s] [34mcolcon.colcon_core.package_identification[0m [1;30mLevel 1[0m _identify(src/moveit2/moveit_planners/chomp/chomp_interface) by extension 'ignore_ament_install'
[0.227s] [34mcolcon.colcon_core.package_identification[0m [1;30mLevel 1[0m _identify(src/moveit2/moveit_planners/chomp/chomp_interface) by extensions ['colcon_pkg']
[0.227s] [34mcolcon.colcon_core.package_identification[0m [1;30mLevel 1[0m _identify(src/moveit2/moveit_planners/chomp/chomp_interface) by extension 'colcon_pkg'
[0.227s] [34mcolcon.colcon_core.package_identification[0m [1;30mLevel 1[0m _identify(src/moveit2/moveit_planners/chomp/chomp_interface) by extensions ['colcon_meta']
[0.227s] [34mcolcon.colcon_core.package_identification[0m [1;30mLevel 1[0m _identify(src/moveit2/moveit_planners/chomp/chomp_interface) by extension 'colcon_meta'
[0.227s] [34mcolcon.colcon_core.package_identification[0m [1;30mLevel 1[0m _identify(src/moveit2/moveit_planners/chomp/chomp_interface) by extensions ['ros']
[0.227s] [34mcolcon.colcon_core.package_identification[0m [1;30mLevel 1[0m _identify(src/moveit2/moveit_planners/chomp/chomp_interface) by extension 'ros'
[0.228s] [34mcolcon.colcon_core.package_identification[0m [1;30mDEBUG[0m [32mPackage 'src/moveit2/moveit_planners/chomp/chomp_interface' with type 'ros.ament_cmake' and name 'moveit_planners_chomp'[0m
[0.228s] [34mcolcon.colcon_core.package_identification[0m [1;30mLevel 1[0m _identify(src/moveit2/moveit_planners/chomp/chomp_motion_planner) by extensions ['ignore', 'ignore_ament_install']
[0.228s] [34mcolcon.colcon_core.package_identification[0m [1;30mLevel 1[0m _identify(src/moveit2/moveit_planners/chomp/chomp_motion_planner) by extension 'ignore'
[0.228s] [34mcolcon.colcon_core.package_identification[0m [1;30mLevel 1[0m _identify(src/moveit2/moveit_planners/chomp/chomp_motion_planner) by extension 'ignore_ament_install'
[0.228s] [34mcolcon.colcon_core.package_identification[0m [1;30mLevel 1[0m _identify(src/moveit2/moveit_planners/chomp/chomp_motion_planner) by extensions ['colcon_pkg']
[0.228s] [34mcolcon.colcon_core.package_identification[0m [1;30mLevel 1[0m _identify(src/moveit2/moveit_planners/chomp/chomp_motion_planner) by extension 'colcon_pkg'
[0.228s] [34mcolcon.colcon_core.package_identification[0m [1;30mLevel 1[0m _identify(src/moveit2/moveit_planners/chomp/chomp_motion_planner) by extensions ['colcon_meta']
[0.228s] [34mcolcon.colcon_core.package_identification[0m [1;30mLevel 1[0m _identify(src/moveit2/moveit_planners/chomp/chomp_motion_planner) by extension 'colcon_meta'
[0.228s] [34mcolcon.colcon_core.package_identification[0m [1;30mLevel 1[0m _identify(src/moveit2/moveit_planners/chomp/chomp_motion_planner) by extensions ['ros']
[0.228s] [34mcolcon.colcon_core.package_identification[0m [1;30mLevel 1[0m _identify(src/moveit2/moveit_planners/chomp/chomp_motion_planner) by extension 'ros'
[0.228s] [34mcolcon.colcon_core.package_identification[0m [1;30mDEBUG[0m [32mPackage 'src/moveit2/moveit_planners/chomp/chomp_motion_planner' with type 'ros.ament_cmake' and name 'chomp_motion_planner'[0m
[0.228s] [34mcolcon.colcon_core.package_identification[0m [1;30mLevel 1[0m _identify(src/moveit2/moveit_planners/chomp/chomp_optimizer_adapter) by extensions ['ignore', 'ignore_ament_install']
[0.228s] [34mcolcon.colcon_core.package_identification[0m [1;30mLevel 1[0m _identify(src/moveit2/moveit_planners/chomp/chomp_optimizer_adapter) by extension 'ignore'
[0.228s] [34mcolcon.colcon_core.package_identification[0m [1;30mLevel 1[0m _identify(src/moveit2/moveit_planners/chomp/chomp_optimizer_adapter) by extension 'ignore_ament_install'
[0.228s] [34mcolcon.colcon_core.package_identification[0m [1;30mLevel 1[0m _identify(src/moveit2/moveit_planners/chomp/chomp_optimizer_adapter) by extensions ['colcon_pkg']
[0.228s] [34mcolcon.colcon_core.package_identification[0m [1;30mLevel 1[0m _identify(src/moveit2/moveit_planners/chomp/chomp_optimizer_adapter) by extension 'colcon_pkg'
[0.229s] [34mcolcon.colcon_core.package_identification[0m [1;30mLevel 1[0m _identify(src/moveit2/moveit_planners/chomp/chomp_optimizer_adapter) by extensions ['colcon_meta']
[0.229s] [34mcolcon.colcon_core.package_identification[0m [1;30mLevel 1[0m _identify(src/moveit2/moveit_planners/chomp/chomp_optimizer_adapter) by extension 'colcon_meta'
[0.229s] [34mcolcon.colcon_core.package_identification[0m [1;30mLevel 1[0m _identify(src/moveit2/moveit_planners/chomp/chomp_optimizer_adapter) by extensions ['ros']
[0.229s] [34mcolcon.colcon_core.package_identification[0m [1;30mLevel 1[0m _identify(src/moveit2/moveit_planners/chomp/chomp_optimizer_adapter) by extension 'ros'
[0.229s] [34mcolcon.colcon_core.package_identification[0m [1;30mDEBUG[0m [32mPackage 'src/moveit2/moveit_planners/chomp/chomp_optimizer_adapter' with type 'ros.ament_cmake' and name 'moveit_chomp_optimizer_adapter'[0m
[0.229s] [34mcolcon.colcon_core.package_identification[0m [1;30mLevel 1[0m _identify(src/moveit2/moveit_planners/moveit_planners) by extensions ['ignore', 'ignore_ament_install']
[0.229s] [34mcolcon.colcon_core.package_identification[0m [1;30mLevel 1[0m _identify(src/moveit2/moveit_planners/moveit_planners) by extension 'ignore'
[0.229s] [34mcolcon.colcon_core.package_identification[0m [1;30mLevel 1[0m _identify(src/moveit2/moveit_planners/moveit_planners) by extension 'ignore_ament_install'
[0.229s] [34mcolcon.colcon_core.package_identification[0m [1;30mLevel 1[0m _identify(src/moveit2/moveit_planners/moveit_planners) by extensions ['colcon_pkg']
[0.229s] [34mcolcon.colcon_core.package_identification[0m [1;30mLevel 1[0m _identify(src/moveit2/moveit_planners/moveit_planners) by extension 'colcon_pkg'
[0.229s] [34mcolcon.colcon_core.package_identification[0m [1;30mLevel 1[0m _identify(src/moveit2/moveit_planners/moveit_planners) by extensions ['colcon_meta']
[0.229s] [34mcolcon.colcon_core.package_identification[0m [1;30mLevel 1[0m _identify(src/moveit2/moveit_planners/moveit_planners) by extension 'colcon_meta'
[0.229s] [34mcolcon.colcon_core.package_identification[0m [1;30mLevel 1[0m _identify(src/moveit2/moveit_planners/moveit_planners) by extensions ['ros']
[0.229s] [34mcolcon.colcon_core.package_identification[0m [1;30mLevel 1[0m _identify(src/moveit2/moveit_planners/moveit_planners) by extension 'ros'
[0.230s] [34mcolcon.colcon_core.package_identification[0m [1;30mDEBUG[0m [32mPackage 'src/moveit2/moveit_planners/moveit_planners' with type 'ros.ament_cmake' and name 'moveit_planners'[0m
[0.230s] [34mcolcon.colcon_core.package_identification[0m [1;30mLevel 1[0m _identify(src/moveit2/moveit_planners/ompl) by extensions ['ignore', 'ignore_ament_install']
[0.230s] [34mcolcon.colcon_core.package_identification[0m [1;30mLevel 1[0m _identify(src/moveit2/moveit_planners/ompl) by extension 'ignore'
[0.230s] [34mcolcon.colcon_core.package_identification[0m [1;30mLevel 1[0m _identify(src/moveit2/moveit_planners/ompl) by extension 'ignore_ament_install'
[0.230s] [34mcolcon.colcon_core.package_identification[0m [1;30mLevel 1[0m _identify(src/moveit2/moveit_planners/ompl) by extensions ['colcon_pkg']
[0.230s] [34mcolcon.colcon_core.package_identification[0m [1;30mLevel 1[0m _identify(src/moveit2/moveit_planners/ompl) by extension 'colcon_pkg'
[0.230s] [34mcolcon.colcon_core.package_identification[0m [1;30mLevel 1[0m _identify(src/moveit2/moveit_planners/ompl) by extensions ['colcon_meta']
[0.230s] [34mcolcon.colcon_core.package_identification[0m [1;30mLevel 1[0m _identify(src/moveit2/moveit_planners/ompl) by extension 'colcon_meta'
[0.230s] [34mcolcon.colcon_core.package_identification[0m [1;30mLevel 1[0m _identify(src/moveit2/moveit_planners/ompl) by extensions ['ros']
[0.230s] [34mcolcon.colcon_core.package_identification[0m [1;30mLevel 1[0m _identify(src/moveit2/moveit_planners/ompl) by extension 'ros'
[0.231s] [34mcolcon.colcon_core.package_identification[0m [1;30mDEBUG[0m [32mPackage 'src/moveit2/moveit_planners/ompl' with type 'ros.ament_cmake' and name 'moveit_planners_ompl'[0m
[0.231s] [34mcolcon.colcon_core.package_identification[0m [1;30mLevel 1[0m _identify(src/moveit2/moveit_planners/pilz_industrial_motion_planner) by extensions ['ignore', 'ignore_ament_install']
[0.231s] [34mcolcon.colcon_core.package_identification[0m [1;30mLevel 1[0m _identify(src/moveit2/moveit_planners/pilz_industrial_motion_planner) by extension 'ignore'
[0.231s] [34mcolcon.colcon_core.package_identification[0m [1;30mLevel 1[0m _identify(src/moveit2/moveit_planners/pilz_industrial_motion_planner) by extension 'ignore_ament_install'
[0.231s] [34mcolcon.colcon_core.package_identification[0m [1;30mLevel 1[0m _identify(src/moveit2/moveit_planners/pilz_industrial_motion_planner) by extensions ['colcon_pkg']
[0.231s] [34mcolcon.colcon_core.package_identification[0m [1;30mLevel 1[0m _identify(src/moveit2/moveit_planners/pilz_industrial_motion_planner) by extension 'colcon_pkg'
[0.231s] [34mcolcon.colcon_core.package_identification[0m [1;30mLevel 1[0m _identify(src/moveit2/moveit_planners/pilz_industrial_motion_planner) by extensions ['colcon_meta']
[0.231s] [34mcolcon.colcon_core.package_identification[0m [1;30mLevel 1[0m _identify(src/moveit2/moveit_planners/pilz_industrial_motion_planner) by extension 'colcon_meta'
[0.231s] [34mcolcon.colcon_core.package_identification[0m [1;30mLevel 1[0m _identify(src/moveit2/moveit_planners/pilz_industrial_motion_planner) by extensions ['ros']
[0.231s] [34mcolcon.colcon_core.package_identification[0m [1;30mLevel 1[0m _identify(src/moveit2/moveit_planners/pilz_industrial_motion_planner) by extension 'ros'
[0.232s] [34mcolcon.colcon_core.package_identification[0m [1;30mDEBUG[0m [32mPackage 'src/moveit2/moveit_planners/pilz_industrial_motion_planner' with type 'ros.ament_cmake' and name 'pilz_industrial_motion_planner'[0m
[0.232s] [34mcolcon.colcon_core.package_identification[0m [1;30mLevel 1[0m _identify(src/moveit2/moveit_planners/pilz_industrial_motion_planner_testutils) by extensions ['ignore', 'ignore_ament_install']
[0.232s] [34mcolcon.colcon_core.package_identification[0m [1;30mLevel 1[0m _identify(src/moveit2/moveit_planners/pilz_industrial_motion_planner_testutils) by extension 'ignore'
[0.232s] [34mcolcon.colcon_core.package_identification[0m [1;30mLevel 1[0m _identify(src/moveit2/moveit_planners/pilz_industrial_motion_planner_testutils) by extension 'ignore_ament_install'
[0.232s] [34mcolcon.colcon_core.package_identification[0m [1;30mLevel 1[0m _identify(src/moveit2/moveit_planners/pilz_industrial_motion_planner_testutils) by extensions ['colcon_pkg']
[0.232s] [34mcolcon.colcon_core.package_identification[0m [1;30mLevel 1[0m _identify(src/moveit2/moveit_planners/pilz_industrial_motion_planner_testutils) by extension 'colcon_pkg'
[0.232s] [34mcolcon.colcon_core.package_identification[0m [1;30mLevel 1[0m _identify(src/moveit2/moveit_planners/pilz_industrial_motion_planner_testutils) by extensions ['colcon_meta']
[0.232s] [34mcolcon.colcon_core.package_identification[0m [1;30mLevel 1[0m _identify(src/moveit2/moveit_planners/pilz_industrial_motion_planner_testutils) by extension 'colcon_meta'
[0.232s] [34mcolcon.colcon_core.package_identification[0m [1;30mLevel 1[0m _identify(src/moveit2/moveit_planners/pilz_industrial_motion_planner_testutils) by extensions ['ros']
[0.232s] [34mcolcon.colcon_core.package_identification[0m [1;30mLevel 1[0m _identify(src/moveit2/moveit_planners/pilz_industrial_motion_planner_testutils) by extension 'ros'
[0.233s] [34mcolcon.colcon_core.package_identification[0m [1;30mDEBUG[0m [32mPackage 'src/moveit2/moveit_planners/pilz_industrial_motion_planner_testutils' with type 'ros.ament_cmake' and name 'pilz_industrial_motion_planner_testutils'[0m
[0.233s] [34mcolcon.colcon_core.package_identification[0m [1;30mLevel 1[0m _identify(src/moveit2/moveit_planners/test_configs) by extensions ['ignore', 'ignore_ament_install']
[0.233s] [34mcolcon.colcon_core.package_identification[0m [1;30mLevel 1[0m _identify(src/moveit2/moveit_planners/test_configs) by extension 'ignore'
[0.233s] [34mcolcon.colcon_core.package_identification[0m [1;30mLevel 1[0m _identify(src/moveit2/moveit_planners/test_configs) by extension 'ignore_ament_install'
[0.233s] [34mcolcon.colcon_core.package_identification[0m [1;30mLevel 1[0m _identify(src/moveit2/moveit_planners/test_configs) by extensions ['colcon_pkg']
[0.233s] [34mcolcon.colcon_core.package_identification[0m [1;30mLevel 1[0m _identify(src/moveit2/moveit_planners/test_configs) by extension 'colcon_pkg'
[0.233s] [34mcolcon.colcon_core.package_identification[0m [1;30mLevel 1[0m _identify(src/moveit2/moveit_planners/test_configs) by extensions ['colcon_meta']
[0.233s] [34mcolcon.colcon_core.package_identification[0m [1;30mLevel 1[0m _identify(src/moveit2/moveit_planners/test_configs) by extension 'colcon_meta'
[0.233s] [34mcolcon.colcon_core.package_identification[0m [1;30mLevel 1[0m _identify(src/moveit2/moveit_planners/test_configs) by extensions ['ros']
[0.233s] [34mcolcon.colcon_core.package_identification[0m [1;30mLevel 1[0m _identify(src/moveit2/moveit_planners/test_configs) by extension 'ros'
[0.233s] [34mcolcon.colcon_core.package_identification[0m [1;30mLevel 1[0m _identify(src/moveit2/moveit_planners/test_configs) by extensions ['cmake', 'python']
[0.233s] [34mcolcon.colcon_core.package_identification[0m [1;30mLevel 1[0m _identify(src/moveit2/moveit_planners/test_configs) by extension 'cmake'
[0.233s] [34mcolcon.colcon_core.package_identification[0m [1;30mLevel 1[0m _identify(src/moveit2/moveit_planners/test_configs) by extension 'python'
[0.233s] [34mcolcon.colcon_core.package_identification[0m [1;30mLevel 1[0m _identify(src/moveit2/moveit_planners/test_configs) by extensions ['python_setup_py']
[0.233s] [34mcolcon.colcon_core.package_identification[0m [1;30mLevel 1[0m _identify(src/moveit2/moveit_planners/test_configs) by extension 'python_setup_py'
[0.233s] [34mcolcon.colcon_core.package_identification[0m [1;30mLevel 1[0m _identify(src/moveit2/moveit_planners/test_configs/prbt_ikfast_manipulator_plugin) by extensions ['ignore', 'ignore_ament_install']
[0.233s] [34mcolcon.colcon_core.package_identification[0m [1;30mLevel 1[0m _identify(src/moveit2/moveit_planners/test_configs/prbt_ikfast_manipulator_plugin) by extension 'ignore'
[0.233s] [34mcolcon.colcon_core.package_identification[0m [1;30mLevel 1[0m _identify(src/moveit2/moveit_planners/test_configs/prbt_ikfast_manipulator_plugin) by extension 'ignore_ament_install'
[0.233s] [34mcolcon.colcon_core.package_identification[0m [1;30mLevel 1[0m _identify(src/moveit2/moveit_planners/test_configs/prbt_ikfast_manipulator_plugin) by extensions ['colcon_pkg']
[0.233s] [34mcolcon.colcon_core.package_identification[0m [1;30mLevel 1[0m _identify(src/moveit2/moveit_planners/test_configs/prbt_ikfast_manipulator_plugin) by extension 'colcon_pkg'
[0.233s] [34mcolcon.colcon_core.package_identification[0m [1;30mLevel 1[0m _identify(src/moveit2/moveit_planners/test_configs/prbt_ikfast_manipulator_plugin) by extensions ['colcon_meta']
[0.233s] [34mcolcon.colcon_core.package_identification[0m [1;30mLevel 1[0m _identify(src/moveit2/moveit_planners/test_configs/prbt_ikfast_manipulator_plugin) by extension 'colcon_meta'
[0.233s] [34mcolcon.colcon_core.package_identification[0m [1;30mLevel 1[0m _identify(src/moveit2/moveit_planners/test_configs/prbt_ikfast_manipulator_plugin) by extensions ['ros']
[0.233s] [34mcolcon.colcon_core.package_identification[0m [1;30mLevel 1[0m _identify(src/moveit2/moveit_planners/test_configs/prbt_ikfast_manipulator_plugin) by extension 'ros'
[0.234s] [34mcolcon.colcon_core.package_identification[0m [1;30mDEBUG[0m [32mPackage 'src/moveit2/moveit_planners/test_configs/prbt_ikfast_manipulator_plugin' with type 'ros.ament_cmake' and name 'moveit_resources_prbt_ikfast_manipulator_plugin'[0m
[0.234s] [34mcolcon.colcon_core.package_identification[0m [1;30mLevel 1[0m _identify(src/moveit2/moveit_planners/test_configs/prbt_moveit_config) by extensions ['ignore', 'ignore_ament_install']
[0.234s] [34mcolcon.colcon_core.package_identification[0m [1;30mLevel 1[0m _identify(src/moveit2/moveit_planners/test_configs/prbt_moveit_config) by extension 'ignore'
[0.234s] [34mcolcon.colcon_core.package_identification[0m [1;30mLevel 1[0m _identify(src/moveit2/moveit_planners/test_configs/prbt_moveit_config) by extension 'ignore_ament_install'
[0.234s] [34mcolcon.colcon_core.package_identification[0m [1;30mLevel 1[0m _identify(src/moveit2/moveit_planners/test_configs/prbt_moveit_config) by extensions ['colcon_pkg']
[0.234s] [34mcolcon.colcon_core.package_identification[0m [1;30mLevel 1[0m _identify(src/moveit2/moveit_planners/test_configs/prbt_moveit_config) by extension 'colcon_pkg'
[0.234s] [34mcolcon.colcon_core.package_identification[0m [1;30mLevel 1[0m _identify(src/moveit2/moveit_planners/test_configs/prbt_moveit_config) by extensions ['colcon_meta']
[0.234s] [34mcolcon.colcon_core.package_identification[0m [1;30mLevel 1[0m _identify(src/moveit2/moveit_planners/test_configs/prbt_moveit_config) by extension 'colcon_meta'
[0.234s] [34mcolcon.colcon_core.package_identification[0m [1;30mLevel 1[0m _identify(src/moveit2/moveit_planners/test_configs/prbt_moveit_config) by extensions ['ros']
[0.234s] [34mcolcon.colcon_core.package_identification[0m [1;30mLevel 1[0m _identify(src/moveit2/moveit_planners/test_configs/prbt_moveit_config) by extension 'ros'
[0.234s] [34mcolcon.colcon_core.package_identification[0m [1;30mDEBUG[0m [32mPackage 'src/moveit2/moveit_planners/test_configs/prbt_moveit_config' with type 'ros.ament_cmake' and name 'moveit_resources_prbt_moveit_config'[0m
[0.235s] [34mcolcon.colcon_core.package_identification[0m [1;30mLevel 1[0m _identify(src/moveit2/moveit_planners/test_configs/prbt_pg70_support) by extensions ['ignore', 'ignore_ament_install']
[0.235s] [34mcolcon.colcon_core.package_identification[0m [1;30mLevel 1[0m _identify(src/moveit2/moveit_planners/test_configs/prbt_pg70_support) by extension 'ignore'
[0.235s] [34mcolcon.colcon_core.package_identification[0m [1;30mLevel 1[0m _identify(src/moveit2/moveit_planners/test_configs/prbt_pg70_support) by extension 'ignore_ament_install'
[0.235s] [34mcolcon.colcon_core.package_identification[0m [1;30mLevel 1[0m _identify(src/moveit2/moveit_planners/test_configs/prbt_pg70_support) by extensions ['colcon_pkg']
[0.235s] [34mcolcon.colcon_core.package_identification[0m [1;30mLevel 1[0m _identify(src/moveit2/moveit_planners/test_configs/prbt_pg70_support) by extension 'colcon_pkg'
[0.235s] [34mcolcon.colcon_core.package_identification[0m [1;30mLevel 1[0m _identify(src/moveit2/moveit_planners/test_configs/prbt_pg70_support) by extensions ['colcon_meta']
[0.235s] [34mcolcon.colcon_core.package_identification[0m [1;30mLevel 1[0m _identify(src/moveit2/moveit_planners/test_configs/prbt_pg70_support) by extension 'colcon_meta'
[0.235s] [34mcolcon.colcon_core.package_identification[0m [1;30mLevel 1[0m _identify(src/moveit2/moveit_planners/test_configs/prbt_pg70_support) by extensions ['ros']
[0.235s] [34mcolcon.colcon_core.package_identification[0m [1;30mLevel 1[0m _identify(src/moveit2/moveit_planners/test_configs/prbt_pg70_support) by extension 'ros'
[0.235s] [34mcolcon.colcon_core.package_identification[0m [1;30mDEBUG[0m [32mPackage 'src/moveit2/moveit_planners/test_configs/prbt_pg70_support' with type 'ros.ament_cmake' and name 'moveit_resources_prbt_pg70_support'[0m
[0.235s] [34mcolcon.colcon_core.package_identification[0m [1;30mLevel 1[0m _identify(src/moveit2/moveit_planners/test_configs/prbt_support) by extensions ['ignore', 'ignore_ament_install']
[0.235s] [34mcolcon.colcon_core.package_identification[0m [1;30mLevel 1[0m _identify(src/moveit2/moveit_planners/test_configs/prbt_support) by extension 'ignore'
[0.235s] [34mcolcon.colcon_core.package_identification[0m [1;30mLevel 1[0m _identify(src/moveit2/moveit_planners/test_configs/prbt_support) by extension 'ignore_ament_install'
[0.235s] [34mcolcon.colcon_core.package_identification[0m [1;30mLevel 1[0m _identify(src/moveit2/moveit_planners/test_configs/prbt_support) by extensions ['colcon_pkg']
[0.235s] [34mcolcon.colcon_core.package_identification[0m [1;30mLevel 1[0m _identify(src/moveit2/moveit_planners/test_configs/prbt_support) by extension 'colcon_pkg'
[0.235s] [34mcolcon.colcon_core.package_identification[0m [1;30mLevel 1[0m _identify(src/moveit2/moveit_planners/test_configs/prbt_support) by extensions ['colcon_meta']
[0.235s] [34mcolcon.colcon_core.package_identification[0m [1;30mLevel 1[0m _identify(src/moveit2/moveit_planners/test_configs/prbt_support) by extension 'colcon_meta'
[0.235s] [34mcolcon.colcon_core.package_identification[0m [1;30mLevel 1[0m _identify(src/moveit2/moveit_planners/test_configs/prbt_support) by extensions ['ros']
[0.235s] [34mcolcon.colcon_core.package_identification[0m [1;30mLevel 1[0m _identify(src/moveit2/moveit_planners/test_configs/prbt_support) by extension 'ros'
[0.236s] [34mcolcon.colcon_core.package_identification[0m [1;30mDEBUG[0m [32mPackage 'src/moveit2/moveit_planners/test_configs/prbt_support' with type 'ros.ament_cmake' and name 'moveit_resources_prbt_support'[0m
[0.236s] [34mcolcon.colcon_core.package_identification[0m [1;30mLevel 1[0m _identify(src/moveit2/moveit_planners/trajopt) by extensions ['ignore', 'ignore_ament_install']
[0.236s] [34mcolcon.colcon_core.package_identification[0m [1;30mLevel 1[0m _identify(src/moveit2/moveit_planners/trajopt) by extension 'ignore'
[0.236s] [34mcolcon.colcon_core.package_identification[0m [1;30mLevel 1[0m _identify(src/moveit2/moveit_planners/trajopt) ignored
[0.236s] [34mcolcon.colcon_core.package_identification[0m [1;30mLevel 1[0m _identify(src/moveit2/moveit_plugins) by extensions ['ignore', 'ignore_ament_install']
[0.236s] [34mcolcon.colcon_core.package_identification[0m [1;30mLevel 1[0m _identify(src/moveit2/moveit_plugins) by extension 'ignore'
[0.236s] [34mcolcon.colcon_core.package_identification[0m [1;30mLevel 1[0m _identify(src/moveit2/moveit_plugins) by extension 'ignore_ament_install'
[0.236s] [34mcolcon.colcon_core.package_identification[0m [1;30mLevel 1[0m _identify(src/moveit2/moveit_plugins) by extensions ['colcon_pkg']
[0.236s] [34mcolcon.colcon_core.package_identification[0m [1;30mLevel 1[0m _identify(src/moveit2/moveit_plugins) by extension 'colcon_pkg'
[0.236s] [34mcolcon.colcon_core.package_identification[0m [1;30mLevel 1[0m _identify(src/moveit2/moveit_plugins) by extensions ['colcon_meta']
[0.236s] [34mcolcon.colcon_core.package_identification[0m [1;30mLevel 1[0m _identify(src/moveit2/moveit_plugins) by extension 'colcon_meta'
[0.236s] [34mcolcon.colcon_core.package_identification[0m [1;30mLevel 1[0m _identify(src/moveit2/moveit_plugins) by extensions ['ros']
[0.236s] [34mcolcon.colcon_core.package_identification[0m [1;30mLevel 1[0m _identify(src/moveit2/moveit_plugins) by extension 'ros'
[0.236s] [34mcolcon.colcon_core.package_identification[0m [1;30mLevel 1[0m _identify(src/moveit2/moveit_plugins) by extensions ['cmake', 'python']
[0.236s] [34mcolcon.colcon_core.package_identification[0m [1;30mLevel 1[0m _identify(src/moveit2/moveit_plugins) by extension 'cmake'
[0.236s] [34mcolcon.colcon_core.package_identification[0m [1;30mLevel 1[0m _identify(src/moveit2/moveit_plugins) by extension 'python'
[0.236s] [34mcolcon.colcon_core.package_identification[0m [1;30mLevel 1[0m _identify(src/moveit2/moveit_plugins) by extensions ['python_setup_py']
[0.236s] [34mcolcon.colcon_core.package_identification[0m [1;30mLevel 1[0m _identify(src/moveit2/moveit_plugins) by extension 'python_setup_py'
[0.236s] [34mcolcon.colcon_core.package_identification[0m [1;30mLevel 1[0m _identify(src/moveit2/moveit_plugins/moveit_plugins) by extensions ['ignore', 'ignore_ament_install']
[0.236s] [34mcolcon.colcon_core.package_identification[0m [1;30mLevel 1[0m _identify(src/moveit2/moveit_plugins/moveit_plugins) by extension 'ignore'
[0.236s] [34mcolcon.colcon_core.package_identification[0m [1;30mLevel 1[0m _identify(src/moveit2/moveit_plugins/moveit_plugins) by extension 'ignore_ament_install'
[0.236s] [34mcolcon.colcon_core.package_identification[0m [1;30mLevel 1[0m _identify(src/moveit2/moveit_plugins/moveit_plugins) by extensions ['colcon_pkg']
[0.236s] [34mcolcon.colcon_core.package_identification[0m [1;30mLevel 1[0m _identify(src/moveit2/moveit_plugins/moveit_plugins) by extension 'colcon_pkg'
[0.236s] [34mcolcon.colcon_core.package_identification[0m [1;30mLevel 1[0m _identify(src/moveit2/moveit_plugins/moveit_plugins) by extensions ['colcon_meta']
[0.236s] [34mcolcon.colcon_core.package_identification[0m [1;30mLevel 1[0m _identify(src/moveit2/moveit_plugins/moveit_plugins) by extension 'colcon_meta'
[0.236s] [34mcolcon.colcon_core.package_identification[0m [1;30mLevel 1[0m _identify(src/moveit2/moveit_plugins/moveit_plugins) by extensions ['ros']
[0.236s] [34mcolcon.colcon_core.package_identification[0m [1;30mLevel 1[0m _identify(src/moveit2/moveit_plugins/moveit_plugins) by extension 'ros'
[0.237s] [34mcolcon.colcon_core.package_identification[0m [1;30mDEBUG[0m [32mPackage 'src/moveit2/moveit_plugins/moveit_plugins' with type 'ros.ament_cmake' and name 'moveit_plugins'[0m
[0.237s] [34mcolcon.colcon_core.package_identification[0m [1;30mLevel 1[0m _identify(src/moveit2/moveit_plugins/moveit_ros_control_interface) by extensions ['ignore', 'ignore_ament_install']
[0.237s] [34mcolcon.colcon_core.package_identification[0m [1;30mLevel 1[0m _identify(src/moveit2/moveit_plugins/moveit_ros_control_interface) by extension 'ignore'
[0.237s] [34mcolcon.colcon_core.package_identification[0m [1;30mLevel 1[0m _identify(src/moveit2/moveit_plugins/moveit_ros_control_interface) by extension 'ignore_ament_install'
[0.237s] [34mcolcon.colcon_core.package_identification[0m [1;30mLevel 1[0m _identify(src/moveit2/moveit_plugins/moveit_ros_control_interface) by extensions ['colcon_pkg']
[0.237s] [34mcolcon.colcon_core.package_identification[0m [1;30mLevel 1[0m _identify(src/moveit2/moveit_plugins/moveit_ros_control_interface) by extension 'colcon_pkg'
[0.237s] [34mcolcon.colcon_core.package_identification[0m [1;30mLevel 1[0m _identify(src/moveit2/moveit_plugins/moveit_ros_control_interface) by extensions ['colcon_meta']
[0.237s] [34mcolcon.colcon_core.package_identification[0m [1;30mLevel 1[0m _identify(src/moveit2/moveit_plugins/moveit_ros_control_interface) by extension 'colcon_meta'
[0.237s] [34mcolcon.colcon_core.package_identification[0m [1;30mLevel 1[0m _identify(src/moveit2/moveit_plugins/moveit_ros_control_interface) by extensions ['ros']
[0.237s] [34mcolcon.colcon_core.package_identification[0m [1;30mLevel 1[0m _identify(src/moveit2/moveit_plugins/moveit_ros_control_interface) by extension 'ros'
[0.238s] [34mcolcon.colcon_core.package_identification[0m [1;30mDEBUG[0m [32mPackage 'src/moveit2/moveit_plugins/moveit_ros_control_interface' with type 'ros.ament_cmake' and name 'moveit_ros_control_interface'[0m
[0.238s] [34mcolcon.colcon_core.package_identification[0m [1;30mLevel 1[0m _identify(src/moveit2/moveit_plugins/moveit_simple_controller_manager) by extensions ['ignore', 'ignore_ament_install']
[0.238s] [34mcolcon.colcon_core.package_identification[0m [1;30mLevel 1[0m _identify(src/moveit2/moveit_plugins/moveit_simple_controller_manager) by extension 'ignore'
[0.238s] [34mcolcon.colcon_core.package_identification[0m [1;30mLevel 1[0m _identify(src/moveit2/moveit_plugins/moveit_simple_controller_manager) by extension 'ignore_ament_install'
[0.238s] [34mcolcon.colcon_core.package_identification[0m [1;30mLevel 1[0m _identify(src/moveit2/moveit_plugins/moveit_simple_controller_manager) by extensions ['colcon_pkg']
[0.238s] [34mcolcon.colcon_core.package_identification[0m [1;30mLevel 1[0m _identify(src/moveit2/moveit_plugins/moveit_simple_controller_manager) by extension 'colcon_pkg'
[0.238s] [34mcolcon.colcon_core.package_identification[0m [1;30mLevel 1[0m _identify(src/moveit2/moveit_plugins/moveit_simple_controller_manager) by extensions ['colcon_meta']
[0.238s] [34mcolcon.colcon_core.package_identification[0m [1;30mLevel 1[0m _identify(src/moveit2/moveit_plugins/moveit_simple_controller_manager) by extension 'colcon_meta'
[0.238s] [34mcolcon.colcon_core.package_identification[0m [1;30mLevel 1[0m _identify(src/moveit2/moveit_plugins/moveit_simple_controller_manager) by extensions ['ros']
[0.238s] [34mcolcon.colcon_core.package_identification[0m [1;30mLevel 1[0m _identify(src/moveit2/moveit_plugins/moveit_simple_controller_manager) by extension 'ros'
[0.238s] [34mcolcon.colcon_core.package_identification[0m [1;30mDEBUG[0m [32mPackage 'src/moveit2/moveit_plugins/moveit_simple_controller_manager' with type 'ros.ament_cmake' and name 'moveit_simple_controller_manager'[0m
[0.238s] [34mcolcon.colcon_core.package_identification[0m [1;30mLevel 1[0m _identify(src/moveit2/moveit_ros) by extensions ['ignore', 'ignore_ament_install']
[0.239s] [34mcolcon.colcon_core.package_identification[0m [1;30mLevel 1[0m _identify(src/moveit2/moveit_ros) by extension 'ignore'
[0.239s] [34mcolcon.colcon_core.package_identification[0m [1;30mLevel 1[0m _identify(src/moveit2/moveit_ros) by extension 'ignore_ament_install'
[0.239s] [34mcolcon.colcon_core.package_identification[0m [1;30mLevel 1[0m _identify(src/moveit2/moveit_ros) by extensions ['colcon_pkg']
[0.239s] [34mcolcon.colcon_core.package_identification[0m [1;30mLevel 1[0m _identify(src/moveit2/moveit_ros) by extension 'colcon_pkg'
[0.239s] [34mcolcon.colcon_core.package_identification[0m [1;30mLevel 1[0m _identify(src/moveit2/moveit_ros) by extensions ['colcon_meta']
[0.239s] [34mcolcon.colcon_core.package_identification[0m [1;30mLevel 1[0m _identify(src/moveit2/moveit_ros) by extension 'colcon_meta'
[0.239s] [34mcolcon.colcon_core.package_identification[0m [1;30mLevel 1[0m _identify(src/moveit2/moveit_ros) by extensions ['ros']
[0.239s] [34mcolcon.colcon_core.package_identification[0m [1;30mLevel 1[0m _identify(src/moveit2/moveit_ros) by extension 'ros'
[0.239s] [34mcolcon.colcon_core.package_identification[0m [1;30mLevel 1[0m _identify(src/moveit2/moveit_ros) by extensions ['cmake', 'python']
[0.239s] [34mcolcon.colcon_core.package_identification[0m [1;30mLevel 1[0m _identify(src/moveit2/moveit_ros) by extension 'cmake'
[0.239s] [34mcolcon.colcon_core.package_identification[0m [1;30mLevel 1[0m _identify(src/moveit2/moveit_ros) by extension 'python'
[0.239s] [34mcolcon.colcon_core.package_identification[0m [1;30mLevel 1[0m _identify(src/moveit2/moveit_ros) by extensions ['python_setup_py']
[0.239s] [34mcolcon.colcon_core.package_identification[0m [1;30mLevel 1[0m _identify(src/moveit2/moveit_ros) by extension 'python_setup_py'
[0.239s] [34mcolcon.colcon_core.package_identification[0m [1;30mLevel 1[0m _identify(src/moveit2/moveit_ros/benchmarks) by extensions ['ignore', 'ignore_ament_install']
[0.239s] [34mcolcon.colcon_core.package_identification[0m [1;30mLevel 1[0m _identify(src/moveit2/moveit_ros/benchmarks) by extension 'ignore'
[0.239s] [34mcolcon.colcon_core.package_identification[0m [1;30mLevel 1[0m _identify(src/moveit2/moveit_ros/benchmarks) by extension 'ignore_ament_install'
[0.239s] [34mcolcon.colcon_core.package_identification[0m [1;30mLevel 1[0m _identify(src/moveit2/moveit_ros/benchmarks) by extensions ['colcon_pkg']
[0.239s] [34mcolcon.colcon_core.package_identification[0m [1;30mLevel 1[0m _identify(src/moveit2/moveit_ros/benchmarks) by extension 'colcon_pkg'
[0.239s] [34mcolcon.colcon_core.package_identification[0m [1;30mLevel 1[0m _identify(src/moveit2/moveit_ros/benchmarks) by extensions ['colcon_meta']
[0.239s] [34mcolcon.colcon_core.package_identification[0m [1;30mLevel 1[0m _identify(src/moveit2/moveit_ros/benchmarks) by extension 'colcon_meta'
[0.239s] [34mcolcon.colcon_core.package_identification[0m [1;30mLevel 1[0m _identify(src/moveit2/moveit_ros/benchmarks) by extensions ['ros']
[0.239s] [34mcolcon.colcon_core.package_identification[0m [1;30mLevel 1[0m _identify(src/moveit2/moveit_ros/benchmarks) by extension 'ros'
[0.240s] [34mcolcon.colcon_core.package_identification[0m [1;30mDEBUG[0m [32mPackage 'src/moveit2/moveit_ros/benchmarks' with type 'ros.ament_cmake' and name 'moveit_ros_benchmarks'[0m
[0.240s] [34mcolcon.colcon_core.package_identification[0m [1;30mLevel 1[0m _identify(src/moveit2/moveit_ros/hybrid_planning) by extensions ['ignore', 'ignore_ament_install']
[0.240s] [34mcolcon.colcon_core.package_identification[0m [1;30mLevel 1[0m _identify(src/moveit2/moveit_ros/hybrid_planning) by extension 'ignore'
[0.240s] [34mcolcon.colcon_core.package_identification[0m [1;30mLevel 1[0m _identify(src/moveit2/moveit_ros/hybrid_planning) by extension 'ignore_ament_install'
[0.240s] [34mcolcon.colcon_core.package_identification[0m [1;30mLevel 1[0m _identify(src/moveit2/moveit_ros/hybrid_planning) by extensions ['colcon_pkg']
[0.240s] [34mcolcon.colcon_core.package_identification[0m [1;30mLevel 1[0m _identify(src/moveit2/moveit_ros/hybrid_planning) by extension 'colcon_pkg'
[0.240s] [34mcolcon.colcon_core.package_identification[0m [1;30mLevel 1[0m _identify(src/moveit2/moveit_ros/hybrid_planning) by extensions ['colcon_meta']
[0.240s] [34mcolcon.colcon_core.package_identification[0m [1;30mLevel 1[0m _identify(src/moveit2/moveit_ros/hybrid_planning) by extension 'colcon_meta'
[0.240s] [34mcolcon.colcon_core.package_identification[0m [1;30mLevel 1[0m _identify(src/moveit2/moveit_ros/hybrid_planning) by extensions ['ros']
[0.240s] [34mcolcon.colcon_core.package_identification[0m [1;30mLevel 1[0m _identify(src/moveit2/moveit_ros/hybrid_planning) by extension 'ros'
[0.241s] [34mcolcon.colcon_core.package_identification[0m [1;30mDEBUG[0m [32mPackage 'src/moveit2/moveit_ros/hybrid_planning' with type 'ros.ament_cmake' and name 'moveit_hybrid_planning'[0m
[0.241s] [34mcolcon.colcon_core.package_identification[0m [1;30mLevel 1[0m _identify(src/moveit2/moveit_ros/move_group) by extensions ['ignore', 'ignore_ament_install']
[0.241s] [34mcolcon.colcon_core.package_identification[0m [1;30mLevel 1[0m _identify(src/moveit2/moveit_ros/move_group) by extension 'ignore'
[0.241s] [34mcolcon.colcon_core.package_identification[0m [1;30mLevel 1[0m _identify(src/moveit2/moveit_ros/move_group) by extension 'ignore_ament_install'
[0.241s] [34mcolcon.colcon_core.package_identification[0m [1;30mLevel 1[0m _identify(src/moveit2/moveit_ros/move_group) by extensions ['colcon_pkg']
[0.241s] [34mcolcon.colcon_core.package_identification[0m [1;30mLevel 1[0m _identify(src/moveit2/moveit_ros/move_group) by extension 'colcon_pkg'
[0.241s] [34mcolcon.colcon_core.package_identification[0m [1;30mLevel 1[0m _identify(src/moveit2/moveit_ros/move_group) by extensions ['colcon_meta']
[0.241s] [34mcolcon.colcon_core.package_identification[0m [1;30mLevel 1[0m _identify(src/moveit2/moveit_ros/move_group) by extension 'colcon_meta'
[0.241s] [34mcolcon.colcon_core.package_identification[0m [1;30mLevel 1[0m _identify(src/moveit2/moveit_ros/move_group) by extensions ['ros']
[0.241s] [34mcolcon.colcon_core.package_identification[0m [1;30mLevel 1[0m _identify(src/moveit2/moveit_ros/move_group) by extension 'ros'
[0.242s] [34mcolcon.colcon_core.package_identification[0m [1;30mDEBUG[0m [32mPackage 'src/moveit2/moveit_ros/move_group' with type 'ros.ament_cmake' and name 'moveit_ros_move_group'[0m
[0.242s] [34mcolcon.colcon_core.package_identification[0m [1;30mLevel 1[0m _identify(src/moveit2/moveit_ros/moveit_ros) by extensions ['ignore', 'ignore_ament_install']
[0.242s] [34mcolcon.colcon_core.package_identification[0m [1;30mLevel 1[0m _identify(src/moveit2/moveit_ros/moveit_ros) by extension 'ignore'
[0.242s] [34mcolcon.colcon_core.package_identification[0m [1;30mLevel 1[0m _identify(src/moveit2/moveit_ros/moveit_ros) by extension 'ignore_ament_install'
[0.242s] [34mcolcon.colcon_core.package_identification[0m [1;30mLevel 1[0m _identify(src/moveit2/moveit_ros/moveit_ros) by extensions ['colcon_pkg']
[0.242s] [34mcolcon.colcon_core.package_identification[0m [1;30mLevel 1[0m _identify(src/moveit2/moveit_ros/moveit_ros) by extension 'colcon_pkg'
[0.242s] [34mcolcon.colcon_core.package_identification[0m [1;30mLevel 1[0m _identify(src/moveit2/moveit_ros/moveit_ros) by extensions ['colcon_meta']
[0.242s] [34mcolcon.colcon_core.package_identification[0m [1;30mLevel 1[0m _identify(src/moveit2/moveit_ros/moveit_ros) by extension 'colcon_meta'
[0.242s] [34mcolcon.colcon_core.package_identification[0m [1;30mLevel 1[0m _identify(src/moveit2/moveit_ros/moveit_ros) by extensions ['ros']
[0.242s] [34mcolcon.colcon_core.package_identification[0m [1;30mLevel 1[0m _identify(src/moveit2/moveit_ros/moveit_ros) by extension 'ros'
[0.243s] [34mcolcon.colcon_core.package_identification[0m [1;30mDEBUG[0m [32mPackage 'src/moveit2/moveit_ros/moveit_ros' with type 'ros.ament_cmake' and name 'moveit_ros'[0m
[0.243s] [34mcolcon.colcon_core.package_identification[0m [1;30mLevel 1[0m _identify(src/moveit2/moveit_ros/moveit_servo) by extensions ['ignore', 'ignore_ament_install']
[0.243s] [34mcolcon.colcon_core.package_identification[0m [1;30mLevel 1[0m _identify(src/moveit2/moveit_ros/moveit_servo) by extension 'ignore'
[0.243s] [34mcolcon.colcon_core.package_identification[0m [1;30mLevel 1[0m _identify(src/moveit2/moveit_ros/moveit_servo) by extension 'ignore_ament_install'
[0.243s] [34mcolcon.colcon_core.package_identification[0m [1;30mLevel 1[0m _identify(src/moveit2/moveit_ros/moveit_servo) by extensions ['colcon_pkg']
[0.243s] [34mcolcon.colcon_core.package_identification[0m [1;30mLevel 1[0m _identify(src/moveit2/moveit_ros/moveit_servo) by extension 'colcon_pkg'
[0.243s] [34mcolcon.colcon_core.package_identification[0m [1;30mLevel 1[0m _identify(src/moveit2/moveit_ros/moveit_servo) by extensions ['colcon_meta']
[0.243s] [34mcolcon.colcon_core.package_identification[0m [1;30mLevel 1[0m _identify(src/moveit2/moveit_ros/moveit_servo) by extension 'colcon_meta'
[0.243s] [34mcolcon.colcon_core.package_identification[0m [1;30mLevel 1[0m _identify(src/moveit2/moveit_ros/moveit_servo) by extensions ['ros']
[0.243s] [34mcolcon.colcon_core.package_identification[0m [1;30mLevel 1[0m _identify(src/moveit2/moveit_ros/moveit_servo) by extension 'ros'
[0.244s] [34mcolcon.colcon_core.package_identification[0m [1;30mDEBUG[0m [32mPackage 'src/moveit2/moveit_ros/moveit_servo' with type 'ros.ament_cmake' and name 'moveit_servo'[0m
[0.244s] [34mcolcon.colcon_core.package_identification[0m [1;30mLevel 1[0m _identify(src/moveit2/moveit_ros/occupancy_map_monitor) by extensions ['ignore', 'ignore_ament_install']
[0.244s] [34mcolcon.colcon_core.package_identification[0m [1;30mLevel 1[0m _identify(src/moveit2/moveit_ros/occupancy_map_monitor) by extension 'ignore'
[0.244s] [34mcolcon.colcon_core.package_identification[0m [1;30mLevel 1[0m _identify(src/moveit2/moveit_ros/occupancy_map_monitor) by extension 'ignore_ament_install'
[0.244s] [34mcolcon.colcon_core.package_identification[0m [1;30mLevel 1[0m _identify(src/moveit2/moveit_ros/occupancy_map_monitor) by extensions ['colcon_pkg']
[0.244s] [34mcolcon.colcon_core.package_identification[0m [1;30mLevel 1[0m _identify(src/moveit2/moveit_ros/occupancy_map_monitor) by extension 'colcon_pkg'
[0.244s] [34mcolcon.colcon_core.package_identification[0m [1;30mLevel 1[0m _identify(src/moveit2/moveit_ros/occupancy_map_monitor) by extensions ['colcon_meta']
[0.244s] [34mcolcon.colcon_core.package_identification[0m [1;30mLevel 1[0m _identify(src/moveit2/moveit_ros/occupancy_map_monitor) by extension 'colcon_meta'
[0.244s] [34mcolcon.colcon_core.package_identification[0m [1;30mLevel 1[0m _identify(src/moveit2/moveit_ros/occupancy_map_monitor) by extensions ['ros']
[0.244s] [34mcolcon.colcon_core.package_identification[0m [1;30mLevel 1[0m _identify(src/moveit2/moveit_ros/occupancy_map_monitor) by extension 'ros'
[0.245s] [34mcolcon.colcon_core.package_identification[0m [1;30mDEBUG[0m [32mPackage 'src/moveit2/moveit_ros/occupancy_map_monitor' with type 'ros.ament_cmake' and name 'moveit_ros_occupancy_map_monitor'[0m
[0.245s] [34mcolcon.colcon_core.package_identification[0m [1;30mLevel 1[0m _identify(src/moveit2/moveit_ros/perception) by extensions ['ignore', 'ignore_ament_install']
[0.245s] [34mcolcon.colcon_core.package_identification[0m [1;30mLevel 1[0m _identify(src/moveit2/moveit_ros/perception) by extension 'ignore'
[0.245s] [34mcolcon.colcon_core.package_identification[0m [1;30mLevel 1[0m _identify(src/moveit2/moveit_ros/perception) by extension 'ignore_ament_install'
[0.245s] [34mcolcon.colcon_core.package_identification[0m [1;30mLevel 1[0m _identify(src/moveit2/moveit_ros/perception) by extensions ['colcon_pkg']
[0.245s] [34mcolcon.colcon_core.package_identification[0m [1;30mLevel 1[0m _identify(src/moveit2/moveit_ros/perception) by extension 'colcon_pkg'
[0.245s] [34mcolcon.colcon_core.package_identification[0m [1;30mLevel 1[0m _identify(src/moveit2/moveit_ros/perception) by extensions ['colcon_meta']
[0.245s] [34mcolcon.colcon_core.package_identification[0m [1;30mLevel 1[0m _identify(src/moveit2/moveit_ros/perception) by extension 'colcon_meta'
[0.245s] [34mcolcon.colcon_core.package_identification[0m [1;30mLevel 1[0m _identify(src/moveit2/moveit_ros/perception) by extensions ['ros']
[0.245s] [34mcolcon.colcon_core.package_identification[0m [1;30mLevel 1[0m _identify(src/moveit2/moveit_ros/perception) by extension 'ros'
[0.247s] [34mcolcon.colcon_core.package_identification[0m [1;30mDEBUG[0m [32mPackage 'src/moveit2/moveit_ros/perception' with type 'ros.ament_cmake' and name 'moveit_ros_perception'[0m
[0.247s] [34mcolcon.colcon_core.package_identification[0m [1;30mLevel 1[0m _identify(src/moveit2/moveit_ros/planning) by extensions ['ignore', 'ignore_ament_install']
[0.247s] [34mcolcon.colcon_core.package_identification[0m [1;30mLevel 1[0m _identify(src/moveit2/moveit_ros/planning) by extension 'ignore'
[0.247s] [34mcolcon.colcon_core.package_identification[0m [1;30mLevel 1[0m _identify(src/moveit2/moveit_ros/planning) by extension 'ignore_ament_install'
[0.247s] [34mcolcon.colcon_core.package_identification[0m [1;30mLevel 1[0m _identify(src/moveit2/moveit_ros/planning) by extensions ['colcon_pkg']
[0.247s] [34mcolcon.colcon_core.package_identification[0m [1;30mLevel 1[0m _identify(src/moveit2/moveit_ros/planning) by extension 'colcon_pkg'
[0.247s] [34mcolcon.colcon_core.package_identification[0m [1;30mLevel 1[0m _identify(src/moveit2/moveit_ros/planning) by extensions ['colcon_meta']
[0.247s] [34mcolcon.colcon_core.package_identification[0m [1;30mLevel 1[0m _identify(src/moveit2/moveit_ros/planning) by extension 'colcon_meta'
[0.247s] [34mcolcon.colcon_core.package_identification[0m [1;30mLevel 1[0m _identify(src/moveit2/moveit_ros/planning) by extensions ['ros']
[0.247s] [34mcolcon.colcon_core.package_identification[0m [1;30mLevel 1[0m _identify(src/moveit2/moveit_ros/planning) by extension 'ros'
[0.248s] [34mcolcon.colcon_core.package_identification[0m [1;30mDEBUG[0m [32mPackage 'src/moveit2/moveit_ros/planning' with type 'ros.ament_cmake' and name 'moveit_ros_planning'[0m
[0.248s] [34mcolcon.colcon_core.package_identification[0m [1;30mLevel 1[0m _identify(src/moveit2/moveit_ros/planning_interface) by extensions ['ignore', 'ignore_ament_install']
[0.248s] [34mcolcon.colcon_core.package_identification[0m [1;30mLevel 1[0m _identify(src/moveit2/moveit_ros/planning_interface) by extension 'ignore'
[0.248s] [34mcolcon.colcon_core.package_identification[0m [1;30mLevel 1[0m _identify(src/moveit2/moveit_ros/planning_interface) by extension 'ignore_ament_install'
[0.248s] [34mcolcon.colcon_core.package_identification[0m [1;30mLevel 1[0m _identify(src/moveit2/moveit_ros/planning_interface) by extensions ['colcon_pkg']
[0.248s] [34mcolcon.colcon_core.package_identification[0m [1;30mLevel 1[0m _identify(src/moveit2/moveit_ros/planning_interface) by extension 'colcon_pkg'
[0.248s] [34mcolcon.colcon_core.package_identification[0m [1;30mLevel 1[0m _identify(src/moveit2/moveit_ros/planning_interface) by extensions ['colcon_meta']
[0.248s] [34mcolcon.colcon_core.package_identification[0m [1;30mLevel 1[0m _identify(src/moveit2/moveit_ros/planning_interface) by extension 'colcon_meta'
[0.248s] [34mcolcon.colcon_core.package_identification[0m [1;30mLevel 1[0m _identify(src/moveit2/moveit_ros/planning_interface) by extensions ['ros']
[0.248s] [34mcolcon.colcon_core.package_identification[0m [1;30mLevel 1[0m _identify(src/moveit2/moveit_ros/planning_interface) by extension 'ros'
[0.249s] [34mcolcon.colcon_core.package_identification[0m [1;30mDEBUG[0m [32mPackage 'src/moveit2/moveit_ros/planning_interface' with type 'ros.ament_cmake' and name 'moveit_ros_planning_interface'[0m
[0.249s] [34mcolcon.colcon_core.package_identification[0m [1;30mLevel 1[0m _identify(src/moveit2/moveit_ros/robot_interaction) by extensions ['ignore', 'ignore_ament_install']
[0.249s] [34mcolcon.colcon_core.package_identification[0m [1;30mLevel 1[0m _identify(src/moveit2/moveit_ros/robot_interaction) by extension 'ignore'
[0.249s] [34mcolcon.colcon_core.package_identification[0m [1;30mLevel 1[0m _identify(src/moveit2/moveit_ros/robot_interaction) by extension 'ignore_ament_install'
[0.249s] [34mcolcon.colcon_core.package_identification[0m [1;30mLevel 1[0m _identify(src/moveit2/moveit_ros/robot_interaction) by extensions ['colcon_pkg']
[0.249s] [34mcolcon.colcon_core.package_identification[0m [1;30mLevel 1[0m _identify(src/moveit2/moveit_ros/robot_interaction) by extension 'colcon_pkg'
[0.250s] [34mcolcon.colcon_core.package_identification[0m [1;30mLevel 1[0m _identify(src/moveit2/moveit_ros/robot_interaction) by extensions ['colcon_meta']
[0.250s] [34mcolcon.colcon_core.package_identification[0m [1;30mLevel 1[0m _identify(src/moveit2/moveit_ros/robot_interaction) by extension 'colcon_meta'
[0.250s] [34mcolcon.colcon_core.package_identification[0m [1;30mLevel 1[0m _identify(src/moveit2/moveit_ros/robot_interaction) by extensions ['ros']
[0.250s] [34mcolcon.colcon_core.package_identification[0m [1;30mLevel 1[0m _identify(src/moveit2/moveit_ros/robot_interaction) by extension 'ros'
[0.250s] [34mcolcon.colcon_core.package_identification[0m [1;30mDEBUG[0m [32mPackage 'src/moveit2/moveit_ros/robot_interaction' with type 'ros.ament_cmake' and name 'moveit_ros_robot_interaction'[0m
[0.250s] [34mcolcon.colcon_core.package_identification[0m [1;30mLevel 1[0m _identify(src/moveit2/moveit_ros/visualization) by extensions ['ignore', 'ignore_ament_install']
[0.250s] [34mcolcon.colcon_core.package_identification[0m [1;30mLevel 1[0m _identify(src/moveit2/moveit_ros/visualization) by extension 'ignore'
[0.250s] [34mcolcon.colcon_core.package_identification[0m [1;30mLevel 1[0m _identify(src/moveit2/moveit_ros/visualization) by extension 'ignore_ament_install'
[0.250s] [34mcolcon.colcon_core.package_identification[0m [1;30mLevel 1[0m _identify(src/moveit2/moveit_ros/visualization) by extensions ['colcon_pkg']
[0.250s] [34mcolcon.colcon_core.package_identification[0m [1;30mLevel 1[0m _identify(src/moveit2/moveit_ros/visualization) by extension 'colcon_pkg'
[0.250s] [34mcolcon.colcon_core.package_identification[0m [1;30mLevel 1[0m _identify(src/moveit2/moveit_ros/visualization) by extensions ['colcon_meta']
[0.250s] [34mcolcon.colcon_core.package_identification[0m [1;30mLevel 1[0m _identify(src/moveit2/moveit_ros/visualization) by extension 'colcon_meta'
[0.251s] [34mcolcon.colcon_core.package_identification[0m [1;30mLevel 1[0m _identify(src/moveit2/moveit_ros/visualization) by extensions ['ros']
[0.251s] [34mcolcon.colcon_core.package_identification[0m [1;30mLevel 1[0m _identify(src/moveit2/moveit_ros/visualization) by extension 'ros'
[0.251s] [34mcolcon.colcon_core.package_identification[0m [1;30mDEBUG[0m [32mPackage 'src/moveit2/moveit_ros/visualization' with type 'ros.ament_cmake' and name 'moveit_ros_visualization'[0m
[0.251s] [34mcolcon.colcon_core.package_identification[0m [1;30mLevel 1[0m _identify(src/moveit2/moveit_ros/warehouse) by extensions ['ignore', 'ignore_ament_install']
[0.252s] [34mcolcon.colcon_core.package_identification[0m [1;30mLevel 1[0m _identify(src/moveit2/moveit_ros/warehouse) by extension 'ignore'
[0.252s] [34mcolcon.colcon_core.package_identification[0m [1;30mLevel 1[0m _identify(src/moveit2/moveit_ros/warehouse) by extension 'ignore_ament_install'
[0.252s] [34mcolcon.colcon_core.package_identification[0m [1;30mLevel 1[0m _identify(src/moveit2/moveit_ros/warehouse) by extensions ['colcon_pkg']
[0.252s] [34mcolcon.colcon_core.package_identification[0m [1;30mLevel 1[0m _identify(src/moveit2/moveit_ros/warehouse) by extension 'colcon_pkg'
[0.252s] [34mcolcon.colcon_core.package_identification[0m [1;30mLevel 1[0m _identify(src/moveit2/moveit_ros/warehouse) by extensions ['colcon_meta']
[0.252s] [34mcolcon.colcon_core.package_identification[0m [1;30mLevel 1[0m _identify(src/moveit2/moveit_ros/warehouse) by extension 'colcon_meta'
[0.252s] [34mcolcon.colcon_core.package_identification[0m [1;30mLevel 1[0m _identify(src/moveit2/moveit_ros/warehouse) by extensions ['ros']
[0.252s] [34mcolcon.colcon_core.package_identification[0m [1;30mLevel 1[0m _identify(src/moveit2/moveit_ros/warehouse) by extension 'ros'
[0.252s] [34mcolcon.colcon_core.package_identification[0m [1;30mDEBUG[0m [32mPackage 'src/moveit2/moveit_ros/warehouse' with type 'ros.ament_cmake' and name 'moveit_ros_warehouse'[0m
[0.252s] [34mcolcon.colcon_core.package_identification[0m [1;30mLevel 1[0m _identify(src/moveit2/moveit_runtime) by extensions ['ignore', 'ignore_ament_install']
[0.252s] [34mcolcon.colcon_core.package_identification[0m [1;30mLevel 1[0m _identify(src/moveit2/moveit_runtime) by extension 'ignore'
[0.252s] [34mcolcon.colcon_core.package_identification[0m [1;30mLevel 1[0m _identify(src/moveit2/moveit_runtime) by extension 'ignore_ament_install'
[0.252s] [34mcolcon.colcon_core.package_identification[0m [1;30mLevel 1[0m _identify(src/moveit2/moveit_runtime) by extensions ['colcon_pkg']
[0.252s] [34mcolcon.colcon_core.package_identification[0m [1;30mLevel 1[0m _identify(src/moveit2/moveit_runtime) by extension 'colcon_pkg'
[0.253s] [34mcolcon.colcon_core.package_identification[0m [1;30mLevel 1[0m _identify(src/moveit2/moveit_runtime) by extensions ['colcon_meta']
[0.253s] [34mcolcon.colcon_core.package_identification[0m [1;30mLevel 1[0m _identify(src/moveit2/moveit_runtime) by extension 'colcon_meta'
[0.253s] [34mcolcon.colcon_core.package_identification[0m [1;30mLevel 1[0m _identify(src/moveit2/moveit_runtime) by extensions ['ros']
[0.253s] [34mcolcon.colcon_core.package_identification[0m [1;30mLevel 1[0m _identify(src/moveit2/moveit_runtime) by extension 'ros'
[0.253s] [34mcolcon.colcon_core.package_identification[0m [1;30mDEBUG[0m [32mPackage 'src/moveit2/moveit_runtime' with type 'ros.ament_cmake' and name 'moveit_runtime'[0m
[0.253s] [34mcolcon.colcon_core.package_identification[0m [1;30mLevel 1[0m _identify(src/moveit2/moveit_setup_assistant) by extensions ['ignore', 'ignore_ament_install']
[0.253s] [34mcolcon.colcon_core.package_identification[0m [1;30mLevel 1[0m _identify(src/moveit2/moveit_setup_assistant) by extension 'ignore'
[0.253s] [34mcolcon.colcon_core.package_identification[0m [1;30mLevel 1[0m _identify(src/moveit2/moveit_setup_assistant) by extension 'ignore_ament_install'
[0.253s] [34mcolcon.colcon_core.package_identification[0m [1;30mLevel 1[0m _identify(src/moveit2/moveit_setup_assistant) by extensions ['colcon_pkg']
[0.253s] [34mcolcon.colcon_core.package_identification[0m [1;30mLevel 1[0m _identify(src/moveit2/moveit_setup_assistant) by extension 'colcon_pkg'
[0.253s] [34mcolcon.colcon_core.package_identification[0m [1;30mLevel 1[0m _identify(src/moveit2/moveit_setup_assistant) by extensions ['colcon_meta']
[0.253s] [34mcolcon.colcon_core.package_identification[0m [1;30mLevel 1[0m _identify(src/moveit2/moveit_setup_assistant) by extension 'colcon_meta'
[0.253s] [34mcolcon.colcon_core.package_identification[0m [1;30mLevel 1[0m _identify(src/moveit2/moveit_setup_assistant) by extensions ['ros']
[0.253s] [34mcolcon.colcon_core.package_identification[0m [1;30mLevel 1[0m _identify(src/moveit2/moveit_setup_assistant) by extension 'ros'
[0.253s] [34mcolcon.colcon_core.package_identification[0m [1;30mLevel 1[0m _identify(src/moveit2/moveit_setup_assistant) by extensions ['cmake', 'python']
[0.253s] [34mcolcon.colcon_core.package_identification[0m [1;30mLevel 1[0m _identify(src/moveit2/moveit_setup_assistant) by extension 'cmake'
[0.253s] [34mcolcon.colcon_core.package_identification[0m [1;30mLevel 1[0m _identify(src/moveit2/moveit_setup_assistant) by extension 'python'
[0.253s] [34mcolcon.colcon_core.package_identification[0m [1;30mLevel 1[0m _identify(src/moveit2/moveit_setup_assistant) by extensions ['python_setup_py']
[0.253s] [34mcolcon.colcon_core.package_identification[0m [1;30mLevel 1[0m _identify(src/moveit2/moveit_setup_assistant) by extension 'python_setup_py'
[0.253s] [34mcolcon.colcon_core.package_identification[0m [1;30mLevel 1[0m _identify(src/moveit2/moveit_setup_assistant/graphics) by extensions ['ignore', 'ignore_ament_install']
[0.253s] [34mcolcon.colcon_core.package_identification[0m [1;30mLevel 1[0m _identify(src/moveit2/moveit_setup_assistant/graphics) by extension 'ignore'
[0.253s] [34mcolcon.colcon_core.package_identification[0m [1;30mLevel 1[0m _identify(src/moveit2/moveit_setup_assistant/graphics) by extension 'ignore_ament_install'
[0.253s] [34mcolcon.colcon_core.package_identification[0m [1;30mLevel 1[0m _identify(src/moveit2/moveit_setup_assistant/graphics) by extensions ['colcon_pkg']
[0.253s] [34mcolcon.colcon_core.package_identification[0m [1;30mLevel 1[0m _identify(src/moveit2/moveit_setup_assistant/graphics) by extension 'colcon_pkg'
[0.254s] [34mcolcon.colcon_core.package_identification[0m [1;30mLevel 1[0m _identify(src/moveit2/moveit_setup_assistant/graphics) by extensions ['colcon_meta']
[0.254s] [34mcolcon.colcon_core.package_identification[0m [1;30mLevel 1[0m _identify(src/moveit2/moveit_setup_assistant/graphics) by extension 'colcon_meta'
[0.254s] [34mcolcon.colcon_core.package_identification[0m [1;30mLevel 1[0m _identify(src/moveit2/moveit_setup_assistant/graphics) by extensions ['ros']
[0.254s] [34mcolcon.colcon_core.package_identification[0m [1;30mLevel 1[0m _identify(src/moveit2/moveit_setup_assistant/graphics) by extension 'ros'
[0.254s] [34mcolcon.colcon_core.package_identification[0m [1;30mLevel 1[0m _identify(src/moveit2/moveit_setup_assistant/graphics) by extensions ['cmake', 'python']
[0.254s] [34mcolcon.colcon_core.package_identification[0m [1;30mLevel 1[0m _identify(src/moveit2/moveit_setup_assistant/graphics) by extension 'cmake'
[0.254s] [34mcolcon.colcon_core.package_identification[0m [1;30mLevel 1[0m _identify(src/moveit2/moveit_setup_assistant/graphics) by extension 'python'
[0.254s] [34mcolcon.colcon_core.package_identification[0m [1;30mLevel 1[0m _identify(src/moveit2/moveit_setup_assistant/graphics) by extensions ['python_setup_py']
[0.254s] [34mcolcon.colcon_core.package_identification[0m [1;30mLevel 1[0m _identify(src/moveit2/moveit_setup_assistant/graphics) by extension 'python_setup_py'
[0.254s] [34mcolcon.colcon_core.package_identification[0m [1;30mLevel 1[0m _identify(src/moveit2/moveit_setup_assistant/graphics/source) by extensions ['ignore', 'ignore_ament_install']
[0.254s] [34mcolcon.colcon_core.package_identification[0m [1;30mLevel 1[0m _identify(src/moveit2/moveit_setup_assistant/graphics/source) by extension 'ignore'
[0.254s] [34mcolcon.colcon_core.package_identification[0m [1;30mLevel 1[0m _identify(src/moveit2/moveit_setup_assistant/graphics/source) by extension 'ignore_ament_install'
[0.254s] [34mcolcon.colcon_core.package_identification[0m [1;30mLevel 1[0m _identify(src/moveit2/moveit_setup_assistant/graphics/source) by extensions ['colcon_pkg']
[0.254s] [34mcolcon.colcon_core.package_identification[0m [1;30mLevel 1[0m _identify(src/moveit2/moveit_setup_assistant/graphics/source) by extension 'colcon_pkg'
[0.254s] [34mcolcon.colcon_core.package_identification[0m [1;30mLevel 1[0m _identify(src/moveit2/moveit_setup_assistant/graphics/source) by extensions ['colcon_meta']
[0.254s] [34mcolcon.colcon_core.package_identification[0m [1;30mLevel 1[0m _identify(src/moveit2/moveit_setup_assistant/graphics/source) by extension 'colcon_meta'
[0.254s] [34mcolcon.colcon_core.package_identification[0m [1;30mLevel 1[0m _identify(src/moveit2/moveit_setup_assistant/graphics/source) by extensions ['ros']
[0.254s] [34mcolcon.colcon_core.package_identification[0m [1;30mLevel 1[0m _identify(src/moveit2/moveit_setup_assistant/graphics/source) by extension 'ros'
[0.254s] [34mcolcon.colcon_core.package_identification[0m [1;30mLevel 1[0m _identify(src/moveit2/moveit_setup_assistant/graphics/source) by extensions ['cmake', 'python']
[0.254s] [34mcolcon.colcon_core.package_identification[0m [1;30mLevel 1[0m _identify(src/moveit2/moveit_setup_assistant/graphics/source) by extension 'cmake'
[0.254s] [34mcolcon.colcon_core.package_identification[0m [1;30mLevel 1[0m _identify(src/moveit2/moveit_setup_assistant/graphics/source) by extension 'python'
[0.254s] [34mcolcon.colcon_core.package_identification[0m [1;30mLevel 1[0m _identify(src/moveit2/moveit_setup_assistant/graphics/source) by extensions ['python_setup_py']
[0.254s] [34mcolcon.colcon_core.package_identification[0m [1;30mLevel 1[0m _identify(src/moveit2/moveit_setup_assistant/graphics/source) by extension 'python_setup_py'
[0.254s] [34mcolcon.colcon_core.package_identification[0m [1;30mLevel 1[0m _identify(src/moveit2/moveit_setup_assistant/moveit_setup_app_plugins) by extensions ['ignore', 'ignore_ament_install']
[0.254s] [34mcolcon.colcon_core.package_identification[0m [1;30mLevel 1[0m _identify(src/moveit2/moveit_setup_assistant/moveit_setup_app_plugins) by extension 'ignore'
[0.254s] [34mcolcon.colcon_core.package_identification[0m [1;30mLevel 1[0m _identify(src/moveit2/moveit_setup_assistant/moveit_setup_app_plugins) by extension 'ignore_ament_install'
[0.254s] [34mcolcon.colcon_core.package_identification[0m [1;30mLevel 1[0m _identify(src/moveit2/moveit_setup_assistant/moveit_setup_app_plugins) by extensions ['colcon_pkg']
[0.254s] [34mcolcon.colcon_core.package_identification[0m [1;30mLevel 1[0m _identify(src/moveit2/moveit_setup_assistant/moveit_setup_app_plugins) by extension 'colcon_pkg'
[0.254s] [34mcolcon.colcon_core.package_identification[0m [1;30mLevel 1[0m _identify(src/moveit2/moveit_setup_assistant/moveit_setup_app_plugins) by extensions ['colcon_meta']
[0.254s] [34mcolcon.colcon_core.package_identification[0m [1;30mLevel 1[0m _identify(src/moveit2/moveit_setup_assistant/moveit_setup_app_plugins) by extension 'colcon_meta'
[0.254s] [34mcolcon.colcon_core.package_identification[0m [1;30mLevel 1[0m _identify(src/moveit2/moveit_setup_assistant/moveit_setup_app_plugins) by extensions ['ros']
[0.254s] [34mcolcon.colcon_core.package_identification[0m [1;30mLevel 1[0m _identify(src/moveit2/moveit_setup_assistant/moveit_setup_app_plugins) by extension 'ros'
[0.255s] [34mcolcon.colcon_core.package_identification[0m [1;30mDEBUG[0m [32mPackage 'src/moveit2/moveit_setup_assistant/moveit_setup_app_plugins' with type 'ros.ament_cmake' and name 'moveit_setup_app_plugins'[0m
[0.255s] [34mcolcon.colcon_core.package_identification[0m [1;30mLevel 1[0m _identify(src/moveit2/moveit_setup_assistant/moveit_setup_assistant) by extensions ['ignore', 'ignore_ament_install']
[0.255s] [34mcolcon.colcon_core.package_identification[0m [1;30mLevel 1[0m _identify(src/moveit2/moveit_setup_assistant/moveit_setup_assistant) by extension 'ignore'
[0.255s] [34mcolcon.colcon_core.package_identification[0m [1;30mLevel 1[0m _identify(src/moveit2/moveit_setup_assistant/moveit_setup_assistant) by extension 'ignore_ament_install'
[0.255s] [34mcolcon.colcon_core.package_identification[0m [1;30mLevel 1[0m _identify(src/moveit2/moveit_setup_assistant/moveit_setup_assistant) by extensions ['colcon_pkg']
[0.255s] [34mcolcon.colcon_core.package_identification[0m [1;30mLevel 1[0m _identify(src/moveit2/moveit_setup_assistant/moveit_setup_assistant) by extension 'colcon_pkg'
[0.255s] [34mcolcon.colcon_core.package_identification[0m [1;30mLevel 1[0m _identify(src/moveit2/moveit_setup_assistant/moveit_setup_assistant) by extensions ['colcon_meta']
[0.255s] [34mcolcon.colcon_core.package_identification[0m [1;30mLevel 1[0m _identify(src/moveit2/moveit_setup_assistant/moveit_setup_assistant) by extension 'colcon_meta'
[0.255s] [34mcolcon.colcon_core.package_identification[0m [1;30mLevel 1[0m _identify(src/moveit2/moveit_setup_assistant/moveit_setup_assistant) by extensions ['ros']
[0.255s] [34mcolcon.colcon_core.package_identification[0m [1;30mLevel 1[0m _identify(src/moveit2/moveit_setup_assistant/moveit_setup_assistant) by extension 'ros'
[0.256s] [34mcolcon.colcon_core.package_identification[0m [1;30mDEBUG[0m [32mPackage 'src/moveit2/moveit_setup_assistant/moveit_setup_assistant' with type 'ros.ament_cmake' and name 'moveit_setup_assistant'[0m
[0.256s] [34mcolcon.colcon_core.package_identification[0m [1;30mLevel 1[0m _identify(src/moveit2/moveit_setup_assistant/moveit_setup_controllers) by extensions ['ignore', 'ignore_ament_install']
[0.256s] [34mcolcon.colcon_core.package_identification[0m [1;30mLevel 1[0m _identify(src/moveit2/moveit_setup_assistant/moveit_setup_controllers) by extension 'ignore'
[0.256s] [34mcolcon.colcon_core.package_identification[0m [1;30mLevel 1[0m _identify(src/moveit2/moveit_setup_assistant/moveit_setup_controllers) by extension 'ignore_ament_install'
[0.256s] [34mcolcon.colcon_core.package_identification[0m [1;30mLevel 1[0m _identify(src/moveit2/moveit_setup_assistant/moveit_setup_controllers) by extensions ['colcon_pkg']
[0.256s] [34mcolcon.colcon_core.package_identification[0m [1;30mLevel 1[0m _identify(src/moveit2/moveit_setup_assistant/moveit_setup_controllers) by extension 'colcon_pkg'
[0.256s] [34mcolcon.colcon_core.package_identification[0m [1;30mLevel 1[0m _identify(src/moveit2/moveit_setup_assistant/moveit_setup_controllers) by extensions ['colcon_meta']
[0.256s] [34mcolcon.colcon_core.package_identification[0m [1;30mLevel 1[0m _identify(src/moveit2/moveit_setup_assistant/moveit_setup_controllers) by extension 'colcon_meta'
[0.256s] [34mcolcon.colcon_core.package_identification[0m [1;30mLevel 1[0m _identify(src/moveit2/moveit_setup_assistant/moveit_setup_controllers) by extensions ['ros']
[0.256s] [34mcolcon.colcon_core.package_identification[0m [1;30mLevel 1[0m _identify(src/moveit2/moveit_setup_assistant/moveit_setup_controllers) by extension 'ros'
[0.256s] [34mcolcon.colcon_core.package_identification[0m [1;30mDEBUG[0m [32mPackage 'src/moveit2/moveit_setup_assistant/moveit_setup_controllers' with type 'ros.ament_cmake' and name 'moveit_setup_controllers'[0m
[0.257s] [34mcolcon.colcon_core.package_identification[0m [1;30mLevel 1[0m _identify(src/moveit2/moveit_setup_assistant/moveit_setup_core_plugins) by extensions ['ignore', 'ignore_ament_install']
[0.257s] [34mcolcon.colcon_core.package_identification[0m [1;30mLevel 1[0m _identify(src/moveit2/moveit_setup_assistant/moveit_setup_core_plugins) by extension 'ignore'
[0.257s] [34mcolcon.colcon_core.package_identification[0m [1;30mLevel 1[0m _identify(src/moveit2/moveit_setup_assistant/moveit_setup_core_plugins) by extension 'ignore_ament_install'
[0.257s] [34mcolcon.colcon_core.package_identification[0m [1;30mLevel 1[0m _identify(src/moveit2/moveit_setup_assistant/moveit_setup_core_plugins) by extensions ['colcon_pkg']
[0.257s] [34mcolcon.colcon_core.package_identification[0m [1;30mLevel 1[0m _identify(src/moveit2/moveit_setup_assistant/moveit_setup_core_plugins) by extension 'colcon_pkg'
[0.257s] [34mcolcon.colcon_core.package_identification[0m [1;30mLevel 1[0m _identify(src/moveit2/moveit_setup_assistant/moveit_setup_core_plugins) by extensions ['colcon_meta']
[0.257s] [34mcolcon.colcon_core.package_identification[0m [1;30mLevel 1[0m _identify(src/moveit2/moveit_setup_assistant/moveit_setup_core_plugins) by extension 'colcon_meta'
[0.257s] [34mcolcon.colcon_core.package_identification[0m [1;30mLevel 1[0m _identify(src/moveit2/moveit_setup_assistant/moveit_setup_core_plugins) by extensions ['ros']
[0.257s] [34mcolcon.colcon_core.package_identification[0m [1;30mLevel 1[0m _identify(src/moveit2/moveit_setup_assistant/moveit_setup_core_plugins) by extension 'ros'
[0.257s] [34mcolcon.colcon_core.package_identification[0m [1;30mDEBUG[0m [32mPackage 'src/moveit2/moveit_setup_assistant/moveit_setup_core_plugins' with type 'ros.ament_cmake' and name 'moveit_setup_core_plugins'[0m
[0.257s] [34mcolcon.colcon_core.package_identification[0m [1;30mLevel 1[0m _identify(src/moveit2/moveit_setup_assistant/moveit_setup_framework) by extensions ['ignore', 'ignore_ament_install']
[0.257s] [34mcolcon.colcon_core.package_identification[0m [1;30mLevel 1[0m _identify(src/moveit2/moveit_setup_assistant/moveit_setup_framework) by extension 'ignore'
[0.257s] [34mcolcon.colcon_core.package_identification[0m [1;30mLevel 1[0m _identify(src/moveit2/moveit_setup_assistant/moveit_setup_framework) by extension 'ignore_ament_install'
[0.257s] [34mcolcon.colcon_core.package_identification[0m [1;30mLevel 1[0m _identify(src/moveit2/moveit_setup_assistant/moveit_setup_framework) by extensions ['colcon_pkg']
[0.257s] [34mcolcon.colcon_core.package_identification[0m [1;30mLevel 1[0m _identify(src/moveit2/moveit_setup_assistant/moveit_setup_framework) by extension 'colcon_pkg'
[0.257s] [34mcolcon.colcon_core.package_identification[0m [1;30mLevel 1[0m _identify(src/moveit2/moveit_setup_assistant/moveit_setup_framework) by extensions ['colcon_meta']
[0.257s] [34mcolcon.colcon_core.package_identification[0m [1;30mLevel 1[0m _identify(src/moveit2/moveit_setup_assistant/moveit_setup_framework) by extension 'colcon_meta'
[0.258s] [34mcolcon.colcon_core.package_identification[0m [1;30mLevel 1[0m _identify(src/moveit2/moveit_setup_assistant/moveit_setup_framework) by extensions ['ros']
[0.258s] [34mcolcon.colcon_core.package_identification[0m [1;30mLevel 1[0m _identify(src/moveit2/moveit_setup_assistant/moveit_setup_framework) by extension 'ros'
[0.258s] [34mcolcon.colcon_core.package_identification[0m [1;30mDEBUG[0m [32mPackage 'src/moveit2/moveit_setup_assistant/moveit_setup_framework' with type 'ros.ament_cmake' and name 'moveit_setup_framework'[0m
[0.258s] [34mcolcon.colcon_core.package_identification[0m [1;30mLevel 1[0m _identify(src/moveit2/moveit_setup_assistant/moveit_setup_simulation) by extensions ['ignore', 'ignore_ament_install']
[0.258s] [34mcolcon.colcon_core.package_identification[0m [1;30mLevel 1[0m _identify(src/moveit2/moveit_setup_assistant/moveit_setup_simulation) by extension 'ignore'
[0.258s] [34mcolcon.colcon_core.package_identification[0m [1;30mLevel 1[0m _identify(src/moveit2/moveit_setup_assistant/moveit_setup_simulation) ignored
[0.258s] [34mcolcon.colcon_core.package_identification[0m [1;30mLevel 1[0m _identify(src/moveit2/moveit_setup_assistant/moveit_setup_srdf_plugins) by extensions ['ignore', 'ignore_ament_install']
[0.258s] [34mcolcon.colcon_core.package_identification[0m [1;30mLevel 1[0m _identify(src/moveit2/moveit_setup_assistant/moveit_setup_srdf_plugins) by extension 'ignore'
[0.258s] [34mcolcon.colcon_core.package_identification[0m [1;30mLevel 1[0m _identify(src/moveit2/moveit_setup_assistant/moveit_setup_srdf_plugins) by extension 'ignore_ament_install'
[0.259s] [34mcolcon.colcon_core.package_identification[0m [1;30mLevel 1[0m _identify(src/moveit2/moveit_setup_assistant/moveit_setup_srdf_plugins) by extensions ['colcon_pkg']
[0.259s] [34mcolcon.colcon_core.package_identification[0m [1;30mLevel 1[0m _identify(src/moveit2/moveit_setup_assistant/moveit_setup_srdf_plugins) by extension 'colcon_pkg'
[0.259s] [34mcolcon.colcon_core.package_identification[0m [1;30mLevel 1[0m _identify(src/moveit2/moveit_setup_assistant/moveit_setup_srdf_plugins) by extensions ['colcon_meta']
[0.259s] [34mcolcon.colcon_core.package_identification[0m [1;30mLevel 1[0m _identify(src/moveit2/moveit_setup_assistant/moveit_setup_srdf_plugins) by extension 'colcon_meta'
[0.259s] [34mcolcon.colcon_core.package_identification[0m [1;30mLevel 1[0m _identify(src/moveit2/moveit_setup_assistant/moveit_setup_srdf_plugins) by extensions ['ros']
[0.259s] [34mcolcon.colcon_core.package_identification[0m [1;30mLevel 1[0m _identify(src/moveit2/moveit_setup_assistant/moveit_setup_srdf_plugins) by extension 'ros'
[0.259s] [34mcolcon.colcon_core.package_identification[0m [1;30mDEBUG[0m [32mPackage 'src/moveit2/moveit_setup_assistant/moveit_setup_srdf_plugins' with type 'ros.ament_cmake' and name 'moveit_setup_srdf_plugins'[0m
[0.259s] [34mcolcon.colcon_core.package_identification[0m [1;30mLevel 1[0m _identify(src/moveit2/moveit_setup_assistant/unported_templates) by extensions ['ignore', 'ignore_ament_install']
[0.259s] [34mcolcon.colcon_core.package_identification[0m [1;30mLevel 1[0m _identify(src/moveit2/moveit_setup_assistant/unported_templates) by extension 'ignore'
[0.259s] [34mcolcon.colcon_core.package_identification[0m [1;30mLevel 1[0m _identify(src/moveit2/moveit_setup_assistant/unported_templates) by extension 'ignore_ament_install'
[0.259s] [34mcolcon.colcon_core.package_identification[0m [1;30mLevel 1[0m _identify(src/moveit2/moveit_setup_assistant/unported_templates) by extensions ['colcon_pkg']
[0.259s] [34mcolcon.colcon_core.package_identification[0m [1;30mLevel 1[0m _identify(src/moveit2/moveit_setup_assistant/unported_templates) by extension 'colcon_pkg'
[0.259s] [34mcolcon.colcon_core.package_identification[0m [1;30mLevel 1[0m _identify(src/moveit2/moveit_setup_assistant/unported_templates) by extensions ['colcon_meta']
[0.259s] [34mcolcon.colcon_core.package_identification[0m [1;30mLevel 1[0m _identify(src/moveit2/moveit_setup_assistant/unported_templates) by extension 'colcon_meta'
[0.259s] [34mcolcon.colcon_core.package_identification[0m [1;30mLevel 1[0m _identify(src/moveit2/moveit_setup_assistant/unported_templates) by extensions ['ros']
[0.259s] [34mcolcon.colcon_core.package_identification[0m [1;30mLevel 1[0m _identify(src/moveit2/moveit_setup_assistant/unported_templates) by extension 'ros'
[0.259s] [34mcolcon.colcon_core.package_identification[0m [1;30mLevel 1[0m _identify(src/moveit2/moveit_setup_assistant/unported_templates) by extensions ['cmake', 'python']
[0.259s] [34mcolcon.colcon_core.package_identification[0m [1;30mLevel 1[0m _identify(src/moveit2/moveit_setup_assistant/unported_templates) by extension 'cmake'
[0.259s] [34mcolcon.colcon_core.package_identification[0m [1;30mLevel 1[0m _identify(src/moveit2/moveit_setup_assistant/unported_templates) by extension 'python'
[0.259s] [34mcolcon.colcon_core.package_identification[0m [1;30mLevel 1[0m _identify(src/moveit2/moveit_setup_assistant/unported_templates) by extensions ['python_setup_py']
[0.259s] [34mcolcon.colcon_core.package_identification[0m [1;30mLevel 1[0m _identify(src/moveit2/moveit_setup_assistant/unported_templates) by extension 'python_setup_py'
[0.259s] [34mcolcon.colcon_core.package_identification[0m [1;30mLevel 1[0m _identify(src/moveit2_tutorials) by extensions ['ignore', 'ignore_ament_install']
[0.260s] [34mcolcon.colcon_core.package_identification[0m [1;30mLevel 1[0m _identify(src/moveit2_tutorials) by extension 'ignore'
[0.260s] [34mcolcon.colcon_core.package_identification[0m [1;30mLevel 1[0m _identify(src/moveit2_tutorials) by extension 'ignore_ament_install'
[0.260s] [34mcolcon.colcon_core.package_identification[0m [1;30mLevel 1[0m _identify(src/moveit2_tutorials) by extensions ['colcon_pkg']
[0.260s] [34mcolcon.colcon_core.package_identification[0m [1;30mLevel 1[0m _identify(src/moveit2_tutorials) by extension 'colcon_pkg'
[0.260s] [34mcolcon.colcon_core.package_identification[0m [1;30mLevel 1[0m _identify(src/moveit2_tutorials) by extensions ['colcon_meta']
[0.260s] [34mcolcon.colcon_core.package_identification[0m [1;30mLevel 1[0m _identify(src/moveit2_tutorials) by extension 'colcon_meta'
[0.260s] [34mcolcon.colcon_core.package_identification[0m [1;30mLevel 1[0m _identify(src/moveit2_tutorials) by extensions ['ros']
[0.260s] [34mcolcon.colcon_core.package_identification[0m [1;30mLevel 1[0m _identify(src/moveit2_tutorials) by extension 'ros'
[0.261s] [34mcolcon.colcon_core.package_identification[0m [1;30mDEBUG[0m [32mPackage 'src/moveit2_tutorials' with type 'ros.ament_cmake' and name 'moveit2_tutorials'[0m
[0.261s] [34mcolcon.colcon_core.package_identification[0m [1;30mLevel 1[0m _identify(src/moveit_config) by extensions ['ignore', 'ignore_ament_install']
[0.261s] [34mcolcon.colcon_core.package_identification[0m [1;30mLevel 1[0m _identify(src/moveit_config) by extension 'ignore'
[0.261s] [34mcolcon.colcon_core.package_identification[0m [1;30mLevel 1[0m _identify(src/moveit_config) by extension 'ignore_ament_install'
[0.261s] [34mcolcon.colcon_core.package_identification[0m [1;30mLevel 1[0m _identify(src/moveit_config) by extensions ['colcon_pkg']
[0.261s] [34mcolcon.colcon_core.package_identification[0m [1;30mLevel 1[0m _identify(src/moveit_config) by extension 'colcon_pkg'
[0.261s] [34mcolcon.colcon_core.package_identification[0m [1;30mLevel 1[0m _identify(src/moveit_config) by extensions ['colcon_meta']
[0.261s] [34mcolcon.colcon_core.package_identification[0m [1;30mLevel 1[0m _identify(src/moveit_config) by extension 'colcon_meta'
[0.261s] [34mcolcon.colcon_core.package_identification[0m [1;30mLevel 1[0m _identify(src/moveit_config) by extensions ['ros']
[0.261s] [34mcolcon.colcon_core.package_identification[0m [1;30mLevel 1[0m _identify(src/moveit_config) by extension 'ros'
[0.262s] [34mcolcon.colcon_core.package_identification[0m [1;30mDEBUG[0m [32mPackage 'src/moveit_config' with type 'ros.ament_cmake' and name 'moveit_config'[0m
[0.262s] [34mcolcon.colcon_core.package_identification[0m [1;30mLevel 1[0m _identify(src/moveit_r2_config) by extensions ['ignore', 'ignore_ament_install']
[0.262s] [34mcolcon.colcon_core.package_identification[0m [1;30mLevel 1[0m _identify(src/moveit_r2_config) by extension 'ignore'
[0.262s] [34mcolcon.colcon_core.package_identification[0m [1;30mLevel 1[0m _identify(src/moveit_r2_config) by extension 'ignore_ament_install'
[0.262s] [34mcolcon.colcon_core.package_identification[0m [1;30mLevel 1[0m _identify(src/moveit_r2_config) by extensions ['colcon_pkg']
[0.262s] [34mcolcon.colcon_core.package_identification[0m [1;30mLevel 1[0m _identify(src/moveit_r2_config) by extension 'colcon_pkg'
[0.262s] [34mcolcon.colcon_core.package_identification[0m [1;30mLevel 1[0m _identify(src/moveit_r2_config) by extensions ['colcon_meta']
[0.262s] [34mcolcon.colcon_core.package_identification[0m [1;30mLevel 1[0m _identify(src/moveit_r2_config) by extension 'colcon_meta'
[0.262s] [34mcolcon.colcon_core.package_identification[0m [1;30mLevel 1[0m _identify(src/moveit_r2_config) by extensions ['ros']
[0.262s] [34mcolcon.colcon_core.package_identification[0m [1;30mLevel 1[0m _identify(src/moveit_r2_config) by extension 'ros'
[0.262s] [34mcolcon.colcon_core.package_identification[0m [1;30mDEBUG[0m [32mPackage 'src/moveit_r2_config' with type 'ros.ament_cmake' and name 'moveit_r2_config'[0m
[0.262s] [34mcolcon.colcon_core.package_identification[0m [1;30mLevel 1[0m _identify(src/moveit_resources) by extensions ['ignore', 'ignore_ament_install']
[0.262s] [34mcolcon.colcon_core.package_identification[0m [1;30mLevel 1[0m _identify(src/moveit_resources) by extension 'ignore'
[0.263s] [34mcolcon.colcon_core.package_identification[0m [1;30mLevel 1[0m _identify(src/moveit_resources) by extension 'ignore_ament_install'
[0.263s] [34mcolcon.colcon_core.package_identification[0m [1;30mLevel 1[0m _identify(src/moveit_resources) by extensions ['colcon_pkg']
[0.263s] [34mcolcon.colcon_core.package_identification[0m [1;30mLevel 1[0m _identify(src/moveit_resources) by extension 'colcon_pkg'
[0.263s] [34mcolcon.colcon_core.package_identification[0m [1;30mLevel 1[0m _identify(src/moveit_resources) by extensions ['colcon_meta']
[0.263s] [34mcolcon.colcon_core.package_identification[0m [1;30mLevel 1[0m _identify(src/moveit_resources) by extension 'colcon_meta'
[0.263s] [34mcolcon.colcon_core.package_identification[0m [1;30mLevel 1[0m _identify(src/moveit_resources) by extensions ['ros']
[0.263s] [34mcolcon.colcon_core.package_identification[0m [1;30mLevel 1[0m _identify(src/moveit_resources) by extension 'ros'
[0.263s] [34mcolcon.colcon_core.package_identification[0m [1;30mLevel 1[0m _identify(src/moveit_resources) by extensions ['cmake', 'python']
[0.263s] [34mcolcon.colcon_core.package_identification[0m [1;30mLevel 1[0m _identify(src/moveit_resources) by extension 'cmake'
[0.263s] [34mcolcon.colcon_core.package_identification[0m [1;30mLevel 1[0m _identify(src/moveit_resources) by extension 'python'
[0.263s] [34mcolcon.colcon_core.package_identification[0m [1;30mLevel 1[0m _identify(src/moveit_resources) by extensions ['python_setup_py']
[0.263s] [34mcolcon.colcon_core.package_identification[0m [1;30mLevel 1[0m _identify(src/moveit_resources) by extension 'python_setup_py'
[0.263s] [34mcolcon.colcon_core.package_identification[0m [1;30mLevel 1[0m _identify(src/moveit_resources/fanuc_description) by extensions ['ignore', 'ignore_ament_install']
[0.263s] [34mcolcon.colcon_core.package_identification[0m [1;30mLevel 1[0m _identify(src/moveit_resources/fanuc_description) by extension 'ignore'
[0.263s] [34mcolcon.colcon_core.package_identification[0m [1;30mLevel 1[0m _identify(src/moveit_resources/fanuc_description) by extension 'ignore_ament_install'
[0.263s] [34mcolcon.colcon_core.package_identification[0m [1;30mLevel 1[0m _identify(src/moveit_resources/fanuc_description) by extensions ['colcon_pkg']
[0.263s] [34mcolcon.colcon_core.package_identification[0m [1;30mLevel 1[0m _identify(src/moveit_resources/fanuc_description) by extension 'colcon_pkg'
[0.263s] [34mcolcon.colcon_core.package_identification[0m [1;30mLevel 1[0m _identify(src/moveit_resources/fanuc_description) by extensions ['colcon_meta']
[0.263s] [34mcolcon.colcon_core.package_identification[0m [1;30mLevel 1[0m _identify(src/moveit_resources/fanuc_description) by extension 'colcon_meta'
[0.263s] [34mcolcon.colcon_core.package_identification[0m [1;30mLevel 1[0m _identify(src/moveit_resources/fanuc_description) by extensions ['ros']
[0.263s] [34mcolcon.colcon_core.package_identification[0m [1;30mLevel 1[0m _identify(src/moveit_resources/fanuc_description) by extension 'ros'
[0.263s] [34mcolcon.colcon_core.package_identification[0m [1;30mDEBUG[0m [32mPackage 'src/moveit_resources/fanuc_description' with type 'ros.ament_cmake' and name 'moveit_resources_fanuc_description'[0m
[0.263s] [34mcolcon.colcon_core.package_identification[0m [1;30mLevel 1[0m _identify(src/moveit_resources/fanuc_moveit_config) by extensions ['ignore', 'ignore_ament_install']
[0.263s] [34mcolcon.colcon_core.package_identification[0m [1;30mLevel 1[0m _identify(src/moveit_resources/fanuc_moveit_config) by extension 'ignore'
[0.263s] [34mcolcon.colcon_core.package_identification[0m [1;30mLevel 1[0m _identify(src/moveit_resources/fanuc_moveit_config) by extension 'ignore_ament_install'
[0.263s] [34mcolcon.colcon_core.package_identification[0m [1;30mLevel 1[0m _identify(src/moveit_resources/fanuc_moveit_config) by extensions ['colcon_pkg']
[0.263s] [34mcolcon.colcon_core.package_identification[0m [1;30mLevel 1[0m _identify(src/moveit_resources/fanuc_moveit_config) by extension 'colcon_pkg'
[0.263s] [34mcolcon.colcon_core.package_identification[0m [1;30mLevel 1[0m _identify(src/moveit_resources/fanuc_moveit_config) by extensions ['colcon_meta']
[0.263s] [34mcolcon.colcon_core.package_identification[0m [1;30mLevel 1[0m _identify(src/moveit_resources/fanuc_moveit_config) by extension 'colcon_meta'
[0.264s] [34mcolcon.colcon_core.package_identification[0m [1;30mLevel 1[0m _identify(src/moveit_resources/fanuc_moveit_config) by extensions ['ros']
[0.264s] [34mcolcon.colcon_core.package_identification[0m [1;30mLevel 1[0m _identify(src/moveit_resources/fanuc_moveit_config) by extension 'ros'
[0.264s] [34mcolcon.colcon_core.package_identification[0m [1;30mDEBUG[0m [32mPackage 'src/moveit_resources/fanuc_moveit_config' with type 'ros.ament_cmake' and name 'moveit_resources_fanuc_moveit_config'[0m
[0.264s] [34mcolcon.colcon_core.package_identification[0m [1;30mLevel 1[0m _identify(src/moveit_resources/moveit_resources) by extensions ['ignore', 'ignore_ament_install']
[0.264s] [34mcolcon.colcon_core.package_identification[0m [1;30mLevel 1[0m _identify(src/moveit_resources/moveit_resources) by extension 'ignore'
[0.264s] [34mcolcon.colcon_core.package_identification[0m [1;30mLevel 1[0m _identify(src/moveit_resources/moveit_resources) by extension 'ignore_ament_install'
[0.264s] [34mcolcon.colcon_core.package_identification[0m [1;30mLevel 1[0m _identify(src/moveit_resources/moveit_resources) by extensions ['colcon_pkg']
[0.264s] [34mcolcon.colcon_core.package_identification[0m [1;30mLevel 1[0m _identify(src/moveit_resources/moveit_resources) by extension 'colcon_pkg'
[0.264s] [34mcolcon.colcon_core.package_identification[0m [1;30mLevel 1[0m _identify(src/moveit_resources/moveit_resources) by extensions ['colcon_meta']
[0.264s] [34mcolcon.colcon_core.package_identification[0m [1;30mLevel 1[0m _identify(src/moveit_resources/moveit_resources) by extension 'colcon_meta'
[0.264s] [34mcolcon.colcon_core.package_identification[0m [1;30mLevel 1[0m _identify(src/moveit_resources/moveit_resources) by extensions ['ros']
[0.264s] [34mcolcon.colcon_core.package_identification[0m [1;30mLevel 1[0m _identify(src/moveit_resources/moveit_resources) by extension 'ros'
[0.265s] [34mcolcon.colcon_core.package_identification[0m [1;30mDEBUG[0m [32mPackage 'src/moveit_resources/moveit_resources' with type 'ros.ament_cmake' and name 'moveit_resources'[0m
[0.265s] [34mcolcon.colcon_core.package_identification[0m [1;30mLevel 1[0m _identify(src/moveit_resources/panda_description) by extensions ['ignore', 'ignore_ament_install']
[0.265s] [34mcolcon.colcon_core.package_identification[0m [1;30mLevel 1[0m _identify(src/moveit_resources/panda_description) by extension 'ignore'
[0.265s] [34mcolcon.colcon_core.package_identification[0m [1;30mLevel 1[0m _identify(src/moveit_resources/panda_description) by extension 'ignore_ament_install'
[0.265s] [34mcolcon.colcon_core.package_identification[0m [1;30mLevel 1[0m _identify(src/moveit_resources/panda_description) by extensions ['colcon_pkg']
[0.265s] [34mcolcon.colcon_core.package_identification[0m [1;30mLevel 1[0m _identify(src/moveit_resources/panda_description) by extension 'colcon_pkg'
[0.265s] [34mcolcon.colcon_core.package_identification[0m [1;30mLevel 1[0m _identify(src/moveit_resources/panda_description) by extensions ['colcon_meta']
[0.265s] [34mcolcon.colcon_core.package_identification[0m [1;30mLevel 1[0m _identify(src/moveit_resources/panda_description) by extension 'colcon_meta'
[0.265s] [34mcolcon.colcon_core.package_identification[0m [1;30mLevel 1[0m _identify(src/moveit_resources/panda_description) by extensions ['ros']
[0.265s] [34mcolcon.colcon_core.package_identification[0m [1;30mLevel 1[0m _identify(src/moveit_resources/panda_description) by extension 'ros'
[0.265s] [34mcolcon.colcon_core.package_identification[0m [1;30mDEBUG[0m [32mPackage 'src/moveit_resources/panda_description' with type 'ros.ament_cmake' and name 'moveit_resources_panda_description'[0m
[0.265s] [34mcolcon.colcon_core.package_identification[0m [1;30mLevel 1[0m _identify(src/moveit_resources/panda_moveit_config) by extensions ['ignore', 'ignore_ament_install']
[0.265s] [34mcolcon.colcon_core.package_identification[0m [1;30mLevel 1[0m _identify(src/moveit_resources/panda_moveit_config) by extension 'ignore'
[0.265s] [34mcolcon.colcon_core.package_identification[0m [1;30mLevel 1[0m _identify(src/moveit_resources/panda_moveit_config) by extension 'ignore_ament_install'
[0.265s] [34mcolcon.colcon_core.package_identification[0m [1;30mLevel 1[0m _identify(src/moveit_resources/panda_moveit_config) by extensions ['colcon_pkg']
[0.265s] [34mcolcon.colcon_core.package_identification[0m [1;30mLevel 1[0m _identify(src/moveit_resources/panda_moveit_config) by extension 'colcon_pkg'
[0.265s] [34mcolcon.colcon_core.package_identification[0m [1;30mLevel 1[0m _identify(src/moveit_resources/panda_moveit_config) by extensions ['colcon_meta']
[0.265s] [34mcolcon.colcon_core.package_identification[0m [1;30mLevel 1[0m _identify(src/moveit_resources/panda_moveit_config) by extension 'colcon_meta'
[0.265s] [34mcolcon.colcon_core.package_identification[0m [1;30mLevel 1[0m _identify(src/moveit_resources/panda_moveit_config) by extensions ['ros']
[0.265s] [34mcolcon.colcon_core.package_identification[0m [1;30mLevel 1[0m _identify(src/moveit_resources/panda_moveit_config) by extension 'ros'
[0.266s] [34mcolcon.colcon_core.package_identification[0m [1;30mDEBUG[0m [32mPackage 'src/moveit_resources/panda_moveit_config' with type 'ros.ament_cmake' and name 'moveit_resources_panda_moveit_config'[0m
[0.266s] [34mcolcon.colcon_core.package_identification[0m [1;30mLevel 1[0m _identify(src/moveit_resources/pr2_description) by extensions ['ignore', 'ignore_ament_install']
[0.266s] [34mcolcon.colcon_core.package_identification[0m [1;30mLevel 1[0m _identify(src/moveit_resources/pr2_description) by extension 'ignore'
[0.266s] [34mcolcon.colcon_core.package_identification[0m [1;30mLevel 1[0m _identify(src/moveit_resources/pr2_description) by extension 'ignore_ament_install'
[0.266s] [34mcolcon.colcon_core.package_identification[0m [1;30mLevel 1[0m _identify(src/moveit_resources/pr2_description) by extensions ['colcon_pkg']
[0.266s] [34mcolcon.colcon_core.package_identification[0m [1;30mLevel 1[0m _identify(src/moveit_resources/pr2_description) by extension 'colcon_pkg'
[0.266s] [34mcolcon.colcon_core.package_identification[0m [1;30mLevel 1[0m _identify(src/moveit_resources/pr2_description) by extensions ['colcon_meta']
[0.266s] [34mcolcon.colcon_core.package_identification[0m [1;30mLevel 1[0m _identify(src/moveit_resources/pr2_description) by extension 'colcon_meta'
[0.266s] [34mcolcon.colcon_core.package_identification[0m [1;30mLevel 1[0m _identify(src/moveit_resources/pr2_description) by extensions ['ros']
[0.266s] [34mcolcon.colcon_core.package_identification[0m [1;30mLevel 1[0m _identify(src/moveit_resources/pr2_description) by extension 'ros'
[0.266s] [34mcolcon.colcon_core.package_identification[0m [1;30mDEBUG[0m [32mPackage 'src/moveit_resources/pr2_description' with type 'ros.ament_cmake' and name 'moveit_resources_pr2_description'[0m
[0.266s] [34mcolcon.colcon_core.package_identification[0m [1;30mLevel 1[0m _identify(src/moveit_task_constructor) by extensions ['ignore', 'ignore_ament_install']
[0.266s] [34mcolcon.colcon_core.package_identification[0m [1;30mLevel 1[0m _identify(src/moveit_task_constructor) by extension 'ignore'
[0.266s] [34mcolcon.colcon_core.package_identification[0m [1;30mLevel 1[0m _identify(src/moveit_task_constructor) by extension 'ignore_ament_install'
[0.266s] [34mcolcon.colcon_core.package_identification[0m [1;30mLevel 1[0m _identify(src/moveit_task_constructor) by extensions ['colcon_pkg']
[0.266s] [34mcolcon.colcon_core.package_identification[0m [1;30mLevel 1[0m _identify(src/moveit_task_constructor) by extension 'colcon_pkg'
[0.266s] [34mcolcon.colcon_core.package_identification[0m [1;30mLevel 1[0m _identify(src/moveit_task_constructor) by extensions ['colcon_meta']
[0.266s] [34mcolcon.colcon_core.package_identification[0m [1;30mLevel 1[0m _identify(src/moveit_task_constructor) by extension 'colcon_meta'
[0.266s] [34mcolcon.colcon_core.package_identification[0m [1;30mLevel 1[0m _identify(src/moveit_task_constructor) by extensions ['ros']
[0.267s] [34mcolcon.colcon_core.package_identification[0m [1;30mLevel 1[0m _identify(src/moveit_task_constructor) by extension 'ros'
[0.267s] [34mcolcon.colcon_core.package_identification[0m [1;30mLevel 1[0m _identify(src/moveit_task_constructor) by extensions ['cmake', 'python']
[0.267s] [34mcolcon.colcon_core.package_identification[0m [1;30mLevel 1[0m _identify(src/moveit_task_constructor) by extension 'cmake'
[0.267s] [34mcolcon.colcon_core.package_identification[0m [1;30mLevel 1[0m _identify(src/moveit_task_constructor) by extension 'python'
[0.267s] [34mcolcon.colcon_core.package_identification[0m [1;30mLevel 1[0m _identify(src/moveit_task_constructor) by extensions ['python_setup_py']
[0.267s] [34mcolcon.colcon_core.package_identification[0m [1;30mLevel 1[0m _identify(src/moveit_task_constructor) by extension 'python_setup_py'
[0.267s] [34mcolcon.colcon_core.package_identification[0m [1;30mLevel 1[0m _identify(src/moveit_task_constructor/capabilities) by extensions ['ignore', 'ignore_ament_install']
[0.267s] [34mcolcon.colcon_core.package_identification[0m [1;30mLevel 1[0m _identify(src/moveit_task_constructor/capabilities) by extension 'ignore'
[0.267s] [34mcolcon.colcon_core.package_identification[0m [1;30mLevel 1[0m _identify(src/moveit_task_constructor/capabilities) by extension 'ignore_ament_install'
[0.267s] [34mcolcon.colcon_core.package_identification[0m [1;30mLevel 1[0m _identify(src/moveit_task_constructor/capabilities) by extensions ['colcon_pkg']
[0.267s] [34mcolcon.colcon_core.package_identification[0m [1;30mLevel 1[0m _identify(src/moveit_task_constructor/capabilities) by extension 'colcon_pkg'
[0.267s] [34mcolcon.colcon_core.package_identification[0m [1;30mLevel 1[0m _identify(src/moveit_task_constructor/capabilities) by extensions ['colcon_meta']
[0.267s] [34mcolcon.colcon_core.package_identification[0m [1;30mLevel 1[0m _identify(src/moveit_task_constructor/capabilities) by extension 'colcon_meta'
[0.267s] [34mcolcon.colcon_core.package_identification[0m [1;30mLevel 1[0m _identify(src/moveit_task_constructor/capabilities) by extensions ['ros']
[0.267s] [34mcolcon.colcon_core.package_identification[0m [1;30mLevel 1[0m _identify(src/moveit_task_constructor/capabilities) by extension 'ros'
[0.267s] [34mcolcon.colcon_core.package_identification[0m [1;30mDEBUG[0m [32mPackage 'src/moveit_task_constructor/capabilities' with type 'ros.ament_cmake' and name 'moveit_task_constructor_capabilities'[0m
[0.268s] [34mcolcon.colcon_core.package_identification[0m [1;30mLevel 1[0m _identify(src/moveit_task_constructor/core) by extensions ['ignore', 'ignore_ament_install']
[0.268s] [34mcolcon.colcon_core.package_identification[0m [1;30mLevel 1[0m _identify(src/moveit_task_constructor/core) by extension 'ignore'
[0.268s] [34mcolcon.colcon_core.package_identification[0m [1;30mLevel 1[0m _identify(src/moveit_task_constructor/core) by extension 'ignore_ament_install'
[0.268s] [34mcolcon.colcon_core.package_identification[0m [1;30mLevel 1[0m _identify(src/moveit_task_constructor/core) by extensions ['colcon_pkg']
[0.268s] [34mcolcon.colcon_core.package_identification[0m [1;30mLevel 1[0m _identify(src/moveit_task_constructor/core) by extension 'colcon_pkg'
[0.268s] [34mcolcon.colcon_core.package_identification[0m [1;30mLevel 1[0m _identify(src/moveit_task_constructor/core) by extensions ['colcon_meta']
[0.268s] [34mcolcon.colcon_core.package_identification[0m [1;30mLevel 1[0m _identify(src/moveit_task_constructor/core) by extension 'colcon_meta'
[0.268s] [34mcolcon.colcon_core.package_identification[0m [1;30mLevel 1[0m _identify(src/moveit_task_constructor/core) by extensions ['ros']
[0.268s] [34mcolcon.colcon_core.package_identification[0m [1;30mLevel 1[0m _identify(src/moveit_task_constructor/core) by extension 'ros'
[0.269s] [34mcolcon.colcon_core.package_identification[0m [1;30mDEBUG[0m [32mPackage 'src/moveit_task_constructor/core' with type 'ros.ament_cmake' and name 'moveit_task_constructor_core'[0m
[0.269s] [34mcolcon.colcon_core.package_identification[0m [1;30mLevel 1[0m _identify(src/moveit_task_constructor/demo) by extensions ['ignore', 'ignore_ament_install']
[0.269s] [34mcolcon.colcon_core.package_identification[0m [1;30mLevel 1[0m _identify(src/moveit_task_constructor/demo) by extension 'ignore'
[0.269s] [34mcolcon.colcon_core.package_identification[0m [1;30mLevel 1[0m _identify(src/moveit_task_constructor/demo) by extension 'ignore_ament_install'
[0.269s] [34mcolcon.colcon_core.package_identification[0m [1;30mLevel 1[0m _identify(src/moveit_task_constructor/demo) by extensions ['colcon_pkg']
[0.269s] [34mcolcon.colcon_core.package_identification[0m [1;30mLevel 1[0m _identify(src/moveit_task_constructor/demo) by extension 'colcon_pkg'
[0.269s] [34mcolcon.colcon_core.package_identification[0m [1;30mLevel 1[0m _identify(src/moveit_task_constructor/demo) by extensions ['colcon_meta']
[0.269s] [34mcolcon.colcon_core.package_identification[0m [1;30mLevel 1[0m _identify(src/moveit_task_constructor/demo) by extension 'colcon_meta'
[0.269s] [34mcolcon.colcon_core.package_identification[0m [1;30mLevel 1[0m _identify(src/moveit_task_constructor/demo) by extensions ['ros']
[0.269s] [34mcolcon.colcon_core.package_identification[0m [1;30mLevel 1[0m _identify(src/moveit_task_constructor/demo) by extension 'ros'
[0.269s] [34mcolcon.colcon_core.package_identification[0m [1;30mDEBUG[0m [32mPackage 'src/moveit_task_constructor/demo' with type 'ros.ament_cmake' and name 'moveit_task_constructor_demo'[0m
[0.269s] [34mcolcon.colcon_core.package_identification[0m [1;30mLevel 1[0m _identify(src/moveit_task_constructor/msgs) by extensions ['ignore', 'ignore_ament_install']
[0.269s] [34mcolcon.colcon_core.package_identification[0m [1;30mLevel 1[0m _identify(src/moveit_task_constructor/msgs) by extension 'ignore'
[0.269s] [34mcolcon.colcon_core.package_identification[0m [1;30mLevel 1[0m _identify(src/moveit_task_constructor/msgs) by extension 'ignore_ament_install'
[0.269s] [34mcolcon.colcon_core.package_identification[0m [1;30mLevel 1[0m _identify(src/moveit_task_constructor/msgs) by extensions ['colcon_pkg']
[0.269s] [34mcolcon.colcon_core.package_identification[0m [1;30mLevel 1[0m _identify(src/moveit_task_constructor/msgs) by extension 'colcon_pkg'
[0.269s] [34mcolcon.colcon_core.package_identification[0m [1;30mLevel 1[0m _identify(src/moveit_task_constructor/msgs) by extensions ['colcon_meta']
[0.269s] [34mcolcon.colcon_core.package_identification[0m [1;30mLevel 1[0m _identify(src/moveit_task_constructor/msgs) by extension 'colcon_meta'
[0.270s] [34mcolcon.colcon_core.package_identification[0m [1;30mLevel 1[0m _identify(src/moveit_task_constructor/msgs) by extensions ['ros']
[0.270s] [34mcolcon.colcon_core.package_identification[0m [1;30mLevel 1[0m _identify(src/moveit_task_constructor/msgs) by extension 'ros'
[0.270s] [34mcolcon.colcon_core.package_identification[0m [1;30mDEBUG[0m [32mPackage 'src/moveit_task_constructor/msgs' with type 'ros.ament_cmake' and name 'moveit_task_constructor_msgs'[0m
[0.270s] [34mcolcon.colcon_core.package_identification[0m [1;30mLevel 1[0m _identify(src/moveit_task_constructor/rviz_marker_tools) by extensions ['ignore', 'ignore_ament_install']
[0.270s] [34mcolcon.colcon_core.package_identification[0m [1;30mLevel 1[0m _identify(src/moveit_task_constructor/rviz_marker_tools) by extension 'ignore'
[0.270s] [34mcolcon.colcon_core.package_identification[0m [1;30mLevel 1[0m _identify(src/moveit_task_constructor/rviz_marker_tools) by extension 'ignore_ament_install'
[0.270s] [34mcolcon.colcon_core.package_identification[0m [1;30mLevel 1[0m _identify(src/moveit_task_constructor/rviz_marker_tools) by extensions ['colcon_pkg']
[0.270s] [34mcolcon.colcon_core.package_identification[0m [1;30mLevel 1[0m _identify(src/moveit_task_constructor/rviz_marker_tools) by extension 'colcon_pkg'
[0.270s] [34mcolcon.colcon_core.package_identification[0m [1;30mLevel 1[0m _identify(src/moveit_task_constructor/rviz_marker_tools) by extensions ['colcon_meta']
[0.270s] [34mcolcon.colcon_core.package_identification[0m [1;30mLevel 1[0m _identify(src/moveit_task_constructor/rviz_marker_tools) by extension 'colcon_meta'
[0.270s] [34mcolcon.colcon_core.package_identification[0m [1;30mLevel 1[0m _identify(src/moveit_task_constructor/rviz_marker_tools) by extensions ['ros']
[0.270s] [34mcolcon.colcon_core.package_identification[0m [1;30mLevel 1[0m _identify(src/moveit_task_constructor/rviz_marker_tools) by extension 'ros'
[0.271s] [34mcolcon.colcon_core.package_identification[0m [1;30mDEBUG[0m [32mPackage 'src/moveit_task_constructor/rviz_marker_tools' with type 'ros.ament_cmake' and name 'rviz_marker_tools'[0m
[0.271s] [34mcolcon.colcon_core.package_identification[0m [1;30mLevel 1[0m _identify(src/moveit_task_constructor/visualization) by extensions ['ignore', 'ignore_ament_install']
[0.271s] [34mcolcon.colcon_core.package_identification[0m [1;30mLevel 1[0m _identify(src/moveit_task_constructor/visualization) by extension 'ignore'
[0.271s] [34mcolcon.colcon_core.package_identification[0m [1;30mLevel 1[0m _identify(src/moveit_task_constructor/visualization) by extension 'ignore_ament_install'
[0.271s] [34mcolcon.colcon_core.package_identification[0m [1;30mLevel 1[0m _identify(src/moveit_task_constructor/visualization) by extensions ['colcon_pkg']
[0.271s] [34mcolcon.colcon_core.package_identification[0m [1;30mLevel 1[0m _identify(src/moveit_task_constructor/visualization) by extension 'colcon_pkg'
[0.271s] [34mcolcon.colcon_core.package_identification[0m [1;30mLevel 1[0m _identify(src/moveit_task_constructor/visualization) by extensions ['colcon_meta']
[0.271s] [34mcolcon.colcon_core.package_identification[0m [1;30mLevel 1[0m _identify(src/moveit_task_constructor/visualization) by extension 'colcon_meta'
[0.271s] [34mcolcon.colcon_core.package_identification[0m [1;30mLevel 1[0m _identify(src/moveit_task_constructor/visualization) by extensions ['ros']
[0.271s] [34mcolcon.colcon_core.package_identification[0m [1;30mLevel 1[0m _identify(src/moveit_task_constructor/visualization) by extension 'ros'
[0.272s] [34mcolcon.colcon_core.package_identification[0m [1;30mDEBUG[0m [32mPackage 'src/moveit_task_constructor/visualization' with type 'ros.ament_cmake' and name 'moveit_task_constructor_visualization'[0m
[0.272s] [34mcolcon.colcon_core.package_identification[0m [1;30mLevel 1[0m _identify(src/moveit_visual_tools) by extensions ['ignore', 'ignore_ament_install']
[0.272s] [34mcolcon.colcon_core.package_identification[0m [1;30mLevel 1[0m _identify(src/moveit_visual_tools) by extension 'ignore'
[0.272s] [34mcolcon.colcon_core.package_identification[0m [1;30mLevel 1[0m _identify(src/moveit_visual_tools) by extension 'ignore_ament_install'
[0.272s] [34mcolcon.colcon_core.package_identification[0m [1;30mLevel 1[0m _identify(src/moveit_visual_tools) by extensions ['colcon_pkg']
[0.272s] [34mcolcon.colcon_core.package_identification[0m [1;30mLevel 1[0m _identify(src/moveit_visual_tools) by extension 'colcon_pkg'
[0.272s] [34mcolcon.colcon_core.package_identification[0m [1;30mLevel 1[0m _identify(src/moveit_visual_tools) by extensions ['colcon_meta']
[0.272s] [34mcolcon.colcon_core.package_identification[0m [1;30mLevel 1[0m _identify(src/moveit_visual_tools) by extension 'colcon_meta'
[0.272s] [34mcolcon.colcon_core.package_identification[0m [1;30mLevel 1[0m _identify(src/moveit_visual_tools) by extensions ['ros']
[0.272s] [34mcolcon.colcon_core.package_identification[0m [1;30mLevel 1[0m _identify(src/moveit_visual_tools) by extension 'ros'
[0.273s] [34mcolcon.colcon_core.package_identification[0m [1;30mDEBUG[0m [32mPackage 'src/moveit_visual_tools' with type 'ros.ament_cmake' and name 'moveit_visual_tools'[0m
[0.273s] [34mcolcon.colcon_core.package_identification[0m [1;30mLevel 1[0m _identify(src/nhk_bt) by extensions ['ignore', 'ignore_ament_install']
[0.273s] [34mcolcon.colcon_core.package_identification[0m [1;30mLevel 1[0m _identify(src/nhk_bt) by extension 'ignore'
[0.273s] [34mcolcon.colcon_core.package_identification[0m [1;30mLevel 1[0m _identify(src/nhk_bt) by extension 'ignore_ament_install'
[0.273s] [34mcolcon.colcon_core.package_identification[0m [1;30mLevel 1[0m _identify(src/nhk_bt) by extensions ['colcon_pkg']
[0.273s] [34mcolcon.colcon_core.package_identification[0m [1;30mLevel 1[0m _identify(src/nhk_bt) by extension 'colcon_pkg'
[0.273s] [34mcolcon.colcon_core.package_identification[0m [1;30mLevel 1[0m _identify(src/nhk_bt) by extensions ['colcon_meta']
[0.273s] [34mcolcon.colcon_core.package_identification[0m [1;30mLevel 1[0m _identify(src/nhk_bt) by extension 'colcon_meta'
[0.273s] [34mcolcon.colcon_core.package_identification[0m [1;30mLevel 1[0m _identify(src/nhk_bt) by extensions ['ros']
[0.273s] [34mcolcon.colcon_core.package_identification[0m [1;30mLevel 1[0m _identify(src/nhk_bt) by extension 'ros'
[0.273s] [34mcolcon.colcon_core.package_identification[0m [1;30mDEBUG[0m [32mPackage 'src/nhk_bt' with type 'ros.ament_cmake' and name 'nhk_bt'[0m
[0.273s] [34mcolcon.colcon_core.package_identification[0m [1;30mLevel 1[0m _identify(src/r2_odrive) by extensions ['ignore', 'ignore_ament_install']
[0.273s] [34mcolcon.colcon_core.package_identification[0m [1;30mLevel 1[0m _identify(src/r2_odrive) by extension 'ignore'
[0.273s] [34mcolcon.colcon_core.package_identification[0m [1;30mLevel 1[0m _identify(src/r2_odrive) by extension 'ignore_ament_install'
[0.273s] [34mcolcon.colcon_core.package_identification[0m [1;30mLevel 1[0m _identify(src/r2_odrive) by extensions ['colcon_pkg']
[0.273s] [34mcolcon.colcon_core.package_identification[0m [1;30mLevel 1[0m _identify(src/r2_odrive) by extension 'colcon_pkg'
[0.273s] [34mcolcon.colcon_core.package_identification[0m [1;30mLevel 1[0m _identify(src/r2_odrive) by extensions ['colcon_meta']
[0.273s] [34mcolcon.colcon_core.package_identification[0m [1;30mLevel 1[0m _identify(src/r2_odrive) by extension 'colcon_meta'
[0.273s] [34mcolcon.colcon_core.package_identification[0m [1;30mLevel 1[0m _identify(src/r2_odrive) by extensions ['ros']
[0.273s] [34mcolcon.colcon_core.package_identification[0m [1;30mLevel 1[0m _identify(src/r2_odrive) by extension 'ros'
[0.274s] [34mcolcon.colcon_core.package_identification[0m [1;30mDEBUG[0m [32mPackage 'src/r2_odrive' with type 'ros.ament_python' and name 'r2_odrive'[0m
[0.274s] [34mcolcon.colcon_core.package_identification[0m [1;30mLevel 1[0m _identify(src/rogidrive) by extensions ['ignore', 'ignore_ament_install']
[0.274s] [34mcolcon.colcon_core.package_identification[0m [1;30mLevel 1[0m _identify(src/rogidrive) by extension 'ignore'
[0.274s] [34mcolcon.colcon_core.package_identification[0m [1;30mLevel 1[0m _identify(src/rogidrive) by extension 'ignore_ament_install'
[0.274s] [34mcolcon.colcon_core.package_identification[0m [1;30mLevel 1[0m _identify(src/rogidrive) by extensions ['colcon_pkg']
[0.274s] [34mcolcon.colcon_core.package_identification[0m [1;30mLevel 1[0m _identify(src/rogidrive) by extension 'colcon_pkg'
[0.274s] [34mcolcon.colcon_core.package_identification[0m [1;30mLevel 1[0m _identify(src/rogidrive) by extensions ['colcon_meta']
[0.274s] [34mcolcon.colcon_core.package_identification[0m [1;30mLevel 1[0m _identify(src/rogidrive) by extension 'colcon_meta'
[0.274s] [34mcolcon.colcon_core.package_identification[0m [1;30mLevel 1[0m _identify(src/rogidrive) by extensions ['ros']
[0.274s] [34mcolcon.colcon_core.package_identification[0m [1;30mLevel 1[0m _identify(src/rogidrive) by extension 'ros'
[0.274s] [34mcolcon.colcon_core.package_identification[0m [1;30mLevel 1[0m _identify(src/rogidrive) by extensions ['cmake', 'python']
[0.274s] [34mcolcon.colcon_core.package_identification[0m [1;30mLevel 1[0m _identify(src/rogidrive) by extension 'cmake'
[0.274s] [34mcolcon.colcon_core.package_identification[0m [1;30mLevel 1[0m _identify(src/rogidrive) by extension 'python'
[0.274s] [34mcolcon.colcon_core.package_identification[0m [1;30mLevel 1[0m _identify(src/rogidrive) by extensions ['python_setup_py']
[0.274s] [34mcolcon.colcon_core.package_identification[0m [1;30mLevel 1[0m _identify(src/rogidrive) by extension 'python_setup_py'
[0.274s] [34mcolcon.colcon_core.package_identification[0m [1;30mLevel 1[0m _identify(src/rogidrive/rogidrive) by extensions ['ignore', 'ignore_ament_install']
[0.274s] [34mcolcon.colcon_core.package_identification[0m [1;30mLevel 1[0m _identify(src/rogidrive/rogidrive) by extension 'ignore'
[0.274s] [34mcolcon.colcon_core.package_identification[0m [1;30mLevel 1[0m _identify(src/rogidrive/rogidrive) by extension 'ignore_ament_install'
[0.274s] [34mcolcon.colcon_core.package_identification[0m [1;30mLevel 1[0m _identify(src/rogidrive/rogidrive) by extensions ['colcon_pkg']
[0.274s] [34mcolcon.colcon_core.package_identification[0m [1;30mLevel 1[0m _identify(src/rogidrive/rogidrive) by extension 'colcon_pkg'
[0.274s] [34mcolcon.colcon_core.package_identification[0m [1;30mLevel 1[0m _identify(src/rogidrive/rogidrive) by extensions ['colcon_meta']
[0.274s] [34mcolcon.colcon_core.package_identification[0m [1;30mLevel 1[0m _identify(src/rogidrive/rogidrive) by extension 'colcon_meta'
[0.274s] [34mcolcon.colcon_core.package_identification[0m [1;30mLevel 1[0m _identify(src/rogidrive/rogidrive) by extensions ['ros']
[0.274s] [34mcolcon.colcon_core.package_identification[0m [1;30mLevel 1[0m _identify(src/rogidrive/rogidrive) by extension 'ros'
[0.275s] [34mcolcon.colcon_core.package_identification[0m [1;30mDEBUG[0m [32mPackage 'src/rogidrive/rogidrive' with type 'ros.ament_python' and name 'rogidrive'[0m
[0.275s] [34mcolcon.colcon_core.package_identification[0m [1;30mLevel 1[0m _identify(src/rogidrive/rogidrive_msg) by extensions ['ignore', 'ignore_ament_install']
[0.275s] [34mcolcon.colcon_core.package_identification[0m [1;30mLevel 1[0m _identify(src/rogidrive/rogidrive_msg) by extension 'ignore'
[0.275s] [34mcolcon.colcon_core.package_identification[0m [1;30mLevel 1[0m _identify(src/rogidrive/rogidrive_msg) by extension 'ignore_ament_install'
[0.275s] [34mcolcon.colcon_core.package_identification[0m [1;30mLevel 1[0m _identify(src/rogidrive/rogidrive_msg) by extensions ['colcon_pkg']
[0.275s] [34mcolcon.colcon_core.package_identification[0m [1;30mLevel 1[0m _identify(src/rogidrive/rogidrive_msg) by extension 'colcon_pkg'
[0.275s] [34mcolcon.colcon_core.package_identification[0m [1;30mLevel 1[0m _identify(src/rogidrive/rogidrive_msg) by extensions ['colcon_meta']
[0.275s] [34mcolcon.colcon_core.package_identification[0m [1;30mLevel 1[0m _identify(src/rogidrive/rogidrive_msg) by extension 'colcon_meta'
[0.275s] [34mcolcon.colcon_core.package_identification[0m [1;30mLevel 1[0m _identify(src/rogidrive/rogidrive_msg) by extensions ['ros']
[0.275s] [34mcolcon.colcon_core.package_identification[0m [1;30mLevel 1[0m _identify(src/rogidrive/rogidrive_msg) by extension 'ros'
[0.275s] [34mcolcon.colcon_core.package_identification[0m [1;30mDEBUG[0m [32mPackage 'src/rogidrive/rogidrive_msg' with type 'ros.ament_cmake' and name 'rogidrive_msg'[0m
[0.275s] [34mcolcon.colcon_core.package_identification[0m [1;30mLevel 1[0m _identify(src/rosparam_shortcuts) by extensions ['ignore', 'ignore_ament_install']
[0.275s] [34mcolcon.colcon_core.package_identification[0m [1;30mLevel 1[0m _identify(src/rosparam_shortcuts) by extension 'ignore'
[0.275s] [34mcolcon.colcon_core.package_identification[0m [1;30mLevel 1[0m _identify(src/rosparam_shortcuts) by extension 'ignore_ament_install'
[0.276s] [34mcolcon.colcon_core.package_identification[0m [1;30mLevel 1[0m _identify(src/rosparam_shortcuts) by extensions ['colcon_pkg']
[0.276s] [34mcolcon.colcon_core.package_identification[0m [1;30mLevel 1[0m _identify(src/rosparam_shortcuts) by extension 'colcon_pkg'
[0.276s] [34mcolcon.colcon_core.package_identification[0m [1;30mLevel 1[0m _identify(src/rosparam_shortcuts) by extensions ['colcon_meta']
[0.276s] [34mcolcon.colcon_core.package_identification[0m [1;30mLevel 1[0m _identify(src/rosparam_shortcuts) by extension 'colcon_meta'
[0.276s] [34mcolcon.colcon_core.package_identification[0m [1;30mLevel 1[0m _identify(src/rosparam_shortcuts) by extensions ['ros']
[0.276s] [34mcolcon.colcon_core.package_identification[0m [1;30mLevel 1[0m _identify(src/rosparam_shortcuts) by extension 'ros'
[0.276s] [34mcolcon.colcon_core.package_identification[0m [1;30mDEBUG[0m [32mPackage 'src/rosparam_shortcuts' with type 'ros.ament_cmake' and name 'rosparam_shortcuts'[0m
[0.276s] [34mcolcon.colcon_core.package_identification[0m [1;30mLevel 1[0m _identify(src/sakai_r2_config) by extensions ['ignore', 'ignore_ament_install']
[0.276s] [34mcolcon.colcon_core.package_identification[0m [1;30mLevel 1[0m _identify(src/sakai_r2_config) by extension 'ignore'
[0.276s] [34mcolcon.colcon_core.package_identification[0m [1;30mLevel 1[0m _identify(src/sakai_r2_config) by extension 'ignore_ament_install'
[0.276s] [34mcolcon.colcon_core.package_identification[0m [1;30mLevel 1[0m _identify(src/sakai_r2_config) by extensions ['colcon_pkg']
[0.276s] [34mcolcon.colcon_core.package_identification[0m [1;30mLevel 1[0m _identify(src/sakai_r2_config) by extension 'colcon_pkg'
[0.276s] [34mcolcon.colcon_core.package_identification[0m [1;30mLevel 1[0m _identify(src/sakai_r2_config) by extensions ['colcon_meta']
[0.276s] [34mcolcon.colcon_core.package_identification[0m [1;30mLevel 1[0m _identify(src/sakai_r2_config) by extension 'colcon_meta'
[0.276s] [34mcolcon.colcon_core.package_identification[0m [1;30mLevel 1[0m _identify(src/sakai_r2_config) by extensions ['ros']
[0.276s] [34mcolcon.colcon_core.package_identification[0m [1;30mLevel 1[0m _identify(src/sakai_r2_config) by extension 'ros'
[0.277s] [34mcolcon.colcon_core.package_identification[0m [1;30mDEBUG[0m [32mPackage 'src/sakai_r2_config' with type 'ros.ament_cmake' and name 'sakai_r2_config'[0m
[0.277s] [34mcolcon.colcon_core.package_identification[0m [1;30mLevel 1[0m _identify(src/srdfdom) by extensions ['ignore', 'ignore_ament_install']
[0.277s] [34mcolcon.colcon_core.package_identification[0m [1;30mLevel 1[0m _identify(src/srdfdom) by extension 'ignore'
[0.277s] [34mcolcon.colcon_core.package_identification[0m [1;30mLevel 1[0m _identify(src/srdfdom) by extension 'ignore_ament_install'
[0.277s] [34mcolcon.colcon_core.package_identification[0m [1;30mLevel 1[0m _identify(src/srdfdom) by extensions ['colcon_pkg']
[0.277s] [34mcolcon.colcon_core.package_identification[0m [1;30mLevel 1[0m _identify(src/srdfdom) by extension 'colcon_pkg'
[0.277s] [34mcolcon.colcon_core.package_identification[0m [1;30mLevel 1[0m _identify(src/srdfdom) by extensions ['colcon_meta']
[0.277s] [34mcolcon.colcon_core.package_identification[0m [1;30mLevel 1[0m _identify(src/srdfdom) by extension 'colcon_meta'
[0.277s] [34mcolcon.colcon_core.package_identification[0m [1;30mLevel 1[0m _identify(src/srdfdom) by extensions ['ros']
[0.277s] [34mcolcon.colcon_core.package_identification[0m [1;30mLevel 1[0m _identify(src/srdfdom) by extension 'ros'
[0.277s] [34mcolcon.colcon_core.package_identification[0m [1;30mDEBUG[0m [32mPackage 'src/srdfdom' with type 'ros.ament_cmake' and name 'srdfdom'[0m
[0.278s] [34mcolcon.colcon_core.package_identification[0m [1;30mLevel 1[0m _identify(src/trac_ik) by extensions ['ignore', 'ignore_ament_install']
[0.278s] [34mcolcon.colcon_core.package_identification[0m [1;30mLevel 1[0m _identify(src/trac_ik) by extension 'ignore'
[0.278s] [34mcolcon.colcon_core.package_identification[0m [1;30mLevel 1[0m _identify(src/trac_ik) by extension 'ignore_ament_install'
[0.278s] [34mcolcon.colcon_core.package_identification[0m [1;30mLevel 1[0m _identify(src/trac_ik) by extensions ['colcon_pkg']
[0.278s] [34mcolcon.colcon_core.package_identification[0m [1;30mLevel 1[0m _identify(src/trac_ik) by extension 'colcon_pkg'
[0.278s] [34mcolcon.colcon_core.package_identification[0m [1;30mLevel 1[0m _identify(src/trac_ik) by extensions ['colcon_meta']
[0.278s] [34mcolcon.colcon_core.package_identification[0m [1;30mLevel 1[0m _identify(src/trac_ik) by extension 'colcon_meta'
[0.278s] [34mcolcon.colcon_core.package_identification[0m [1;30mLevel 1[0m _identify(src/trac_ik) by extensions ['ros']
[0.278s] [34mcolcon.colcon_core.package_identification[0m [1;30mLevel 1[0m _identify(src/trac_ik) by extension 'ros'
[0.278s] [34mcolcon.colcon_core.package_identification[0m [1;30mLevel 1[0m _identify(src/trac_ik) by extensions ['cmake', 'python']
[0.278s] [34mcolcon.colcon_core.package_identification[0m [1;30mLevel 1[0m _identify(src/trac_ik) by extension 'cmake'
[0.278s] [34mcolcon.colcon_core.package_identification[0m [1;30mLevel 1[0m _identify(src/trac_ik) by extension 'python'
[0.278s] [34mcolcon.colcon_core.package_identification[0m [1;30mLevel 1[0m _identify(src/trac_ik) by extensions ['python_setup_py']
[0.278s] [34mcolcon.colcon_core.package_identification[0m [1;30mLevel 1[0m _identify(src/trac_ik) by extension 'python_setup_py'
[0.278s] [34mcolcon.colcon_core.package_identification[0m [1;30mLevel 1[0m _identify(src/trac_ik/trac_ik) by extensions ['ignore', 'ignore_ament_install']
[0.278s] [34mcolcon.colcon_core.package_identification[0m [1;30mLevel 1[0m _identify(src/trac_ik/trac_ik) by extension 'ignore'
[0.278s] [34mcolcon.colcon_core.package_identification[0m [1;30mLevel 1[0m _identify(src/trac_ik/trac_ik) by extension 'ignore_ament_install'
[0.278s] [34mcolcon.colcon_core.package_identification[0m [1;30mLevel 1[0m _identify(src/trac_ik/trac_ik) by extensions ['colcon_pkg']
[0.278s] [34mcolcon.colcon_core.package_identification[0m [1;30mLevel 1[0m _identify(src/trac_ik/trac_ik) by extension 'colcon_pkg'
[0.278s] [34mcolcon.colcon_core.package_identification[0m [1;30mLevel 1[0m _identify(src/trac_ik/trac_ik) by extensions ['colcon_meta']
[0.278s] [34mcolcon.colcon_core.package_identification[0m [1;30mLevel 1[0m _identify(src/trac_ik/trac_ik) by extension 'colcon_meta'
[0.278s] [34mcolcon.colcon_core.package_identification[0m [1;30mLevel 1[0m _identify(src/trac_ik/trac_ik) by extensions ['ros']
[0.278s] [34mcolcon.colcon_core.package_identification[0m [1;30mLevel 1[0m _identify(src/trac_ik/trac_ik) by extension 'ros'
[0.278s] [34mcolcon.colcon_core.package_identification[0m [1;30mDEBUG[0m [32mPackage 'src/trac_ik/trac_ik' with type 'ros.ament_cmake' and name 'trac_ik'[0m
[0.278s] [34mcolcon.colcon_core.package_identification[0m [1;30mLevel 1[0m _identify(src/trac_ik/trac_ik_examples) by extensions ['ignore', 'ignore_ament_install']
[0.279s] [34mcolcon.colcon_core.package_identification[0m [1;30mLevel 1[0m _identify(src/trac_ik/trac_ik_examples) by extension 'ignore'
[0.279s] [34mcolcon.colcon_core.package_identification[0m [1;30mLevel 1[0m _identify(src/trac_ik/trac_ik_examples) ignored
[0.279s] [34mcolcon.colcon_core.package_identification[0m [1;30mLevel 1[0m _identify(src/trac_ik/trac_ik_kinematics_plugin) by extensions ['ignore', 'ignore_ament_install']
[0.279s] [34mcolcon.colcon_core.package_identification[0m [1;30mLevel 1[0m _identify(src/trac_ik/trac_ik_kinematics_plugin) by extension 'ignore'
[0.279s] [34mcolcon.colcon_core.package_identification[0m [1;30mLevel 1[0m _identify(src/trac_ik/trac_ik_kinematics_plugin) by extension 'ignore_ament_install'
[0.279s] [34mcolcon.colcon_core.package_identification[0m [1;30mLevel 1[0m _identify(src/trac_ik/trac_ik_kinematics_plugin) by extensions ['colcon_pkg']
[0.279s] [34mcolcon.colcon_core.package_identification[0m [1;30mLevel 1[0m _identify(src/trac_ik/trac_ik_kinematics_plugin) by extension 'colcon_pkg'
[0.279s] [34mcolcon.colcon_core.package_identification[0m [1;30mLevel 1[0m _identify(src/trac_ik/trac_ik_kinematics_plugin) by extensions ['colcon_meta']
[0.279s] [34mcolcon.colcon_core.package_identification[0m [1;30mLevel 1[0m _identify(src/trac_ik/trac_ik_kinematics_plugin) by extension 'colcon_meta'
[0.279s] [34mcolcon.colcon_core.package_identification[0m [1;30mLevel 1[0m _identify(src/trac_ik/trac_ik_kinematics_plugin) by extensions ['ros']
[0.279s] [34mcolcon.colcon_core.package_identification[0m [1;30mLevel 1[0m _identify(src/trac_ik/trac_ik_kinematics_plugin) by extension 'ros'
[0.279s] [34mcolcon.colcon_core.package_identification[0m [1;30mDEBUG[0m [32mPackage 'src/trac_ik/trac_ik_kinematics_plugin' with type 'ros.ament_cmake' and name 'trac_ik_kinematics_plugin'[0m
[0.279s] [34mcolcon.colcon_core.package_identification[0m [1;30mLevel 1[0m _identify(src/trac_ik/trac_ik_lib) by extensions ['ignore', 'ignore_ament_install']
[0.279s] [34mcolcon.colcon_core.package_identification[0m [1;30mLevel 1[0m _identify(src/trac_ik/trac_ik_lib) by extension 'ignore'
[0.279s] [34mcolcon.colcon_core.package_identification[0m [1;30mLevel 1[0m _identify(src/trac_ik/trac_ik_lib) by extension 'ignore_ament_install'
[0.280s] [34mcolcon.colcon_core.package_identification[0m [1;30mLevel 1[0m _identify(src/trac_ik/trac_ik_lib) by extensions ['colcon_pkg']
[0.280s] [34mcolcon.colcon_core.package_identification[0m [1;30mLevel 1[0m _identify(src/trac_ik/trac_ik_lib) by extension 'colcon_pkg'
[0.280s] [34mcolcon.colcon_core.package_identification[0m [1;30mLevel 1[0m _identify(src/trac_ik/trac_ik_lib) by extensions ['colcon_meta']
[0.280s] [34mcolcon.colcon_core.package_identification[0m [1;30mLevel 1[0m _identify(src/trac_ik/trac_ik_lib) by extension 'colcon_meta'
[0.280s] [34mcolcon.colcon_core.package_identification[0m [1;30mLevel 1[0m _identify(src/trac_ik/trac_ik_lib) by extensions ['ros']
[0.280s] [34mcolcon.colcon_core.package_identification[0m [1;30mLevel 1[0m _identify(src/trac_ik/trac_ik_lib) by extension 'ros'
[0.280s] [34mcolcon.colcon_core.package_identification[0m [1;30mDEBUG[0m [32mPackage 'src/trac_ik/trac_ik_lib' with type 'ros.ament_cmake' and name 'trac_ik_lib'[0m
[0.280s] [34mcolcon.colcon_core.package_identification[0m [1;30mLevel 1[0m _identify(src/trac_ik/trac_ik_python) by extensions ['ignore', 'ignore_ament_install']
[0.280s] [34mcolcon.colcon_core.package_identification[0m [1;30mLevel 1[0m _identify(src/trac_ik/trac_ik_python) by extension 'ignore'
[0.280s] [34mcolcon.colcon_core.package_identification[0m [1;30mLevel 1[0m _identify(src/trac_ik/trac_ik_python) ignored
[0.280s] [34mcolcon.colcon_core.package_discovery[0m [1;30mLevel 1[0m discover_packages(recursive) using defaults
[0.280s] [34mcolcon.colcon_core.package_discovery[0m [1;30mLevel 1[0m discover_packages(ignore) discover
[0.280s] [34mcolcon.colcon_core.package_discovery[0m [1;30mLevel 1[0m discover_packages(ignore) using defaults
[0.280s] [34mcolcon.colcon_core.package_discovery[0m [1;30mLevel 1[0m discover_packages(path) discover
[0.280s] [34mcolcon.colcon_core.package_discovery[0m [1;30mLevel 1[0m discover_packages(path) using defaults
[0.331s] [34mcolcon.colcon_core.package_discovery[0m [1;30mLevel 1[0m discover_packages(prefix_path) check parameters
[0.331s] [34mcolcon.colcon_core.package_discovery[0m [1;30mLevel 1[0m discover_packages(prefix_path) discover
[0.334s] [34mcolcon.colcon_installed_package_information.package_discovery[0m [1;30mDEBUG[0m [32mFound 78 installed packages in /home/a/ws_nhk/install[0m
[0.335s] [34mcolcon.colcon_installed_package_information.package_discovery[0m [1;30mDEBUG[0m [32mFound 1 installed packages in /home/a/install[0m
[0.336s] [34mcolcon.colcon_installed_package_information.package_discovery[0m [1;30mDEBUG[0m [32mFound 364 installed packages in /opt/ros/humble[0m
[0.337s] [34mcolcon.colcon_core.package_discovery[0m [1;30mLevel 1[0m discover_packages(prefix_path) using defaults
[0.363s] [34mcolcon.colcon_core.verb[0m [1;30mLevel 5[0m set package 'a_r2_description' build argument 'cmake_args' from command line to 'None'
[0.363s] [34mcolcon.colcon_core.verb[0m [1;30mLevel 5[0m set package 'a_r2_description' build argument 'cmake_target' from command line to 'None'
[0.363s] [34mcolcon.colcon_core.verb[0m [1;30mLevel 5[0m set package 'a_r2_description' build argument 'cmake_target_skip_unavailable' from command line to 'False'
[0.363s] [34mcolcon.colcon_core.verb[0m [1;30mLevel 5[0m set package 'a_r2_description' build argument 'cmake_clean_cache' from command line to 'False'
[0.363s] [34mcolcon.colcon_core.verb[0m [1;30mLevel 5[0m set package 'a_r2_description' build argument 'cmake_clean_first' from command line to 'False'
[0.363s] [34mcolcon.colcon_core.verb[0m [1;30mLevel 5[0m set package 'a_r2_description' build argument 'cmake_force_configure' from command line to 'False'
[0.363s] [34mcolcon.colcon_core.verb[0m [1;30mLevel 5[0m set package 'a_r2_description' build argument 'ament_cmake_args' from command line to 'None'
[0.363s] [34mcolcon.colcon_core.verb[0m [1;30mLevel 5[0m set package 'a_r2_description' build argument 'catkin_cmake_args' from command line to 'None'
[0.363s] [34mcolcon.colcon_core.verb[0m [1;30mLevel 5[0m set package 'a_r2_description' build argument 'catkin_skip_building_tests' from command line to 'False'
[0.363s] [34mcolcon.colcon_core.verb[0m [1;30mDEBUG[0m [32mBuilding package 'a_r2_description' with the following arguments: {'ament_cmake_args': None, 'build_base': '/home/a/ws_nhk/build/a_r2_description', 'catkin_cmake_args': None, 'catkin_skip_building_tests': False, 'cmake_args': None, 'cmake_clean_cache': False, 'cmake_clean_first': False, 'cmake_force_configure': False, 'cmake_target': None, 'cmake_target_skip_unavailable': False, 'install_base': '/home/a/ws_nhk/install/a_r2_description', 'merge_install': False, 'path': '/home/a/ws_nhk/src/a_r2_description-20251207T063721Z-3-001/a_r2_description', 'symlink_install': False, 'test_result_base': None}[0m
[0.363s] [34mcolcon.colcon_core.verb[0m [1;30mLevel 5[0m set package 'arm_module_description' build argument 'cmake_args' from command line to 'None'
[0.363s] [34mcolcon.colcon_core.verb[0m [1;30mLevel 5[0m set package 'arm_module_description' build argument 'cmake_target' from command line to 'None'
[0.363s] [34mcolcon.colcon_core.verb[0m [1;30mLevel 5[0m set package 'arm_module_description' build argument 'cmake_target_skip_unavailable' from command line to 'False'
[0.363s] [34mcolcon.colcon_core.verb[0m [1;30mLevel 5[0m set package 'arm_module_description' build argument 'cmake_clean_cache' from command line to 'False'
[0.363s] [34mcolcon.colcon_core.verb[0m [1;30mLevel 5[0m set package 'arm_module_description' build argument 'cmake_clean_first' from command line to 'False'
[0.363s] [34mcolcon.colcon_core.verb[0m [1;30mLevel 5[0m set package 'arm_module_description' build argument 'cmake_force_configure' from command line to 'False'
[0.364s] [34mcolcon.colcon_core.verb[0m [1;30mLevel 5[0m set package 'arm_module_description' build argument 'ament_cmake_args' from command line to 'None'
[0.364s] [34mcolcon.colcon_core.verb[0m [1;30mLevel 5[0m set package 'arm_module_description' build argument 'catkin_cmake_args' from command line to 'None'
[0.364s] [34mcolcon.colcon_core.verb[0m [1;30mLevel 5[0m set package 'arm_module_description' build argument 'catkin_skip_building_tests' from command line to 'False'
[0.364s] [34mcolcon.colcon_core.verb[0m [1;30mDEBUG[0m [32mBuilding package 'arm_module_description' with the following arguments: {'ament_cmake_args': None, 'build_base': '/home/a/ws_nhk/build/arm_module_description', 'catkin_cmake_args': None, 'catkin_skip_building_tests': False, 'cmake_args': None, 'cmake_clean_cache': False, 'cmake_clean_first': False, 'cmake_force_configure': False, 'cmake_target': None, 'cmake_target_skip_unavailable': False, 'install_base': '/home/a/ws_nhk/install/arm_module_description', 'merge_install': False, 'path': '/home/a/ws_nhk/src/arm_module_description-20251221T061328Z-3-001/arm_module_description', 'symlink_install': False, 'test_result_base': None}[0m
[0.364s] [34mcolcon.colcon_core.verb[0m [1;30mLevel 5[0m set package 'arm_v20_description' build argument 'cmake_args' from command line to 'None'
[0.364s] [34mcolcon.colcon_core.verb[0m [1;30mLevel 5[0m set package 'arm_v20_description' build argument 'cmake_target' from command line to 'None'
[0.364s] [34mcolcon.colcon_core.verb[0m [1;30mLevel 5[0m set package 'arm_v20_description' build argument 'cmake_target_skip_unavailable' from command line to 'False'
[0.364s] [34mcolcon.colcon_core.verb[0m [1;30mLevel 5[0m set package 'arm_v20_description' build argument 'cmake_clean_cache' from command line to 'False'
[0.364s] [34mcolcon.colcon_core.verb[0m [1;30mLevel 5[0m set package 'arm_v20_description' build argument 'cmake_clean_first' from command line to 'False'
[0.364s] [34mcolcon.colcon_core.verb[0m [1;30mLevel 5[0m set package 'arm_v20_description' build argument 'cmake_force_configure' from command line to 'False'
[0.364s] [34mcolcon.colcon_core.verb[0m [1;30mLevel 5[0m set package 'arm_v20_description' build argument 'ament_cmake_args' from command line to 'None'
[0.364s] [34mcolcon.colcon_core.verb[0m [1;30mLevel 5[0m set package 'arm_v20_description' build argument 'catkin_cmake_args' from command line to 'None'
[0.364s] [34mcolcon.colcon_core.verb[0m [1;30mLevel 5[0m set package 'arm_v20_description' build argument 'catkin_skip_building_tests' from command line to 'False'
[0.364s] [34mcolcon.colcon_core.verb[0m [1;30mDEBUG[0m [32mBuilding package 'arm_v20_description' with the following arguments: {'ament_cmake_args': None, 'build_base': '/home/a/ws_nhk/build/arm_v20_description', 'catkin_cmake_args': None, 'catkin_skip_building_tests': False, 'cmake_args': None, 'cmake_clean_cache': False, 'cmake_clean_first': False, 'cmake_force_configure': False, 'cmake_target': None, 'cmake_target_skip_unavailable': False, 'install_base': '/home/a/ws_nhk/install/arm_v20_description', 'merge_install': False, 'path': '/home/a/ws_nhk/src/arm_v20_description-20251026T114629Z-1-001/arm_v20_description', 'symlink_install': False, 'test_result_base': None}[0m
[0.364s] [34mcolcon.colcon_core.verb[0m [1;30mLevel 5[0m set package 'dynamixel_controller_client' build argument 'cmake_args' from command line to 'None'
[0.364s] [34mcolcon.colcon_core.verb[0m [1;30mLevel 5[0m set package 'dynamixel_controller_client' build argument 'cmake_target' from command line to 'None'
[0.364s] [34mcolcon.colcon_core.verb[0m [1;30mLevel 5[0m set package 'dynamixel_controller_client' build argument 'cmake_target_skip_unavailable' from command line to 'False'
[0.364s] [34mcolcon.colcon_core.verb[0m [1;30mLevel 5[0m set package 'dynamixel_controller_client' build argument 'cmake_clean_cache' from command line to 'False'
[0.364s] [34mcolcon.colcon_core.verb[0m [1;30mLevel 5[0m set package 'dynamixel_controller_client' build argument 'cmake_clean_first' from command line to 'False'
[0.364s] [34mcolcon.colcon_core.verb[0m [1;30mLevel 5[0m set package 'dynamixel_controller_client' build argument 'cmake_force_configure' from command line to 'False'
[0.364s] [34mcolcon.colcon_core.verb[0m [1;30mLevel 5[0m set package 'dynamixel_controller_client' build argument 'ament_cmake_args' from command line to 'None'
[0.364s] [34mcolcon.colcon_core.verb[0m [1;30mLevel 5[0m set package 'dynamixel_controller_client' build argument 'catkin_cmake_args' from command line to 'None'
[0.364s] [34mcolcon.colcon_core.verb[0m [1;30mLevel 5[0m set package 'dynamixel_controller_client' build argument 'catkin_skip_building_tests' from command line to 'False'
[0.364s] [34mcolcon.colcon_core.verb[0m [1;30mDEBUG[0m [32mBuilding package 'dynamixel_controller_client' with the following arguments: {'ament_cmake_args': None, 'build_base': '/home/a/ws_nhk/build/dynamixel_controller_client', 'catkin_cmake_args': None, 'catkin_skip_building_tests': False, 'cmake_args': None, 'cmake_clean_cache': False, 'cmake_clean_first': False, 'cmake_force_configure': False, 'cmake_target': None, 'cmake_target_skip_unavailable': False, 'install_base': '/home/a/ws_nhk/install/dynamixel_controller_client', 'merge_install': False, 'path': '/home/a/ws_nhk/src/dynamixel_ros2/dynamixel_controller_client', 'symlink_install': False, 'test_result_base': None}[0m
[0.364s] [34mcolcon.colcon_core.verb[0m [1;30mLevel 5[0m set package 'dynamixel_sdk' build argument 'cmake_args' from command line to 'None'
[0.364s] [34mcolcon.colcon_core.verb[0m [1;30mLevel 5[0m set package 'dynamixel_sdk' build argument 'cmake_target' from command line to 'None'
[0.364s] [34mcolcon.colcon_core.verb[0m [1;30mLevel 5[0m set package 'dynamixel_sdk' build argument 'cmake_target_skip_unavailable' from command line to 'False'
[0.364s] [34mcolcon.colcon_core.verb[0m [1;30mLevel 5[0m set package 'dynamixel_sdk' build argument 'cmake_clean_cache' from command line to 'False'
[0.364s] [34mcolcon.colcon_core.verb[0m [1;30mLevel 5[0m set package 'dynamixel_sdk' build argument 'cmake_clean_first' from command line to 'False'
[0.364s] [34mcolcon.colcon_core.verb[0m [1;30mLevel 5[0m set package 'dynamixel_sdk' build argument 'cmake_force_configure' from command line to 'False'
[0.364s] [34mcolcon.colcon_core.verb[0m [1;30mLevel 5[0m set package 'dynamixel_sdk' build argument 'ament_cmake_args' from command line to 'None'
[0.364s] [34mcolcon.colcon_core.verb[0m [1;30mLevel 5[0m set package 'dynamixel_sdk' build argument 'catkin_cmake_args' from command line to 'None'
[0.364s] [34mcolcon.colcon_core.verb[0m [1;30mLevel 5[0m set package 'dynamixel_sdk' build argument 'catkin_skip_building_tests' from command line to 'False'
[0.364s] [34mcolcon.colcon_core.verb[0m [1;30mDEBUG[0m [32mBuilding package 'dynamixel_sdk' with the following arguments: {'ament_cmake_args': None, 'build_base': '/home/a/ws_nhk/build/dynamixel_sdk', 'catkin_cmake_args': None, 'catkin_skip_building_tests': False, 'cmake_args': None, 'cmake_clean_cache': False, 'cmake_clean_first': False, 'cmake_force_configure': False, 'cmake_target': None, 'cmake_target_skip_unavailable': False, 'install_base': '/home/a/ws_nhk/install/dynamixel_sdk', 'merge_install': False, 'path': '/home/a/ws_nhk/src/dynamixel_ros2/DynamixelSDK/dynamixel_sdk', 'symlink_install': False, 'test_result_base': None}[0m
[0.365s] [34mcolcon.colcon_core.verb[0m [1;30mLevel 5[0m set package 'dynamixel_sdk_custom_interfaces' build argument 'cmake_args' from command line to 'None'
[0.365s] [34mcolcon.colcon_core.verb[0m [1;30mLevel 5[0m set package 'dynamixel_sdk_custom_interfaces' build argument 'cmake_target' from command line to 'None'
[0.365s] [34mcolcon.colcon_core.verb[0m [1;30mLevel 5[0m set package 'dynamixel_sdk_custom_interfaces' build argument 'cmake_target_skip_unavailable' from command line to 'False'
[0.365s] [34mcolcon.colcon_core.verb[0m [1;30mLevel 5[0m set package 'dynamixel_sdk_custom_interfaces' build argument 'cmake_clean_cache' from command line to 'False'
[0.365s] [34mcolcon.colcon_core.verb[0m [1;30mLevel 5[0m set package 'dynamixel_sdk_custom_interfaces' build argument 'cmake_clean_first' from command line to 'False'
[0.365s] [34mcolcon.colcon_core.verb[0m [1;30mLevel 5[0m set package 'dynamixel_sdk_custom_interfaces' build argument 'cmake_force_configure' from command line to 'False'
[0.365s] [34mcolcon.colcon_core.verb[0m [1;30mLevel 5[0m set package 'dynamixel_sdk_custom_interfaces' build argument 'ament_cmake_args' from command line to 'None'
[0.365s] [34mcolcon.colcon_core.verb[0m [1;30mLevel 5[0m set package 'dynamixel_sdk_custom_interfaces' build argument 'catkin_cmake_args' from command line to 'None'
[0.365s] [34mcolcon.colcon_core.verb[0m [1;30mLevel 5[0m set package 'dynamixel_sdk_custom_interfaces' build argument 'catkin_skip_building_tests' from command line to 'False'
[0.365s] [34mcolcon.colcon_core.verb[0m [1;30mDEBUG[0m [32mBuilding package 'dynamixel_sdk_custom_interfaces' with the following arguments: {'ament_cmake_args': None, 'build_base': '/home/a/ws_nhk/build/dynamixel_sdk_custom_interfaces', 'catkin_cmake_args': None, 'catkin_skip_building_tests': False, 'cmake_args': None, 'cmake_clean_cache': False, 'cmake_clean_first': False, 'cmake_force_configure': False, 'cmake_target': None, 'cmake_target_skip_unavailable': False, 'install_base': '/home/a/ws_nhk/install/dynamixel_sdk_custom_interfaces', 'merge_install': False, 'path': '/home/a/ws_nhk/src/dynamixel_ros2/DynamixelSDK/dynamixel_sdk_custom_interfaces', 'symlink_install': False, 'test_result_base': None}[0m
[0.365s] [34mcolcon.colcon_core.verb[0m [1;30mLevel 5[0m set package 'launch_param_builder' build argument 'cmake_args' from command line to 'None'
[0.365s] [34mcolcon.colcon_core.verb[0m [1;30mLevel 5[0m set package 'launch_param_builder' build argument 'cmake_target' from command line to 'None'
[0.365s] [34mcolcon.colcon_core.verb[0m [1;30mLevel 5[0m set package 'launch_param_builder' build argument 'cmake_target_skip_unavailable' from command line to 'False'
[0.365s] [34mcolcon.colcon_core.verb[0m [1;30mLevel 5[0m set package 'launch_param_builder' build argument 'cmake_clean_cache' from command line to 'False'
[0.365s] [34mcolcon.colcon_core.verb[0m [1;30mLevel 5[0m set package 'launch_param_builder' build argument 'cmake_clean_first' from command line to 'False'
[0.365s] [34mcolcon.colcon_core.verb[0m [1;30mLevel 5[0m set package 'launch_param_builder' build argument 'cmake_force_configure' from command line to 'False'
[0.365s] [34mcolcon.colcon_core.verb[0m [1;30mLevel 5[0m set package 'launch_param_builder' build argument 'ament_cmake_args' from command line to 'None'
[0.365s] [34mcolcon.colcon_core.verb[0m [1;30mLevel 5[0m set package 'launch_param_builder' build argument 'catkin_cmake_args' from command line to 'None'
[0.365s] [34mcolcon.colcon_core.verb[0m [1;30mLevel 5[0m set package 'launch_param_builder' build argument 'catkin_skip_building_tests' from command line to 'False'
[0.365s] [34mcolcon.colcon_core.verb[0m [1;30mDEBUG[0m [32mBuilding package 'launch_param_builder' with the following arguments: {'ament_cmake_args': None, 'build_base': '/home/a/ws_nhk/build/launch_param_builder', 'catkin_cmake_args': None, 'catkin_skip_building_tests': False, 'cmake_args': None, 'cmake_clean_cache': False, 'cmake_clean_first': False, 'cmake_force_configure': False, 'cmake_target': None, 'cmake_target_skip_unavailable': False, 'install_base': '/home/a/ws_nhk/install/launch_param_builder', 'merge_install': False, 'path': '/home/a/ws_nhk/src/launch_param_builder', 'symlink_install': False, 'test_result_base': None}[0m
[0.365s] [34mcolcon.colcon_core.verb[0m [1;30mLevel 5[0m set package 'moveit_common' build argument 'cmake_args' from command line to 'None'
[0.365s] [34mcolcon.colcon_core.verb[0m [1;30mLevel 5[0m set package 'moveit_common' build argument 'cmake_target' from command line to 'None'
[0.365s] [34mcolcon.colcon_core.verb[0m [1;30mLevel 5[0m set package 'moveit_common' build argument 'cmake_target_skip_unavailable' from command line to 'False'
[0.365s] [34mcolcon.colcon_core.verb[0m [1;30mLevel 5[0m set package 'moveit_common' build argument 'cmake_clean_cache' from command line to 'False'
[0.365s] [34mcolcon.colcon_core.verb[0m [1;30mLevel 5[0m set package 'moveit_common' build argument 'cmake_clean_first' from command line to 'False'
[0.365s] [34mcolcon.colcon_core.verb[0m [1;30mLevel 5[0m set package 'moveit_common' build argument 'cmake_force_configure' from command line to 'False'
[0.365s] [34mcolcon.colcon_core.verb[0m [1;30mLevel 5[0m set package 'moveit_common' build argument 'ament_cmake_args' from command line to 'None'
[0.365s] [34mcolcon.colcon_core.verb[0m [1;30mLevel 5[0m set package 'moveit_common' build argument 'catkin_cmake_args' from command line to 'None'
[0.365s] [34mcolcon.colcon_core.verb[0m [1;30mLevel 5[0m set package 'moveit_common' build argument 'catkin_skip_building_tests' from command line to 'False'
[0.365s] [34mcolcon.colcon_core.verb[0m [1;30mDEBUG[0m [32mBuilding package 'moveit_common' with the following arguments: {'ament_cmake_args': None, 'build_base': '/home/a/ws_nhk/build/moveit_common', 'catkin_cmake_args': None, 'catkin_skip_building_tests': False, 'cmake_args': None, 'cmake_clean_cache': False, 'cmake_clean_first': False, 'cmake_force_configure': False, 'cmake_target': None, 'cmake_target_skip_unavailable': False, 'install_base': '/home/a/ws_nhk/install/moveit_common', 'merge_install': False, 'path': '/home/a/ws_nhk/src/moveit2/moveit_common', 'symlink_install': False, 'test_result_base': None}[0m
[0.366s] [34mcolcon.colcon_core.verb[0m [1;30mLevel 5[0m set package 'moveit_resources_fanuc_description' build argument 'cmake_args' from command line to 'None'
[0.366s] [34mcolcon.colcon_core.verb[0m [1;30mLevel 5[0m set package 'moveit_resources_fanuc_description' build argument 'cmake_target' from command line to 'None'
[0.366s] [34mcolcon.colcon_core.verb[0m [1;30mLevel 5[0m set package 'moveit_resources_fanuc_description' build argument 'cmake_target_skip_unavailable' from command line to 'False'
[0.366s] [34mcolcon.colcon_core.verb[0m [1;30mLevel 5[0m set package 'moveit_resources_fanuc_description' build argument 'cmake_clean_cache' from command line to 'False'
[0.366s] [34mcolcon.colcon_core.verb[0m [1;30mLevel 5[0m set package 'moveit_resources_fanuc_description' build argument 'cmake_clean_first' from command line to 'False'
[0.366s] [34mcolcon.colcon_core.verb[0m [1;30mLevel 5[0m set package 'moveit_resources_fanuc_description' build argument 'cmake_force_configure' from command line to 'False'
[0.366s] [34mcolcon.colcon_core.verb[0m [1;30mLevel 5[0m set package 'moveit_resources_fanuc_description' build argument 'ament_cmake_args' from command line to 'None'
[0.366s] [34mcolcon.colcon_core.verb[0m [1;30mLevel 5[0m set package 'moveit_resources_fanuc_description' build argument 'catkin_cmake_args' from command line to 'None'
[0.366s] [34mcolcon.colcon_core.verb[0m [1;30mLevel 5[0m set package 'moveit_resources_fanuc_description' build argument 'catkin_skip_building_tests' from command line to 'False'
[0.366s] [34mcolcon.colcon_core.verb[0m [1;30mDEBUG[0m [32mBuilding package 'moveit_resources_fanuc_description' with the following arguments: {'ament_cmake_args': None, 'build_base': '/home/a/ws_nhk/build/moveit_resources_fanuc_description', 'catkin_cmake_args': None, 'catkin_skip_building_tests': False, 'cmake_args': None, 'cmake_clean_cache': False, 'cmake_clean_first': False, 'cmake_force_configure': False, 'cmake_target': None, 'cmake_target_skip_unavailable': False, 'install_base': '/home/a/ws_nhk/install/moveit_resources_fanuc_description', 'merge_install': False, 'path': '/home/a/ws_nhk/src/moveit_resources/fanuc_description', 'symlink_install': False, 'test_result_base': None}[0m
[0.366s] [34mcolcon.colcon_core.verb[0m [1;30mLevel 5[0m set package 'moveit_resources_panda_description' build argument 'cmake_args' from command line to 'None'
[0.366s] [34mcolcon.colcon_core.verb[0m [1;30mLevel 5[0m set package 'moveit_resources_panda_description' build argument 'cmake_target' from command line to 'None'
[0.366s] [34mcolcon.colcon_core.verb[0m [1;30mLevel 5[0m set package 'moveit_resources_panda_description' build argument 'cmake_target_skip_unavailable' from command line to 'False'
[0.366s] [34mcolcon.colcon_core.verb[0m [1;30mLevel 5[0m set package 'moveit_resources_panda_description' build argument 'cmake_clean_cache' from command line to 'False'
[0.366s] [34mcolcon.colcon_core.verb[0m [1;30mLevel 5[0m set package 'moveit_resources_panda_description' build argument 'cmake_clean_first' from command line to 'False'
[0.366s] [34mcolcon.colcon_core.verb[0m [1;30mLevel 5[0m set package 'moveit_resources_panda_description' build argument 'cmake_force_configure' from command line to 'False'
[0.366s] [34mcolcon.colcon_core.verb[0m [1;30mLevel 5[0m set package 'moveit_resources_panda_description' build argument 'ament_cmake_args' from command line to 'None'
[0.366s] [34mcolcon.colcon_core.verb[0m [1;30mLevel 5[0m set package 'moveit_resources_panda_description' build argument 'catkin_cmake_args' from command line to 'None'
[0.366s] [34mcolcon.colcon_core.verb[0m [1;30mLevel 5[0m set package 'moveit_resources_panda_description' build argument 'catkin_skip_building_tests' from command line to 'False'
[0.366s] [34mcolcon.colcon_core.verb[0m [1;30mDEBUG[0m [32mBuilding package 'moveit_resources_panda_description' with the following arguments: {'ament_cmake_args': None, 'build_base': '/home/a/ws_nhk/build/moveit_resources_panda_description', 'catkin_cmake_args': None, 'catkin_skip_building_tests': False, 'cmake_args': None, 'cmake_clean_cache': False, 'cmake_clean_first': False, 'cmake_force_configure': False, 'cmake_target': None, 'cmake_target_skip_unavailable': False, 'install_base': '/home/a/ws_nhk/install/moveit_resources_panda_description', 'merge_install': False, 'path': '/home/a/ws_nhk/src/moveit_resources/panda_description', 'symlink_install': False, 'test_result_base': None}[0m
[0.366s] [34mcolcon.colcon_core.verb[0m [1;30mLevel 5[0m set package 'moveit_resources_pr2_description' build argument 'cmake_args' from command line to 'None'
[0.366s] [34mcolcon.colcon_core.verb[0m [1;30mLevel 5[0m set package 'moveit_resources_pr2_description' build argument 'cmake_target' from command line to 'None'
[0.366s] [34mcolcon.colcon_core.verb[0m [1;30mLevel 5[0m set package 'moveit_resources_pr2_description' build argument 'cmake_target_skip_unavailable' from command line to 'False'
[0.366s] [34mcolcon.colcon_core.verb[0m [1;30mLevel 5[0m set package 'moveit_resources_pr2_description' build argument 'cmake_clean_cache' from command line to 'False'
[0.366s] [34mcolcon.colcon_core.verb[0m [1;30mLevel 5[0m set package 'moveit_resources_pr2_description' build argument 'cmake_clean_first' from command line to 'False'
[0.366s] [34mcolcon.colcon_core.verb[0m [1;30mLevel 5[0m set package 'moveit_resources_pr2_description' build argument 'cmake_force_configure' from command line to 'False'
[0.366s] [34mcolcon.colcon_core.verb[0m [1;30mLevel 5[0m set package 'moveit_resources_pr2_description' build argument 'ament_cmake_args' from command line to 'None'
[0.366s] [34mcolcon.colcon_core.verb[0m [1;30mLevel 5[0m set package 'moveit_resources_pr2_description' build argument 'catkin_cmake_args' from command line to 'None'
[0.366s] [34mcolcon.colcon_core.verb[0m [1;30mLevel 5[0m set package 'moveit_resources_pr2_description' build argument 'catkin_skip_building_tests' from command line to 'False'
[0.366s] [34mcolcon.colcon_core.verb[0m [1;30mDEBUG[0m [32mBuilding package 'moveit_resources_pr2_description' with the following arguments: {'ament_cmake_args': None, 'build_base': '/home/a/ws_nhk/build/moveit_resources_pr2_description', 'catkin_cmake_args': None, 'catkin_skip_building_tests': False, 'cmake_args': None, 'cmake_clean_cache': False, 'cmake_clean_first': False, 'cmake_force_configure': False, 'cmake_target': None, 'cmake_target_skip_unavailable': False, 'install_base': '/home/a/ws_nhk/install/moveit_resources_pr2_description', 'merge_install': False, 'path': '/home/a/ws_nhk/src/moveit_resources/pr2_description', 'symlink_install': False, 'test_result_base': None}[0m
[0.366s] [34mcolcon.colcon_core.verb[0m [1;30mLevel 5[0m set package 'moveit_resources_prbt_support' build argument 'cmake_args' from command line to 'None'
[0.366s] [34mcolcon.colcon_core.verb[0m [1;30mLevel 5[0m set package 'moveit_resources_prbt_support' build argument 'cmake_target' from command line to 'None'
[0.366s] [34mcolcon.colcon_core.verb[0m [1;30mLevel 5[0m set package 'moveit_resources_prbt_support' build argument 'cmake_target_skip_unavailable' from command line to 'False'
[0.366s] [34mcolcon.colcon_core.verb[0m [1;30mLevel 5[0m set package 'moveit_resources_prbt_support' build argument 'cmake_clean_cache' from command line to 'False'
[0.366s] [34mcolcon.colcon_core.verb[0m [1;30mLevel 5[0m set package 'moveit_resources_prbt_support' build argument 'cmake_clean_first' from command line to 'False'
[0.366s] [34mcolcon.colcon_core.verb[0m [1;30mLevel 5[0m set package 'moveit_resources_prbt_support' build argument 'cmake_force_configure' from command line to 'False'
[0.366s] [34mcolcon.colcon_core.verb[0m [1;30mLevel 5[0m set package 'moveit_resources_prbt_support' build argument 'ament_cmake_args' from command line to 'None'
[0.366s] [34mcolcon.colcon_core.verb[0m [1;30mLevel 5[0m set package 'moveit_resources_prbt_support' build argument 'catkin_cmake_args' from command line to 'None'
[0.367s] [34mcolcon.colcon_core.verb[0m [1;30mLevel 5[0m set package 'moveit_resources_prbt_support' build argument 'catkin_skip_building_tests' from command line to 'False'
[0.367s] [34mcolcon.colcon_core.verb[0m [1;30mDEBUG[0m [32mBuilding package 'moveit_resources_prbt_support' with the following arguments: {'ament_cmake_args': None, 'build_base': '/home/a/ws_nhk/build/moveit_resources_prbt_support', 'catkin_cmake_args': None, 'catkin_skip_building_tests': False, 'cmake_args': None, 'cmake_clean_cache': False, 'cmake_clean_first': False, 'cmake_force_configure': False, 'cmake_target': None, 'cmake_target_skip_unavailable': False, 'install_base': '/home/a/ws_nhk/install/moveit_resources_prbt_support', 'merge_install': False, 'path': '/home/a/ws_nhk/src/moveit2/moveit_planners/test_configs/prbt_support', 'symlink_install': False, 'test_result_base': None}[0m
[0.367s] [34mcolcon.colcon_core.verb[0m [1;30mLevel 5[0m set package 'moveit_task_constructor_msgs' build argument 'cmake_args' from command line to 'None'
[0.367s] [34mcolcon.colcon_core.verb[0m [1;30mLevel 5[0m set package 'moveit_task_constructor_msgs' build argument 'cmake_target' from command line to 'None'
[0.367s] [34mcolcon.colcon_core.verb[0m [1;30mLevel 5[0m set package 'moveit_task_constructor_msgs' build argument 'cmake_target_skip_unavailable' from command line to 'False'
[0.367s] [34mcolcon.colcon_core.verb[0m [1;30mLevel 5[0m set package 'moveit_task_constructor_msgs' build argument 'cmake_clean_cache' from command line to 'False'
[0.367s] [34mcolcon.colcon_core.verb[0m [1;30mLevel 5[0m set package 'moveit_task_constructor_msgs' build argument 'cmake_clean_first' from command line to 'False'
[0.367s] [34mcolcon.colcon_core.verb[0m [1;30mLevel 5[0m set package 'moveit_task_constructor_msgs' build argument 'cmake_force_configure' from command line to 'False'
[0.367s] [34mcolcon.colcon_core.verb[0m [1;30mLevel 5[0m set package 'moveit_task_constructor_msgs' build argument 'ament_cmake_args' from command line to 'None'
[0.367s] [34mcolcon.colcon_core.verb[0m [1;30mLevel 5[0m set package 'moveit_task_constructor_msgs' build argument 'catkin_cmake_args' from command line to 'None'
[0.367s] [34mcolcon.colcon_core.verb[0m [1;30mLevel 5[0m set package 'moveit_task_constructor_msgs' build argument 'catkin_skip_building_tests' from command line to 'False'
[0.367s] [34mcolcon.colcon_core.verb[0m [1;30mDEBUG[0m [32mBuilding package 'moveit_task_constructor_msgs' with the following arguments: {'ament_cmake_args': None, 'build_base': '/home/a/ws_nhk/build/moveit_task_constructor_msgs', 'catkin_cmake_args': None, 'catkin_skip_building_tests': False, 'cmake_args': None, 'cmake_clean_cache': False, 'cmake_clean_first': False, 'cmake_force_configure': False, 'cmake_target': None, 'cmake_target_skip_unavailable': False, 'install_base': '/home/a/ws_nhk/install/moveit_task_constructor_msgs', 'merge_install': False, 'path': '/home/a/ws_nhk/src/moveit_task_constructor/msgs', 'symlink_install': False, 'test_result_base': None}[0m
[0.367s] [34mcolcon.colcon_core.verb[0m [1;30mLevel 5[0m set package 'nhk_bt' build argument 'cmake_args' from command line to 'None'
[0.367s] [34mcolcon.colcon_core.verb[0m [1;30mLevel 5[0m set package 'nhk_bt' build argument 'cmake_target' from command line to 'None'
[0.367s] [34mcolcon.colcon_core.verb[0m [1;30mLevel 5[0m set package 'nhk_bt' build argument 'cmake_target_skip_unavailable' from command line to 'False'
[0.367s] [34mcolcon.colcon_core.verb[0m [1;30mLevel 5[0m set package 'nhk_bt' build argument 'cmake_clean_cache' from command line to 'False'
[0.367s] [34mcolcon.colcon_core.verb[0m [1;30mLevel 5[0m set package 'nhk_bt' build argument 'cmake_clean_first' from command line to 'False'
[0.367s] [34mcolcon.colcon_core.verb[0m [1;30mLevel 5[0m set package 'nhk_bt' build argument 'cmake_force_configure' from command line to 'False'
[0.367s] [34mcolcon.colcon_core.verb[0m [1;30mLevel 5[0m set package 'nhk_bt' build argument 'ament_cmake_args' from command line to 'None'
[0.367s] [34mcolcon.colcon_core.verb[0m [1;30mLevel 5[0m set package 'nhk_bt' build argument 'catkin_cmake_args' from command line to 'None'
[0.367s] [34mcolcon.colcon_core.verb[0m [1;30mLevel 5[0m set package 'nhk_bt' build argument 'catkin_skip_building_tests' from command line to 'False'
[0.367s] [34mcolcon.colcon_core.verb[0m [1;30mDEBUG[0m [32mBuilding package 'nhk_bt' with the following arguments: {'ament_cmake_args': None, 'build_base': '/home/a/ws_nhk/build/nhk_bt', 'catkin_cmake_args': None, 'catkin_skip_building_tests': False, 'cmake_args': None, 'cmake_clean_cache': False, 'cmake_clean_first': False, 'cmake_force_configure': False, 'cmake_target': None, 'cmake_target_skip_unavailable': False, 'install_base': '/home/a/ws_nhk/install/nhk_bt', 'merge_install': False, 'path': '/home/a/ws_nhk/src/nhk_bt', 'symlink_install': False, 'test_result_base': None}[0m
[0.367s] [34mcolcon.colcon_core.verb[0m [1;30mLevel 5[0m set package 'rogidrive_msg' build argument 'cmake_args' from command line to 'None'
[0.367s] [34mcolcon.colcon_core.verb[0m [1;30mLevel 5[0m set package 'rogidrive_msg' build argument 'cmake_target' from command line to 'None'
[0.367s] [34mcolcon.colcon_core.verb[0m [1;30mLevel 5[0m set package 'rogidrive_msg' build argument 'cmake_target_skip_unavailable' from command line to 'False'
[0.367s] [34mcolcon.colcon_core.verb[0m [1;30mLevel 5[0m set package 'rogidrive_msg' build argument 'cmake_clean_cache' from command line to 'False'
[0.367s] [34mcolcon.colcon_core.verb[0m [1;30mLevel 5[0m set package 'rogidrive_msg' build argument 'cmake_clean_first' from command line to 'False'
[0.367s] [34mcolcon.colcon_core.verb[0m [1;30mLevel 5[0m set package 'rogidrive_msg' build argument 'cmake_force_configure' from command line to 'False'
[0.367s] [34mcolcon.colcon_core.verb[0m [1;30mLevel 5[0m set package 'rogidrive_msg' build argument 'ament_cmake_args' from command line to 'None'
[0.367s] [34mcolcon.colcon_core.verb[0m [1;30mLevel 5[0m set package 'rogidrive_msg' build argument 'catkin_cmake_args' from command line to 'None'
[0.367s] [34mcolcon.colcon_core.verb[0m [1;30mLevel 5[0m set package 'rogidrive_msg' build argument 'catkin_skip_building_tests' from command line to 'False'
[0.367s] [34mcolcon.colcon_core.verb[0m [1;30mDEBUG[0m [32mBuilding package 'rogidrive_msg' with the following arguments: {'ament_cmake_args': None, 'build_base': '/home/a/ws_nhk/build/rogidrive_msg', 'catkin_cmake_args': None, 'catkin_skip_building_tests': False, 'cmake_args': None, 'cmake_clean_cache': False, 'cmake_clean_first': False, 'cmake_force_configure': False, 'cmake_target': None, 'cmake_target_skip_unavailable': False, 'install_base': '/home/a/ws_nhk/install/rogidrive_msg', 'merge_install': False, 'path': '/home/a/ws_nhk/src/rogidrive/rogidrive_msg', 'symlink_install': False, 'test_result_base': None}[0m
[0.368s] [34mcolcon.colcon_core.verb[0m [1;30mLevel 5[0m set package 'rosparam_shortcuts' build argument 'cmake_args' from command line to 'None'
[0.368s] [34mcolcon.colcon_core.verb[0m [1;30mLevel 5[0m set package 'rosparam_shortcuts' build argument 'cmake_target' from command line to 'None'
[0.368s] [34mcolcon.colcon_core.verb[0m [1;30mLevel 5[0m set package 'rosparam_shortcuts' build argument 'cmake_target_skip_unavailable' from command line to 'False'
[0.368s] [34mcolcon.colcon_core.verb[0m [1;30mLevel 5[0m set package 'rosparam_shortcuts' build argument 'cmake_clean_cache' from command line to 'False'
[0.368s] [34mcolcon.colcon_core.verb[0m [1;30mLevel 5[0m set package 'rosparam_shortcuts' build argument 'cmake_clean_first' from command line to 'False'
[0.368s] [34mcolcon.colcon_core.verb[0m [1;30mLevel 5[0m set package 'rosparam_shortcuts' build argument 'cmake_force_configure' from command line to 'False'
[0.368s] [34mcolcon.colcon_core.verb[0m [1;30mLevel 5[0m set package 'rosparam_shortcuts' build argument 'ament_cmake_args' from command line to 'None'
[0.368s] [34mcolcon.colcon_core.verb[0m [1;30mLevel 5[0m set package 'rosparam_shortcuts' build argument 'catkin_cmake_args' from command line to 'None'
[0.368s] [34mcolcon.colcon_core.verb[0m [1;30mLevel 5[0m set package 'rosparam_shortcuts' build argument 'catkin_skip_building_tests' from command line to 'False'
[0.368s] [34mcolcon.colcon_core.verb[0m [1;30mDEBUG[0m [32mBuilding package 'rosparam_shortcuts' with the following arguments: {'ament_cmake_args': None, 'build_base': '/home/a/ws_nhk/build/rosparam_shortcuts', 'catkin_cmake_args': None, 'catkin_skip_building_tests': False, 'cmake_args': None, 'cmake_clean_cache': False, 'cmake_clean_first': False, 'cmake_force_configure': False, 'cmake_target': None, 'cmake_target_skip_unavailable': False, 'install_base': '/home/a/ws_nhk/install/rosparam_shortcuts', 'merge_install': False, 'path': '/home/a/ws_nhk/src/rosparam_shortcuts', 'symlink_install': False, 'test_result_base': None}[0m
[0.368s] [34mcolcon.colcon_core.verb[0m [1;30mLevel 5[0m set package 'srdfdom' build argument 'cmake_args' from command line to 'None'
[0.368s] [34mcolcon.colcon_core.verb[0m [1;30mLevel 5[0m set package 'srdfdom' build argument 'cmake_target' from command line to 'None'
[0.368s] [34mcolcon.colcon_core.verb[0m [1;30mLevel 5[0m set package 'srdfdom' build argument 'cmake_target_skip_unavailable' from command line to 'False'
[0.368s] [34mcolcon.colcon_core.verb[0m [1;30mLevel 5[0m set package 'srdfdom' build argument 'cmake_clean_cache' from command line to 'False'
[0.368s] [34mcolcon.colcon_core.verb[0m [1;30mLevel 5[0m set package 'srdfdom' build argument 'cmake_clean_first' from command line to 'False'
[0.368s] [34mcolcon.colcon_core.verb[0m [1;30mLevel 5[0m set package 'srdfdom' build argument 'cmake_force_configure' from command line to 'False'
[0.368s] [34mcolcon.colcon_core.verb[0m [1;30mLevel 5[0m set package 'srdfdom' build argument 'ament_cmake_args' from command line to 'None'
[0.368s] [34mcolcon.colcon_core.verb[0m [1;30mLevel 5[0m set package 'srdfdom' build argument 'catkin_cmake_args' from command line to 'None'
[0.368s] [34mcolcon.colcon_core.verb[0m [1;30mLevel 5[0m set package 'srdfdom' build argument 'catkin_skip_building_tests' from command line to 'False'
[0.368s] [34mcolcon.colcon_core.verb[0m [1;30mDEBUG[0m [32mBuilding package 'srdfdom' with the following arguments: {'ament_cmake_args': None, 'build_base': '/home/a/ws_nhk/build/srdfdom', 'catkin_cmake_args': None, 'catkin_skip_building_tests': False, 'cmake_args': None, 'cmake_clean_cache': False, 'cmake_clean_first': False, 'cmake_force_configure': False, 'cmake_target': None, 'cmake_target_skip_unavailable': False, 'install_base': '/home/a/ws_nhk/install/srdfdom', 'merge_install': False, 'path': '/home/a/ws_nhk/src/srdfdom', 'symlink_install': False, 'test_result_base': None}[0m
[0.368s] [34mcolcon.colcon_core.verb[0m [1;30mLevel 5[0m set package 'stm32_mavlink_msgs' build argument 'cmake_args' from command line to 'None'
[0.368s] [34mcolcon.colcon_core.verb[0m [1;30mLevel 5[0m set package 'stm32_mavlink_msgs' build argument 'cmake_target' from command line to 'None'
[0.368s] [34mcolcon.colcon_core.verb[0m [1;30mLevel 5[0m set package 'stm32_mavlink_msgs' build argument 'cmake_target_skip_unavailable' from command line to 'False'
[0.368s] [34mcolcon.colcon_core.verb[0m [1;30mLevel 5[0m set package 'stm32_mavlink_msgs' build argument 'cmake_clean_cache' from command line to 'False'
[0.368s] [34mcolcon.colcon_core.verb[0m [1;30mLevel 5[0m set package 'stm32_mavlink_msgs' build argument 'cmake_clean_first' from command line to 'False'
[0.368s] [34mcolcon.colcon_core.verb[0m [1;30mLevel 5[0m set package 'stm32_mavlink_msgs' build argument 'cmake_force_configure' from command line to 'False'
[0.368s] [34mcolcon.colcon_core.verb[0m [1;30mLevel 5[0m set package 'stm32_mavlink_msgs' build argument 'ament_cmake_args' from command line to 'None'
[0.368s] [34mcolcon.colcon_core.verb[0m [1;30mLevel 5[0m set package 'stm32_mavlink_msgs' build argument 'catkin_cmake_args' from command line to 'None'
[0.368s] [34mcolcon.colcon_core.verb[0m [1;30mLevel 5[0m set package 'stm32_mavlink_msgs' build argument 'catkin_skip_building_tests' from command line to 'False'
[0.368s] [34mcolcon.colcon_core.verb[0m [1;30mDEBUG[0m [32mBuilding package 'stm32_mavlink_msgs' with the following arguments: {'ament_cmake_args': None, 'build_base': '/home/a/ws_nhk/build/stm32_mavlink_msgs', 'catkin_cmake_args': None, 'catkin_skip_building_tests': False, 'cmake_args': None, 'cmake_clean_cache': False, 'cmake_clean_first': False, 'cmake_force_configure': False, 'cmake_target': None, 'cmake_target_skip_unavailable': False, 'install_base': '/home/a/ws_nhk/install/stm32_mavlink_msgs', 'merge_install': False, 'path': '/home/a/ws_nhk/src/MAVLink_ros2/stm32_mavlink_msgs', 'symlink_install': False, 'test_result_base': None}[0m
[0.368s] [34mcolcon.colcon_core.verb[0m [1;30mLevel 5[0m set package 'trac_ik_lib' build argument 'cmake_args' from command line to 'None'
[0.368s] [34mcolcon.colcon_core.verb[0m [1;30mLevel 5[0m set package 'trac_ik_lib' build argument 'cmake_target' from command line to 'None'
[0.368s] [34mcolcon.colcon_core.verb[0m [1;30mLevel 5[0m set package 'trac_ik_lib' build argument 'cmake_target_skip_unavailable' from command line to 'False'
[0.368s] [34mcolcon.colcon_core.verb[0m [1;30mLevel 5[0m set package 'trac_ik_lib' build argument 'cmake_clean_cache' from command line to 'False'
[0.369s] [34mcolcon.colcon_core.verb[0m [1;30mLevel 5[0m set package 'trac_ik_lib' build argument 'cmake_clean_first' from command line to 'False'
[0.369s] [34mcolcon.colcon_core.verb[0m [1;30mLevel 5[0m set package 'trac_ik_lib' build argument 'cmake_force_configure' from command line to 'False'
[0.369s] [34mcolcon.colcon_core.verb[0m [1;30mLevel 5[0m set package 'trac_ik_lib' build argument 'ament_cmake_args' from command line to 'None'
[0.369s] [34mcolcon.colcon_core.verb[0m [1;30mLevel 5[0m set package 'trac_ik_lib' build argument 'catkin_cmake_args' from command line to 'None'
[0.369s] [34mcolcon.colcon_core.verb[0m [1;30mLevel 5[0m set package 'trac_ik_lib' build argument 'catkin_skip_building_tests' from command line to 'False'
[0.369s] [34mcolcon.colcon_core.verb[0m [1;30mDEBUG[0m [32mBuilding package 'trac_ik_lib' with the following arguments: {'ament_cmake_args': None, 'build_base': '/home/a/ws_nhk/build/trac_ik_lib', 'catkin_cmake_args': None, 'catkin_skip_building_tests': False, 'cmake_args': None, 'cmake_clean_cache': False, 'cmake_clean_first': False, 'cmake_force_configure': False, 'cmake_target': None, 'cmake_target_skip_unavailable': False, 'install_base': '/home/a/ws_nhk/install/trac_ik_lib', 'merge_install': False, 'path': '/home/a/ws_nhk/src/trac_ik/trac_ik_lib', 'symlink_install': False, 'test_result_base': None}[0m
[0.369s] [34mcolcon.colcon_core.verb[0m [1;30mLevel 5[0m set package 'dynamixel_controller' build argument 'cmake_args' from command line to 'None'
[0.369s] [34mcolcon.colcon_core.verb[0m [1;30mLevel 5[0m set package 'dynamixel_controller' build argument 'cmake_target' from command line to 'None'
[0.369s] [34mcolcon.colcon_core.verb[0m [1;30mLevel 5[0m set package 'dynamixel_controller' build argument 'cmake_target_skip_unavailable' from command line to 'False'
[0.369s] [34mcolcon.colcon_core.verb[0m [1;30mLevel 5[0m set package 'dynamixel_controller' build argument 'cmake_clean_cache' from command line to 'False'
[0.369s] [34mcolcon.colcon_core.verb[0m [1;30mLevel 5[0m set package 'dynamixel_controller' build argument 'cmake_clean_first' from command line to 'False'
[0.369s] [34mcolcon.colcon_core.verb[0m [1;30mLevel 5[0m set package 'dynamixel_controller' build argument 'cmake_force_configure' from command line to 'False'
[0.369s] [34mcolcon.colcon_core.verb[0m [1;30mLevel 5[0m set package 'dynamixel_controller' build argument 'ament_cmake_args' from command line to 'None'
[0.369s] [34mcolcon.colcon_core.verb[0m [1;30mLevel 5[0m set package 'dynamixel_controller' build argument 'catkin_cmake_args' from command line to 'None'
[0.369s] [34mcolcon.colcon_core.verb[0m [1;30mLevel 5[0m set package 'dynamixel_controller' build argument 'catkin_skip_building_tests' from command line to 'False'
[0.369s] [34mcolcon.colcon_core.verb[0m [1;30mDEBUG[0m [32mBuilding package 'dynamixel_controller' with the following arguments: {'ament_cmake_args': None, 'build_base': '/home/a/ws_nhk/build/dynamixel_controller', 'catkin_cmake_args': None, 'catkin_skip_building_tests': False, 'cmake_args': None, 'cmake_clean_cache': False, 'cmake_clean_first': False, 'cmake_force_configure': False, 'cmake_target': None, 'cmake_target_skip_unavailable': False, 'install_base': '/home/a/ws_nhk/install/dynamixel_controller', 'merge_install': False, 'path': '/home/a/ws_nhk/src/dynamixel_ros2/dynamixel_controller', 'symlink_install': False, 'test_result_base': None}[0m
[0.369s] [34mcolcon.colcon_core.verb[0m [1;30mLevel 5[0m set package 'dynamixel_sdk_examples' build argument 'cmake_args' from command line to 'None'
[0.369s] [34mcolcon.colcon_core.verb[0m [1;30mLevel 5[0m set package 'dynamixel_sdk_examples' build argument 'cmake_target' from command line to 'None'
[0.369s] [34mcolcon.colcon_core.verb[0m [1;30mLevel 5[0m set package 'dynamixel_sdk_examples' build argument 'cmake_target_skip_unavailable' from command line to 'False'
[0.369s] [34mcolcon.colcon_core.verb[0m [1;30mLevel 5[0m set package 'dynamixel_sdk_examples' build argument 'cmake_clean_cache' from command line to 'False'
[0.369s] [34mcolcon.colcon_core.verb[0m [1;30mLevel 5[0m set package 'dynamixel_sdk_examples' build argument 'cmake_clean_first' from command line to 'False'
[0.369s] [34mcolcon.colcon_core.verb[0m [1;30mLevel 5[0m set package 'dynamixel_sdk_examples' build argument 'cmake_force_configure' from command line to 'False'
[0.369s] [34mcolcon.colcon_core.verb[0m [1;30mLevel 5[0m set package 'dynamixel_sdk_examples' build argument 'ament_cmake_args' from command line to 'None'
[0.369s] [34mcolcon.colcon_core.verb[0m [1;30mLevel 5[0m set package 'dynamixel_sdk_examples' build argument 'catkin_cmake_args' from command line to 'None'
[0.369s] [34mcolcon.colcon_core.verb[0m [1;30mLevel 5[0m set package 'dynamixel_sdk_examples' build argument 'catkin_skip_building_tests' from command line to 'False'
[0.369s] [34mcolcon.colcon_core.verb[0m [1;30mDEBUG[0m [32mBuilding package 'dynamixel_sdk_examples' with the following arguments: {'ament_cmake_args': None, 'build_base': '/home/a/ws_nhk/build/dynamixel_sdk_examples', 'catkin_cmake_args': None, 'catkin_skip_building_tests': False, 'cmake_args': None, 'cmake_clean_cache': False, 'cmake_clean_first': False, 'cmake_force_configure': False, 'cmake_target': None, 'cmake_target_skip_unavailable': False, 'install_base': '/home/a/ws_nhk/install/dynamixel_sdk_examples', 'merge_install': False, 'path': '/home/a/ws_nhk/src/dynamixel_ros2/DynamixelSDK/dynamixel_sdk_examples', 'symlink_install': False, 'test_result_base': None}[0m
[0.369s] [34mcolcon.colcon_core.verb[0m [1;30mLevel 5[0m set package 'moveit_configs_utils' build argument 'cmake_args' from command line to 'None'
[0.369s] [34mcolcon.colcon_core.verb[0m [1;30mLevel 5[0m set package 'moveit_configs_utils' build argument 'cmake_target' from command line to 'None'
[0.369s] [34mcolcon.colcon_core.verb[0m [1;30mLevel 5[0m set package 'moveit_configs_utils' build argument 'cmake_target_skip_unavailable' from command line to 'False'
[0.369s] [34mcolcon.colcon_core.verb[0m [1;30mLevel 5[0m set package 'moveit_configs_utils' build argument 'cmake_clean_cache' from command line to 'False'
[0.369s] [34mcolcon.colcon_core.verb[0m [1;30mLevel 5[0m set package 'moveit_configs_utils' build argument 'cmake_clean_first' from command line to 'False'
[0.369s] [34mcolcon.colcon_core.verb[0m [1;30mLevel 5[0m set package 'moveit_configs_utils' build argument 'cmake_force_configure' from command line to 'False'
[0.369s] [34mcolcon.colcon_core.verb[0m [1;30mLevel 5[0m set package 'moveit_configs_utils' build argument 'ament_cmake_args' from command line to 'None'
[0.369s] [34mcolcon.colcon_core.verb[0m [1;30mLevel 5[0m set package 'moveit_configs_utils' build argument 'catkin_cmake_args' from command line to 'None'
[0.369s] [34mcolcon.colcon_core.verb[0m [1;30mLevel 5[0m set package 'moveit_configs_utils' build argument 'catkin_skip_building_tests' from command line to 'False'
[0.369s] [34mcolcon.colcon_core.verb[0m [1;30mDEBUG[0m [32mBuilding package 'moveit_configs_utils' with the following arguments: {'ament_cmake_args': None, 'build_base': '/home/a/ws_nhk/build/moveit_configs_utils', 'catkin_cmake_args': None, 'catkin_skip_building_tests': False, 'cmake_args': None, 'cmake_clean_cache': False, 'cmake_clean_first': False, 'cmake_force_configure': False, 'cmake_target': None, 'cmake_target_skip_unavailable': False, 'install_base': '/home/a/ws_nhk/install/moveit_configs_utils', 'merge_install': False, 'path': '/home/a/ws_nhk/src/moveit2/moveit_configs_utils', 'symlink_install': False, 'test_result_base': None}[0m
[0.370s] [34mcolcon.colcon_core.verb[0m [1;30mLevel 5[0m set package 'moveit_resources_fanuc_moveit_config' build argument 'cmake_args' from command line to 'None'
[0.370s] [34mcolcon.colcon_core.verb[0m [1;30mLevel 5[0m set package 'moveit_resources_fanuc_moveit_config' build argument 'cmake_target' from command line to 'None'
[0.370s] [34mcolcon.colcon_core.verb[0m [1;30mLevel 5[0m set package 'moveit_resources_fanuc_moveit_config' build argument 'cmake_target_skip_unavailable' from command line to 'False'
[0.370s] [34mcolcon.colcon_core.verb[0m [1;30mLevel 5[0m set package 'moveit_resources_fanuc_moveit_config' build argument 'cmake_clean_cache' from command line to 'False'
[0.370s] [34mcolcon.colcon_core.verb[0m [1;30mLevel 5[0m set package 'moveit_resources_fanuc_moveit_config' build argument 'cmake_clean_first' from command line to 'False'
[0.370s] [34mcolcon.colcon_core.verb[0m [1;30mLevel 5[0m set package 'moveit_resources_fanuc_moveit_config' build argument 'cmake_force_configure' from command line to 'False'
[0.370s] [34mcolcon.colcon_core.verb[0m [1;30mLevel 5[0m set package 'moveit_resources_fanuc_moveit_config' build argument 'ament_cmake_args' from command line to 'None'
[0.370s] [34mcolcon.colcon_core.verb[0m [1;30mLevel 5[0m set package 'moveit_resources_fanuc_moveit_config' build argument 'catkin_cmake_args' from command line to 'None'
[0.370s] [34mcolcon.colcon_core.verb[0m [1;30mLevel 5[0m set package 'moveit_resources_fanuc_moveit_config' build argument 'catkin_skip_building_tests' from command line to 'False'
[0.370s] [34mcolcon.colcon_core.verb[0m [1;30mDEBUG[0m [32mBuilding package 'moveit_resources_fanuc_moveit_config' with the following arguments: {'ament_cmake_args': None, 'build_base': '/home/a/ws_nhk/build/moveit_resources_fanuc_moveit_config', 'catkin_cmake_args': None, 'catkin_skip_building_tests': False, 'cmake_args': None, 'cmake_clean_cache': False, 'cmake_clean_first': False, 'cmake_force_configure': False, 'cmake_target': None, 'cmake_target_skip_unavailable': False, 'install_base': '/home/a/ws_nhk/install/moveit_resources_fanuc_moveit_config', 'merge_install': False, 'path': '/home/a/ws_nhk/src/moveit_resources/fanuc_moveit_config', 'symlink_install': False, 'test_result_base': None}[0m
[0.370s] [34mcolcon.colcon_core.verb[0m [1;30mLevel 5[0m set package 'moveit_resources_panda_moveit_config' build argument 'cmake_args' from command line to 'None'
[0.370s] [34mcolcon.colcon_core.verb[0m [1;30mLevel 5[0m set package 'moveit_resources_panda_moveit_config' build argument 'cmake_target' from command line to 'None'
[0.370s] [34mcolcon.colcon_core.verb[0m [1;30mLevel 5[0m set package 'moveit_resources_panda_moveit_config' build argument 'cmake_target_skip_unavailable' from command line to 'False'
[0.370s] [34mcolcon.colcon_core.verb[0m [1;30mLevel 5[0m set package 'moveit_resources_panda_moveit_config' build argument 'cmake_clean_cache' from command line to 'False'
[0.370s] [34mcolcon.colcon_core.verb[0m [1;30mLevel 5[0m set package 'moveit_resources_panda_moveit_config' build argument 'cmake_clean_first' from command line to 'False'
[0.370s] [34mcolcon.colcon_core.verb[0m [1;30mLevel 5[0m set package 'moveit_resources_panda_moveit_config' build argument 'cmake_force_configure' from command line to 'False'
[0.370s] [34mcolcon.colcon_core.verb[0m [1;30mLevel 5[0m set package 'moveit_resources_panda_moveit_config' build argument 'ament_cmake_args' from command line to 'None'
[0.370s] [34mcolcon.colcon_core.verb[0m [1;30mLevel 5[0m set package 'moveit_resources_panda_moveit_config' build argument 'catkin_cmake_args' from command line to 'None'
[0.370s] [34mcolcon.colcon_core.verb[0m [1;30mLevel 5[0m set package 'moveit_resources_panda_moveit_config' build argument 'catkin_skip_building_tests' from command line to 'False'
[0.370s] [34mcolcon.colcon_core.verb[0m [1;30mDEBUG[0m [32mBuilding package 'moveit_resources_panda_moveit_config' with the following arguments: {'ament_cmake_args': None, 'build_base': '/home/a/ws_nhk/build/moveit_resources_panda_moveit_config', 'catkin_cmake_args': None, 'catkin_skip_building_tests': False, 'cmake_args': None, 'cmake_clean_cache': False, 'cmake_clean_first': False, 'cmake_force_configure': False, 'cmake_target': None, 'cmake_target_skip_unavailable': False, 'install_base': '/home/a/ws_nhk/install/moveit_resources_panda_moveit_config', 'merge_install': False, 'path': '/home/a/ws_nhk/src/moveit_resources/panda_moveit_config', 'symlink_install': False, 'test_result_base': None}[0m
[0.370s] [34mcolcon.colcon_core.verb[0m [1;30mLevel 5[0m set package 'r2_odrive' build argument 'cmake_args' from command line to 'None'
[0.370s] [34mcolcon.colcon_core.verb[0m [1;30mLevel 5[0m set package 'r2_odrive' build argument 'cmake_target' from command line to 'None'
[0.370s] [34mcolcon.colcon_core.verb[0m [1;30mLevel 5[0m set package 'r2_odrive' build argument 'cmake_target_skip_unavailable' from command line to 'False'
[0.370s] [34mcolcon.colcon_core.verb[0m [1;30mLevel 5[0m set package 'r2_odrive' build argument 'cmake_clean_cache' from command line to 'False'
[0.370s] [34mcolcon.colcon_core.verb[0m [1;30mLevel 5[0m set package 'r2_odrive' build argument 'cmake_clean_first' from command line to 'False'
[0.370s] [34mcolcon.colcon_core.verb[0m [1;30mLevel 5[0m set package 'r2_odrive' build argument 'cmake_force_configure' from command line to 'False'
[0.370s] [34mcolcon.colcon_core.verb[0m [1;30mLevel 5[0m set package 'r2_odrive' build argument 'ament_cmake_args' from command line to 'None'
[0.370s] [34mcolcon.colcon_core.verb[0m [1;30mLevel 5[0m set package 'r2_odrive' build argument 'catkin_cmake_args' from command line to 'None'
[0.370s] [34mcolcon.colcon_core.verb[0m [1;30mLevel 5[0m set package 'r2_odrive' build argument 'catkin_skip_building_tests' from command line to 'False'
[0.370s] [34mcolcon.colcon_core.verb[0m [1;30mDEBUG[0m [32mBuilding package 'r2_odrive' with the following arguments: {'ament_cmake_args': None, 'build_base': '/home/a/ws_nhk/build/r2_odrive', 'catkin_cmake_args': None, 'catkin_skip_building_tests': False, 'cmake_args': None, 'cmake_clean_cache': False, 'cmake_clean_first': False, 'cmake_force_configure': False, 'cmake_target': None, 'cmake_target_skip_unavailable': False, 'install_base': '/home/a/ws_nhk/install/r2_odrive', 'merge_install': False, 'path': '/home/a/ws_nhk/src/r2_odrive', 'symlink_install': False, 'test_result_base': None}[0m
[0.371s] [34mcolcon.colcon_core.verb[0m [1;30mLevel 5[0m set package 'rogidrive' build argument 'cmake_args' from command line to 'None'
[0.371s] [34mcolcon.colcon_core.verb[0m [1;30mLevel 5[0m set package 'rogidrive' build argument 'cmake_target' from command line to 'None'
[0.371s] [34mcolcon.colcon_core.verb[0m [1;30mLevel 5[0m set package 'rogidrive' build argument 'cmake_target_skip_unavailable' from command line to 'False'
[0.371s] [34mcolcon.colcon_core.verb[0m [1;30mLevel 5[0m set package 'rogidrive' build argument 'cmake_clean_cache' from command line to 'False'
[0.371s] [34mcolcon.colcon_core.verb[0m [1;30mLevel 5[0m set package 'rogidrive' build argument 'cmake_clean_first' from command line to 'False'
[0.371s] [34mcolcon.colcon_core.verb[0m [1;30mLevel 5[0m set package 'rogidrive' build argument 'cmake_force_configure' from command line to 'False'
[0.371s] [34mcolcon.colcon_core.verb[0m [1;30mLevel 5[0m set package 'rogidrive' build argument 'ament_cmake_args' from command line to 'None'
[0.371s] [34mcolcon.colcon_core.verb[0m [1;30mLevel 5[0m set package 'rogidrive' build argument 'catkin_cmake_args' from command line to 'None'
[0.371s] [34mcolcon.colcon_core.verb[0m [1;30mLevel 5[0m set package 'rogidrive' build argument 'catkin_skip_building_tests' from command line to 'False'
[0.371s] [34mcolcon.colcon_core.verb[0m [1;30mDEBUG[0m [32mBuilding package 'rogidrive' with the following arguments: {'ament_cmake_args': None, 'build_base': '/home/a/ws_nhk/build/rogidrive', 'catkin_cmake_args': None, 'catkin_skip_building_tests': False, 'cmake_args': None, 'cmake_clean_cache': False, 'cmake_clean_first': False, 'cmake_force_configure': False, 'cmake_target': None, 'cmake_target_skip_unavailable': False, 'install_base': '/home/a/ws_nhk/install/rogidrive', 'merge_install': False, 'path': '/home/a/ws_nhk/src/rogidrive/rogidrive', 'symlink_install': False, 'test_result_base': None}[0m
[0.371s] [34mcolcon.colcon_core.verb[0m [1;30mLevel 5[0m set package 'rs485_interface2' build argument 'cmake_args' from command line to 'None'
[0.371s] [34mcolcon.colcon_core.verb[0m [1;30mLevel 5[0m set package 'rs485_interface2' build argument 'cmake_target' from command line to 'None'
[0.371s] [34mcolcon.colcon_core.verb[0m [1;30mLevel 5[0m set package 'rs485_interface2' build argument 'cmake_target_skip_unavailable' from command line to 'False'
[0.371s] [34mcolcon.colcon_core.verb[0m [1;30mLevel 5[0m set package 'rs485_interface2' build argument 'cmake_clean_cache' from command line to 'False'
[0.371s] [34mcolcon.colcon_core.verb[0m [1;30mLevel 5[0m set package 'rs485_interface2' build argument 'cmake_clean_first' from command line to 'False'
[0.371s] [34mcolcon.colcon_core.verb[0m [1;30mLevel 5[0m set package 'rs485_interface2' build argument 'cmake_force_configure' from command line to 'False'
[0.371s] [34mcolcon.colcon_core.verb[0m [1;30mLevel 5[0m set package 'rs485_interface2' build argument 'ament_cmake_args' from command line to 'None'
[0.371s] [34mcolcon.colcon_core.verb[0m [1;30mLevel 5[0m set package 'rs485_interface2' build argument 'catkin_cmake_args' from command line to 'None'
[0.371s] [34mcolcon.colcon_core.verb[0m [1;30mLevel 5[0m set package 'rs485_interface2' build argument 'catkin_skip_building_tests' from command line to 'False'
[0.371s] [34mcolcon.colcon_core.verb[0m [1;30mDEBUG[0m [32mBuilding package 'rs485_interface2' with the following arguments: {'ament_cmake_args': None, 'build_base': '/home/a/ws_nhk/build/rs485_interface2', 'catkin_cmake_args': None, 'catkin_skip_building_tests': False, 'cmake_args': None, 'cmake_clean_cache': False, 'cmake_clean_first': False, 'cmake_force_configure': False, 'cmake_target': None, 'cmake_target_skip_unavailable': False, 'install_base': '/home/a/ws_nhk/install/rs485_interface2', 'merge_install': False, 'path': '/home/a/ws_nhk/src/MAVLink_ros2/rs485_interface2', 'symlink_install': False, 'test_result_base': None}[0m
[0.371s] [34mcolcon.colcon_core.verb[0m [1;30mLevel 5[0m set package 'rs485_motor_interface' build argument 'cmake_args' from command line to 'None'
[0.371s] [34mcolcon.colcon_core.verb[0m [1;30mLevel 5[0m set package 'rs485_motor_interface' build argument 'cmake_target' from command line to 'None'
[0.371s] [34mcolcon.colcon_core.verb[0m [1;30mLevel 5[0m set package 'rs485_motor_interface' build argument 'cmake_target_skip_unavailable' from command line to 'False'
[0.371s] [34mcolcon.colcon_core.verb[0m [1;30mLevel 5[0m set package 'rs485_motor_interface' build argument 'cmake_clean_cache' from command line to 'False'
[0.371s] [34mcolcon.colcon_core.verb[0m [1;30mLevel 5[0m set package 'rs485_motor_interface' build argument 'cmake_clean_first' from command line to 'False'
[0.371s] [34mcolcon.colcon_core.verb[0m [1;30mLevel 5[0m set package 'rs485_motor_interface' build argument 'cmake_force_configure' from command line to 'False'
[0.371s] [34mcolcon.colcon_core.verb[0m [1;30mLevel 5[0m set package 'rs485_motor_interface' build argument 'ament_cmake_args' from command line to 'None'
[0.371s] [34mcolcon.colcon_core.verb[0m [1;30mLevel 5[0m set package 'rs485_motor_interface' build argument 'catkin_cmake_args' from command line to 'None'
[0.371s] [34mcolcon.colcon_core.verb[0m [1;30mLevel 5[0m set package 'rs485_motor_interface' build argument 'catkin_skip_building_tests' from command line to 'False'
[0.371s] [34mcolcon.colcon_core.verb[0m [1;30mDEBUG[0m [32mBuilding package 'rs485_motor_interface' with the following arguments: {'ament_cmake_args': None, 'build_base': '/home/a/ws_nhk/build/rs485_motor_interface', 'catkin_cmake_args': None, 'catkin_skip_building_tests': False, 'cmake_args': None, 'cmake_clean_cache': False, 'cmake_clean_first': False, 'cmake_force_configure': False, 'cmake_target': None, 'cmake_target_skip_unavailable': False, 'install_base': '/home/a/ws_nhk/install/rs485_motor_interface', 'merge_install': False, 'path': '/home/a/ws_nhk/src/MAVLink_ros2/rs485_motor_interface', 'symlink_install': False, 'test_result_base': None}[0m
[0.371s] [34mcolcon.colcon_core.verb[0m [1;30mLevel 5[0m set package 'rviz_marker_tools' build argument 'cmake_args' from command line to 'None'
[0.371s] [34mcolcon.colcon_core.verb[0m [1;30mLevel 5[0m set package 'rviz_marker_tools' build argument 'cmake_target' from command line to 'None'
[0.371s] [34mcolcon.colcon_core.verb[0m [1;30mLevel 5[0m set package 'rviz_marker_tools' build argument 'cmake_target_skip_unavailable' from command line to 'False'
[0.371s] [34mcolcon.colcon_core.verb[0m [1;30mLevel 5[0m set package 'rviz_marker_tools' build argument 'cmake_clean_cache' from command line to 'False'
[0.371s] [34mcolcon.colcon_core.verb[0m [1;30mLevel 5[0m set package 'rviz_marker_tools' build argument 'cmake_clean_first' from command line to 'False'
[0.371s] [34mcolcon.colcon_core.verb[0m [1;30mLevel 5[0m set package 'rviz_marker_tools' build argument 'cmake_force_configure' from command line to 'False'
[0.372s] [34mcolcon.colcon_core.verb[0m [1;30mLevel 5[0m set package 'rviz_marker_tools' build argument 'ament_cmake_args' from command line to 'None'
[0.372s] [34mcolcon.colcon_core.verb[0m [1;30mLevel 5[0m set package 'rviz_marker_tools' build argument 'catkin_cmake_args' from command line to 'None'
[0.372s] [34mcolcon.colcon_core.verb[0m [1;30mLevel 5[0m set package 'rviz_marker_tools' build argument 'catkin_skip_building_tests' from command line to 'False'
[0.372s] [34mcolcon.colcon_core.verb[0m [1;30mDEBUG[0m [32mBuilding package 'rviz_marker_tools' with the following arguments: {'ament_cmake_args': None, 'build_base': '/home/a/ws_nhk/build/rviz_marker_tools', 'catkin_cmake_args': None, 'catkin_skip_building_tests': False, 'cmake_args': None, 'cmake_clean_cache': False, 'cmake_clean_first': False, 'cmake_force_configure': False, 'cmake_target': None, 'cmake_target_skip_unavailable': False, 'install_base': '/home/a/ws_nhk/install/rviz_marker_tools', 'merge_install': False, 'path': '/home/a/ws_nhk/src/moveit_task_constructor/rviz_marker_tools', 'symlink_install': False, 'test_result_base': None}[0m
[0.372s] [34mcolcon.colcon_core.verb[0m [1;30mLevel 5[0m set package 'stm32_mavlink_uart' build argument 'cmake_args' from command line to 'None'
[0.372s] [34mcolcon.colcon_core.verb[0m [1;30mLevel 5[0m set package 'stm32_mavlink_uart' build argument 'cmake_target' from command line to 'None'
[0.372s] [34mcolcon.colcon_core.verb[0m [1;30mLevel 5[0m set package 'stm32_mavlink_uart' build argument 'cmake_target_skip_unavailable' from command line to 'False'
[0.372s] [34mcolcon.colcon_core.verb[0m [1;30mLevel 5[0m set package 'stm32_mavlink_uart' build argument 'cmake_clean_cache' from command line to 'False'
[0.372s] [34mcolcon.colcon_core.verb[0m [1;30mLevel 5[0m set package 'stm32_mavlink_uart' build argument 'cmake_clean_first' from command line to 'False'
[0.372s] [34mcolcon.colcon_core.verb[0m [1;30mLevel 5[0m set package 'stm32_mavlink_uart' build argument 'cmake_force_configure' from command line to 'False'
[0.372s] [34mcolcon.colcon_core.verb[0m [1;30mLevel 5[0m set package 'stm32_mavlink_uart' build argument 'ament_cmake_args' from command line to 'None'
[0.372s] [34mcolcon.colcon_core.verb[0m [1;30mLevel 5[0m set package 'stm32_mavlink_uart' build argument 'catkin_cmake_args' from command line to 'None'
[0.372s] [34mcolcon.colcon_core.verb[0m [1;30mLevel 5[0m set package 'stm32_mavlink_uart' build argument 'catkin_skip_building_tests' from command line to 'False'
[0.372s] [34mcolcon.colcon_core.verb[0m [1;30mDEBUG[0m [32mBuilding package 'stm32_mavlink_uart' with the following arguments: {'ament_cmake_args': None, 'build_base': '/home/a/ws_nhk/build/stm32_mavlink_uart', 'catkin_cmake_args': None, 'catkin_skip_building_tests': False, 'cmake_args': None, 'cmake_clean_cache': False, 'cmake_clean_first': False, 'cmake_force_configure': False, 'cmake_target': None, 'cmake_target_skip_unavailable': False, 'install_base': '/home/a/ws_nhk/install/stm32_mavlink_uart', 'merge_install': False, 'path': '/home/a/ws_nhk/src/MAVLink_ros2/stm32_mavlink_uart', 'symlink_install': False, 'test_result_base': None}[0m
[0.372s] [34mcolcon.colcon_core.verb[0m [1;30mLevel 5[0m set package 'stm32_mavlink_udp' build argument 'cmake_args' from command line to 'None'
[0.372s] [34mcolcon.colcon_core.verb[0m [1;30mLevel 5[0m set package 'stm32_mavlink_udp' build argument 'cmake_target' from command line to 'None'
[0.372s] [34mcolcon.colcon_core.verb[0m [1;30mLevel 5[0m set package 'stm32_mavlink_udp' build argument 'cmake_target_skip_unavailable' from command line to 'False'
[0.372s] [34mcolcon.colcon_core.verb[0m [1;30mLevel 5[0m set package 'stm32_mavlink_udp' build argument 'cmake_clean_cache' from command line to 'False'
[0.372s] [34mcolcon.colcon_core.verb[0m [1;30mLevel 5[0m set package 'stm32_mavlink_udp' build argument 'cmake_clean_first' from command line to 'False'
[0.372s] [34mcolcon.colcon_core.verb[0m [1;30mLevel 5[0m set package 'stm32_mavlink_udp' build argument 'cmake_force_configure' from command line to 'False'
[0.372s] [34mcolcon.colcon_core.verb[0m [1;30mLevel 5[0m set package 'stm32_mavlink_udp' build argument 'ament_cmake_args' from command line to 'None'
[0.372s] [34mcolcon.colcon_core.verb[0m [1;30mLevel 5[0m set package 'stm32_mavlink_udp' build argument 'catkin_cmake_args' from command line to 'None'
[0.372s] [34mcolcon.colcon_core.verb[0m [1;30mLevel 5[0m set package 'stm32_mavlink_udp' build argument 'catkin_skip_building_tests' from command line to 'False'
[0.372s] [34mcolcon.colcon_core.verb[0m [1;30mDEBUG[0m [32mBuilding package 'stm32_mavlink_udp' with the following arguments: {'ament_cmake_args': None, 'build_base': '/home/a/ws_nhk/build/stm32_mavlink_udp', 'catkin_cmake_args': None, 'catkin_skip_building_tests': False, 'cmake_args': None, 'cmake_clean_cache': False, 'cmake_clean_first': False, 'cmake_force_configure': False, 'cmake_target': None, 'cmake_target_skip_unavailable': False, 'install_base': '/home/a/ws_nhk/install/stm32_mavlink_udp', 'merge_install': False, 'path': '/home/a/ws_nhk/src/MAVLink_ros2/stm32_mavlink_udp', 'symlink_install': False, 'test_result_base': None}[0m
[0.372s] [34mcolcon.colcon_core.verb[0m [1;30mLevel 5[0m set package 'dynamixel_controller_gui' build argument 'cmake_args' from command line to 'None'
[0.372s] [34mcolcon.colcon_core.verb[0m [1;30mLevel 5[0m set package 'dynamixel_controller_gui' build argument 'cmake_target' from command line to 'None'
[0.372s] [34mcolcon.colcon_core.verb[0m [1;30mLevel 5[0m set package 'dynamixel_controller_gui' build argument 'cmake_target_skip_unavailable' from command line to 'False'
[0.372s] [34mcolcon.colcon_core.verb[0m [1;30mLevel 5[0m set package 'dynamixel_controller_gui' build argument 'cmake_clean_cache' from command line to 'False'
[0.372s] [34mcolcon.colcon_core.verb[0m [1;30mLevel 5[0m set package 'dynamixel_controller_gui' build argument 'cmake_clean_first' from command line to 'False'
[0.372s] [34mcolcon.colcon_core.verb[0m [1;30mLevel 5[0m set package 'dynamixel_controller_gui' build argument 'cmake_force_configure' from command line to 'False'
[0.372s] [34mcolcon.colcon_core.verb[0m [1;30mLevel 5[0m set package 'dynamixel_controller_gui' build argument 'ament_cmake_args' from command line to 'None'
[0.372s] [34mcolcon.colcon_core.verb[0m [1;30mLevel 5[0m set package 'dynamixel_controller_gui' build argument 'catkin_cmake_args' from command line to 'None'
[0.372s] [34mcolcon.colcon_core.verb[0m [1;30mLevel 5[0m set package 'dynamixel_controller_gui' build argument 'catkin_skip_building_tests' from command line to 'False'
[0.372s] [34mcolcon.colcon_core.verb[0m [1;30mDEBUG[0m [32mBuilding package 'dynamixel_controller_gui' with the following arguments: {'ament_cmake_args': None, 'build_base': '/home/a/ws_nhk/build/dynamixel_controller_gui', 'catkin_cmake_args': None, 'catkin_skip_building_tests': False, 'cmake_args': None, 'cmake_clean_cache': False, 'cmake_clean_first': False, 'cmake_force_configure': False, 'cmake_target': None, 'cmake_target_skip_unavailable': False, 'install_base': '/home/a/ws_nhk/install/dynamixel_controller_gui', 'merge_install': False, 'path': '/home/a/ws_nhk/src/dynamixel_ros2/dynamixel_controller_gui', 'symlink_install': False, 'test_result_base': None}[0m
[0.373s] [34mcolcon.colcon_core.verb[0m [1;30mLevel 5[0m set package 'ikeyaMD_wizard' build argument 'cmake_args' from command line to 'None'
[0.373s] [34mcolcon.colcon_core.verb[0m [1;30mLevel 5[0m set package 'ikeyaMD_wizard' build argument 'cmake_target' from command line to 'None'
[0.373s] [34mcolcon.colcon_core.verb[0m [1;30mLevel 5[0m set package 'ikeyaMD_wizard' build argument 'cmake_target_skip_unavailable' from command line to 'False'
[0.373s] [34mcolcon.colcon_core.verb[0m [1;30mLevel 5[0m set package 'ikeyaMD_wizard' build argument 'cmake_clean_cache' from command line to 'False'
[0.373s] [34mcolcon.colcon_core.verb[0m [1;30mLevel 5[0m set package 'ikeyaMD_wizard' build argument 'cmake_clean_first' from command line to 'False'
[0.373s] [34mcolcon.colcon_core.verb[0m [1;30mLevel 5[0m set package 'ikeyaMD_wizard' build argument 'cmake_force_configure' from command line to 'False'
[0.373s] [34mcolcon.colcon_core.verb[0m [1;30mLevel 5[0m set package 'ikeyaMD_wizard' build argument 'ament_cmake_args' from command line to 'None'
[0.373s] [34mcolcon.colcon_core.verb[0m [1;30mLevel 5[0m set package 'ikeyaMD_wizard' build argument 'catkin_cmake_args' from command line to 'None'
[0.373s] [34mcolcon.colcon_core.verb[0m [1;30mLevel 5[0m set package 'ikeyaMD_wizard' build argument 'catkin_skip_building_tests' from command line to 'False'
[0.373s] [34mcolcon.colcon_core.verb[0m [1;30mDEBUG[0m [32mBuilding package 'ikeyaMD_wizard' with the following arguments: {'ament_cmake_args': None, 'build_base': '/home/a/ws_nhk/build/ikeyaMD_wizard', 'catkin_cmake_args': None, 'catkin_skip_building_tests': False, 'cmake_args': None, 'cmake_clean_cache': False, 'cmake_clean_first': False, 'cmake_force_configure': False, 'cmake_target': None, 'cmake_target_skip_unavailable': False, 'install_base': '/home/a/ws_nhk/install/ikeyaMD_wizard', 'merge_install': False, 'path': '/home/a/ws_nhk/src/MAVLink_ros2/ikeyaMD_wizard', 'symlink_install': False, 'test_result_base': None}[0m
[0.373s] [34mcolcon.colcon_core.verb[0m [1;30mLevel 5[0m set package 'mavlink_wizard' build argument 'cmake_args' from command line to 'None'
[0.373s] [34mcolcon.colcon_core.verb[0m [1;30mLevel 5[0m set package 'mavlink_wizard' build argument 'cmake_target' from command line to 'None'
[0.373s] [34mcolcon.colcon_core.verb[0m [1;30mLevel 5[0m set package 'mavlink_wizard' build argument 'cmake_target_skip_unavailable' from command line to 'False'
[0.373s] [34mcolcon.colcon_core.verb[0m [1;30mLevel 5[0m set package 'mavlink_wizard' build argument 'cmake_clean_cache' from command line to 'False'
[0.373s] [34mcolcon.colcon_core.verb[0m [1;30mLevel 5[0m set package 'mavlink_wizard' build argument 'cmake_clean_first' from command line to 'False'
[0.373s] [34mcolcon.colcon_core.verb[0m [1;30mLevel 5[0m set package 'mavlink_wizard' build argument 'cmake_force_configure' from command line to 'False'
[0.373s] [34mcolcon.colcon_core.verb[0m [1;30mLevel 5[0m set package 'mavlink_wizard' build argument 'ament_cmake_args' from command line to 'None'
[0.373s] [34mcolcon.colcon_core.verb[0m [1;30mLevel 5[0m set package 'mavlink_wizard' build argument 'catkin_cmake_args' from command line to 'None'
[0.373s] [34mcolcon.colcon_core.verb[0m [1;30mLevel 5[0m set package 'mavlink_wizard' build argument 'catkin_skip_building_tests' from command line to 'False'
[0.373s] [34mcolcon.colcon_core.verb[0m [1;30mDEBUG[0m [32mBuilding package 'mavlink_wizard' with the following arguments: {'ament_cmake_args': None, 'build_base': '/home/a/ws_nhk/build/mavlink_wizard', 'catkin_cmake_args': None, 'catkin_skip_building_tests': False, 'cmake_args': None, 'cmake_clean_cache': False, 'cmake_clean_first': False, 'cmake_force_configure': False, 'cmake_target': None, 'cmake_target_skip_unavailable': False, 'install_base': '/home/a/ws_nhk/install/mavlink_wizard', 'merge_install': False, 'path': '/home/a/ws_nhk/src/MAVLink_ros2/mavlink_wizard', 'symlink_install': False, 'test_result_base': None}[0m
[0.373s] [34mcolcon.colcon_core.verb[0m [1;30mLevel 5[0m set package 'moveit_core' build argument 'cmake_args' from command line to 'None'
[0.373s] [34mcolcon.colcon_core.verb[0m [1;30mLevel 5[0m set package 'moveit_core' build argument 'cmake_target' from command line to 'None'
[0.373s] [34mcolcon.colcon_core.verb[0m [1;30mLevel 5[0m set package 'moveit_core' build argument 'cmake_target_skip_unavailable' from command line to 'False'
[0.373s] [34mcolcon.colcon_core.verb[0m [1;30mLevel 5[0m set package 'moveit_core' build argument 'cmake_clean_cache' from command line to 'False'
[0.373s] [34mcolcon.colcon_core.verb[0m [1;30mLevel 5[0m set package 'moveit_core' build argument 'cmake_clean_first' from command line to 'False'
[0.373s] [34mcolcon.colcon_core.verb[0m [1;30mLevel 5[0m set package 'moveit_core' build argument 'cmake_force_configure' from command line to 'False'
[0.373s] [34mcolcon.colcon_core.verb[0m [1;30mLevel 5[0m set package 'moveit_core' build argument 'ament_cmake_args' from command line to 'None'
[0.373s] [34mcolcon.colcon_core.verb[0m [1;30mLevel 5[0m set package 'moveit_core' build argument 'catkin_cmake_args' from command line to 'None'
[0.373s] [34mcolcon.colcon_core.verb[0m [1;30mLevel 5[0m set package 'moveit_core' build argument 'catkin_skip_building_tests' from command line to 'False'
[0.373s] [34mcolcon.colcon_core.verb[0m [1;30mDEBUG[0m [32mBuilding package 'moveit_core' with the following arguments: {'ament_cmake_args': None, 'build_base': '/home/a/ws_nhk/build/moveit_core', 'catkin_cmake_args': None, 'catkin_skip_building_tests': False, 'cmake_args': None, 'cmake_clean_cache': False, 'cmake_clean_first': False, 'cmake_force_configure': False, 'cmake_target': None, 'cmake_target_skip_unavailable': False, 'install_base': '/home/a/ws_nhk/install/moveit_core', 'merge_install': False, 'path': '/home/a/ws_nhk/src/moveit2/moveit_core', 'symlink_install': False, 'test_result_base': None}[0m
[0.373s] [34mcolcon.colcon_core.verb[0m [1;30mLevel 5[0m set package 'moveit_resources' build argument 'cmake_args' from command line to 'None'
[0.374s] [34mcolcon.colcon_core.verb[0m [1;30mLevel 5[0m set package 'moveit_resources' build argument 'cmake_target' from command line to 'None'
[0.374s] [34mcolcon.colcon_core.verb[0m [1;30mLevel 5[0m set package 'moveit_resources' build argument 'cmake_target_skip_unavailable' from command line to 'False'
[0.374s] [34mcolcon.colcon_core.verb[0m [1;30mLevel 5[0m set package 'moveit_resources' build argument 'cmake_clean_cache' from command line to 'False'
[0.374s] [34mcolcon.colcon_core.verb[0m [1;30mLevel 5[0m set package 'moveit_resources' build argument 'cmake_clean_first' from command line to 'False'
[0.374s] [34mcolcon.colcon_core.verb[0m [1;30mLevel 5[0m set package 'moveit_resources' build argument 'cmake_force_configure' from command line to 'False'
[0.374s] [34mcolcon.colcon_core.verb[0m [1;30mLevel 5[0m set package 'moveit_resources' build argument 'ament_cmake_args' from command line to 'None'
[0.374s] [34mcolcon.colcon_core.verb[0m [1;30mLevel 5[0m set package 'moveit_resources' build argument 'catkin_cmake_args' from command line to 'None'
[0.374s] [34mcolcon.colcon_core.verb[0m [1;30mLevel 5[0m set package 'moveit_resources' build argument 'catkin_skip_building_tests' from command line to 'False'
[0.374s] [34mcolcon.colcon_core.verb[0m [1;30mDEBUG[0m [32mBuilding package 'moveit_resources' with the following arguments: {'ament_cmake_args': None, 'build_base': '/home/a/ws_nhk/build/moveit_resources', 'catkin_cmake_args': None, 'catkin_skip_building_tests': False, 'cmake_args': None, 'cmake_clean_cache': False, 'cmake_clean_first': False, 'cmake_force_configure': False, 'cmake_target': None, 'cmake_target_skip_unavailable': False, 'install_base': '/home/a/ws_nhk/install/moveit_resources', 'merge_install': False, 'path': '/home/a/ws_nhk/src/moveit_resources/moveit_resources', 'symlink_install': False, 'test_result_base': None}[0m
[0.374s] [34mcolcon.colcon_core.verb[0m [1;30mLevel 5[0m set package 'chomp_motion_planner' build argument 'cmake_args' from command line to 'None'
[0.374s] [34mcolcon.colcon_core.verb[0m [1;30mLevel 5[0m set package 'chomp_motion_planner' build argument 'cmake_target' from command line to 'None'
[0.374s] [34mcolcon.colcon_core.verb[0m [1;30mLevel 5[0m set package 'chomp_motion_planner' build argument 'cmake_target_skip_unavailable' from command line to 'False'
[0.374s] [34mcolcon.colcon_core.verb[0m [1;30mLevel 5[0m set package 'chomp_motion_planner' build argument 'cmake_clean_cache' from command line to 'False'
[0.374s] [34mcolcon.colcon_core.verb[0m [1;30mLevel 5[0m set package 'chomp_motion_planner' build argument 'cmake_clean_first' from command line to 'False'
[0.374s] [34mcolcon.colcon_core.verb[0m [1;30mLevel 5[0m set package 'chomp_motion_planner' build argument 'cmake_force_configure' from command line to 'False'
[0.374s] [34mcolcon.colcon_core.verb[0m [1;30mLevel 5[0m set package 'chomp_motion_planner' build argument 'ament_cmake_args' from command line to 'None'
[0.374s] [34mcolcon.colcon_core.verb[0m [1;30mLevel 5[0m set package 'chomp_motion_planner' build argument 'catkin_cmake_args' from command line to 'None'
[0.374s] [34mcolcon.colcon_core.verb[0m [1;30mLevel 5[0m set package 'chomp_motion_planner' build argument 'catkin_skip_building_tests' from command line to 'False'
[0.374s] [34mcolcon.colcon_core.verb[0m [1;30mDEBUG[0m [32mBuilding package 'chomp_motion_planner' with the following arguments: {'ament_cmake_args': None, 'build_base': '/home/a/ws_nhk/build/chomp_motion_planner', 'catkin_cmake_args': None, 'catkin_skip_building_tests': False, 'cmake_args': None, 'cmake_clean_cache': False, 'cmake_clean_first': False, 'cmake_force_configure': False, 'cmake_target': None, 'cmake_target_skip_unavailable': False, 'install_base': '/home/a/ws_nhk/install/chomp_motion_planner', 'merge_install': False, 'path': '/home/a/ws_nhk/src/moveit2/moveit_planners/chomp/chomp_motion_planner', 'symlink_install': False, 'test_result_base': None}[0m
[0.374s] [34mcolcon.colcon_core.verb[0m [1;30mLevel 5[0m set package 'moveit_resources_prbt_ikfast_manipulator_plugin' build argument 'cmake_args' from command line to 'None'
[0.374s] [34mcolcon.colcon_core.verb[0m [1;30mLevel 5[0m set package 'moveit_resources_prbt_ikfast_manipulator_plugin' build argument 'cmake_target' from command line to 'None'
[0.374s] [34mcolcon.colcon_core.verb[0m [1;30mLevel 5[0m set package 'moveit_resources_prbt_ikfast_manipulator_plugin' build argument 'cmake_target_skip_unavailable' from command line to 'False'
[0.374s] [34mcolcon.colcon_core.verb[0m [1;30mLevel 5[0m set package 'moveit_resources_prbt_ikfast_manipulator_plugin' build argument 'cmake_clean_cache' from command line to 'False'
[0.374s] [34mcolcon.colcon_core.verb[0m [1;30mLevel 5[0m set package 'moveit_resources_prbt_ikfast_manipulator_plugin' build argument 'cmake_clean_first' from command line to 'False'
[0.374s] [34mcolcon.colcon_core.verb[0m [1;30mLevel 5[0m set package 'moveit_resources_prbt_ikfast_manipulator_plugin' build argument 'cmake_force_configure' from command line to 'False'
[0.374s] [34mcolcon.colcon_core.verb[0m [1;30mLevel 5[0m set package 'moveit_resources_prbt_ikfast_manipulator_plugin' build argument 'ament_cmake_args' from command line to 'None'
[0.374s] [34mcolcon.colcon_core.verb[0m [1;30mLevel 5[0m set package 'moveit_resources_prbt_ikfast_manipulator_plugin' build argument 'catkin_cmake_args' from command line to 'None'
[0.374s] [34mcolcon.colcon_core.verb[0m [1;30mLevel 5[0m set package 'moveit_resources_prbt_ikfast_manipulator_plugin' build argument 'catkin_skip_building_tests' from command line to 'False'
[0.374s] [34mcolcon.colcon_core.verb[0m [1;30mDEBUG[0m [32mBuilding package 'moveit_resources_prbt_ikfast_manipulator_plugin' with the following arguments: {'ament_cmake_args': None, 'build_base': '/home/a/ws_nhk/build/moveit_resources_prbt_ikfast_manipulator_plugin', 'catkin_cmake_args': None, 'catkin_skip_building_tests': False, 'cmake_args': None, 'cmake_clean_cache': False, 'cmake_clean_first': False, 'cmake_force_configure': False, 'cmake_target': None, 'cmake_target_skip_unavailable': False, 'install_base': '/home/a/ws_nhk/install/moveit_resources_prbt_ikfast_manipulator_plugin', 'merge_install': False, 'path': '/home/a/ws_nhk/src/moveit2/moveit_planners/test_configs/prbt_ikfast_manipulator_plugin', 'symlink_install': False, 'test_result_base': None}[0m
[0.374s] [34mcolcon.colcon_core.verb[0m [1;30mLevel 5[0m set package 'moveit_ros_occupancy_map_monitor' build argument 'cmake_args' from command line to 'None'
[0.374s] [34mcolcon.colcon_core.verb[0m [1;30mLevel 5[0m set package 'moveit_ros_occupancy_map_monitor' build argument 'cmake_target' from command line to 'None'
[0.374s] [34mcolcon.colcon_core.verb[0m [1;30mLevel 5[0m set package 'moveit_ros_occupancy_map_monitor' build argument 'cmake_target_skip_unavailable' from command line to 'False'
[0.374s] [34mcolcon.colcon_core.verb[0m [1;30mLevel 5[0m set package 'moveit_ros_occupancy_map_monitor' build argument 'cmake_clean_cache' from command line to 'False'
[0.374s] [34mcolcon.colcon_core.verb[0m [1;30mLevel 5[0m set package 'moveit_ros_occupancy_map_monitor' build argument 'cmake_clean_first' from command line to 'False'
[0.374s] [34mcolcon.colcon_core.verb[0m [1;30mLevel 5[0m set package 'moveit_ros_occupancy_map_monitor' build argument 'cmake_force_configure' from command line to 'False'
[0.374s] [34mcolcon.colcon_core.verb[0m [1;30mLevel 5[0m set package 'moveit_ros_occupancy_map_monitor' build argument 'ament_cmake_args' from command line to 'None'
[0.374s] [34mcolcon.colcon_core.verb[0m [1;30mLevel 5[0m set package 'moveit_ros_occupancy_map_monitor' build argument 'catkin_cmake_args' from command line to 'None'
[0.374s] [34mcolcon.colcon_core.verb[0m [1;30mLevel 5[0m set package 'moveit_ros_occupancy_map_monitor' build argument 'catkin_skip_building_tests' from command line to 'False'
[0.374s] [34mcolcon.colcon_core.verb[0m [1;30mDEBUG[0m [32mBuilding package 'moveit_ros_occupancy_map_monitor' with the following arguments: {'ament_cmake_args': None, 'build_base': '/home/a/ws_nhk/build/moveit_ros_occupancy_map_monitor', 'catkin_cmake_args': None, 'catkin_skip_building_tests': False, 'cmake_args': None, 'cmake_clean_cache': False, 'cmake_clean_first': False, 'cmake_force_configure': False, 'cmake_target': None, 'cmake_target_skip_unavailable': False, 'install_base': '/home/a/ws_nhk/install/moveit_ros_occupancy_map_monitor', 'merge_install': False, 'path': '/home/a/ws_nhk/src/moveit2/moveit_ros/occupancy_map_monitor', 'symlink_install': False, 'test_result_base': None}[0m
[0.375s] [34mcolcon.colcon_core.verb[0m [1;30mLevel 5[0m set package 'moveit_simple_controller_manager' build argument 'cmake_args' from command line to 'None'
[0.375s] [34mcolcon.colcon_core.verb[0m [1;30mLevel 5[0m set package 'moveit_simple_controller_manager' build argument 'cmake_target' from command line to 'None'
[0.375s] [34mcolcon.colcon_core.verb[0m [1;30mLevel 5[0m set package 'moveit_simple_controller_manager' build argument 'cmake_target_skip_unavailable' from command line to 'False'
[0.375s] [34mcolcon.colcon_core.verb[0m [1;30mLevel 5[0m set package 'moveit_simple_controller_manager' build argument 'cmake_clean_cache' from command line to 'False'
[0.375s] [34mcolcon.colcon_core.verb[0m [1;30mLevel 5[0m set package 'moveit_simple_controller_manager' build argument 'cmake_clean_first' from command line to 'False'
[0.375s] [34mcolcon.colcon_core.verb[0m [1;30mLevel 5[0m set package 'moveit_simple_controller_manager' build argument 'cmake_force_configure' from command line to 'False'
[0.375s] [34mcolcon.colcon_core.verb[0m [1;30mLevel 5[0m set package 'moveit_simple_controller_manager' build argument 'ament_cmake_args' from command line to 'None'
[0.375s] [34mcolcon.colcon_core.verb[0m [1;30mLevel 5[0m set package 'moveit_simple_controller_manager' build argument 'catkin_cmake_args' from command line to 'None'
[0.375s] [34mcolcon.colcon_core.verb[0m [1;30mLevel 5[0m set package 'moveit_simple_controller_manager' build argument 'catkin_skip_building_tests' from command line to 'False'
[0.375s] [34mcolcon.colcon_core.verb[0m [1;30mDEBUG[0m [32mBuilding package 'moveit_simple_controller_manager' with the following arguments: {'ament_cmake_args': None, 'build_base': '/home/a/ws_nhk/build/moveit_simple_controller_manager', 'catkin_cmake_args': None, 'catkin_skip_building_tests': False, 'cmake_args': None, 'cmake_clean_cache': False, 'cmake_clean_first': False, 'cmake_force_configure': False, 'cmake_target': None, 'cmake_target_skip_unavailable': False, 'install_base': '/home/a/ws_nhk/install/moveit_simple_controller_manager', 'merge_install': False, 'path': '/home/a/ws_nhk/src/moveit2/moveit_plugins/moveit_simple_controller_manager', 'symlink_install': False, 'test_result_base': None}[0m
[0.375s] [34mcolcon.colcon_core.verb[0m [1;30mLevel 5[0m set package 'pilz_industrial_motion_planner_testutils' build argument 'cmake_args' from command line to 'None'
[0.375s] [34mcolcon.colcon_core.verb[0m [1;30mLevel 5[0m set package 'pilz_industrial_motion_planner_testutils' build argument 'cmake_target' from command line to 'None'
[0.375s] [34mcolcon.colcon_core.verb[0m [1;30mLevel 5[0m set package 'pilz_industrial_motion_planner_testutils' build argument 'cmake_target_skip_unavailable' from command line to 'False'
[0.375s] [34mcolcon.colcon_core.verb[0m [1;30mLevel 5[0m set package 'pilz_industrial_motion_planner_testutils' build argument 'cmake_clean_cache' from command line to 'False'
[0.375s] [34mcolcon.colcon_core.verb[0m [1;30mLevel 5[0m set package 'pilz_industrial_motion_planner_testutils' build argument 'cmake_clean_first' from command line to 'False'
[0.375s] [34mcolcon.colcon_core.verb[0m [1;30mLevel 5[0m set package 'pilz_industrial_motion_planner_testutils' build argument 'cmake_force_configure' from command line to 'False'
[0.375s] [34mcolcon.colcon_core.verb[0m [1;30mLevel 5[0m set package 'pilz_industrial_motion_planner_testutils' build argument 'ament_cmake_args' from command line to 'None'
[0.375s] [34mcolcon.colcon_core.verb[0m [1;30mLevel 5[0m set package 'pilz_industrial_motion_planner_testutils' build argument 'catkin_cmake_args' from command line to 'None'
[0.375s] [34mcolcon.colcon_core.verb[0m [1;30mLevel 5[0m set package 'pilz_industrial_motion_planner_testutils' build argument 'catkin_skip_building_tests' from command line to 'False'
[0.375s] [34mcolcon.colcon_core.verb[0m [1;30mDEBUG[0m [32mBuilding package 'pilz_industrial_motion_planner_testutils' with the following arguments: {'ament_cmake_args': None, 'build_base': '/home/a/ws_nhk/build/pilz_industrial_motion_planner_testutils', 'catkin_cmake_args': None, 'catkin_skip_building_tests': False, 'cmake_args': None, 'cmake_clean_cache': False, 'cmake_clean_first': False, 'cmake_force_configure': False, 'cmake_target': None, 'cmake_target_skip_unavailable': False, 'install_base': '/home/a/ws_nhk/install/pilz_industrial_motion_planner_testutils', 'merge_install': False, 'path': '/home/a/ws_nhk/src/moveit2/moveit_planners/pilz_industrial_motion_planner_testutils', 'symlink_install': False, 'test_result_base': None}[0m
[0.375s] [34mcolcon.colcon_core.verb[0m [1;30mLevel 5[0m set package 'trac_ik_kinematics_plugin' build argument 'cmake_args' from command line to 'None'
[0.375s] [34mcolcon.colcon_core.verb[0m [1;30mLevel 5[0m set package 'trac_ik_kinematics_plugin' build argument 'cmake_target' from command line to 'None'
[0.375s] [34mcolcon.colcon_core.verb[0m [1;30mLevel 5[0m set package 'trac_ik_kinematics_plugin' build argument 'cmake_target_skip_unavailable' from command line to 'False'
[0.375s] [34mcolcon.colcon_core.verb[0m [1;30mLevel 5[0m set package 'trac_ik_kinematics_plugin' build argument 'cmake_clean_cache' from command line to 'False'
[0.375s] [34mcolcon.colcon_core.verb[0m [1;30mLevel 5[0m set package 'trac_ik_kinematics_plugin' build argument 'cmake_clean_first' from command line to 'False'
[0.375s] [34mcolcon.colcon_core.verb[0m [1;30mLevel 5[0m set package 'trac_ik_kinematics_plugin' build argument 'cmake_force_configure' from command line to 'False'
[0.375s] [34mcolcon.colcon_core.verb[0m [1;30mLevel 5[0m set package 'trac_ik_kinematics_plugin' build argument 'ament_cmake_args' from command line to 'None'
[0.375s] [34mcolcon.colcon_core.verb[0m [1;30mLevel 5[0m set package 'trac_ik_kinematics_plugin' build argument 'catkin_cmake_args' from command line to 'None'
[0.375s] [34mcolcon.colcon_core.verb[0m [1;30mLevel 5[0m set package 'trac_ik_kinematics_plugin' build argument 'catkin_skip_building_tests' from command line to 'False'
[0.375s] [34mcolcon.colcon_core.verb[0m [1;30mDEBUG[0m [32mBuilding package 'trac_ik_kinematics_plugin' with the following arguments: {'ament_cmake_args': None, 'build_base': '/home/a/ws_nhk/build/trac_ik_kinematics_plugin', 'catkin_cmake_args': None, 'catkin_skip_building_tests': False, 'cmake_args': None, 'cmake_clean_cache': False, 'cmake_clean_first': False, 'cmake_force_configure': False, 'cmake_target': None, 'cmake_target_skip_unavailable': False, 'install_base': '/home/a/ws_nhk/install/trac_ik_kinematics_plugin', 'merge_install': False, 'path': '/home/a/ws_nhk/src/trac_ik/trac_ik_kinematics_plugin', 'symlink_install': False, 'test_result_base': None}[0m
[0.376s] [34mcolcon.colcon_core.verb[0m [1;30mLevel 5[0m set package 'moveit_chomp_optimizer_adapter' build argument 'cmake_args' from command line to 'None'
[0.376s] [34mcolcon.colcon_core.verb[0m [1;30mLevel 5[0m set package 'moveit_chomp_optimizer_adapter' build argument 'cmake_target' from command line to 'None'
[0.376s] [34mcolcon.colcon_core.verb[0m [1;30mLevel 5[0m set package 'moveit_chomp_optimizer_adapter' build argument 'cmake_target_skip_unavailable' from command line to 'False'
[0.376s] [34mcolcon.colcon_core.verb[0m [1;30mLevel 5[0m set package 'moveit_chomp_optimizer_adapter' build argument 'cmake_clean_cache' from command line to 'False'
[0.376s] [34mcolcon.colcon_core.verb[0m [1;30mLevel 5[0m set package 'moveit_chomp_optimizer_adapter' build argument 'cmake_clean_first' from command line to 'False'
[0.376s] [34mcolcon.colcon_core.verb[0m [1;30mLevel 5[0m set package 'moveit_chomp_optimizer_adapter' build argument 'cmake_force_configure' from command line to 'False'
[0.376s] [34mcolcon.colcon_core.verb[0m [1;30mLevel 5[0m set package 'moveit_chomp_optimizer_adapter' build argument 'ament_cmake_args' from command line to 'None'
[0.376s] [34mcolcon.colcon_core.verb[0m [1;30mLevel 5[0m set package 'moveit_chomp_optimizer_adapter' build argument 'catkin_cmake_args' from command line to 'None'
[0.376s] [34mcolcon.colcon_core.verb[0m [1;30mLevel 5[0m set package 'moveit_chomp_optimizer_adapter' build argument 'catkin_skip_building_tests' from command line to 'False'
[0.376s] [34mcolcon.colcon_core.verb[0m [1;30mDEBUG[0m [32mBuilding package 'moveit_chomp_optimizer_adapter' with the following arguments: {'ament_cmake_args': None, 'build_base': '/home/a/ws_nhk/build/moveit_chomp_optimizer_adapter', 'catkin_cmake_args': None, 'catkin_skip_building_tests': False, 'cmake_args': None, 'cmake_clean_cache': False, 'cmake_clean_first': False, 'cmake_force_configure': False, 'cmake_target': None, 'cmake_target_skip_unavailable': False, 'install_base': '/home/a/ws_nhk/install/moveit_chomp_optimizer_adapter', 'merge_install': False, 'path': '/home/a/ws_nhk/src/moveit2/moveit_planners/chomp/chomp_optimizer_adapter', 'symlink_install': False, 'test_result_base': None}[0m
[0.376s] [34mcolcon.colcon_core.verb[0m [1;30mLevel 5[0m set package 'moveit_planners_chomp' build argument 'cmake_args' from command line to 'None'
[0.376s] [34mcolcon.colcon_core.verb[0m [1;30mLevel 5[0m set package 'moveit_planners_chomp' build argument 'cmake_target' from command line to 'None'
[0.376s] [34mcolcon.colcon_core.verb[0m [1;30mLevel 5[0m set package 'moveit_planners_chomp' build argument 'cmake_target_skip_unavailable' from command line to 'False'
[0.376s] [34mcolcon.colcon_core.verb[0m [1;30mLevel 5[0m set package 'moveit_planners_chomp' build argument 'cmake_clean_cache' from command line to 'False'
[0.376s] [34mcolcon.colcon_core.verb[0m [1;30mLevel 5[0m set package 'moveit_planners_chomp' build argument 'cmake_clean_first' from command line to 'False'
[0.376s] [34mcolcon.colcon_core.verb[0m [1;30mLevel 5[0m set package 'moveit_planners_chomp' build argument 'cmake_force_configure' from command line to 'False'
[0.376s] [34mcolcon.colcon_core.verb[0m [1;30mLevel 5[0m set package 'moveit_planners_chomp' build argument 'ament_cmake_args' from command line to 'None'
[0.376s] [34mcolcon.colcon_core.verb[0m [1;30mLevel 5[0m set package 'moveit_planners_chomp' build argument 'catkin_cmake_args' from command line to 'None'
[0.376s] [34mcolcon.colcon_core.verb[0m [1;30mLevel 5[0m set package 'moveit_planners_chomp' build argument 'catkin_skip_building_tests' from command line to 'False'
[0.376s] [34mcolcon.colcon_core.verb[0m [1;30mDEBUG[0m [32mBuilding package 'moveit_planners_chomp' with the following arguments: {'ament_cmake_args': None, 'build_base': '/home/a/ws_nhk/build/moveit_planners_chomp', 'catkin_cmake_args': None, 'catkin_skip_building_tests': False, 'cmake_args': None, 'cmake_clean_cache': False, 'cmake_clean_first': False, 'cmake_force_configure': False, 'cmake_target': None, 'cmake_target_skip_unavailable': False, 'install_base': '/home/a/ws_nhk/install/moveit_planners_chomp', 'merge_install': False, 'path': '/home/a/ws_nhk/src/moveit2/moveit_planners/chomp/chomp_interface', 'symlink_install': False, 'test_result_base': None}[0m
[0.376s] [34mcolcon.colcon_core.verb[0m [1;30mLevel 5[0m set package 'moveit_plugins' build argument 'cmake_args' from command line to 'None'
[0.376s] [34mcolcon.colcon_core.verb[0m [1;30mLevel 5[0m set package 'moveit_plugins' build argument 'cmake_target' from command line to 'None'
[0.376s] [34mcolcon.colcon_core.verb[0m [1;30mLevel 5[0m set package 'moveit_plugins' build argument 'cmake_target_skip_unavailable' from command line to 'False'
[0.376s] [34mcolcon.colcon_core.verb[0m [1;30mLevel 5[0m set package 'moveit_plugins' build argument 'cmake_clean_cache' from command line to 'False'
[0.376s] [34mcolcon.colcon_core.verb[0m [1;30mLevel 5[0m set package 'moveit_plugins' build argument 'cmake_clean_first' from command line to 'False'
[0.376s] [34mcolcon.colcon_core.verb[0m [1;30mLevel 5[0m set package 'moveit_plugins' build argument 'cmake_force_configure' from command line to 'False'
[0.376s] [34mcolcon.colcon_core.verb[0m [1;30mLevel 5[0m set package 'moveit_plugins' build argument 'ament_cmake_args' from command line to 'None'
[0.376s] [34mcolcon.colcon_core.verb[0m [1;30mLevel 5[0m set package 'moveit_plugins' build argument 'catkin_cmake_args' from command line to 'None'
[0.376s] [34mcolcon.colcon_core.verb[0m [1;30mLevel 5[0m set package 'moveit_plugins' build argument 'catkin_skip_building_tests' from command line to 'False'
[0.376s] [34mcolcon.colcon_core.verb[0m [1;30mDEBUG[0m [32mBuilding package 'moveit_plugins' with the following arguments: {'ament_cmake_args': None, 'build_base': '/home/a/ws_nhk/build/moveit_plugins', 'catkin_cmake_args': None, 'catkin_skip_building_tests': False, 'cmake_args': None, 'cmake_clean_cache': False, 'cmake_clean_first': False, 'cmake_force_configure': False, 'cmake_target': None, 'cmake_target_skip_unavailable': False, 'install_base': '/home/a/ws_nhk/install/moveit_plugins', 'merge_install': False, 'path': '/home/a/ws_nhk/src/moveit2/moveit_plugins/moveit_plugins', 'symlink_install': False, 'test_result_base': None}[0m
[0.377s] [34mcolcon.colcon_core.verb[0m [1;30mLevel 5[0m set package 'moveit_ros_control_interface' build argument 'cmake_args' from command line to 'None'
[0.377s] [34mcolcon.colcon_core.verb[0m [1;30mLevel 5[0m set package 'moveit_ros_control_interface' build argument 'cmake_target' from command line to 'None'
[0.377s] [34mcolcon.colcon_core.verb[0m [1;30mLevel 5[0m set package 'moveit_ros_control_interface' build argument 'cmake_target_skip_unavailable' from command line to 'False'
[0.377s] [34mcolcon.colcon_core.verb[0m [1;30mLevel 5[0m set package 'moveit_ros_control_interface' build argument 'cmake_clean_cache' from command line to 'False'
[0.377s] [34mcolcon.colcon_core.verb[0m [1;30mLevel 5[0m set package 'moveit_ros_control_interface' build argument 'cmake_clean_first' from command line to 'False'
[0.377s] [34mcolcon.colcon_core.verb[0m [1;30mLevel 5[0m set package 'moveit_ros_control_interface' build argument 'cmake_force_configure' from command line to 'False'
[0.377s] [34mcolcon.colcon_core.verb[0m [1;30mLevel 5[0m set package 'moveit_ros_control_interface' build argument 'ament_cmake_args' from command line to 'None'
[0.377s] [34mcolcon.colcon_core.verb[0m [1;30mLevel 5[0m set package 'moveit_ros_control_interface' build argument 'catkin_cmake_args' from command line to 'None'
[0.377s] [34mcolcon.colcon_core.verb[0m [1;30mLevel 5[0m set package 'moveit_ros_control_interface' build argument 'catkin_skip_building_tests' from command line to 'False'
[0.377s] [34mcolcon.colcon_core.verb[0m [1;30mDEBUG[0m [32mBuilding package 'moveit_ros_control_interface' with the following arguments: {'ament_cmake_args': None, 'build_base': '/home/a/ws_nhk/build/moveit_ros_control_interface', 'catkin_cmake_args': None, 'catkin_skip_building_tests': False, 'cmake_args': None, 'cmake_clean_cache': False, 'cmake_clean_first': False, 'cmake_force_configure': False, 'cmake_target': None, 'cmake_target_skip_unavailable': False, 'install_base': '/home/a/ws_nhk/install/moveit_ros_control_interface', 'merge_install': False, 'path': '/home/a/ws_nhk/src/moveit2/moveit_plugins/moveit_ros_control_interface', 'symlink_install': False, 'test_result_base': None}[0m
[0.377s] [34mcolcon.colcon_core.verb[0m [1;30mLevel 5[0m set package 'moveit_ros_planning' build argument 'cmake_args' from command line to 'None'
[0.377s] [34mcolcon.colcon_core.verb[0m [1;30mLevel 5[0m set package 'moveit_ros_planning' build argument 'cmake_target' from command line to 'None'
[0.377s] [34mcolcon.colcon_core.verb[0m [1;30mLevel 5[0m set package 'moveit_ros_planning' build argument 'cmake_target_skip_unavailable' from command line to 'False'
[0.377s] [34mcolcon.colcon_core.verb[0m [1;30mLevel 5[0m set package 'moveit_ros_planning' build argument 'cmake_clean_cache' from command line to 'False'
[0.377s] [34mcolcon.colcon_core.verb[0m [1;30mLevel 5[0m set package 'moveit_ros_planning' build argument 'cmake_clean_first' from command line to 'False'
[0.377s] [34mcolcon.colcon_core.verb[0m [1;30mLevel 5[0m set package 'moveit_ros_planning' build argument 'cmake_force_configure' from command line to 'False'
[0.377s] [34mcolcon.colcon_core.verb[0m [1;30mLevel 5[0m set package 'moveit_ros_planning' build argument 'ament_cmake_args' from command line to 'None'
[0.377s] [34mcolcon.colcon_core.verb[0m [1;30mLevel 5[0m set package 'moveit_ros_planning' build argument 'catkin_cmake_args' from command line to 'None'
[0.377s] [34mcolcon.colcon_core.verb[0m [1;30mLevel 5[0m set package 'moveit_ros_planning' build argument 'catkin_skip_building_tests' from command line to 'False'
[0.377s] [34mcolcon.colcon_core.verb[0m [1;30mDEBUG[0m [32mBuilding package 'moveit_ros_planning' with the following arguments: {'ament_cmake_args': None, 'build_base': '/home/a/ws_nhk/build/moveit_ros_planning', 'catkin_cmake_args': None, 'catkin_skip_building_tests': False, 'cmake_args': None, 'cmake_clean_cache': False, 'cmake_clean_first': False, 'cmake_force_configure': False, 'cmake_target': None, 'cmake_target_skip_unavailable': False, 'install_base': '/home/a/ws_nhk/install/moveit_ros_planning', 'merge_install': False, 'path': '/home/a/ws_nhk/src/moveit2/moveit_ros/planning', 'symlink_install': False, 'test_result_base': None}[0m
[0.377s] [34mcolcon.colcon_core.verb[0m [1;30mLevel 5[0m set package 'trac_ik' build argument 'cmake_args' from command line to 'None'
[0.377s] [34mcolcon.colcon_core.verb[0m [1;30mLevel 5[0m set package 'trac_ik' build argument 'cmake_target' from command line to 'None'
[0.377s] [34mcolcon.colcon_core.verb[0m [1;30mLevel 5[0m set package 'trac_ik' build argument 'cmake_target_skip_unavailable' from command line to 'False'
[0.377s] [34mcolcon.colcon_core.verb[0m [1;30mLevel 5[0m set package 'trac_ik' build argument 'cmake_clean_cache' from command line to 'False'
[0.377s] [34mcolcon.colcon_core.verb[0m [1;30mLevel 5[0m set package 'trac_ik' build argument 'cmake_clean_first' from command line to 'False'
[0.377s] [34mcolcon.colcon_core.verb[0m [1;30mLevel 5[0m set package 'trac_ik' build argument 'cmake_force_configure' from command line to 'False'
[0.377s] [34mcolcon.colcon_core.verb[0m [1;30mLevel 5[0m set package 'trac_ik' build argument 'ament_cmake_args' from command line to 'None'
[0.377s] [34mcolcon.colcon_core.verb[0m [1;30mLevel 5[0m set package 'trac_ik' build argument 'catkin_cmake_args' from command line to 'None'
[0.377s] [34mcolcon.colcon_core.verb[0m [1;30mLevel 5[0m set package 'trac_ik' build argument 'catkin_skip_building_tests' from command line to 'False'
[0.377s] [34mcolcon.colcon_core.verb[0m [1;30mDEBUG[0m [32mBuilding package 'trac_ik' with the following arguments: {'ament_cmake_args': None, 'build_base': '/home/a/ws_nhk/build/trac_ik', 'catkin_cmake_args': None, 'catkin_skip_building_tests': False, 'cmake_args': None, 'cmake_clean_cache': False, 'cmake_clean_first': False, 'cmake_force_configure': False, 'cmake_target': None, 'cmake_target_skip_unavailable': False, 'install_base': '/home/a/ws_nhk/install/trac_ik', 'merge_install': False, 'path': '/home/a/ws_nhk/src/trac_ik/trac_ik', 'symlink_install': False, 'test_result_base': None}[0m
[0.377s] [34mcolcon.colcon_core.verb[0m [1;30mLevel 5[0m set package 'moveit_kinematics' build argument 'cmake_args' from command line to 'None'
[0.377s] [34mcolcon.colcon_core.verb[0m [1;30mLevel 5[0m set package 'moveit_kinematics' build argument 'cmake_target' from command line to 'None'
[0.377s] [34mcolcon.colcon_core.verb[0m [1;30mLevel 5[0m set package 'moveit_kinematics' build argument 'cmake_target_skip_unavailable' from command line to 'False'
[0.377s] [34mcolcon.colcon_core.verb[0m [1;30mLevel 5[0m set package 'moveit_kinematics' build argument 'cmake_clean_cache' from command line to 'False'
[0.377s] [34mcolcon.colcon_core.verb[0m [1;30mLevel 5[0m set package 'moveit_kinematics' build argument 'cmake_clean_first' from command line to 'False'
[0.377s] [34mcolcon.colcon_core.verb[0m [1;30mLevel 5[0m set package 'moveit_kinematics' build argument 'cmake_force_configure' from command line to 'False'
[0.377s] [34mcolcon.colcon_core.verb[0m [1;30mLevel 5[0m set package 'moveit_kinematics' build argument 'ament_cmake_args' from command line to 'None'
[0.378s] [34mcolcon.colcon_core.verb[0m [1;30mLevel 5[0m set package 'moveit_kinematics' build argument 'catkin_cmake_args' from command line to 'None'
[0.378s] [34mcolcon.colcon_core.verb[0m [1;30mLevel 5[0m set package 'moveit_kinematics' build argument 'catkin_skip_building_tests' from command line to 'False'
[0.378s] [34mcolcon.colcon_core.verb[0m [1;30mDEBUG[0m [32mBuilding package 'moveit_kinematics' with the following arguments: {'ament_cmake_args': None, 'build_base': '/home/a/ws_nhk/build/moveit_kinematics', 'catkin_cmake_args': None, 'catkin_skip_building_tests': False, 'cmake_args': None, 'cmake_clean_cache': False, 'cmake_clean_first': False, 'cmake_force_configure': False, 'cmake_target': None, 'cmake_target_skip_unavailable': False, 'install_base': '/home/a/ws_nhk/install/moveit_kinematics', 'merge_install': False, 'path': '/home/a/ws_nhk/src/moveit2/moveit_kinematics', 'symlink_install': False, 'test_result_base': None}[0m
[0.378s] [34mcolcon.colcon_core.verb[0m [1;30mLevel 5[0m set package 'moveit_planners_ompl' build argument 'cmake_args' from command line to 'None'
[0.378s] [34mcolcon.colcon_core.verb[0m [1;30mLevel 5[0m set package 'moveit_planners_ompl' build argument 'cmake_target' from command line to 'None'
[0.378s] [34mcolcon.colcon_core.verb[0m [1;30mLevel 5[0m set package 'moveit_planners_ompl' build argument 'cmake_target_skip_unavailable' from command line to 'False'
[0.378s] [34mcolcon.colcon_core.verb[0m [1;30mLevel 5[0m set package 'moveit_planners_ompl' build argument 'cmake_clean_cache' from command line to 'False'
[0.378s] [34mcolcon.colcon_core.verb[0m [1;30mLevel 5[0m set package 'moveit_planners_ompl' build argument 'cmake_clean_first' from command line to 'False'
[0.378s] [34mcolcon.colcon_core.verb[0m [1;30mLevel 5[0m set package 'moveit_planners_ompl' build argument 'cmake_force_configure' from command line to 'False'
[0.378s] [34mcolcon.colcon_core.verb[0m [1;30mLevel 5[0m set package 'moveit_planners_ompl' build argument 'ament_cmake_args' from command line to 'None'
[0.378s] [34mcolcon.colcon_core.verb[0m [1;30mLevel 5[0m set package 'moveit_planners_ompl' build argument 'catkin_cmake_args' from command line to 'None'
[0.378s] [34mcolcon.colcon_core.verb[0m [1;30mLevel 5[0m set package 'moveit_planners_ompl' build argument 'catkin_skip_building_tests' from command line to 'False'
[0.378s] [34mcolcon.colcon_core.verb[0m [1;30mDEBUG[0m [32mBuilding package 'moveit_planners_ompl' with the following arguments: {'ament_cmake_args': None, 'build_base': '/home/a/ws_nhk/build/moveit_planners_ompl', 'catkin_cmake_args': None, 'catkin_skip_building_tests': False, 'cmake_args': None, 'cmake_clean_cache': False, 'cmake_clean_first': False, 'cmake_force_configure': False, 'cmake_target': None, 'cmake_target_skip_unavailable': False, 'install_base': '/home/a/ws_nhk/install/moveit_planners_ompl', 'merge_install': False, 'path': '/home/a/ws_nhk/src/moveit2/moveit_planners/ompl', 'symlink_install': False, 'test_result_base': None}[0m
[0.378s] [34mcolcon.colcon_core.verb[0m [1;30mLevel 5[0m set package 'moveit_ros_perception' build argument 'cmake_args' from command line to 'None'
[0.378s] [34mcolcon.colcon_core.verb[0m [1;30mLevel 5[0m set package 'moveit_ros_perception' build argument 'cmake_target' from command line to 'None'
[0.378s] [34mcolcon.colcon_core.verb[0m [1;30mLevel 5[0m set package 'moveit_ros_perception' build argument 'cmake_target_skip_unavailable' from command line to 'False'
[0.378s] [34mcolcon.colcon_core.verb[0m [1;30mLevel 5[0m set package 'moveit_ros_perception' build argument 'cmake_clean_cache' from command line to 'False'
[0.378s] [34mcolcon.colcon_core.verb[0m [1;30mLevel 5[0m set package 'moveit_ros_perception' build argument 'cmake_clean_first' from command line to 'False'
[0.378s] [34mcolcon.colcon_core.verb[0m [1;30mLevel 5[0m set package 'moveit_ros_perception' build argument 'cmake_force_configure' from command line to 'False'
[0.378s] [34mcolcon.colcon_core.verb[0m [1;30mLevel 5[0m set package 'moveit_ros_perception' build argument 'ament_cmake_args' from command line to 'None'
[0.378s] [34mcolcon.colcon_core.verb[0m [1;30mLevel 5[0m set package 'moveit_ros_perception' build argument 'catkin_cmake_args' from command line to 'None'
[0.378s] [34mcolcon.colcon_core.verb[0m [1;30mLevel 5[0m set package 'moveit_ros_perception' build argument 'catkin_skip_building_tests' from command line to 'False'
[0.378s] [34mcolcon.colcon_core.verb[0m [1;30mDEBUG[0m [32mBuilding package 'moveit_ros_perception' with the following arguments: {'ament_cmake_args': None, 'build_base': '/home/a/ws_nhk/build/moveit_ros_perception', 'catkin_cmake_args': None, 'catkin_skip_building_tests': False, 'cmake_args': None, 'cmake_clean_cache': False, 'cmake_clean_first': False, 'cmake_force_configure': False, 'cmake_target': None, 'cmake_target_skip_unavailable': False, 'install_base': '/home/a/ws_nhk/install/moveit_ros_perception', 'merge_install': False, 'path': '/home/a/ws_nhk/src/moveit2/moveit_ros/perception', 'symlink_install': False, 'test_result_base': None}[0m
[0.378s] [34mcolcon.colcon_core.verb[0m [1;30mLevel 5[0m set package 'moveit_ros_robot_interaction' build argument 'cmake_args' from command line to 'None'
[0.378s] [34mcolcon.colcon_core.verb[0m [1;30mLevel 5[0m set package 'moveit_ros_robot_interaction' build argument 'cmake_target' from command line to 'None'
[0.378s] [34mcolcon.colcon_core.verb[0m [1;30mLevel 5[0m set package 'moveit_ros_robot_interaction' build argument 'cmake_target_skip_unavailable' from command line to 'False'
[0.378s] [34mcolcon.colcon_core.verb[0m [1;30mLevel 5[0m set package 'moveit_ros_robot_interaction' build argument 'cmake_clean_cache' from command line to 'False'
[0.378s] [34mcolcon.colcon_core.verb[0m [1;30mLevel 5[0m set package 'moveit_ros_robot_interaction' build argument 'cmake_clean_first' from command line to 'False'
[0.378s] [34mcolcon.colcon_core.verb[0m [1;30mLevel 5[0m set package 'moveit_ros_robot_interaction' build argument 'cmake_force_configure' from command line to 'False'
[0.378s] [34mcolcon.colcon_core.verb[0m [1;30mLevel 5[0m set package 'moveit_ros_robot_interaction' build argument 'ament_cmake_args' from command line to 'None'
[0.378s] [34mcolcon.colcon_core.verb[0m [1;30mLevel 5[0m set package 'moveit_ros_robot_interaction' build argument 'catkin_cmake_args' from command line to 'None'
[0.378s] [34mcolcon.colcon_core.verb[0m [1;30mLevel 5[0m set package 'moveit_ros_robot_interaction' build argument 'catkin_skip_building_tests' from command line to 'False'
[0.378s] [34mcolcon.colcon_core.verb[0m [1;30mDEBUG[0m [32mBuilding package 'moveit_ros_robot_interaction' with the following arguments: {'ament_cmake_args': None, 'build_base': '/home/a/ws_nhk/build/moveit_ros_robot_interaction', 'catkin_cmake_args': None, 'catkin_skip_building_tests': False, 'cmake_args': None, 'cmake_clean_cache': False, 'cmake_clean_first': False, 'cmake_force_configure': False, 'cmake_target': None, 'cmake_target_skip_unavailable': False, 'install_base': '/home/a/ws_nhk/install/moveit_ros_robot_interaction', 'merge_install': False, 'path': '/home/a/ws_nhk/src/moveit2/moveit_ros/robot_interaction', 'symlink_install': False, 'test_result_base': None}[0m
[0.379s] [34mcolcon.colcon_core.verb[0m [1;30mLevel 5[0m set package 'moveit_ros_warehouse' build argument 'cmake_args' from command line to 'None'
[0.379s] [34mcolcon.colcon_core.verb[0m [1;30mLevel 5[0m set package 'moveit_ros_warehouse' build argument 'cmake_target' from command line to 'None'
[0.379s] [34mcolcon.colcon_core.verb[0m [1;30mLevel 5[0m set package 'moveit_ros_warehouse' build argument 'cmake_target_skip_unavailable' from command line to 'False'
[0.379s] [34mcolcon.colcon_core.verb[0m [1;30mLevel 5[0m set package 'moveit_ros_warehouse' build argument 'cmake_clean_cache' from command line to 'False'
[0.379s] [34mcolcon.colcon_core.verb[0m [1;30mLevel 5[0m set package 'moveit_ros_warehouse' build argument 'cmake_clean_first' from command line to 'False'
[0.379s] [34mcolcon.colcon_core.verb[0m [1;30mLevel 5[0m set package 'moveit_ros_warehouse' build argument 'cmake_force_configure' from command line to 'False'
[0.379s] [34mcolcon.colcon_core.verb[0m [1;30mLevel 5[0m set package 'moveit_ros_warehouse' build argument 'ament_cmake_args' from command line to 'None'
[0.379s] [34mcolcon.colcon_core.verb[0m [1;30mLevel 5[0m set package 'moveit_ros_warehouse' build argument 'catkin_cmake_args' from command line to 'None'
[0.379s] [34mcolcon.colcon_core.verb[0m [1;30mLevel 5[0m set package 'moveit_ros_warehouse' build argument 'catkin_skip_building_tests' from command line to 'False'
[0.379s] [34mcolcon.colcon_core.verb[0m [1;30mDEBUG[0m [32mBuilding package 'moveit_ros_warehouse' with the following arguments: {'ament_cmake_args': None, 'build_base': '/home/a/ws_nhk/build/moveit_ros_warehouse', 'catkin_cmake_args': None, 'catkin_skip_building_tests': False, 'cmake_args': None, 'cmake_clean_cache': False, 'cmake_clean_first': False, 'cmake_force_configure': False, 'cmake_target': None, 'cmake_target_skip_unavailable': False, 'install_base': '/home/a/ws_nhk/install/moveit_ros_warehouse', 'merge_install': False, 'path': '/home/a/ws_nhk/src/moveit2/moveit_ros/warehouse', 'symlink_install': False, 'test_result_base': None}[0m
[0.379s] [34mcolcon.colcon_core.verb[0m [1;30mLevel 5[0m set package 'moveit_visual_tools' build argument 'cmake_args' from command line to 'None'
[0.379s] [34mcolcon.colcon_core.verb[0m [1;30mLevel 5[0m set package 'moveit_visual_tools' build argument 'cmake_target' from command line to 'None'
[0.379s] [34mcolcon.colcon_core.verb[0m [1;30mLevel 5[0m set package 'moveit_visual_tools' build argument 'cmake_target_skip_unavailable' from command line to 'False'
[0.379s] [34mcolcon.colcon_core.verb[0m [1;30mLevel 5[0m set package 'moveit_visual_tools' build argument 'cmake_clean_cache' from command line to 'False'
[0.379s] [34mcolcon.colcon_core.verb[0m [1;30mLevel 5[0m set package 'moveit_visual_tools' build argument 'cmake_clean_first' from command line to 'False'
[0.379s] [34mcolcon.colcon_core.verb[0m [1;30mLevel 5[0m set package 'moveit_visual_tools' build argument 'cmake_force_configure' from command line to 'False'
[0.379s] [34mcolcon.colcon_core.verb[0m [1;30mLevel 5[0m set package 'moveit_visual_tools' build argument 'ament_cmake_args' from command line to 'None'
[0.379s] [34mcolcon.colcon_core.verb[0m [1;30mLevel 5[0m set package 'moveit_visual_tools' build argument 'catkin_cmake_args' from command line to 'None'
[0.379s] [34mcolcon.colcon_core.verb[0m [1;30mLevel 5[0m set package 'moveit_visual_tools' build argument 'catkin_skip_building_tests' from command line to 'False'
[0.379s] [34mcolcon.colcon_core.verb[0m [1;30mDEBUG[0m [32mBuilding package 'moveit_visual_tools' with the following arguments: {'ament_cmake_args': None, 'build_base': '/home/a/ws_nhk/build/moveit_visual_tools', 'catkin_cmake_args': None, 'catkin_skip_building_tests': False, 'cmake_args': None, 'cmake_clean_cache': False, 'cmake_clean_first': False, 'cmake_force_configure': False, 'cmake_target': None, 'cmake_target_skip_unavailable': False, 'install_base': '/home/a/ws_nhk/install/moveit_visual_tools', 'merge_install': False, 'path': '/home/a/ws_nhk/src/moveit_visual_tools', 'symlink_install': False, 'test_result_base': None}[0m
[0.379s] [34mcolcon.colcon_core.verb[0m [1;30mLevel 5[0m set package 'moveit_ros_benchmarks' build argument 'cmake_args' from command line to 'None'
[0.379s] [34mcolcon.colcon_core.verb[0m [1;30mLevel 5[0m set package 'moveit_ros_benchmarks' build argument 'cmake_target' from command line to 'None'
[0.379s] [34mcolcon.colcon_core.verb[0m [1;30mLevel 5[0m set package 'moveit_ros_benchmarks' build argument 'cmake_target_skip_unavailable' from command line to 'False'
[0.379s] [34mcolcon.colcon_core.verb[0m [1;30mLevel 5[0m set package 'moveit_ros_benchmarks' build argument 'cmake_clean_cache' from command line to 'False'
[0.379s] [34mcolcon.colcon_core.verb[0m [1;30mLevel 5[0m set package 'moveit_ros_benchmarks' build argument 'cmake_clean_first' from command line to 'False'
[0.379s] [34mcolcon.colcon_core.verb[0m [1;30mLevel 5[0m set package 'moveit_ros_benchmarks' build argument 'cmake_force_configure' from command line to 'False'
[0.379s] [34mcolcon.colcon_core.verb[0m [1;30mLevel 5[0m set package 'moveit_ros_benchmarks' build argument 'ament_cmake_args' from command line to 'None'
[0.379s] [34mcolcon.colcon_core.verb[0m [1;30mLevel 5[0m set package 'moveit_ros_benchmarks' build argument 'catkin_cmake_args' from command line to 'None'
[0.379s] [34mcolcon.colcon_core.verb[0m [1;30mLevel 5[0m set package 'moveit_ros_benchmarks' build argument 'catkin_skip_building_tests' from command line to 'False'
[0.379s] [34mcolcon.colcon_core.verb[0m [1;30mDEBUG[0m [32mBuilding package 'moveit_ros_benchmarks' with the following arguments: {'ament_cmake_args': None, 'build_base': '/home/a/ws_nhk/build/moveit_ros_benchmarks', 'catkin_cmake_args': None, 'catkin_skip_building_tests': False, 'cmake_args': None, 'cmake_clean_cache': False, 'cmake_clean_first': False, 'cmake_force_configure': False, 'cmake_target': None, 'cmake_target_skip_unavailable': False, 'install_base': '/home/a/ws_nhk/install/moveit_ros_benchmarks', 'merge_install': False, 'path': '/home/a/ws_nhk/src/moveit2/moveit_ros/benchmarks', 'symlink_install': False, 'test_result_base': None}[0m
[0.380s] [34mcolcon.colcon_core.verb[0m [1;30mLevel 5[0m set package 'moveit_ros_move_group' build argument 'cmake_args' from command line to 'None'
[0.380s] [34mcolcon.colcon_core.verb[0m [1;30mLevel 5[0m set package 'moveit_ros_move_group' build argument 'cmake_target' from command line to 'None'
[0.380s] [34mcolcon.colcon_core.verb[0m [1;30mLevel 5[0m set package 'moveit_ros_move_group' build argument 'cmake_target_skip_unavailable' from command line to 'False'
[0.380s] [34mcolcon.colcon_core.verb[0m [1;30mLevel 5[0m set package 'moveit_ros_move_group' build argument 'cmake_clean_cache' from command line to 'False'
[0.380s] [34mcolcon.colcon_core.verb[0m [1;30mLevel 5[0m set package 'moveit_ros_move_group' build argument 'cmake_clean_first' from command line to 'False'
[0.380s] [34mcolcon.colcon_core.verb[0m [1;30mLevel 5[0m set package 'moveit_ros_move_group' build argument 'cmake_force_configure' from command line to 'False'
[0.380s] [34mcolcon.colcon_core.verb[0m [1;30mLevel 5[0m set package 'moveit_ros_move_group' build argument 'ament_cmake_args' from command line to 'None'
[0.380s] [34mcolcon.colcon_core.verb[0m [1;30mLevel 5[0m set package 'moveit_ros_move_group' build argument 'catkin_cmake_args' from command line to 'None'
[0.380s] [34mcolcon.colcon_core.verb[0m [1;30mLevel 5[0m set package 'moveit_ros_move_group' build argument 'catkin_skip_building_tests' from command line to 'False'
[0.380s] [34mcolcon.colcon_core.verb[0m [1;30mDEBUG[0m [32mBuilding package 'moveit_ros_move_group' with the following arguments: {'ament_cmake_args': None, 'build_base': '/home/a/ws_nhk/build/moveit_ros_move_group', 'catkin_cmake_args': None, 'catkin_skip_building_tests': False, 'cmake_args': None, 'cmake_clean_cache': False, 'cmake_clean_first': False, 'cmake_force_configure': False, 'cmake_target': None, 'cmake_target_skip_unavailable': False, 'install_base': '/home/a/ws_nhk/install/moveit_ros_move_group', 'merge_install': False, 'path': '/home/a/ws_nhk/src/moveit2/moveit_ros/move_group', 'symlink_install': False, 'test_result_base': None}[0m
[0.380s] [34mcolcon.colcon_core.verb[0m [1;30mLevel 5[0m set package 'moveit_resources_prbt_moveit_config' build argument 'cmake_args' from command line to 'None'
[0.380s] [34mcolcon.colcon_core.verb[0m [1;30mLevel 5[0m set package 'moveit_resources_prbt_moveit_config' build argument 'cmake_target' from command line to 'None'
[0.380s] [34mcolcon.colcon_core.verb[0m [1;30mLevel 5[0m set package 'moveit_resources_prbt_moveit_config' build argument 'cmake_target_skip_unavailable' from command line to 'False'
[0.380s] [34mcolcon.colcon_core.verb[0m [1;30mLevel 5[0m set package 'moveit_resources_prbt_moveit_config' build argument 'cmake_clean_cache' from command line to 'False'
[0.380s] [34mcolcon.colcon_core.verb[0m [1;30mLevel 5[0m set package 'moveit_resources_prbt_moveit_config' build argument 'cmake_clean_first' from command line to 'False'
[0.380s] [34mcolcon.colcon_core.verb[0m [1;30mLevel 5[0m set package 'moveit_resources_prbt_moveit_config' build argument 'cmake_force_configure' from command line to 'False'
[0.380s] [34mcolcon.colcon_core.verb[0m [1;30mLevel 5[0m set package 'moveit_resources_prbt_moveit_config' build argument 'ament_cmake_args' from command line to 'None'
[0.380s] [34mcolcon.colcon_core.verb[0m [1;30mLevel 5[0m set package 'moveit_resources_prbt_moveit_config' build argument 'catkin_cmake_args' from command line to 'None'
[0.380s] [34mcolcon.colcon_core.verb[0m [1;30mLevel 5[0m set package 'moveit_resources_prbt_moveit_config' build argument 'catkin_skip_building_tests' from command line to 'False'
[0.380s] [34mcolcon.colcon_core.verb[0m [1;30mDEBUG[0m [32mBuilding package 'moveit_resources_prbt_moveit_config' with the following arguments: {'ament_cmake_args': None, 'build_base': '/home/a/ws_nhk/build/moveit_resources_prbt_moveit_config', 'catkin_cmake_args': None, 'catkin_skip_building_tests': False, 'cmake_args': None, 'cmake_clean_cache': False, 'cmake_clean_first': False, 'cmake_force_configure': False, 'cmake_target': None, 'cmake_target_skip_unavailable': False, 'install_base': '/home/a/ws_nhk/install/moveit_resources_prbt_moveit_config', 'merge_install': False, 'path': '/home/a/ws_nhk/src/moveit2/moveit_planners/test_configs/prbt_moveit_config', 'symlink_install': False, 'test_result_base': None}[0m
[0.380s] [34mcolcon.colcon_core.verb[0m [1;30mLevel 5[0m set package 'moveit_ros_planning_interface' build argument 'cmake_args' from command line to 'None'
[0.380s] [34mcolcon.colcon_core.verb[0m [1;30mLevel 5[0m set package 'moveit_ros_planning_interface' build argument 'cmake_target' from command line to 'None'
[0.380s] [34mcolcon.colcon_core.verb[0m [1;30mLevel 5[0m set package 'moveit_ros_planning_interface' build argument 'cmake_target_skip_unavailable' from command line to 'False'
[0.380s] [34mcolcon.colcon_core.verb[0m [1;30mLevel 5[0m set package 'moveit_ros_planning_interface' build argument 'cmake_clean_cache' from command line to 'False'
[0.380s] [34mcolcon.colcon_core.verb[0m [1;30mLevel 5[0m set package 'moveit_ros_planning_interface' build argument 'cmake_clean_first' from command line to 'False'
[0.380s] [34mcolcon.colcon_core.verb[0m [1;30mLevel 5[0m set package 'moveit_ros_planning_interface' build argument 'cmake_force_configure' from command line to 'False'
[0.380s] [34mcolcon.colcon_core.verb[0m [1;30mLevel 5[0m set package 'moveit_ros_planning_interface' build argument 'ament_cmake_args' from command line to 'None'
[0.380s] [34mcolcon.colcon_core.verb[0m [1;30mLevel 5[0m set package 'moveit_ros_planning_interface' build argument 'catkin_cmake_args' from command line to 'None'
[0.380s] [34mcolcon.colcon_core.verb[0m [1;30mLevel 5[0m set package 'moveit_ros_planning_interface' build argument 'catkin_skip_building_tests' from command line to 'False'
[0.380s] [34mcolcon.colcon_core.verb[0m [1;30mDEBUG[0m [32mBuilding package 'moveit_ros_planning_interface' with the following arguments: {'ament_cmake_args': None, 'build_base': '/home/a/ws_nhk/build/moveit_ros_planning_interface', 'catkin_cmake_args': None, 'catkin_skip_building_tests': False, 'cmake_args': None, 'cmake_clean_cache': False, 'cmake_clean_first': False, 'cmake_force_configure': False, 'cmake_target': None, 'cmake_target_skip_unavailable': False, 'install_base': '/home/a/ws_nhk/install/moveit_ros_planning_interface', 'merge_install': False, 'path': '/home/a/ws_nhk/src/moveit2/moveit_ros/planning_interface', 'symlink_install': False, 'test_result_base': None}[0m
[0.381s] [34mcolcon.colcon_core.verb[0m [1;30mLevel 5[0m set package 'moveit_hybrid_planning' build argument 'cmake_args' from command line to 'None'
[0.381s] [34mcolcon.colcon_core.verb[0m [1;30mLevel 5[0m set package 'moveit_hybrid_planning' build argument 'cmake_target' from command line to 'None'
[0.381s] [34mcolcon.colcon_core.verb[0m [1;30mLevel 5[0m set package 'moveit_hybrid_planning' build argument 'cmake_target_skip_unavailable' from command line to 'False'
[0.381s] [34mcolcon.colcon_core.verb[0m [1;30mLevel 5[0m set package 'moveit_hybrid_planning' build argument 'cmake_clean_cache' from command line to 'False'
[0.381s] [34mcolcon.colcon_core.verb[0m [1;30mLevel 5[0m set package 'moveit_hybrid_planning' build argument 'cmake_clean_first' from command line to 'False'
[0.381s] [34mcolcon.colcon_core.verb[0m [1;30mLevel 5[0m set package 'moveit_hybrid_planning' build argument 'cmake_force_configure' from command line to 'False'
[0.381s] [34mcolcon.colcon_core.verb[0m [1;30mLevel 5[0m set package 'moveit_hybrid_planning' build argument 'ament_cmake_args' from command line to 'None'
[0.381s] [34mcolcon.colcon_core.verb[0m [1;30mLevel 5[0m set package 'moveit_hybrid_planning' build argument 'catkin_cmake_args' from command line to 'None'
[0.381s] [34mcolcon.colcon_core.verb[0m [1;30mLevel 5[0m set package 'moveit_hybrid_planning' build argument 'catkin_skip_building_tests' from command line to 'False'
[0.381s] [34mcolcon.colcon_core.verb[0m [1;30mDEBUG[0m [32mBuilding package 'moveit_hybrid_planning' with the following arguments: {'ament_cmake_args': None, 'build_base': '/home/a/ws_nhk/build/moveit_hybrid_planning', 'catkin_cmake_args': None, 'catkin_skip_building_tests': False, 'cmake_args': None, 'cmake_clean_cache': False, 'cmake_clean_first': False, 'cmake_force_configure': False, 'cmake_target': None, 'cmake_target_skip_unavailable': False, 'install_base': '/home/a/ws_nhk/install/moveit_hybrid_planning', 'merge_install': False, 'path': '/home/a/ws_nhk/src/moveit2/moveit_ros/hybrid_planning', 'symlink_install': False, 'test_result_base': None}[0m
[0.381s] [34mcolcon.colcon_core.verb[0m [1;30mLevel 5[0m set package 'moveit_resources_prbt_pg70_support' build argument 'cmake_args' from command line to 'None'
[0.381s] [34mcolcon.colcon_core.verb[0m [1;30mLevel 5[0m set package 'moveit_resources_prbt_pg70_support' build argument 'cmake_target' from command line to 'None'
[0.381s] [34mcolcon.colcon_core.verb[0m [1;30mLevel 5[0m set package 'moveit_resources_prbt_pg70_support' build argument 'cmake_target_skip_unavailable' from command line to 'False'
[0.381s] [34mcolcon.colcon_core.verb[0m [1;30mLevel 5[0m set package 'moveit_resources_prbt_pg70_support' build argument 'cmake_clean_cache' from command line to 'False'
[0.381s] [34mcolcon.colcon_core.verb[0m [1;30mLevel 5[0m set package 'moveit_resources_prbt_pg70_support' build argument 'cmake_clean_first' from command line to 'False'
[0.381s] [34mcolcon.colcon_core.verb[0m [1;30mLevel 5[0m set package 'moveit_resources_prbt_pg70_support' build argument 'cmake_force_configure' from command line to 'False'
[0.381s] [34mcolcon.colcon_core.verb[0m [1;30mLevel 5[0m set package 'moveit_resources_prbt_pg70_support' build argument 'ament_cmake_args' from command line to 'None'
[0.381s] [34mcolcon.colcon_core.verb[0m [1;30mLevel 5[0m set package 'moveit_resources_prbt_pg70_support' build argument 'catkin_cmake_args' from command line to 'None'
[0.381s] [34mcolcon.colcon_core.verb[0m [1;30mLevel 5[0m set package 'moveit_resources_prbt_pg70_support' build argument 'catkin_skip_building_tests' from command line to 'False'
[0.381s] [34mcolcon.colcon_core.verb[0m [1;30mDEBUG[0m [32mBuilding package 'moveit_resources_prbt_pg70_support' with the following arguments: {'ament_cmake_args': None, 'build_base': '/home/a/ws_nhk/build/moveit_resources_prbt_pg70_support', 'catkin_cmake_args': None, 'catkin_skip_building_tests': False, 'cmake_args': None, 'cmake_clean_cache': False, 'cmake_clean_first': False, 'cmake_force_configure': False, 'cmake_target': None, 'cmake_target_skip_unavailable': False, 'install_base': '/home/a/ws_nhk/install/moveit_resources_prbt_pg70_support', 'merge_install': False, 'path': '/home/a/ws_nhk/src/moveit2/moveit_planners/test_configs/prbt_pg70_support', 'symlink_install': False, 'test_result_base': None}[0m
[0.381s] [34mcolcon.colcon_core.verb[0m [1;30mLevel 5[0m set package 'moveit_ros_visualization' build argument 'cmake_args' from command line to 'None'
[0.381s] [34mcolcon.colcon_core.verb[0m [1;30mLevel 5[0m set package 'moveit_ros_visualization' build argument 'cmake_target' from command line to 'None'
[0.381s] [34mcolcon.colcon_core.verb[0m [1;30mLevel 5[0m set package 'moveit_ros_visualization' build argument 'cmake_target_skip_unavailable' from command line to 'False'
[0.381s] [34mcolcon.colcon_core.verb[0m [1;30mLevel 5[0m set package 'moveit_ros_visualization' build argument 'cmake_clean_cache' from command line to 'False'
[0.381s] [34mcolcon.colcon_core.verb[0m [1;30mLevel 5[0m set package 'moveit_ros_visualization' build argument 'cmake_clean_first' from command line to 'False'
[0.381s] [34mcolcon.colcon_core.verb[0m [1;30mLevel 5[0m set package 'moveit_ros_visualization' build argument 'cmake_force_configure' from command line to 'False'
[0.381s] [34mcolcon.colcon_core.verb[0m [1;30mLevel 5[0m set package 'moveit_ros_visualization' build argument 'ament_cmake_args' from command line to 'None'
[0.381s] [34mcolcon.colcon_core.verb[0m [1;30mLevel 5[0m set package 'moveit_ros_visualization' build argument 'catkin_cmake_args' from command line to 'None'
[0.381s] [34mcolcon.colcon_core.verb[0m [1;30mLevel 5[0m set package 'moveit_ros_visualization' build argument 'catkin_skip_building_tests' from command line to 'False'
[0.381s] [34mcolcon.colcon_core.verb[0m [1;30mDEBUG[0m [32mBuilding package 'moveit_ros_visualization' with the following arguments: {'ament_cmake_args': None, 'build_base': '/home/a/ws_nhk/build/moveit_ros_visualization', 'catkin_cmake_args': None, 'catkin_skip_building_tests': False, 'cmake_args': None, 'cmake_clean_cache': False, 'cmake_clean_first': False, 'cmake_force_configure': False, 'cmake_target': None, 'cmake_target_skip_unavailable': False, 'install_base': '/home/a/ws_nhk/install/moveit_ros_visualization', 'merge_install': False, 'path': '/home/a/ws_nhk/src/moveit2/moveit_ros/visualization', 'symlink_install': False, 'test_result_base': None}[0m
[0.381s] [34mcolcon.colcon_core.verb[0m [1;30mLevel 5[0m set package 'moveit_servo' build argument 'cmake_args' from command line to 'None'
[0.381s] [34mcolcon.colcon_core.verb[0m [1;30mLevel 5[0m set package 'moveit_servo' build argument 'cmake_target' from command line to 'None'
[0.381s] [34mcolcon.colcon_core.verb[0m [1;30mLevel 5[0m set package 'moveit_servo' build argument 'cmake_target_skip_unavailable' from command line to 'False'
[0.381s] [34mcolcon.colcon_core.verb[0m [1;30mLevel 5[0m set package 'moveit_servo' build argument 'cmake_clean_cache' from command line to 'False'
[0.381s] [34mcolcon.colcon_core.verb[0m [1;30mLevel 5[0m set package 'moveit_servo' build argument 'cmake_clean_first' from command line to 'False'
[0.382s] [34mcolcon.colcon_core.verb[0m [1;30mLevel 5[0m set package 'moveit_servo' build argument 'cmake_force_configure' from command line to 'False'
[0.382s] [34mcolcon.colcon_core.verb[0m [1;30mLevel 5[0m set package 'moveit_servo' build argument 'ament_cmake_args' from command line to 'None'
[0.382s] [34mcolcon.colcon_core.verb[0m [1;30mLevel 5[0m set package 'moveit_servo' build argument 'catkin_cmake_args' from command line to 'None'
[0.382s] [34mcolcon.colcon_core.verb[0m [1;30mLevel 5[0m set package 'moveit_servo' build argument 'catkin_skip_building_tests' from command line to 'False'
[0.382s] [34mcolcon.colcon_core.verb[0m [1;30mDEBUG[0m [32mBuilding package 'moveit_servo' with the following arguments: {'ament_cmake_args': None, 'build_base': '/home/a/ws_nhk/build/moveit_servo', 'catkin_cmake_args': None, 'catkin_skip_building_tests': False, 'cmake_args': None, 'cmake_clean_cache': False, 'cmake_clean_first': False, 'cmake_force_configure': False, 'cmake_target': None, 'cmake_target_skip_unavailable': False, 'install_base': '/home/a/ws_nhk/install/moveit_servo', 'merge_install': False, 'path': '/home/a/ws_nhk/src/moveit2/moveit_ros/moveit_servo', 'symlink_install': False, 'test_result_base': None}[0m
[0.382s] [34mcolcon.colcon_core.verb[0m [1;30mLevel 5[0m set package 'moveit_ros' build argument 'cmake_args' from command line to 'None'
[0.382s] [34mcolcon.colcon_core.verb[0m [1;30mLevel 5[0m set package 'moveit_ros' build argument 'cmake_target' from command line to 'None'
[0.382s] [34mcolcon.colcon_core.verb[0m [1;30mLevel 5[0m set package 'moveit_ros' build argument 'cmake_target_skip_unavailable' from command line to 'False'
[0.382s] [34mcolcon.colcon_core.verb[0m [1;30mLevel 5[0m set package 'moveit_ros' build argument 'cmake_clean_cache' from command line to 'False'
[0.382s] [34mcolcon.colcon_core.verb[0m [1;30mLevel 5[0m set package 'moveit_ros' build argument 'cmake_clean_first' from command line to 'False'
[0.382s] [34mcolcon.colcon_core.verb[0m [1;30mLevel 5[0m set package 'moveit_ros' build argument 'cmake_force_configure' from command line to 'False'
[0.382s] [34mcolcon.colcon_core.verb[0m [1;30mLevel 5[0m set package 'moveit_ros' build argument 'ament_cmake_args' from command line to 'None'
[0.382s] [34mcolcon.colcon_core.verb[0m [1;30mLevel 5[0m set package 'moveit_ros' build argument 'catkin_cmake_args' from command line to 'None'
[0.382s] [34mcolcon.colcon_core.verb[0m [1;30mLevel 5[0m set package 'moveit_ros' build argument 'catkin_skip_building_tests' from command line to 'False'
[0.382s] [34mcolcon.colcon_core.verb[0m [1;30mDEBUG[0m [32mBuilding package 'moveit_ros' with the following arguments: {'ament_cmake_args': None, 'build_base': '/home/a/ws_nhk/build/moveit_ros', 'catkin_cmake_args': None, 'catkin_skip_building_tests': False, 'cmake_args': None, 'cmake_clean_cache': False, 'cmake_clean_first': False, 'cmake_force_configure': False, 'cmake_target': None, 'cmake_target_skip_unavailable': False, 'install_base': '/home/a/ws_nhk/install/moveit_ros', 'merge_install': False, 'path': '/home/a/ws_nhk/src/moveit2/moveit_ros/moveit_ros', 'symlink_install': False, 'test_result_base': None}[0m
[0.382s] [34mcolcon.colcon_core.verb[0m [1;30mLevel 5[0m set package 'moveit_setup_framework' build argument 'cmake_args' from command line to 'None'
[0.382s] [34mcolcon.colcon_core.verb[0m [1;30mLevel 5[0m set package 'moveit_setup_framework' build argument 'cmake_target' from command line to 'None'
[0.382s] [34mcolcon.colcon_core.verb[0m [1;30mLevel 5[0m set package 'moveit_setup_framework' build argument 'cmake_target_skip_unavailable' from command line to 'False'
[0.382s] [34mcolcon.colcon_core.verb[0m [1;30mLevel 5[0m set package 'moveit_setup_framework' build argument 'cmake_clean_cache' from command line to 'False'
[0.382s] [34mcolcon.colcon_core.verb[0m [1;30mLevel 5[0m set package 'moveit_setup_framework' build argument 'cmake_clean_first' from command line to 'False'
[0.382s] [34mcolcon.colcon_core.verb[0m [1;30mLevel 5[0m set package 'moveit_setup_framework' build argument 'cmake_force_configure' from command line to 'False'
[0.382s] [34mcolcon.colcon_core.verb[0m [1;30mLevel 5[0m set package 'moveit_setup_framework' build argument 'ament_cmake_args' from command line to 'None'
[0.382s] [34mcolcon.colcon_core.verb[0m [1;30mLevel 5[0m set package 'moveit_setup_framework' build argument 'catkin_cmake_args' from command line to 'None'
[0.382s] [34mcolcon.colcon_core.verb[0m [1;30mLevel 5[0m set package 'moveit_setup_framework' build argument 'catkin_skip_building_tests' from command line to 'False'
[0.382s] [34mcolcon.colcon_core.verb[0m [1;30mDEBUG[0m [32mBuilding package 'moveit_setup_framework' with the following arguments: {'ament_cmake_args': None, 'build_base': '/home/a/ws_nhk/build/moveit_setup_framework', 'catkin_cmake_args': None, 'catkin_skip_building_tests': False, 'cmake_args': None, 'cmake_clean_cache': False, 'cmake_clean_first': False, 'cmake_force_configure': False, 'cmake_target': None, 'cmake_target_skip_unavailable': False, 'install_base': '/home/a/ws_nhk/install/moveit_setup_framework', 'merge_install': False, 'path': '/home/a/ws_nhk/src/moveit2/moveit_setup_assistant/moveit_setup_framework', 'symlink_install': False, 'test_result_base': None}[0m
[0.382s] [34mcolcon.colcon_core.verb[0m [1;30mLevel 5[0m set package 'pilz_industrial_motion_planner' build argument 'cmake_args' from command line to 'None'
[0.382s] [34mcolcon.colcon_core.verb[0m [1;30mLevel 5[0m set package 'pilz_industrial_motion_planner' build argument 'cmake_target' from command line to 'None'
[0.382s] [34mcolcon.colcon_core.verb[0m [1;30mLevel 5[0m set package 'pilz_industrial_motion_planner' build argument 'cmake_target_skip_unavailable' from command line to 'False'
[0.382s] [34mcolcon.colcon_core.verb[0m [1;30mLevel 5[0m set package 'pilz_industrial_motion_planner' build argument 'cmake_clean_cache' from command line to 'False'
[0.382s] [34mcolcon.colcon_core.verb[0m [1;30mLevel 5[0m set package 'pilz_industrial_motion_planner' build argument 'cmake_clean_first' from command line to 'False'
[0.382s] [34mcolcon.colcon_core.verb[0m [1;30mLevel 5[0m set package 'pilz_industrial_motion_planner' build argument 'cmake_force_configure' from command line to 'False'
[0.382s] [34mcolcon.colcon_core.verb[0m [1;30mLevel 5[0m set package 'pilz_industrial_motion_planner' build argument 'ament_cmake_args' from command line to 'None'
[0.382s] [34mcolcon.colcon_core.verb[0m [1;30mLevel 5[0m set package 'pilz_industrial_motion_planner' build argument 'catkin_cmake_args' from command line to 'None'
[0.382s] [34mcolcon.colcon_core.verb[0m [1;30mLevel 5[0m set package 'pilz_industrial_motion_planner' build argument 'catkin_skip_building_tests' from command line to 'False'
[0.382s] [34mcolcon.colcon_core.verb[0m [1;30mDEBUG[0m [32mBuilding package 'pilz_industrial_motion_planner' with the following arguments: {'ament_cmake_args': None, 'build_base': '/home/a/ws_nhk/build/pilz_industrial_motion_planner', 'catkin_cmake_args': None, 'catkin_skip_building_tests': False, 'cmake_args': None, 'cmake_clean_cache': False, 'cmake_clean_first': False, 'cmake_force_configure': False, 'cmake_target': None, 'cmake_target_skip_unavailable': False, 'install_base': '/home/a/ws_nhk/install/pilz_industrial_motion_planner', 'merge_install': False, 'path': '/home/a/ws_nhk/src/moveit2/moveit_planners/pilz_industrial_motion_planner', 'symlink_install': False, 'test_result_base': None}[0m
[0.383s] [34mcolcon.colcon_core.verb[0m [1;30mLevel 5[0m set package 'moveit_planners' build argument 'cmake_args' from command line to 'None'
[0.383s] [34mcolcon.colcon_core.verb[0m [1;30mLevel 5[0m set package 'moveit_planners' build argument 'cmake_target' from command line to 'None'
[0.383s] [34mcolcon.colcon_core.verb[0m [1;30mLevel 5[0m set package 'moveit_planners' build argument 'cmake_target_skip_unavailable' from command line to 'False'
[0.383s] [34mcolcon.colcon_core.verb[0m [1;30mLevel 5[0m set package 'moveit_planners' build argument 'cmake_clean_cache' from command line to 'False'
[0.383s] [34mcolcon.colcon_core.verb[0m [1;30mLevel 5[0m set package 'moveit_planners' build argument 'cmake_clean_first' from command line to 'False'
[0.383s] [34mcolcon.colcon_core.verb[0m [1;30mLevel 5[0m set package 'moveit_planners' build argument 'cmake_force_configure' from command line to 'False'
[0.383s] [34mcolcon.colcon_core.verb[0m [1;30mLevel 5[0m set package 'moveit_planners' build argument 'ament_cmake_args' from command line to 'None'
[0.383s] [34mcolcon.colcon_core.verb[0m [1;30mLevel 5[0m set package 'moveit_planners' build argument 'catkin_cmake_args' from command line to 'None'
[0.383s] [34mcolcon.colcon_core.verb[0m [1;30mLevel 5[0m set package 'moveit_planners' build argument 'catkin_skip_building_tests' from command line to 'False'
[0.383s] [34mcolcon.colcon_core.verb[0m [1;30mDEBUG[0m [32mBuilding package 'moveit_planners' with the following arguments: {'ament_cmake_args': None, 'build_base': '/home/a/ws_nhk/build/moveit_planners', 'catkin_cmake_args': None, 'catkin_skip_building_tests': False, 'cmake_args': None, 'cmake_clean_cache': False, 'cmake_clean_first': False, 'cmake_force_configure': False, 'cmake_target': None, 'cmake_target_skip_unavailable': False, 'install_base': '/home/a/ws_nhk/install/moveit_planners', 'merge_install': False, 'path': '/home/a/ws_nhk/src/moveit2/moveit_planners/moveit_planners', 'symlink_install': False, 'test_result_base': None}[0m
[0.383s] [34mcolcon.colcon_core.verb[0m [1;30mLevel 5[0m set package 'moveit_setup_app_plugins' build argument 'cmake_args' from command line to 'None'
[0.383s] [34mcolcon.colcon_core.verb[0m [1;30mLevel 5[0m set package 'moveit_setup_app_plugins' build argument 'cmake_target' from command line to 'None'
[0.383s] [34mcolcon.colcon_core.verb[0m [1;30mLevel 5[0m set package 'moveit_setup_app_plugins' build argument 'cmake_target_skip_unavailable' from command line to 'False'
[0.383s] [34mcolcon.colcon_core.verb[0m [1;30mLevel 5[0m set package 'moveit_setup_app_plugins' build argument 'cmake_clean_cache' from command line to 'False'
[0.383s] [34mcolcon.colcon_core.verb[0m [1;30mLevel 5[0m set package 'moveit_setup_app_plugins' build argument 'cmake_clean_first' from command line to 'False'
[0.383s] [34mcolcon.colcon_core.verb[0m [1;30mLevel 5[0m set package 'moveit_setup_app_plugins' build argument 'cmake_force_configure' from command line to 'False'
[0.383s] [34mcolcon.colcon_core.verb[0m [1;30mLevel 5[0m set package 'moveit_setup_app_plugins' build argument 'ament_cmake_args' from command line to 'None'
[0.383s] [34mcolcon.colcon_core.verb[0m [1;30mLevel 5[0m set package 'moveit_setup_app_plugins' build argument 'catkin_cmake_args' from command line to 'None'
[0.383s] [34mcolcon.colcon_core.verb[0m [1;30mLevel 5[0m set package 'moveit_setup_app_plugins' build argument 'catkin_skip_building_tests' from command line to 'False'
[0.383s] [34mcolcon.colcon_core.verb[0m [1;30mDEBUG[0m [32mBuilding package 'moveit_setup_app_plugins' with the following arguments: {'ament_cmake_args': None, 'build_base': '/home/a/ws_nhk/build/moveit_setup_app_plugins', 'catkin_cmake_args': None, 'catkin_skip_building_tests': False, 'cmake_args': None, 'cmake_clean_cache': False, 'cmake_clean_first': False, 'cmake_force_configure': False, 'cmake_target': None, 'cmake_target_skip_unavailable': False, 'install_base': '/home/a/ws_nhk/install/moveit_setup_app_plugins', 'merge_install': False, 'path': '/home/a/ws_nhk/src/moveit2/moveit_setup_assistant/moveit_setup_app_plugins', 'symlink_install': False, 'test_result_base': None}[0m
[0.383s] [34mcolcon.colcon_core.verb[0m [1;30mLevel 5[0m set package 'moveit_setup_controllers' build argument 'cmake_args' from command line to 'None'
[0.383s] [34mcolcon.colcon_core.verb[0m [1;30mLevel 5[0m set package 'moveit_setup_controllers' build argument 'cmake_target' from command line to 'None'
[0.383s] [34mcolcon.colcon_core.verb[0m [1;30mLevel 5[0m set package 'moveit_setup_controllers' build argument 'cmake_target_skip_unavailable' from command line to 'False'
[0.383s] [34mcolcon.colcon_core.verb[0m [1;30mLevel 5[0m set package 'moveit_setup_controllers' build argument 'cmake_clean_cache' from command line to 'False'
[0.383s] [34mcolcon.colcon_core.verb[0m [1;30mLevel 5[0m set package 'moveit_setup_controllers' build argument 'cmake_clean_first' from command line to 'False'
[0.383s] [34mcolcon.colcon_core.verb[0m [1;30mLevel 5[0m set package 'moveit_setup_controllers' build argument 'cmake_force_configure' from command line to 'False'
[0.383s] [34mcolcon.colcon_core.verb[0m [1;30mLevel 5[0m set package 'moveit_setup_controllers' build argument 'ament_cmake_args' from command line to 'None'
[0.383s] [34mcolcon.colcon_core.verb[0m [1;30mLevel 5[0m set package 'moveit_setup_controllers' build argument 'catkin_cmake_args' from command line to 'None'
[0.383s] [34mcolcon.colcon_core.verb[0m [1;30mLevel 5[0m set package 'moveit_setup_controllers' build argument 'catkin_skip_building_tests' from command line to 'False'
[0.383s] [34mcolcon.colcon_core.verb[0m [1;30mDEBUG[0m [32mBuilding package 'moveit_setup_controllers' with the following arguments: {'ament_cmake_args': None, 'build_base': '/home/a/ws_nhk/build/moveit_setup_controllers', 'catkin_cmake_args': None, 'catkin_skip_building_tests': False, 'cmake_args': None, 'cmake_clean_cache': False, 'cmake_clean_first': False, 'cmake_force_configure': False, 'cmake_target': None, 'cmake_target_skip_unavailable': False, 'install_base': '/home/a/ws_nhk/install/moveit_setup_controllers', 'merge_install': False, 'path': '/home/a/ws_nhk/src/moveit2/moveit_setup_assistant/moveit_setup_controllers', 'symlink_install': False, 'test_result_base': None}[0m
[0.384s] [34mcolcon.colcon_core.verb[0m [1;30mLevel 5[0m set package 'moveit_setup_core_plugins' build argument 'cmake_args' from command line to 'None'
[0.384s] [34mcolcon.colcon_core.verb[0m [1;30mLevel 5[0m set package 'moveit_setup_core_plugins' build argument 'cmake_target' from command line to 'None'
[0.384s] [34mcolcon.colcon_core.verb[0m [1;30mLevel 5[0m set package 'moveit_setup_core_plugins' build argument 'cmake_target_skip_unavailable' from command line to 'False'
[0.384s] [34mcolcon.colcon_core.verb[0m [1;30mLevel 5[0m set package 'moveit_setup_core_plugins' build argument 'cmake_clean_cache' from command line to 'False'
[0.384s] [34mcolcon.colcon_core.verb[0m [1;30mLevel 5[0m set package 'moveit_setup_core_plugins' build argument 'cmake_clean_first' from command line to 'False'
[0.384s] [34mcolcon.colcon_core.verb[0m [1;30mLevel 5[0m set package 'moveit_setup_core_plugins' build argument 'cmake_force_configure' from command line to 'False'
[0.384s] [34mcolcon.colcon_core.verb[0m [1;30mLevel 5[0m set package 'moveit_setup_core_plugins' build argument 'ament_cmake_args' from command line to 'None'
[0.384s] [34mcolcon.colcon_core.verb[0m [1;30mLevel 5[0m set package 'moveit_setup_core_plugins' build argument 'catkin_cmake_args' from command line to 'None'
[0.384s] [34mcolcon.colcon_core.verb[0m [1;30mLevel 5[0m set package 'moveit_setup_core_plugins' build argument 'catkin_skip_building_tests' from command line to 'False'
[0.384s] [34mcolcon.colcon_core.verb[0m [1;30mDEBUG[0m [32mBuilding package 'moveit_setup_core_plugins' with the following arguments: {'ament_cmake_args': None, 'build_base': '/home/a/ws_nhk/build/moveit_setup_core_plugins', 'catkin_cmake_args': None, 'catkin_skip_building_tests': False, 'cmake_args': None, 'cmake_clean_cache': False, 'cmake_clean_first': False, 'cmake_force_configure': False, 'cmake_target': None, 'cmake_target_skip_unavailable': False, 'install_base': '/home/a/ws_nhk/install/moveit_setup_core_plugins', 'merge_install': False, 'path': '/home/a/ws_nhk/src/moveit2/moveit_setup_assistant/moveit_setup_core_plugins', 'symlink_install': False, 'test_result_base': None}[0m
[0.384s] [34mcolcon.colcon_core.verb[0m [1;30mLevel 5[0m set package 'moveit_setup_srdf_plugins' build argument 'cmake_args' from command line to 'None'
[0.384s] [34mcolcon.colcon_core.verb[0m [1;30mLevel 5[0m set package 'moveit_setup_srdf_plugins' build argument 'cmake_target' from command line to 'None'
[0.384s] [34mcolcon.colcon_core.verb[0m [1;30mLevel 5[0m set package 'moveit_setup_srdf_plugins' build argument 'cmake_target_skip_unavailable' from command line to 'False'
[0.384s] [34mcolcon.colcon_core.verb[0m [1;30mLevel 5[0m set package 'moveit_setup_srdf_plugins' build argument 'cmake_clean_cache' from command line to 'False'
[0.384s] [34mcolcon.colcon_core.verb[0m [1;30mLevel 5[0m set package 'moveit_setup_srdf_plugins' build argument 'cmake_clean_first' from command line to 'False'
[0.384s] [34mcolcon.colcon_core.verb[0m [1;30mLevel 5[0m set package 'moveit_setup_srdf_plugins' build argument 'cmake_force_configure' from command line to 'False'
[0.384s] [34mcolcon.colcon_core.verb[0m [1;30mLevel 5[0m set package 'moveit_setup_srdf_plugins' build argument 'ament_cmake_args' from command line to 'None'
[0.384s] [34mcolcon.colcon_core.verb[0m [1;30mLevel 5[0m set package 'moveit_setup_srdf_plugins' build argument 'catkin_cmake_args' from command line to 'None'
[0.384s] [34mcolcon.colcon_core.verb[0m [1;30mLevel 5[0m set package 'moveit_setup_srdf_plugins' build argument 'catkin_skip_building_tests' from command line to 'False'
[0.384s] [34mcolcon.colcon_core.verb[0m [1;30mDEBUG[0m [32mBuilding package 'moveit_setup_srdf_plugins' with the following arguments: {'ament_cmake_args': None, 'build_base': '/home/a/ws_nhk/build/moveit_setup_srdf_plugins', 'catkin_cmake_args': None, 'catkin_skip_building_tests': False, 'cmake_args': None, 'cmake_clean_cache': False, 'cmake_clean_first': False, 'cmake_force_configure': False, 'cmake_target': None, 'cmake_target_skip_unavailable': False, 'install_base': '/home/a/ws_nhk/install/moveit_setup_srdf_plugins', 'merge_install': False, 'path': '/home/a/ws_nhk/src/moveit2/moveit_setup_assistant/moveit_setup_srdf_plugins', 'symlink_install': False, 'test_result_base': None}[0m
[0.384s] [34mcolcon.colcon_core.verb[0m [1;30mLevel 5[0m set package 'moveit_runtime' build argument 'cmake_args' from command line to 'None'
[0.384s] [34mcolcon.colcon_core.verb[0m [1;30mLevel 5[0m set package 'moveit_runtime' build argument 'cmake_target' from command line to 'None'
[0.384s] [34mcolcon.colcon_core.verb[0m [1;30mLevel 5[0m set package 'moveit_runtime' build argument 'cmake_target_skip_unavailable' from command line to 'False'
[0.384s] [34mcolcon.colcon_core.verb[0m [1;30mLevel 5[0m set package 'moveit_runtime' build argument 'cmake_clean_cache' from command line to 'False'
[0.384s] [34mcolcon.colcon_core.verb[0m [1;30mLevel 5[0m set package 'moveit_runtime' build argument 'cmake_clean_first' from command line to 'False'
[0.384s] [34mcolcon.colcon_core.verb[0m [1;30mLevel 5[0m set package 'moveit_runtime' build argument 'cmake_force_configure' from command line to 'False'
[0.384s] [34mcolcon.colcon_core.verb[0m [1;30mLevel 5[0m set package 'moveit_runtime' build argument 'ament_cmake_args' from command line to 'None'
[0.384s] [34mcolcon.colcon_core.verb[0m [1;30mLevel 5[0m set package 'moveit_runtime' build argument 'catkin_cmake_args' from command line to 'None'
[0.384s] [34mcolcon.colcon_core.verb[0m [1;30mLevel 5[0m set package 'moveit_runtime' build argument 'catkin_skip_building_tests' from command line to 'False'
[0.384s] [34mcolcon.colcon_core.verb[0m [1;30mDEBUG[0m [32mBuilding package 'moveit_runtime' with the following arguments: {'ament_cmake_args': None, 'build_base': '/home/a/ws_nhk/build/moveit_runtime', 'catkin_cmake_args': None, 'catkin_skip_building_tests': False, 'cmake_args': None, 'cmake_clean_cache': False, 'cmake_clean_first': False, 'cmake_force_configure': False, 'cmake_target': None, 'cmake_target_skip_unavailable': False, 'install_base': '/home/a/ws_nhk/install/moveit_runtime', 'merge_install': False, 'path': '/home/a/ws_nhk/src/moveit2/moveit_runtime', 'symlink_install': False, 'test_result_base': None}[0m
[0.385s] [34mcolcon.colcon_core.verb[0m [1;30mLevel 5[0m set package 'moveit_setup_assistant' build argument 'cmake_args' from command line to 'None'
[0.385s] [34mcolcon.colcon_core.verb[0m [1;30mLevel 5[0m set package 'moveit_setup_assistant' build argument 'cmake_target' from command line to 'None'
[0.385s] [34mcolcon.colcon_core.verb[0m [1;30mLevel 5[0m set package 'moveit_setup_assistant' build argument 'cmake_target_skip_unavailable' from command line to 'False'
[0.385s] [34mcolcon.colcon_core.verb[0m [1;30mLevel 5[0m set package 'moveit_setup_assistant' build argument 'cmake_clean_cache' from command line to 'False'
[0.385s] [34mcolcon.colcon_core.verb[0m [1;30mLevel 5[0m set package 'moveit_setup_assistant' build argument 'cmake_clean_first' from command line to 'False'
[0.385s] [34mcolcon.colcon_core.verb[0m [1;30mLevel 5[0m set package 'moveit_setup_assistant' build argument 'cmake_force_configure' from command line to 'False'
[0.385s] [34mcolcon.colcon_core.verb[0m [1;30mLevel 5[0m set package 'moveit_setup_assistant' build argument 'ament_cmake_args' from command line to 'None'
[0.385s] [34mcolcon.colcon_core.verb[0m [1;30mLevel 5[0m set package 'moveit_setup_assistant' build argument 'catkin_cmake_args' from command line to 'None'
[0.385s] [34mcolcon.colcon_core.verb[0m [1;30mLevel 5[0m set package 'moveit_setup_assistant' build argument 'catkin_skip_building_tests' from command line to 'False'
[0.385s] [34mcolcon.colcon_core.verb[0m [1;30mDEBUG[0m [32mBuilding package 'moveit_setup_assistant' with the following arguments: {'ament_cmake_args': None, 'build_base': '/home/a/ws_nhk/build/moveit_setup_assistant', 'catkin_cmake_args': None, 'catkin_skip_building_tests': False, 'cmake_args': None, 'cmake_clean_cache': False, 'cmake_clean_first': False, 'cmake_force_configure': False, 'cmake_target': None, 'cmake_target_skip_unavailable': False, 'install_base': '/home/a/ws_nhk/install/moveit_setup_assistant', 'merge_install': False, 'path': '/home/a/ws_nhk/src/moveit2/moveit_setup_assistant/moveit_setup_assistant', 'symlink_install': False, 'test_result_base': None}[0m
[0.385s] [34mcolcon.colcon_core.verb[0m [1;30mLevel 5[0m set package 'moveit_task_constructor_core' build argument 'cmake_args' from command line to 'None'
[0.385s] [34mcolcon.colcon_core.verb[0m [1;30mLevel 5[0m set package 'moveit_task_constructor_core' build argument 'cmake_target' from command line to 'None'
[0.385s] [34mcolcon.colcon_core.verb[0m [1;30mLevel 5[0m set package 'moveit_task_constructor_core' build argument 'cmake_target_skip_unavailable' from command line to 'False'
[0.385s] [34mcolcon.colcon_core.verb[0m [1;30mLevel 5[0m set package 'moveit_task_constructor_core' build argument 'cmake_clean_cache' from command line to 'False'
[0.385s] [34mcolcon.colcon_core.verb[0m [1;30mLevel 5[0m set package 'moveit_task_constructor_core' build argument 'cmake_clean_first' from command line to 'False'
[0.385s] [34mcolcon.colcon_core.verb[0m [1;30mLevel 5[0m set package 'moveit_task_constructor_core' build argument 'cmake_force_configure' from command line to 'False'
[0.385s] [34mcolcon.colcon_core.verb[0m [1;30mLevel 5[0m set package 'moveit_task_constructor_core' build argument 'ament_cmake_args' from command line to 'None'
[0.385s] [34mcolcon.colcon_core.verb[0m [1;30mLevel 5[0m set package 'moveit_task_constructor_core' build argument 'catkin_cmake_args' from command line to 'None'
[0.385s] [34mcolcon.colcon_core.verb[0m [1;30mLevel 5[0m set package 'moveit_task_constructor_core' build argument 'catkin_skip_building_tests' from command line to 'False'
[0.385s] [34mcolcon.colcon_core.verb[0m [1;30mDEBUG[0m [32mBuilding package 'moveit_task_constructor_core' with the following arguments: {'ament_cmake_args': None, 'build_base': '/home/a/ws_nhk/build/moveit_task_constructor_core', 'catkin_cmake_args': None, 'catkin_skip_building_tests': False, 'cmake_args': None, 'cmake_clean_cache': False, 'cmake_clean_first': False, 'cmake_force_configure': False, 'cmake_target': None, 'cmake_target_skip_unavailable': False, 'install_base': '/home/a/ws_nhk/install/moveit_task_constructor_core', 'merge_install': False, 'path': '/home/a/ws_nhk/src/moveit_task_constructor/core', 'symlink_install': False, 'test_result_base': None}[0m
[0.385s] [34mcolcon.colcon_core.verb[0m [1;30mLevel 5[0m set package 'moveit' build argument 'cmake_args' from command line to 'None'
[0.385s] [34mcolcon.colcon_core.verb[0m [1;30mLevel 5[0m set package 'moveit' build argument 'cmake_target' from command line to 'None'
[0.385s] [34mcolcon.colcon_core.verb[0m [1;30mLevel 5[0m set package 'moveit' build argument 'cmake_target_skip_unavailable' from command line to 'False'
[0.385s] [34mcolcon.colcon_core.verb[0m [1;30mLevel 5[0m set package 'moveit' build argument 'cmake_clean_cache' from command line to 'False'
[0.385s] [34mcolcon.colcon_core.verb[0m [1;30mLevel 5[0m set package 'moveit' build argument 'cmake_clean_first' from command line to 'False'
[0.385s] [34mcolcon.colcon_core.verb[0m [1;30mLevel 5[0m set package 'moveit' build argument 'cmake_force_configure' from command line to 'False'
[0.385s] [34mcolcon.colcon_core.verb[0m [1;30mLevel 5[0m set package 'moveit' build argument 'ament_cmake_args' from command line to 'None'
[0.385s] [34mcolcon.colcon_core.verb[0m [1;30mLevel 5[0m set package 'moveit' build argument 'catkin_cmake_args' from command line to 'None'
[0.385s] [34mcolcon.colcon_core.verb[0m [1;30mLevel 5[0m set package 'moveit' build argument 'catkin_skip_building_tests' from command line to 'False'
[0.385s] [34mcolcon.colcon_core.verb[0m [1;30mDEBUG[0m [32mBuilding package 'moveit' with the following arguments: {'ament_cmake_args': None, 'build_base': '/home/a/ws_nhk/build/moveit', 'catkin_cmake_args': None, 'catkin_skip_building_tests': False, 'cmake_args': None, 'cmake_clean_cache': False, 'cmake_clean_first': False, 'cmake_force_configure': False, 'cmake_target': None, 'cmake_target_skip_unavailable': False, 'install_base': '/home/a/ws_nhk/install/moveit', 'merge_install': False, 'path': '/home/a/ws_nhk/src/moveit2/moveit', 'symlink_install': False, 'test_result_base': None}[0m
[0.386s] [34mcolcon.colcon_core.verb[0m [1;30mLevel 5[0m set package 'moveit_config' build argument 'cmake_args' from command line to 'None'
[0.386s] [34mcolcon.colcon_core.verb[0m [1;30mLevel 5[0m set package 'moveit_config' build argument 'cmake_target' from command line to 'None'
[0.386s] [34mcolcon.colcon_core.verb[0m [1;30mLevel 5[0m set package 'moveit_config' build argument 'cmake_target_skip_unavailable' from command line to 'False'
[0.386s] [34mcolcon.colcon_core.verb[0m [1;30mLevel 5[0m set package 'moveit_config' build argument 'cmake_clean_cache' from command line to 'False'
[0.386s] [34mcolcon.colcon_core.verb[0m [1;30mLevel 5[0m set package 'moveit_config' build argument 'cmake_clean_first' from command line to 'False'
[0.386s] [34mcolcon.colcon_core.verb[0m [1;30mLevel 5[0m set package 'moveit_config' build argument 'cmake_force_configure' from command line to 'False'
[0.386s] [34mcolcon.colcon_core.verb[0m [1;30mLevel 5[0m set package 'moveit_config' build argument 'ament_cmake_args' from command line to 'None'
[0.386s] [34mcolcon.colcon_core.verb[0m [1;30mLevel 5[0m set package 'moveit_config' build argument 'catkin_cmake_args' from command line to 'None'
[0.386s] [34mcolcon.colcon_core.verb[0m [1;30mLevel 5[0m set package 'moveit_config' build argument 'catkin_skip_building_tests' from command line to 'False'
[0.386s] [34mcolcon.colcon_core.verb[0m [1;30mDEBUG[0m [32mBuilding package 'moveit_config' with the following arguments: {'ament_cmake_args': None, 'build_base': '/home/a/ws_nhk/build/moveit_config', 'catkin_cmake_args': None, 'catkin_skip_building_tests': False, 'cmake_args': None, 'cmake_clean_cache': False, 'cmake_clean_first': False, 'cmake_force_configure': False, 'cmake_target': None, 'cmake_target_skip_unavailable': False, 'install_base': '/home/a/ws_nhk/install/moveit_config', 'merge_install': False, 'path': '/home/a/ws_nhk/src/moveit_config', 'symlink_install': False, 'test_result_base': None}[0m
[0.386s] [34mcolcon.colcon_core.verb[0m [1;30mLevel 5[0m set package 'moveit_r2_config' build argument 'cmake_args' from command line to 'None'
[0.386s] [34mcolcon.colcon_core.verb[0m [1;30mLevel 5[0m set package 'moveit_r2_config' build argument 'cmake_target' from command line to 'None'
[0.386s] [34mcolcon.colcon_core.verb[0m [1;30mLevel 5[0m set package 'moveit_r2_config' build argument 'cmake_target_skip_unavailable' from command line to 'False'
[0.386s] [34mcolcon.colcon_core.verb[0m [1;30mLevel 5[0m set package 'moveit_r2_config' build argument 'cmake_clean_cache' from command line to 'False'
[0.386s] [34mcolcon.colcon_core.verb[0m [1;30mLevel 5[0m set package 'moveit_r2_config' build argument 'cmake_clean_first' from command line to 'False'
[0.386s] [34mcolcon.colcon_core.verb[0m [1;30mLevel 5[0m set package 'moveit_r2_config' build argument 'cmake_force_configure' from command line to 'False'
[0.386s] [34mcolcon.colcon_core.verb[0m [1;30mLevel 5[0m set package 'moveit_r2_config' build argument 'ament_cmake_args' from command line to 'None'
[0.386s] [34mcolcon.colcon_core.verb[0m [1;30mLevel 5[0m set package 'moveit_r2_config' build argument 'catkin_cmake_args' from command line to 'None'
[0.386s] [34mcolcon.colcon_core.verb[0m [1;30mLevel 5[0m set package 'moveit_r2_config' build argument 'catkin_skip_building_tests' from command line to 'False'
[0.386s] [34mcolcon.colcon_core.verb[0m [1;30mDEBUG[0m [32mBuilding package 'moveit_r2_config' with the following arguments: {'ament_cmake_args': None, 'build_base': '/home/a/ws_nhk/build/moveit_r2_config', 'catkin_cmake_args': None, 'catkin_skip_building_tests': False, 'cmake_args': None, 'cmake_clean_cache': False, 'cmake_clean_first': False, 'cmake_force_configure': False, 'cmake_target': None, 'cmake_target_skip_unavailable': False, 'install_base': '/home/a/ws_nhk/install/moveit_r2_config', 'merge_install': False, 'path': '/home/a/ws_nhk/src/moveit_r2_config', 'symlink_install': False, 'test_result_base': None}[0m
[0.386s] [34mcolcon.colcon_core.verb[0m [1;30mLevel 5[0m set package 'moveit_task_constructor_capabilities' build argument 'cmake_args' from command line to 'None'
[0.386s] [34mcolcon.colcon_core.verb[0m [1;30mLevel 5[0m set package 'moveit_task_constructor_capabilities' build argument 'cmake_target' from command line to 'None'
[0.386s] [34mcolcon.colcon_core.verb[0m [1;30mLevel 5[0m set package 'moveit_task_constructor_capabilities' build argument 'cmake_target_skip_unavailable' from command line to 'False'
[0.386s] [34mcolcon.colcon_core.verb[0m [1;30mLevel 5[0m set package 'moveit_task_constructor_capabilities' build argument 'cmake_clean_cache' from command line to 'False'
[0.386s] [34mcolcon.colcon_core.verb[0m [1;30mLevel 5[0m set package 'moveit_task_constructor_capabilities' build argument 'cmake_clean_first' from command line to 'False'
[0.386s] [34mcolcon.colcon_core.verb[0m [1;30mLevel 5[0m set package 'moveit_task_constructor_capabilities' build argument 'cmake_force_configure' from command line to 'False'
[0.386s] [34mcolcon.colcon_core.verb[0m [1;30mLevel 5[0m set package 'moveit_task_constructor_capabilities' build argument 'ament_cmake_args' from command line to 'None'
[0.386s] [34mcolcon.colcon_core.verb[0m [1;30mLevel 5[0m set package 'moveit_task_constructor_capabilities' build argument 'catkin_cmake_args' from command line to 'None'
[0.386s] [34mcolcon.colcon_core.verb[0m [1;30mLevel 5[0m set package 'moveit_task_constructor_capabilities' build argument 'catkin_skip_building_tests' from command line to 'False'
[0.386s] [34mcolcon.colcon_core.verb[0m [1;30mDEBUG[0m [32mBuilding package 'moveit_task_constructor_capabilities' with the following arguments: {'ament_cmake_args': None, 'build_base': '/home/a/ws_nhk/build/moveit_task_constructor_capabilities', 'catkin_cmake_args': None, 'catkin_skip_building_tests': False, 'cmake_args': None, 'cmake_clean_cache': False, 'cmake_clean_first': False, 'cmake_force_configure': False, 'cmake_target': None, 'cmake_target_skip_unavailable': False, 'install_base': '/home/a/ws_nhk/install/moveit_task_constructor_capabilities', 'merge_install': False, 'path': '/home/a/ws_nhk/src/moveit_task_constructor/capabilities', 'symlink_install': False, 'test_result_base': None}[0m
[0.387s] [34mcolcon.colcon_core.verb[0m [1;30mLevel 5[0m set package 'moveit_task_constructor_visualization' build argument 'cmake_args' from command line to 'None'
[0.387s] [34mcolcon.colcon_core.verb[0m [1;30mLevel 5[0m set package 'moveit_task_constructor_visualization' build argument 'cmake_target' from command line to 'None'
[0.387s] [34mcolcon.colcon_core.verb[0m [1;30mLevel 5[0m set package 'moveit_task_constructor_visualization' build argument 'cmake_target_skip_unavailable' from command line to 'False'
[0.387s] [34mcolcon.colcon_core.verb[0m [1;30mLevel 5[0m set package 'moveit_task_constructor_visualization' build argument 'cmake_clean_cache' from command line to 'False'
[0.387s] [34mcolcon.colcon_core.verb[0m [1;30mLevel 5[0m set package 'moveit_task_constructor_visualization' build argument 'cmake_clean_first' from command line to 'False'
[0.387s] [34mcolcon.colcon_core.verb[0m [1;30mLevel 5[0m set package 'moveit_task_constructor_visualization' build argument 'cmake_force_configure' from command line to 'False'
[0.387s] [34mcolcon.colcon_core.verb[0m [1;30mLevel 5[0m set package 'moveit_task_constructor_visualization' build argument 'ament_cmake_args' from command line to 'None'
[0.387s] [34mcolcon.colcon_core.verb[0m [1;30mLevel 5[0m set package 'moveit_task_constructor_visualization' build argument 'catkin_cmake_args' from command line to 'None'
[0.387s] [34mcolcon.colcon_core.verb[0m [1;30mLevel 5[0m set package 'moveit_task_constructor_visualization' build argument 'catkin_skip_building_tests' from command line to 'False'
[0.387s] [34mcolcon.colcon_core.verb[0m [1;30mDEBUG[0m [32mBuilding package 'moveit_task_constructor_visualization' with the following arguments: {'ament_cmake_args': None, 'build_base': '/home/a/ws_nhk/build/moveit_task_constructor_visualization', 'catkin_cmake_args': None, 'catkin_skip_building_tests': False, 'cmake_args': None, 'cmake_clean_cache': False, 'cmake_clean_first': False, 'cmake_force_configure': False, 'cmake_target': None, 'cmake_target_skip_unavailable': False, 'install_base': '/home/a/ws_nhk/install/moveit_task_constructor_visualization', 'merge_install': False, 'path': '/home/a/ws_nhk/src/moveit_task_constructor/visualization', 'symlink_install': False, 'test_result_base': None}[0m
[0.387s] [34mcolcon.colcon_core.verb[0m [1;30mLevel 5[0m set package 'sakai_r2_config' build argument 'cmake_args' from command line to 'None'
[0.387s] [34mcolcon.colcon_core.verb[0m [1;30mLevel 5[0m set package 'sakai_r2_config' build argument 'cmake_target' from command line to 'None'
[0.387s] [34mcolcon.colcon_core.verb[0m [1;30mLevel 5[0m set package 'sakai_r2_config' build argument 'cmake_target_skip_unavailable' from command line to 'False'
[0.387s] [34mcolcon.colcon_core.verb[0m [1;30mLevel 5[0m set package 'sakai_r2_config' build argument 'cmake_clean_cache' from command line to 'False'
[0.387s] [34mcolcon.colcon_core.verb[0m [1;30mLevel 5[0m set package 'sakai_r2_config' build argument 'cmake_clean_first' from command line to 'False'
[0.387s] [34mcolcon.colcon_core.verb[0m [1;30mLevel 5[0m set package 'sakai_r2_config' build argument 'cmake_force_configure' from command line to 'False'
[0.387s] [34mcolcon.colcon_core.verb[0m [1;30mLevel 5[0m set package 'sakai_r2_config' build argument 'ament_cmake_args' from command line to 'None'
[0.387s] [34mcolcon.colcon_core.verb[0m [1;30mLevel 5[0m set package 'sakai_r2_config' build argument 'catkin_cmake_args' from command line to 'None'
[0.387s] [34mcolcon.colcon_core.verb[0m [1;30mLevel 5[0m set package 'sakai_r2_config' build argument 'catkin_skip_building_tests' from command line to 'False'
[0.387s] [34mcolcon.colcon_core.verb[0m [1;30mDEBUG[0m [32mBuilding package 'sakai_r2_config' with the following arguments: {'ament_cmake_args': None, 'build_base': '/home/a/ws_nhk/build/sakai_r2_config', 'catkin_cmake_args': None, 'catkin_skip_building_tests': False, 'cmake_args': None, 'cmake_clean_cache': False, 'cmake_clean_first': False, 'cmake_force_configure': False, 'cmake_target': None, 'cmake_target_skip_unavailable': False, 'install_base': '/home/a/ws_nhk/install/sakai_r2_config', 'merge_install': False, 'path': '/home/a/ws_nhk/src/sakai_r2_config', 'symlink_install': False, 'test_result_base': None}[0m
[0.387s] [34mcolcon.colcon_core.verb[0m [1;30mLevel 5[0m set package 'moveit2_tutorials' build argument 'cmake_args' from command line to 'None'
[0.387s] [34mcolcon.colcon_core.verb[0m [1;30mLevel 5[0m set package 'moveit2_tutorials' build argument 'cmake_target' from command line to 'None'
[0.387s] [34mcolcon.colcon_core.verb[0m [1;30mLevel 5[0m set package 'moveit2_tutorials' build argument 'cmake_target_skip_unavailable' from command line to 'False'
[0.387s] [34mcolcon.colcon_core.verb[0m [1;30mLevel 5[0m set package 'moveit2_tutorials' build argument 'cmake_clean_cache' from command line to 'False'
[0.387s] [34mcolcon.colcon_core.verb[0m [1;30mLevel 5[0m set package 'moveit2_tutorials' build argument 'cmake_clean_first' from command line to 'False'
[0.387s] [34mcolcon.colcon_core.verb[0m [1;30mLevel 5[0m set package 'moveit2_tutorials' build argument 'cmake_force_configure' from command line to 'False'
[0.387s] [34mcolcon.colcon_core.verb[0m [1;30mLevel 5[0m set package 'moveit2_tutorials' build argument 'ament_cmake_args' from command line to 'None'
[0.387s] [34mcolcon.colcon_core.verb[0m [1;30mLevel 5[0m set package 'moveit2_tutorials' build argument 'catkin_cmake_args' from command line to 'None'
[0.387s] [34mcolcon.colcon_core.verb[0m [1;30mLevel 5[0m set package 'moveit2_tutorials' build argument 'catkin_skip_building_tests' from command line to 'False'
[0.387s] [34mcolcon.colcon_core.verb[0m [1;30mDEBUG[0m [32mBuilding package 'moveit2_tutorials' with the following arguments: {'ament_cmake_args': None, 'build_base': '/home/a/ws_nhk/build/moveit2_tutorials', 'catkin_cmake_args': None, 'catkin_skip_building_tests': False, 'cmake_args': None, 'cmake_clean_cache': False, 'cmake_clean_first': False, 'cmake_force_configure': False, 'cmake_target': None, 'cmake_target_skip_unavailable': False, 'install_base': '/home/a/ws_nhk/install/moveit2_tutorials', 'merge_install': False, 'path': '/home/a/ws_nhk/src/moveit2_tutorials', 'symlink_install': False, 'test_result_base': None}[0m
[0.387s] [34mcolcon.colcon_core.verb[0m [1;30mLevel 5[0m set package 'moveit_task_constructor_demo' build argument 'cmake_args' from command line to 'None'
[0.388s] [34mcolcon.colcon_core.verb[0m [1;30mLevel 5[0m set package 'moveit_task_constructor_demo' build argument 'cmake_target' from command line to 'None'
[0.388s] [34mcolcon.colcon_core.verb[0m [1;30mLevel 5[0m set package 'moveit_task_constructor_demo' build argument 'cmake_target_skip_unavailable' from command line to 'False'
[0.388s] [34mcolcon.colcon_core.verb[0m [1;30mLevel 5[0m set package 'moveit_task_constructor_demo' build argument 'cmake_clean_cache' from command line to 'False'
[0.388s] [34mcolcon.colcon_core.verb[0m [1;30mLevel 5[0m set package 'moveit_task_constructor_demo' build argument 'cmake_clean_first' from command line to 'False'
[0.388s] [34mcolcon.colcon_core.verb[0m [1;30mLevel 5[0m set package 'moveit_task_constructor_demo' build argument 'cmake_force_configure' from command line to 'False'
[0.388s] [34mcolcon.colcon_core.verb[0m [1;30mLevel 5[0m set package 'moveit_task_constructor_demo' build argument 'ament_cmake_args' from command line to 'None'
[0.388s] [34mcolcon.colcon_core.verb[0m [1;30mLevel 5[0m set package 'moveit_task_constructor_demo' build argument 'catkin_cmake_args' from command line to 'None'
[0.388s] [34mcolcon.colcon_core.verb[0m [1;30mLevel 5[0m set package 'moveit_task_constructor_demo' build argument 'catkin_skip_building_tests' from command line to 'False'
[0.388s] [34mcolcon.colcon_core.verb[0m [1;30mDEBUG[0m [32mBuilding package 'moveit_task_constructor_demo' with the following arguments: {'ament_cmake_args': None, 'build_base': '/home/a/ws_nhk/build/moveit_task_constructor_demo', 'catkin_cmake_args': None, 'catkin_skip_building_tests': False, 'cmake_args': None, 'cmake_clean_cache': False, 'cmake_clean_first': False, 'cmake_force_configure': False, 'cmake_target': None, 'cmake_target_skip_unavailable': False, 'install_base': '/home/a/ws_nhk/install/moveit_task_constructor_demo', 'merge_install': False, 'path': '/home/a/ws_nhk/src/moveit_task_constructor/demo', 'symlink_install': False, 'test_result_base': None}[0m
[0.388s] [34mcolcon.colcon_core.executor[0m [1;30mINFO[0m Executing jobs using 'parallel' executor
[0.389s] [34mcolcon.colcon_parallel_executor.executor.parallel[0m [1;30mDEBUG[0m [32mrun_until_complete[0m
[0.389s] [34mcolcon.colcon_ros.task.ament_cmake.build[0m [1;30mINFO[0m Building ROS package in '/home/a/ws_nhk/src/moveit_resources/panda_description' with build type 'ament_cmake'
[0.390s] [34mcolcon.colcon_cmake.task.cmake.build[0m [1;30mINFO[0m Building CMake package in '/home/a/ws_nhk/src/moveit_resources/panda_description'
[0.393s] [34mcolcon.colcon_core.plugin_system[0m [1;30mINFO[0m Skipping extension 'colcon_core.shell.bat': Not used on non-Windows systems
[0.393s] [34mcolcon.colcon_core.shell[0m [1;30mINFO[0m Skip shell extension 'powershell' for command environment: Not usable outside of PowerShell
[0.393s] [34mcolcon.colcon_core.shell[0m [1;30mDEBUG[0m [32mSkip shell extension 'dsv' for command environment[0m
[0.399s] [34mcolcon.colcon_ros.task.ament_cmake.build[0m [1;30mINFO[0m Building ROS package in '/home/a/ws_nhk/src/moveit2/moveit_common' with build type 'ament_cmake'
[0.399s] [34mcolcon.colcon_cmake.task.cmake.build[0m [1;30mINFO[0m Building CMake package in '/home/a/ws_nhk/src/moveit2/moveit_common'
[0.399s] [34mcolcon.colcon_core.shell[0m [1;30mINFO[0m Skip shell extension 'powershell' for command environment: Not usable outside of PowerShell
[0.399s] [34mcolcon.colcon_core.shell[0m [1;30mDEBUG[0m [32mSkip shell extension 'dsv' for command environment[0m
[0.403s] [34mcolcon.colcon_ros.task.ament_cmake.build[0m [1;30mINFO[0m Building ROS package in '/home/a/ws_nhk/src/moveit_resources/pr2_description' with build type 'ament_cmake'
[0.403s] [34mcolcon.colcon_cmake.task.cmake.build[0m [1;30mINFO[0m Building CMake package in '/home/a/ws_nhk/src/moveit_resources/pr2_description'
[0.403s] [34mcolcon.colcon_core.shell[0m [1;30mINFO[0m Skip shell extension 'powershell' for command environment: Not usable outside of PowerShell
[0.403s] [34mcolcon.colcon_core.shell[0m [1;30mDEBUG[0m [32mSkip shell extension 'dsv' for command environment[0m
[0.407s] [34mcolcon.colcon_ros.task.ament_cmake.build[0m [1;30mINFO[0m Building ROS package in '/home/a/ws_nhk/src/srdfdom' with build type 'ament_cmake'
[0.407s] [34mcolcon.colcon_cmake.task.cmake.build[0m [1;30mINFO[0m Building CMake package in '/home/a/ws_nhk/src/srdfdom'
[0.407s] [34mcolcon.colcon_core.shell[0m [1;30mINFO[0m Skip shell extension 'powershell' for command environment: Not usable outside of PowerShell
[0.407s] [34mcolcon.colcon_core.shell[0m [1;30mDEBUG[0m [32mSkip shell extension 'dsv' for command environment[0m
[0.412s] [34mcolcon.colcon_ros.task.ament_python.build[0m [1;30mINFO[0m Building ROS package in '/home/a/ws_nhk/src/launch_param_builder' with build type 'ament_python'
[0.412s] [34mcolcon.colcon_core.shell[0m [1;30mLevel 1[0m create_environment_hook('launch_param_builder', 'ament_prefix_path')
[0.412s] [34mcolcon.colcon_core.shell[0m [1;30mINFO[0m Creating environment hook '/home/a/ws_nhk/install/launch_param_builder/share/launch_param_builder/hook/ament_prefix_path.ps1'
[0.412s] [34mcolcon.colcon_core.shell[0m [1;30mINFO[0m Creating environment descriptor '/home/a/ws_nhk/install/launch_param_builder/share/launch_param_builder/hook/ament_prefix_path.dsv'
[0.412s] [34mcolcon.colcon_core.shell[0m [1;30mINFO[0m Creating environment hook '/home/a/ws_nhk/install/launch_param_builder/share/launch_param_builder/hook/ament_prefix_path.sh'
[0.413s] [34mcolcon.colcon_core.shell[0m [1;30mINFO[0m Skip shell extension 'powershell' for command environment: Not usable outside of PowerShell
[0.413s] [34mcolcon.colcon_core.shell[0m [1;30mDEBUG[0m [32mSkip shell extension 'dsv' for command environment[0m
[0.417s] [34mcolcon.colcon_ros.task.ament_cmake.build[0m [1;30mINFO[0m Building ROS package in '/home/a/ws_nhk/src/moveit_resources/fanuc_description' with build type 'ament_cmake'
[0.417s] [34mcolcon.colcon_cmake.task.cmake.build[0m [1;30mINFO[0m Building CMake package in '/home/a/ws_nhk/src/moveit_resources/fanuc_description'
[0.417s] [34mcolcon.colcon_core.shell[0m [1;30mINFO[0m Skip shell extension 'powershell' for command environment: Not usable outside of PowerShell
[0.417s] [34mcolcon.colcon_core.shell[0m [1;30mDEBUG[0m [32mSkip shell extension 'dsv' for command environment[0m
[0.421s] [34mcolcon.colcon_ros.task.ament_cmake.build[0m [1;30mINFO[0m Building ROS package in '/home/a/ws_nhk/src/trac_ik/trac_ik_lib' with build type 'ament_cmake'
[0.421s] [34mcolcon.colcon_cmake.task.cmake.build[0m [1;30mINFO[0m Building CMake package in '/home/a/ws_nhk/src/trac_ik/trac_ik_lib'
[0.421s] [34mcolcon.colcon_core.shell[0m [1;30mINFO[0m Skip shell extension 'powershell' for command environment: Not usable outside of PowerShell
[0.421s] [34mcolcon.colcon_core.shell[0m [1;30mDEBUG[0m [32mSkip shell extension 'dsv' for command environment[0m
[0.425s] [34mcolcon.colcon_ros.task.ament_cmake.build[0m [1;30mINFO[0m Building ROS package in '/home/a/ws_nhk/src/moveit2/moveit_planners/test_configs/prbt_support' with build type 'ament_cmake'
[0.425s] [34mcolcon.colcon_cmake.task.cmake.build[0m [1;30mINFO[0m Building CMake package in '/home/a/ws_nhk/src/moveit2/moveit_planners/test_configs/prbt_support'
[0.425s] [34mcolcon.colcon_core.shell[0m [1;30mINFO[0m Skip shell extension 'powershell' for command environment: Not usable outside of PowerShell
[0.425s] [34mcolcon.colcon_core.shell[0m [1;30mDEBUG[0m [32mSkip shell extension 'dsv' for command environment[0m
[0.429s] [34mcolcon.colcon_ros.task.ament_cmake.build[0m [1;30mINFO[0m Building ROS package in '/home/a/ws_nhk/src/MAVLink_ros2/stm32_mavlink_msgs' with build type 'ament_cmake'
[0.429s] [34mcolcon.colcon_cmake.task.cmake.build[0m [1;30mINFO[0m Building CMake package in '/home/a/ws_nhk/src/MAVLink_ros2/stm32_mavlink_msgs'
[0.430s] [34mcolcon.colcon_core.shell[0m [1;30mINFO[0m Skip shell extension 'powershell' for command environment: Not usable outside of PowerShell
[0.430s] [34mcolcon.colcon_core.shell[0m [1;30mDEBUG[0m [32mSkip shell extension 'dsv' for command environment[0m
[0.434s] [34mcolcon.colcon_ros.task.ament_cmake.build[0m [1;30mINFO[0m Building ROS package in '/home/a/ws_nhk/src/moveit_task_constructor/msgs' with build type 'ament_cmake'
[0.434s] [34mcolcon.colcon_cmake.task.cmake.build[0m [1;30mINFO[0m Building CMake package in '/home/a/ws_nhk/src/moveit_task_constructor/msgs'
[0.434s] [34mcolcon.colcon_core.shell[0m [1;30mINFO[0m Skip shell extension 'powershell' for command environment: Not usable outside of PowerShell
[0.434s] [34mcolcon.colcon_core.shell[0m [1;30mDEBUG[0m [32mSkip shell extension 'dsv' for command environment[0m
[0.438s] [34mcolcon.colcon_ros.task.ament_cmake.build[0m [1;30mINFO[0m Building ROS package in '/home/a/ws_nhk/src/dynamixel_ros2/DynamixelSDK/dynamixel_sdk' with build type 'ament_cmake'
[0.438s] [34mcolcon.colcon_cmake.task.cmake.build[0m [1;30mINFO[0m Building CMake package in '/home/a/ws_nhk/src/dynamixel_ros2/DynamixelSDK/dynamixel_sdk'
[0.438s] [34mcolcon.colcon_core.shell[0m [1;30mINFO[0m Skip shell extension 'powershell' for command environment: Not usable outside of PowerShell
[0.438s] [34mcolcon.colcon_core.shell[0m [1;30mDEBUG[0m [32mSkip shell extension 'dsv' for command environment[0m
[0.442s] [34mcolcon.colcon_ros.task.ament_cmake.build[0m [1;30mINFO[0m Building ROS package in '/home/a/ws_nhk/src/rogidrive/rogidrive_msg' with build type 'ament_cmake'
[0.442s] [34mcolcon.colcon_cmake.task.cmake.build[0m [1;30mINFO[0m Building CMake package in '/home/a/ws_nhk/src/rogidrive/rogidrive_msg'
[0.442s] [34mcolcon.colcon_core.shell[0m [1;30mINFO[0m Skip shell extension 'powershell' for command environment: Not usable outside of PowerShell
[0.442s] [34mcolcon.colcon_core.shell[0m [1;30mDEBUG[0m [32mSkip shell extension 'dsv' for command environment[0m
[0.446s] [34mcolcon.colcon_ros.task.ament_cmake.build[0m [1;30mINFO[0m Building ROS package in '/home/a/ws_nhk/src/a_r2_description-20251207T063721Z-3-001/a_r2_description' with build type 'ament_cmake'
[0.446s] [34mcolcon.colcon_cmake.task.cmake.build[0m [1;30mINFO[0m Building CMake package in '/home/a/ws_nhk/src/a_r2_description-20251207T063721Z-3-001/a_r2_description'
[0.446s] [34mcolcon.colcon_core.shell[0m [1;30mINFO[0m Skip shell extension 'powershell' for command environment: Not usable outside of PowerShell
[0.446s] [34mcolcon.colcon_core.shell[0m [1;30mDEBUG[0m [32mSkip shell extension 'dsv' for command environment[0m
[0.449s] [34mcolcon.colcon_ros.task.ament_cmake.build[0m [1;30mINFO[0m Building ROS package in '/home/a/ws_nhk/src/arm_module_description-20251221T061328Z-3-001/arm_module_description' with build type 'ament_cmake'
[0.449s] [34mcolcon.colcon_cmake.task.cmake.build[0m [1;30mINFO[0m Building CMake package in '/home/a/ws_nhk/src/arm_module_description-20251221T061328Z-3-001/arm_module_description'
[0.450s] [34mcolcon.colcon_core.shell[0m [1;30mINFO[0m Skip shell extension 'powershell' for command environment: Not usable outside of PowerShell
[0.450s] [34mcolcon.colcon_core.shell[0m [1;30mDEBUG[0m [32mSkip shell extension 'dsv' for command environment[0m
[0.453s] [34mcolcon.colcon_ros.task.ament_cmake.build[0m [1;30mINFO[0m Building ROS package in '/home/a/ws_nhk/src/arm_v20_description-20251026T114629Z-1-001/arm_v20_description' with build type 'ament_cmake'
[0.454s] [34mcolcon.colcon_cmake.task.cmake.build[0m [1;30mINFO[0m Building CMake package in '/home/a/ws_nhk/src/arm_v20_description-20251026T114629Z-1-001/arm_v20_description'
[0.454s] [34mcolcon.colcon_core.shell[0m [1;30mINFO[0m Skip shell extension 'powershell' for command environment: Not usable outside of PowerShell
[0.454s] [34mcolcon.colcon_core.shell[0m [1;30mDEBUG[0m [32mSkip shell extension 'dsv' for command environment[0m
[0.458s] [34mcolcon.colcon_ros.task.ament_cmake.build[0m [1;30mINFO[0m Building ROS package in '/home/a/ws_nhk/src/dynamixel_ros2/DynamixelSDK/dynamixel_sdk_custom_interfaces' with build type 'ament_cmake'
[0.458s] [34mcolcon.colcon_cmake.task.cmake.build[0m [1;30mINFO[0m Building CMake package in '/home/a/ws_nhk/src/dynamixel_ros2/DynamixelSDK/dynamixel_sdk_custom_interfaces'
[0.458s] [34mcolcon.colcon_core.shell[0m [1;30mINFO[0m Skip shell extension 'powershell' for command environment: Not usable outside of PowerShell
[0.458s] [34mcolcon.colcon_core.shell[0m [1;30mDEBUG[0m [32mSkip shell extension 'dsv' for command environment[0m
[0.461s] [34mcolcon.colcon_ros.task.ament_python.build[0m [1;30mINFO[0m Building ROS package in '/home/a/ws_nhk/src/dynamixel_ros2/dynamixel_controller_client' with build type 'ament_python'
[0.462s] [34mcolcon.colcon_core.shell[0m [1;30mLevel 1[0m create_environment_hook('dynamixel_controller_client', 'ament_prefix_path')
[0.462s] [34mcolcon.colcon_core.shell[0m [1;30mINFO[0m Creating environment hook '/home/a/ws_nhk/install/dynamixel_controller_client/share/dynamixel_controller_client/hook/ament_prefix_path.ps1'
[0.462s] [34mcolcon.colcon_core.shell[0m [1;30mINFO[0m Creating environment descriptor '/home/a/ws_nhk/install/dynamixel_controller_client/share/dynamixel_controller_client/hook/ament_prefix_path.dsv'
[0.462s] [34mcolcon.colcon_core.shell[0m [1;30mINFO[0m Creating environment hook '/home/a/ws_nhk/install/dynamixel_controller_client/share/dynamixel_controller_client/hook/ament_prefix_path.sh'
[0.462s] [34mcolcon.colcon_core.shell[0m [1;30mINFO[0m Skip shell extension 'powershell' for command environment: Not usable outside of PowerShell
[0.462s] [34mcolcon.colcon_core.shell[0m [1;30mDEBUG[0m [32mSkip shell extension 'dsv' for command environment[0m
[0.466s] [34mcolcon.colcon_ros.task.ament_cmake.build[0m [1;30mINFO[0m Building ROS package in '/home/a/ws_nhk/src/nhk_bt' with build type 'ament_cmake'
[0.466s] [34mcolcon.colcon_cmake.task.cmake.build[0m [1;30mINFO[0m Building CMake package in '/home/a/ws_nhk/src/nhk_bt'
[0.466s] [34mcolcon.colcon_core.shell[0m [1;30mINFO[0m Skip shell extension 'powershell' for command environment: Not usable outside of PowerShell
[0.466s] [34mcolcon.colcon_core.shell[0m [1;30mDEBUG[0m [32mSkip shell extension 'dsv' for command environment[0m
[0.470s] [34mcolcon.colcon_ros.task.ament_cmake.build[0m [1;30mINFO[0m Building ROS package in '/home/a/ws_nhk/src/rosparam_shortcuts' with build type 'ament_cmake'
[0.470s] [34mcolcon.colcon_cmake.task.cmake.build[0m [1;30mINFO[0m Building CMake package in '/home/a/ws_nhk/src/rosparam_shortcuts'
[0.470s] [34mcolcon.colcon_core.shell[0m [1;30mINFO[0m Skip shell extension 'powershell' for command environment: Not usable outside of PowerShell
[0.470s] [34mcolcon.colcon_core.shell[0m [1;30mDEBUG[0m [32mSkip shell extension 'dsv' for command environment[0m
[0.480s] [34mcolcon.colcon_core.event_handler.log_command[0m [1;30mDEBUG[0m [32mInvoking command in '/home/a/ws_nhk/build/moveit_resources_panda_description': CMAKE_PREFIX_PATH=${CMAKE_PREFIX_PATH}:/home/a/ws_nhk/install/ikeyaMD_wizard:/home/a/ws_nhk/install/moveit_configs_utils:/home/a/ws_nhk/install/rogidrive:/home/a/ws_nhk/install/launch_param_builder:/home/a/ws_nhk/install/dynamixel_controller_gui:/home/a/ws_nhk/install/dynamixel_controller_client:/opt/ros/humble /usr/bin/cmake --build /home/a/ws_nhk/build/moveit_resources_panda_description -- -j22 -l22[0m
[0.482s] [34mcolcon.colcon_core.event_handler.log_command[0m [1;30mDEBUG[0m [32mInvoking command in '/home/a/ws_nhk/build/moveit_common': CMAKE_PREFIX_PATH=${CMAKE_PREFIX_PATH}:/home/a/ws_nhk/install/ikeyaMD_wizard:/home/a/ws_nhk/install/moveit_configs_utils:/home/a/ws_nhk/install/rogidrive:/home/a/ws_nhk/install/launch_param_builder:/home/a/ws_nhk/install/dynamixel_controller_gui:/home/a/ws_nhk/install/dynamixel_controller_client:/opt/ros/humble /usr/bin/cmake --build /home/a/ws_nhk/build/moveit_common -- -j22 -l22[0m
[0.484s] [34mcolcon.colcon_core.event_handler.log_command[0m [1;30mDEBUG[0m [32mInvoking command in '/home/a/ws_nhk/build/moveit_resources_pr2_description': CMAKE_PREFIX_PATH=${CMAKE_PREFIX_PATH}:/home/a/ws_nhk/install/ikeyaMD_wizard:/home/a/ws_nhk/install/moveit_configs_utils:/home/a/ws_nhk/install/rogidrive:/home/a/ws_nhk/install/launch_param_builder:/home/a/ws_nhk/install/dynamixel_controller_gui:/home/a/ws_nhk/install/dynamixel_controller_client:/opt/ros/humble /usr/bin/cmake --build /home/a/ws_nhk/build/moveit_resources_pr2_description -- -j22 -l22[0m
[0.486s] [34mcolcon.colcon_core.event_handler.log_command[0m [1;30mDEBUG[0m [32mInvoking command in '/home/a/ws_nhk/build/srdfdom': CMAKE_PREFIX_PATH=${CMAKE_PREFIX_PATH}:/home/a/ws_nhk/install/ikeyaMD_wizard:/home/a/ws_nhk/install/moveit_configs_utils:/home/a/ws_nhk/install/rogidrive:/home/a/ws_nhk/install/launch_param_builder:/home/a/ws_nhk/install/dynamixel_controller_gui:/home/a/ws_nhk/install/dynamixel_controller_client:/opt/ros/humble /usr/bin/cmake --build /home/a/ws_nhk/build/srdfdom -- -j22 -l22[0m
[0.679s] [34mcolcon.colcon_core.task.python.build[0m [1;30mINFO[0m Building Python package in '/home/a/ws_nhk/src/launch_param_builder'
[0.680s] [34mcolcon.colcon_core.shell[0m [1;30mINFO[0m Skip shell extension 'powershell' for command environment: Not usable outside of PowerShell
[0.680s] [34mcolcon.colcon_core.shell[0m [1;30mDEBUG[0m [32mSkip shell extension 'dsv' for command environment[0m
[0.689s] [34mcolcon.colcon_core.event_handler.log_command[0m [1;30mDEBUG[0m [32mInvoking command in '/home/a/ws_nhk/build/moveit_resources_fanuc_description': CMAKE_PREFIX_PATH=${CMAKE_PREFIX_PATH}:/home/a/ws_nhk/install/ikeyaMD_wizard:/home/a/ws_nhk/install/moveit_configs_utils:/home/a/ws_nhk/install/rogidrive:/home/a/ws_nhk/install/launch_param_builder:/home/a/ws_nhk/install/dynamixel_controller_gui:/home/a/ws_nhk/install/dynamixel_controller_client:/opt/ros/humble /usr/bin/cmake --build /home/a/ws_nhk/build/moveit_resources_fanuc_description -- -j22 -l22[0m
[0.691s] [34mcolcon.colcon_core.event_handler.log_command[0m [1;30mDEBUG[0m [32mInvoking command in '/home/a/ws_nhk/build/trac_ik_lib': CMAKE_PREFIX_PATH=${CMAKE_PREFIX_PATH}:/home/a/ws_nhk/install/ikeyaMD_wizard:/home/a/ws_nhk/install/moveit_configs_utils:/home/a/ws_nhk/install/rogidrive:/home/a/ws_nhk/install/launch_param_builder:/home/a/ws_nhk/install/dynamixel_controller_gui:/home/a/ws_nhk/install/dynamixel_controller_client:/opt/ros/humble /usr/bin/cmake --build /home/a/ws_nhk/build/trac_ik_lib -- -j22 -l22[0m
[0.693s] [34mcolcon.colcon_core.event_handler.log_command[0m [1;30mDEBUG[0m [32mInvoking command in '/home/a/ws_nhk/build/moveit_resources_prbt_support': CMAKE_PREFIX_PATH=${CMAKE_PREFIX_PATH}:/home/a/ws_nhk/install/ikeyaMD_wizard:/home/a/ws_nhk/install/moveit_configs_utils:/home/a/ws_nhk/install/rogidrive:/home/a/ws_nhk/install/launch_param_builder:/home/a/ws_nhk/install/dynamixel_controller_gui:/home/a/ws_nhk/install/dynamixel_controller_client:/opt/ros/humble /usr/bin/cmake --build /home/a/ws_nhk/build/moveit_resources_prbt_support -- -j22 -l22[0m
[0.695s] [34mcolcon.colcon_core.event_handler.log_command[0m [1;30mDEBUG[0m [32mInvoking command in '/home/a/ws_nhk/build/stm32_mavlink_msgs': CMAKE_PREFIX_PATH=${CMAKE_PREFIX_PATH}:/home/a/ws_nhk/install/ikeyaMD_wizard:/home/a/ws_nhk/install/moveit_configs_utils:/home/a/ws_nhk/install/rogidrive:/home/a/ws_nhk/install/launch_param_builder:/home/a/ws_nhk/install/dynamixel_controller_gui:/home/a/ws_nhk/install/dynamixel_controller_client:/opt/ros/humble /usr/bin/cmake --build /home/a/ws_nhk/build/stm32_mavlink_msgs -- -j22 -l22[0m
[0.696s] [34mcolcon.colcon_core.event_handler.log_command[0m [1;30mDEBUG[0m [32mInvoking command in '/home/a/ws_nhk/build/moveit_task_constructor_msgs': CMAKE_PREFIX_PATH=${CMAKE_PREFIX_PATH}:/home/a/ws_nhk/install/ikeyaMD_wizard:/home/a/ws_nhk/install/moveit_configs_utils:/home/a/ws_nhk/install/rogidrive:/home/a/ws_nhk/install/launch_param_builder:/home/a/ws_nhk/install/dynamixel_controller_gui:/home/a/ws_nhk/install/dynamixel_controller_client:/opt/ros/humble /usr/bin/cmake --build /home/a/ws_nhk/build/moveit_task_constructor_msgs -- -j22 -l22[0m
[0.698s] [34mcolcon.colcon_core.event_handler.log_command[0m [1;30mDEBUG[0m [32mInvoking command in '/home/a/ws_nhk/build/dynamixel_sdk': CMAKE_PREFIX_PATH=${CMAKE_PREFIX_PATH}:/home/a/ws_nhk/install/ikeyaMD_wizard:/home/a/ws_nhk/install/moveit_configs_utils:/home/a/ws_nhk/install/rogidrive:/home/a/ws_nhk/install/launch_param_builder:/home/a/ws_nhk/install/dynamixel_controller_gui:/home/a/ws_nhk/install/dynamixel_controller_client:/opt/ros/humble /usr/bin/cmake --build /home/a/ws_nhk/build/dynamixel_sdk -- -j22 -l22[0m
[0.701s] [34mcolcon.colcon_core.event_handler.log_command[0m [1;30mDEBUG[0m [32mInvoking command in '/home/a/ws_nhk/build/rogidrive_msg': CMAKE_PREFIX_PATH=${CMAKE_PREFIX_PATH}:/home/a/ws_nhk/install/ikeyaMD_wizard:/home/a/ws_nhk/install/moveit_configs_utils:/home/a/ws_nhk/install/rogidrive:/home/a/ws_nhk/install/launch_param_builder:/home/a/ws_nhk/install/dynamixel_controller_gui:/home/a/ws_nhk/install/dynamixel_controller_client:/opt/ros/humble /usr/bin/cmake --build /home/a/ws_nhk/build/rogidrive_msg -- -j22 -l22[0m
[0.704s] [34mcolcon.colcon_core.event_handler.log_command[0m [1;30mDEBUG[0m [32mInvoking command in '/home/a/ws_nhk/build/a_r2_description': CMAKE_PREFIX_PATH=${CMAKE_PREFIX_PATH}:/home/a/ws_nhk/install/ikeyaMD_wizard:/home/a/ws_nhk/install/moveit_configs_utils:/home/a/ws_nhk/install/rogidrive:/home/a/ws_nhk/install/launch_param_builder:/home/a/ws_nhk/install/dynamixel_controller_gui:/home/a/ws_nhk/install/dynamixel_controller_client:/opt/ros/humble /usr/bin/cmake --build /home/a/ws_nhk/build/a_r2_description -- -j22 -l22[0m
[0.707s] [34mcolcon.colcon_core.event_handler.log_command[0m [1;30mDEBUG[0m [32mInvoking command in '/home/a/ws_nhk/build/arm_module_description': CMAKE_PREFIX_PATH=${CMAKE_PREFIX_PATH}:/home/a/ws_nhk/install/ikeyaMD_wizard:/home/a/ws_nhk/install/moveit_configs_utils:/home/a/ws_nhk/install/rogidrive:/home/a/ws_nhk/install/launch_param_builder:/home/a/ws_nhk/install/dynamixel_controller_gui:/home/a/ws_nhk/install/dynamixel_controller_client:/opt/ros/humble /usr/bin/cmake --build /home/a/ws_nhk/build/arm_module_description -- -j22 -l22[0m
[0.710s] [34mcolcon.colcon_core.event_handler.log_command[0m [1;30mDEBUG[0m [32mInvoking command in '/home/a/ws_nhk/build/arm_v20_description': CMAKE_PREFIX_PATH=${CMAKE_PREFIX_PATH}:/home/a/ws_nhk/install/ikeyaMD_wizard:/home/a/ws_nhk/install/moveit_configs_utils:/home/a/ws_nhk/install/rogidrive:/home/a/ws_nhk/install/launch_param_builder:/home/a/ws_nhk/install/dynamixel_controller_gui:/home/a/ws_nhk/install/dynamixel_controller_client:/opt/ros/humble /usr/bin/cmake --build /home/a/ws_nhk/build/arm_v20_description -- -j22 -l22[0m
[0.713s] [34mcolcon.colcon_core.event_handler.log_command[0m [1;30mDEBUG[0m [32mInvoking command in '/home/a/ws_nhk/build/dynamixel_sdk_custom_interfaces': CMAKE_PREFIX_PATH=${CMAKE_PREFIX_PATH}:/home/a/ws_nhk/install/ikeyaMD_wizard:/home/a/ws_nhk/install/moveit_configs_utils:/home/a/ws_nhk/install/rogidrive:/home/a/ws_nhk/install/launch_param_builder:/home/a/ws_nhk/install/dynamixel_controller_gui:/home/a/ws_nhk/install/dynamixel_controller_client:/opt/ros/humble /usr/bin/cmake --build /home/a/ws_nhk/build/dynamixel_sdk_custom_interfaces -- -j22 -l22[0m
[1.006s] [34mcolcon.colcon_core.task.python.build[0m [1;30mINFO[0m Building Python package in '/home/a/ws_nhk/src/dynamixel_ros2/dynamixel_controller_client'
[1.006s] [34mcolcon.colcon_core.shell[0m [1;30mINFO[0m Skip shell extension 'powershell' for command environment: Not usable outside of PowerShell
[1.006s] [34mcolcon.colcon_core.shell[0m [1;30mDEBUG[0m [32mSkip shell extension 'dsv' for command environment[0m
[1.016s] [34mcolcon.colcon_core.event_handler.log_command[0m [1;30mDEBUG[0m [32mInvoking command in '/home/a/ws_nhk/build/nhk_bt': CMAKE_PREFIX_PATH=${CMAKE_PREFIX_PATH}:/home/a/ws_nhk/install/ikeyaMD_wizard:/home/a/ws_nhk/install/moveit_configs_utils:/home/a/ws_nhk/install/rogidrive:/home/a/ws_nhk/install/launch_param_builder:/home/a/ws_nhk/install/dynamixel_controller_gui:/home/a/ws_nhk/install/dynamixel_controller_client:/opt/ros/humble /usr/bin/cmake --build /home/a/ws_nhk/build/nhk_bt -- -j22 -l22[0m
[1.029s] [34mcolcon.colcon_core.event_handler.log_command[0m [1;30mDEBUG[0m [32mInvoking command in '/home/a/ws_nhk/build/rosparam_shortcuts': CMAKE_PREFIX_PATH=${CMAKE_PREFIX_PATH}:/home/a/ws_nhk/install/ikeyaMD_wizard:/home/a/ws_nhk/install/moveit_configs_utils:/home/a/ws_nhk/install/rogidrive:/home/a/ws_nhk/install/launch_param_builder:/home/a/ws_nhk/install/dynamixel_controller_gui:/home/a/ws_nhk/install/dynamixel_controller_client:/opt/ros/humble /usr/bin/cmake --build /home/a/ws_nhk/build/rosparam_shortcuts -- -j22 -l22[0m
[1.029s] [34mcolcon.colcon_core.event_handler.log_command[0m [1;30mDEBUG[0m [32mInvoked command in '/home/a/ws_nhk/build/moveit_resources_panda_description' returned '0': CMAKE_PREFIX_PATH=${CMAKE_PREFIX_PATH}:/home/a/ws_nhk/install/ikeyaMD_wizard:/home/a/ws_nhk/install/moveit_configs_utils:/home/a/ws_nhk/install/rogidrive:/home/a/ws_nhk/install/launch_param_builder:/home/a/ws_nhk/install/dynamixel_controller_gui:/home/a/ws_nhk/install/dynamixel_controller_client:/opt/ros/humble /usr/bin/cmake --build /home/a/ws_nhk/build/moveit_resources_panda_description -- -j22 -l22[0m
[1.039s] [34mcolcon.colcon_core.event_handler.log_command[0m [1;30mDEBUG[0m [32mInvoking command in '/home/a/ws_nhk/build/moveit_resources_panda_description': CMAKE_PREFIX_PATH=${CMAKE_PREFIX_PATH}:/home/a/ws_nhk/install/ikeyaMD_wizard:/home/a/ws_nhk/install/moveit_configs_utils:/home/a/ws_nhk/install/rogidrive:/home/a/ws_nhk/install/launch_param_builder:/home/a/ws_nhk/install/dynamixel_controller_gui:/home/a/ws_nhk/install/dynamixel_controller_client:/opt/ros/humble /usr/bin/cmake --install /home/a/ws_nhk/build/moveit_resources_panda_description[0m
[1.040s] [34mcolcon.colcon_core.event_handler.log_command[0m [1;30mDEBUG[0m [32mInvoked command in '/home/a/ws_nhk/build/moveit_resources_pr2_description' returned '0': CMAKE_PREFIX_PATH=${CMAKE_PREFIX_PATH}:/home/a/ws_nhk/install/ikeyaMD_wizard:/home/a/ws_nhk/install/moveit_configs_utils:/home/a/ws_nhk/install/rogidrive:/home/a/ws_nhk/install/launch_param_builder:/home/a/ws_nhk/install/dynamixel_controller_gui:/home/a/ws_nhk/install/dynamixel_controller_client:/opt/ros/humble /usr/bin/cmake --build /home/a/ws_nhk/build/moveit_resources_pr2_description -- -j22 -l22[0m
[1.042s] [34mcolcon.colcon_core.event_handler.log_command[0m [1;30mDEBUG[0m [32mInvoking command in '/home/a/ws_nhk/build/moveit_resources_pr2_description': CMAKE_PREFIX_PATH=${CMAKE_PREFIX_PATH}:/home/a/ws_nhk/install/ikeyaMD_wizard:/home/a/ws_nhk/install/moveit_configs_utils:/home/a/ws_nhk/install/rogidrive:/home/a/ws_nhk/install/launch_param_builder:/home/a/ws_nhk/install/dynamixel_controller_gui:/home/a/ws_nhk/install/dynamixel_controller_client:/opt/ros/humble /usr/bin/cmake --install /home/a/ws_nhk/build/moveit_resources_pr2_description[0m
[1.043s] [34mcolcon.colcon_core.event_handler.log_command[0m [1;30mDEBUG[0m [32mInvoked command in '/home/a/ws_nhk/build/moveit_common' returned '0': CMAKE_PREFIX_PATH=${CMAKE_PREFIX_PATH}:/home/a/ws_nhk/install/ikeyaMD_wizard:/home/a/ws_nhk/install/moveit_configs_utils:/home/a/ws_nhk/install/rogidrive:/home/a/ws_nhk/install/launch_param_builder:/home/a/ws_nhk/install/dynamixel_controller_gui:/home/a/ws_nhk/install/dynamixel_controller_client:/opt/ros/humble /usr/bin/cmake --build /home/a/ws_nhk/build/moveit_common -- -j22 -l22[0m
[1.044s] [34mcolcon.colcon_core.event_handler.log_command[0m [1;30mDEBUG[0m [32mInvoking command in '/home/a/ws_nhk/build/moveit_common': CMAKE_PREFIX_PATH=${CMAKE_PREFIX_PATH}:/home/a/ws_nhk/install/ikeyaMD_wizard:/home/a/ws_nhk/install/moveit_configs_utils:/home/a/ws_nhk/install/rogidrive:/home/a/ws_nhk/install/launch_param_builder:/home/a/ws_nhk/install/dynamixel_controller_gui:/home/a/ws_nhk/install/dynamixel_controller_client:/opt/ros/humble /usr/bin/cmake --install /home/a/ws_nhk/build/moveit_common[0m
[1.045s] [34mcolcon.colcon_core.event_handler.log_command[0m [1;30mDEBUG[0m [32mInvoked command in '/home/a/ws_nhk/build/moveit_resources_prbt_support' returned '0': CMAKE_PREFIX_PATH=${CMAKE_PREFIX_PATH}:/home/a/ws_nhk/install/ikeyaMD_wizard:/home/a/ws_nhk/install/moveit_configs_utils:/home/a/ws_nhk/install/rogidrive:/home/a/ws_nhk/install/launch_param_builder:/home/a/ws_nhk/install/dynamixel_controller_gui:/home/a/ws_nhk/install/dynamixel_controller_client:/opt/ros/humble /usr/bin/cmake --build /home/a/ws_nhk/build/moveit_resources_prbt_support -- -j22 -l22[0m
[1.046s] [34mcolcon.colcon_core.event_handler.log_command[0m [1;30mDEBUG[0m [32mInvoking command in '/home/a/ws_nhk/build/moveit_resources_prbt_support': CMAKE_PREFIX_PATH=${CMAKE_PREFIX_PATH}:/home/a/ws_nhk/install/ikeyaMD_wizard:/home/a/ws_nhk/install/moveit_configs_utils:/home/a/ws_nhk/install/rogidrive:/home/a/ws_nhk/install/launch_param_builder:/home/a/ws_nhk/install/dynamixel_controller_gui:/home/a/ws_nhk/install/dynamixel_controller_client:/opt/ros/humble /usr/bin/cmake --install /home/a/ws_nhk/build/moveit_resources_prbt_support[0m
[1.047s] [34mcolcon.colcon_core.event_handler.log_command[0m [1;30mDEBUG[0m [32mInvoked command in '/home/a/ws_nhk/build/moveit_resources_fanuc_description' returned '0': CMAKE_PREFIX_PATH=${CMAKE_PREFIX_PATH}:/home/a/ws_nhk/install/ikeyaMD_wizard:/home/a/ws_nhk/install/moveit_configs_utils:/home/a/ws_nhk/install/rogidrive:/home/a/ws_nhk/install/launch_param_builder:/home/a/ws_nhk/install/dynamixel_controller_gui:/home/a/ws_nhk/install/dynamixel_controller_client:/opt/ros/humble /usr/bin/cmake --build /home/a/ws_nhk/build/moveit_resources_fanuc_description -- -j22 -l22[0m
[1.049s] [34mcolcon.colcon_core.event_handler.log_command[0m [1;30mDEBUG[0m [32mInvoking command in '/home/a/ws_nhk/build/moveit_resources_fanuc_description': CMAKE_PREFIX_PATH=${CMAKE_PREFIX_PATH}:/home/a/ws_nhk/install/ikeyaMD_wizard:/home/a/ws_nhk/install/moveit_configs_utils:/home/a/ws_nhk/install/rogidrive:/home/a/ws_nhk/install/launch_param_builder:/home/a/ws_nhk/install/dynamixel_controller_gui:/home/a/ws_nhk/install/dynamixel_controller_client:/opt/ros/humble /usr/bin/cmake --install /home/a/ws_nhk/build/moveit_resources_fanuc_description[0m
[1.049s] [34mcolcon.colcon_core.event_handler.log_command[0m [1;30mDEBUG[0m [32mInvoked command in '/home/a/ws_nhk/build/arm_v20_description' returned '0': CMAKE_PREFIX_PATH=${CMAKE_PREFIX_PATH}:/home/a/ws_nhk/install/ikeyaMD_wizard:/home/a/ws_nhk/install/moveit_configs_utils:/home/a/ws_nhk/install/rogidrive:/home/a/ws_nhk/install/launch_param_builder:/home/a/ws_nhk/install/dynamixel_controller_gui:/home/a/ws_nhk/install/dynamixel_controller_client:/opt/ros/humble /usr/bin/cmake --build /home/a/ws_nhk/build/arm_v20_description -- -j22 -l22[0m
[1.051s] [34mcolcon.colcon_core.event_handler.log_command[0m [1;30mDEBUG[0m [32mInvoking command in '/home/a/ws_nhk/build/arm_v20_description': CMAKE_PREFIX_PATH=${CMAKE_PREFIX_PATH}:/home/a/ws_nhk/install/ikeyaMD_wizard:/home/a/ws_nhk/install/moveit_configs_utils:/home/a/ws_nhk/install/rogidrive:/home/a/ws_nhk/install/launch_param_builder:/home/a/ws_nhk/install/dynamixel_controller_gui:/home/a/ws_nhk/install/dynamixel_controller_client:/opt/ros/humble /usr/bin/cmake --install /home/a/ws_nhk/build/arm_v20_description[0m
[1.052s] [34mcolcon.colcon_core.event_handler.log_command[0m [1;30mDEBUG[0m [32mInvoked command in '/home/a/ws_nhk/build/a_r2_description' returned '0': CMAKE_PREFIX_PATH=${CMAKE_PREFIX_PATH}:/home/a/ws_nhk/install/ikeyaMD_wizard:/home/a/ws_nhk/install/moveit_configs_utils:/home/a/ws_nhk/install/rogidrive:/home/a/ws_nhk/install/launch_param_builder:/home/a/ws_nhk/install/dynamixel_controller_gui:/home/a/ws_nhk/install/dynamixel_controller_client:/opt/ros/humble /usr/bin/cmake --build /home/a/ws_nhk/build/a_r2_description -- -j22 -l22[0m
[1.054s] [34mcolcon.colcon_core.event_handler.log_command[0m [1;30mDEBUG[0m [32mInvoking command in '/home/a/ws_nhk/build/a_r2_description': CMAKE_PREFIX_PATH=${CMAKE_PREFIX_PATH}:/home/a/ws_nhk/install/ikeyaMD_wizard:/home/a/ws_nhk/install/moveit_configs_utils:/home/a/ws_nhk/install/rogidrive:/home/a/ws_nhk/install/launch_param_builder:/home/a/ws_nhk/install/dynamixel_controller_gui:/home/a/ws_nhk/install/dynamixel_controller_client:/opt/ros/humble /usr/bin/cmake --install /home/a/ws_nhk/build/a_r2_description[0m
[1.054s] [34mcolcon.colcon_core.event_handler.log_command[0m [1;30mDEBUG[0m [32mInvoked command in '/home/a/ws_nhk/build/arm_module_description' returned '0': CMAKE_PREFIX_PATH=${CMAKE_PREFIX_PATH}:/home/a/ws_nhk/install/ikeyaMD_wizard:/home/a/ws_nhk/install/moveit_configs_utils:/home/a/ws_nhk/install/rogidrive:/home/a/ws_nhk/install/launch_param_builder:/home/a/ws_nhk/install/dynamixel_controller_gui:/home/a/ws_nhk/install/dynamixel_controller_client:/opt/ros/humble /usr/bin/cmake --build /home/a/ws_nhk/build/arm_module_description -- -j22 -l22[0m
[1.056s] [34mcolcon.colcon_core.event_handler.log_command[0m [1;30mDEBUG[0m [32mInvoking command in '/home/a/ws_nhk/build/arm_module_description': CMAKE_PREFIX_PATH=${CMAKE_PREFIX_PATH}:/home/a/ws_nhk/install/ikeyaMD_wizard:/home/a/ws_nhk/install/moveit_configs_utils:/home/a/ws_nhk/install/rogidrive:/home/a/ws_nhk/install/launch_param_builder:/home/a/ws_nhk/install/dynamixel_controller_gui:/home/a/ws_nhk/install/dynamixel_controller_client:/opt/ros/humble /usr/bin/cmake --install /home/a/ws_nhk/build/arm_module_description[0m
[1.057s] [34mcolcon.colcon_core.event_handler.log_command[0m [1;30mDEBUG[0m [32mInvoked command in '/home/a/ws_nhk/build/srdfdom' returned '0': CMAKE_PREFIX_PATH=${CMAKE_PREFIX_PATH}:/home/a/ws_nhk/install/ikeyaMD_wizard:/home/a/ws_nhk/install/moveit_configs_utils:/home/a/ws_nhk/install/rogidrive:/home/a/ws_nhk/install/launch_param_builder:/home/a/ws_nhk/install/dynamixel_controller_gui:/home/a/ws_nhk/install/dynamixel_controller_client:/opt/ros/humble /usr/bin/cmake --build /home/a/ws_nhk/build/srdfdom -- -j22 -l22[0m
[1.059s] [34mcolcon.colcon_core.event_handler.log_command[0m [1;30mDEBUG[0m [32mInvoking command in '/home/a/ws_nhk/build/srdfdom': CMAKE_PREFIX_PATH=${CMAKE_PREFIX_PATH}:/home/a/ws_nhk/install/ikeyaMD_wizard:/home/a/ws_nhk/install/moveit_configs_utils:/home/a/ws_nhk/install/rogidrive:/home/a/ws_nhk/install/launch_param_builder:/home/a/ws_nhk/install/dynamixel_controller_gui:/home/a/ws_nhk/install/dynamixel_controller_client:/opt/ros/humble /usr/bin/cmake --install /home/a/ws_nhk/build/srdfdom[0m
[1.059s] [34mcolcon.colcon_core.event_handler.log_command[0m [1;30mDEBUG[0m [32mInvoked command in '/home/a/ws_nhk/build/dynamixel_sdk' returned '0': CMAKE_PREFIX_PATH=${CMAKE_PREFIX_PATH}:/home/a/ws_nhk/install/ikeyaMD_wizard:/home/a/ws_nhk/install/moveit_configs_utils:/home/a/ws_nhk/install/rogidrive:/home/a/ws_nhk/install/launch_param_builder:/home/a/ws_nhk/install/dynamixel_controller_gui:/home/a/ws_nhk/install/dynamixel_controller_client:/opt/ros/humble /usr/bin/cmake --build /home/a/ws_nhk/build/dynamixel_sdk -- -j22 -l22[0m
[1.061s] [34mcolcon.colcon_core.event_handler.log_command[0m [1;30mDEBUG[0m [32mInvoking command in '/home/a/ws_nhk/build/dynamixel_sdk': CMAKE_PREFIX_PATH=${CMAKE_PREFIX_PATH}:/home/a/ws_nhk/install/ikeyaMD_wizard:/home/a/ws_nhk/install/moveit_configs_utils:/home/a/ws_nhk/install/rogidrive:/home/a/ws_nhk/install/launch_param_builder:/home/a/ws_nhk/install/dynamixel_controller_gui:/home/a/ws_nhk/install/dynamixel_controller_client:/opt/ros/humble /usr/bin/cmake --install /home/a/ws_nhk/build/dynamixel_sdk[0m
[1.079s] [34mcolcon.colcon_core.environment[0m [1;30mLevel 1[0m create_environment_scripts_only(moveit_resources_panda_description)
[1.099s] [34mcolcon.colcon_core.environment[0m [1;30mLevel 1[0m checking '/home/a/ws_nhk/install/moveit_resources_panda_description' for CMake module files
[1.100s] [34mcolcon.colcon_core.environment[0m [1;30mLevel 1[0m checking '/home/a/ws_nhk/install/moveit_resources_panda_description' for CMake config files
[1.103s] [34mcolcon.colcon_core.shell[0m [1;30mLevel 1[0m create_environment_hook('moveit_resources_panda_description', 'cmake_prefix_path')
[1.103s] [34mcolcon.colcon_core.shell[0m [1;30mINFO[0m Creating environment hook '/home/a/ws_nhk/install/moveit_resources_panda_description/share/moveit_resources_panda_description/hook/cmake_prefix_path.ps1'
[1.105s] [34mcolcon.colcon_core.shell[0m [1;30mINFO[0m Creating environment descriptor '/home/a/ws_nhk/install/moveit_resources_panda_description/share/moveit_resources_panda_description/hook/cmake_prefix_path.dsv'
[1.105s] [34mcolcon.colcon_core.shell[0m [1;30mINFO[0m Creating environment hook '/home/a/ws_nhk/install/moveit_resources_panda_description/share/moveit_resources_panda_description/hook/cmake_prefix_path.sh'
[1.106s] [34mcolcon.colcon_core.environment[0m [1;30mLevel 1[0m checking '/home/a/ws_nhk/install/moveit_resources_panda_description/bin'
[1.106s] [34mcolcon.colcon_core.environment[0m [1;30mLevel 1[0m checking '/home/a/ws_nhk/install/moveit_resources_panda_description/lib/pkgconfig/moveit_resources_panda_description.pc'
[1.106s] [34mcolcon.colcon_core.environment[0m [1;30mLevel 1[0m checking '/home/a/ws_nhk/install/moveit_resources_panda_description/lib/python3.10/site-packages'
[1.107s] [34mcolcon.colcon_core.environment[0m [1;30mLevel 1[0m checking '/home/a/ws_nhk/install/moveit_resources_panda_description/bin'
[1.107s] [34mcolcon.colcon_core.shell[0m [1;30mINFO[0m Creating package script '/home/a/ws_nhk/install/moveit_resources_panda_description/share/moveit_resources_panda_description/package.ps1'
[1.108s] [34mcolcon.colcon_core.shell[0m [1;30mINFO[0m Creating package descriptor '/home/a/ws_nhk/install/moveit_resources_panda_description/share/moveit_resources_panda_description/package.dsv'
[1.109s] [34mcolcon.colcon_core.shell[0m [1;30mINFO[0m Creating package script '/home/a/ws_nhk/install/moveit_resources_panda_description/share/moveit_resources_panda_description/package.sh'
[1.111s] [34mcolcon.colcon_core.shell[0m [1;30mINFO[0m Creating package script '/home/a/ws_nhk/install/moveit_resources_panda_description/share/moveit_resources_panda_description/package.bash'
[1.114s] [34mcolcon.colcon_core.shell[0m [1;30mINFO[0m Creating package script '/home/a/ws_nhk/install/moveit_resources_panda_description/share/moveit_resources_panda_description/package.zsh'
[1.116s] [34mcolcon.colcon_core.environment[0m [1;30mLevel 1[0m create_file_with_runtime_dependencies(/home/a/ws_nhk/install/moveit_resources_panda_description/share/colcon-core/packages/moveit_resources_panda_description)
[1.118s] [34mcolcon.colcon_core.environment[0m [1;30mLevel 1[0m create_environment_scripts_only(moveit_resources_panda_description)
[1.119s] [34mcolcon.colcon_core.environment[0m [1;30mLevel 1[0m checking '/home/a/ws_nhk/install/moveit_resources_panda_description' for CMake module files
[1.121s] [34mcolcon.colcon_core.environment[0m [1;30mLevel 1[0m checking '/home/a/ws_nhk/install/moveit_resources_panda_description' for CMake config files
[1.125s] [34mcolcon.colcon_core.shell[0m [1;30mLevel 1[0m create_environment_hook('moveit_resources_panda_description', 'cmake_prefix_path')
[1.125s] [34mcolcon.colcon_core.shell[0m [1;30mINFO[0m Creating environment hook '/home/a/ws_nhk/install/moveit_resources_panda_description/share/moveit_resources_panda_description/hook/cmake_prefix_path.ps1'
[1.127s] [34mcolcon.colcon_core.shell[0m [1;30mINFO[0m Creating environment descriptor '/home/a/ws_nhk/install/moveit_resources_panda_description/share/moveit_resources_panda_description/hook/cmake_prefix_path.dsv'
[1.129s] [34mcolcon.colcon_core.shell[0m [1;30mINFO[0m Creating environment hook '/home/a/ws_nhk/install/moveit_resources_panda_description/share/moveit_resources_panda_description/hook/cmake_prefix_path.sh'
[1.132s] [34mcolcon.colcon_core.environment[0m [1;30mLevel 1[0m checking '/home/a/ws_nhk/install/moveit_resources_panda_description/bin'
[1.132s] [34mcolcon.colcon_core.environment[0m [1;30mLevel 1[0m checking '/home/a/ws_nhk/install/moveit_resources_panda_description/lib/pkgconfig/moveit_resources_panda_description.pc'
[1.133s] [34mcolcon.colcon_core.environment[0m [1;30mLevel 1[0m checking '/home/a/ws_nhk/install/moveit_resources_panda_description/lib/python3.10/site-packages'
[1.133s] [34mcolcon.colcon_core.environment[0m [1;30mLevel 1[0m checking '/home/a/ws_nhk/install/moveit_resources_panda_description/bin'
[1.134s] [34mcolcon.colcon_core.shell[0m [1;30mINFO[0m Creating package script '/home/a/ws_nhk/install/moveit_resources_panda_description/share/moveit_resources_panda_description/package.ps1'
[1.136s] [34mcolcon.colcon_core.shell[0m [1;30mINFO[0m Creating package descriptor '/home/a/ws_nhk/install/moveit_resources_panda_description/share/moveit_resources_panda_description/package.dsv'
[1.139s] [34mcolcon.colcon_core.shell[0m [1;30mINFO[0m Creating package script '/home/a/ws_nhk/install/moveit_resources_panda_description/share/moveit_resources_panda_description/package.sh'
[1.140s] [34mcolcon.colcon_core.event_handler.log_command[0m [1;30mDEBUG[0m [32mInvoked command in '/home/a/ws_nhk/build/moveit_resources_panda_description' returned '0': CMAKE_PREFIX_PATH=${CMAKE_PREFIX_PATH}:/home/a/ws_nhk/install/ikeyaMD_wizard:/home/a/ws_nhk/install/moveit_configs_utils:/home/a/ws_nhk/install/rogidrive:/home/a/ws_nhk/install/launch_param_builder:/home/a/ws_nhk/install/dynamixel_controller_gui:/home/a/ws_nhk/install/dynamixel_controller_client:/opt/ros/humble /usr/bin/cmake --install /home/a/ws_nhk/build/moveit_resources_panda_description[0m
[1.140s] [34mcolcon.colcon_core.shell[0m [1;30mINFO[0m Creating package script '/home/a/ws_nhk/install/moveit_resources_panda_description/share/moveit_resources_panda_description/package.bash'
[1.143s] [34mcolcon.colcon_core.shell[0m [1;30mINFO[0m Creating package script '/home/a/ws_nhk/install/moveit_resources_panda_description/share/moveit_resources_panda_description/package.zsh'
[1.144s] [34mcolcon.colcon_core.environment[0m [1;30mLevel 1[0m create_file_with_runtime_dependencies(/home/a/ws_nhk/install/moveit_resources_panda_description/share/colcon-core/packages/moveit_resources_panda_description)
[1.144s] [34mcolcon.colcon_core.environment[0m [1;30mLevel 1[0m create_environment_scripts_only(moveit_resources_prbt_support)
[1.145s] [34mcolcon.colcon_core.environment[0m [1;30mLevel 1[0m checking '/home/a/ws_nhk/install/moveit_resources_prbt_support' for CMake module files
[1.146s] [34mcolcon.colcon_core.environment[0m [1;30mLevel 1[0m checking '/home/a/ws_nhk/install/moveit_resources_prbt_support' for CMake config files
[1.148s] [34mcolcon.colcon_core.event_handler.log_command[0m [1;30mDEBUG[0m [32mInvoked command in '/home/a/ws_nhk/build/moveit_resources_prbt_support' returned '0': CMAKE_PREFIX_PATH=${CMAKE_PREFIX_PATH}:/home/a/ws_nhk/install/ikeyaMD_wizard:/home/a/ws_nhk/install/moveit_configs_utils:/home/a/ws_nhk/install/rogidrive:/home/a/ws_nhk/install/launch_param_builder:/home/a/ws_nhk/install/dynamixel_controller_gui:/home/a/ws_nhk/install/dynamixel_controller_client:/opt/ros/humble /usr/bin/cmake --install /home/a/ws_nhk/build/moveit_resources_prbt_support[0m
[1.148s] [34mcolcon.colcon_core.shell[0m [1;30mLevel 1[0m create_environment_hook('moveit_resources_prbt_support', 'cmake_prefix_path')
[1.149s] [34mcolcon.colcon_core.shell[0m [1;30mINFO[0m Creating environment hook '/home/a/ws_nhk/install/moveit_resources_prbt_support/share/moveit_resources_prbt_support/hook/cmake_prefix_path.ps1'
[1.149s] [34mcolcon.colcon_core.shell[0m [1;30mINFO[0m Creating environment descriptor '/home/a/ws_nhk/install/moveit_resources_prbt_support/share/moveit_resources_prbt_support/hook/cmake_prefix_path.dsv'
[1.150s] [34mcolcon.colcon_core.shell[0m [1;30mINFO[0m Creating environment hook '/home/a/ws_nhk/install/moveit_resources_prbt_support/share/moveit_resources_prbt_support/hook/cmake_prefix_path.sh'
[1.150s] [34mcolcon.colcon_core.environment[0m [1;30mLevel 1[0m checking '/home/a/ws_nhk/install/moveit_resources_prbt_support/bin'
[1.150s] [34mcolcon.colcon_core.environment[0m [1;30mLevel 1[0m checking '/home/a/ws_nhk/install/moveit_resources_prbt_support/lib/pkgconfig/moveit_resources_prbt_support.pc'
[1.151s] [34mcolcon.colcon_core.environment[0m [1;30mLevel 1[0m checking '/home/a/ws_nhk/install/moveit_resources_prbt_support/lib/python3.10/site-packages'
[1.151s] [34mcolcon.colcon_core.environment[0m [1;30mLevel 1[0m checking '/home/a/ws_nhk/install/moveit_resources_prbt_support/bin'
[1.152s] [34mcolcon.colcon_core.shell[0m [1;30mINFO[0m Creating package script '/home/a/ws_nhk/install/moveit_resources_prbt_support/share/moveit_resources_prbt_support/package.ps1'
[1.152s] [34mcolcon.colcon_core.shell[0m [1;30mINFO[0m Creating package descriptor '/home/a/ws_nhk/install/moveit_resources_prbt_support/share/moveit_resources_prbt_support/package.dsv'
[1.153s] [34mcolcon.colcon_core.shell[0m [1;30mINFO[0m Creating package script '/home/a/ws_nhk/install/moveit_resources_prbt_support/share/moveit_resources_prbt_support/package.sh'
[1.153s] [34mcolcon.colcon_core.shell[0m [1;30mINFO[0m Creating package script '/home/a/ws_nhk/install/moveit_resources_prbt_support/share/moveit_resources_prbt_support/package.bash'
[1.154s] [34mcolcon.colcon_core.shell[0m [1;30mINFO[0m Creating package script '/home/a/ws_nhk/install/moveit_resources_prbt_support/share/moveit_resources_prbt_support/package.zsh'
[1.154s] [34mcolcon.colcon_core.environment[0m [1;30mLevel 1[0m create_file_with_runtime_dependencies(/home/a/ws_nhk/install/moveit_resources_prbt_support/share/colcon-core/packages/moveit_resources_prbt_support)
[1.155s] [34mcolcon.colcon_core.environment[0m [1;30mLevel 1[0m create_environment_scripts_only(moveit_resources_prbt_support)
[1.155s] [34mcolcon.colcon_core.environment[0m [1;30mLevel 1[0m checking '/home/a/ws_nhk/install/moveit_resources_prbt_support' for CMake module files
[1.156s] [34mcolcon.colcon_core.environment[0m [1;30mLevel 1[0m checking '/home/a/ws_nhk/install/moveit_resources_prbt_support' for CMake config files
[1.156s] [34mcolcon.colcon_core.shell[0m [1;30mLevel 1[0m create_environment_hook('moveit_resources_prbt_support', 'cmake_prefix_path')
[1.156s] [34mcolcon.colcon_core.shell[0m [1;30mINFO[0m Creating environment hook '/home/a/ws_nhk/install/moveit_resources_prbt_support/share/moveit_resources_prbt_support/hook/cmake_prefix_path.ps1'
[1.157s] [34mcolcon.colcon_core.shell[0m [1;30mINFO[0m Creating environment descriptor '/home/a/ws_nhk/install/moveit_resources_prbt_support/share/moveit_resources_prbt_support/hook/cmake_prefix_path.dsv'
[1.157s] [34mcolcon.colcon_core.shell[0m [1;30mINFO[0m Creating environment hook '/home/a/ws_nhk/install/moveit_resources_prbt_support/share/moveit_resources_prbt_support/hook/cmake_prefix_path.sh'
[1.158s] [34mcolcon.colcon_core.environment[0m [1;30mLevel 1[0m checking '/home/a/ws_nhk/install/moveit_resources_prbt_support/bin'
[1.158s] [34mcolcon.colcon_core.environment[0m [1;30mLevel 1[0m checking '/home/a/ws_nhk/install/moveit_resources_prbt_support/lib/pkgconfig/moveit_resources_prbt_support.pc'
[1.158s] [34mcolcon.colcon_core.environment[0m [1;30mLevel 1[0m checking '/home/a/ws_nhk/install/moveit_resources_prbt_support/lib/python3.10/site-packages'
[1.158s] [34mcolcon.colcon_core.environment[0m [1;30mLevel 1[0m checking '/home/a/ws_nhk/install/moveit_resources_prbt_support/bin'
[1.159s] [34mcolcon.colcon_core.shell[0m [1;30mINFO[0m Creating package script '/home/a/ws_nhk/install/moveit_resources_prbt_support/share/moveit_resources_prbt_support/package.ps1'
[1.159s] [34mcolcon.colcon_core.shell[0m [1;30mINFO[0m Creating package descriptor '/home/a/ws_nhk/install/moveit_resources_prbt_support/share/moveit_resources_prbt_support/package.dsv'
[1.160s] [34mcolcon.colcon_core.shell[0m [1;30mINFO[0m Creating package script '/home/a/ws_nhk/install/moveit_resources_prbt_support/share/moveit_resources_prbt_support/package.sh'
[1.161s] [34mcolcon.colcon_core.shell[0m [1;30mINFO[0m Creating package script '/home/a/ws_nhk/install/moveit_resources_prbt_support/share/moveit_resources_prbt_support/package.bash'
[1.161s] [34mcolcon.colcon_core.shell[0m [1;30mINFO[0m Creating package script '/home/a/ws_nhk/install/moveit_resources_prbt_support/share/moveit_resources_prbt_support/package.zsh'
[1.162s] [34mcolcon.colcon_core.environment[0m [1;30mLevel 1[0m create_file_with_runtime_dependencies(/home/a/ws_nhk/install/moveit_resources_prbt_support/share/colcon-core/packages/moveit_resources_prbt_support)
[1.162s] [34mcolcon.colcon_core.environment[0m [1;30mLevel 1[0m create_environment_scripts_only(moveit_common)
[1.163s] [34mcolcon.colcon_core.environment[0m [1;30mLevel 1[0m checking '/home/a/ws_nhk/install/moveit_common' for CMake module files
[1.164s] [34mcolcon.colcon_core.event_handler.log_command[0m [1;30mDEBUG[0m [32mInvoked command in '/home/a/ws_nhk/build/moveit_common' returned '0': CMAKE_PREFIX_PATH=${CMAKE_PREFIX_PATH}:/home/a/ws_nhk/install/ikeyaMD_wizard:/home/a/ws_nhk/install/moveit_configs_utils:/home/a/ws_nhk/install/rogidrive:/home/a/ws_nhk/install/launch_param_builder:/home/a/ws_nhk/install/dynamixel_controller_gui:/home/a/ws_nhk/install/dynamixel_controller_client:/opt/ros/humble /usr/bin/cmake --install /home/a/ws_nhk/build/moveit_common[0m
[1.165s] [34mcolcon.colcon_core.environment[0m [1;30mLevel 1[0m checking '/home/a/ws_nhk/install/moveit_common' for CMake config files
[1.165s] [34mcolcon.colcon_core.shell[0m [1;30mLevel 1[0m create_environment_hook('moveit_common', 'cmake_prefix_path')
[1.165s] [34mcolcon.colcon_core.shell[0m [1;30mINFO[0m Creating environment hook '/home/a/ws_nhk/install/moveit_common/share/moveit_common/hook/cmake_prefix_path.ps1'
[1.166s] [34mcolcon.colcon_core.shell[0m [1;30mINFO[0m Creating environment descriptor '/home/a/ws_nhk/install/moveit_common/share/moveit_common/hook/cmake_prefix_path.dsv'
[1.166s] [34mcolcon.colcon_core.shell[0m [1;30mINFO[0m Creating environment hook '/home/a/ws_nhk/install/moveit_common/share/moveit_common/hook/cmake_prefix_path.sh'
[1.167s] [34mcolcon.colcon_core.environment[0m [1;30mLevel 1[0m checking '/home/a/ws_nhk/install/moveit_common/bin'
[1.167s] [34mcolcon.colcon_core.environment[0m [1;30mLevel 1[0m checking '/home/a/ws_nhk/install/moveit_common/lib/pkgconfig/moveit_common.pc'
[1.167s] [34mcolcon.colcon_core.environment[0m [1;30mLevel 1[0m checking '/home/a/ws_nhk/install/moveit_common/lib/python3.10/site-packages'
[1.168s] [34mcolcon.colcon_core.environment[0m [1;30mLevel 1[0m checking '/home/a/ws_nhk/install/moveit_common/bin'
[1.168s] [34mcolcon.colcon_core.shell[0m [1;30mINFO[0m Creating package script '/home/a/ws_nhk/install/moveit_common/share/moveit_common/package.ps1'
[1.168s] [34mcolcon.colcon_core.shell[0m [1;30mINFO[0m Creating package descriptor '/home/a/ws_nhk/install/moveit_common/share/moveit_common/package.dsv'
[1.169s] [34mcolcon.colcon_core.shell[0m [1;30mINFO[0m Creating package script '/home/a/ws_nhk/install/moveit_common/share/moveit_common/package.sh'
[1.169s] [34mcolcon.colcon_core.shell[0m [1;30mINFO[0m Creating package script '/home/a/ws_nhk/install/moveit_common/share/moveit_common/package.bash'
[1.170s] [34mcolcon.colcon_core.shell[0m [1;30mINFO[0m Creating package script '/home/a/ws_nhk/install/moveit_common/share/moveit_common/package.zsh'
[1.170s] [34mcolcon.colcon_core.environment[0m [1;30mLevel 1[0m create_file_with_runtime_dependencies(/home/a/ws_nhk/install/moveit_common/share/colcon-core/packages/moveit_common)
[1.171s] [34mcolcon.colcon_core.environment[0m [1;30mLevel 1[0m create_environment_scripts_only(moveit_common)
[1.171s] [34mcolcon.colcon_core.environment[0m [1;30mLevel 1[0m checking '/home/a/ws_nhk/install/moveit_common' for CMake module files
[1.171s] [34mcolcon.colcon_core.environment[0m [1;30mLevel 1[0m checking '/home/a/ws_nhk/install/moveit_common' for CMake config files
[1.171s] [34mcolcon.colcon_core.shell[0m [1;30mLevel 1[0m create_environment_hook('moveit_common', 'cmake_prefix_path')
[1.172s] [34mcolcon.colcon_core.shell[0m [1;30mINFO[0m Creating environment hook '/home/a/ws_nhk/install/moveit_common/share/moveit_common/hook/cmake_prefix_path.ps1'
[1.172s] [34mcolcon.colcon_core.shell[0m [1;30mINFO[0m Creating environment descriptor '/home/a/ws_nhk/install/moveit_common/share/moveit_common/hook/cmake_prefix_path.dsv'
[1.172s] [34mcolcon.colcon_core.shell[0m [1;30mINFO[0m Creating environment hook '/home/a/ws_nhk/install/moveit_common/share/moveit_common/hook/cmake_prefix_path.sh'
[1.173s] [34mcolcon.colcon_core.environment[0m [1;30mLevel 1[0m checking '/home/a/ws_nhk/install/moveit_common/bin'
[1.173s] [34mcolcon.colcon_core.environment[0m [1;30mLevel 1[0m checking '/home/a/ws_nhk/install/moveit_common/lib/pkgconfig/moveit_common.pc'
[1.174s] [34mcolcon.colcon_core.environment[0m [1;30mLevel 1[0m checking '/home/a/ws_nhk/install/moveit_common/lib/python3.10/site-packages'
[1.174s] [34mcolcon.colcon_core.environment[0m [1;30mLevel 1[0m checking '/home/a/ws_nhk/install/moveit_common/bin'
[1.174s] [34mcolcon.colcon_core.shell[0m [1;30mINFO[0m Creating package script '/home/a/ws_nhk/install/moveit_common/share/moveit_common/package.ps1'
[1.175s] [34mcolcon.colcon_core.shell[0m [1;30mINFO[0m Creating package descriptor '/home/a/ws_nhk/install/moveit_common/share/moveit_common/package.dsv'
[1.175s] [34mcolcon.colcon_core.shell[0m [1;30mINFO[0m Creating package script '/home/a/ws_nhk/install/moveit_common/share/moveit_common/package.sh'
[1.176s] [34mcolcon.colcon_core.shell[0m [1;30mINFO[0m Creating package script '/home/a/ws_nhk/install/moveit_common/share/moveit_common/package.bash'
[1.176s] [34mcolcon.colcon_core.shell[0m [1;30mINFO[0m Creating package script '/home/a/ws_nhk/install/moveit_common/share/moveit_common/package.zsh'
[1.177s] [34mcolcon.colcon_core.environment[0m [1;30mLevel 1[0m create_file_with_runtime_dependencies(/home/a/ws_nhk/install/moveit_common/share/colcon-core/packages/moveit_common)
[1.178s] [34mcolcon.colcon_ros.task.ament_cmake.build[0m [1;30mINFO[0m Building ROS package in '/home/a/ws_nhk/src/moveit_resources/panda_moveit_config' with build type 'ament_cmake'
[1.179s] [34mcolcon.colcon_cmake.task.cmake.build[0m [1;30mINFO[0m Building CMake package in '/home/a/ws_nhk/src/moveit_resources/panda_moveit_config'
[1.179s] [34mcolcon.colcon_core.shell[0m [1;30mINFO[0m Skip shell extension 'powershell' for command environment: Not usable outside of PowerShell
[1.179s] [34mcolcon.colcon_core.shell[0m [1;30mDEBUG[0m [32mSkip shell extension 'dsv' for command environment[0m
[1.189s] [34mcolcon.colcon_ros.task.ament_cmake.build[0m [1;30mINFO[0m Building ROS package in '/home/a/ws_nhk/src/moveit_task_constructor/rviz_marker_tools' with build type 'ament_cmake'
[1.189s] [34mcolcon.colcon_cmake.task.cmake.build[0m [1;30mINFO[0m Building CMake package in '/home/a/ws_nhk/src/moveit_task_constructor/rviz_marker_tools'
[1.190s] [34mcolcon.colcon_core.shell[0m [1;30mINFO[0m Skip shell extension 'powershell' for command environment: Not usable outside of PowerShell
[1.190s] [34mcolcon.colcon_core.shell[0m [1;30mDEBUG[0m [32mSkip shell extension 'dsv' for command environment[0m
[1.200s] [34mcolcon.colcon_core.environment[0m [1;30mLevel 1[0m create_environment_scripts_only(arm_v20_description)
[1.200s] [34mcolcon.colcon_core.environment[0m [1;30mLevel 1[0m checking '/home/a/ws_nhk/install/arm_v20_description' for CMake module files
[1.201s] [34mcolcon.colcon_core.event_handler.log_command[0m [1;30mDEBUG[0m [32mInvoked command in '/home/a/ws_nhk/build/arm_v20_description' returned '0': CMAKE_PREFIX_PATH=${CMAKE_PREFIX_PATH}:/home/a/ws_nhk/install/ikeyaMD_wizard:/home/a/ws_nhk/install/moveit_configs_utils:/home/a/ws_nhk/install/rogidrive:/home/a/ws_nhk/install/launch_param_builder:/home/a/ws_nhk/install/dynamixel_controller_gui:/home/a/ws_nhk/install/dynamixel_controller_client:/opt/ros/humble /usr/bin/cmake --install /home/a/ws_nhk/build/arm_v20_description[0m
[1.201s] [34mcolcon.colcon_core.environment[0m [1;30mLevel 1[0m checking '/home/a/ws_nhk/install/arm_v20_description' for CMake config files
[1.202s] [34mcolcon.colcon_core.shell[0m [1;30mLevel 1[0m create_environment_hook('arm_v20_description', 'cmake_prefix_path')
[1.202s] [34mcolcon.colcon_core.shell[0m [1;30mINFO[0m Creating environment hook '/home/a/ws_nhk/install/arm_v20_description/share/arm_v20_description/hook/cmake_prefix_path.ps1'
[1.202s] [34mcolcon.colcon_core.shell[0m [1;30mINFO[0m Creating environment descriptor '/home/a/ws_nhk/install/arm_v20_description/share/arm_v20_description/hook/cmake_prefix_path.dsv'
[1.203s] [34mcolcon.colcon_core.shell[0m [1;30mINFO[0m Creating environment hook '/home/a/ws_nhk/install/arm_v20_description/share/arm_v20_description/hook/cmake_prefix_path.sh'
[1.203s] [34mcolcon.colcon_core.environment[0m [1;30mLevel 1[0m checking '/home/a/ws_nhk/install/arm_v20_description/bin'
[1.204s] [34mcolcon.colcon_core.environment[0m [1;30mLevel 1[0m checking '/home/a/ws_nhk/install/arm_v20_description/lib/pkgconfig/arm_v20_description.pc'
[1.204s] [34mcolcon.colcon_core.environment[0m [1;30mLevel 1[0m checking '/home/a/ws_nhk/install/arm_v20_description/lib/python3.10/site-packages'
[1.204s] [34mcolcon.colcon_core.environment[0m [1;30mLevel 1[0m checking '/home/a/ws_nhk/install/arm_v20_description/bin'
[1.205s] [34mcolcon.colcon_core.shell[0m [1;30mINFO[0m Creating package script '/home/a/ws_nhk/install/arm_v20_description/share/arm_v20_description/package.ps1'
[1.205s] [34mcolcon.colcon_core.shell[0m [1;30mINFO[0m Creating package descriptor '/home/a/ws_nhk/install/arm_v20_description/share/arm_v20_description/package.dsv'
[1.206s] [34mcolcon.colcon_core.shell[0m [1;30mINFO[0m Creating package script '/home/a/ws_nhk/install/arm_v20_description/share/arm_v20_description/package.sh'
[1.206s] [34mcolcon.colcon_core.shell[0m [1;30mINFO[0m Creating package script '/home/a/ws_nhk/install/arm_v20_description/share/arm_v20_description/package.bash'
[1.206s] [34mcolcon.colcon_core.shell[0m [1;30mINFO[0m Creating package script '/home/a/ws_nhk/install/arm_v20_description/share/arm_v20_description/package.zsh'
[1.207s] [34mcolcon.colcon_core.environment[0m [1;30mLevel 1[0m create_file_with_runtime_dependencies(/home/a/ws_nhk/install/arm_v20_description/share/colcon-core/packages/arm_v20_description)
[1.207s] [34mcolcon.colcon_core.environment[0m [1;30mLevel 1[0m create_environment_scripts_only(arm_v20_description)
[1.208s] [34mcolcon.colcon_core.environment[0m [1;30mLevel 1[0m checking '/home/a/ws_nhk/install/arm_v20_description' for CMake module files
[1.208s] [34mcolcon.colcon_core.environment[0m [1;30mLevel 1[0m checking '/home/a/ws_nhk/install/arm_v20_description' for CMake config files
[1.208s] [34mcolcon.colcon_core.shell[0m [1;30mLevel 1[0m create_environment_hook('arm_v20_description', 'cmake_prefix_path')
[1.209s] [34mcolcon.colcon_core.shell[0m [1;30mINFO[0m Creating environment hook '/home/a/ws_nhk/install/arm_v20_description/share/arm_v20_description/hook/cmake_prefix_path.ps1'
[1.209s] [34mcolcon.colcon_core.shell[0m [1;30mINFO[0m Creating environment descriptor '/home/a/ws_nhk/install/arm_v20_description/share/arm_v20_description/hook/cmake_prefix_path.dsv'
[1.209s] [34mcolcon.colcon_core.shell[0m [1;30mINFO[0m Creating environment hook '/home/a/ws_nhk/install/arm_v20_description/share/arm_v20_description/hook/cmake_prefix_path.sh'
[1.210s] [34mcolcon.colcon_core.environment[0m [1;30mLevel 1[0m checking '/home/a/ws_nhk/install/arm_v20_description/bin'
[1.210s] [34mcolcon.colcon_core.environment[0m [1;30mLevel 1[0m checking '/home/a/ws_nhk/install/arm_v20_description/lib/pkgconfig/arm_v20_description.pc'
[1.211s] [34mcolcon.colcon_core.environment[0m [1;30mLevel 1[0m checking '/home/a/ws_nhk/install/arm_v20_description/lib/python3.10/site-packages'
[1.211s] [34mcolcon.colcon_core.environment[0m [1;30mLevel 1[0m checking '/home/a/ws_nhk/install/arm_v20_description/bin'
[1.211s] [34mcolcon.colcon_core.shell[0m [1;30mINFO[0m Creating package script '/home/a/ws_nhk/install/arm_v20_description/share/arm_v20_description/package.ps1'
[1.212s] [34mcolcon.colcon_core.shell[0m [1;30mINFO[0m Creating package descriptor '/home/a/ws_nhk/install/arm_v20_description/share/arm_v20_description/package.dsv'
[1.212s] [34mcolcon.colcon_core.shell[0m [1;30mINFO[0m Creating package script '/home/a/ws_nhk/install/arm_v20_description/share/arm_v20_description/package.sh'
[1.213s] [34mcolcon.colcon_core.shell[0m [1;30mINFO[0m Creating package script '/home/a/ws_nhk/install/arm_v20_description/share/arm_v20_description/package.bash'
[1.214s] [34mcolcon.colcon_core.shell[0m [1;30mINFO[0m Creating package script '/home/a/ws_nhk/install/arm_v20_description/share/arm_v20_description/package.zsh'
[1.215s] [34mcolcon.colcon_core.environment[0m [1;30mLevel 1[0m create_file_with_runtime_dependencies(/home/a/ws_nhk/install/arm_v20_description/share/colcon-core/packages/arm_v20_description)
[1.215s] [34mcolcon.colcon_core.environment[0m [1;30mLevel 1[0m create_environment_scripts_only(moveit_resources_pr2_description)
[1.215s] [34mcolcon.colcon_core.environment[0m [1;30mLevel 1[0m checking '/home/a/ws_nhk/install/moveit_resources_pr2_description' for CMake module files
[1.217s] [34mcolcon.colcon_core.event_handler.log_command[0m [1;30mDEBUG[0m [32mInvoked command in '/home/a/ws_nhk/build/moveit_resources_pr2_description' returned '0': CMAKE_PREFIX_PATH=${CMAKE_PREFIX_PATH}:/home/a/ws_nhk/install/ikeyaMD_wizard:/home/a/ws_nhk/install/moveit_configs_utils:/home/a/ws_nhk/install/rogidrive:/home/a/ws_nhk/install/launch_param_builder:/home/a/ws_nhk/install/dynamixel_controller_gui:/home/a/ws_nhk/install/dynamixel_controller_client:/opt/ros/humble /usr/bin/cmake --install /home/a/ws_nhk/build/moveit_resources_pr2_description[0m
[1.217s] [34mcolcon.colcon_core.environment[0m [1;30mLevel 1[0m checking '/home/a/ws_nhk/install/moveit_resources_pr2_description' for CMake config files
[1.218s] [34mcolcon.colcon_core.shell[0m [1;30mLevel 1[0m create_environment_hook('moveit_resources_pr2_description', 'cmake_prefix_path')
[1.218s] [34mcolcon.colcon_core.shell[0m [1;30mINFO[0m Creating environment hook '/home/a/ws_nhk/install/moveit_resources_pr2_description/share/moveit_resources_pr2_description/hook/cmake_prefix_path.ps1'
[1.218s] [34mcolcon.colcon_core.shell[0m [1;30mINFO[0m Creating environment descriptor '/home/a/ws_nhk/install/moveit_resources_pr2_description/share/moveit_resources_pr2_description/hook/cmake_prefix_path.dsv'
[1.219s] [34mcolcon.colcon_core.shell[0m [1;30mINFO[0m Creating environment hook '/home/a/ws_nhk/install/moveit_resources_pr2_description/share/moveit_resources_pr2_description/hook/cmake_prefix_path.sh'
[1.219s] [34mcolcon.colcon_core.environment[0m [1;30mLevel 1[0m checking '/home/a/ws_nhk/install/moveit_resources_pr2_description/bin'
[1.219s] [34mcolcon.colcon_core.environment[0m [1;30mLevel 1[0m checking '/home/a/ws_nhk/install/moveit_resources_pr2_description/lib/pkgconfig/moveit_resources_pr2_description.pc'
[1.220s] [34mcolcon.colcon_core.environment[0m [1;30mLevel 1[0m checking '/home/a/ws_nhk/install/moveit_resources_pr2_description/lib/python3.10/site-packages'
[1.220s] [34mcolcon.colcon_core.environment[0m [1;30mLevel 1[0m checking '/home/a/ws_nhk/install/moveit_resources_pr2_description/bin'
[1.220s] [34mcolcon.colcon_core.shell[0m [1;30mINFO[0m Creating package script '/home/a/ws_nhk/install/moveit_resources_pr2_description/share/moveit_resources_pr2_description/package.ps1'
[1.221s] [34mcolcon.colcon_core.shell[0m [1;30mINFO[0m Creating package descriptor '/home/a/ws_nhk/install/moveit_resources_pr2_description/share/moveit_resources_pr2_description/package.dsv'
[1.221s] [34mcolcon.colcon_core.shell[0m [1;30mINFO[0m Creating package script '/home/a/ws_nhk/install/moveit_resources_pr2_description/share/moveit_resources_pr2_description/package.sh'
[1.222s] [34mcolcon.colcon_core.shell[0m [1;30mINFO[0m Creating package script '/home/a/ws_nhk/install/moveit_resources_pr2_description/share/moveit_resources_pr2_description/package.bash'
[1.222s] [34mcolcon.colcon_core.shell[0m [1;30mINFO[0m Creating package script '/home/a/ws_nhk/install/moveit_resources_pr2_description/share/moveit_resources_pr2_description/package.zsh'
[1.222s] [34mcolcon.colcon_core.environment[0m [1;30mLevel 1[0m create_file_with_runtime_dependencies(/home/a/ws_nhk/install/moveit_resources_pr2_description/share/colcon-core/packages/moveit_resources_pr2_description)
[1.223s] [34mcolcon.colcon_core.environment[0m [1;30mLevel 1[0m create_environment_scripts_only(moveit_resources_pr2_description)
[1.223s] [34mcolcon.colcon_core.environment[0m [1;30mLevel 1[0m checking '/home/a/ws_nhk/install/moveit_resources_pr2_description' for CMake module files
[1.224s] [34mcolcon.colcon_core.environment[0m [1;30mLevel 1[0m checking '/home/a/ws_nhk/install/moveit_resources_pr2_description' for CMake config files
[1.224s] [34mcolcon.colcon_core.shell[0m [1;30mLevel 1[0m create_environment_hook('moveit_resources_pr2_description', 'cmake_prefix_path')
[1.225s] [34mcolcon.colcon_core.shell[0m [1;30mINFO[0m Creating environment hook '/home/a/ws_nhk/install/moveit_resources_pr2_description/share/moveit_resources_pr2_description/hook/cmake_prefix_path.ps1'
[1.225s] [34mcolcon.colcon_core.shell[0m [1;30mINFO[0m Creating environment descriptor '/home/a/ws_nhk/install/moveit_resources_pr2_description/share/moveit_resources_pr2_description/hook/cmake_prefix_path.dsv'
[1.225s] [34mcolcon.colcon_core.shell[0m [1;30mINFO[0m Creating environment hook '/home/a/ws_nhk/install/moveit_resources_pr2_description/share/moveit_resources_pr2_description/hook/cmake_prefix_path.sh'
[1.226s] [34mcolcon.colcon_core.environment[0m [1;30mLevel 1[0m checking '/home/a/ws_nhk/install/moveit_resources_pr2_description/bin'
[1.226s] [34mcolcon.colcon_core.environment[0m [1;30mLevel 1[0m checking '/home/a/ws_nhk/install/moveit_resources_pr2_description/lib/pkgconfig/moveit_resources_pr2_description.pc'
[1.226s] [34mcolcon.colcon_core.environment[0m [1;30mLevel 1[0m checking '/home/a/ws_nhk/install/moveit_resources_pr2_description/lib/python3.10/site-packages'
[1.227s] [34mcolcon.colcon_core.environment[0m [1;30mLevel 1[0m checking '/home/a/ws_nhk/install/moveit_resources_pr2_description/bin'
[1.227s] [34mcolcon.colcon_core.shell[0m [1;30mINFO[0m Creating package script '/home/a/ws_nhk/install/moveit_resources_pr2_description/share/moveit_resources_pr2_description/package.ps1'
[1.228s] [34mcolcon.colcon_core.shell[0m [1;30mINFO[0m Creating package descriptor '/home/a/ws_nhk/install/moveit_resources_pr2_description/share/moveit_resources_pr2_description/package.dsv'
[1.228s] [34mcolcon.colcon_core.shell[0m [1;30mINFO[0m Creating package script '/home/a/ws_nhk/install/moveit_resources_pr2_description/share/moveit_resources_pr2_description/package.sh'
[1.228s] [34mcolcon.colcon_core.shell[0m [1;30mINFO[0m Creating package script '/home/a/ws_nhk/install/moveit_resources_pr2_description/share/moveit_resources_pr2_description/package.bash'
[1.229s] [34mcolcon.colcon_core.shell[0m [1;30mINFO[0m Creating package script '/home/a/ws_nhk/install/moveit_resources_pr2_description/share/moveit_resources_pr2_description/package.zsh'
[1.229s] [34mcolcon.colcon_core.environment[0m [1;30mLevel 1[0m create_file_with_runtime_dependencies(/home/a/ws_nhk/install/moveit_resources_pr2_description/share/colcon-core/packages/moveit_resources_pr2_description)
[1.230s] [34mcolcon.colcon_core.environment[0m [1;30mLevel 1[0m create_environment_scripts_only(a_r2_description)
[1.230s] [34mcolcon.colcon_core.environment[0m [1;30mLevel 1[0m checking '/home/a/ws_nhk/install/a_r2_description' for CMake module files
[1.231s] [34mcolcon.colcon_core.event_handler.log_command[0m [1;30mDEBUG[0m [32mInvoked command in '/home/a/ws_nhk/build/a_r2_description' returned '0': CMAKE_PREFIX_PATH=${CMAKE_PREFIX_PATH}:/home/a/ws_nhk/install/ikeyaMD_wizard:/home/a/ws_nhk/install/moveit_configs_utils:/home/a/ws_nhk/install/rogidrive:/home/a/ws_nhk/install/launch_param_builder:/home/a/ws_nhk/install/dynamixel_controller_gui:/home/a/ws_nhk/install/dynamixel_controller_client:/opt/ros/humble /usr/bin/cmake --install /home/a/ws_nhk/build/a_r2_description[0m
[1.231s] [34mcolcon.colcon_core.environment[0m [1;30mLevel 1[0m checking '/home/a/ws_nhk/install/a_r2_description' for CMake config files
[1.231s] [34mcolcon.colcon_core.shell[0m [1;30mLevel 1[0m create_environment_hook('a_r2_description', 'cmake_prefix_path')
[1.232s] [34mcolcon.colcon_core.shell[0m [1;30mINFO[0m Creating environment hook '/home/a/ws_nhk/install/a_r2_description/share/a_r2_description/hook/cmake_prefix_path.ps1'
[1.232s] [34mcolcon.colcon_core.shell[0m [1;30mINFO[0m Creating environment descriptor '/home/a/ws_nhk/install/a_r2_description/share/a_r2_description/hook/cmake_prefix_path.dsv'
[1.232s] [34mcolcon.colcon_core.shell[0m [1;30mINFO[0m Creating environment hook '/home/a/ws_nhk/install/a_r2_description/share/a_r2_description/hook/cmake_prefix_path.sh'
[1.233s] [34mcolcon.colcon_core.environment[0m [1;30mLevel 1[0m checking '/home/a/ws_nhk/install/a_r2_description/bin'
[1.233s] [34mcolcon.colcon_core.environment[0m [1;30mLevel 1[0m checking '/home/a/ws_nhk/install/a_r2_description/lib/pkgconfig/a_r2_description.pc'
[1.233s] [34mcolcon.colcon_core.environment[0m [1;30mLevel 1[0m checking '/home/a/ws_nhk/install/a_r2_description/lib/python3.10/site-packages'
[1.233s] [34mcolcon.colcon_core.environment[0m [1;30mLevel 1[0m checking '/home/a/ws_nhk/install/a_r2_description/bin'
[1.234s] [34mcolcon.colcon_core.shell[0m [1;30mINFO[0m Creating package script '/home/a/ws_nhk/install/a_r2_description/share/a_r2_description/package.ps1'
[1.234s] [34mcolcon.colcon_core.shell[0m [1;30mINFO[0m Creating package descriptor '/home/a/ws_nhk/install/a_r2_description/share/a_r2_description/package.dsv'
[1.235s] [34mcolcon.colcon_core.shell[0m [1;30mINFO[0m Creating package script '/home/a/ws_nhk/install/a_r2_description/share/a_r2_description/package.sh'
[1.235s] [34mcolcon.colcon_core.shell[0m [1;30mINFO[0m Creating package script '/home/a/ws_nhk/install/a_r2_description/share/a_r2_description/package.bash'
[1.235s] [34mcolcon.colcon_core.shell[0m [1;30mINFO[0m Creating package script '/home/a/ws_nhk/install/a_r2_description/share/a_r2_description/package.zsh'
[1.236s] [34mcolcon.colcon_core.environment[0m [1;30mLevel 1[0m create_file_with_runtime_dependencies(/home/a/ws_nhk/install/a_r2_description/share/colcon-core/packages/a_r2_description)
[1.236s] [34mcolcon.colcon_core.environment[0m [1;30mLevel 1[0m create_environment_scripts_only(a_r2_description)
[1.236s] [34mcolcon.colcon_core.environment[0m [1;30mLevel 1[0m checking '/home/a/ws_nhk/install/a_r2_description' for CMake module files
[1.237s] [34mcolcon.colcon_core.environment[0m [1;30mLevel 1[0m checking '/home/a/ws_nhk/install/a_r2_description' for CMake config files
[1.237s] [34mcolcon.colcon_core.shell[0m [1;30mLevel 1[0m create_environment_hook('a_r2_description', 'cmake_prefix_path')
[1.237s] [34mcolcon.colcon_core.shell[0m [1;30mINFO[0m Creating environment hook '/home/a/ws_nhk/install/a_r2_description/share/a_r2_description/hook/cmake_prefix_path.ps1'
[1.238s] [34mcolcon.colcon_core.shell[0m [1;30mINFO[0m Creating environment descriptor '/home/a/ws_nhk/install/a_r2_description/share/a_r2_description/hook/cmake_prefix_path.dsv'
[1.238s] [34mcolcon.colcon_core.shell[0m [1;30mINFO[0m Creating environment hook '/home/a/ws_nhk/install/a_r2_description/share/a_r2_description/hook/cmake_prefix_path.sh'
[1.239s] [34mcolcon.colcon_core.environment[0m [1;30mLevel 1[0m checking '/home/a/ws_nhk/install/a_r2_description/bin'
[1.239s] [34mcolcon.colcon_core.environment[0m [1;30mLevel 1[0m checking '/home/a/ws_nhk/install/a_r2_description/lib/pkgconfig/a_r2_description.pc'
[1.239s] [34mcolcon.colcon_core.environment[0m [1;30mLevel 1[0m checking '/home/a/ws_nhk/install/a_r2_description/lib/python3.10/site-packages'
[1.239s] [34mcolcon.colcon_core.environment[0m [1;30mLevel 1[0m checking '/home/a/ws_nhk/install/a_r2_description/bin'
[1.240s] [34mcolcon.colcon_core.shell[0m [1;30mINFO[0m Creating package script '/home/a/ws_nhk/install/a_r2_description/share/a_r2_description/package.ps1'
[1.240s] [34mcolcon.colcon_core.shell[0m [1;30mINFO[0m Creating package descriptor '/home/a/ws_nhk/install/a_r2_description/share/a_r2_description/package.dsv'
[1.241s] [34mcolcon.colcon_core.shell[0m [1;30mINFO[0m Creating package script '/home/a/ws_nhk/install/a_r2_description/share/a_r2_description/package.sh'
[1.241s] [34mcolcon.colcon_core.shell[0m [1;30mINFO[0m Creating package script '/home/a/ws_nhk/install/a_r2_description/share/a_r2_description/package.bash'
[1.241s] [34mcolcon.colcon_core.shell[0m [1;30mINFO[0m Creating package script '/home/a/ws_nhk/install/a_r2_description/share/a_r2_description/package.zsh'
[1.242s] [34mcolcon.colcon_core.environment[0m [1;30mLevel 1[0m create_file_with_runtime_dependencies(/home/a/ws_nhk/install/a_r2_description/share/colcon-core/packages/a_r2_description)
[1.242s] [34mcolcon.colcon_core.environment[0m [1;30mLevel 1[0m create_environment_scripts_only(moveit_resources_fanuc_description)
[1.242s] [34mcolcon.colcon_core.environment[0m [1;30mLevel 1[0m checking '/home/a/ws_nhk/install/moveit_resources_fanuc_description' for CMake module files
[1.243s] [34mcolcon.colcon_core.event_handler.log_command[0m [1;30mDEBUG[0m [32mInvoked command in '/home/a/ws_nhk/build/moveit_resources_fanuc_description' returned '0': CMAKE_PREFIX_PATH=${CMAKE_PREFIX_PATH}:/home/a/ws_nhk/install/ikeyaMD_wizard:/home/a/ws_nhk/install/moveit_configs_utils:/home/a/ws_nhk/install/rogidrive:/home/a/ws_nhk/install/launch_param_builder:/home/a/ws_nhk/install/dynamixel_controller_gui:/home/a/ws_nhk/install/dynamixel_controller_client:/opt/ros/humble /usr/bin/cmake --install /home/a/ws_nhk/build/moveit_resources_fanuc_description[0m
[1.243s] [34mcolcon.colcon_core.environment[0m [1;30mLevel 1[0m checking '/home/a/ws_nhk/install/moveit_resources_fanuc_description' for CMake config files
[1.244s] [34mcolcon.colcon_core.shell[0m [1;30mLevel 1[0m create_environment_hook('moveit_resources_fanuc_description', 'cmake_prefix_path')
[1.244s] [34mcolcon.colcon_core.shell[0m [1;30mINFO[0m Creating environment hook '/home/a/ws_nhk/install/moveit_resources_fanuc_description/share/moveit_resources_fanuc_description/hook/cmake_prefix_path.ps1'
[1.244s] [34mcolcon.colcon_core.shell[0m [1;30mINFO[0m Creating environment descriptor '/home/a/ws_nhk/install/moveit_resources_fanuc_description/share/moveit_resources_fanuc_description/hook/cmake_prefix_path.dsv'
[1.245s] [34mcolcon.colcon_core.shell[0m [1;30mINFO[0m Creating environment hook '/home/a/ws_nhk/install/moveit_resources_fanuc_description/share/moveit_resources_fanuc_description/hook/cmake_prefix_path.sh'
[1.245s] [34mcolcon.colcon_core.environment[0m [1;30mLevel 1[0m checking '/home/a/ws_nhk/install/moveit_resources_fanuc_description/bin'
[1.245s] [34mcolcon.colcon_core.environment[0m [1;30mLevel 1[0m checking '/home/a/ws_nhk/install/moveit_resources_fanuc_description/lib/pkgconfig/moveit_resources_fanuc_description.pc'
[1.246s] [34mcolcon.colcon_core.environment[0m [1;30mLevel 1[0m checking '/home/a/ws_nhk/install/moveit_resources_fanuc_description/lib/python3.10/site-packages'
[1.246s] [34mcolcon.colcon_core.environment[0m [1;30mLevel 1[0m checking '/home/a/ws_nhk/install/moveit_resources_fanuc_description/bin'
[1.246s] [34mcolcon.colcon_core.shell[0m [1;30mINFO[0m Creating package script '/home/a/ws_nhk/install/moveit_resources_fanuc_description/share/moveit_resources_fanuc_description/package.ps1'
[1.247s] [34mcolcon.colcon_core.shell[0m [1;30mINFO[0m Creating package descriptor '/home/a/ws_nhk/install/moveit_resources_fanuc_description/share/moveit_resources_fanuc_description/package.dsv'
[1.247s] [34mcolcon.colcon_core.shell[0m [1;30mINFO[0m Creating package script '/home/a/ws_nhk/install/moveit_resources_fanuc_description/share/moveit_resources_fanuc_description/package.sh'
[1.247s] [34mcolcon.colcon_core.shell[0m [1;30mINFO[0m Creating package script '/home/a/ws_nhk/install/moveit_resources_fanuc_description/share/moveit_resources_fanuc_description/package.bash'
[1.248s] [34mcolcon.colcon_core.shell[0m [1;30mINFO[0m Creating package script '/home/a/ws_nhk/install/moveit_resources_fanuc_description/share/moveit_resources_fanuc_description/package.zsh'
[1.248s] [34mcolcon.colcon_core.environment[0m [1;30mLevel 1[0m create_file_with_runtime_dependencies(/home/a/ws_nhk/install/moveit_resources_fanuc_description/share/colcon-core/packages/moveit_resources_fanuc_description)
[1.249s] [34mcolcon.colcon_core.environment[0m [1;30mLevel 1[0m create_environment_scripts_only(moveit_resources_fanuc_description)
[1.249s] [34mcolcon.colcon_core.environment[0m [1;30mLevel 1[0m checking '/home/a/ws_nhk/install/moveit_resources_fanuc_description' for CMake module files
[1.249s] [34mcolcon.colcon_core.environment[0m [1;30mLevel 1[0m checking '/home/a/ws_nhk/install/moveit_resources_fanuc_description' for CMake config files
[1.249s] [34mcolcon.colcon_core.shell[0m [1;30mLevel 1[0m create_environment_hook('moveit_resources_fanuc_description', 'cmake_prefix_path')
[1.250s] [34mcolcon.colcon_core.shell[0m [1;30mINFO[0m Creating environment hook '/home/a/ws_nhk/install/moveit_resources_fanuc_description/share/moveit_resources_fanuc_description/hook/cmake_prefix_path.ps1'
[1.250s] [34mcolcon.colcon_core.shell[0m [1;30mINFO[0m Creating environment descriptor '/home/a/ws_nhk/install/moveit_resources_fanuc_description/share/moveit_resources_fanuc_description/hook/cmake_prefix_path.dsv'
[1.250s] [34mcolcon.colcon_core.shell[0m [1;30mINFO[0m Creating environment hook '/home/a/ws_nhk/install/moveit_resources_fanuc_description/share/moveit_resources_fanuc_description/hook/cmake_prefix_path.sh'
[1.251s] [34mcolcon.colcon_core.environment[0m [1;30mLevel 1[0m checking '/home/a/ws_nhk/install/moveit_resources_fanuc_description/bin'
[1.251s] [34mcolcon.colcon_core.environment[0m [1;30mLevel 1[0m checking '/home/a/ws_nhk/install/moveit_resources_fanuc_description/lib/pkgconfig/moveit_resources_fanuc_description.pc'
[1.251s] [34mcolcon.colcon_core.environment[0m [1;30mLevel 1[0m checking '/home/a/ws_nhk/install/moveit_resources_fanuc_description/lib/python3.10/site-packages'
[1.252s] [34mcolcon.colcon_core.environment[0m [1;30mLevel 1[0m checking '/home/a/ws_nhk/install/moveit_resources_fanuc_description/bin'
[1.252s] [34mcolcon.colcon_core.shell[0m [1;30mINFO[0m Creating package script '/home/a/ws_nhk/install/moveit_resources_fanuc_description/share/moveit_resources_fanuc_description/package.ps1'
[1.252s] [34mcolcon.colcon_core.shell[0m [1;30mINFO[0m Creating package descriptor '/home/a/ws_nhk/install/moveit_resources_fanuc_description/share/moveit_resources_fanuc_description/package.dsv'
[1.253s] [34mcolcon.colcon_core.shell[0m [1;30mINFO[0m Creating package script '/home/a/ws_nhk/install/moveit_resources_fanuc_description/share/moveit_resources_fanuc_description/package.sh'
[1.253s] [34mcolcon.colcon_core.shell[0m [1;30mINFO[0m Creating package script '/home/a/ws_nhk/install/moveit_resources_fanuc_description/share/moveit_resources_fanuc_description/package.bash'
[1.254s] [34mcolcon.colcon_core.shell[0m [1;30mINFO[0m Creating package script '/home/a/ws_nhk/install/moveit_resources_fanuc_description/share/moveit_resources_fanuc_description/package.zsh'
[1.254s] [34mcolcon.colcon_core.environment[0m [1;30mLevel 1[0m create_file_with_runtime_dependencies(/home/a/ws_nhk/install/moveit_resources_fanuc_description/share/colcon-core/packages/moveit_resources_fanuc_description)
[1.254s] [34mcolcon.colcon_core.environment[0m [1;30mLevel 1[0m create_environment_scripts_only(arm_module_description)
[1.255s] [34mcolcon.colcon_core.environment[0m [1;30mLevel 1[0m checking '/home/a/ws_nhk/install/arm_module_description' for CMake module files
[1.255s] [34mcolcon.colcon_core.environment[0m [1;30mLevel 1[0m checking '/home/a/ws_nhk/install/arm_module_description' for CMake config files
[1.256s] [34mcolcon.colcon_core.event_handler.log_command[0m [1;30mDEBUG[0m [32mInvoked command in '/home/a/ws_nhk/build/arm_module_description' returned '0': CMAKE_PREFIX_PATH=${CMAKE_PREFIX_PATH}:/home/a/ws_nhk/install/ikeyaMD_wizard:/home/a/ws_nhk/install/moveit_configs_utils:/home/a/ws_nhk/install/rogidrive:/home/a/ws_nhk/install/launch_param_builder:/home/a/ws_nhk/install/dynamixel_controller_gui:/home/a/ws_nhk/install/dynamixel_controller_client:/opt/ros/humble /usr/bin/cmake --install /home/a/ws_nhk/build/arm_module_description[0m
[1.256s] [34mcolcon.colcon_core.shell[0m [1;30mLevel 1[0m create_environment_hook('arm_module_description', 'cmake_prefix_path')
[1.256s] [34mcolcon.colcon_core.shell[0m [1;30mINFO[0m Creating environment hook '/home/a/ws_nhk/install/arm_module_description/share/arm_module_description/hook/cmake_prefix_path.ps1'
[1.257s] [34mcolcon.colcon_core.shell[0m [1;30mINFO[0m Creating environment descriptor '/home/a/ws_nhk/install/arm_module_description/share/arm_module_description/hook/cmake_prefix_path.dsv'
[1.257s] [34mcolcon.colcon_core.shell[0m [1;30mINFO[0m Creating environment hook '/home/a/ws_nhk/install/arm_module_description/share/arm_module_description/hook/cmake_prefix_path.sh'
[1.258s] [34mcolcon.colcon_core.environment[0m [1;30mLevel 1[0m checking '/home/a/ws_nhk/install/arm_module_description/bin'
[1.258s] [34mcolcon.colcon_core.environment[0m [1;30mLevel 1[0m checking '/home/a/ws_nhk/install/arm_module_description/lib/pkgconfig/arm_module_description.pc'
[1.258s] [34mcolcon.colcon_core.environment[0m [1;30mLevel 1[0m checking '/home/a/ws_nhk/install/arm_module_description/lib/python3.10/site-packages'
[1.258s] [34mcolcon.colcon_core.environment[0m [1;30mLevel 1[0m checking '/home/a/ws_nhk/install/arm_module_description/bin'
[1.259s] [34mcolcon.colcon_core.shell[0m [1;30mINFO[0m Creating package script '/home/a/ws_nhk/install/arm_module_description/share/arm_module_description/package.ps1'
[1.259s] [34mcolcon.colcon_core.shell[0m [1;30mINFO[0m Creating package descriptor '/home/a/ws_nhk/install/arm_module_description/share/arm_module_description/package.dsv'
[1.259s] [34mcolcon.colcon_core.shell[0m [1;30mINFO[0m Creating package script '/home/a/ws_nhk/install/arm_module_description/share/arm_module_description/package.sh'
[1.260s] [34mcolcon.colcon_core.shell[0m [1;30mINFO[0m Creating package script '/home/a/ws_nhk/install/arm_module_description/share/arm_module_description/package.bash'
[1.260s] [34mcolcon.colcon_core.shell[0m [1;30mINFO[0m Creating package script '/home/a/ws_nhk/install/arm_module_description/share/arm_module_description/package.zsh'
[1.261s] [34mcolcon.colcon_core.environment[0m [1;30mLevel 1[0m create_file_with_runtime_dependencies(/home/a/ws_nhk/install/arm_module_description/share/colcon-core/packages/arm_module_description)
[1.261s] [34mcolcon.colcon_core.environment[0m [1;30mLevel 1[0m create_environment_scripts_only(arm_module_description)
[1.262s] [34mcolcon.colcon_core.environment[0m [1;30mLevel 1[0m checking '/home/a/ws_nhk/install/arm_module_description' for CMake module files
[1.262s] [34mcolcon.colcon_core.environment[0m [1;30mLevel 1[0m checking '/home/a/ws_nhk/install/arm_module_description' for CMake config files
[1.262s] [34mcolcon.colcon_core.shell[0m [1;30mLevel 1[0m create_environment_hook('arm_module_description', 'cmake_prefix_path')
[1.263s] [34mcolcon.colcon_core.shell[0m [1;30mINFO[0m Creating environment hook '/home/a/ws_nhk/install/arm_module_description/share/arm_module_description/hook/cmake_prefix_path.ps1'
[1.263s] [34mcolcon.colcon_core.shell[0m [1;30mINFO[0m Creating environment descriptor '/home/a/ws_nhk/install/arm_module_description/share/arm_module_description/hook/cmake_prefix_path.dsv'
[1.263s] [34mcolcon.colcon_core.shell[0m [1;30mINFO[0m Creating environment hook '/home/a/ws_nhk/install/arm_module_description/share/arm_module_description/hook/cmake_prefix_path.sh'
[1.264s] [34mcolcon.colcon_core.environment[0m [1;30mLevel 1[0m checking '/home/a/ws_nhk/install/arm_module_description/bin'
[1.264s] [34mcolcon.colcon_core.environment[0m [1;30mLevel 1[0m checking '/home/a/ws_nhk/install/arm_module_description/lib/pkgconfig/arm_module_description.pc'
[1.264s] [34mcolcon.colcon_core.environment[0m [1;30mLevel 1[0m checking '/home/a/ws_nhk/install/arm_module_description/lib/python3.10/site-packages'
[1.264s] [34mcolcon.colcon_core.environment[0m [1;30mLevel 1[0m checking '/home/a/ws_nhk/install/arm_module_description/bin'
[1.265s] [34mcolcon.colcon_core.shell[0m [1;30mINFO[0m Creating package script '/home/a/ws_nhk/install/arm_module_description/share/arm_module_description/package.ps1'
[1.265s] [34mcolcon.colcon_core.shell[0m [1;30mINFO[0m Creating package descriptor '/home/a/ws_nhk/install/arm_module_description/share/arm_module_description/package.dsv'
[1.266s] [34mcolcon.colcon_core.shell[0m [1;30mINFO[0m Creating package script '/home/a/ws_nhk/install/arm_module_description/share/arm_module_description/package.sh'
[1.266s] [34mcolcon.colcon_core.shell[0m [1;30mINFO[0m Creating package script '/home/a/ws_nhk/install/arm_module_description/share/arm_module_description/package.bash'
[1.266s] [34mcolcon.colcon_core.shell[0m [1;30mINFO[0m Creating package script '/home/a/ws_nhk/install/arm_module_description/share/arm_module_description/package.zsh'
[1.267s] [34mcolcon.colcon_core.environment[0m [1;30mLevel 1[0m create_file_with_runtime_dependencies(/home/a/ws_nhk/install/arm_module_description/share/colcon-core/packages/arm_module_description)
[1.268s] [34mcolcon.colcon_core.environment[0m [1;30mLevel 1[0m create_environment_scripts_only(dynamixel_sdk)
[1.268s] [34mcolcon.colcon_core.environment[0m [1;30mLevel 1[0m checking '/home/a/ws_nhk/install/dynamixel_sdk' for CMake module files
[1.269s] [34mcolcon.colcon_core.event_handler.log_command[0m [1;30mDEBUG[0m [32mInvoked command in '/home/a/ws_nhk/build/dynamixel_sdk' returned '0': CMAKE_PREFIX_PATH=${CMAKE_PREFIX_PATH}:/home/a/ws_nhk/install/ikeyaMD_wizard:/home/a/ws_nhk/install/moveit_configs_utils:/home/a/ws_nhk/install/rogidrive:/home/a/ws_nhk/install/launch_param_builder:/home/a/ws_nhk/install/dynamixel_controller_gui:/home/a/ws_nhk/install/dynamixel_controller_client:/opt/ros/humble /usr/bin/cmake --install /home/a/ws_nhk/build/dynamixel_sdk[0m
[1.269s] [34mcolcon.colcon_core.environment[0m [1;30mLevel 1[0m checking '/home/a/ws_nhk/install/dynamixel_sdk' for CMake config files
[1.269s] [34mcolcon.colcon_core.shell[0m [1;30mLevel 1[0m create_environment_hook('dynamixel_sdk', 'cmake_prefix_path')
[1.269s] [34mcolcon.colcon_core.shell[0m [1;30mINFO[0m Creating environment hook '/home/a/ws_nhk/install/dynamixel_sdk/share/dynamixel_sdk/hook/cmake_prefix_path.ps1'
[1.270s] [34mcolcon.colcon_core.shell[0m [1;30mINFO[0m Creating environment descriptor '/home/a/ws_nhk/install/dynamixel_sdk/share/dynamixel_sdk/hook/cmake_prefix_path.dsv'
[1.270s] [34mcolcon.colcon_core.shell[0m [1;30mINFO[0m Creating environment hook '/home/a/ws_nhk/install/dynamixel_sdk/share/dynamixel_sdk/hook/cmake_prefix_path.sh'
[1.271s] [34mcolcon.colcon_core.environment[0m [1;30mLevel 1[0m checking '/home/a/ws_nhk/install/dynamixel_sdk/lib'
[1.271s] [34mcolcon.colcon_core.shell[0m [1;30mLevel 1[0m create_environment_hook('dynamixel_sdk', 'ld_library_path_lib')
[1.271s] [34mcolcon.colcon_core.shell[0m [1;30mINFO[0m Creating environment hook '/home/a/ws_nhk/install/dynamixel_sdk/share/dynamixel_sdk/hook/ld_library_path_lib.ps1'
[1.272s] [34mcolcon.colcon_core.shell[0m [1;30mINFO[0m Creating environment descriptor '/home/a/ws_nhk/install/dynamixel_sdk/share/dynamixel_sdk/hook/ld_library_path_lib.dsv'
[1.272s] [34mcolcon.colcon_core.shell[0m [1;30mINFO[0m Creating environment hook '/home/a/ws_nhk/install/dynamixel_sdk/share/dynamixel_sdk/hook/ld_library_path_lib.sh'
[1.272s] [34mcolcon.colcon_core.environment[0m [1;30mLevel 1[0m checking '/home/a/ws_nhk/install/dynamixel_sdk/bin'
[1.272s] [34mcolcon.colcon_core.environment[0m [1;30mLevel 1[0m checking '/home/a/ws_nhk/install/dynamixel_sdk/lib/pkgconfig/dynamixel_sdk.pc'
[1.273s] [34mcolcon.colcon_core.environment[0m [1;30mLevel 1[0m checking '/home/a/ws_nhk/install/dynamixel_sdk/lib/python3.10/site-packages'
[1.273s] [34mcolcon.colcon_core.environment[0m [1;30mLevel 1[0m checking '/home/a/ws_nhk/install/dynamixel_sdk/bin'
[1.273s] [34mcolcon.colcon_core.shell[0m [1;30mINFO[0m Creating package script '/home/a/ws_nhk/install/dynamixel_sdk/share/dynamixel_sdk/package.ps1'
[1.274s] [34mcolcon.colcon_core.shell[0m [1;30mINFO[0m Creating package descriptor '/home/a/ws_nhk/install/dynamixel_sdk/share/dynamixel_sdk/package.dsv'
[1.274s] [34mcolcon.colcon_core.shell[0m [1;30mINFO[0m Creating package script '/home/a/ws_nhk/install/dynamixel_sdk/share/dynamixel_sdk/package.sh'
[1.275s] [34mcolcon.colcon_core.shell[0m [1;30mINFO[0m Creating package script '/home/a/ws_nhk/install/dynamixel_sdk/share/dynamixel_sdk/package.bash'
[1.275s] [34mcolcon.colcon_core.shell[0m [1;30mINFO[0m Creating package script '/home/a/ws_nhk/install/dynamixel_sdk/share/dynamixel_sdk/package.zsh'
[1.275s] [34mcolcon.colcon_core.environment[0m [1;30mLevel 1[0m create_file_with_runtime_dependencies(/home/a/ws_nhk/install/dynamixel_sdk/share/colcon-core/packages/dynamixel_sdk)
[1.276s] [34mcolcon.colcon_core.environment[0m [1;30mLevel 1[0m create_environment_scripts_only(dynamixel_sdk)
[1.276s] [34mcolcon.colcon_core.environment[0m [1;30mLevel 1[0m checking '/home/a/ws_nhk/install/dynamixel_sdk' for CMake module files
[1.276s] [34mcolcon.colcon_core.environment[0m [1;30mLevel 1[0m checking '/home/a/ws_nhk/install/dynamixel_sdk' for CMake config files
[1.277s] [34mcolcon.colcon_core.shell[0m [1;30mLevel 1[0m create_environment_hook('dynamixel_sdk', 'cmake_prefix_path')
[1.277s] [34mcolcon.colcon_core.shell[0m [1;30mINFO[0m Creating environment hook '/home/a/ws_nhk/install/dynamixel_sdk/share/dynamixel_sdk/hook/cmake_prefix_path.ps1'
[1.277s] [34mcolcon.colcon_core.shell[0m [1;30mINFO[0m Creating environment descriptor '/home/a/ws_nhk/install/dynamixel_sdk/share/dynamixel_sdk/hook/cmake_prefix_path.dsv'
[1.278s] [34mcolcon.colcon_core.shell[0m [1;30mINFO[0m Creating environment hook '/home/a/ws_nhk/install/dynamixel_sdk/share/dynamixel_sdk/hook/cmake_prefix_path.sh'
[1.278s] [34mcolcon.colcon_core.environment[0m [1;30mLevel 1[0m checking '/home/a/ws_nhk/install/dynamixel_sdk/lib'
[1.278s] [34mcolcon.colcon_core.shell[0m [1;30mLevel 1[0m create_environment_hook('dynamixel_sdk', 'ld_library_path_lib')
[1.278s] [34mcolcon.colcon_core.shell[0m [1;30mINFO[0m Creating environment hook '/home/a/ws_nhk/install/dynamixel_sdk/share/dynamixel_sdk/hook/ld_library_path_lib.ps1'
[1.279s] [34mcolcon.colcon_core.shell[0m [1;30mINFO[0m Creating environment descriptor '/home/a/ws_nhk/install/dynamixel_sdk/share/dynamixel_sdk/hook/ld_library_path_lib.dsv'
[1.279s] [34mcolcon.colcon_core.shell[0m [1;30mINFO[0m Creating environment hook '/home/a/ws_nhk/install/dynamixel_sdk/share/dynamixel_sdk/hook/ld_library_path_lib.sh'
[1.279s] [34mcolcon.colcon_core.environment[0m [1;30mLevel 1[0m checking '/home/a/ws_nhk/install/dynamixel_sdk/bin'
[1.280s] [34mcolcon.colcon_core.environment[0m [1;30mLevel 1[0m checking '/home/a/ws_nhk/install/dynamixel_sdk/lib/pkgconfig/dynamixel_sdk.pc'
[1.280s] [34mcolcon.colcon_core.environment[0m [1;30mLevel 1[0m checking '/home/a/ws_nhk/install/dynamixel_sdk/lib/python3.10/site-packages'
[1.280s] [34mcolcon.colcon_core.environment[0m [1;30mLevel 1[0m checking '/home/a/ws_nhk/install/dynamixel_sdk/bin'
[1.280s] [34mcolcon.colcon_core.shell[0m [1;30mINFO[0m Creating package script '/home/a/ws_nhk/install/dynamixel_sdk/share/dynamixel_sdk/package.ps1'
[1.281s] [34mcolcon.colcon_core.shell[0m [1;30mINFO[0m Creating package descriptor '/home/a/ws_nhk/install/dynamixel_sdk/share/dynamixel_sdk/package.dsv'
[1.281s] [34mcolcon.colcon_core.shell[0m [1;30mINFO[0m Creating package script '/home/a/ws_nhk/install/dynamixel_sdk/share/dynamixel_sdk/package.sh'
[1.282s] [34mcolcon.colcon_core.shell[0m [1;30mINFO[0m Creating package script '/home/a/ws_nhk/install/dynamixel_sdk/share/dynamixel_sdk/package.bash'
[1.282s] [34mcolcon.colcon_core.shell[0m [1;30mINFO[0m Creating package script '/home/a/ws_nhk/install/dynamixel_sdk/share/dynamixel_sdk/package.zsh'
[1.283s] [34mcolcon.colcon_core.environment[0m [1;30mLevel 1[0m create_file_with_runtime_dependencies(/home/a/ws_nhk/install/dynamixel_sdk/share/colcon-core/packages/dynamixel_sdk)
[1.284s] [34mcolcon.colcon_ros.task.ament_cmake.build[0m [1;30mINFO[0m Building ROS package in '/home/a/ws_nhk/src/moveit_resources/fanuc_moveit_config' with build type 'ament_cmake'
[1.284s] [34mcolcon.colcon_cmake.task.cmake.build[0m [1;30mINFO[0m Building CMake package in '/home/a/ws_nhk/src/moveit_resources/fanuc_moveit_config'
[1.285s] [34mcolcon.colcon_core.shell[0m [1;30mINFO[0m Skip shell extension 'powershell' for command environment: Not usable outside of PowerShell
[1.285s] [34mcolcon.colcon_core.shell[0m [1;30mDEBUG[0m [32mSkip shell extension 'dsv' for command environment[0m
[1.294s] [34mcolcon.colcon_ros.task.ament_cmake.build[0m [1;30mINFO[0m Building ROS package in '/home/a/ws_nhk/src/dynamixel_ros2/dynamixel_controller' with build type 'ament_cmake'
[1.294s] [34mcolcon.colcon_cmake.task.cmake.build[0m [1;30mINFO[0m Building CMake package in '/home/a/ws_nhk/src/dynamixel_ros2/dynamixel_controller'
[1.294s] [34mcolcon.colcon_core.shell[0m [1;30mINFO[0m Skip shell extension 'powershell' for command environment: Not usable outside of PowerShell
[1.294s] [34mcolcon.colcon_core.shell[0m [1;30mDEBUG[0m [32mSkip shell extension 'dsv' for command environment[0m
[1.304s] [34mcolcon.colcon_core.event_handler.log_command[0m [1;30mDEBUG[0m [32mInvoked command in '/home/a/ws_nhk/build/rogidrive_msg' returned '0': CMAKE_PREFIX_PATH=${CMAKE_PREFIX_PATH}:/home/a/ws_nhk/install/ikeyaMD_wizard:/home/a/ws_nhk/install/moveit_configs_utils:/home/a/ws_nhk/install/rogidrive:/home/a/ws_nhk/install/launch_param_builder:/home/a/ws_nhk/install/dynamixel_controller_gui:/home/a/ws_nhk/install/dynamixel_controller_client:/opt/ros/humble /usr/bin/cmake --build /home/a/ws_nhk/build/rogidrive_msg -- -j22 -l22[0m
[1.305s] [34mcolcon.colcon_core.event_handler.log_command[0m [1;30mDEBUG[0m [32mInvoking command in '/home/a/ws_nhk/build/rogidrive_msg': CMAKE_PREFIX_PATH=${CMAKE_PREFIX_PATH}:/home/a/ws_nhk/install/ikeyaMD_wizard:/home/a/ws_nhk/install/moveit_configs_utils:/home/a/ws_nhk/install/rogidrive:/home/a/ws_nhk/install/launch_param_builder:/home/a/ws_nhk/install/dynamixel_controller_gui:/home/a/ws_nhk/install/dynamixel_controller_client:/opt/ros/humble /usr/bin/cmake --install /home/a/ws_nhk/build/rogidrive_msg[0m
[1.306s] [34mcolcon.colcon_core.environment[0m [1;30mLevel 1[0m create_environment_scripts_only(srdfdom)
[1.306s] [34mcolcon.colcon_core.environment[0m [1;30mLevel 1[0m checking '/home/a/ws_nhk/install/srdfdom' for CMake module files
[1.307s] [34mcolcon.colcon_core.event_handler.log_command[0m [1;30mDEBUG[0m [32mInvoked command in '/home/a/ws_nhk/build/srdfdom' returned '0': CMAKE_PREFIX_PATH=${CMAKE_PREFIX_PATH}:/home/a/ws_nhk/install/ikeyaMD_wizard:/home/a/ws_nhk/install/moveit_configs_utils:/home/a/ws_nhk/install/rogidrive:/home/a/ws_nhk/install/launch_param_builder:/home/a/ws_nhk/install/dynamixel_controller_gui:/home/a/ws_nhk/install/dynamixel_controller_client:/opt/ros/humble /usr/bin/cmake --install /home/a/ws_nhk/build/srdfdom[0m
[1.307s] [34mcolcon.colcon_core.environment[0m [1;30mLevel 1[0m checking '/home/a/ws_nhk/install/srdfdom' for CMake config files
[1.307s] [34mcolcon.colcon_core.shell[0m [1;30mLevel 1[0m create_environment_hook('srdfdom', 'cmake_prefix_path')
[1.308s] [34mcolcon.colcon_core.shell[0m [1;30mINFO[0m Creating environment hook '/home/a/ws_nhk/install/srdfdom/share/srdfdom/hook/cmake_prefix_path.ps1'
[1.308s] [34mcolcon.colcon_core.shell[0m [1;30mINFO[0m Creating environment descriptor '/home/a/ws_nhk/install/srdfdom/share/srdfdom/hook/cmake_prefix_path.dsv'
[1.309s] [34mcolcon.colcon_core.shell[0m [1;30mINFO[0m Creating environment hook '/home/a/ws_nhk/install/srdfdom/share/srdfdom/hook/cmake_prefix_path.sh'
[1.309s] [34mcolcon.colcon_core.environment[0m [1;30mLevel 1[0m checking '/home/a/ws_nhk/install/srdfdom/lib'
[1.309s] [34mcolcon.colcon_core.shell[0m [1;30mLevel 1[0m create_environment_hook('srdfdom', 'ld_library_path_lib')
[1.310s] [34mcolcon.colcon_core.shell[0m [1;30mINFO[0m Creating environment hook '/home/a/ws_nhk/install/srdfdom/share/srdfdom/hook/ld_library_path_lib.ps1'
[1.310s] [34mcolcon.colcon_core.shell[0m [1;30mINFO[0m Creating environment descriptor '/home/a/ws_nhk/install/srdfdom/share/srdfdom/hook/ld_library_path_lib.dsv'
[1.310s] [34mcolcon.colcon_core.shell[0m [1;30mINFO[0m Creating environment hook '/home/a/ws_nhk/install/srdfdom/share/srdfdom/hook/ld_library_path_lib.sh'
[1.311s] [34mcolcon.colcon_core.environment[0m [1;30mLevel 1[0m checking '/home/a/ws_nhk/install/srdfdom/bin'
[1.311s] [34mcolcon.colcon_core.environment[0m [1;30mLevel 1[0m checking '/home/a/ws_nhk/install/srdfdom/lib/pkgconfig/srdfdom.pc'
[1.311s] [34mcolcon.colcon_core.environment[0m [1;30mLevel 1[0m checking '/home/a/ws_nhk/install/srdfdom/lib/python3.10/site-packages'
[1.312s] [34mcolcon.colcon_core.environment[0m [1;30mLevel 1[0m checking '/home/a/ws_nhk/install/srdfdom/bin'
[1.312s] [34mcolcon.colcon_core.shell[0m [1;30mINFO[0m Creating package script '/home/a/ws_nhk/install/srdfdom/share/srdfdom/package.ps1'
[1.313s] [34mcolcon.colcon_core.shell[0m [1;30mINFO[0m Creating package descriptor '/home/a/ws_nhk/install/srdfdom/share/srdfdom/package.dsv'
[1.313s] [34mcolcon.colcon_core.shell[0m [1;30mINFO[0m Creating package script '/home/a/ws_nhk/install/srdfdom/share/srdfdom/package.sh'
[1.314s] [34mcolcon.colcon_core.shell[0m [1;30mINFO[0m Creating package script '/home/a/ws_nhk/install/srdfdom/share/srdfdom/package.bash'
[1.314s] [34mcolcon.colcon_core.shell[0m [1;30mINFO[0m Creating package script '/home/a/ws_nhk/install/srdfdom/share/srdfdom/package.zsh'
[1.314s] [34mcolcon.colcon_core.environment[0m [1;30mLevel 1[0m create_file_with_runtime_dependencies(/home/a/ws_nhk/install/srdfdom/share/colcon-core/packages/srdfdom)
[1.315s] [34mcolcon.colcon_core.environment[0m [1;30mLevel 1[0m create_environment_scripts_only(srdfdom)
[1.315s] [34mcolcon.colcon_core.environment[0m [1;30mLevel 1[0m checking '/home/a/ws_nhk/install/srdfdom' for CMake module files
[1.316s] [34mcolcon.colcon_core.environment[0m [1;30mLevel 1[0m checking '/home/a/ws_nhk/install/srdfdom' for CMake config files
[1.316s] [34mcolcon.colcon_core.shell[0m [1;30mLevel 1[0m create_environment_hook('srdfdom', 'cmake_prefix_path')
[1.316s] [34mcolcon.colcon_core.shell[0m [1;30mINFO[0m Creating environment hook '/home/a/ws_nhk/install/srdfdom/share/srdfdom/hook/cmake_prefix_path.ps1'
[1.317s] [34mcolcon.colcon_core.shell[0m [1;30mINFO[0m Creating environment descriptor '/home/a/ws_nhk/install/srdfdom/share/srdfdom/hook/cmake_prefix_path.dsv'
[1.317s] [34mcolcon.colcon_core.shell[0m [1;30mINFO[0m Creating environment hook '/home/a/ws_nhk/install/srdfdom/share/srdfdom/hook/cmake_prefix_path.sh'
[1.318s] [34mcolcon.colcon_core.environment[0m [1;30mLevel 1[0m checking '/home/a/ws_nhk/install/srdfdom/lib'
[1.318s] [34mcolcon.colcon_core.shell[0m [1;30mLevel 1[0m create_environment_hook('srdfdom', 'ld_library_path_lib')
[1.318s] [34mcolcon.colcon_core.shell[0m [1;30mINFO[0m Creating environment hook '/home/a/ws_nhk/install/srdfdom/share/srdfdom/hook/ld_library_path_lib.ps1'
[1.318s] [34mcolcon.colcon_core.shell[0m [1;30mINFO[0m Creating environment descriptor '/home/a/ws_nhk/install/srdfdom/share/srdfdom/hook/ld_library_path_lib.dsv'
[1.319s] [34mcolcon.colcon_core.shell[0m [1;30mINFO[0m Creating environment hook '/home/a/ws_nhk/install/srdfdom/share/srdfdom/hook/ld_library_path_lib.sh'
[1.319s] [34mcolcon.colcon_core.environment[0m [1;30mLevel 1[0m checking '/home/a/ws_nhk/install/srdfdom/bin'
[1.319s] [34mcolcon.colcon_core.environment[0m [1;30mLevel 1[0m checking '/home/a/ws_nhk/install/srdfdom/lib/pkgconfig/srdfdom.pc'
[1.319s] [34mcolcon.colcon_core.environment[0m [1;30mLevel 1[0m checking '/home/a/ws_nhk/install/srdfdom/lib/python3.10/site-packages'
[1.320s] [34mcolcon.colcon_core.environment[0m [1;30mLevel 1[0m checking '/home/a/ws_nhk/install/srdfdom/bin'
[1.320s] [34mcolcon.colcon_core.shell[0m [1;30mINFO[0m Creating package script '/home/a/ws_nhk/install/srdfdom/share/srdfdom/package.ps1'
[1.321s] [34mcolcon.colcon_core.shell[0m [1;30mINFO[0m Creating package descriptor '/home/a/ws_nhk/install/srdfdom/share/srdfdom/package.dsv'
[1.321s] [34mcolcon.colcon_core.shell[0m [1;30mINFO[0m Creating package script '/home/a/ws_nhk/install/srdfdom/share/srdfdom/package.sh'
[1.322s] [34mcolcon.colcon_core.shell[0m [1;30mINFO[0m Creating package script '/home/a/ws_nhk/install/srdfdom/share/srdfdom/package.bash'
[1.323s] [34mcolcon.colcon_core.shell[0m [1;30mINFO[0m Creating package script '/home/a/ws_nhk/install/srdfdom/share/srdfdom/package.zsh'
[1.323s] [34mcolcon.colcon_core.environment[0m [1;30mLevel 1[0m create_file_with_runtime_dependencies(/home/a/ws_nhk/install/srdfdom/share/colcon-core/packages/srdfdom)
[1.326s] [34mcolcon.colcon_core.event_handler.log_command[0m [1;30mDEBUG[0m [32mInvoked command in '/home/a/ws_nhk/build/dynamixel_sdk_custom_interfaces' returned '0': CMAKE_PREFIX_PATH=${CMAKE_PREFIX_PATH}:/home/a/ws_nhk/install/ikeyaMD_wizard:/home/a/ws_nhk/install/moveit_configs_utils:/home/a/ws_nhk/install/rogidrive:/home/a/ws_nhk/install/launch_param_builder:/home/a/ws_nhk/install/dynamixel_controller_gui:/home/a/ws_nhk/install/dynamixel_controller_client:/opt/ros/humble /usr/bin/cmake --build /home/a/ws_nhk/build/dynamixel_sdk_custom_interfaces -- -j22 -l22[0m
[1.335s] [34mcolcon.colcon_core.event_handler.log_command[0m [1;30mDEBUG[0m [32mInvoking command in '/home/a/ws_nhk/build/dynamixel_sdk_custom_interfaces': CMAKE_PREFIX_PATH=${CMAKE_PREFIX_PATH}:/home/a/ws_nhk/install/ikeyaMD_wizard:/home/a/ws_nhk/install/moveit_configs_utils:/home/a/ws_nhk/install/rogidrive:/home/a/ws_nhk/install/launch_param_builder:/home/a/ws_nhk/install/dynamixel_controller_gui:/home/a/ws_nhk/install/dynamixel_controller_client:/opt/ros/humble /usr/bin/cmake --install /home/a/ws_nhk/build/dynamixel_sdk_custom_interfaces[0m
[1.336s] [34mcolcon.colcon_core.event_handler.log_command[0m [1;30mDEBUG[0m [32mInvoked command in '/home/a/ws_nhk/build/stm32_mavlink_msgs' returned '0': CMAKE_PREFIX_PATH=${CMAKE_PREFIX_PATH}:/home/a/ws_nhk/install/ikeyaMD_wizard:/home/a/ws_nhk/install/moveit_configs_utils:/home/a/ws_nhk/install/rogidrive:/home/a/ws_nhk/install/launch_param_builder:/home/a/ws_nhk/install/dynamixel_controller_gui:/home/a/ws_nhk/install/dynamixel_controller_client:/opt/ros/humble /usr/bin/cmake --build /home/a/ws_nhk/build/stm32_mavlink_msgs -- -j22 -l22[0m
[1.336s] [34mcolcon.colcon_core.event_handler.log_command[0m [1;30mDEBUG[0m [32mInvoking command in '/home/a/ws_nhk/build/stm32_mavlink_msgs': CMAKE_PREFIX_PATH=${CMAKE_PREFIX_PATH}:/home/a/ws_nhk/install/ikeyaMD_wizard:/home/a/ws_nhk/install/moveit_configs_utils:/home/a/ws_nhk/install/rogidrive:/home/a/ws_nhk/install/launch_param_builder:/home/a/ws_nhk/install/dynamixel_controller_gui:/home/a/ws_nhk/install/dynamixel_controller_client:/opt/ros/humble /usr/bin/cmake --install /home/a/ws_nhk/build/stm32_mavlink_msgs[0m
[1.341s] [34mcolcon.colcon_core.event_handler.log_command[0m [1;30mDEBUG[0m [32mInvoking command in '/home/a/ws_nhk/build/moveit_resources_panda_moveit_config': CMAKE_PREFIX_PATH=/home/a/ws_nhk/install/moveit_resources_panda_description:/home/a/ws_nhk/install/stm32_mavlink_udp:/home/a/ws_nhk/install/stm32_mavlink_uart:/home/a/ws_nhk/install/stm32_mavlink_msgs:/home/a/ws_nhk/install/sakai_r2_config:/home/a/ws_nhk/install/moveit_runtime:/home/a/ws_nhk/install/moveit_r2_config:/home/a/ws_nhk/install/moveit_config:/home/a/ws_nhk/install/moveit2_tutorials:/home/a/ws_nhk/install/moveit:/home/a/ws_nhk/install/moveit_planners:/home/a/ws_nhk/install/pilz_industrial_motion_planner:/home/a/ws_nhk/install/moveit_task_constructor_visualization:/home/a/ws_nhk/install/moveit_task_constructor_demo:/home/a/ws_nhk/install/moveit_task_constructor_capabilities:/home/a/ws_nhk/install/moveit_task_constructor_core:/home/a/ws_nhk/install/moveit_setup_assistant:/home/a/ws_nhk/install/moveit_setup_srdf_plugins:/home/a/ws_nhk/install/moveit_setup_core_plugins:/home/a/ws_nhk/install/moveit_setup_controllers:/home/a/ws_nhk/install/moveit_setup_app_plugins:/home/a/ws_nhk/install/moveit_setup_framework:/home/a/ws_nhk/install/moveit_servo:/home/a/ws_nhk/install/moveit_ros:/home/a/ws_nhk/install/moveit_ros_visualization:/home/a/ws_nhk/install/moveit_hybrid_planning:/home/a/ws_nhk/install/moveit_ros_planning_interface:/home/a/ws_nhk/install/moveit_resources_prbt_pg70_support:/home/a/ws_nhk/install/moveit_resources_prbt_moveit_config:/home/a/ws_nhk/install/moveit_ros_move_group:/home/a/ws_nhk/install/moveit_kinematics:/home/a/ws_nhk/install/trac_ik:/home/a/ws_nhk/install/trac_ik_kinematics_plugin:/home/a/ws_nhk/install/trac_ik_lib:/home/a/ws_nhk/install/pilz_industrial_motion_planner_testutils:/home/a/ws_nhk/install/moveit_visual_tools:/home/a/ws_nhk/install/moveit_ros_control_interface:/home/a/ws_nhk/install/moveit_plugins:/home/a/ws_nhk/install/moveit_simple_controller_manager:/home/a/ws_nhk/install/moveit_ros_benchmarks:/home/a/ws_nhk/install/moveit_ros_warehouse:/home/a/ws_nhk/install/moveit_ros_robot_interaction:/home/a/ws_nhk/install/moveit_ros_perception:/home/a/ws_nhk/install/moveit_planners_ompl:/home/a/ws_nhk/install/moveit_ros_planning:/home/a/ws_nhk/install/moveit_ros_occupancy_map_monitor:/home/a/ws_nhk/install/moveit_resources_prbt_ikfast_manipulator_plugin:/home/a/ws_nhk/install/moveit_planners_chomp:/home/a/ws_nhk/install/moveit_chomp_optimizer_adapter:/home/a/ws_nhk/install/chomp_motion_planner:/home/a/ws_nhk/install/moveit_core:/home/a/ws_nhk/install/srdfdom:/home/a/ws_nhk/install/rviz_marker_tools:/home/a/ws_nhk/install/rosparam_shortcuts:/home/a/ws_nhk/install/r2_odrive:/home/a/ws_nhk/install/rogidrive_msg:/home/a/ws_nhk/install/nhk_bt:/home/a/ws_nhk/install/moveit_task_constructor_msgs:/home/a/ws_nhk/install/moveit_resources_prbt_support:/home/a/ws_nhk/install/moveit_resources:/home/a/ws_nhk/install/moveit_resources_pr2_description:/home/a/ws_nhk/install/moveit_resources_panda_moveit_config:/home/a/ws_nhk/install/moveit_resources_fanuc_moveit_config:/home/a/ws_nhk/install/moveit_resources_fanuc_description:/home/a/ws_nhk/install/moveit_common:/home/a/ws_nhk/install/dynamixel_sdk_examples:/home/a/ws_nhk/install/dynamixel_sdk_custom_interfaces:/home/a/ws_nhk/install/dynamixel_controller:/home/a/ws_nhk/install/dynamixel_sdk:/home/a/ws_nhk/install/arm_v20_description:/home/a/ws_nhk/install/arm_module_description:/home/a/ws_nhk/install/a_r2_description:/home/a/install/field_description_test:/home/a/ws_nhk/install/ikeyaMD_wizard:/home/a/ws_nhk/install/moveit_configs_utils:/home/a/ws_nhk/install/rogidrive:/home/a/ws_nhk/install/launch_param_builder:/home/a/ws_nhk/install/dynamixel_controller_gui:/home/a/ws_nhk/install/dynamixel_controller_client:/opt/ros/humble /usr/bin/cmake --build /home/a/ws_nhk/build/moveit_resources_panda_moveit_config -- -j22 -l22[0m
[1.344s] [34mcolcon.colcon_core.event_handler.log_command[0m [1;30mDEBUG[0m [32mInvoking command in '/home/a/ws_nhk/build/rviz_marker_tools': CMAKE_PREFIX_PATH=/home/a/ws_nhk/install/moveit_common:/home/a/ws_nhk/install/stm32_mavlink_udp:/home/a/ws_nhk/install/stm32_mavlink_uart:/home/a/ws_nhk/install/stm32_mavlink_msgs:/home/a/ws_nhk/install/sakai_r2_config:/home/a/ws_nhk/install/moveit_runtime:/home/a/ws_nhk/install/moveit_r2_config:/home/a/ws_nhk/install/moveit_config:/home/a/ws_nhk/install/moveit2_tutorials:/home/a/ws_nhk/install/moveit:/home/a/ws_nhk/install/moveit_planners:/home/a/ws_nhk/install/pilz_industrial_motion_planner:/home/a/ws_nhk/install/moveit_task_constructor_visualization:/home/a/ws_nhk/install/moveit_task_constructor_demo:/home/a/ws_nhk/install/moveit_task_constructor_capabilities:/home/a/ws_nhk/install/moveit_task_constructor_core:/home/a/ws_nhk/install/moveit_setup_assistant:/home/a/ws_nhk/install/moveit_setup_srdf_plugins:/home/a/ws_nhk/install/moveit_setup_core_plugins:/home/a/ws_nhk/install/moveit_setup_controllers:/home/a/ws_nhk/install/moveit_setup_app_plugins:/home/a/ws_nhk/install/moveit_setup_framework:/home/a/ws_nhk/install/moveit_servo:/home/a/ws_nhk/install/moveit_ros:/home/a/ws_nhk/install/moveit_ros_visualization:/home/a/ws_nhk/install/moveit_hybrid_planning:/home/a/ws_nhk/install/moveit_ros_planning_interface:/home/a/ws_nhk/install/moveit_resources_prbt_pg70_support:/home/a/ws_nhk/install/moveit_resources_prbt_moveit_config:/home/a/ws_nhk/install/moveit_ros_move_group:/home/a/ws_nhk/install/moveit_kinematics:/home/a/ws_nhk/install/trac_ik:/home/a/ws_nhk/install/trac_ik_kinematics_plugin:/home/a/ws_nhk/install/trac_ik_lib:/home/a/ws_nhk/install/pilz_industrial_motion_planner_testutils:/home/a/ws_nhk/install/moveit_visual_tools:/home/a/ws_nhk/install/moveit_ros_control_interface:/home/a/ws_nhk/install/moveit_plugins:/home/a/ws_nhk/install/moveit_simple_controller_manager:/home/a/ws_nhk/install/moveit_ros_benchmarks:/home/a/ws_nhk/install/moveit_ros_warehouse:/home/a/ws_nhk/install/moveit_ros_robot_interaction:/home/a/ws_nhk/install/moveit_ros_perception:/home/a/ws_nhk/install/moveit_planners_ompl:/home/a/ws_nhk/install/moveit_ros_planning:/home/a/ws_nhk/install/moveit_ros_occupancy_map_monitor:/home/a/ws_nhk/install/moveit_resources_prbt_ikfast_manipulator_plugin:/home/a/ws_nhk/install/moveit_planners_chomp:/home/a/ws_nhk/install/moveit_chomp_optimizer_adapter:/home/a/ws_nhk/install/chomp_motion_planner:/home/a/ws_nhk/install/moveit_core:/home/a/ws_nhk/install/srdfdom:/home/a/ws_nhk/install/rviz_marker_tools:/home/a/ws_nhk/install/rosparam_shortcuts:/home/a/ws_nhk/install/r2_odrive:/home/a/ws_nhk/install/rogidrive_msg:/home/a/ws_nhk/install/nhk_bt:/home/a/ws_nhk/install/moveit_task_constructor_msgs:/home/a/ws_nhk/install/moveit_resources_prbt_support:/home/a/ws_nhk/install/moveit_resources:/home/a/ws_nhk/install/moveit_resources_pr2_description:/home/a/ws_nhk/install/moveit_resources_panda_moveit_config:/home/a/ws_nhk/install/moveit_resources_panda_description:/home/a/ws_nhk/install/moveit_resources_fanuc_moveit_config:/home/a/ws_nhk/install/moveit_resources_fanuc_description:/home/a/ws_nhk/install/dynamixel_sdk_examples:/home/a/ws_nhk/install/dynamixel_sdk_custom_interfaces:/home/a/ws_nhk/install/dynamixel_controller:/home/a/ws_nhk/install/dynamixel_sdk:/home/a/ws_nhk/install/arm_v20_description:/home/a/ws_nhk/install/arm_module_description:/home/a/ws_nhk/install/a_r2_description:/home/a/install/field_description_test:/home/a/ws_nhk/install/ikeyaMD_wizard:/home/a/ws_nhk/install/moveit_configs_utils:/home/a/ws_nhk/install/rogidrive:/home/a/ws_nhk/install/launch_param_builder:/home/a/ws_nhk/install/dynamixel_controller_gui:/home/a/ws_nhk/install/dynamixel_controller_client:/opt/ros/humble /usr/bin/cmake --build /home/a/ws_nhk/build/rviz_marker_tools -- -j22 -l22[0m
[1.362s] [34mcolcon.colcon_core.event_handler.log_command[0m [1;30mDEBUG[0m [32mInvoking command in '/home/a/ws_nhk/build/moveit_resources_fanuc_moveit_config': CMAKE_PREFIX_PATH=/home/a/ws_nhk/install/moveit_resources_fanuc_description:/home/a/ws_nhk/install/stm32_mavlink_udp:/home/a/ws_nhk/install/stm32_mavlink_uart:/home/a/ws_nhk/install/stm32_mavlink_msgs:/home/a/ws_nhk/install/sakai_r2_config:/home/a/ws_nhk/install/moveit_runtime:/home/a/ws_nhk/install/moveit_r2_config:/home/a/ws_nhk/install/moveit_config:/home/a/ws_nhk/install/moveit2_tutorials:/home/a/ws_nhk/install/moveit:/home/a/ws_nhk/install/moveit_planners:/home/a/ws_nhk/install/pilz_industrial_motion_planner:/home/a/ws_nhk/install/moveit_task_constructor_visualization:/home/a/ws_nhk/install/moveit_task_constructor_demo:/home/a/ws_nhk/install/moveit_task_constructor_capabilities:/home/a/ws_nhk/install/moveit_task_constructor_core:/home/a/ws_nhk/install/moveit_setup_assistant:/home/a/ws_nhk/install/moveit_setup_srdf_plugins:/home/a/ws_nhk/install/moveit_setup_core_plugins:/home/a/ws_nhk/install/moveit_setup_controllers:/home/a/ws_nhk/install/moveit_setup_app_plugins:/home/a/ws_nhk/install/moveit_setup_framework:/home/a/ws_nhk/install/moveit_servo:/home/a/ws_nhk/install/moveit_ros:/home/a/ws_nhk/install/moveit_ros_visualization:/home/a/ws_nhk/install/moveit_hybrid_planning:/home/a/ws_nhk/install/moveit_ros_planning_interface:/home/a/ws_nhk/install/moveit_resources_prbt_pg70_support:/home/a/ws_nhk/install/moveit_resources_prbt_moveit_config:/home/a/ws_nhk/install/moveit_ros_move_group:/home/a/ws_nhk/install/moveit_kinematics:/home/a/ws_nhk/install/trac_ik:/home/a/ws_nhk/install/trac_ik_kinematics_plugin:/home/a/ws_nhk/install/trac_ik_lib:/home/a/ws_nhk/install/pilz_industrial_motion_planner_testutils:/home/a/ws_nhk/install/moveit_visual_tools:/home/a/ws_nhk/install/moveit_ros_control_interface:/home/a/ws_nhk/install/moveit_plugins:/home/a/ws_nhk/install/moveit_simple_controller_manager:/home/a/ws_nhk/install/moveit_ros_benchmarks:/home/a/ws_nhk/install/moveit_ros_warehouse:/home/a/ws_nhk/install/moveit_ros_robot_interaction:/home/a/ws_nhk/install/moveit_ros_perception:/home/a/ws_nhk/install/moveit_planners_ompl:/home/a/ws_nhk/install/moveit_ros_planning:/home/a/ws_nhk/install/moveit_ros_occupancy_map_monitor:/home/a/ws_nhk/install/moveit_resources_prbt_ikfast_manipulator_plugin:/home/a/ws_nhk/install/moveit_planners_chomp:/home/a/ws_nhk/install/moveit_chomp_optimizer_adapter:/home/a/ws_nhk/install/chomp_motion_planner:/home/a/ws_nhk/install/moveit_core:/home/a/ws_nhk/install/srdfdom:/home/a/ws_nhk/install/rviz_marker_tools:/home/a/ws_nhk/install/rosparam_shortcuts:/home/a/ws_nhk/install/r2_odrive:/home/a/ws_nhk/install/rogidrive_msg:/home/a/ws_nhk/install/nhk_bt:/home/a/ws_nhk/install/moveit_task_constructor_msgs:/home/a/ws_nhk/install/moveit_resources_prbt_support:/home/a/ws_nhk/install/moveit_resources:/home/a/ws_nhk/install/moveit_resources_pr2_description:/home/a/ws_nhk/install/moveit_resources_panda_moveit_config:/home/a/ws_nhk/install/moveit_resources_panda_description:/home/a/ws_nhk/install/moveit_resources_fanuc_moveit_config:/home/a/ws_nhk/install/moveit_common:/home/a/ws_nhk/install/dynamixel_sdk_examples:/home/a/ws_nhk/install/dynamixel_sdk_custom_interfaces:/home/a/ws_nhk/install/dynamixel_controller:/home/a/ws_nhk/install/dynamixel_sdk:/home/a/ws_nhk/install/arm_v20_description:/home/a/ws_nhk/install/arm_module_description:/home/a/ws_nhk/install/a_r2_description:/home/a/install/field_description_test:/home/a/ws_nhk/install/ikeyaMD_wizard:/home/a/ws_nhk/install/moveit_configs_utils:/home/a/ws_nhk/install/rogidrive:/home/a/ws_nhk/install/launch_param_builder:/home/a/ws_nhk/install/dynamixel_controller_gui:/home/a/ws_nhk/install/dynamixel_controller_client:/opt/ros/humble /usr/bin/cmake --build /home/a/ws_nhk/build/moveit_resources_fanuc_moveit_config -- -j22 -l22[0m
[1.374s] [34mcolcon.colcon_core.event_handler.log_command[0m [1;30mDEBUG[0m [32mInvoking command in '/home/a/ws_nhk/build/dynamixel_controller': CMAKE_PREFIX_PATH=/home/a/ws_nhk/install/dynamixel_sdk:/home/a/ws_nhk/install/stm32_mavlink_udp:/home/a/ws_nhk/install/stm32_mavlink_uart:/home/a/ws_nhk/install/stm32_mavlink_msgs:/home/a/ws_nhk/install/sakai_r2_config:/home/a/ws_nhk/install/moveit_runtime:/home/a/ws_nhk/install/moveit_r2_config:/home/a/ws_nhk/install/moveit_config:/home/a/ws_nhk/install/moveit2_tutorials:/home/a/ws_nhk/install/moveit:/home/a/ws_nhk/install/moveit_planners:/home/a/ws_nhk/install/pilz_industrial_motion_planner:/home/a/ws_nhk/install/moveit_task_constructor_visualization:/home/a/ws_nhk/install/moveit_task_constructor_demo:/home/a/ws_nhk/install/moveit_task_constructor_capabilities:/home/a/ws_nhk/install/moveit_task_constructor_core:/home/a/ws_nhk/install/moveit_setup_assistant:/home/a/ws_nhk/install/moveit_setup_srdf_plugins:/home/a/ws_nhk/install/moveit_setup_core_plugins:/home/a/ws_nhk/install/moveit_setup_controllers:/home/a/ws_nhk/install/moveit_setup_app_plugins:/home/a/ws_nhk/install/moveit_setup_framework:/home/a/ws_nhk/install/moveit_servo:/home/a/ws_nhk/install/moveit_ros:/home/a/ws_nhk/install/moveit_ros_visualization:/home/a/ws_nhk/install/moveit_hybrid_planning:/home/a/ws_nhk/install/moveit_ros_planning_interface:/home/a/ws_nhk/install/moveit_resources_prbt_pg70_support:/home/a/ws_nhk/install/moveit_resources_prbt_moveit_config:/home/a/ws_nhk/install/moveit_ros_move_group:/home/a/ws_nhk/install/moveit_kinematics:/home/a/ws_nhk/install/trac_ik:/home/a/ws_nhk/install/trac_ik_kinematics_plugin:/home/a/ws_nhk/install/trac_ik_lib:/home/a/ws_nhk/install/pilz_industrial_motion_planner_testutils:/home/a/ws_nhk/install/moveit_visual_tools:/home/a/ws_nhk/install/moveit_ros_control_interface:/home/a/ws_nhk/install/moveit_plugins:/home/a/ws_nhk/install/moveit_simple_controller_manager:/home/a/ws_nhk/install/moveit_ros_benchmarks:/home/a/ws_nhk/install/moveit_ros_warehouse:/home/a/ws_nhk/install/moveit_ros_robot_interaction:/home/a/ws_nhk/install/moveit_ros_perception:/home/a/ws_nhk/install/moveit_planners_ompl:/home/a/ws_nhk/install/moveit_ros_planning:/home/a/ws_nhk/install/moveit_ros_occupancy_map_monitor:/home/a/ws_nhk/install/moveit_resources_prbt_ikfast_manipulator_plugin:/home/a/ws_nhk/install/moveit_planners_chomp:/home/a/ws_nhk/install/moveit_chomp_optimizer_adapter:/home/a/ws_nhk/install/chomp_motion_planner:/home/a/ws_nhk/install/moveit_core:/home/a/ws_nhk/install/srdfdom:/home/a/ws_nhk/install/rviz_marker_tools:/home/a/ws_nhk/install/rosparam_shortcuts:/home/a/ws_nhk/install/r2_odrive:/home/a/ws_nhk/install/rogidrive_msg:/home/a/ws_nhk/install/nhk_bt:/home/a/ws_nhk/install/moveit_task_constructor_msgs:/home/a/ws_nhk/install/moveit_resources_prbt_support:/home/a/ws_nhk/install/moveit_resources:/home/a/ws_nhk/install/moveit_resources_pr2_description:/home/a/ws_nhk/install/moveit_resources_panda_moveit_config:/home/a/ws_nhk/install/moveit_resources_panda_description:/home/a/ws_nhk/install/moveit_resources_fanuc_moveit_config:/home/a/ws_nhk/install/moveit_resources_fanuc_description:/home/a/ws_nhk/install/moveit_common:/home/a/ws_nhk/install/dynamixel_sdk_examples:/home/a/ws_nhk/install/dynamixel_sdk_custom_interfaces:/home/a/ws_nhk/install/dynamixel_controller:/home/a/ws_nhk/install/arm_v20_description:/home/a/ws_nhk/install/arm_module_description:/home/a/ws_nhk/install/a_r2_description:/home/a/install/field_description_test:/home/a/ws_nhk/install/ikeyaMD_wizard:/home/a/ws_nhk/install/moveit_configs_utils:/home/a/ws_nhk/install/rogidrive:/home/a/ws_nhk/install/launch_param_builder:/home/a/ws_nhk/install/dynamixel_controller_gui:/home/a/ws_nhk/install/dynamixel_controller_client:/opt/ros/humble LD_LIBRARY_PATH=/home/a/ws_nhk/install/dynamixel_sdk/lib:/home/a/ws_nhk/install/stm32_mavlink_msgs/lib:/home/a/ws_nhk/install/pilz_industrial_motion_planner/lib:/home/a/ws_nhk/install/moveit_task_constructor_visualization/lib:/home/a/ws_nhk/install/moveit_task_constructor_demo/lib:/home/a/ws_nhk/install/moveit_task_constructor_capabilities/lib:/home/a/ws_nhk/install/moveit_task_constructor_core/lib:/home/a/ws_nhk/install/moveit_setup_assistant/lib:/home/a/ws_nhk/install/moveit_setup_srdf_plugins/lib:/home/a/ws_nhk/install/moveit_setup_core_plugins/lib:/home/a/ws_nhk/install/moveit_setup_controllers/lib:/home/a/ws_nhk/install/moveit_setup_app_plugins/lib:/home/a/ws_nhk/install/moveit_setup_framework/lib:/home/a/ws_nhk/install/moveit_servo/lib:/home/a/ws_nhk/install/moveit_ros_visualization/lib:/home/a/ws_nhk/install/moveit_hybrid_planning/lib:/home/a/ws_nhk/install/moveit_ros_planning_interface/lib:/home/a/ws_nhk/install/moveit_ros_move_group/lib:/home/a/ws_nhk/install/moveit_kinematics/lib:/home/a/ws_nhk/install/trac_ik_kinematics_plugin/lib:/home/a/ws_nhk/install/trac_ik_lib/lib:/home/a/ws_nhk/install/pilz_industrial_motion_planner_testutils/lib:/home/a/ws_nhk/install/moveit_visual_tools/lib:/home/a/ws_nhk/install/moveit_ros_control_interface/lib:/home/a/ws_nhk/install/moveit_simple_controller_manager/lib:/home/a/ws_nhk/install/moveit_ros_benchmarks/lib:/home/a/ws_nhk/install/moveit_ros_warehouse/lib:/home/a/ws_nhk/install/moveit_ros_robot_interaction/lib:/home/a/ws_nhk/install/moveit_ros_perception/lib:/home/a/ws_nhk/install/moveit_planners_ompl/lib:/home/a/ws_nhk/install/moveit_ros_planning/lib:/home/a/ws_nhk/install/moveit_ros_occupancy_map_monitor/lib:/home/a/ws_nhk/install/moveit_resources_prbt_ikfast_manipulator_plugin/lib:/home/a/ws_nhk/install/moveit_planners_chomp/lib:/home/a/ws_nhk/install/moveit_chomp_optimizer_adapter/lib:/home/a/ws_nhk/install/chomp_motion_planner/lib:/home/a/ws_nhk/install/moveit_core/lib:/home/a/ws_nhk/install/srdfdom/lib:/home/a/ws_nhk/install/rviz_marker_tools/lib:/home/a/ws_nhk/install/rosparam_shortcuts/lib:/home/a/ws_nhk/install/rogidrive_msg/lib:/home/a/ws_nhk/install/moveit_task_constructor_msgs/lib:/home/a/ws_nhk/install/dynamixel_sdk_custom_interfaces/lib:/home/a/ws_nhk/install/dynamixel_controller/lib:/usr/local/lib:/usr/lib/x86_64-linux-gnu/gazebo-11/plugins:/opt/ros/humble/opt/rviz_ogre_vendor/lib:/opt/ros/humble/lib/x86_64-linux-gnu:/opt/ros/humble/lib /usr/bin/cmake --build /home/a/ws_nhk/build/dynamixel_controller -- -j22 -l22[0m
[1.385s] [34mcolcon.colcon_core.environment[0m [1;30mLevel 1[0m create_environment_scripts_only(rogidrive_msg)
[1.385s] [34mcolcon.colcon_core.environment[0m [1;30mLevel 1[0m checking '/home/a/ws_nhk/install/rogidrive_msg' for CMake module files
[1.389s] [34mcolcon.colcon_core.environment[0m [1;30mLevel 1[0m checking '/home/a/ws_nhk/install/rogidrive_msg' for CMake config files
[1.394s] [34mcolcon.colcon_core.shell[0m [1;30mLevel 1[0m create_environment_hook('rogidrive_msg', 'cmake_prefix_path')
[1.394s] [34mcolcon.colcon_core.shell[0m [1;30mINFO[0m Creating environment hook '/home/a/ws_nhk/install/rogidrive_msg/share/rogidrive_msg/hook/cmake_prefix_path.ps1'
[1.396s] [34mcolcon.colcon_core.shell[0m [1;30mINFO[0m Creating environment descriptor '/home/a/ws_nhk/install/rogidrive_msg/share/rogidrive_msg/hook/cmake_prefix_path.dsv'
[1.399s] [34mcolcon.colcon_core.shell[0m [1;30mINFO[0m Creating environment hook '/home/a/ws_nhk/install/rogidrive_msg/share/rogidrive_msg/hook/cmake_prefix_path.sh'
[1.401s] [34mcolcon.colcon_core.environment[0m [1;30mLevel 1[0m checking '/home/a/ws_nhk/install/rogidrive_msg/lib'
[1.402s] [34mcolcon.colcon_core.shell[0m [1;30mLevel 1[0m create_environment_hook('rogidrive_msg', 'ld_library_path_lib')
[1.403s] [34mcolcon.colcon_core.shell[0m [1;30mINFO[0m Creating environment hook '/home/a/ws_nhk/install/rogidrive_msg/share/rogidrive_msg/hook/ld_library_path_lib.ps1'
[1.408s] [34mcolcon.colcon_core.shell[0m [1;30mINFO[0m Creating environment descriptor '/home/a/ws_nhk/install/rogidrive_msg/share/rogidrive_msg/hook/ld_library_path_lib.dsv'
[1.410s] [34mcolcon.colcon_core.shell[0m [1;30mINFO[0m Creating environment hook '/home/a/ws_nhk/install/rogidrive_msg/share/rogidrive_msg/hook/ld_library_path_lib.sh'
[1.412s] [34mcolcon.colcon_core.environment[0m [1;30mLevel 1[0m checking '/home/a/ws_nhk/install/rogidrive_msg/bin'
[1.412s] [34mcolcon.colcon_core.environment[0m [1;30mLevel 1[0m checking '/home/a/ws_nhk/install/rogidrive_msg/lib/pkgconfig/rogidrive_msg.pc'
[1.413s] [34mcolcon.colcon_core.environment[0m [1;30mLevel 1[0m checking '/home/a/ws_nhk/install/rogidrive_msg/lib/python3.10/site-packages'
[1.414s] [34mcolcon.colcon_core.environment[0m [1;30mLevel 1[0m checking '/home/a/ws_nhk/install/rogidrive_msg/bin'
[1.414s] [34mcolcon.colcon_core.shell[0m [1;30mINFO[0m Creating package script '/home/a/ws_nhk/install/rogidrive_msg/share/rogidrive_msg/package.ps1'
[1.416s] [34mcolcon.colcon_core.shell[0m [1;30mINFO[0m Creating package descriptor '/home/a/ws_nhk/install/rogidrive_msg/share/rogidrive_msg/package.dsv'
[1.417s] [34mcolcon.colcon_core.event_handler.log_command[0m [1;30mDEBUG[0m [32mInvoked command in '/home/a/ws_nhk/build/rogidrive_msg' returned '0': CMAKE_PREFIX_PATH=${CMAKE_PREFIX_PATH}:/home/a/ws_nhk/install/ikeyaMD_wizard:/home/a/ws_nhk/install/moveit_configs_utils:/home/a/ws_nhk/install/rogidrive:/home/a/ws_nhk/install/launch_param_builder:/home/a/ws_nhk/install/dynamixel_controller_gui:/home/a/ws_nhk/install/dynamixel_controller_client:/opt/ros/humble /usr/bin/cmake --install /home/a/ws_nhk/build/rogidrive_msg[0m
[1.418s] [34mcolcon.colcon_core.shell[0m [1;30mINFO[0m Creating package script '/home/a/ws_nhk/install/rogidrive_msg/share/rogidrive_msg/package.sh'
[1.420s] [34mcolcon.colcon_core.shell[0m [1;30mINFO[0m Creating package script '/home/a/ws_nhk/install/rogidrive_msg/share/rogidrive_msg/package.bash'
[1.423s] [34mcolcon.colcon_core.shell[0m [1;30mINFO[0m Creating package script '/home/a/ws_nhk/install/rogidrive_msg/share/rogidrive_msg/package.zsh'
[1.426s] [34mcolcon.colcon_core.environment[0m [1;30mLevel 1[0m create_file_with_runtime_dependencies(/home/a/ws_nhk/install/rogidrive_msg/share/colcon-core/packages/rogidrive_msg)
[1.431s] [34mcolcon.colcon_core.environment[0m [1;30mLevel 1[0m create_environment_scripts_only(rogidrive_msg)
[1.431s] [34mcolcon.colcon_core.environment[0m [1;30mLevel 1[0m checking '/home/a/ws_nhk/install/rogidrive_msg' for CMake module files
[1.437s] [34mcolcon.colcon_core.environment[0m [1;30mLevel 1[0m checking '/home/a/ws_nhk/install/rogidrive_msg' for CMake config files
[1.438s] [34mcolcon.colcon_core.shell[0m [1;30mLevel 1[0m create_environment_hook('rogidrive_msg', 'cmake_prefix_path')
[1.438s] [34mcolcon.colcon_core.shell[0m [1;30mINFO[0m Creating environment hook '/home/a/ws_nhk/install/rogidrive_msg/share/rogidrive_msg/hook/cmake_prefix_path.ps1'
[1.439s] [34mcolcon.colcon_core.shell[0m [1;30mINFO[0m Creating environment descriptor '/home/a/ws_nhk/install/rogidrive_msg/share/rogidrive_msg/hook/cmake_prefix_path.dsv'
[1.439s] [34mcolcon.colcon_core.shell[0m [1;30mINFO[0m Creating environment hook '/home/a/ws_nhk/install/rogidrive_msg/share/rogidrive_msg/hook/cmake_prefix_path.sh'
[1.440s] [34mcolcon.colcon_core.environment[0m [1;30mLevel 1[0m checking '/home/a/ws_nhk/install/rogidrive_msg/lib'
[1.440s] [34mcolcon.colcon_core.shell[0m [1;30mLevel 1[0m create_environment_hook('rogidrive_msg', 'ld_library_path_lib')
[1.441s] [34mcolcon.colcon_core.shell[0m [1;30mINFO[0m Creating environment hook '/home/a/ws_nhk/install/rogidrive_msg/share/rogidrive_msg/hook/ld_library_path_lib.ps1'
[1.441s] [34mcolcon.colcon_core.shell[0m [1;30mINFO[0m Creating environment descriptor '/home/a/ws_nhk/install/rogidrive_msg/share/rogidrive_msg/hook/ld_library_path_lib.dsv'
[1.441s] [34mcolcon.colcon_core.shell[0m [1;30mINFO[0m Creating environment hook '/home/a/ws_nhk/install/rogidrive_msg/share/rogidrive_msg/hook/ld_library_path_lib.sh'
[1.442s] [34mcolcon.colcon_core.environment[0m [1;30mLevel 1[0m checking '/home/a/ws_nhk/install/rogidrive_msg/bin'
[1.442s] [34mcolcon.colcon_core.environment[0m [1;30mLevel 1[0m checking '/home/a/ws_nhk/install/rogidrive_msg/lib/pkgconfig/rogidrive_msg.pc'
[1.442s] [34mcolcon.colcon_core.environment[0m [1;30mLevel 1[0m checking '/home/a/ws_nhk/install/rogidrive_msg/lib/python3.10/site-packages'
[1.442s] [34mcolcon.colcon_core.environment[0m [1;30mLevel 1[0m checking '/home/a/ws_nhk/install/rogidrive_msg/bin'
[1.443s] [34mcolcon.colcon_core.shell[0m [1;30mINFO[0m Creating package script '/home/a/ws_nhk/install/rogidrive_msg/share/rogidrive_msg/package.ps1'
[1.443s] [34mcolcon.colcon_core.shell[0m [1;30mINFO[0m Creating package descriptor '/home/a/ws_nhk/install/rogidrive_msg/share/rogidrive_msg/package.dsv'
[1.444s] [34mcolcon.colcon_core.shell[0m [1;30mINFO[0m Creating package script '/home/a/ws_nhk/install/rogidrive_msg/share/rogidrive_msg/package.sh'
[1.444s] [34mcolcon.colcon_core.shell[0m [1;30mINFO[0m Creating package script '/home/a/ws_nhk/install/rogidrive_msg/share/rogidrive_msg/package.bash'
[1.445s] [34mcolcon.colcon_core.shell[0m [1;30mINFO[0m Creating package script '/home/a/ws_nhk/install/rogidrive_msg/share/rogidrive_msg/package.zsh'
[1.445s] [34mcolcon.colcon_core.environment[0m [1;30mLevel 1[0m create_file_with_runtime_dependencies(/home/a/ws_nhk/install/rogidrive_msg/share/colcon-core/packages/rogidrive_msg)
[1.446s] [34mcolcon.colcon_ros.task.ament_python.build[0m [1;30mINFO[0m Building ROS package in '/home/a/ws_nhk/src/r2_odrive' with build type 'ament_python'
[1.446s] [34mcolcon.colcon_core.shell[0m [1;30mLevel 1[0m create_environment_hook('r2_odrive', 'ament_prefix_path')
[1.447s] [34mcolcon.colcon_core.shell[0m [1;30mINFO[0m Creating environment hook '/home/a/ws_nhk/install/r2_odrive/share/r2_odrive/hook/ament_prefix_path.ps1'
[1.448s] [34mcolcon.colcon_core.shell[0m [1;30mINFO[0m Creating environment descriptor '/home/a/ws_nhk/install/r2_odrive/share/r2_odrive/hook/ament_prefix_path.dsv'
[1.448s] [34mcolcon.colcon_core.shell[0m [1;30mINFO[0m Creating environment hook '/home/a/ws_nhk/install/r2_odrive/share/r2_odrive/hook/ament_prefix_path.sh'
[1.449s] [34mcolcon.colcon_core.shell[0m [1;30mINFO[0m Skip shell extension 'powershell' for command environment: Not usable outside of PowerShell
[1.449s] [34mcolcon.colcon_core.shell[0m [1;30mDEBUG[0m [32mSkip shell extension 'dsv' for command environment[0m
[1.459s] [34mcolcon.colcon_ros.task.ament_python.build[0m [1;30mINFO[0m Building ROS package in '/home/a/ws_nhk/src/rogidrive/rogidrive' with build type 'ament_python'
[1.459s] [34mcolcon.colcon_core.shell[0m [1;30mLevel 1[0m create_environment_hook('rogidrive', 'ament_prefix_path')
[1.460s] [34mcolcon.colcon_core.shell[0m [1;30mINFO[0m Creating environment hook '/home/a/ws_nhk/install/rogidrive/share/rogidrive/hook/ament_prefix_path.ps1'
[1.461s] [34mcolcon.colcon_core.shell[0m [1;30mINFO[0m Creating environment descriptor '/home/a/ws_nhk/install/rogidrive/share/rogidrive/hook/ament_prefix_path.dsv'
[1.461s] [34mcolcon.colcon_core.shell[0m [1;30mINFO[0m Creating environment hook '/home/a/ws_nhk/install/rogidrive/share/rogidrive/hook/ament_prefix_path.sh'
[1.462s] [34mcolcon.colcon_core.shell[0m [1;30mINFO[0m Skip shell extension 'powershell' for command environment: Not usable outside of PowerShell
[1.462s] [34mcolcon.colcon_core.shell[0m [1;30mDEBUG[0m [32mSkip shell extension 'dsv' for command environment[0m
[1.470s] [34mcolcon.colcon_core.environment[0m [1;30mLevel 1[0m create_environment_scripts_only(dynamixel_sdk_custom_interfaces)
[1.471s] [34mcolcon.colcon_core.event_handler.log_command[0m [1;30mDEBUG[0m [32mInvoked command in '/home/a/ws_nhk/build/dynamixel_sdk_custom_interfaces' returned '0': CMAKE_PREFIX_PATH=${CMAKE_PREFIX_PATH}:/home/a/ws_nhk/install/ikeyaMD_wizard:/home/a/ws_nhk/install/moveit_configs_utils:/home/a/ws_nhk/install/rogidrive:/home/a/ws_nhk/install/launch_param_builder:/home/a/ws_nhk/install/dynamixel_controller_gui:/home/a/ws_nhk/install/dynamixel_controller_client:/opt/ros/humble /usr/bin/cmake --install /home/a/ws_nhk/build/dynamixel_sdk_custom_interfaces[0m
[1.471s] [34mcolcon.colcon_core.environment[0m [1;30mLevel 1[0m checking '/home/a/ws_nhk/install/dynamixel_sdk_custom_interfaces' for CMake module files
[1.472s] [34mcolcon.colcon_core.environment[0m [1;30mLevel 1[0m checking '/home/a/ws_nhk/install/dynamixel_sdk_custom_interfaces' for CMake config files
[1.473s] [34mcolcon.colcon_core.shell[0m [1;30mLevel 1[0m create_environment_hook('dynamixel_sdk_custom_interfaces', 'cmake_prefix_path')
[1.473s] [34mcolcon.colcon_core.shell[0m [1;30mINFO[0m Creating environment hook '/home/a/ws_nhk/install/dynamixel_sdk_custom_interfaces/share/dynamixel_sdk_custom_interfaces/hook/cmake_prefix_path.ps1'
[1.474s] [34mcolcon.colcon_core.shell[0m [1;30mINFO[0m Creating environment descriptor '/home/a/ws_nhk/install/dynamixel_sdk_custom_interfaces/share/dynamixel_sdk_custom_interfaces/hook/cmake_prefix_path.dsv'
[1.474s] [34mcolcon.colcon_core.shell[0m [1;30mINFO[0m Creating environment hook '/home/a/ws_nhk/install/dynamixel_sdk_custom_interfaces/share/dynamixel_sdk_custom_interfaces/hook/cmake_prefix_path.sh'
[1.475s] [34mcolcon.colcon_core.environment[0m [1;30mLevel 1[0m checking '/home/a/ws_nhk/install/dynamixel_sdk_custom_interfaces/lib'
[1.475s] [34mcolcon.colcon_core.shell[0m [1;30mLevel 1[0m create_environment_hook('dynamixel_sdk_custom_interfaces', 'ld_library_path_lib')
[1.475s] [34mcolcon.colcon_core.shell[0m [1;30mINFO[0m Creating environment hook '/home/a/ws_nhk/install/dynamixel_sdk_custom_interfaces/share/dynamixel_sdk_custom_interfaces/hook/ld_library_path_lib.ps1'
[1.476s] [34mcolcon.colcon_core.shell[0m [1;30mINFO[0m Creating environment descriptor '/home/a/ws_nhk/install/dynamixel_sdk_custom_interfaces/share/dynamixel_sdk_custom_interfaces/hook/ld_library_path_lib.dsv'
[1.476s] [34mcolcon.colcon_core.shell[0m [1;30mINFO[0m Creating environment hook '/home/a/ws_nhk/install/dynamixel_sdk_custom_interfaces/share/dynamixel_sdk_custom_interfaces/hook/ld_library_path_lib.sh'
[1.476s] [34mcolcon.colcon_core.environment[0m [1;30mLevel 1[0m checking '/home/a/ws_nhk/install/dynamixel_sdk_custom_interfaces/bin'
[1.476s] [34mcolcon.colcon_core.environment[0m [1;30mLevel 1[0m checking '/home/a/ws_nhk/install/dynamixel_sdk_custom_interfaces/lib/pkgconfig/dynamixel_sdk_custom_interfaces.pc'
[1.476s] [34mcolcon.colcon_core.environment[0m [1;30mLevel 1[0m checking '/home/a/ws_nhk/install/dynamixel_sdk_custom_interfaces/lib/python3.10/site-packages'
[1.477s] [34mcolcon.colcon_core.environment[0m [1;30mLevel 1[0m checking '/home/a/ws_nhk/install/dynamixel_sdk_custom_interfaces/bin'
[1.477s] [34mcolcon.colcon_core.shell[0m [1;30mINFO[0m Creating package script '/home/a/ws_nhk/install/dynamixel_sdk_custom_interfaces/share/dynamixel_sdk_custom_interfaces/package.ps1'
[1.477s] [34mcolcon.colcon_core.shell[0m [1;30mINFO[0m Creating package descriptor '/home/a/ws_nhk/install/dynamixel_sdk_custom_interfaces/share/dynamixel_sdk_custom_interfaces/package.dsv'
[1.478s] [34mcolcon.colcon_core.shell[0m [1;30mINFO[0m Creating package script '/home/a/ws_nhk/install/dynamixel_sdk_custom_interfaces/share/dynamixel_sdk_custom_interfaces/package.sh'
[1.478s] [34mcolcon.colcon_core.shell[0m [1;30mINFO[0m Creating package script '/home/a/ws_nhk/install/dynamixel_sdk_custom_interfaces/share/dynamixel_sdk_custom_interfaces/package.bash'
[1.478s] [34mcolcon.colcon_core.shell[0m [1;30mINFO[0m Creating package script '/home/a/ws_nhk/install/dynamixel_sdk_custom_interfaces/share/dynamixel_sdk_custom_interfaces/package.zsh'
[1.478s] [34mcolcon.colcon_core.environment[0m [1;30mLevel 1[0m create_file_with_runtime_dependencies(/home/a/ws_nhk/install/dynamixel_sdk_custom_interfaces/share/colcon-core/packages/dynamixel_sdk_custom_interfaces)
[1.479s] [34mcolcon.colcon_core.environment[0m [1;30mLevel 1[0m create_environment_scripts_only(dynamixel_sdk_custom_interfaces)
[1.479s] [34mcolcon.colcon_core.environment[0m [1;30mLevel 1[0m checking '/home/a/ws_nhk/install/dynamixel_sdk_custom_interfaces' for CMake module files
[1.479s] [34mcolcon.colcon_core.environment[0m [1;30mLevel 1[0m checking '/home/a/ws_nhk/install/dynamixel_sdk_custom_interfaces' for CMake config files
[1.480s] [34mcolcon.colcon_core.shell[0m [1;30mLevel 1[0m create_environment_hook('dynamixel_sdk_custom_interfaces', 'cmake_prefix_path')
[1.480s] [34mcolcon.colcon_core.shell[0m [1;30mINFO[0m Creating environment hook '/home/a/ws_nhk/install/dynamixel_sdk_custom_interfaces/share/dynamixel_sdk_custom_interfaces/hook/cmake_prefix_path.ps1'
[1.480s] [34mcolcon.colcon_core.shell[0m [1;30mINFO[0m Creating environment descriptor '/home/a/ws_nhk/install/dynamixel_sdk_custom_interfaces/share/dynamixel_sdk_custom_interfaces/hook/cmake_prefix_path.dsv'
[1.481s] [34mcolcon.colcon_core.shell[0m [1;30mINFO[0m Creating environment hook '/home/a/ws_nhk/install/dynamixel_sdk_custom_interfaces/share/dynamixel_sdk_custom_interfaces/hook/cmake_prefix_path.sh'
[1.481s] [34mcolcon.colcon_core.environment[0m [1;30mLevel 1[0m checking '/home/a/ws_nhk/install/dynamixel_sdk_custom_interfaces/lib'
[1.481s] [34mcolcon.colcon_core.shell[0m [1;30mLevel 1[0m create_environment_hook('dynamixel_sdk_custom_interfaces', 'ld_library_path_lib')
[1.481s] [34mcolcon.colcon_core.shell[0m [1;30mINFO[0m Creating environment hook '/home/a/ws_nhk/install/dynamixel_sdk_custom_interfaces/share/dynamixel_sdk_custom_interfaces/hook/ld_library_path_lib.ps1'
[1.481s] [34mcolcon.colcon_core.shell[0m [1;30mINFO[0m Creating environment descriptor '/home/a/ws_nhk/install/dynamixel_sdk_custom_interfaces/share/dynamixel_sdk_custom_interfaces/hook/ld_library_path_lib.dsv'
[1.482s] [34mcolcon.colcon_core.shell[0m [1;30mINFO[0m Creating environment hook '/home/a/ws_nhk/install/dynamixel_sdk_custom_interfaces/share/dynamixel_sdk_custom_interfaces/hook/ld_library_path_lib.sh'
[1.482s] [34mcolcon.colcon_core.environment[0m [1;30mLevel 1[0m checking '/home/a/ws_nhk/install/dynamixel_sdk_custom_interfaces/bin'
[1.482s] [34mcolcon.colcon_core.environment[0m [1;30mLevel 1[0m checking '/home/a/ws_nhk/install/dynamixel_sdk_custom_interfaces/lib/pkgconfig/dynamixel_sdk_custom_interfaces.pc'
[1.482s] [34mcolcon.colcon_core.environment[0m [1;30mLevel 1[0m checking '/home/a/ws_nhk/install/dynamixel_sdk_custom_interfaces/lib/python3.10/site-packages'
[1.482s] [34mcolcon.colcon_core.environment[0m [1;30mLevel 1[0m checking '/home/a/ws_nhk/install/dynamixel_sdk_custom_interfaces/bin'
[1.483s] [34mcolcon.colcon_core.shell[0m [1;30mINFO[0m Creating package script '/home/a/ws_nhk/install/dynamixel_sdk_custom_interfaces/share/dynamixel_sdk_custom_interfaces/package.ps1'
[1.483s] [34mcolcon.colcon_core.shell[0m [1;30mINFO[0m Creating package descriptor '/home/a/ws_nhk/install/dynamixel_sdk_custom_interfaces/share/dynamixel_sdk_custom_interfaces/package.dsv'
[1.483s] [34mcolcon.colcon_core.shell[0m [1;30mINFO[0m Creating package script '/home/a/ws_nhk/install/dynamixel_sdk_custom_interfaces/share/dynamixel_sdk_custom_interfaces/package.sh'
[1.484s] [34mcolcon.colcon_core.shell[0m [1;30mINFO[0m Creating package script '/home/a/ws_nhk/install/dynamixel_sdk_custom_interfaces/share/dynamixel_sdk_custom_interfaces/package.bash'
[1.484s] [34mcolcon.colcon_core.shell[0m [1;30mINFO[0m Creating package script '/home/a/ws_nhk/install/dynamixel_sdk_custom_interfaces/share/dynamixel_sdk_custom_interfaces/package.zsh'
[1.484s] [34mcolcon.colcon_core.environment[0m [1;30mLevel 1[0m create_file_with_runtime_dependencies(/home/a/ws_nhk/install/dynamixel_sdk_custom_interfaces/share/colcon-core/packages/dynamixel_sdk_custom_interfaces)
[1.487s] [34mcolcon.colcon_core.event_handler.log_command[0m [1;30mDEBUG[0m [32mInvoked command in '/home/a/ws_nhk/build/moveit_resources_panda_moveit_config' returned '0': CMAKE_PREFIX_PATH=/home/a/ws_nhk/install/moveit_resources_panda_description:/home/a/ws_nhk/install/stm32_mavlink_udp:/home/a/ws_nhk/install/stm32_mavlink_uart:/home/a/ws_nhk/install/stm32_mavlink_msgs:/home/a/ws_nhk/install/sakai_r2_config:/home/a/ws_nhk/install/moveit_runtime:/home/a/ws_nhk/install/moveit_r2_config:/home/a/ws_nhk/install/moveit_config:/home/a/ws_nhk/install/moveit2_tutorials:/home/a/ws_nhk/install/moveit:/home/a/ws_nhk/install/moveit_planners:/home/a/ws_nhk/install/pilz_industrial_motion_planner:/home/a/ws_nhk/install/moveit_task_constructor_visualization:/home/a/ws_nhk/install/moveit_task_constructor_demo:/home/a/ws_nhk/install/moveit_task_constructor_capabilities:/home/a/ws_nhk/install/moveit_task_constructor_core:/home/a/ws_nhk/install/moveit_setup_assistant:/home/a/ws_nhk/install/moveit_setup_srdf_plugins:/home/a/ws_nhk/install/moveit_setup_core_plugins:/home/a/ws_nhk/install/moveit_setup_controllers:/home/a/ws_nhk/install/moveit_setup_app_plugins:/home/a/ws_nhk/install/moveit_setup_framework:/home/a/ws_nhk/install/moveit_servo:/home/a/ws_nhk/install/moveit_ros:/home/a/ws_nhk/install/moveit_ros_visualization:/home/a/ws_nhk/install/moveit_hybrid_planning:/home/a/ws_nhk/install/moveit_ros_planning_interface:/home/a/ws_nhk/install/moveit_resources_prbt_pg70_support:/home/a/ws_nhk/install/moveit_resources_prbt_moveit_config:/home/a/ws_nhk/install/moveit_ros_move_group:/home/a/ws_nhk/install/moveit_kinematics:/home/a/ws_nhk/install/trac_ik:/home/a/ws_nhk/install/trac_ik_kinematics_plugin:/home/a/ws_nhk/install/trac_ik_lib:/home/a/ws_nhk/install/pilz_industrial_motion_planner_testutils:/home/a/ws_nhk/install/moveit_visual_tools:/home/a/ws_nhk/install/moveit_ros_control_interface:/home/a/ws_nhk/install/moveit_plugins:/home/a/ws_nhk/install/moveit_simple_controller_manager:/home/a/ws_nhk/install/moveit_ros_benchmarks:/home/a/ws_nhk/install/moveit_ros_warehouse:/home/a/ws_nhk/install/moveit_ros_robot_interaction:/home/a/ws_nhk/install/moveit_ros_perception:/home/a/ws_nhk/install/moveit_planners_ompl:/home/a/ws_nhk/install/moveit_ros_planning:/home/a/ws_nhk/install/moveit_ros_occupancy_map_monitor:/home/a/ws_nhk/install/moveit_resources_prbt_ikfast_manipulator_plugin:/home/a/ws_nhk/install/moveit_planners_chomp:/home/a/ws_nhk/install/moveit_chomp_optimizer_adapter:/home/a/ws_nhk/install/chomp_motion_planner:/home/a/ws_nhk/install/moveit_core:/home/a/ws_nhk/install/srdfdom:/home/a/ws_nhk/install/rviz_marker_tools:/home/a/ws_nhk/install/rosparam_shortcuts:/home/a/ws_nhk/install/r2_odrive:/home/a/ws_nhk/install/rogidrive_msg:/home/a/ws_nhk/install/nhk_bt:/home/a/ws_nhk/install/moveit_task_constructor_msgs:/home/a/ws_nhk/install/moveit_resources_prbt_support:/home/a/ws_nhk/install/moveit_resources:/home/a/ws_nhk/install/moveit_resources_pr2_description:/home/a/ws_nhk/install/moveit_resources_panda_moveit_config:/home/a/ws_nhk/install/moveit_resources_fanuc_moveit_config:/home/a/ws_nhk/install/moveit_resources_fanuc_description:/home/a/ws_nhk/install/moveit_common:/home/a/ws_nhk/install/dynamixel_sdk_examples:/home/a/ws_nhk/install/dynamixel_sdk_custom_interfaces:/home/a/ws_nhk/install/dynamixel_controller:/home/a/ws_nhk/install/dynamixel_sdk:/home/a/ws_nhk/install/arm_v20_description:/home/a/ws_nhk/install/arm_module_description:/home/a/ws_nhk/install/a_r2_description:/home/a/install/field_description_test:/home/a/ws_nhk/install/ikeyaMD_wizard:/home/a/ws_nhk/install/moveit_configs_utils:/home/a/ws_nhk/install/rogidrive:/home/a/ws_nhk/install/launch_param_builder:/home/a/ws_nhk/install/dynamixel_controller_gui:/home/a/ws_nhk/install/dynamixel_controller_client:/opt/ros/humble /usr/bin/cmake --build /home/a/ws_nhk/build/moveit_resources_panda_moveit_config -- -j22 -l22[0m
[1.487s] [34mcolcon.colcon_core.event_handler.log_command[0m [1;30mDEBUG[0m [32mInvoking command in '/home/a/ws_nhk/build/moveit_resources_panda_moveit_config': CMAKE_PREFIX_PATH=/home/a/ws_nhk/install/moveit_resources_panda_description:/home/a/ws_nhk/install/stm32_mavlink_udp:/home/a/ws_nhk/install/stm32_mavlink_uart:/home/a/ws_nhk/install/stm32_mavlink_msgs:/home/a/ws_nhk/install/sakai_r2_config:/home/a/ws_nhk/install/moveit_runtime:/home/a/ws_nhk/install/moveit_r2_config:/home/a/ws_nhk/install/moveit_config:/home/a/ws_nhk/install/moveit2_tutorials:/home/a/ws_nhk/install/moveit:/home/a/ws_nhk/install/moveit_planners:/home/a/ws_nhk/install/pilz_industrial_motion_planner:/home/a/ws_nhk/install/moveit_task_constructor_visualization:/home/a/ws_nhk/install/moveit_task_constructor_demo:/home/a/ws_nhk/install/moveit_task_constructor_capabilities:/home/a/ws_nhk/install/moveit_task_constructor_core:/home/a/ws_nhk/install/moveit_setup_assistant:/home/a/ws_nhk/install/moveit_setup_srdf_plugins:/home/a/ws_nhk/install/moveit_setup_core_plugins:/home/a/ws_nhk/install/moveit_setup_controllers:/home/a/ws_nhk/install/moveit_setup_app_plugins:/home/a/ws_nhk/install/moveit_setup_framework:/home/a/ws_nhk/install/moveit_servo:/home/a/ws_nhk/install/moveit_ros:/home/a/ws_nhk/install/moveit_ros_visualization:/home/a/ws_nhk/install/moveit_hybrid_planning:/home/a/ws_nhk/install/moveit_ros_planning_interface:/home/a/ws_nhk/install/moveit_resources_prbt_pg70_support:/home/a/ws_nhk/install/moveit_resources_prbt_moveit_config:/home/a/ws_nhk/install/moveit_ros_move_group:/home/a/ws_nhk/install/moveit_kinematics:/home/a/ws_nhk/install/trac_ik:/home/a/ws_nhk/install/trac_ik_kinematics_plugin:/home/a/ws_nhk/install/trac_ik_lib:/home/a/ws_nhk/install/pilz_industrial_motion_planner_testutils:/home/a/ws_nhk/install/moveit_visual_tools:/home/a/ws_nhk/install/moveit_ros_control_interface:/home/a/ws_nhk/install/moveit_plugins:/home/a/ws_nhk/install/moveit_simple_controller_manager:/home/a/ws_nhk/install/moveit_ros_benchmarks:/home/a/ws_nhk/install/moveit_ros_warehouse:/home/a/ws_nhk/install/moveit_ros_robot_interaction:/home/a/ws_nhk/install/moveit_ros_perception:/home/a/ws_nhk/install/moveit_planners_ompl:/home/a/ws_nhk/install/moveit_ros_planning:/home/a/ws_nhk/install/moveit_ros_occupancy_map_monitor:/home/a/ws_nhk/install/moveit_resources_prbt_ikfast_manipulator_plugin:/home/a/ws_nhk/install/moveit_planners_chomp:/home/a/ws_nhk/install/moveit_chomp_optimizer_adapter:/home/a/ws_nhk/install/chomp_motion_planner:/home/a/ws_nhk/install/moveit_core:/home/a/ws_nhk/install/srdfdom:/home/a/ws_nhk/install/rviz_marker_tools:/home/a/ws_nhk/install/rosparam_shortcuts:/home/a/ws_nhk/install/r2_odrive:/home/a/ws_nhk/install/rogidrive_msg:/home/a/ws_nhk/install/nhk_bt:/home/a/ws_nhk/install/moveit_task_constructor_msgs:/home/a/ws_nhk/install/moveit_resources_prbt_support:/home/a/ws_nhk/install/moveit_resources:/home/a/ws_nhk/install/moveit_resources_pr2_description:/home/a/ws_nhk/install/moveit_resources_panda_moveit_config:/home/a/ws_nhk/install/moveit_resources_fanuc_moveit_config:/home/a/ws_nhk/install/moveit_resources_fanuc_description:/home/a/ws_nhk/install/moveit_common:/home/a/ws_nhk/install/dynamixel_sdk_examples:/home/a/ws_nhk/install/dynamixel_sdk_custom_interfaces:/home/a/ws_nhk/install/dynamixel_controller:/home/a/ws_nhk/install/dynamixel_sdk:/home/a/ws_nhk/install/arm_v20_description:/home/a/ws_nhk/install/arm_module_description:/home/a/ws_nhk/install/a_r2_description:/home/a/install/field_description_test:/home/a/ws_nhk/install/ikeyaMD_wizard:/home/a/ws_nhk/install/moveit_configs_utils:/home/a/ws_nhk/install/rogidrive:/home/a/ws_nhk/install/launch_param_builder:/home/a/ws_nhk/install/dynamixel_controller_gui:/home/a/ws_nhk/install/dynamixel_controller_client:/opt/ros/humble /usr/bin/cmake --install /home/a/ws_nhk/build/moveit_resources_panda_moveit_config[0m
[1.488s] [34mcolcon.colcon_core.event_handler.log_command[0m [1;30mDEBUG[0m [32mInvoked command in '/home/a/ws_nhk/build/moveit_resources_fanuc_moveit_config' returned '0': CMAKE_PREFIX_PATH=/home/a/ws_nhk/install/moveit_resources_fanuc_description:/home/a/ws_nhk/install/stm32_mavlink_udp:/home/a/ws_nhk/install/stm32_mavlink_uart:/home/a/ws_nhk/install/stm32_mavlink_msgs:/home/a/ws_nhk/install/sakai_r2_config:/home/a/ws_nhk/install/moveit_runtime:/home/a/ws_nhk/install/moveit_r2_config:/home/a/ws_nhk/install/moveit_config:/home/a/ws_nhk/install/moveit2_tutorials:/home/a/ws_nhk/install/moveit:/home/a/ws_nhk/install/moveit_planners:/home/a/ws_nhk/install/pilz_industrial_motion_planner:/home/a/ws_nhk/install/moveit_task_constructor_visualization:/home/a/ws_nhk/install/moveit_task_constructor_demo:/home/a/ws_nhk/install/moveit_task_constructor_capabilities:/home/a/ws_nhk/install/moveit_task_constructor_core:/home/a/ws_nhk/install/moveit_setup_assistant:/home/a/ws_nhk/install/moveit_setup_srdf_plugins:/home/a/ws_nhk/install/moveit_setup_core_plugins:/home/a/ws_nhk/install/moveit_setup_controllers:/home/a/ws_nhk/install/moveit_setup_app_plugins:/home/a/ws_nhk/install/moveit_setup_framework:/home/a/ws_nhk/install/moveit_servo:/home/a/ws_nhk/install/moveit_ros:/home/a/ws_nhk/install/moveit_ros_visualization:/home/a/ws_nhk/install/moveit_hybrid_planning:/home/a/ws_nhk/install/moveit_ros_planning_interface:/home/a/ws_nhk/install/moveit_resources_prbt_pg70_support:/home/a/ws_nhk/install/moveit_resources_prbt_moveit_config:/home/a/ws_nhk/install/moveit_ros_move_group:/home/a/ws_nhk/install/moveit_kinematics:/home/a/ws_nhk/install/trac_ik:/home/a/ws_nhk/install/trac_ik_kinematics_plugin:/home/a/ws_nhk/install/trac_ik_lib:/home/a/ws_nhk/install/pilz_industrial_motion_planner_testutils:/home/a/ws_nhk/install/moveit_visual_tools:/home/a/ws_nhk/install/moveit_ros_control_interface:/home/a/ws_nhk/install/moveit_plugins:/home/a/ws_nhk/install/moveit_simple_controller_manager:/home/a/ws_nhk/install/moveit_ros_benchmarks:/home/a/ws_nhk/install/moveit_ros_warehouse:/home/a/ws_nhk/install/moveit_ros_robot_interaction:/home/a/ws_nhk/install/moveit_ros_perception:/home/a/ws_nhk/install/moveit_planners_ompl:/home/a/ws_nhk/install/moveit_ros_planning:/home/a/ws_nhk/install/moveit_ros_occupancy_map_monitor:/home/a/ws_nhk/install/moveit_resources_prbt_ikfast_manipulator_plugin:/home/a/ws_nhk/install/moveit_planners_chomp:/home/a/ws_nhk/install/moveit_chomp_optimizer_adapter:/home/a/ws_nhk/install/chomp_motion_planner:/home/a/ws_nhk/install/moveit_core:/home/a/ws_nhk/install/srdfdom:/home/a/ws_nhk/install/rviz_marker_tools:/home/a/ws_nhk/install/rosparam_shortcuts:/home/a/ws_nhk/install/r2_odrive:/home/a/ws_nhk/install/rogidrive_msg:/home/a/ws_nhk/install/nhk_bt:/home/a/ws_nhk/install/moveit_task_constructor_msgs:/home/a/ws_nhk/install/moveit_resources_prbt_support:/home/a/ws_nhk/install/moveit_resources:/home/a/ws_nhk/install/moveit_resources_pr2_description:/home/a/ws_nhk/install/moveit_resources_panda_moveit_config:/home/a/ws_nhk/install/moveit_resources_panda_description:/home/a/ws_nhk/install/moveit_resources_fanuc_moveit_config:/home/a/ws_nhk/install/moveit_common:/home/a/ws_nhk/install/dynamixel_sdk_examples:/home/a/ws_nhk/install/dynamixel_sdk_custom_interfaces:/home/a/ws_nhk/install/dynamixel_controller:/home/a/ws_nhk/install/dynamixel_sdk:/home/a/ws_nhk/install/arm_v20_description:/home/a/ws_nhk/install/arm_module_description:/home/a/ws_nhk/install/a_r2_description:/home/a/install/field_description_test:/home/a/ws_nhk/install/ikeyaMD_wizard:/home/a/ws_nhk/install/moveit_configs_utils:/home/a/ws_nhk/install/rogidrive:/home/a/ws_nhk/install/launch_param_builder:/home/a/ws_nhk/install/dynamixel_controller_gui:/home/a/ws_nhk/install/dynamixel_controller_client:/opt/ros/humble /usr/bin/cmake --build /home/a/ws_nhk/build/moveit_resources_fanuc_moveit_config -- -j22 -l22[0m
[1.490s] [34mcolcon.colcon_core.event_handler.log_command[0m [1;30mDEBUG[0m [32mInvoking command in '/home/a/ws_nhk/build/moveit_resources_fanuc_moveit_config': CMAKE_PREFIX_PATH=/home/a/ws_nhk/install/moveit_resources_fanuc_description:/home/a/ws_nhk/install/stm32_mavlink_udp:/home/a/ws_nhk/install/stm32_mavlink_uart:/home/a/ws_nhk/install/stm32_mavlink_msgs:/home/a/ws_nhk/install/sakai_r2_config:/home/a/ws_nhk/install/moveit_runtime:/home/a/ws_nhk/install/moveit_r2_config:/home/a/ws_nhk/install/moveit_config:/home/a/ws_nhk/install/moveit2_tutorials:/home/a/ws_nhk/install/moveit:/home/a/ws_nhk/install/moveit_planners:/home/a/ws_nhk/install/pilz_industrial_motion_planner:/home/a/ws_nhk/install/moveit_task_constructor_visualization:/home/a/ws_nhk/install/moveit_task_constructor_demo:/home/a/ws_nhk/install/moveit_task_constructor_capabilities:/home/a/ws_nhk/install/moveit_task_constructor_core:/home/a/ws_nhk/install/moveit_setup_assistant:/home/a/ws_nhk/install/moveit_setup_srdf_plugins:/home/a/ws_nhk/install/moveit_setup_core_plugins:/home/a/ws_nhk/install/moveit_setup_controllers:/home/a/ws_nhk/install/moveit_setup_app_plugins:/home/a/ws_nhk/install/moveit_setup_framework:/home/a/ws_nhk/install/moveit_servo:/home/a/ws_nhk/install/moveit_ros:/home/a/ws_nhk/install/moveit_ros_visualization:/home/a/ws_nhk/install/moveit_hybrid_planning:/home/a/ws_nhk/install/moveit_ros_planning_interface:/home/a/ws_nhk/install/moveit_resources_prbt_pg70_support:/home/a/ws_nhk/install/moveit_resources_prbt_moveit_config:/home/a/ws_nhk/install/moveit_ros_move_group:/home/a/ws_nhk/install/moveit_kinematics:/home/a/ws_nhk/install/trac_ik:/home/a/ws_nhk/install/trac_ik_kinematics_plugin:/home/a/ws_nhk/install/trac_ik_lib:/home/a/ws_nhk/install/pilz_industrial_motion_planner_testutils:/home/a/ws_nhk/install/moveit_visual_tools:/home/a/ws_nhk/install/moveit_ros_control_interface:/home/a/ws_nhk/install/moveit_plugins:/home/a/ws_nhk/install/moveit_simple_controller_manager:/home/a/ws_nhk/install/moveit_ros_benchmarks:/home/a/ws_nhk/install/moveit_ros_warehouse:/home/a/ws_nhk/install/moveit_ros_robot_interaction:/home/a/ws_nhk/install/moveit_ros_perception:/home/a/ws_nhk/install/moveit_planners_ompl:/home/a/ws_nhk/install/moveit_ros_planning:/home/a/ws_nhk/install/moveit_ros_occupancy_map_monitor:/home/a/ws_nhk/install/moveit_resources_prbt_ikfast_manipulator_plugin:/home/a/ws_nhk/install/moveit_planners_chomp:/home/a/ws_nhk/install/moveit_chomp_optimizer_adapter:/home/a/ws_nhk/install/chomp_motion_planner:/home/a/ws_nhk/install/moveit_core:/home/a/ws_nhk/install/srdfdom:/home/a/ws_nhk/install/rviz_marker_tools:/home/a/ws_nhk/install/rosparam_shortcuts:/home/a/ws_nhk/install/r2_odrive:/home/a/ws_nhk/install/rogidrive_msg:/home/a/ws_nhk/install/nhk_bt:/home/a/ws_nhk/install/moveit_task_constructor_msgs:/home/a/ws_nhk/install/moveit_resources_prbt_support:/home/a/ws_nhk/install/moveit_resources:/home/a/ws_nhk/install/moveit_resources_pr2_description:/home/a/ws_nhk/install/moveit_resources_panda_moveit_config:/home/a/ws_nhk/install/moveit_resources_panda_description:/home/a/ws_nhk/install/moveit_resources_fanuc_moveit_config:/home/a/ws_nhk/install/moveit_common:/home/a/ws_nhk/install/dynamixel_sdk_examples:/home/a/ws_nhk/install/dynamixel_sdk_custom_interfaces:/home/a/ws_nhk/install/dynamixel_controller:/home/a/ws_nhk/install/dynamixel_sdk:/home/a/ws_nhk/install/arm_v20_description:/home/a/ws_nhk/install/arm_module_description:/home/a/ws_nhk/install/a_r2_description:/home/a/install/field_description_test:/home/a/ws_nhk/install/ikeyaMD_wizard:/home/a/ws_nhk/install/moveit_configs_utils:/home/a/ws_nhk/install/rogidrive:/home/a/ws_nhk/install/launch_param_builder:/home/a/ws_nhk/install/dynamixel_controller_gui:/home/a/ws_nhk/install/dynamixel_controller_client:/opt/ros/humble /usr/bin/cmake --install /home/a/ws_nhk/build/moveit_resources_fanuc_moveit_config[0m
[1.490s] [34mcolcon.colcon_core.environment[0m [1;30mLevel 1[0m create_environment_scripts_only(stm32_mavlink_msgs)
[1.490s] [34mcolcon.colcon_core.environment[0m [1;30mLevel 1[0m checking '/home/a/ws_nhk/install/stm32_mavlink_msgs' for CMake module files
[1.491s] [34mcolcon.colcon_core.event_handler.log_command[0m [1;30mDEBUG[0m [32mInvoked command in '/home/a/ws_nhk/build/stm32_mavlink_msgs' returned '0': CMAKE_PREFIX_PATH=${CMAKE_PREFIX_PATH}:/home/a/ws_nhk/install/ikeyaMD_wizard:/home/a/ws_nhk/install/moveit_configs_utils:/home/a/ws_nhk/install/rogidrive:/home/a/ws_nhk/install/launch_param_builder:/home/a/ws_nhk/install/dynamixel_controller_gui:/home/a/ws_nhk/install/dynamixel_controller_client:/opt/ros/humble /usr/bin/cmake --install /home/a/ws_nhk/build/stm32_mavlink_msgs[0m
[1.491s] [34mcolcon.colcon_core.environment[0m [1;30mLevel 1[0m checking '/home/a/ws_nhk/install/stm32_mavlink_msgs' for CMake config files
[1.491s] [34mcolcon.colcon_core.shell[0m [1;30mLevel 1[0m create_environment_hook('stm32_mavlink_msgs', 'cmake_prefix_path')
[1.491s] [34mcolcon.colcon_core.shell[0m [1;30mINFO[0m Creating environment hook '/home/a/ws_nhk/install/stm32_mavlink_msgs/share/stm32_mavlink_msgs/hook/cmake_prefix_path.ps1'
[1.492s] [34mcolcon.colcon_core.shell[0m [1;30mINFO[0m Creating environment descriptor '/home/a/ws_nhk/install/stm32_mavlink_msgs/share/stm32_mavlink_msgs/hook/cmake_prefix_path.dsv'
[1.492s] [34mcolcon.colcon_core.shell[0m [1;30mINFO[0m Creating environment hook '/home/a/ws_nhk/install/stm32_mavlink_msgs/share/stm32_mavlink_msgs/hook/cmake_prefix_path.sh'
[1.493s] [34mcolcon.colcon_core.environment[0m [1;30mLevel 1[0m checking '/home/a/ws_nhk/install/stm32_mavlink_msgs/lib'
[1.493s] [34mcolcon.colcon_core.shell[0m [1;30mLevel 1[0m create_environment_hook('stm32_mavlink_msgs', 'ld_library_path_lib')
[1.493s] [34mcolcon.colcon_core.shell[0m [1;30mINFO[0m Creating environment hook '/home/a/ws_nhk/install/stm32_mavlink_msgs/share/stm32_mavlink_msgs/hook/ld_library_path_lib.ps1'
[1.493s] [34mcolcon.colcon_core.shell[0m [1;30mINFO[0m Creating environment descriptor '/home/a/ws_nhk/install/stm32_mavlink_msgs/share/stm32_mavlink_msgs/hook/ld_library_path_lib.dsv'
[1.494s] [34mcolcon.colcon_core.shell[0m [1;30mINFO[0m Creating environment hook '/home/a/ws_nhk/install/stm32_mavlink_msgs/share/stm32_mavlink_msgs/hook/ld_library_path_lib.sh'
[1.494s] [34mcolcon.colcon_core.environment[0m [1;30mLevel 1[0m checking '/home/a/ws_nhk/install/stm32_mavlink_msgs/bin'
[1.494s] [34mcolcon.colcon_core.environment[0m [1;30mLevel 1[0m checking '/home/a/ws_nhk/install/stm32_mavlink_msgs/lib/pkgconfig/stm32_mavlink_msgs.pc'
[1.494s] [34mcolcon.colcon_core.environment[0m [1;30mLevel 1[0m checking '/home/a/ws_nhk/install/stm32_mavlink_msgs/lib/python3.10/site-packages'
[1.494s] [34mcolcon.colcon_core.environment[0m [1;30mLevel 1[0m checking '/home/a/ws_nhk/install/stm32_mavlink_msgs/bin'
[1.494s] [34mcolcon.colcon_core.shell[0m [1;30mINFO[0m Creating package script '/home/a/ws_nhk/install/stm32_mavlink_msgs/share/stm32_mavlink_msgs/package.ps1'
[1.495s] [34mcolcon.colcon_core.shell[0m [1;30mINFO[0m Creating package descriptor '/home/a/ws_nhk/install/stm32_mavlink_msgs/share/stm32_mavlink_msgs/package.dsv'
[1.495s] [34mcolcon.colcon_core.shell[0m [1;30mINFO[0m Creating package script '/home/a/ws_nhk/install/stm32_mavlink_msgs/share/stm32_mavlink_msgs/package.sh'
[1.495s] [34mcolcon.colcon_core.shell[0m [1;30mINFO[0m Creating package script '/home/a/ws_nhk/install/stm32_mavlink_msgs/share/stm32_mavlink_msgs/package.bash'
[1.496s] [34mcolcon.colcon_core.shell[0m [1;30mINFO[0m Creating package script '/home/a/ws_nhk/install/stm32_mavlink_msgs/share/stm32_mavlink_msgs/package.zsh'
[1.496s] [34mcolcon.colcon_core.environment[0m [1;30mLevel 1[0m create_file_with_runtime_dependencies(/home/a/ws_nhk/install/stm32_mavlink_msgs/share/colcon-core/packages/stm32_mavlink_msgs)
[1.496s] [34mcolcon.colcon_core.environment[0m [1;30mLevel 1[0m create_environment_scripts_only(stm32_mavlink_msgs)
[1.496s] [34mcolcon.colcon_core.environment[0m [1;30mLevel 1[0m checking '/home/a/ws_nhk/install/stm32_mavlink_msgs' for CMake module files
[1.497s] [34mcolcon.colcon_core.environment[0m [1;30mLevel 1[0m checking '/home/a/ws_nhk/install/stm32_mavlink_msgs' for CMake config files
[1.497s] [34mcolcon.colcon_core.shell[0m [1;30mLevel 1[0m create_environment_hook('stm32_mavlink_msgs', 'cmake_prefix_path')
[1.498s] [34mcolcon.colcon_core.shell[0m [1;30mINFO[0m Creating environment hook '/home/a/ws_nhk/install/stm32_mavlink_msgs/share/stm32_mavlink_msgs/hook/cmake_prefix_path.ps1'
[1.498s] [34mcolcon.colcon_core.shell[0m [1;30mINFO[0m Creating environment descriptor '/home/a/ws_nhk/install/stm32_mavlink_msgs/share/stm32_mavlink_msgs/hook/cmake_prefix_path.dsv'
[1.498s] [34mcolcon.colcon_core.shell[0m [1;30mINFO[0m Creating environment hook '/home/a/ws_nhk/install/stm32_mavlink_msgs/share/stm32_mavlink_msgs/hook/cmake_prefix_path.sh'
[1.499s] [34mcolcon.colcon_core.environment[0m [1;30mLevel 1[0m checking '/home/a/ws_nhk/install/stm32_mavlink_msgs/lib'
[1.499s] [34mcolcon.colcon_core.shell[0m [1;30mLevel 1[0m create_environment_hook('stm32_mavlink_msgs', 'ld_library_path_lib')
[1.499s] [34mcolcon.colcon_core.shell[0m [1;30mINFO[0m Creating environment hook '/home/a/ws_nhk/install/stm32_mavlink_msgs/share/stm32_mavlink_msgs/hook/ld_library_path_lib.ps1'
[1.499s] [34mcolcon.colcon_core.shell[0m [1;30mINFO[0m Creating environment descriptor '/home/a/ws_nhk/install/stm32_mavlink_msgs/share/stm32_mavlink_msgs/hook/ld_library_path_lib.dsv'
[1.500s] [34mcolcon.colcon_core.shell[0m [1;30mINFO[0m Creating environment hook '/home/a/ws_nhk/install/stm32_mavlink_msgs/share/stm32_mavlink_msgs/hook/ld_library_path_lib.sh'
[1.500s] [34mcolcon.colcon_core.environment[0m [1;30mLevel 1[0m checking '/home/a/ws_nhk/install/stm32_mavlink_msgs/bin'
[1.500s] [34mcolcon.colcon_core.environment[0m [1;30mLevel 1[0m checking '/home/a/ws_nhk/install/stm32_mavlink_msgs/lib/pkgconfig/stm32_mavlink_msgs.pc'
[1.500s] [34mcolcon.colcon_core.environment[0m [1;30mLevel 1[0m checking '/home/a/ws_nhk/install/stm32_mavlink_msgs/lib/python3.10/site-packages'
[1.500s] [34mcolcon.colcon_core.environment[0m [1;30mLevel 1[0m checking '/home/a/ws_nhk/install/stm32_mavlink_msgs/bin'
[1.500s] [34mcolcon.colcon_core.shell[0m [1;30mINFO[0m Creating package script '/home/a/ws_nhk/install/stm32_mavlink_msgs/share/stm32_mavlink_msgs/package.ps1'
[1.502s] [34mcolcon.colcon_core.shell[0m [1;30mINFO[0m Creating package descriptor '/home/a/ws_nhk/install/stm32_mavlink_msgs/share/stm32_mavlink_msgs/package.dsv'
[1.502s] [34mcolcon.colcon_core.shell[0m [1;30mINFO[0m Creating package script '/home/a/ws_nhk/install/stm32_mavlink_msgs/share/stm32_mavlink_msgs/package.sh'
[1.502s] [34mcolcon.colcon_core.shell[0m [1;30mINFO[0m Creating package script '/home/a/ws_nhk/install/stm32_mavlink_msgs/share/stm32_mavlink_msgs/package.bash'
[1.503s] [34mcolcon.colcon_core.shell[0m [1;30mINFO[0m Creating package script '/home/a/ws_nhk/install/stm32_mavlink_msgs/share/stm32_mavlink_msgs/package.zsh'
[1.503s] [34mcolcon.colcon_core.environment[0m [1;30mLevel 1[0m create_file_with_runtime_dependencies(/home/a/ws_nhk/install/stm32_mavlink_msgs/share/colcon-core/packages/stm32_mavlink_msgs)
[1.504s] [34mcolcon.colcon_ros.task.ament_cmake.build[0m [1;30mINFO[0m Building ROS package in '/home/a/ws_nhk/src/MAVLink_ros2/stm32_mavlink_uart' with build type 'ament_cmake'
[1.504s] [34mcolcon.colcon_cmake.task.cmake.build[0m [1;30mINFO[0m Building CMake package in '/home/a/ws_nhk/src/MAVLink_ros2/stm32_mavlink_uart'
[1.504s] [34mcolcon.colcon_core.shell[0m [1;30mINFO[0m Skip shell extension 'powershell' for command environment: Not usable outside of PowerShell
[1.504s] [34mcolcon.colcon_core.shell[0m [1;30mDEBUG[0m [32mSkip shell extension 'dsv' for command environment[0m
[1.510s] [34mcolcon.colcon_ros.task.ament_cmake.build[0m [1;30mINFO[0m Building ROS package in '/home/a/ws_nhk/src/dynamixel_ros2/DynamixelSDK/dynamixel_sdk_examples' with build type 'ament_cmake'
[1.510s] [34mcolcon.colcon_cmake.task.cmake.build[0m [1;30mINFO[0m Building CMake package in '/home/a/ws_nhk/src/dynamixel_ros2/DynamixelSDK/dynamixel_sdk_examples'
[1.510s] [34mcolcon.colcon_core.shell[0m [1;30mINFO[0m Skip shell extension 'powershell' for command environment: Not usable outside of PowerShell
[1.511s] [34mcolcon.colcon_core.shell[0m [1;30mDEBUG[0m [32mSkip shell extension 'dsv' for command environment[0m
[1.516s] [34mcolcon.colcon_ros.task.ament_cmake.build[0m [1;30mINFO[0m Building ROS package in '/home/a/ws_nhk/src/MAVLink_ros2/rs485_interface2' with build type 'ament_cmake'
[1.516s] [34mcolcon.colcon_cmake.task.cmake.build[0m [1;30mINFO[0m Building CMake package in '/home/a/ws_nhk/src/MAVLink_ros2/rs485_interface2'
[1.517s] [34mcolcon.colcon_core.shell[0m [1;30mINFO[0m Skip shell extension 'powershell' for command environment: Not usable outside of PowerShell
[1.517s] [34mcolcon.colcon_core.shell[0m [1;30mDEBUG[0m [32mSkip shell extension 'dsv' for command environment[0m
[1.522s] [34mcolcon.colcon_ros.task.ament_cmake.build[0m [1;30mINFO[0m Building ROS package in '/home/a/ws_nhk/src/MAVLink_ros2/rs485_motor_interface' with build type 'ament_cmake'
[1.523s] [34mcolcon.colcon_cmake.task.cmake.build[0m [1;30mINFO[0m Building CMake package in '/home/a/ws_nhk/src/MAVLink_ros2/rs485_motor_interface'
[1.523s] [34mcolcon.colcon_core.shell[0m [1;30mINFO[0m Skip shell extension 'powershell' for command environment: Not usable outside of PowerShell
[1.523s] [34mcolcon.colcon_core.shell[0m [1;30mDEBUG[0m [32mSkip shell extension 'dsv' for command environment[0m
[1.529s] [34mcolcon.colcon_ros.task.ament_cmake.build[0m [1;30mINFO[0m Building ROS package in '/home/a/ws_nhk/src/MAVLink_ros2/stm32_mavlink_udp' with build type 'ament_cmake'
[1.529s] [34mcolcon.colcon_cmake.task.cmake.build[0m [1;30mINFO[0m Building CMake package in '/home/a/ws_nhk/src/MAVLink_ros2/stm32_mavlink_udp'
[1.529s] [34mcolcon.colcon_core.shell[0m [1;30mINFO[0m Skip shell extension 'powershell' for command environment: Not usable outside of PowerShell
[1.529s] [34mcolcon.colcon_core.shell[0m [1;30mDEBUG[0m [32mSkip shell extension 'dsv' for command environment[0m
[1.540s] [34mcolcon.colcon_core.event_handler.log_command[0m [1;30mDEBUG[0m [32mInvoking command in '/home/a/ws_nhk/src/dynamixel_ros2/dynamixel_controller_client': PYTHONPATH=/home/a/ws_nhk/build/dynamixel_controller_client/prefix_override:/usr/lib/python3/dist-packages/colcon_core/task/python/colcon_distutils_commands:/home/a/ws_nhk/install/dynamixel_controller_client/lib/python3.10/site-packages:${PYTHONPATH} /usr/bin/python3 -W ignore:setup.py install is deprecated -W ignore:easy_install command is deprecated setup.py egg_info --egg-base ../../../build/dynamixel_controller_client build --build-base /home/a/ws_nhk/build/dynamixel_controller_client/build install --record /home/a/ws_nhk/build/dynamixel_controller_client/install.log --single-version-externally-managed install_data[0m
[1.754s] [34mcolcon.colcon_core.task.python.build[0m [1;30mINFO[0m Building Python package in '/home/a/ws_nhk/src/r2_odrive'
[1.754s] [34mcolcon.colcon_core.shell[0m [1;30mINFO[0m Skip shell extension 'powershell' for command environment: Not usable outside of PowerShell
[1.754s] [34mcolcon.colcon_core.shell[0m [1;30mDEBUG[0m [32mSkip shell extension 'dsv' for command environment[0m
[2.061s] [34mcolcon.colcon_core.task.python.build[0m [1;30mINFO[0m Building Python package in '/home/a/ws_nhk/src/rogidrive/rogidrive'
[2.062s] [34mcolcon.colcon_core.shell[0m [1;30mINFO[0m Skip shell extension 'powershell' for command environment: Not usable outside of PowerShell
[2.062s] [34mcolcon.colcon_core.shell[0m [1;30mDEBUG[0m [32mSkip shell extension 'dsv' for command environment[0m
[2.072s] [34mcolcon.colcon_core.environment[0m [1;30mLevel 1[0m create_environment_scripts_only(moveit_resources_fanuc_moveit_config)
[2.073s] [34mcolcon.colcon_core.environment[0m [1;30mLevel 1[0m checking '/home/a/ws_nhk/install/moveit_resources_fanuc_moveit_config' for CMake module files
[2.074s] [34mcolcon.colcon_core.event_handler.log_command[0m [1;30mDEBUG[0m [32mInvoked command in '/home/a/ws_nhk/build/moveit_resources_fanuc_moveit_config' returned '0': CMAKE_PREFIX_PATH=/home/a/ws_nhk/install/moveit_resources_fanuc_description:/home/a/ws_nhk/install/stm32_mavlink_udp:/home/a/ws_nhk/install/stm32_mavlink_uart:/home/a/ws_nhk/install/stm32_mavlink_msgs:/home/a/ws_nhk/install/sakai_r2_config:/home/a/ws_nhk/install/moveit_runtime:/home/a/ws_nhk/install/moveit_r2_config:/home/a/ws_nhk/install/moveit_config:/home/a/ws_nhk/install/moveit2_tutorials:/home/a/ws_nhk/install/moveit:/home/a/ws_nhk/install/moveit_planners:/home/a/ws_nhk/install/pilz_industrial_motion_planner:/home/a/ws_nhk/install/moveit_task_constructor_visualization:/home/a/ws_nhk/install/moveit_task_constructor_demo:/home/a/ws_nhk/install/moveit_task_constructor_capabilities:/home/a/ws_nhk/install/moveit_task_constructor_core:/home/a/ws_nhk/install/moveit_setup_assistant:/home/a/ws_nhk/install/moveit_setup_srdf_plugins:/home/a/ws_nhk/install/moveit_setup_core_plugins:/home/a/ws_nhk/install/moveit_setup_controllers:/home/a/ws_nhk/install/moveit_setup_app_plugins:/home/a/ws_nhk/install/moveit_setup_framework:/home/a/ws_nhk/install/moveit_servo:/home/a/ws_nhk/install/moveit_ros:/home/a/ws_nhk/install/moveit_ros_visualization:/home/a/ws_nhk/install/moveit_hybrid_planning:/home/a/ws_nhk/install/moveit_ros_planning_interface:/home/a/ws_nhk/install/moveit_resources_prbt_pg70_support:/home/a/ws_nhk/install/moveit_resources_prbt_moveit_config:/home/a/ws_nhk/install/moveit_ros_move_group:/home/a/ws_nhk/install/moveit_kinematics:/home/a/ws_nhk/install/trac_ik:/home/a/ws_nhk/install/trac_ik_kinematics_plugin:/home/a/ws_nhk/install/trac_ik_lib:/home/a/ws_nhk/install/pilz_industrial_motion_planner_testutils:/home/a/ws_nhk/install/moveit_visual_tools:/home/a/ws_nhk/install/moveit_ros_control_interface:/home/a/ws_nhk/install/moveit_plugins:/home/a/ws_nhk/install/moveit_simple_controller_manager:/home/a/ws_nhk/install/moveit_ros_benchmarks:/home/a/ws_nhk/install/moveit_ros_warehouse:/home/a/ws_nhk/install/moveit_ros_robot_interaction:/home/a/ws_nhk/install/moveit_ros_perception:/home/a/ws_nhk/install/moveit_planners_ompl:/home/a/ws_nhk/install/moveit_ros_planning:/home/a/ws_nhk/install/moveit_ros_occupancy_map_monitor:/home/a/ws_nhk/install/moveit_resources_prbt_ikfast_manipulator_plugin:/home/a/ws_nhk/install/moveit_planners_chomp:/home/a/ws_nhk/install/moveit_chomp_optimizer_adapter:/home/a/ws_nhk/install/chomp_motion_planner:/home/a/ws_nhk/install/moveit_core:/home/a/ws_nhk/install/srdfdom:/home/a/ws_nhk/install/rviz_marker_tools:/home/a/ws_nhk/install/rosparam_shortcuts:/home/a/ws_nhk/install/r2_odrive:/home/a/ws_nhk/install/rogidrive_msg:/home/a/ws_nhk/install/nhk_bt:/home/a/ws_nhk/install/moveit_task_constructor_msgs:/home/a/ws_nhk/install/moveit_resources_prbt_support:/home/a/ws_nhk/install/moveit_resources:/home/a/ws_nhk/install/moveit_resources_pr2_description:/home/a/ws_nhk/install/moveit_resources_panda_moveit_config:/home/a/ws_nhk/install/moveit_resources_panda_description:/home/a/ws_nhk/install/moveit_resources_fanuc_moveit_config:/home/a/ws_nhk/install/moveit_common:/home/a/ws_nhk/install/dynamixel_sdk_examples:/home/a/ws_nhk/install/dynamixel_sdk_custom_interfaces:/home/a/ws_nhk/install/dynamixel_controller:/home/a/ws_nhk/install/dynamixel_sdk:/home/a/ws_nhk/install/arm_v20_description:/home/a/ws_nhk/install/arm_module_description:/home/a/ws_nhk/install/a_r2_description:/home/a/install/field_description_test:/home/a/ws_nhk/install/ikeyaMD_wizard:/home/a/ws_nhk/install/moveit_configs_utils:/home/a/ws_nhk/install/rogidrive:/home/a/ws_nhk/install/launch_param_builder:/home/a/ws_nhk/install/dynamixel_controller_gui:/home/a/ws_nhk/install/dynamixel_controller_client:/opt/ros/humble /usr/bin/cmake --install /home/a/ws_nhk/build/moveit_resources_fanuc_moveit_config[0m
[2.074s] [34mcolcon.colcon_core.environment[0m [1;30mLevel 1[0m checking '/home/a/ws_nhk/install/moveit_resources_fanuc_moveit_config' for CMake config files
[2.075s] [34mcolcon.colcon_core.shell[0m [1;30mLevel 1[0m create_environment_hook('moveit_resources_fanuc_moveit_config', 'cmake_prefix_path')
[2.075s] [34mcolcon.colcon_core.shell[0m [1;30mINFO[0m Creating environment hook '/home/a/ws_nhk/install/moveit_resources_fanuc_moveit_config/share/moveit_resources_fanuc_moveit_config/hook/cmake_prefix_path.ps1'
[2.076s] [34mcolcon.colcon_core.shell[0m [1;30mINFO[0m Creating environment descriptor '/home/a/ws_nhk/install/moveit_resources_fanuc_moveit_config/share/moveit_resources_fanuc_moveit_config/hook/cmake_prefix_path.dsv'
[2.076s] [34mcolcon.colcon_core.shell[0m [1;30mINFO[0m Creating environment hook '/home/a/ws_nhk/install/moveit_resources_fanuc_moveit_config/share/moveit_resources_fanuc_moveit_config/hook/cmake_prefix_path.sh'
[2.077s] [34mcolcon.colcon_core.environment[0m [1;30mLevel 1[0m checking '/home/a/ws_nhk/install/moveit_resources_fanuc_moveit_config/bin'
[2.077s] [34mcolcon.colcon_core.environment[0m [1;30mLevel 1[0m checking '/home/a/ws_nhk/install/moveit_resources_fanuc_moveit_config/lib/pkgconfig/moveit_resources_fanuc_moveit_config.pc'
[2.077s] [34mcolcon.colcon_core.environment[0m [1;30mLevel 1[0m checking '/home/a/ws_nhk/install/moveit_resources_fanuc_moveit_config/lib/python3.10/site-packages'
[2.078s] [34mcolcon.colcon_core.environment[0m [1;30mLevel 1[0m checking '/home/a/ws_nhk/install/moveit_resources_fanuc_moveit_config/bin'
[2.078s] [34mcolcon.colcon_core.shell[0m [1;30mINFO[0m Creating package script '/home/a/ws_nhk/install/moveit_resources_fanuc_moveit_config/share/moveit_resources_fanuc_moveit_config/package.ps1'
[2.079s] [34mcolcon.colcon_core.shell[0m [1;30mINFO[0m Creating package descriptor '/home/a/ws_nhk/install/moveit_resources_fanuc_moveit_config/share/moveit_resources_fanuc_moveit_config/package.dsv'
[2.079s] [34mcolcon.colcon_core.shell[0m [1;30mINFO[0m Creating package script '/home/a/ws_nhk/install/moveit_resources_fanuc_moveit_config/share/moveit_resources_fanuc_moveit_config/package.sh'
[2.080s] [34mcolcon.colcon_core.shell[0m [1;30mINFO[0m Creating package script '/home/a/ws_nhk/install/moveit_resources_fanuc_moveit_config/share/moveit_resources_fanuc_moveit_config/package.bash'
[2.080s] [34mcolcon.colcon_core.shell[0m [1;30mINFO[0m Creating package script '/home/a/ws_nhk/install/moveit_resources_fanuc_moveit_config/share/moveit_resources_fanuc_moveit_config/package.zsh'
[2.080s] [34mcolcon.colcon_core.environment[0m [1;30mLevel 1[0m create_file_with_runtime_dependencies(/home/a/ws_nhk/install/moveit_resources_fanuc_moveit_config/share/colcon-core/packages/moveit_resources_fanuc_moveit_config)
[2.081s] [34mcolcon.colcon_core.environment[0m [1;30mLevel 1[0m create_environment_scripts_only(moveit_resources_fanuc_moveit_config)
[2.081s] [34mcolcon.colcon_core.environment[0m [1;30mLevel 1[0m checking '/home/a/ws_nhk/install/moveit_resources_fanuc_moveit_config' for CMake module files
[2.082s] [34mcolcon.colcon_core.environment[0m [1;30mLevel 1[0m checking '/home/a/ws_nhk/install/moveit_resources_fanuc_moveit_config' for CMake config files
[2.082s] [34mcolcon.colcon_core.shell[0m [1;30mLevel 1[0m create_environment_hook('moveit_resources_fanuc_moveit_config', 'cmake_prefix_path')
[2.082s] [34mcolcon.colcon_core.shell[0m [1;30mINFO[0m Creating environment hook '/home/a/ws_nhk/install/moveit_resources_fanuc_moveit_config/share/moveit_resources_fanuc_moveit_config/hook/cmake_prefix_path.ps1'
[2.083s] [34mcolcon.colcon_core.shell[0m [1;30mINFO[0m Creating environment descriptor '/home/a/ws_nhk/install/moveit_resources_fanuc_moveit_config/share/moveit_resources_fanuc_moveit_config/hook/cmake_prefix_path.dsv'
[2.083s] [34mcolcon.colcon_core.shell[0m [1;30mINFO[0m Creating environment hook '/home/a/ws_nhk/install/moveit_resources_fanuc_moveit_config/share/moveit_resources_fanuc_moveit_config/hook/cmake_prefix_path.sh'
[2.084s] [34mcolcon.colcon_core.environment[0m [1;30mLevel 1[0m checking '/home/a/ws_nhk/install/moveit_resources_fanuc_moveit_config/bin'
[2.084s] [34mcolcon.colcon_core.environment[0m [1;30mLevel 1[0m checking '/home/a/ws_nhk/install/moveit_resources_fanuc_moveit_config/lib/pkgconfig/moveit_resources_fanuc_moveit_config.pc'
[2.084s] [34mcolcon.colcon_core.environment[0m [1;30mLevel 1[0m checking '/home/a/ws_nhk/install/moveit_resources_fanuc_moveit_config/lib/python3.10/site-packages'
[2.084s] [34mcolcon.colcon_core.environment[0m [1;30mLevel 1[0m checking '/home/a/ws_nhk/install/moveit_resources_fanuc_moveit_config/bin'
[2.085s] [34mcolcon.colcon_core.shell[0m [1;30mINFO[0m Creating package script '/home/a/ws_nhk/install/moveit_resources_fanuc_moveit_config/share/moveit_resources_fanuc_moveit_config/package.ps1'
[2.085s] [34mcolcon.colcon_core.shell[0m [1;30mINFO[0m Creating package descriptor '/home/a/ws_nhk/install/moveit_resources_fanuc_moveit_config/share/moveit_resources_fanuc_moveit_config/package.dsv'
[2.086s] [34mcolcon.colcon_core.shell[0m [1;30mINFO[0m Creating package script '/home/a/ws_nhk/install/moveit_resources_fanuc_moveit_config/share/moveit_resources_fanuc_moveit_config/package.sh'
[2.086s] [34mcolcon.colcon_core.shell[0m [1;30mINFO[0m Creating package script '/home/a/ws_nhk/install/moveit_resources_fanuc_moveit_config/share/moveit_resources_fanuc_moveit_config/package.bash'
[2.087s] [34mcolcon.colcon_core.shell[0m [1;30mINFO[0m Creating package script '/home/a/ws_nhk/install/moveit_resources_fanuc_moveit_config/share/moveit_resources_fanuc_moveit_config/package.zsh'
[2.087s] [34mcolcon.colcon_core.environment[0m [1;30mLevel 1[0m create_file_with_runtime_dependencies(/home/a/ws_nhk/install/moveit_resources_fanuc_moveit_config/share/colcon-core/packages/moveit_resources_fanuc_moveit_config)
[2.087s] [34mcolcon.colcon_core.environment[0m [1;30mLevel 1[0m create_environment_scripts_only(moveit_resources_panda_moveit_config)
[2.088s] [34mcolcon.colcon_core.environment[0m [1;30mLevel 1[0m checking '/home/a/ws_nhk/install/moveit_resources_panda_moveit_config' for CMake module files
[2.089s] [34mcolcon.colcon_core.environment[0m [1;30mLevel 1[0m checking '/home/a/ws_nhk/install/moveit_resources_panda_moveit_config' for CMake config files
[2.090s] [34mcolcon.colcon_core.event_handler.log_command[0m [1;30mDEBUG[0m [32mInvoked command in '/home/a/ws_nhk/build/moveit_resources_panda_moveit_config' returned '0': CMAKE_PREFIX_PATH=/home/a/ws_nhk/install/moveit_resources_panda_description:/home/a/ws_nhk/install/stm32_mavlink_udp:/home/a/ws_nhk/install/stm32_mavlink_uart:/home/a/ws_nhk/install/stm32_mavlink_msgs:/home/a/ws_nhk/install/sakai_r2_config:/home/a/ws_nhk/install/moveit_runtime:/home/a/ws_nhk/install/moveit_r2_config:/home/a/ws_nhk/install/moveit_config:/home/a/ws_nhk/install/moveit2_tutorials:/home/a/ws_nhk/install/moveit:/home/a/ws_nhk/install/moveit_planners:/home/a/ws_nhk/install/pilz_industrial_motion_planner:/home/a/ws_nhk/install/moveit_task_constructor_visualization:/home/a/ws_nhk/install/moveit_task_constructor_demo:/home/a/ws_nhk/install/moveit_task_constructor_capabilities:/home/a/ws_nhk/install/moveit_task_constructor_core:/home/a/ws_nhk/install/moveit_setup_assistant:/home/a/ws_nhk/install/moveit_setup_srdf_plugins:/home/a/ws_nhk/install/moveit_setup_core_plugins:/home/a/ws_nhk/install/moveit_setup_controllers:/home/a/ws_nhk/install/moveit_setup_app_plugins:/home/a/ws_nhk/install/moveit_setup_framework:/home/a/ws_nhk/install/moveit_servo:/home/a/ws_nhk/install/moveit_ros:/home/a/ws_nhk/install/moveit_ros_visualization:/home/a/ws_nhk/install/moveit_hybrid_planning:/home/a/ws_nhk/install/moveit_ros_planning_interface:/home/a/ws_nhk/install/moveit_resources_prbt_pg70_support:/home/a/ws_nhk/install/moveit_resources_prbt_moveit_config:/home/a/ws_nhk/install/moveit_ros_move_group:/home/a/ws_nhk/install/moveit_kinematics:/home/a/ws_nhk/install/trac_ik:/home/a/ws_nhk/install/trac_ik_kinematics_plugin:/home/a/ws_nhk/install/trac_ik_lib:/home/a/ws_nhk/install/pilz_industrial_motion_planner_testutils:/home/a/ws_nhk/install/moveit_visual_tools:/home/a/ws_nhk/install/moveit_ros_control_interface:/home/a/ws_nhk/install/moveit_plugins:/home/a/ws_nhk/install/moveit_simple_controller_manager:/home/a/ws_nhk/install/moveit_ros_benchmarks:/home/a/ws_nhk/install/moveit_ros_warehouse:/home/a/ws_nhk/install/moveit_ros_robot_interaction:/home/a/ws_nhk/install/moveit_ros_perception:/home/a/ws_nhk/install/moveit_planners_ompl:/home/a/ws_nhk/install/moveit_ros_planning:/home/a/ws_nhk/install/moveit_ros_occupancy_map_monitor:/home/a/ws_nhk/install/moveit_resources_prbt_ikfast_manipulator_plugin:/home/a/ws_nhk/install/moveit_planners_chomp:/home/a/ws_nhk/install/moveit_chomp_optimizer_adapter:/home/a/ws_nhk/install/chomp_motion_planner:/home/a/ws_nhk/install/moveit_core:/home/a/ws_nhk/install/srdfdom:/home/a/ws_nhk/install/rviz_marker_tools:/home/a/ws_nhk/install/rosparam_shortcuts:/home/a/ws_nhk/install/r2_odrive:/home/a/ws_nhk/install/rogidrive_msg:/home/a/ws_nhk/install/nhk_bt:/home/a/ws_nhk/install/moveit_task_constructor_msgs:/home/a/ws_nhk/install/moveit_resources_prbt_support:/home/a/ws_nhk/install/moveit_resources:/home/a/ws_nhk/install/moveit_resources_pr2_description:/home/a/ws_nhk/install/moveit_resources_panda_moveit_config:/home/a/ws_nhk/install/moveit_resources_fanuc_moveit_config:/home/a/ws_nhk/install/moveit_resources_fanuc_description:/home/a/ws_nhk/install/moveit_common:/home/a/ws_nhk/install/dynamixel_sdk_examples:/home/a/ws_nhk/install/dynamixel_sdk_custom_interfaces:/home/a/ws_nhk/install/dynamixel_controller:/home/a/ws_nhk/install/dynamixel_sdk:/home/a/ws_nhk/install/arm_v20_description:/home/a/ws_nhk/install/arm_module_description:/home/a/ws_nhk/install/a_r2_description:/home/a/install/field_description_test:/home/a/ws_nhk/install/ikeyaMD_wizard:/home/a/ws_nhk/install/moveit_configs_utils:/home/a/ws_nhk/install/rogidrive:/home/a/ws_nhk/install/launch_param_builder:/home/a/ws_nhk/install/dynamixel_controller_gui:/home/a/ws_nhk/install/dynamixel_controller_client:/opt/ros/humble /usr/bin/cmake --install /home/a/ws_nhk/build/moveit_resources_panda_moveit_config[0m
[2.090s] [34mcolcon.colcon_core.shell[0m [1;30mLevel 1[0m create_environment_hook('moveit_resources_panda_moveit_config', 'cmake_prefix_path')
[2.090s] [34mcolcon.colcon_core.shell[0m [1;30mINFO[0m Creating environment hook '/home/a/ws_nhk/install/moveit_resources_panda_moveit_config/share/moveit_resources_panda_moveit_config/hook/cmake_prefix_path.ps1'
[2.091s] [34mcolcon.colcon_core.shell[0m [1;30mINFO[0m Creating environment descriptor '/home/a/ws_nhk/install/moveit_resources_panda_moveit_config/share/moveit_resources_panda_moveit_config/hook/cmake_prefix_path.dsv'
[2.091s] [34mcolcon.colcon_core.shell[0m [1;30mINFO[0m Creating environment hook '/home/a/ws_nhk/install/moveit_resources_panda_moveit_config/share/moveit_resources_panda_moveit_config/hook/cmake_prefix_path.sh'
[2.092s] [34mcolcon.colcon_core.environment[0m [1;30mLevel 1[0m checking '/home/a/ws_nhk/install/moveit_resources_panda_moveit_config/bin'
[2.092s] [34mcolcon.colcon_core.environment[0m [1;30mLevel 1[0m checking '/home/a/ws_nhk/install/moveit_resources_panda_moveit_config/lib/pkgconfig/moveit_resources_panda_moveit_config.pc'
[2.092s] [34mcolcon.colcon_core.environment[0m [1;30mLevel 1[0m checking '/home/a/ws_nhk/install/moveit_resources_panda_moveit_config/lib/python3.10/site-packages'
[2.093s] [34mcolcon.colcon_core.environment[0m [1;30mLevel 1[0m checking '/home/a/ws_nhk/install/moveit_resources_panda_moveit_config/bin'
[2.093s] [34mcolcon.colcon_core.shell[0m [1;30mINFO[0m Creating package script '/home/a/ws_nhk/install/moveit_resources_panda_moveit_config/share/moveit_resources_panda_moveit_config/package.ps1'
[2.094s] [34mcolcon.colcon_core.shell[0m [1;30mINFO[0m Creating package descriptor '/home/a/ws_nhk/install/moveit_resources_panda_moveit_config/share/moveit_resources_panda_moveit_config/package.dsv'
[2.094s] [34mcolcon.colcon_core.shell[0m [1;30mINFO[0m Creating package script '/home/a/ws_nhk/install/moveit_resources_panda_moveit_config/share/moveit_resources_panda_moveit_config/package.sh'
[2.094s] [34mcolcon.colcon_core.shell[0m [1;30mINFO[0m Creating package script '/home/a/ws_nhk/install/moveit_resources_panda_moveit_config/share/moveit_resources_panda_moveit_config/package.bash'
[2.095s] [34mcolcon.colcon_core.shell[0m [1;30mINFO[0m Creating package script '/home/a/ws_nhk/install/moveit_resources_panda_moveit_config/share/moveit_resources_panda_moveit_config/package.zsh'
[2.096s] [34mcolcon.colcon_core.environment[0m [1;30mLevel 1[0m create_file_with_runtime_dependencies(/home/a/ws_nhk/install/moveit_resources_panda_moveit_config/share/colcon-core/packages/moveit_resources_panda_moveit_config)
[2.096s] [34mcolcon.colcon_core.environment[0m [1;30mLevel 1[0m create_environment_scripts_only(moveit_resources_panda_moveit_config)
[2.097s] [34mcolcon.colcon_core.environment[0m [1;30mLevel 1[0m checking '/home/a/ws_nhk/install/moveit_resources_panda_moveit_config' for CMake module files
[2.097s] [34mcolcon.colcon_core.environment[0m [1;30mLevel 1[0m checking '/home/a/ws_nhk/install/moveit_resources_panda_moveit_config' for CMake config files
[2.097s] [34mcolcon.colcon_core.shell[0m [1;30mLevel 1[0m create_environment_hook('moveit_resources_panda_moveit_config', 'cmake_prefix_path')
[2.097s] [34mcolcon.colcon_core.shell[0m [1;30mINFO[0m Creating environment hook '/home/a/ws_nhk/install/moveit_resources_panda_moveit_config/share/moveit_resources_panda_moveit_config/hook/cmake_prefix_path.ps1'
[2.098s] [34mcolcon.colcon_core.shell[0m [1;30mINFO[0m Creating environment descriptor '/home/a/ws_nhk/install/moveit_resources_panda_moveit_config/share/moveit_resources_panda_moveit_config/hook/cmake_prefix_path.dsv'
[2.098s] [34mcolcon.colcon_core.shell[0m [1;30mINFO[0m Creating environment hook '/home/a/ws_nhk/install/moveit_resources_panda_moveit_config/share/moveit_resources_panda_moveit_config/hook/cmake_prefix_path.sh'
[2.099s] [34mcolcon.colcon_core.environment[0m [1;30mLevel 1[0m checking '/home/a/ws_nhk/install/moveit_resources_panda_moveit_config/bin'
[2.099s] [34mcolcon.colcon_core.environment[0m [1;30mLevel 1[0m checking '/home/a/ws_nhk/install/moveit_resources_panda_moveit_config/lib/pkgconfig/moveit_resources_panda_moveit_config.pc'
[2.099s] [34mcolcon.colcon_core.environment[0m [1;30mLevel 1[0m checking '/home/a/ws_nhk/install/moveit_resources_panda_moveit_config/lib/python3.10/site-packages'
[2.100s] [34mcolcon.colcon_core.environment[0m [1;30mLevel 1[0m checking '/home/a/ws_nhk/install/moveit_resources_panda_moveit_config/bin'
[2.100s] [34mcolcon.colcon_core.shell[0m [1;30mINFO[0m Creating package script '/home/a/ws_nhk/install/moveit_resources_panda_moveit_config/share/moveit_resources_panda_moveit_config/package.ps1'
[2.101s] [34mcolcon.colcon_core.shell[0m [1;30mINFO[0m Creating package descriptor '/home/a/ws_nhk/install/moveit_resources_panda_moveit_config/share/moveit_resources_panda_moveit_config/package.dsv'
[2.101s] [34mcolcon.colcon_core.shell[0m [1;30mINFO[0m Creating package script '/home/a/ws_nhk/install/moveit_resources_panda_moveit_config/share/moveit_resources_panda_moveit_config/package.sh'
[2.102s] [34mcolcon.colcon_core.shell[0m [1;30mINFO[0m Creating package script '/home/a/ws_nhk/install/moveit_resources_panda_moveit_config/share/moveit_resources_panda_moveit_config/package.bash'
[2.102s] [34mcolcon.colcon_core.shell[0m [1;30mINFO[0m Creating package script '/home/a/ws_nhk/install/moveit_resources_panda_moveit_config/share/moveit_resources_panda_moveit_config/package.zsh'
[2.102s] [34mcolcon.colcon_core.environment[0m [1;30mLevel 1[0m create_file_with_runtime_dependencies(/home/a/ws_nhk/install/moveit_resources_panda_moveit_config/share/colcon-core/packages/moveit_resources_panda_moveit_config)
[2.105s] [34mcolcon.colcon_ros.task.ament_cmake.build[0m [1;30mINFO[0m Building ROS package in '/home/a/ws_nhk/src/moveit2/moveit_core' with build type 'ament_cmake'
[2.105s] [34mcolcon.colcon_cmake.task.cmake.build[0m [1;30mINFO[0m Building CMake package in '/home/a/ws_nhk/src/moveit2/moveit_core'
[2.105s] [34mcolcon.colcon_core.shell[0m [1;30mINFO[0m Skip shell extension 'powershell' for command environment: Not usable outside of PowerShell
[2.105s] [34mcolcon.colcon_core.shell[0m [1;30mDEBUG[0m [32mSkip shell extension 'dsv' for command environment[0m
[2.115s] [34mcolcon.colcon_ros.task.ament_cmake.build[0m [1;30mINFO[0m Building ROS package in '/home/a/ws_nhk/src/moveit_resources/moveit_resources' with build type 'ament_cmake'
[2.115s] [34mcolcon.colcon_cmake.task.cmake.build[0m [1;30mINFO[0m Building CMake package in '/home/a/ws_nhk/src/moveit_resources/moveit_resources'
[2.116s] [34mcolcon.colcon_core.shell[0m [1;30mINFO[0m Skip shell extension 'powershell' for command environment: Not usable outside of PowerShell
[2.116s] [34mcolcon.colcon_core.shell[0m [1;30mDEBUG[0m [32mSkip shell extension 'dsv' for command environment[0m
[2.132s] [34mcolcon.colcon_core.event_handler.log_command[0m [1;30mDEBUG[0m [32mInvoking command in '/home/a/ws_nhk/build/stm32_mavlink_uart': CMAKE_PREFIX_PATH=/home/a/ws_nhk/install/stm32_mavlink_msgs:/home/a/ws_nhk/install/stm32_mavlink_udp:/home/a/ws_nhk/install/stm32_mavlink_uart:/home/a/ws_nhk/install/sakai_r2_config:/home/a/ws_nhk/install/moveit_runtime:/home/a/ws_nhk/install/moveit_r2_config:/home/a/ws_nhk/install/moveit_config:/home/a/ws_nhk/install/moveit2_tutorials:/home/a/ws_nhk/install/moveit:/home/a/ws_nhk/install/moveit_planners:/home/a/ws_nhk/install/pilz_industrial_motion_planner:/home/a/ws_nhk/install/moveit_task_constructor_visualization:/home/a/ws_nhk/install/moveit_task_constructor_demo:/home/a/ws_nhk/install/moveit_task_constructor_capabilities:/home/a/ws_nhk/install/moveit_task_constructor_core:/home/a/ws_nhk/install/moveit_setup_assistant:/home/a/ws_nhk/install/moveit_setup_srdf_plugins:/home/a/ws_nhk/install/moveit_setup_core_plugins:/home/a/ws_nhk/install/moveit_setup_controllers:/home/a/ws_nhk/install/moveit_setup_app_plugins:/home/a/ws_nhk/install/moveit_setup_framework:/home/a/ws_nhk/install/moveit_servo:/home/a/ws_nhk/install/moveit_ros:/home/a/ws_nhk/install/moveit_ros_visualization:/home/a/ws_nhk/install/moveit_hybrid_planning:/home/a/ws_nhk/install/moveit_ros_planning_interface:/home/a/ws_nhk/install/moveit_resources_prbt_pg70_support:/home/a/ws_nhk/install/moveit_resources_prbt_moveit_config:/home/a/ws_nhk/install/moveit_ros_move_group:/home/a/ws_nhk/install/moveit_kinematics:/home/a/ws_nhk/install/trac_ik:/home/a/ws_nhk/install/trac_ik_kinematics_plugin:/home/a/ws_nhk/install/trac_ik_lib:/home/a/ws_nhk/install/pilz_industrial_motion_planner_testutils:/home/a/ws_nhk/install/moveit_visual_tools:/home/a/ws_nhk/install/moveit_ros_control_interface:/home/a/ws_nhk/install/moveit_plugins:/home/a/ws_nhk/install/moveit_simple_controller_manager:/home/a/ws_nhk/install/moveit_ros_benchmarks:/home/a/ws_nhk/install/moveit_ros_warehouse:/home/a/ws_nhk/install/moveit_ros_robot_interaction:/home/a/ws_nhk/install/moveit_ros_perception:/home/a/ws_nhk/install/moveit_planners_ompl:/home/a/ws_nhk/install/moveit_ros_planning:/home/a/ws_nhk/install/moveit_ros_occupancy_map_monitor:/home/a/ws_nhk/install/moveit_resources_prbt_ikfast_manipulator_plugin:/home/a/ws_nhk/install/moveit_planners_chomp:/home/a/ws_nhk/install/moveit_chomp_optimizer_adapter:/home/a/ws_nhk/install/chomp_motion_planner:/home/a/ws_nhk/install/moveit_core:/home/a/ws_nhk/install/srdfdom:/home/a/ws_nhk/install/rviz_marker_tools:/home/a/ws_nhk/install/rosparam_shortcuts:/home/a/ws_nhk/install/r2_odrive:/home/a/ws_nhk/install/rogidrive_msg:/home/a/ws_nhk/install/nhk_bt:/home/a/ws_nhk/install/moveit_task_constructor_msgs:/home/a/ws_nhk/install/moveit_resources_prbt_support:/home/a/ws_nhk/install/moveit_resources:/home/a/ws_nhk/install/moveit_resources_pr2_description:/home/a/ws_nhk/install/moveit_resources_panda_moveit_config:/home/a/ws_nhk/install/moveit_resources_panda_description:/home/a/ws_nhk/install/moveit_resources_fanuc_moveit_config:/home/a/ws_nhk/install/moveit_resources_fanuc_description:/home/a/ws_nhk/install/moveit_common:/home/a/ws_nhk/install/dynamixel_sdk_examples:/home/a/ws_nhk/install/dynamixel_sdk_custom_interfaces:/home/a/ws_nhk/install/dynamixel_controller:/home/a/ws_nhk/install/dynamixel_sdk:/home/a/ws_nhk/install/arm_v20_description:/home/a/ws_nhk/install/arm_module_description:/home/a/ws_nhk/install/a_r2_description:/home/a/install/field_description_test:/home/a/ws_nhk/install/ikeyaMD_wizard:/home/a/ws_nhk/install/moveit_configs_utils:/home/a/ws_nhk/install/rogidrive:/home/a/ws_nhk/install/launch_param_builder:/home/a/ws_nhk/install/dynamixel_controller_gui:/home/a/ws_nhk/install/dynamixel_controller_client:/opt/ros/humble /usr/bin/cmake --build /home/a/ws_nhk/build/stm32_mavlink_uart -- -j22 -l22[0m
[2.134s] [34mcolcon.colcon_core.event_handler.log_command[0m [1;30mDEBUG[0m [32mInvoking command in '/home/a/ws_nhk/build/dynamixel_sdk_examples': CMAKE_PREFIX_PATH=/home/a/ws_nhk/install/dynamixel_sdk_custom_interfaces:/home/a/ws_nhk/install/dynamixel_sdk:/home/a/ws_nhk/install/stm32_mavlink_udp:/home/a/ws_nhk/install/stm32_mavlink_uart:/home/a/ws_nhk/install/stm32_mavlink_msgs:/home/a/ws_nhk/install/sakai_r2_config:/home/a/ws_nhk/install/moveit_runtime:/home/a/ws_nhk/install/moveit_r2_config:/home/a/ws_nhk/install/moveit_config:/home/a/ws_nhk/install/moveit2_tutorials:/home/a/ws_nhk/install/moveit:/home/a/ws_nhk/install/moveit_planners:/home/a/ws_nhk/install/pilz_industrial_motion_planner:/home/a/ws_nhk/install/moveit_task_constructor_visualization:/home/a/ws_nhk/install/moveit_task_constructor_demo:/home/a/ws_nhk/install/moveit_task_constructor_capabilities:/home/a/ws_nhk/install/moveit_task_constructor_core:/home/a/ws_nhk/install/moveit_setup_assistant:/home/a/ws_nhk/install/moveit_setup_srdf_plugins:/home/a/ws_nhk/install/moveit_setup_core_plugins:/home/a/ws_nhk/install/moveit_setup_controllers:/home/a/ws_nhk/install/moveit_setup_app_plugins:/home/a/ws_nhk/install/moveit_setup_framework:/home/a/ws_nhk/install/moveit_servo:/home/a/ws_nhk/install/moveit_ros:/home/a/ws_nhk/install/moveit_ros_visualization:/home/a/ws_nhk/install/moveit_hybrid_planning:/home/a/ws_nhk/install/moveit_ros_planning_interface:/home/a/ws_nhk/install/moveit_resources_prbt_pg70_support:/home/a/ws_nhk/install/moveit_resources_prbt_moveit_config:/home/a/ws_nhk/install/moveit_ros_move_group:/home/a/ws_nhk/install/moveit_kinematics:/home/a/ws_nhk/install/trac_ik:/home/a/ws_nhk/install/trac_ik_kinematics_plugin:/home/a/ws_nhk/install/trac_ik_lib:/home/a/ws_nhk/install/pilz_industrial_motion_planner_testutils:/home/a/ws_nhk/install/moveit_visual_tools:/home/a/ws_nhk/install/moveit_ros_control_interface:/home/a/ws_nhk/install/moveit_plugins:/home/a/ws_nhk/install/moveit_simple_controller_manager:/home/a/ws_nhk/install/moveit_ros_benchmarks:/home/a/ws_nhk/install/moveit_ros_warehouse:/home/a/ws_nhk/install/moveit_ros_robot_interaction:/home/a/ws_nhk/install/moveit_ros_perception:/home/a/ws_nhk/install/moveit_planners_ompl:/home/a/ws_nhk/install/moveit_ros_planning:/home/a/ws_nhk/install/moveit_ros_occupancy_map_monitor:/home/a/ws_nhk/install/moveit_resources_prbt_ikfast_manipulator_plugin:/home/a/ws_nhk/install/moveit_planners_chomp:/home/a/ws_nhk/install/moveit_chomp_optimizer_adapter:/home/a/ws_nhk/install/chomp_motion_planner:/home/a/ws_nhk/install/moveit_core:/home/a/ws_nhk/install/srdfdom:/home/a/ws_nhk/install/rviz_marker_tools:/home/a/ws_nhk/install/rosparam_shortcuts:/home/a/ws_nhk/install/r2_odrive:/home/a/ws_nhk/install/rogidrive_msg:/home/a/ws_nhk/install/nhk_bt:/home/a/ws_nhk/install/moveit_task_constructor_msgs:/home/a/ws_nhk/install/moveit_resources_prbt_support:/home/a/ws_nhk/install/moveit_resources:/home/a/ws_nhk/install/moveit_resources_pr2_description:/home/a/ws_nhk/install/moveit_resources_panda_moveit_config:/home/a/ws_nhk/install/moveit_resources_panda_description:/home/a/ws_nhk/install/moveit_resources_fanuc_moveit_config:/home/a/ws_nhk/install/moveit_resources_fanuc_description:/home/a/ws_nhk/install/moveit_common:/home/a/ws_nhk/install/dynamixel_sdk_examples:/home/a/ws_nhk/install/dynamixel_controller:/home/a/ws_nhk/install/arm_v20_description:/home/a/ws_nhk/install/arm_module_description:/home/a/ws_nhk/install/a_r2_description:/home/a/install/field_description_test:/home/a/ws_nhk/install/ikeyaMD_wizard:/home/a/ws_nhk/install/moveit_configs_utils:/home/a/ws_nhk/install/rogidrive:/home/a/ws_nhk/install/launch_param_builder:/home/a/ws_nhk/install/dynamixel_controller_gui:/home/a/ws_nhk/install/dynamixel_controller_client:/opt/ros/humble LD_LIBRARY_PATH=/home/a/ws_nhk/install/dynamixel_sdk_custom_interfaces/lib:/home/a/ws_nhk/install/dynamixel_sdk/lib:/home/a/ws_nhk/install/stm32_mavlink_msgs/lib:/home/a/ws_nhk/install/pilz_industrial_motion_planner/lib:/home/a/ws_nhk/install/moveit_task_constructor_visualization/lib:/home/a/ws_nhk/install/moveit_task_constructor_demo/lib:/home/a/ws_nhk/install/moveit_task_constructor_capabilities/lib:/home/a/ws_nhk/install/moveit_task_constructor_core/lib:/home/a/ws_nhk/install/moveit_setup_assistant/lib:/home/a/ws_nhk/install/moveit_setup_srdf_plugins/lib:/home/a/ws_nhk/install/moveit_setup_core_plugins/lib:/home/a/ws_nhk/install/moveit_setup_controllers/lib:/home/a/ws_nhk/install/moveit_setup_app_plugins/lib:/home/a/ws_nhk/install/moveit_setup_framework/lib:/home/a/ws_nhk/install/moveit_servo/lib:/home/a/ws_nhk/install/moveit_ros_visualization/lib:/home/a/ws_nhk/install/moveit_hybrid_planning/lib:/home/a/ws_nhk/install/moveit_ros_planning_interface/lib:/home/a/ws_nhk/install/moveit_ros_move_group/lib:/home/a/ws_nhk/install/moveit_kinematics/lib:/home/a/ws_nhk/install/trac_ik_kinematics_plugin/lib:/home/a/ws_nhk/install/trac_ik_lib/lib:/home/a/ws_nhk/install/pilz_industrial_motion_planner_testutils/lib:/home/a/ws_nhk/install/moveit_visual_tools/lib:/home/a/ws_nhk/install/moveit_ros_control_interface/lib:/home/a/ws_nhk/install/moveit_simple_controller_manager/lib:/home/a/ws_nhk/install/moveit_ros_benchmarks/lib:/home/a/ws_nhk/install/moveit_ros_warehouse/lib:/home/a/ws_nhk/install/moveit_ros_robot_interaction/lib:/home/a/ws_nhk/install/moveit_ros_perception/lib:/home/a/ws_nhk/install/moveit_planners_ompl/lib:/home/a/ws_nhk/install/moveit_ros_planning/lib:/home/a/ws_nhk/install/moveit_ros_occupancy_map_monitor/lib:/home/a/ws_nhk/install/moveit_resources_prbt_ikfast_manipulator_plugin/lib:/home/a/ws_nhk/install/moveit_planners_chomp/lib:/home/a/ws_nhk/install/moveit_chomp_optimizer_adapter/lib:/home/a/ws_nhk/install/chomp_motion_planner/lib:/home/a/ws_nhk/install/moveit_core/lib:/home/a/ws_nhk/install/srdfdom/lib:/home/a/ws_nhk/install/rviz_marker_tools/lib:/home/a/ws_nhk/install/rosparam_shortcuts/lib:/home/a/ws_nhk/install/rogidrive_msg/lib:/home/a/ws_nhk/install/moveit_task_constructor_msgs/lib:/home/a/ws_nhk/install/dynamixel_controller/lib:/usr/local/lib:/usr/lib/x86_64-linux-gnu/gazebo-11/plugins:/opt/ros/humble/opt/rviz_ogre_vendor/lib:/opt/ros/humble/lib/x86_64-linux-gnu:/opt/ros/humble/lib /usr/bin/cmake --build /home/a/ws_nhk/build/dynamixel_sdk_examples -- -j22 -l22[0m
[2.136s] [34mcolcon.colcon_core.event_handler.log_command[0m [1;30mDEBUG[0m [32mInvoking command in '/home/a/ws_nhk/build/rs485_interface2': CMAKE_PREFIX_PATH=/home/a/ws_nhk/install/stm32_mavlink_msgs:/home/a/ws_nhk/install/rogidrive_msg:/home/a/ws_nhk/install/stm32_mavlink_udp:/home/a/ws_nhk/install/stm32_mavlink_uart:/home/a/ws_nhk/install/sakai_r2_config:/home/a/ws_nhk/install/moveit_runtime:/home/a/ws_nhk/install/moveit_r2_config:/home/a/ws_nhk/install/moveit_config:/home/a/ws_nhk/install/moveit2_tutorials:/home/a/ws_nhk/install/moveit:/home/a/ws_nhk/install/moveit_planners:/home/a/ws_nhk/install/pilz_industrial_motion_planner:/home/a/ws_nhk/install/moveit_task_constructor_visualization:/home/a/ws_nhk/install/moveit_task_constructor_demo:/home/a/ws_nhk/install/moveit_task_constructor_capabilities:/home/a/ws_nhk/install/moveit_task_constructor_core:/home/a/ws_nhk/install/moveit_setup_assistant:/home/a/ws_nhk/install/moveit_setup_srdf_plugins:/home/a/ws_nhk/install/moveit_setup_core_plugins:/home/a/ws_nhk/install/moveit_setup_controllers:/home/a/ws_nhk/install/moveit_setup_app_plugins:/home/a/ws_nhk/install/moveit_setup_framework:/home/a/ws_nhk/install/moveit_servo:/home/a/ws_nhk/install/moveit_ros:/home/a/ws_nhk/install/moveit_ros_visualization:/home/a/ws_nhk/install/moveit_hybrid_planning:/home/a/ws_nhk/install/moveit_ros_planning_interface:/home/a/ws_nhk/install/moveit_resources_prbt_pg70_support:/home/a/ws_nhk/install/moveit_resources_prbt_moveit_config:/home/a/ws_nhk/install/moveit_ros_move_group:/home/a/ws_nhk/install/moveit_kinematics:/home/a/ws_nhk/install/trac_ik:/home/a/ws_nhk/install/trac_ik_kinematics_plugin:/home/a/ws_nhk/install/trac_ik_lib:/home/a/ws_nhk/install/pilz_industrial_motion_planner_testutils:/home/a/ws_nhk/install/moveit_visual_tools:/home/a/ws_nhk/install/moveit_ros_control_interface:/home/a/ws_nhk/install/moveit_plugins:/home/a/ws_nhk/install/moveit_simple_controller_manager:/home/a/ws_nhk/install/moveit_ros_benchmarks:/home/a/ws_nhk/install/moveit_ros_warehouse:/home/a/ws_nhk/install/moveit_ros_robot_interaction:/home/a/ws_nhk/install/moveit_ros_perception:/home/a/ws_nhk/install/moveit_planners_ompl:/home/a/ws_nhk/install/moveit_ros_planning:/home/a/ws_nhk/install/moveit_ros_occupancy_map_monitor:/home/a/ws_nhk/install/moveit_resources_prbt_ikfast_manipulator_plugin:/home/a/ws_nhk/install/moveit_planners_chomp:/home/a/ws_nhk/install/moveit_chomp_optimizer_adapter:/home/a/ws_nhk/install/chomp_motion_planner:/home/a/ws_nhk/install/moveit_core:/home/a/ws_nhk/install/srdfdom:/home/a/ws_nhk/install/rviz_marker_tools:/home/a/ws_nhk/install/rosparam_shortcuts:/home/a/ws_nhk/install/r2_odrive:/home/a/ws_nhk/install/nhk_bt:/home/a/ws_nhk/install/moveit_task_constructor_msgs:/home/a/ws_nhk/install/moveit_resources_prbt_support:/home/a/ws_nhk/install/moveit_resources:/home/a/ws_nhk/install/moveit_resources_pr2_description:/home/a/ws_nhk/install/moveit_resources_panda_moveit_config:/home/a/ws_nhk/install/moveit_resources_panda_description:/home/a/ws_nhk/install/moveit_resources_fanuc_moveit_config:/home/a/ws_nhk/install/moveit_resources_fanuc_description:/home/a/ws_nhk/install/moveit_common:/home/a/ws_nhk/install/dynamixel_sdk_examples:/home/a/ws_nhk/install/dynamixel_sdk_custom_interfaces:/home/a/ws_nhk/install/dynamixel_controller:/home/a/ws_nhk/install/dynamixel_sdk:/home/a/ws_nhk/install/arm_v20_description:/home/a/ws_nhk/install/arm_module_description:/home/a/ws_nhk/install/a_r2_description:/home/a/install/field_description_test:/home/a/ws_nhk/install/ikeyaMD_wizard:/home/a/ws_nhk/install/moveit_configs_utils:/home/a/ws_nhk/install/rogidrive:/home/a/ws_nhk/install/launch_param_builder:/home/a/ws_nhk/install/dynamixel_controller_gui:/home/a/ws_nhk/install/dynamixel_controller_client:/opt/ros/humble LD_LIBRARY_PATH=/home/a/ws_nhk/install/stm32_mavlink_msgs/lib:/home/a/ws_nhk/install/rogidrive_msg/lib:/home/a/ws_nhk/install/pilz_industrial_motion_planner/lib:/home/a/ws_nhk/install/moveit_task_constructor_visualization/lib:/home/a/ws_nhk/install/moveit_task_constructor_demo/lib:/home/a/ws_nhk/install/moveit_task_constructor_capabilities/lib:/home/a/ws_nhk/install/moveit_task_constructor_core/lib:/home/a/ws_nhk/install/moveit_setup_assistant/lib:/home/a/ws_nhk/install/moveit_setup_srdf_plugins/lib:/home/a/ws_nhk/install/moveit_setup_core_plugins/lib:/home/a/ws_nhk/install/moveit_setup_controllers/lib:/home/a/ws_nhk/install/moveit_setup_app_plugins/lib:/home/a/ws_nhk/install/moveit_setup_framework/lib:/home/a/ws_nhk/install/moveit_servo/lib:/home/a/ws_nhk/install/moveit_ros_visualization/lib:/home/a/ws_nhk/install/moveit_hybrid_planning/lib:/home/a/ws_nhk/install/moveit_ros_planning_interface/lib:/home/a/ws_nhk/install/moveit_ros_move_group/lib:/home/a/ws_nhk/install/moveit_kinematics/lib:/home/a/ws_nhk/install/trac_ik_kinematics_plugin/lib:/home/a/ws_nhk/install/trac_ik_lib/lib:/home/a/ws_nhk/install/pilz_industrial_motion_planner_testutils/lib:/home/a/ws_nhk/install/moveit_visual_tools/lib:/home/a/ws_nhk/install/moveit_ros_control_interface/lib:/home/a/ws_nhk/install/moveit_simple_controller_manager/lib:/home/a/ws_nhk/install/moveit_ros_benchmarks/lib:/home/a/ws_nhk/install/moveit_ros_warehouse/lib:/home/a/ws_nhk/install/moveit_ros_robot_interaction/lib:/home/a/ws_nhk/install/moveit_ros_perception/lib:/home/a/ws_nhk/install/moveit_planners_ompl/lib:/home/a/ws_nhk/install/moveit_ros_planning/lib:/home/a/ws_nhk/install/moveit_ros_occupancy_map_monitor/lib:/home/a/ws_nhk/install/moveit_resources_prbt_ikfast_manipulator_plugin/lib:/home/a/ws_nhk/install/moveit_planners_chomp/lib:/home/a/ws_nhk/install/moveit_chomp_optimizer_adapter/lib:/home/a/ws_nhk/install/chomp_motion_planner/lib:/home/a/ws_nhk/install/moveit_core/lib:/home/a/ws_nhk/install/srdfdom/lib:/home/a/ws_nhk/install/rviz_marker_tools/lib:/home/a/ws_nhk/install/rosparam_shortcuts/lib:/home/a/ws_nhk/install/moveit_task_constructor_msgs/lib:/home/a/ws_nhk/install/dynamixel_sdk_custom_interfaces/lib:/home/a/ws_nhk/install/dynamixel_controller/lib:/home/a/ws_nhk/install/dynamixel_sdk/lib:/usr/local/lib:/usr/lib/x86_64-linux-gnu/gazebo-11/plugins:/opt/ros/humble/opt/rviz_ogre_vendor/lib:/opt/ros/humble/lib/x86_64-linux-gnu:/opt/ros/humble/lib /usr/bin/cmake /home/a/ws_nhk/src/MAVLink_ros2/rs485_interface2 -DCMAKE_INSTALL_PREFIX=/home/a/ws_nhk/install/rs485_interface2[0m
[2.141s] [34mcolcon.colcon_core.event_handler.log_command[0m [1;30mDEBUG[0m [32mInvoking command in '/home/a/ws_nhk/build/rs485_motor_interface': CMAKE_PREFIX_PATH=/home/a/ws_nhk/install/stm32_mavlink_msgs:/home/a/ws_nhk/install/stm32_mavlink_udp:/home/a/ws_nhk/install/stm32_mavlink_uart:/home/a/ws_nhk/install/sakai_r2_config:/home/a/ws_nhk/install/moveit_runtime:/home/a/ws_nhk/install/moveit_r2_config:/home/a/ws_nhk/install/moveit_config:/home/a/ws_nhk/install/moveit2_tutorials:/home/a/ws_nhk/install/moveit:/home/a/ws_nhk/install/moveit_planners:/home/a/ws_nhk/install/pilz_industrial_motion_planner:/home/a/ws_nhk/install/moveit_task_constructor_visualization:/home/a/ws_nhk/install/moveit_task_constructor_demo:/home/a/ws_nhk/install/moveit_task_constructor_capabilities:/home/a/ws_nhk/install/moveit_task_constructor_core:/home/a/ws_nhk/install/moveit_setup_assistant:/home/a/ws_nhk/install/moveit_setup_srdf_plugins:/home/a/ws_nhk/install/moveit_setup_core_plugins:/home/a/ws_nhk/install/moveit_setup_controllers:/home/a/ws_nhk/install/moveit_setup_app_plugins:/home/a/ws_nhk/install/moveit_setup_framework:/home/a/ws_nhk/install/moveit_servo:/home/a/ws_nhk/install/moveit_ros:/home/a/ws_nhk/install/moveit_ros_visualization:/home/a/ws_nhk/install/moveit_hybrid_planning:/home/a/ws_nhk/install/moveit_ros_planning_interface:/home/a/ws_nhk/install/moveit_resources_prbt_pg70_support:/home/a/ws_nhk/install/moveit_resources_prbt_moveit_config:/home/a/ws_nhk/install/moveit_ros_move_group:/home/a/ws_nhk/install/moveit_kinematics:/home/a/ws_nhk/install/trac_ik:/home/a/ws_nhk/install/trac_ik_kinematics_plugin:/home/a/ws_nhk/install/trac_ik_lib:/home/a/ws_nhk/install/pilz_industrial_motion_planner_testutils:/home/a/ws_nhk/install/moveit_visual_tools:/home/a/ws_nhk/install/moveit_ros_control_interface:/home/a/ws_nhk/install/moveit_plugins:/home/a/ws_nhk/install/moveit_simple_controller_manager:/home/a/ws_nhk/install/moveit_ros_benchmarks:/home/a/ws_nhk/install/moveit_ros_warehouse:/home/a/ws_nhk/install/moveit_ros_robot_interaction:/home/a/ws_nhk/install/moveit_ros_perception:/home/a/ws_nhk/install/moveit_planners_ompl:/home/a/ws_nhk/install/moveit_ros_planning:/home/a/ws_nhk/install/moveit_ros_occupancy_map_monitor:/home/a/ws_nhk/install/moveit_resources_prbt_ikfast_manipulator_plugin:/home/a/ws_nhk/install/moveit_planners_chomp:/home/a/ws_nhk/install/moveit_chomp_optimizer_adapter:/home/a/ws_nhk/install/chomp_motion_planner:/home/a/ws_nhk/install/moveit_core:/home/a/ws_nhk/install/srdfdom:/home/a/ws_nhk/install/rviz_marker_tools:/home/a/ws_nhk/install/rosparam_shortcuts:/home/a/ws_nhk/install/r2_odrive:/home/a/ws_nhk/install/rogidrive_msg:/home/a/ws_nhk/install/nhk_bt:/home/a/ws_nhk/install/moveit_task_constructor_msgs:/home/a/ws_nhk/install/moveit_resources_prbt_support:/home/a/ws_nhk/install/moveit_resources:/home/a/ws_nhk/install/moveit_resources_pr2_description:/home/a/ws_nhk/install/moveit_resources_panda_moveit_config:/home/a/ws_nhk/install/moveit_resources_panda_description:/home/a/ws_nhk/install/moveit_resources_fanuc_moveit_config:/home/a/ws_nhk/install/moveit_resources_fanuc_description:/home/a/ws_nhk/install/moveit_common:/home/a/ws_nhk/install/dynamixel_sdk_examples:/home/a/ws_nhk/install/dynamixel_sdk_custom_interfaces:/home/a/ws_nhk/install/dynamixel_controller:/home/a/ws_nhk/install/dynamixel_sdk:/home/a/ws_nhk/install/arm_v20_description:/home/a/ws_nhk/install/arm_module_description:/home/a/ws_nhk/install/a_r2_description:/home/a/install/field_description_test:/home/a/ws_nhk/install/ikeyaMD_wizard:/home/a/ws_nhk/install/moveit_configs_utils:/home/a/ws_nhk/install/rogidrive:/home/a/ws_nhk/install/launch_param_builder:/home/a/ws_nhk/install/dynamixel_controller_gui:/home/a/ws_nhk/install/dynamixel_controller_client:/opt/ros/humble /usr/bin/cmake /home/a/ws_nhk/src/MAVLink_ros2/rs485_motor_interface -DCMAKE_INSTALL_PREFIX=/home/a/ws_nhk/install/rs485_motor_interface[0m
[2.143s] [34mcolcon.colcon_core.event_handler.log_command[0m [1;30mDEBUG[0m [32mInvoking command in '/home/a/ws_nhk/src/launch_param_builder': PYTHONPATH=/home/a/ws_nhk/build/launch_param_builder/prefix_override:/usr/lib/python3/dist-packages/colcon_core/task/python/colcon_distutils_commands:/home/a/ws_nhk/install/launch_param_builder/lib/python3.10/site-packages:${PYTHONPATH} /usr/bin/python3 -W ignore:setup.py install is deprecated -W ignore:easy_install command is deprecated setup.py egg_info --egg-base ../../build/launch_param_builder build --build-base /home/a/ws_nhk/build/launch_param_builder/build install --record /home/a/ws_nhk/build/launch_param_builder/install.log --single-version-externally-managed install_data[0m
[2.147s] [34mcolcon.colcon_core.environment[0m [1;30mLevel 1[0m checking '/home/a/ws_nhk/install/dynamixel_controller_client' for CMake module files
[2.148s] [34mcolcon.colcon_core.environment[0m [1;30mLevel 1[0m checking '/home/a/ws_nhk/install/dynamixel_controller_client' for CMake config files
[2.148s] [34mcolcon.colcon_core.event_handler.log_command[0m [1;30mDEBUG[0m [32mInvoking command in '/home/a/ws_nhk/build/stm32_mavlink_udp': CMAKE_PREFIX_PATH=/home/a/ws_nhk/install/stm32_mavlink_msgs:/home/a/ws_nhk/install/stm32_mavlink_udp:/home/a/ws_nhk/install/stm32_mavlink_uart:/home/a/ws_nhk/install/sakai_r2_config:/home/a/ws_nhk/install/moveit_runtime:/home/a/ws_nhk/install/moveit_r2_config:/home/a/ws_nhk/install/moveit_config:/home/a/ws_nhk/install/moveit2_tutorials:/home/a/ws_nhk/install/moveit:/home/a/ws_nhk/install/moveit_planners:/home/a/ws_nhk/install/pilz_industrial_motion_planner:/home/a/ws_nhk/install/moveit_task_constructor_visualization:/home/a/ws_nhk/install/moveit_task_constructor_demo:/home/a/ws_nhk/install/moveit_task_constructor_capabilities:/home/a/ws_nhk/install/moveit_task_constructor_core:/home/a/ws_nhk/install/moveit_setup_assistant:/home/a/ws_nhk/install/moveit_setup_srdf_plugins:/home/a/ws_nhk/install/moveit_setup_core_plugins:/home/a/ws_nhk/install/moveit_setup_controllers:/home/a/ws_nhk/install/moveit_setup_app_plugins:/home/a/ws_nhk/install/moveit_setup_framework:/home/a/ws_nhk/install/moveit_servo:/home/a/ws_nhk/install/moveit_ros:/home/a/ws_nhk/install/moveit_ros_visualization:/home/a/ws_nhk/install/moveit_hybrid_planning:/home/a/ws_nhk/install/moveit_ros_planning_interface:/home/a/ws_nhk/install/moveit_resources_prbt_pg70_support:/home/a/ws_nhk/install/moveit_resources_prbt_moveit_config:/home/a/ws_nhk/install/moveit_ros_move_group:/home/a/ws_nhk/install/moveit_kinematics:/home/a/ws_nhk/install/trac_ik:/home/a/ws_nhk/install/trac_ik_kinematics_plugin:/home/a/ws_nhk/install/trac_ik_lib:/home/a/ws_nhk/install/pilz_industrial_motion_planner_testutils:/home/a/ws_nhk/install/moveit_visual_tools:/home/a/ws_nhk/install/moveit_ros_control_interface:/home/a/ws_nhk/install/moveit_plugins:/home/a/ws_nhk/install/moveit_simple_controller_manager:/home/a/ws_nhk/install/moveit_ros_benchmarks:/home/a/ws_nhk/install/moveit_ros_warehouse:/home/a/ws_nhk/install/moveit_ros_robot_interaction:/home/a/ws_nhk/install/moveit_ros_perception:/home/a/ws_nhk/install/moveit_planners_ompl:/home/a/ws_nhk/install/moveit_ros_planning:/home/a/ws_nhk/install/moveit_ros_occupancy_map_monitor:/home/a/ws_nhk/install/moveit_resources_prbt_ikfast_manipulator_plugin:/home/a/ws_nhk/install/moveit_planners_chomp:/home/a/ws_nhk/install/moveit_chomp_optimizer_adapter:/home/a/ws_nhk/install/chomp_motion_planner:/home/a/ws_nhk/install/moveit_core:/home/a/ws_nhk/install/srdfdom:/home/a/ws_nhk/install/rviz_marker_tools:/home/a/ws_nhk/install/rosparam_shortcuts:/home/a/ws_nhk/install/r2_odrive:/home/a/ws_nhk/install/rogidrive_msg:/home/a/ws_nhk/install/nhk_bt:/home/a/ws_nhk/install/moveit_task_constructor_msgs:/home/a/ws_nhk/install/moveit_resources_prbt_support:/home/a/ws_nhk/install/moveit_resources:/home/a/ws_nhk/install/moveit_resources_pr2_description:/home/a/ws_nhk/install/moveit_resources_panda_moveit_config:/home/a/ws_nhk/install/moveit_resources_panda_description:/home/a/ws_nhk/install/moveit_resources_fanuc_moveit_config:/home/a/ws_nhk/install/moveit_resources_fanuc_description:/home/a/ws_nhk/install/moveit_common:/home/a/ws_nhk/install/dynamixel_sdk_examples:/home/a/ws_nhk/install/dynamixel_sdk_custom_interfaces:/home/a/ws_nhk/install/dynamixel_controller:/home/a/ws_nhk/install/dynamixel_sdk:/home/a/ws_nhk/install/arm_v20_description:/home/a/ws_nhk/install/arm_module_description:/home/a/ws_nhk/install/a_r2_description:/home/a/install/field_description_test:/home/a/ws_nhk/install/ikeyaMD_wizard:/home/a/ws_nhk/install/moveit_configs_utils:/home/a/ws_nhk/install/rogidrive:/home/a/ws_nhk/install/launch_param_builder:/home/a/ws_nhk/install/dynamixel_controller_gui:/home/a/ws_nhk/install/dynamixel_controller_client:/opt/ros/humble /usr/bin/cmake --build /home/a/ws_nhk/build/stm32_mavlink_udp -- -j22 -l22[0m
[2.149s] [34mcolcon.colcon_core.event_handler.log_command[0m [1;30mDEBUG[0m [32mInvoked command in '/home/a/ws_nhk/src/dynamixel_ros2/dynamixel_controller_client' returned '0': PYTHONPATH=/home/a/ws_nhk/build/dynamixel_controller_client/prefix_override:/usr/lib/python3/dist-packages/colcon_core/task/python/colcon_distutils_commands:/home/a/ws_nhk/install/dynamixel_controller_client/lib/python3.10/site-packages:${PYTHONPATH} /usr/bin/python3 -W ignore:setup.py install is deprecated -W ignore:easy_install command is deprecated setup.py egg_info --egg-base ../../../build/dynamixel_controller_client build --build-base /home/a/ws_nhk/build/dynamixel_controller_client/build install --record /home/a/ws_nhk/build/dynamixel_controller_client/install.log --single-version-externally-managed install_data[0m
[2.149s] [34mcolcon.colcon_core.environment[0m [1;30mLevel 1[0m checking '/home/a/ws_nhk/install/dynamixel_controller_client/lib'
[2.150s] [34mcolcon.colcon_core.environment[0m [1;30mLevel 1[0m checking '/home/a/ws_nhk/install/dynamixel_controller_client/bin'
[2.150s] [34mcolcon.colcon_core.environment[0m [1;30mLevel 1[0m checking '/home/a/ws_nhk/install/dynamixel_controller_client/lib/pkgconfig/dynamixel_controller_client.pc'
[2.150s] [34mcolcon.colcon_core.environment[0m [1;30mLevel 1[0m checking '/home/a/ws_nhk/install/dynamixel_controller_client/lib/python3.10/site-packages'
[2.150s] [34mcolcon.colcon_core.shell[0m [1;30mLevel 1[0m create_environment_hook('dynamixel_controller_client', 'pythonpath')
[2.150s] [34mcolcon.colcon_core.shell[0m [1;30mINFO[0m Creating environment hook '/home/a/ws_nhk/install/dynamixel_controller_client/share/dynamixel_controller_client/hook/pythonpath.ps1'
[2.151s] [34mcolcon.colcon_core.shell[0m [1;30mINFO[0m Creating environment descriptor '/home/a/ws_nhk/install/dynamixel_controller_client/share/dynamixel_controller_client/hook/pythonpath.dsv'
[2.152s] [34mcolcon.colcon_core.shell[0m [1;30mINFO[0m Creating environment hook '/home/a/ws_nhk/install/dynamixel_controller_client/share/dynamixel_controller_client/hook/pythonpath.sh'
[2.153s] [34mcolcon.colcon_core.environment[0m [1;30mLevel 1[0m checking '/home/a/ws_nhk/install/dynamixel_controller_client/bin'
[2.153s] [34mcolcon.colcon_core.environment[0m [1;30mLevel 1[0m create_environment_scripts_only(dynamixel_controller_client)
[2.153s] [34mcolcon.colcon_core.shell[0m [1;30mINFO[0m Creating package script '/home/a/ws_nhk/install/dynamixel_controller_client/share/dynamixel_controller_client/package.ps1'
[2.154s] [34mcolcon.colcon_core.shell[0m [1;30mINFO[0m Creating package descriptor '/home/a/ws_nhk/install/dynamixel_controller_client/share/dynamixel_controller_client/package.dsv'
[2.154s] [34mcolcon.colcon_core.shell[0m [1;30mINFO[0m Creating package script '/home/a/ws_nhk/install/dynamixel_controller_client/share/dynamixel_controller_client/package.sh'
[2.155s] [34mcolcon.colcon_core.shell[0m [1;30mINFO[0m Creating package script '/home/a/ws_nhk/install/dynamixel_controller_client/share/dynamixel_controller_client/package.bash'
[2.155s] [34mcolcon.colcon_core.shell[0m [1;30mINFO[0m Creating package script '/home/a/ws_nhk/install/dynamixel_controller_client/share/dynamixel_controller_client/package.zsh'
[2.156s] [34mcolcon.colcon_core.environment[0m [1;30mLevel 1[0m create_file_with_runtime_dependencies(/home/a/ws_nhk/install/dynamixel_controller_client/share/colcon-core/packages/dynamixel_controller_client)
[2.170s] [34mcolcon.colcon_core.event_handler.log_command[0m [1;30mDEBUG[0m [32mInvoking command in '/home/a/ws_nhk/build/moveit_core': CMAKE_PREFIX_PATH=/home/a/ws_nhk/install/moveit_resources_panda_moveit_config:/home/a/ws_nhk/install/srdfdom:/home/a/ws_nhk/install/moveit_resources_pr2_description:/home/a/ws_nhk/install/moveit_resources_panda_description:/home/a/ws_nhk/install/moveit_common:/home/a/ws_nhk/install/stm32_mavlink_udp:/home/a/ws_nhk/install/stm32_mavlink_uart:/home/a/ws_nhk/install/stm32_mavlink_msgs:/home/a/ws_nhk/install/sakai_r2_config:/home/a/ws_nhk/install/moveit_runtime:/home/a/ws_nhk/install/moveit_r2_config:/home/a/ws_nhk/install/moveit_config:/home/a/ws_nhk/install/moveit2_tutorials:/home/a/ws_nhk/install/moveit:/home/a/ws_nhk/install/moveit_planners:/home/a/ws_nhk/install/pilz_industrial_motion_planner:/home/a/ws_nhk/install/moveit_task_constructor_visualization:/home/a/ws_nhk/install/moveit_task_constructor_demo:/home/a/ws_nhk/install/moveit_task_constructor_capabilities:/home/a/ws_nhk/install/moveit_task_constructor_core:/home/a/ws_nhk/install/moveit_setup_assistant:/home/a/ws_nhk/install/moveit_setup_srdf_plugins:/home/a/ws_nhk/install/moveit_setup_core_plugins:/home/a/ws_nhk/install/moveit_setup_controllers:/home/a/ws_nhk/install/moveit_setup_app_plugins:/home/a/ws_nhk/install/moveit_setup_framework:/home/a/ws_nhk/install/moveit_servo:/home/a/ws_nhk/install/moveit_ros:/home/a/ws_nhk/install/moveit_ros_visualization:/home/a/ws_nhk/install/moveit_hybrid_planning:/home/a/ws_nhk/install/moveit_ros_planning_interface:/home/a/ws_nhk/install/moveit_resources_prbt_pg70_support:/home/a/ws_nhk/install/moveit_resources_prbt_moveit_config:/home/a/ws_nhk/install/moveit_ros_move_group:/home/a/ws_nhk/install/moveit_kinematics:/home/a/ws_nhk/install/trac_ik:/home/a/ws_nhk/install/trac_ik_kinematics_plugin:/home/a/ws_nhk/install/trac_ik_lib:/home/a/ws_nhk/install/pilz_industrial_motion_planner_testutils:/home/a/ws_nhk/install/moveit_visual_tools:/home/a/ws_nhk/install/moveit_ros_control_interface:/home/a/ws_nhk/install/moveit_plugins:/home/a/ws_nhk/install/moveit_simple_controller_manager:/home/a/ws_nhk/install/moveit_ros_benchmarks:/home/a/ws_nhk/install/moveit_ros_warehouse:/home/a/ws_nhk/install/moveit_ros_robot_interaction:/home/a/ws_nhk/install/moveit_ros_perception:/home/a/ws_nhk/install/moveit_planners_ompl:/home/a/ws_nhk/install/moveit_ros_planning:/home/a/ws_nhk/install/moveit_ros_occupancy_map_monitor:/home/a/ws_nhk/install/moveit_resources_prbt_ikfast_manipulator_plugin:/home/a/ws_nhk/install/moveit_planners_chomp:/home/a/ws_nhk/install/moveit_chomp_optimizer_adapter:/home/a/ws_nhk/install/chomp_motion_planner:/home/a/ws_nhk/install/moveit_core:/home/a/ws_nhk/install/rviz_marker_tools:/home/a/ws_nhk/install/rosparam_shortcuts:/home/a/ws_nhk/install/r2_odrive:/home/a/ws_nhk/install/rogidrive_msg:/home/a/ws_nhk/install/nhk_bt:/home/a/ws_nhk/install/moveit_task_constructor_msgs:/home/a/ws_nhk/install/moveit_resources_prbt_support:/home/a/ws_nhk/install/moveit_resources:/home/a/ws_nhk/install/moveit_resources_fanuc_moveit_config:/home/a/ws_nhk/install/moveit_resources_fanuc_description:/home/a/ws_nhk/install/dynamixel_sdk_examples:/home/a/ws_nhk/install/dynamixel_sdk_custom_interfaces:/home/a/ws_nhk/install/dynamixel_controller:/home/a/ws_nhk/install/dynamixel_sdk:/home/a/ws_nhk/install/arm_v20_description:/home/a/ws_nhk/install/arm_module_description:/home/a/ws_nhk/install/a_r2_description:/home/a/install/field_description_test:/home/a/ws_nhk/install/ikeyaMD_wizard:/home/a/ws_nhk/install/moveit_configs_utils:/home/a/ws_nhk/install/rogidrive:/home/a/ws_nhk/install/launch_param_builder:/home/a/ws_nhk/install/dynamixel_controller_gui:/home/a/ws_nhk/install/dynamixel_controller_client:/opt/ros/humble LD_LIBRARY_PATH=/home/a/ws_nhk/install/srdfdom/lib:/home/a/ws_nhk/install/stm32_mavlink_msgs/lib:/home/a/ws_nhk/install/pilz_industrial_motion_planner/lib:/home/a/ws_nhk/install/moveit_task_constructor_visualization/lib:/home/a/ws_nhk/install/moveit_task_constructor_demo/lib:/home/a/ws_nhk/install/moveit_task_constructor_capabilities/lib:/home/a/ws_nhk/install/moveit_task_constructor_core/lib:/home/a/ws_nhk/install/moveit_setup_assistant/lib:/home/a/ws_nhk/install/moveit_setup_srdf_plugins/lib:/home/a/ws_nhk/install/moveit_setup_core_plugins/lib:/home/a/ws_nhk/install/moveit_setup_controllers/lib:/home/a/ws_nhk/install/moveit_setup_app_plugins/lib:/home/a/ws_nhk/install/moveit_setup_framework/lib:/home/a/ws_nhk/install/moveit_servo/lib:/home/a/ws_nhk/install/moveit_ros_visualization/lib:/home/a/ws_nhk/install/moveit_hybrid_planning/lib:/home/a/ws_nhk/install/moveit_ros_planning_interface/lib:/home/a/ws_nhk/install/moveit_ros_move_group/lib:/home/a/ws_nhk/install/moveit_kinematics/lib:/home/a/ws_nhk/install/trac_ik_kinematics_plugin/lib:/home/a/ws_nhk/install/trac_ik_lib/lib:/home/a/ws_nhk/install/pilz_industrial_motion_planner_testutils/lib:/home/a/ws_nhk/install/moveit_visual_tools/lib:/home/a/ws_nhk/install/moveit_ros_control_interface/lib:/home/a/ws_nhk/install/moveit_simple_controller_manager/lib:/home/a/ws_nhk/install/moveit_ros_benchmarks/lib:/home/a/ws_nhk/install/moveit_ros_warehouse/lib:/home/a/ws_nhk/install/moveit_ros_robot_interaction/lib:/home/a/ws_nhk/install/moveit_ros_perception/lib:/home/a/ws_nhk/install/moveit_planners_ompl/lib:/home/a/ws_nhk/install/moveit_ros_planning/lib:/home/a/ws_nhk/install/moveit_ros_occupancy_map_monitor/lib:/home/a/ws_nhk/install/moveit_resources_prbt_ikfast_manipulator_plugin/lib:/home/a/ws_nhk/install/moveit_planners_chomp/lib:/home/a/ws_nhk/install/moveit_chomp_optimizer_adapter/lib:/home/a/ws_nhk/install/chomp_motion_planner/lib:/home/a/ws_nhk/install/moveit_core/lib:/home/a/ws_nhk/install/rviz_marker_tools/lib:/home/a/ws_nhk/install/rosparam_shortcuts/lib:/home/a/ws_nhk/install/rogidrive_msg/lib:/home/a/ws_nhk/install/moveit_task_constructor_msgs/lib:/home/a/ws_nhk/install/dynamixel_sdk_custom_interfaces/lib:/home/a/ws_nhk/install/dynamixel_controller/lib:/home/a/ws_nhk/install/dynamixel_sdk/lib:/usr/local/lib:/usr/lib/x86_64-linux-gnu/gazebo-11/plugins:/opt/ros/humble/opt/rviz_ogre_vendor/lib:/opt/ros/humble/lib/x86_64-linux-gnu:/opt/ros/humble/lib /usr/bin/cmake --build /home/a/ws_nhk/build/moveit_core -- -j22 -l22[0m
[2.177s] [34mcolcon.colcon_core.event_handler.log_command[0m [1;30mDEBUG[0m [32mInvoking command in '/home/a/ws_nhk/build/moveit_resources': CMAKE_PREFIX_PATH=/home/a/ws_nhk/install/moveit_resources_panda_moveit_config:/home/a/ws_nhk/install/moveit_resources_fanuc_moveit_config:/home/a/ws_nhk/install/moveit_resources_pr2_description:/home/a/ws_nhk/install/moveit_resources_panda_description:/home/a/ws_nhk/install/moveit_resources_fanuc_description:/home/a/ws_nhk/install/stm32_mavlink_udp:/home/a/ws_nhk/install/stm32_mavlink_uart:/home/a/ws_nhk/install/stm32_mavlink_msgs:/home/a/ws_nhk/install/sakai_r2_config:/home/a/ws_nhk/install/moveit_runtime:/home/a/ws_nhk/install/moveit_r2_config:/home/a/ws_nhk/install/moveit_config:/home/a/ws_nhk/install/moveit2_tutorials:/home/a/ws_nhk/install/moveit:/home/a/ws_nhk/install/moveit_planners:/home/a/ws_nhk/install/pilz_industrial_motion_planner:/home/a/ws_nhk/install/moveit_task_constructor_visualization:/home/a/ws_nhk/install/moveit_task_constructor_demo:/home/a/ws_nhk/install/moveit_task_constructor_capabilities:/home/a/ws_nhk/install/moveit_task_constructor_core:/home/a/ws_nhk/install/moveit_setup_assistant:/home/a/ws_nhk/install/moveit_setup_srdf_plugins:/home/a/ws_nhk/install/moveit_setup_core_plugins:/home/a/ws_nhk/install/moveit_setup_controllers:/home/a/ws_nhk/install/moveit_setup_app_plugins:/home/a/ws_nhk/install/moveit_setup_framework:/home/a/ws_nhk/install/moveit_servo:/home/a/ws_nhk/install/moveit_ros:/home/a/ws_nhk/install/moveit_ros_visualization:/home/a/ws_nhk/install/moveit_hybrid_planning:/home/a/ws_nhk/install/moveit_ros_planning_interface:/home/a/ws_nhk/install/moveit_resources_prbt_pg70_support:/home/a/ws_nhk/install/moveit_resources_prbt_moveit_config:/home/a/ws_nhk/install/moveit_ros_move_group:/home/a/ws_nhk/install/moveit_kinematics:/home/a/ws_nhk/install/trac_ik:/home/a/ws_nhk/install/trac_ik_kinematics_plugin:/home/a/ws_nhk/install/trac_ik_lib:/home/a/ws_nhk/install/pilz_industrial_motion_planner_testutils:/home/a/ws_nhk/install/moveit_visual_tools:/home/a/ws_nhk/install/moveit_ros_control_interface:/home/a/ws_nhk/install/moveit_plugins:/home/a/ws_nhk/install/moveit_simple_controller_manager:/home/a/ws_nhk/install/moveit_ros_benchmarks:/home/a/ws_nhk/install/moveit_ros_warehouse:/home/a/ws_nhk/install/moveit_ros_robot_interaction:/home/a/ws_nhk/install/moveit_ros_perception:/home/a/ws_nhk/install/moveit_planners_ompl:/home/a/ws_nhk/install/moveit_ros_planning:/home/a/ws_nhk/install/moveit_ros_occupancy_map_monitor:/home/a/ws_nhk/install/moveit_resources_prbt_ikfast_manipulator_plugin:/home/a/ws_nhk/install/moveit_planners_chomp:/home/a/ws_nhk/install/moveit_chomp_optimizer_adapter:/home/a/ws_nhk/install/chomp_motion_planner:/home/a/ws_nhk/install/moveit_core:/home/a/ws_nhk/install/srdfdom:/home/a/ws_nhk/install/rviz_marker_tools:/home/a/ws_nhk/install/rosparam_shortcuts:/home/a/ws_nhk/install/r2_odrive:/home/a/ws_nhk/install/rogidrive_msg:/home/a/ws_nhk/install/nhk_bt:/home/a/ws_nhk/install/moveit_task_constructor_msgs:/home/a/ws_nhk/install/moveit_resources_prbt_support:/home/a/ws_nhk/install/moveit_resources:/home/a/ws_nhk/install/moveit_common:/home/a/ws_nhk/install/dynamixel_sdk_examples:/home/a/ws_nhk/install/dynamixel_sdk_custom_interfaces:/home/a/ws_nhk/install/dynamixel_controller:/home/a/ws_nhk/install/dynamixel_sdk:/home/a/ws_nhk/install/arm_v20_description:/home/a/ws_nhk/install/arm_module_description:/home/a/ws_nhk/install/a_r2_description:/home/a/install/field_description_test:/home/a/ws_nhk/install/ikeyaMD_wizard:/home/a/ws_nhk/install/moveit_configs_utils:/home/a/ws_nhk/install/rogidrive:/home/a/ws_nhk/install/launch_param_builder:/home/a/ws_nhk/install/dynamixel_controller_gui:/home/a/ws_nhk/install/dynamixel_controller_client:/opt/ros/humble /usr/bin/cmake --build /home/a/ws_nhk/build/moveit_resources -- -j22 -l22[0m
[2.278s] [34mcolcon.colcon_core.event_handler.log_command[0m [1;30mDEBUG[0m [32mInvoked command in '/home/a/ws_nhk/build/moveit_resources' returned '0': CMAKE_PREFIX_PATH=/home/a/ws_nhk/install/moveit_resources_panda_moveit_config:/home/a/ws_nhk/install/moveit_resources_fanuc_moveit_config:/home/a/ws_nhk/install/moveit_resources_pr2_description:/home/a/ws_nhk/install/moveit_resources_panda_description:/home/a/ws_nhk/install/moveit_resources_fanuc_description:/home/a/ws_nhk/install/stm32_mavlink_udp:/home/a/ws_nhk/install/stm32_mavlink_uart:/home/a/ws_nhk/install/stm32_mavlink_msgs:/home/a/ws_nhk/install/sakai_r2_config:/home/a/ws_nhk/install/moveit_runtime:/home/a/ws_nhk/install/moveit_r2_config:/home/a/ws_nhk/install/moveit_config:/home/a/ws_nhk/install/moveit2_tutorials:/home/a/ws_nhk/install/moveit:/home/a/ws_nhk/install/moveit_planners:/home/a/ws_nhk/install/pilz_industrial_motion_planner:/home/a/ws_nhk/install/moveit_task_constructor_visualization:/home/a/ws_nhk/install/moveit_task_constructor_demo:/home/a/ws_nhk/install/moveit_task_constructor_capabilities:/home/a/ws_nhk/install/moveit_task_constructor_core:/home/a/ws_nhk/install/moveit_setup_assistant:/home/a/ws_nhk/install/moveit_setup_srdf_plugins:/home/a/ws_nhk/install/moveit_setup_core_plugins:/home/a/ws_nhk/install/moveit_setup_controllers:/home/a/ws_nhk/install/moveit_setup_app_plugins:/home/a/ws_nhk/install/moveit_setup_framework:/home/a/ws_nhk/install/moveit_servo:/home/a/ws_nhk/install/moveit_ros:/home/a/ws_nhk/install/moveit_ros_visualization:/home/a/ws_nhk/install/moveit_hybrid_planning:/home/a/ws_nhk/install/moveit_ros_planning_interface:/home/a/ws_nhk/install/moveit_resources_prbt_pg70_support:/home/a/ws_nhk/install/moveit_resources_prbt_moveit_config:/home/a/ws_nhk/install/moveit_ros_move_group:/home/a/ws_nhk/install/moveit_kinematics:/home/a/ws_nhk/install/trac_ik:/home/a/ws_nhk/install/trac_ik_kinematics_plugin:/home/a/ws_nhk/install/trac_ik_lib:/home/a/ws_nhk/install/pilz_industrial_motion_planner_testutils:/home/a/ws_nhk/install/moveit_visual_tools:/home/a/ws_nhk/install/moveit_ros_control_interface:/home/a/ws_nhk/install/moveit_plugins:/home/a/ws_nhk/install/moveit_simple_controller_manager:/home/a/ws_nhk/install/moveit_ros_benchmarks:/home/a/ws_nhk/install/moveit_ros_warehouse:/home/a/ws_nhk/install/moveit_ros_robot_interaction:/home/a/ws_nhk/install/moveit_ros_perception:/home/a/ws_nhk/install/moveit_planners_ompl:/home/a/ws_nhk/install/moveit_ros_planning:/home/a/ws_nhk/install/moveit_ros_occupancy_map_monitor:/home/a/ws_nhk/install/moveit_resources_prbt_ikfast_manipulator_plugin:/home/a/ws_nhk/install/moveit_planners_chomp:/home/a/ws_nhk/install/moveit_chomp_optimizer_adapter:/home/a/ws_nhk/install/chomp_motion_planner:/home/a/ws_nhk/install/moveit_core:/home/a/ws_nhk/install/srdfdom:/home/a/ws_nhk/install/rviz_marker_tools:/home/a/ws_nhk/install/rosparam_shortcuts:/home/a/ws_nhk/install/r2_odrive:/home/a/ws_nhk/install/rogidrive_msg:/home/a/ws_nhk/install/nhk_bt:/home/a/ws_nhk/install/moveit_task_constructor_msgs:/home/a/ws_nhk/install/moveit_resources_prbt_support:/home/a/ws_nhk/install/moveit_resources:/home/a/ws_nhk/install/moveit_common:/home/a/ws_nhk/install/dynamixel_sdk_examples:/home/a/ws_nhk/install/dynamixel_sdk_custom_interfaces:/home/a/ws_nhk/install/dynamixel_controller:/home/a/ws_nhk/install/dynamixel_sdk:/home/a/ws_nhk/install/arm_v20_description:/home/a/ws_nhk/install/arm_module_description:/home/a/ws_nhk/install/a_r2_description:/home/a/install/field_description_test:/home/a/ws_nhk/install/ikeyaMD_wizard:/home/a/ws_nhk/install/moveit_configs_utils:/home/a/ws_nhk/install/rogidrive:/home/a/ws_nhk/install/launch_param_builder:/home/a/ws_nhk/install/dynamixel_controller_gui:/home/a/ws_nhk/install/dynamixel_controller_client:/opt/ros/humble /usr/bin/cmake --build /home/a/ws_nhk/build/moveit_resources -- -j22 -l22[0m
[2.279s] [34mcolcon.colcon_core.event_handler.log_command[0m [1;30mDEBUG[0m [32mInvoking command in '/home/a/ws_nhk/build/moveit_resources': CMAKE_PREFIX_PATH=/home/a/ws_nhk/install/moveit_resources_panda_moveit_config:/home/a/ws_nhk/install/moveit_resources_fanuc_moveit_config:/home/a/ws_nhk/install/moveit_resources_pr2_description:/home/a/ws_nhk/install/moveit_resources_panda_description:/home/a/ws_nhk/install/moveit_resources_fanuc_description:/home/a/ws_nhk/install/stm32_mavlink_udp:/home/a/ws_nhk/install/stm32_mavlink_uart:/home/a/ws_nhk/install/stm32_mavlink_msgs:/home/a/ws_nhk/install/sakai_r2_config:/home/a/ws_nhk/install/moveit_runtime:/home/a/ws_nhk/install/moveit_r2_config:/home/a/ws_nhk/install/moveit_config:/home/a/ws_nhk/install/moveit2_tutorials:/home/a/ws_nhk/install/moveit:/home/a/ws_nhk/install/moveit_planners:/home/a/ws_nhk/install/pilz_industrial_motion_planner:/home/a/ws_nhk/install/moveit_task_constructor_visualization:/home/a/ws_nhk/install/moveit_task_constructor_demo:/home/a/ws_nhk/install/moveit_task_constructor_capabilities:/home/a/ws_nhk/install/moveit_task_constructor_core:/home/a/ws_nhk/install/moveit_setup_assistant:/home/a/ws_nhk/install/moveit_setup_srdf_plugins:/home/a/ws_nhk/install/moveit_setup_core_plugins:/home/a/ws_nhk/install/moveit_setup_controllers:/home/a/ws_nhk/install/moveit_setup_app_plugins:/home/a/ws_nhk/install/moveit_setup_framework:/home/a/ws_nhk/install/moveit_servo:/home/a/ws_nhk/install/moveit_ros:/home/a/ws_nhk/install/moveit_ros_visualization:/home/a/ws_nhk/install/moveit_hybrid_planning:/home/a/ws_nhk/install/moveit_ros_planning_interface:/home/a/ws_nhk/install/moveit_resources_prbt_pg70_support:/home/a/ws_nhk/install/moveit_resources_prbt_moveit_config:/home/a/ws_nhk/install/moveit_ros_move_group:/home/a/ws_nhk/install/moveit_kinematics:/home/a/ws_nhk/install/trac_ik:/home/a/ws_nhk/install/trac_ik_kinematics_plugin:/home/a/ws_nhk/install/trac_ik_lib:/home/a/ws_nhk/install/pilz_industrial_motion_planner_testutils:/home/a/ws_nhk/install/moveit_visual_tools:/home/a/ws_nhk/install/moveit_ros_control_interface:/home/a/ws_nhk/install/moveit_plugins:/home/a/ws_nhk/install/moveit_simple_controller_manager:/home/a/ws_nhk/install/moveit_ros_benchmarks:/home/a/ws_nhk/install/moveit_ros_warehouse:/home/a/ws_nhk/install/moveit_ros_robot_interaction:/home/a/ws_nhk/install/moveit_ros_perception:/home/a/ws_nhk/install/moveit_planners_ompl:/home/a/ws_nhk/install/moveit_ros_planning:/home/a/ws_nhk/install/moveit_ros_occupancy_map_monitor:/home/a/ws_nhk/install/moveit_resources_prbt_ikfast_manipulator_plugin:/home/a/ws_nhk/install/moveit_planners_chomp:/home/a/ws_nhk/install/moveit_chomp_optimizer_adapter:/home/a/ws_nhk/install/chomp_motion_planner:/home/a/ws_nhk/install/moveit_core:/home/a/ws_nhk/install/srdfdom:/home/a/ws_nhk/install/rviz_marker_tools:/home/a/ws_nhk/install/rosparam_shortcuts:/home/a/ws_nhk/install/r2_odrive:/home/a/ws_nhk/install/rogidrive_msg:/home/a/ws_nhk/install/nhk_bt:/home/a/ws_nhk/install/moveit_task_constructor_msgs:/home/a/ws_nhk/install/moveit_resources_prbt_support:/home/a/ws_nhk/install/moveit_resources:/home/a/ws_nhk/install/moveit_common:/home/a/ws_nhk/install/dynamixel_sdk_examples:/home/a/ws_nhk/install/dynamixel_sdk_custom_interfaces:/home/a/ws_nhk/install/dynamixel_controller:/home/a/ws_nhk/install/dynamixel_sdk:/home/a/ws_nhk/install/arm_v20_description:/home/a/ws_nhk/install/arm_module_description:/home/a/ws_nhk/install/a_r2_description:/home/a/install/field_description_test:/home/a/ws_nhk/install/ikeyaMD_wizard:/home/a/ws_nhk/install/moveit_configs_utils:/home/a/ws_nhk/install/rogidrive:/home/a/ws_nhk/install/launch_param_builder:/home/a/ws_nhk/install/dynamixel_controller_gui:/home/a/ws_nhk/install/dynamixel_controller_client:/opt/ros/humble /usr/bin/cmake --install /home/a/ws_nhk/build/moveit_resources[0m
[2.293s] [34mcolcon.colcon_core.event_handler.log_command[0m [1;30mDEBUG[0m [32mInvoked command in '/home/a/ws_nhk/build/stm32_mavlink_uart' returned '0': CMAKE_PREFIX_PATH=/home/a/ws_nhk/install/stm32_mavlink_msgs:/home/a/ws_nhk/install/stm32_mavlink_udp:/home/a/ws_nhk/install/stm32_mavlink_uart:/home/a/ws_nhk/install/sakai_r2_config:/home/a/ws_nhk/install/moveit_runtime:/home/a/ws_nhk/install/moveit_r2_config:/home/a/ws_nhk/install/moveit_config:/home/a/ws_nhk/install/moveit2_tutorials:/home/a/ws_nhk/install/moveit:/home/a/ws_nhk/install/moveit_planners:/home/a/ws_nhk/install/pilz_industrial_motion_planner:/home/a/ws_nhk/install/moveit_task_constructor_visualization:/home/a/ws_nhk/install/moveit_task_constructor_demo:/home/a/ws_nhk/install/moveit_task_constructor_capabilities:/home/a/ws_nhk/install/moveit_task_constructor_core:/home/a/ws_nhk/install/moveit_setup_assistant:/home/a/ws_nhk/install/moveit_setup_srdf_plugins:/home/a/ws_nhk/install/moveit_setup_core_plugins:/home/a/ws_nhk/install/moveit_setup_controllers:/home/a/ws_nhk/install/moveit_setup_app_plugins:/home/a/ws_nhk/install/moveit_setup_framework:/home/a/ws_nhk/install/moveit_servo:/home/a/ws_nhk/install/moveit_ros:/home/a/ws_nhk/install/moveit_ros_visualization:/home/a/ws_nhk/install/moveit_hybrid_planning:/home/a/ws_nhk/install/moveit_ros_planning_interface:/home/a/ws_nhk/install/moveit_resources_prbt_pg70_support:/home/a/ws_nhk/install/moveit_resources_prbt_moveit_config:/home/a/ws_nhk/install/moveit_ros_move_group:/home/a/ws_nhk/install/moveit_kinematics:/home/a/ws_nhk/install/trac_ik:/home/a/ws_nhk/install/trac_ik_kinematics_plugin:/home/a/ws_nhk/install/trac_ik_lib:/home/a/ws_nhk/install/pilz_industrial_motion_planner_testutils:/home/a/ws_nhk/install/moveit_visual_tools:/home/a/ws_nhk/install/moveit_ros_control_interface:/home/a/ws_nhk/install/moveit_plugins:/home/a/ws_nhk/install/moveit_simple_controller_manager:/home/a/ws_nhk/install/moveit_ros_benchmarks:/home/a/ws_nhk/install/moveit_ros_warehouse:/home/a/ws_nhk/install/moveit_ros_robot_interaction:/home/a/ws_nhk/install/moveit_ros_perception:/home/a/ws_nhk/install/moveit_planners_ompl:/home/a/ws_nhk/install/moveit_ros_planning:/home/a/ws_nhk/install/moveit_ros_occupancy_map_monitor:/home/a/ws_nhk/install/moveit_resources_prbt_ikfast_manipulator_plugin:/home/a/ws_nhk/install/moveit_planners_chomp:/home/a/ws_nhk/install/moveit_chomp_optimizer_adapter:/home/a/ws_nhk/install/chomp_motion_planner:/home/a/ws_nhk/install/moveit_core:/home/a/ws_nhk/install/srdfdom:/home/a/ws_nhk/install/rviz_marker_tools:/home/a/ws_nhk/install/rosparam_shortcuts:/home/a/ws_nhk/install/r2_odrive:/home/a/ws_nhk/install/rogidrive_msg:/home/a/ws_nhk/install/nhk_bt:/home/a/ws_nhk/install/moveit_task_constructor_msgs:/home/a/ws_nhk/install/moveit_resources_prbt_support:/home/a/ws_nhk/install/moveit_resources:/home/a/ws_nhk/install/moveit_resources_pr2_description:/home/a/ws_nhk/install/moveit_resources_panda_moveit_config:/home/a/ws_nhk/install/moveit_resources_panda_description:/home/a/ws_nhk/install/moveit_resources_fanuc_moveit_config:/home/a/ws_nhk/install/moveit_resources_fanuc_description:/home/a/ws_nhk/install/moveit_common:/home/a/ws_nhk/install/dynamixel_sdk_examples:/home/a/ws_nhk/install/dynamixel_sdk_custom_interfaces:/home/a/ws_nhk/install/dynamixel_controller:/home/a/ws_nhk/install/dynamixel_sdk:/home/a/ws_nhk/install/arm_v20_description:/home/a/ws_nhk/install/arm_module_description:/home/a/ws_nhk/install/a_r2_description:/home/a/install/field_description_test:/home/a/ws_nhk/install/ikeyaMD_wizard:/home/a/ws_nhk/install/moveit_configs_utils:/home/a/ws_nhk/install/rogidrive:/home/a/ws_nhk/install/launch_param_builder:/home/a/ws_nhk/install/dynamixel_controller_gui:/home/a/ws_nhk/install/dynamixel_controller_client:/opt/ros/humble /usr/bin/cmake --build /home/a/ws_nhk/build/stm32_mavlink_uart -- -j22 -l22[0m
[2.294s] [34mcolcon.colcon_core.event_handler.log_command[0m [1;30mDEBUG[0m [32mInvoking command in '/home/a/ws_nhk/build/stm32_mavlink_uart': CMAKE_PREFIX_PATH=/home/a/ws_nhk/install/stm32_mavlink_msgs:/home/a/ws_nhk/install/stm32_mavlink_udp:/home/a/ws_nhk/install/stm32_mavlink_uart:/home/a/ws_nhk/install/sakai_r2_config:/home/a/ws_nhk/install/moveit_runtime:/home/a/ws_nhk/install/moveit_r2_config:/home/a/ws_nhk/install/moveit_config:/home/a/ws_nhk/install/moveit2_tutorials:/home/a/ws_nhk/install/moveit:/home/a/ws_nhk/install/moveit_planners:/home/a/ws_nhk/install/pilz_industrial_motion_planner:/home/a/ws_nhk/install/moveit_task_constructor_visualization:/home/a/ws_nhk/install/moveit_task_constructor_demo:/home/a/ws_nhk/install/moveit_task_constructor_capabilities:/home/a/ws_nhk/install/moveit_task_constructor_core:/home/a/ws_nhk/install/moveit_setup_assistant:/home/a/ws_nhk/install/moveit_setup_srdf_plugins:/home/a/ws_nhk/install/moveit_setup_core_plugins:/home/a/ws_nhk/install/moveit_setup_controllers:/home/a/ws_nhk/install/moveit_setup_app_plugins:/home/a/ws_nhk/install/moveit_setup_framework:/home/a/ws_nhk/install/moveit_servo:/home/a/ws_nhk/install/moveit_ros:/home/a/ws_nhk/install/moveit_ros_visualization:/home/a/ws_nhk/install/moveit_hybrid_planning:/home/a/ws_nhk/install/moveit_ros_planning_interface:/home/a/ws_nhk/install/moveit_resources_prbt_pg70_support:/home/a/ws_nhk/install/moveit_resources_prbt_moveit_config:/home/a/ws_nhk/install/moveit_ros_move_group:/home/a/ws_nhk/install/moveit_kinematics:/home/a/ws_nhk/install/trac_ik:/home/a/ws_nhk/install/trac_ik_kinematics_plugin:/home/a/ws_nhk/install/trac_ik_lib:/home/a/ws_nhk/install/pilz_industrial_motion_planner_testutils:/home/a/ws_nhk/install/moveit_visual_tools:/home/a/ws_nhk/install/moveit_ros_control_interface:/home/a/ws_nhk/install/moveit_plugins:/home/a/ws_nhk/install/moveit_simple_controller_manager:/home/a/ws_nhk/install/moveit_ros_benchmarks:/home/a/ws_nhk/install/moveit_ros_warehouse:/home/a/ws_nhk/install/moveit_ros_robot_interaction:/home/a/ws_nhk/install/moveit_ros_perception:/home/a/ws_nhk/install/moveit_planners_ompl:/home/a/ws_nhk/install/moveit_ros_planning:/home/a/ws_nhk/install/moveit_ros_occupancy_map_monitor:/home/a/ws_nhk/install/moveit_resources_prbt_ikfast_manipulator_plugin:/home/a/ws_nhk/install/moveit_planners_chomp:/home/a/ws_nhk/install/moveit_chomp_optimizer_adapter:/home/a/ws_nhk/install/chomp_motion_planner:/home/a/ws_nhk/install/moveit_core:/home/a/ws_nhk/install/srdfdom:/home/a/ws_nhk/install/rviz_marker_tools:/home/a/ws_nhk/install/rosparam_shortcuts:/home/a/ws_nhk/install/r2_odrive:/home/a/ws_nhk/install/rogidrive_msg:/home/a/ws_nhk/install/nhk_bt:/home/a/ws_nhk/install/moveit_task_constructor_msgs:/home/a/ws_nhk/install/moveit_resources_prbt_support:/home/a/ws_nhk/install/moveit_resources:/home/a/ws_nhk/install/moveit_resources_pr2_description:/home/a/ws_nhk/install/moveit_resources_panda_moveit_config:/home/a/ws_nhk/install/moveit_resources_panda_description:/home/a/ws_nhk/install/moveit_resources_fanuc_moveit_config:/home/a/ws_nhk/install/moveit_resources_fanuc_description:/home/a/ws_nhk/install/moveit_common:/home/a/ws_nhk/install/dynamixel_sdk_examples:/home/a/ws_nhk/install/dynamixel_sdk_custom_interfaces:/home/a/ws_nhk/install/dynamixel_controller:/home/a/ws_nhk/install/dynamixel_sdk:/home/a/ws_nhk/install/arm_v20_description:/home/a/ws_nhk/install/arm_module_description:/home/a/ws_nhk/install/a_r2_description:/home/a/install/field_description_test:/home/a/ws_nhk/install/ikeyaMD_wizard:/home/a/ws_nhk/install/moveit_configs_utils:/home/a/ws_nhk/install/rogidrive:/home/a/ws_nhk/install/launch_param_builder:/home/a/ws_nhk/install/dynamixel_controller_gui:/home/a/ws_nhk/install/dynamixel_controller_client:/opt/ros/humble /usr/bin/cmake --install /home/a/ws_nhk/build/stm32_mavlink_uart[0m
[2.323s] [34mcolcon.colcon_core.environment[0m [1;30mLevel 1[0m create_environment_scripts_only(moveit_resources)
[2.324s] [34mcolcon.colcon_core.environment[0m [1;30mLevel 1[0m checking '/home/a/ws_nhk/install/moveit_resources' for CMake module files
[2.325s] [34mcolcon.colcon_core.environment[0m [1;30mLevel 1[0m checking '/home/a/ws_nhk/install/moveit_resources' for CMake config files
[2.325s] [34mcolcon.colcon_core.shell[0m [1;30mLevel 1[0m create_environment_hook('moveit_resources', 'cmake_prefix_path')
[2.326s] [34mcolcon.colcon_core.shell[0m [1;30mINFO[0m Creating environment hook '/home/a/ws_nhk/install/moveit_resources/share/moveit_resources/hook/cmake_prefix_path.ps1'
[2.327s] [34mcolcon.colcon_core.shell[0m [1;30mINFO[0m Creating environment descriptor '/home/a/ws_nhk/install/moveit_resources/share/moveit_resources/hook/cmake_prefix_path.dsv'
[2.327s] [34mcolcon.colcon_core.event_handler.log_command[0m [1;30mDEBUG[0m [32mInvoked command in '/home/a/ws_nhk/build/moveit_resources' returned '0': CMAKE_PREFIX_PATH=/home/a/ws_nhk/install/moveit_resources_panda_moveit_config:/home/a/ws_nhk/install/moveit_resources_fanuc_moveit_config:/home/a/ws_nhk/install/moveit_resources_pr2_description:/home/a/ws_nhk/install/moveit_resources_panda_description:/home/a/ws_nhk/install/moveit_resources_fanuc_description:/home/a/ws_nhk/install/stm32_mavlink_udp:/home/a/ws_nhk/install/stm32_mavlink_uart:/home/a/ws_nhk/install/stm32_mavlink_msgs:/home/a/ws_nhk/install/sakai_r2_config:/home/a/ws_nhk/install/moveit_runtime:/home/a/ws_nhk/install/moveit_r2_config:/home/a/ws_nhk/install/moveit_config:/home/a/ws_nhk/install/moveit2_tutorials:/home/a/ws_nhk/install/moveit:/home/a/ws_nhk/install/moveit_planners:/home/a/ws_nhk/install/pilz_industrial_motion_planner:/home/a/ws_nhk/install/moveit_task_constructor_visualization:/home/a/ws_nhk/install/moveit_task_constructor_demo:/home/a/ws_nhk/install/moveit_task_constructor_capabilities:/home/a/ws_nhk/install/moveit_task_constructor_core:/home/a/ws_nhk/install/moveit_setup_assistant:/home/a/ws_nhk/install/moveit_setup_srdf_plugins:/home/a/ws_nhk/install/moveit_setup_core_plugins:/home/a/ws_nhk/install/moveit_setup_controllers:/home/a/ws_nhk/install/moveit_setup_app_plugins:/home/a/ws_nhk/install/moveit_setup_framework:/home/a/ws_nhk/install/moveit_servo:/home/a/ws_nhk/install/moveit_ros:/home/a/ws_nhk/install/moveit_ros_visualization:/home/a/ws_nhk/install/moveit_hybrid_planning:/home/a/ws_nhk/install/moveit_ros_planning_interface:/home/a/ws_nhk/install/moveit_resources_prbt_pg70_support:/home/a/ws_nhk/install/moveit_resources_prbt_moveit_config:/home/a/ws_nhk/install/moveit_ros_move_group:/home/a/ws_nhk/install/moveit_kinematics:/home/a/ws_nhk/install/trac_ik:/home/a/ws_nhk/install/trac_ik_kinematics_plugin:/home/a/ws_nhk/install/trac_ik_lib:/home/a/ws_nhk/install/pilz_industrial_motion_planner_testutils:/home/a/ws_nhk/install/moveit_visual_tools:/home/a/ws_nhk/install/moveit_ros_control_interface:/home/a/ws_nhk/install/moveit_plugins:/home/a/ws_nhk/install/moveit_simple_controller_manager:/home/a/ws_nhk/install/moveit_ros_benchmarks:/home/a/ws_nhk/install/moveit_ros_warehouse:/home/a/ws_nhk/install/moveit_ros_robot_interaction:/home/a/ws_nhk/install/moveit_ros_perception:/home/a/ws_nhk/install/moveit_planners_ompl:/home/a/ws_nhk/install/moveit_ros_planning:/home/a/ws_nhk/install/moveit_ros_occupancy_map_monitor:/home/a/ws_nhk/install/moveit_resources_prbt_ikfast_manipulator_plugin:/home/a/ws_nhk/install/moveit_planners_chomp:/home/a/ws_nhk/install/moveit_chomp_optimizer_adapter:/home/a/ws_nhk/install/chomp_motion_planner:/home/a/ws_nhk/install/moveit_core:/home/a/ws_nhk/install/srdfdom:/home/a/ws_nhk/install/rviz_marker_tools:/home/a/ws_nhk/install/rosparam_shortcuts:/home/a/ws_nhk/install/r2_odrive:/home/a/ws_nhk/install/rogidrive_msg:/home/a/ws_nhk/install/nhk_bt:/home/a/ws_nhk/install/moveit_task_constructor_msgs:/home/a/ws_nhk/install/moveit_resources_prbt_support:/home/a/ws_nhk/install/moveit_resources:/home/a/ws_nhk/install/moveit_common:/home/a/ws_nhk/install/dynamixel_sdk_examples:/home/a/ws_nhk/install/dynamixel_sdk_custom_interfaces:/home/a/ws_nhk/install/dynamixel_controller:/home/a/ws_nhk/install/dynamixel_sdk:/home/a/ws_nhk/install/arm_v20_description:/home/a/ws_nhk/install/arm_module_description:/home/a/ws_nhk/install/a_r2_description:/home/a/install/field_description_test:/home/a/ws_nhk/install/ikeyaMD_wizard:/home/a/ws_nhk/install/moveit_configs_utils:/home/a/ws_nhk/install/rogidrive:/home/a/ws_nhk/install/launch_param_builder:/home/a/ws_nhk/install/dynamixel_controller_gui:/home/a/ws_nhk/install/dynamixel_controller_client:/opt/ros/humble /usr/bin/cmake --install /home/a/ws_nhk/build/moveit_resources[0m
[2.330s] [34mcolcon.colcon_core.shell[0m [1;30mINFO[0m Creating environment hook '/home/a/ws_nhk/install/moveit_resources/share/moveit_resources/hook/cmake_prefix_path.sh'
[2.332s] [34mcolcon.colcon_core.environment[0m [1;30mLevel 1[0m checking '/home/a/ws_nhk/install/moveit_resources/bin'
[2.332s] [34mcolcon.colcon_core.environment[0m [1;30mLevel 1[0m checking '/home/a/ws_nhk/install/moveit_resources/lib/pkgconfig/moveit_resources.pc'
[2.332s] [34mcolcon.colcon_core.environment[0m [1;30mLevel 1[0m checking '/home/a/ws_nhk/install/moveit_resources/lib/python3.10/site-packages'
[2.332s] [34mcolcon.colcon_core.environment[0m [1;30mLevel 1[0m checking '/home/a/ws_nhk/install/moveit_resources/bin'
[2.333s] [34mcolcon.colcon_core.shell[0m [1;30mINFO[0m Creating package script '/home/a/ws_nhk/install/moveit_resources/share/moveit_resources/package.ps1'
[2.334s] [34mcolcon.colcon_core.shell[0m [1;30mINFO[0m Creating package descriptor '/home/a/ws_nhk/install/moveit_resources/share/moveit_resources/package.dsv'
[2.343s] [34mcolcon.colcon_core.shell[0m [1;30mINFO[0m Creating package script '/home/a/ws_nhk/install/moveit_resources/share/moveit_resources/package.sh'
[2.344s] [34mcolcon.colcon_core.shell[0m [1;30mINFO[0m Creating package script '/home/a/ws_nhk/install/moveit_resources/share/moveit_resources/package.bash'
[2.346s] [34mcolcon.colcon_core.shell[0m [1;30mINFO[0m Creating package script '/home/a/ws_nhk/install/moveit_resources/share/moveit_resources/package.zsh'
[2.348s] [34mcolcon.colcon_core.environment[0m [1;30mLevel 1[0m create_file_with_runtime_dependencies(/home/a/ws_nhk/install/moveit_resources/share/colcon-core/packages/moveit_resources)
[2.349s] [34mcolcon.colcon_core.environment[0m [1;30mLevel 1[0m create_environment_scripts_only(moveit_resources)
[2.350s] [34mcolcon.colcon_core.environment[0m [1;30mLevel 1[0m checking '/home/a/ws_nhk/install/moveit_resources' for CMake module files
[2.350s] [34mcolcon.colcon_core.environment[0m [1;30mLevel 1[0m checking '/home/a/ws_nhk/install/moveit_resources' for CMake config files
[2.351s] [34mcolcon.colcon_core.shell[0m [1;30mLevel 1[0m create_environment_hook('moveit_resources', 'cmake_prefix_path')
[2.351s] [34mcolcon.colcon_core.shell[0m [1;30mINFO[0m Creating environment hook '/home/a/ws_nhk/install/moveit_resources/share/moveit_resources/hook/cmake_prefix_path.ps1'
[2.352s] [34mcolcon.colcon_core.shell[0m [1;30mINFO[0m Creating environment descriptor '/home/a/ws_nhk/install/moveit_resources/share/moveit_resources/hook/cmake_prefix_path.dsv'
[2.353s] [34mcolcon.colcon_core.shell[0m [1;30mINFO[0m Creating environment hook '/home/a/ws_nhk/install/moveit_resources/share/moveit_resources/hook/cmake_prefix_path.sh'
[2.353s] [34mcolcon.colcon_core.environment[0m [1;30mLevel 1[0m checking '/home/a/ws_nhk/install/moveit_resources/bin'
[2.353s] [34mcolcon.colcon_core.environment[0m [1;30mLevel 1[0m checking '/home/a/ws_nhk/install/moveit_resources/lib/pkgconfig/moveit_resources.pc'
[2.354s] [34mcolcon.colcon_core.environment[0m [1;30mLevel 1[0m checking '/home/a/ws_nhk/install/moveit_resources/lib/python3.10/site-packages'
[2.354s] [34mcolcon.colcon_core.environment[0m [1;30mLevel 1[0m checking '/home/a/ws_nhk/install/moveit_resources/bin'
[2.355s] [34mcolcon.colcon_core.shell[0m [1;30mINFO[0m Creating package script '/home/a/ws_nhk/install/moveit_resources/share/moveit_resources/package.ps1'
[2.355s] [34mcolcon.colcon_core.shell[0m [1;30mINFO[0m Creating package descriptor '/home/a/ws_nhk/install/moveit_resources/share/moveit_resources/package.dsv'
[2.356s] [34mcolcon.colcon_core.shell[0m [1;30mINFO[0m Creating package script '/home/a/ws_nhk/install/moveit_resources/share/moveit_resources/package.sh'
[2.357s] [34mcolcon.colcon_core.shell[0m [1;30mINFO[0m Creating package script '/home/a/ws_nhk/install/moveit_resources/share/moveit_resources/package.bash'
[2.357s] [34mcolcon.colcon_core.shell[0m [1;30mINFO[0m Creating package script '/home/a/ws_nhk/install/moveit_resources/share/moveit_resources/package.zsh'
[2.358s] [34mcolcon.colcon_core.environment[0m [1;30mLevel 1[0m create_file_with_runtime_dependencies(/home/a/ws_nhk/install/moveit_resources/share/colcon-core/packages/moveit_resources)
[2.360s] [34mcolcon.colcon_core.environment[0m [1;30mLevel 1[0m create_environment_scripts_only(stm32_mavlink_uart)
[2.361s] [34mcolcon.colcon_core.event_handler.log_command[0m [1;30mDEBUG[0m [32mInvoked command in '/home/a/ws_nhk/build/stm32_mavlink_uart' returned '0': CMAKE_PREFIX_PATH=/home/a/ws_nhk/install/stm32_mavlink_msgs:/home/a/ws_nhk/install/stm32_mavlink_udp:/home/a/ws_nhk/install/stm32_mavlink_uart:/home/a/ws_nhk/install/sakai_r2_config:/home/a/ws_nhk/install/moveit_runtime:/home/a/ws_nhk/install/moveit_r2_config:/home/a/ws_nhk/install/moveit_config:/home/a/ws_nhk/install/moveit2_tutorials:/home/a/ws_nhk/install/moveit:/home/a/ws_nhk/install/moveit_planners:/home/a/ws_nhk/install/pilz_industrial_motion_planner:/home/a/ws_nhk/install/moveit_task_constructor_visualization:/home/a/ws_nhk/install/moveit_task_constructor_demo:/home/a/ws_nhk/install/moveit_task_constructor_capabilities:/home/a/ws_nhk/install/moveit_task_constructor_core:/home/a/ws_nhk/install/moveit_setup_assistant:/home/a/ws_nhk/install/moveit_setup_srdf_plugins:/home/a/ws_nhk/install/moveit_setup_core_plugins:/home/a/ws_nhk/install/moveit_setup_controllers:/home/a/ws_nhk/install/moveit_setup_app_plugins:/home/a/ws_nhk/install/moveit_setup_framework:/home/a/ws_nhk/install/moveit_servo:/home/a/ws_nhk/install/moveit_ros:/home/a/ws_nhk/install/moveit_ros_visualization:/home/a/ws_nhk/install/moveit_hybrid_planning:/home/a/ws_nhk/install/moveit_ros_planning_interface:/home/a/ws_nhk/install/moveit_resources_prbt_pg70_support:/home/a/ws_nhk/install/moveit_resources_prbt_moveit_config:/home/a/ws_nhk/install/moveit_ros_move_group:/home/a/ws_nhk/install/moveit_kinematics:/home/a/ws_nhk/install/trac_ik:/home/a/ws_nhk/install/trac_ik_kinematics_plugin:/home/a/ws_nhk/install/trac_ik_lib:/home/a/ws_nhk/install/pilz_industrial_motion_planner_testutils:/home/a/ws_nhk/install/moveit_visual_tools:/home/a/ws_nhk/install/moveit_ros_control_interface:/home/a/ws_nhk/install/moveit_plugins:/home/a/ws_nhk/install/moveit_simple_controller_manager:/home/a/ws_nhk/install/moveit_ros_benchmarks:/home/a/ws_nhk/install/moveit_ros_warehouse:/home/a/ws_nhk/install/moveit_ros_robot_interaction:/home/a/ws_nhk/install/moveit_ros_perception:/home/a/ws_nhk/install/moveit_planners_ompl:/home/a/ws_nhk/install/moveit_ros_planning:/home/a/ws_nhk/install/moveit_ros_occupancy_map_monitor:/home/a/ws_nhk/install/moveit_resources_prbt_ikfast_manipulator_plugin:/home/a/ws_nhk/install/moveit_planners_chomp:/home/a/ws_nhk/install/moveit_chomp_optimizer_adapter:/home/a/ws_nhk/install/chomp_motion_planner:/home/a/ws_nhk/install/moveit_core:/home/a/ws_nhk/install/srdfdom:/home/a/ws_nhk/install/rviz_marker_tools:/home/a/ws_nhk/install/rosparam_shortcuts:/home/a/ws_nhk/install/r2_odrive:/home/a/ws_nhk/install/rogidrive_msg:/home/a/ws_nhk/install/nhk_bt:/home/a/ws_nhk/install/moveit_task_constructor_msgs:/home/a/ws_nhk/install/moveit_resources_prbt_support:/home/a/ws_nhk/install/moveit_resources:/home/a/ws_nhk/install/moveit_resources_pr2_description:/home/a/ws_nhk/install/moveit_resources_panda_moveit_config:/home/a/ws_nhk/install/moveit_resources_panda_description:/home/a/ws_nhk/install/moveit_resources_fanuc_moveit_config:/home/a/ws_nhk/install/moveit_resources_fanuc_description:/home/a/ws_nhk/install/moveit_common:/home/a/ws_nhk/install/dynamixel_sdk_examples:/home/a/ws_nhk/install/dynamixel_sdk_custom_interfaces:/home/a/ws_nhk/install/dynamixel_controller:/home/a/ws_nhk/install/dynamixel_sdk:/home/a/ws_nhk/install/arm_v20_description:/home/a/ws_nhk/install/arm_module_description:/home/a/ws_nhk/install/a_r2_description:/home/a/install/field_description_test:/home/a/ws_nhk/install/ikeyaMD_wizard:/home/a/ws_nhk/install/moveit_configs_utils:/home/a/ws_nhk/install/rogidrive:/home/a/ws_nhk/install/launch_param_builder:/home/a/ws_nhk/install/dynamixel_controller_gui:/home/a/ws_nhk/install/dynamixel_controller_client:/opt/ros/humble /usr/bin/cmake --install /home/a/ws_nhk/build/stm32_mavlink_uart[0m
[2.361s] [34mcolcon.colcon_core.environment[0m [1;30mLevel 1[0m checking '/home/a/ws_nhk/install/stm32_mavlink_uart' for CMake module files
[2.362s] [34mcolcon.colcon_core.environment[0m [1;30mLevel 1[0m checking '/home/a/ws_nhk/install/stm32_mavlink_uart' for CMake config files
[2.362s] [34mcolcon.colcon_core.shell[0m [1;30mLevel 1[0m create_environment_hook('stm32_mavlink_uart', 'cmake_prefix_path')
[2.363s] [34mcolcon.colcon_core.shell[0m [1;30mINFO[0m Creating environment hook '/home/a/ws_nhk/install/stm32_mavlink_uart/share/stm32_mavlink_uart/hook/cmake_prefix_path.ps1'
[2.363s] [34mcolcon.colcon_core.shell[0m [1;30mINFO[0m Creating environment descriptor '/home/a/ws_nhk/install/stm32_mavlink_uart/share/stm32_mavlink_uart/hook/cmake_prefix_path.dsv'
[2.364s] [34mcolcon.colcon_core.shell[0m [1;30mINFO[0m Creating environment hook '/home/a/ws_nhk/install/stm32_mavlink_uart/share/stm32_mavlink_uart/hook/cmake_prefix_path.sh'
[2.365s] [34mcolcon.colcon_core.environment[0m [1;30mLevel 1[0m checking '/home/a/ws_nhk/install/stm32_mavlink_uart/lib'
[2.365s] [34mcolcon.colcon_core.environment[0m [1;30mLevel 1[0m checking '/home/a/ws_nhk/install/stm32_mavlink_uart/bin'
[2.365s] [34mcolcon.colcon_core.environment[0m [1;30mLevel 1[0m checking '/home/a/ws_nhk/install/stm32_mavlink_uart/lib/pkgconfig/stm32_mavlink_uart.pc'
[2.365s] [34mcolcon.colcon_core.environment[0m [1;30mLevel 1[0m checking '/home/a/ws_nhk/install/stm32_mavlink_uart/lib/python3.10/site-packages'
[2.366s] [34mcolcon.colcon_core.environment[0m [1;30mLevel 1[0m checking '/home/a/ws_nhk/install/stm32_mavlink_uart/bin'
[2.367s] [34mcolcon.colcon_core.shell[0m [1;30mINFO[0m Creating package script '/home/a/ws_nhk/install/stm32_mavlink_uart/share/stm32_mavlink_uart/package.ps1'
[2.367s] [34mcolcon.colcon_core.shell[0m [1;30mINFO[0m Creating package descriptor '/home/a/ws_nhk/install/stm32_mavlink_uart/share/stm32_mavlink_uart/package.dsv'
[2.368s] [34mcolcon.colcon_core.shell[0m [1;30mINFO[0m Creating package script '/home/a/ws_nhk/install/stm32_mavlink_uart/share/stm32_mavlink_uart/package.sh'
[2.368s] [34mcolcon.colcon_core.shell[0m [1;30mINFO[0m Creating package script '/home/a/ws_nhk/install/stm32_mavlink_uart/share/stm32_mavlink_uart/package.bash'
[2.369s] [34mcolcon.colcon_core.shell[0m [1;30mINFO[0m Creating package script '/home/a/ws_nhk/install/stm32_mavlink_uart/share/stm32_mavlink_uart/package.zsh'
[2.369s] [34mcolcon.colcon_core.environment[0m [1;30mLevel 1[0m create_file_with_runtime_dependencies(/home/a/ws_nhk/install/stm32_mavlink_uart/share/colcon-core/packages/stm32_mavlink_uart)
[2.370s] [34mcolcon.colcon_core.environment[0m [1;30mLevel 1[0m create_environment_scripts_only(stm32_mavlink_uart)
[2.371s] [34mcolcon.colcon_core.environment[0m [1;30mLevel 1[0m checking '/home/a/ws_nhk/install/stm32_mavlink_uart' for CMake module files
[2.372s] [34mcolcon.colcon_core.environment[0m [1;30mLevel 1[0m checking '/home/a/ws_nhk/install/stm32_mavlink_uart' for CMake config files
[2.372s] [34mcolcon.colcon_core.shell[0m [1;30mLevel 1[0m create_environment_hook('stm32_mavlink_uart', 'cmake_prefix_path')
[2.372s] [34mcolcon.colcon_core.shell[0m [1;30mINFO[0m Creating environment hook '/home/a/ws_nhk/install/stm32_mavlink_uart/share/stm32_mavlink_uart/hook/cmake_prefix_path.ps1'
[2.373s] [34mcolcon.colcon_core.shell[0m [1;30mINFO[0m Creating environment descriptor '/home/a/ws_nhk/install/stm32_mavlink_uart/share/stm32_mavlink_uart/hook/cmake_prefix_path.dsv'
[2.374s] [34mcolcon.colcon_core.shell[0m [1;30mINFO[0m Creating environment hook '/home/a/ws_nhk/install/stm32_mavlink_uart/share/stm32_mavlink_uart/hook/cmake_prefix_path.sh'
[2.374s] [34mcolcon.colcon_core.environment[0m [1;30mLevel 1[0m checking '/home/a/ws_nhk/install/stm32_mavlink_uart/lib'
[2.375s] [34mcolcon.colcon_core.environment[0m [1;30mLevel 1[0m checking '/home/a/ws_nhk/install/stm32_mavlink_uart/bin'
[2.375s] [34mcolcon.colcon_core.environment[0m [1;30mLevel 1[0m checking '/home/a/ws_nhk/install/stm32_mavlink_uart/lib/pkgconfig/stm32_mavlink_uart.pc'
[2.375s] [34mcolcon.colcon_core.environment[0m [1;30mLevel 1[0m checking '/home/a/ws_nhk/install/stm32_mavlink_uart/lib/python3.10/site-packages'
[2.375s] [34mcolcon.colcon_core.environment[0m [1;30mLevel 1[0m checking '/home/a/ws_nhk/install/stm32_mavlink_uart/bin'
[2.376s] [34mcolcon.colcon_core.shell[0m [1;30mINFO[0m Creating package script '/home/a/ws_nhk/install/stm32_mavlink_uart/share/stm32_mavlink_uart/package.ps1'
[2.377s] [34mcolcon.colcon_core.shell[0m [1;30mINFO[0m Creating package descriptor '/home/a/ws_nhk/install/stm32_mavlink_uart/share/stm32_mavlink_uart/package.dsv'
[2.377s] [34mcolcon.colcon_core.shell[0m [1;30mINFO[0m Creating package script '/home/a/ws_nhk/install/stm32_mavlink_uart/share/stm32_mavlink_uart/package.sh'
[2.378s] [34mcolcon.colcon_core.shell[0m [1;30mINFO[0m Creating package script '/home/a/ws_nhk/install/stm32_mavlink_uart/share/stm32_mavlink_uart/package.bash'
[2.379s] [34mcolcon.colcon_core.shell[0m [1;30mINFO[0m Creating package script '/home/a/ws_nhk/install/stm32_mavlink_uart/share/stm32_mavlink_uart/package.zsh'
[2.379s] [34mcolcon.colcon_core.environment[0m [1;30mLevel 1[0m create_file_with_runtime_dependencies(/home/a/ws_nhk/install/stm32_mavlink_uart/share/colcon-core/packages/stm32_mavlink_uart)
[2.381s] [34mcolcon.colcon_ros.task.ament_python.build[0m [1;30mINFO[0m Building ROS package in '/home/a/ws_nhk/src/MAVLink_ros2/ikeyaMD_wizard' with build type 'ament_python'
[2.381s] [34mcolcon.colcon_core.shell[0m [1;30mLevel 1[0m create_environment_hook('ikeyaMD_wizard', 'ament_prefix_path')
[2.382s] [34mcolcon.colcon_core.shell[0m [1;30mINFO[0m Creating environment hook '/home/a/ws_nhk/install/ikeyaMD_wizard/share/ikeyaMD_wizard/hook/ament_prefix_path.ps1'
[2.382s] [34mcolcon.colcon_core.shell[0m [1;30mINFO[0m Creating environment descriptor '/home/a/ws_nhk/install/ikeyaMD_wizard/share/ikeyaMD_wizard/hook/ament_prefix_path.dsv'
[2.383s] [34mcolcon.colcon_core.shell[0m [1;30mINFO[0m Creating environment hook '/home/a/ws_nhk/install/ikeyaMD_wizard/share/ikeyaMD_wizard/hook/ament_prefix_path.sh'
[2.384s] [34mcolcon.colcon_core.shell[0m [1;30mINFO[0m Skip shell extension 'powershell' for command environment: Not usable outside of PowerShell
[2.384s] [34mcolcon.colcon_core.shell[0m [1;30mDEBUG[0m [32mSkip shell extension 'dsv' for command environment[0m
[2.398s] [34mcolcon.colcon_ros.task.ament_cmake.build[0m [1;30mINFO[0m Building ROS package in '/home/a/ws_nhk/src/MAVLink_ros2/mavlink_wizard' with build type 'ament_cmake'
[2.399s] [34mcolcon.colcon_cmake.task.cmake.build[0m [1;30mINFO[0m Building CMake package in '/home/a/ws_nhk/src/MAVLink_ros2/mavlink_wizard'
[2.399s] [34mcolcon.colcon_core.shell[0m [1;30mINFO[0m Skip shell extension 'powershell' for command environment: Not usable outside of PowerShell
[2.399s] [34mcolcon.colcon_core.shell[0m [1;30mDEBUG[0m [32mSkip shell extension 'dsv' for command environment[0m
[2.421s] [34mcolcon.colcon_core.event_handler.log_command[0m [1;30mDEBUG[0m [32mInvoked command in '/home/a/ws_nhk/build/stm32_mavlink_udp' returned '0': CMAKE_PREFIX_PATH=/home/a/ws_nhk/install/stm32_mavlink_msgs:/home/a/ws_nhk/install/stm32_mavlink_udp:/home/a/ws_nhk/install/stm32_mavlink_uart:/home/a/ws_nhk/install/sakai_r2_config:/home/a/ws_nhk/install/moveit_runtime:/home/a/ws_nhk/install/moveit_r2_config:/home/a/ws_nhk/install/moveit_config:/home/a/ws_nhk/install/moveit2_tutorials:/home/a/ws_nhk/install/moveit:/home/a/ws_nhk/install/moveit_planners:/home/a/ws_nhk/install/pilz_industrial_motion_planner:/home/a/ws_nhk/install/moveit_task_constructor_visualization:/home/a/ws_nhk/install/moveit_task_constructor_demo:/home/a/ws_nhk/install/moveit_task_constructor_capabilities:/home/a/ws_nhk/install/moveit_task_constructor_core:/home/a/ws_nhk/install/moveit_setup_assistant:/home/a/ws_nhk/install/moveit_setup_srdf_plugins:/home/a/ws_nhk/install/moveit_setup_core_plugins:/home/a/ws_nhk/install/moveit_setup_controllers:/home/a/ws_nhk/install/moveit_setup_app_plugins:/home/a/ws_nhk/install/moveit_setup_framework:/home/a/ws_nhk/install/moveit_servo:/home/a/ws_nhk/install/moveit_ros:/home/a/ws_nhk/install/moveit_ros_visualization:/home/a/ws_nhk/install/moveit_hybrid_planning:/home/a/ws_nhk/install/moveit_ros_planning_interface:/home/a/ws_nhk/install/moveit_resources_prbt_pg70_support:/home/a/ws_nhk/install/moveit_resources_prbt_moveit_config:/home/a/ws_nhk/install/moveit_ros_move_group:/home/a/ws_nhk/install/moveit_kinematics:/home/a/ws_nhk/install/trac_ik:/home/a/ws_nhk/install/trac_ik_kinematics_plugin:/home/a/ws_nhk/install/trac_ik_lib:/home/a/ws_nhk/install/pilz_industrial_motion_planner_testutils:/home/a/ws_nhk/install/moveit_visual_tools:/home/a/ws_nhk/install/moveit_ros_control_interface:/home/a/ws_nhk/install/moveit_plugins:/home/a/ws_nhk/install/moveit_simple_controller_manager:/home/a/ws_nhk/install/moveit_ros_benchmarks:/home/a/ws_nhk/install/moveit_ros_warehouse:/home/a/ws_nhk/install/moveit_ros_robot_interaction:/home/a/ws_nhk/install/moveit_ros_perception:/home/a/ws_nhk/install/moveit_planners_ompl:/home/a/ws_nhk/install/moveit_ros_planning:/home/a/ws_nhk/install/moveit_ros_occupancy_map_monitor:/home/a/ws_nhk/install/moveit_resources_prbt_ikfast_manipulator_plugin:/home/a/ws_nhk/install/moveit_planners_chomp:/home/a/ws_nhk/install/moveit_chomp_optimizer_adapter:/home/a/ws_nhk/install/chomp_motion_planner:/home/a/ws_nhk/install/moveit_core:/home/a/ws_nhk/install/srdfdom:/home/a/ws_nhk/install/rviz_marker_tools:/home/a/ws_nhk/install/rosparam_shortcuts:/home/a/ws_nhk/install/r2_odrive:/home/a/ws_nhk/install/rogidrive_msg:/home/a/ws_nhk/install/nhk_bt:/home/a/ws_nhk/install/moveit_task_constructor_msgs:/home/a/ws_nhk/install/moveit_resources_prbt_support:/home/a/ws_nhk/install/moveit_resources:/home/a/ws_nhk/install/moveit_resources_pr2_description:/home/a/ws_nhk/install/moveit_resources_panda_moveit_config:/home/a/ws_nhk/install/moveit_resources_panda_description:/home/a/ws_nhk/install/moveit_resources_fanuc_moveit_config:/home/a/ws_nhk/install/moveit_resources_fanuc_description:/home/a/ws_nhk/install/moveit_common:/home/a/ws_nhk/install/dynamixel_sdk_examples:/home/a/ws_nhk/install/dynamixel_sdk_custom_interfaces:/home/a/ws_nhk/install/dynamixel_controller:/home/a/ws_nhk/install/dynamixel_sdk:/home/a/ws_nhk/install/arm_v20_description:/home/a/ws_nhk/install/arm_module_description:/home/a/ws_nhk/install/a_r2_description:/home/a/install/field_description_test:/home/a/ws_nhk/install/ikeyaMD_wizard:/home/a/ws_nhk/install/moveit_configs_utils:/home/a/ws_nhk/install/rogidrive:/home/a/ws_nhk/install/launch_param_builder:/home/a/ws_nhk/install/dynamixel_controller_gui:/home/a/ws_nhk/install/dynamixel_controller_client:/opt/ros/humble /usr/bin/cmake --build /home/a/ws_nhk/build/stm32_mavlink_udp -- -j22 -l22[0m
[2.434s] [34mcolcon.colcon_core.event_handler.log_command[0m [1;30mDEBUG[0m [32mInvoking command in '/home/a/ws_nhk/build/stm32_mavlink_udp': CMAKE_PREFIX_PATH=/home/a/ws_nhk/install/stm32_mavlink_msgs:/home/a/ws_nhk/install/stm32_mavlink_udp:/home/a/ws_nhk/install/stm32_mavlink_uart:/home/a/ws_nhk/install/sakai_r2_config:/home/a/ws_nhk/install/moveit_runtime:/home/a/ws_nhk/install/moveit_r2_config:/home/a/ws_nhk/install/moveit_config:/home/a/ws_nhk/install/moveit2_tutorials:/home/a/ws_nhk/install/moveit:/home/a/ws_nhk/install/moveit_planners:/home/a/ws_nhk/install/pilz_industrial_motion_planner:/home/a/ws_nhk/install/moveit_task_constructor_visualization:/home/a/ws_nhk/install/moveit_task_constructor_demo:/home/a/ws_nhk/install/moveit_task_constructor_capabilities:/home/a/ws_nhk/install/moveit_task_constructor_core:/home/a/ws_nhk/install/moveit_setup_assistant:/home/a/ws_nhk/install/moveit_setup_srdf_plugins:/home/a/ws_nhk/install/moveit_setup_core_plugins:/home/a/ws_nhk/install/moveit_setup_controllers:/home/a/ws_nhk/install/moveit_setup_app_plugins:/home/a/ws_nhk/install/moveit_setup_framework:/home/a/ws_nhk/install/moveit_servo:/home/a/ws_nhk/install/moveit_ros:/home/a/ws_nhk/install/moveit_ros_visualization:/home/a/ws_nhk/install/moveit_hybrid_planning:/home/a/ws_nhk/install/moveit_ros_planning_interface:/home/a/ws_nhk/install/moveit_resources_prbt_pg70_support:/home/a/ws_nhk/install/moveit_resources_prbt_moveit_config:/home/a/ws_nhk/install/moveit_ros_move_group:/home/a/ws_nhk/install/moveit_kinematics:/home/a/ws_nhk/install/trac_ik:/home/a/ws_nhk/install/trac_ik_kinematics_plugin:/home/a/ws_nhk/install/trac_ik_lib:/home/a/ws_nhk/install/pilz_industrial_motion_planner_testutils:/home/a/ws_nhk/install/moveit_visual_tools:/home/a/ws_nhk/install/moveit_ros_control_interface:/home/a/ws_nhk/install/moveit_plugins:/home/a/ws_nhk/install/moveit_simple_controller_manager:/home/a/ws_nhk/install/moveit_ros_benchmarks:/home/a/ws_nhk/install/moveit_ros_warehouse:/home/a/ws_nhk/install/moveit_ros_robot_interaction:/home/a/ws_nhk/install/moveit_ros_perception:/home/a/ws_nhk/install/moveit_planners_ompl:/home/a/ws_nhk/install/moveit_ros_planning:/home/a/ws_nhk/install/moveit_ros_occupancy_map_monitor:/home/a/ws_nhk/install/moveit_resources_prbt_ikfast_manipulator_plugin:/home/a/ws_nhk/install/moveit_planners_chomp:/home/a/ws_nhk/install/moveit_chomp_optimizer_adapter:/home/a/ws_nhk/install/chomp_motion_planner:/home/a/ws_nhk/install/moveit_core:/home/a/ws_nhk/install/srdfdom:/home/a/ws_nhk/install/rviz_marker_tools:/home/a/ws_nhk/install/rosparam_shortcuts:/home/a/ws_nhk/install/r2_odrive:/home/a/ws_nhk/install/rogidrive_msg:/home/a/ws_nhk/install/nhk_bt:/home/a/ws_nhk/install/moveit_task_constructor_msgs:/home/a/ws_nhk/install/moveit_resources_prbt_support:/home/a/ws_nhk/install/moveit_resources:/home/a/ws_nhk/install/moveit_resources_pr2_description:/home/a/ws_nhk/install/moveit_resources_panda_moveit_config:/home/a/ws_nhk/install/moveit_resources_panda_description:/home/a/ws_nhk/install/moveit_resources_fanuc_moveit_config:/home/a/ws_nhk/install/moveit_resources_fanuc_description:/home/a/ws_nhk/install/moveit_common:/home/a/ws_nhk/install/dynamixel_sdk_examples:/home/a/ws_nhk/install/dynamixel_sdk_custom_interfaces:/home/a/ws_nhk/install/dynamixel_controller:/home/a/ws_nhk/install/dynamixel_sdk:/home/a/ws_nhk/install/arm_v20_description:/home/a/ws_nhk/install/arm_module_description:/home/a/ws_nhk/install/a_r2_description:/home/a/install/field_description_test:/home/a/ws_nhk/install/ikeyaMD_wizard:/home/a/ws_nhk/install/moveit_configs_utils:/home/a/ws_nhk/install/rogidrive:/home/a/ws_nhk/install/launch_param_builder:/home/a/ws_nhk/install/dynamixel_controller_gui:/home/a/ws_nhk/install/dynamixel_controller_client:/opt/ros/humble /usr/bin/cmake --install /home/a/ws_nhk/build/stm32_mavlink_udp[0m
[3.040s] [34mcolcon.colcon_core.task.python.build[0m [1;30mINFO[0m Building Python package in '/home/a/ws_nhk/src/MAVLink_ros2/ikeyaMD_wizard'
[3.040s] [34mcolcon.colcon_core.shell[0m [1;30mINFO[0m Skip shell extension 'powershell' for command environment: Not usable outside of PowerShell
[3.040s] [34mcolcon.colcon_core.shell[0m [1;30mDEBUG[0m [32mSkip shell extension 'dsv' for command environment[0m
[3.059s] [34mcolcon.colcon_core.environment[0m [1;30mLevel 1[0m checking '/home/a/ws_nhk/install/launch_param_builder' for CMake module files
[3.060s] [34mcolcon.colcon_core.environment[0m [1;30mLevel 1[0m checking '/home/a/ws_nhk/install/launch_param_builder' for CMake config files
[3.061s] [34mcolcon.colcon_core.environment[0m [1;30mLevel 1[0m checking '/home/a/ws_nhk/install/launch_param_builder/lib'
[3.061s] [34mcolcon.colcon_core.environment[0m [1;30mLevel 1[0m checking '/home/a/ws_nhk/install/launch_param_builder/bin'
[3.061s] [34mcolcon.colcon_core.environment[0m [1;30mLevel 1[0m checking '/home/a/ws_nhk/install/launch_param_builder/lib/pkgconfig/launch_param_builder.pc'
[3.061s] [34mcolcon.colcon_core.environment[0m [1;30mLevel 1[0m checking '/home/a/ws_nhk/install/launch_param_builder/lib/python3.10/site-packages'
[3.061s] [34mcolcon.colcon_core.shell[0m [1;30mLevel 1[0m create_environment_hook('launch_param_builder', 'pythonpath')
[3.062s] [34mcolcon.colcon_core.shell[0m [1;30mINFO[0m Creating environment hook '/home/a/ws_nhk/install/launch_param_builder/share/launch_param_builder/hook/pythonpath.ps1'
[3.059s] [34mcolcon.colcon_core.event_handler.log_command[0m [1;30mDEBUG[0m [32mInvoked command in '/home/a/ws_nhk/src/launch_param_builder' returned '0': PYTHONPATH=/home/a/ws_nhk/build/launch_param_builder/prefix_override:/usr/lib/python3/dist-packages/colcon_core/task/python/colcon_distutils_commands:/home/a/ws_nhk/install/launch_param_builder/lib/python3.10/site-packages:${PYTHONPATH} /usr/bin/python3 -W ignore:setup.py install is deprecated -W ignore:easy_install command is deprecated setup.py egg_info --egg-base ../../build/launch_param_builder build --build-base /home/a/ws_nhk/build/launch_param_builder/build install --record /home/a/ws_nhk/build/launch_param_builder/install.log --single-version-externally-managed install_data[0m
[3.067s] [34mcolcon.colcon_core.shell[0m [1;30mINFO[0m Creating environment descriptor '/home/a/ws_nhk/install/launch_param_builder/share/launch_param_builder/hook/pythonpath.dsv'
[3.069s] [34mcolcon.colcon_core.shell[0m [1;30mINFO[0m Creating environment hook '/home/a/ws_nhk/install/launch_param_builder/share/launch_param_builder/hook/pythonpath.sh'
[3.073s] [34mcolcon.colcon_core.environment[0m [1;30mLevel 1[0m checking '/home/a/ws_nhk/install/launch_param_builder/bin'
[3.073s] [34mcolcon.colcon_core.environment[0m [1;30mLevel 1[0m create_environment_scripts_only(launch_param_builder)
[3.073s] [34mcolcon.colcon_core.shell[0m [1;30mINFO[0m Creating package script '/home/a/ws_nhk/install/launch_param_builder/share/launch_param_builder/package.ps1'
[3.077s] [34mcolcon.colcon_core.shell[0m [1;30mINFO[0m Creating package descriptor '/home/a/ws_nhk/install/launch_param_builder/share/launch_param_builder/package.dsv'
[3.078s] [34mcolcon.colcon_core.shell[0m [1;30mINFO[0m Creating package script '/home/a/ws_nhk/install/launch_param_builder/share/launch_param_builder/package.sh'
[3.079s] [34mcolcon.colcon_core.shell[0m [1;30mINFO[0m Creating package script '/home/a/ws_nhk/install/launch_param_builder/share/launch_param_builder/package.bash'
[3.080s] [34mcolcon.colcon_core.shell[0m [1;30mINFO[0m Creating package script '/home/a/ws_nhk/install/launch_param_builder/share/launch_param_builder/package.zsh'
[3.080s] [34mcolcon.colcon_core.environment[0m [1;30mLevel 1[0m create_file_with_runtime_dependencies(/home/a/ws_nhk/install/launch_param_builder/share/colcon-core/packages/launch_param_builder)
[3.088s] [34mcolcon.colcon_core.event_handler.log_command[0m [1;30mDEBUG[0m [32mInvoking command in '/home/a/ws_nhk/build/mavlink_wizard': CMAKE_PREFIX_PATH=/home/a/ws_nhk/install/stm32_mavlink_uart:/home/a/ws_nhk/install/stm32_mavlink_msgs:/home/a/ws_nhk/install/stm32_mavlink_udp:/home/a/ws_nhk/install/sakai_r2_config:/home/a/ws_nhk/install/moveit_runtime:/home/a/ws_nhk/install/moveit_r2_config:/home/a/ws_nhk/install/moveit_config:/home/a/ws_nhk/install/moveit2_tutorials:/home/a/ws_nhk/install/moveit:/home/a/ws_nhk/install/moveit_planners:/home/a/ws_nhk/install/pilz_industrial_motion_planner:/home/a/ws_nhk/install/moveit_task_constructor_visualization:/home/a/ws_nhk/install/moveit_task_constructor_demo:/home/a/ws_nhk/install/moveit_task_constructor_capabilities:/home/a/ws_nhk/install/moveit_task_constructor_core:/home/a/ws_nhk/install/moveit_setup_assistant:/home/a/ws_nhk/install/moveit_setup_srdf_plugins:/home/a/ws_nhk/install/moveit_setup_core_plugins:/home/a/ws_nhk/install/moveit_setup_controllers:/home/a/ws_nhk/install/moveit_setup_app_plugins:/home/a/ws_nhk/install/moveit_setup_framework:/home/a/ws_nhk/install/moveit_servo:/home/a/ws_nhk/install/moveit_ros:/home/a/ws_nhk/install/moveit_ros_visualization:/home/a/ws_nhk/install/moveit_hybrid_planning:/home/a/ws_nhk/install/moveit_ros_planning_interface:/home/a/ws_nhk/install/moveit_resources_prbt_pg70_support:/home/a/ws_nhk/install/moveit_resources_prbt_moveit_config:/home/a/ws_nhk/install/moveit_ros_move_group:/home/a/ws_nhk/install/moveit_kinematics:/home/a/ws_nhk/install/trac_ik:/home/a/ws_nhk/install/trac_ik_kinematics_plugin:/home/a/ws_nhk/install/trac_ik_lib:/home/a/ws_nhk/install/pilz_industrial_motion_planner_testutils:/home/a/ws_nhk/install/moveit_visual_tools:/home/a/ws_nhk/install/moveit_ros_control_interface:/home/a/ws_nhk/install/moveit_plugins:/home/a/ws_nhk/install/moveit_simple_controller_manager:/home/a/ws_nhk/install/moveit_ros_benchmarks:/home/a/ws_nhk/install/moveit_ros_warehouse:/home/a/ws_nhk/install/moveit_ros_robot_interaction:/home/a/ws_nhk/install/moveit_ros_perception:/home/a/ws_nhk/install/moveit_planners_ompl:/home/a/ws_nhk/install/moveit_ros_planning:/home/a/ws_nhk/install/moveit_ros_occupancy_map_monitor:/home/a/ws_nhk/install/moveit_resources_prbt_ikfast_manipulator_plugin:/home/a/ws_nhk/install/moveit_planners_chomp:/home/a/ws_nhk/install/moveit_chomp_optimizer_adapter:/home/a/ws_nhk/install/chomp_motion_planner:/home/a/ws_nhk/install/moveit_core:/home/a/ws_nhk/install/srdfdom:/home/a/ws_nhk/install/rviz_marker_tools:/home/a/ws_nhk/install/rosparam_shortcuts:/home/a/ws_nhk/install/r2_odrive:/home/a/ws_nhk/install/rogidrive_msg:/home/a/ws_nhk/install/nhk_bt:/home/a/ws_nhk/install/moveit_task_constructor_msgs:/home/a/ws_nhk/install/moveit_resources_prbt_support:/home/a/ws_nhk/install/moveit_resources:/home/a/ws_nhk/install/moveit_resources_pr2_description:/home/a/ws_nhk/install/moveit_resources_panda_moveit_config:/home/a/ws_nhk/install/moveit_resources_panda_description:/home/a/ws_nhk/install/moveit_resources_fanuc_moveit_config:/home/a/ws_nhk/install/moveit_resources_fanuc_description:/home/a/ws_nhk/install/moveit_common:/home/a/ws_nhk/install/dynamixel_sdk_examples:/home/a/ws_nhk/install/dynamixel_sdk_custom_interfaces:/home/a/ws_nhk/install/dynamixel_controller:/home/a/ws_nhk/install/dynamixel_sdk:/home/a/ws_nhk/install/arm_v20_description:/home/a/ws_nhk/install/arm_module_description:/home/a/ws_nhk/install/a_r2_description:/home/a/install/field_description_test:/home/a/ws_nhk/install/ikeyaMD_wizard:/home/a/ws_nhk/install/moveit_configs_utils:/home/a/ws_nhk/install/rogidrive:/home/a/ws_nhk/install/launch_param_builder:/home/a/ws_nhk/install/dynamixel_controller_gui:/home/a/ws_nhk/install/dynamixel_controller_client:/opt/ros/humble /usr/bin/cmake /home/a/ws_nhk/src/MAVLink_ros2/mavlink_wizard -DCMAKE_INSTALL_PREFIX=/home/a/ws_nhk/install/mavlink_wizard[0m
[3.093s] [34mcolcon.colcon_core.event_handler.log_command[0m [1;30mDEBUG[0m [32mInvoking command in '/home/a/ws_nhk/src/rogidrive/rogidrive': CMAKE_PREFIX_PATH=/home/a/ws_nhk/install/rogidrive_msg:/home/a/ws_nhk/install/stm32_mavlink_udp:/home/a/ws_nhk/install/stm32_mavlink_uart:/home/a/ws_nhk/install/stm32_mavlink_msgs:/home/a/ws_nhk/install/sakai_r2_config:/home/a/ws_nhk/install/moveit_runtime:/home/a/ws_nhk/install/moveit_r2_config:/home/a/ws_nhk/install/moveit_config:/home/a/ws_nhk/install/moveit2_tutorials:/home/a/ws_nhk/install/moveit:/home/a/ws_nhk/install/moveit_planners:/home/a/ws_nhk/install/pilz_industrial_motion_planner:/home/a/ws_nhk/install/moveit_task_constructor_visualization:/home/a/ws_nhk/install/moveit_task_constructor_demo:/home/a/ws_nhk/install/moveit_task_constructor_capabilities:/home/a/ws_nhk/install/moveit_task_constructor_core:/home/a/ws_nhk/install/moveit_setup_assistant:/home/a/ws_nhk/install/moveit_setup_srdf_plugins:/home/a/ws_nhk/install/moveit_setup_core_plugins:/home/a/ws_nhk/install/moveit_setup_controllers:/home/a/ws_nhk/install/moveit_setup_app_plugins:/home/a/ws_nhk/install/moveit_setup_framework:/home/a/ws_nhk/install/moveit_servo:/home/a/ws_nhk/install/moveit_ros:/home/a/ws_nhk/install/moveit_ros_visualization:/home/a/ws_nhk/install/moveit_hybrid_planning:/home/a/ws_nhk/install/moveit_ros_planning_interface:/home/a/ws_nhk/install/moveit_resources_prbt_pg70_support:/home/a/ws_nhk/install/moveit_resources_prbt_moveit_config:/home/a/ws_nhk/install/moveit_ros_move_group:/home/a/ws_nhk/install/moveit_kinematics:/home/a/ws_nhk/install/trac_ik:/home/a/ws_nhk/install/trac_ik_kinematics_plugin:/home/a/ws_nhk/install/trac_ik_lib:/home/a/ws_nhk/install/pilz_industrial_motion_planner_testutils:/home/a/ws_nhk/install/moveit_visual_tools:/home/a/ws_nhk/install/moveit_ros_control_interface:/home/a/ws_nhk/install/moveit_plugins:/home/a/ws_nhk/install/moveit_simple_controller_manager:/home/a/ws_nhk/install/moveit_ros_benchmarks:/home/a/ws_nhk/install/moveit_ros_warehouse:/home/a/ws_nhk/install/moveit_ros_robot_interaction:/home/a/ws_nhk/install/moveit_ros_perception:/home/a/ws_nhk/install/moveit_planners_ompl:/home/a/ws_nhk/install/moveit_ros_planning:/home/a/ws_nhk/install/moveit_ros_occupancy_map_monitor:/home/a/ws_nhk/install/moveit_resources_prbt_ikfast_manipulator_plugin:/home/a/ws_nhk/install/moveit_planners_chomp:/home/a/ws_nhk/install/moveit_chomp_optimizer_adapter:/home/a/ws_nhk/install/chomp_motion_planner:/home/a/ws_nhk/install/moveit_core:/home/a/ws_nhk/install/srdfdom:/home/a/ws_nhk/install/rviz_marker_tools:/home/a/ws_nhk/install/rosparam_shortcuts:/home/a/ws_nhk/install/r2_odrive:/home/a/ws_nhk/install/nhk_bt:/home/a/ws_nhk/install/moveit_task_constructor_msgs:/home/a/ws_nhk/install/moveit_resources_prbt_support:/home/a/ws_nhk/install/moveit_resources:/home/a/ws_nhk/install/moveit_resources_pr2_description:/home/a/ws_nhk/install/moveit_resources_panda_moveit_config:/home/a/ws_nhk/install/moveit_resources_panda_description:/home/a/ws_nhk/install/moveit_resources_fanuc_moveit_config:/home/a/ws_nhk/install/moveit_resources_fanuc_description:/home/a/ws_nhk/install/moveit_common:/home/a/ws_nhk/install/dynamixel_sdk_examples:/home/a/ws_nhk/install/dynamixel_sdk_custom_interfaces:/home/a/ws_nhk/install/dynamixel_controller:/home/a/ws_nhk/install/dynamixel_sdk:/home/a/ws_nhk/install/arm_v20_description:/home/a/ws_nhk/install/arm_module_description:/home/a/ws_nhk/install/a_r2_description:/home/a/install/field_description_test LD_LIBRARY_PATH=/home/a/ws_nhk/install/rogidrive_msg/lib:/home/a/ws_nhk/install/stm32_mavlink_msgs/lib:/home/a/ws_nhk/install/pilz_industrial_motion_planner/lib:/home/a/ws_nhk/install/moveit_task_constructor_visualization/lib:/home/a/ws_nhk/install/moveit_task_constructor_demo/lib:/home/a/ws_nhk/install/moveit_task_constructor_capabilities/lib:/home/a/ws_nhk/install/moveit_task_constructor_core/lib:/home/a/ws_nhk/install/moveit_setup_assistant/lib:/home/a/ws_nhk/install/moveit_setup_srdf_plugins/lib:/home/a/ws_nhk/install/moveit_setup_core_plugins/lib:/home/a/ws_nhk/install/moveit_setup_controllers/lib:/home/a/ws_nhk/install/moveit_setup_app_plugins/lib:/home/a/ws_nhk/install/moveit_setup_framework/lib:/home/a/ws_nhk/install/moveit_servo/lib:/home/a/ws_nhk/install/moveit_ros_visualization/lib:/home/a/ws_nhk/install/moveit_hybrid_planning/lib:/home/a/ws_nhk/install/moveit_ros_planning_interface/lib:/home/a/ws_nhk/install/moveit_ros_move_group/lib:/home/a/ws_nhk/install/moveit_kinematics/lib:/home/a/ws_nhk/install/trac_ik_kinematics_plugin/lib:/home/a/ws_nhk/install/trac_ik_lib/lib:/home/a/ws_nhk/install/pilz_industrial_motion_planner_testutils/lib:/home/a/ws_nhk/install/moveit_visual_tools/lib:/home/a/ws_nhk/install/moveit_ros_control_interface/lib:/home/a/ws_nhk/install/moveit_simple_controller_manager/lib:/home/a/ws_nhk/install/moveit_ros_benchmarks/lib:/home/a/ws_nhk/install/moveit_ros_warehouse/lib:/home/a/ws_nhk/install/moveit_ros_robot_interaction/lib:/home/a/ws_nhk/install/moveit_ros_perception/lib:/home/a/ws_nhk/install/moveit_planners_ompl/lib:/home/a/ws_nhk/install/moveit_ros_planning/lib:/home/a/ws_nhk/install/moveit_ros_occupancy_map_monitor/lib:/home/a/ws_nhk/install/moveit_resources_prbt_ikfast_manipulator_plugin/lib:/home/a/ws_nhk/install/moveit_planners_chomp/lib:/home/a/ws_nhk/install/moveit_chomp_optimizer_adapter/lib:/home/a/ws_nhk/install/chomp_motion_planner/lib:/home/a/ws_nhk/install/moveit_core/lib:/home/a/ws_nhk/install/srdfdom/lib:/home/a/ws_nhk/install/rviz_marker_tools/lib:/home/a/ws_nhk/install/rosparam_shortcuts/lib:/home/a/ws_nhk/install/moveit_task_constructor_msgs/lib:/home/a/ws_nhk/install/dynamixel_sdk_custom_interfaces/lib:/home/a/ws_nhk/install/dynamixel_controller/lib:/home/a/ws_nhk/install/dynamixel_sdk/lib:/usr/local/lib:/usr/lib/x86_64-linux-gnu/gazebo-11/plugins:/opt/ros/humble/opt/rviz_ogre_vendor/lib:/opt/ros/humble/lib/x86_64-linux-gnu:/opt/ros/humble/lib PYTHONPATH=/home/a/ws_nhk/build/rogidrive/prefix_override:/usr/lib/python3/dist-packages/colcon_core/task/python/colcon_distutils_commands:/home/a/ws_nhk/install/rogidrive/lib/python3.10/site-packages:${PYTHONPATH} /usr/bin/python3 -W ignore:setup.py install is deprecated -W ignore:easy_install command is deprecated setup.py egg_info --egg-base ../../../build/rogidrive build --build-base /home/a/ws_nhk/build/rogidrive/build install --record /home/a/ws_nhk/build/rogidrive/install.log --single-version-externally-managed install_data[0m
[3.108s] [34mcolcon.colcon_core.event_handler.log_command[0m [1;30mDEBUG[0m [32mInvoking command in '/home/a/ws_nhk/src/r2_odrive': CMAKE_PREFIX_PATH=/home/a/ws_nhk/install/rogidrive_msg:/home/a/ws_nhk/install/stm32_mavlink_udp:/home/a/ws_nhk/install/stm32_mavlink_uart:/home/a/ws_nhk/install/stm32_mavlink_msgs:/home/a/ws_nhk/install/sakai_r2_config:/home/a/ws_nhk/install/moveit_runtime:/home/a/ws_nhk/install/moveit_r2_config:/home/a/ws_nhk/install/moveit_config:/home/a/ws_nhk/install/moveit2_tutorials:/home/a/ws_nhk/install/moveit:/home/a/ws_nhk/install/moveit_planners:/home/a/ws_nhk/install/pilz_industrial_motion_planner:/home/a/ws_nhk/install/moveit_task_constructor_visualization:/home/a/ws_nhk/install/moveit_task_constructor_demo:/home/a/ws_nhk/install/moveit_task_constructor_capabilities:/home/a/ws_nhk/install/moveit_task_constructor_core:/home/a/ws_nhk/install/moveit_setup_assistant:/home/a/ws_nhk/install/moveit_setup_srdf_plugins:/home/a/ws_nhk/install/moveit_setup_core_plugins:/home/a/ws_nhk/install/moveit_setup_controllers:/home/a/ws_nhk/install/moveit_setup_app_plugins:/home/a/ws_nhk/install/moveit_setup_framework:/home/a/ws_nhk/install/moveit_servo:/home/a/ws_nhk/install/moveit_ros:/home/a/ws_nhk/install/moveit_ros_visualization:/home/a/ws_nhk/install/moveit_hybrid_planning:/home/a/ws_nhk/install/moveit_ros_planning_interface:/home/a/ws_nhk/install/moveit_resources_prbt_pg70_support:/home/a/ws_nhk/install/moveit_resources_prbt_moveit_config:/home/a/ws_nhk/install/moveit_ros_move_group:/home/a/ws_nhk/install/moveit_kinematics:/home/a/ws_nhk/install/trac_ik:/home/a/ws_nhk/install/trac_ik_kinematics_plugin:/home/a/ws_nhk/install/trac_ik_lib:/home/a/ws_nhk/install/pilz_industrial_motion_planner_testutils:/home/a/ws_nhk/install/moveit_visual_tools:/home/a/ws_nhk/install/moveit_ros_control_interface:/home/a/ws_nhk/install/moveit_plugins:/home/a/ws_nhk/install/moveit_simple_controller_manager:/home/a/ws_nhk/install/moveit_ros_benchmarks:/home/a/ws_nhk/install/moveit_ros_warehouse:/home/a/ws_nhk/install/moveit_ros_robot_interaction:/home/a/ws_nhk/install/moveit_ros_perception:/home/a/ws_nhk/install/moveit_planners_ompl:/home/a/ws_nhk/install/moveit_ros_planning:/home/a/ws_nhk/install/moveit_ros_occupancy_map_monitor:/home/a/ws_nhk/install/moveit_resources_prbt_ikfast_manipulator_plugin:/home/a/ws_nhk/install/moveit_planners_chomp:/home/a/ws_nhk/install/moveit_chomp_optimizer_adapter:/home/a/ws_nhk/install/chomp_motion_planner:/home/a/ws_nhk/install/moveit_core:/home/a/ws_nhk/install/srdfdom:/home/a/ws_nhk/install/rviz_marker_tools:/home/a/ws_nhk/install/rosparam_shortcuts:/home/a/ws_nhk/install/r2_odrive:/home/a/ws_nhk/install/nhk_bt:/home/a/ws_nhk/install/moveit_task_constructor_msgs:/home/a/ws_nhk/install/moveit_resources_prbt_support:/home/a/ws_nhk/install/moveit_resources:/home/a/ws_nhk/install/moveit_resources_pr2_description:/home/a/ws_nhk/install/moveit_resources_panda_moveit_config:/home/a/ws_nhk/install/moveit_resources_panda_description:/home/a/ws_nhk/install/moveit_resources_fanuc_moveit_config:/home/a/ws_nhk/install/moveit_resources_fanuc_description:/home/a/ws_nhk/install/moveit_common:/home/a/ws_nhk/install/dynamixel_sdk_examples:/home/a/ws_nhk/install/dynamixel_sdk_custom_interfaces:/home/a/ws_nhk/install/dynamixel_controller:/home/a/ws_nhk/install/dynamixel_sdk:/home/a/ws_nhk/install/arm_v20_description:/home/a/ws_nhk/install/arm_module_description:/home/a/ws_nhk/install/a_r2_description:/home/a/install/field_description_test LD_LIBRARY_PATH=/home/a/ws_nhk/install/rogidrive_msg/lib:/home/a/ws_nhk/install/stm32_mavlink_msgs/lib:/home/a/ws_nhk/install/pilz_industrial_motion_planner/lib:/home/a/ws_nhk/install/moveit_task_constructor_visualization/lib:/home/a/ws_nhk/install/moveit_task_constructor_demo/lib:/home/a/ws_nhk/install/moveit_task_constructor_capabilities/lib:/home/a/ws_nhk/install/moveit_task_constructor_core/lib:/home/a/ws_nhk/install/moveit_setup_assistant/lib:/home/a/ws_nhk/install/moveit_setup_srdf_plugins/lib:/home/a/ws_nhk/install/moveit_setup_core_plugins/lib:/home/a/ws_nhk/install/moveit_setup_controllers/lib:/home/a/ws_nhk/install/moveit_setup_app_plugins/lib:/home/a/ws_nhk/install/moveit_setup_framework/lib:/home/a/ws_nhk/install/moveit_servo/lib:/home/a/ws_nhk/install/moveit_ros_visualization/lib:/home/a/ws_nhk/install/moveit_hybrid_planning/lib:/home/a/ws_nhk/install/moveit_ros_planning_interface/lib:/home/a/ws_nhk/install/moveit_ros_move_group/lib:/home/a/ws_nhk/install/moveit_kinematics/lib:/home/a/ws_nhk/install/trac_ik_kinematics_plugin/lib:/home/a/ws_nhk/install/trac_ik_lib/lib:/home/a/ws_nhk/install/pilz_industrial_motion_planner_testutils/lib:/home/a/ws_nhk/install/moveit_visual_tools/lib:/home/a/ws_nhk/install/moveit_ros_control_interface/lib:/home/a/ws_nhk/install/moveit_simple_controller_manager/lib:/home/a/ws_nhk/install/moveit_ros_benchmarks/lib:/home/a/ws_nhk/install/moveit_ros_warehouse/lib:/home/a/ws_nhk/install/moveit_ros_robot_interaction/lib:/home/a/ws_nhk/install/moveit_ros_perception/lib:/home/a/ws_nhk/install/moveit_planners_ompl/lib:/home/a/ws_nhk/install/moveit_ros_planning/lib:/home/a/ws_nhk/install/moveit_ros_occupancy_map_monitor/lib:/home/a/ws_nhk/install/moveit_resources_prbt_ikfast_manipulator_plugin/lib:/home/a/ws_nhk/install/moveit_planners_chomp/lib:/home/a/ws_nhk/install/moveit_chomp_optimizer_adapter/lib:/home/a/ws_nhk/install/chomp_motion_planner/lib:/home/a/ws_nhk/install/moveit_core/lib:/home/a/ws_nhk/install/srdfdom/lib:/home/a/ws_nhk/install/rviz_marker_tools/lib:/home/a/ws_nhk/install/rosparam_shortcuts/lib:/home/a/ws_nhk/install/moveit_task_constructor_msgs/lib:/home/a/ws_nhk/install/dynamixel_sdk_custom_interfaces/lib:/home/a/ws_nhk/install/dynamixel_controller/lib:/home/a/ws_nhk/install/dynamixel_sdk/lib:/usr/local/lib:/usr/lib/x86_64-linux-gnu/gazebo-11/plugins:/opt/ros/humble/opt/rviz_ogre_vendor/lib:/opt/ros/humble/lib/x86_64-linux-gnu:/opt/ros/humble/lib PYTHONPATH=/home/a/ws_nhk/build/r2_odrive/prefix_override:/usr/lib/python3/dist-packages/colcon_core/task/python/colcon_distutils_commands:/home/a/ws_nhk/install/r2_odrive/lib/python3.10/site-packages:${PYTHONPATH} /usr/bin/python3 -W ignore:setup.py install is deprecated -W ignore:easy_install command is deprecated setup.py egg_info --egg-base ../../build/r2_odrive build --build-base /home/a/ws_nhk/build/r2_odrive/build install --record /home/a/ws_nhk/build/r2_odrive/install.log --single-version-externally-managed install_data[0m
[3.114s] [34mcolcon.colcon_ros.task.ament_python.build[0m [1;30mINFO[0m Building ROS package in '/home/a/ws_nhk/src/moveit2/moveit_configs_utils' with build type 'ament_python'
[3.114s] [34mcolcon.colcon_core.shell[0m [1;30mLevel 1[0m create_environment_hook('moveit_configs_utils', 'ament_prefix_path')
[3.115s] [34mcolcon.colcon_core.shell[0m [1;30mINFO[0m Creating environment hook '/home/a/ws_nhk/install/moveit_configs_utils/share/moveit_configs_utils/hook/ament_prefix_path.ps1'
[3.116s] [34mcolcon.colcon_core.shell[0m [1;30mINFO[0m Creating environment descriptor '/home/a/ws_nhk/install/moveit_configs_utils/share/moveit_configs_utils/hook/ament_prefix_path.dsv'
[3.123s] [34mcolcon.colcon_core.shell[0m [1;30mINFO[0m Creating environment hook '/home/a/ws_nhk/install/moveit_configs_utils/share/moveit_configs_utils/hook/ament_prefix_path.sh'
[3.124s] [34mcolcon.colcon_core.shell[0m [1;30mINFO[0m Skip shell extension 'powershell' for command environment: Not usable outside of PowerShell
[3.124s] [34mcolcon.colcon_core.shell[0m [1;30mDEBUG[0m [32mSkip shell extension 'dsv' for command environment[0m
[3.167s] [34mcolcon.colcon_core.environment[0m [1;30mLevel 1[0m create_environment_scripts_only(stm32_mavlink_udp)
[3.168s] [34mcolcon.colcon_core.environment[0m [1;30mLevel 1[0m checking '/home/a/ws_nhk/install/stm32_mavlink_udp' for CMake module files
[3.168s] [34mcolcon.colcon_core.environment[0m [1;30mLevel 1[0m checking '/home/a/ws_nhk/install/stm32_mavlink_udp' for CMake config files
[3.169s] [34mcolcon.colcon_core.shell[0m [1;30mLevel 1[0m create_environment_hook('stm32_mavlink_udp', 'cmake_prefix_path')
[3.169s] [34mcolcon.colcon_core.shell[0m [1;30mINFO[0m Creating environment hook '/home/a/ws_nhk/install/stm32_mavlink_udp/share/stm32_mavlink_udp/hook/cmake_prefix_path.ps1'
[3.170s] [34mcolcon.colcon_core.shell[0m [1;30mINFO[0m Creating environment descriptor '/home/a/ws_nhk/install/stm32_mavlink_udp/share/stm32_mavlink_udp/hook/cmake_prefix_path.dsv'
[3.175s] [34mcolcon.colcon_core.shell[0m [1;30mINFO[0m Creating environment hook '/home/a/ws_nhk/install/stm32_mavlink_udp/share/stm32_mavlink_udp/hook/cmake_prefix_path.sh'
[3.176s] [34mcolcon.colcon_core.event_handler.log_command[0m [1;30mDEBUG[0m [32mInvoked command in '/home/a/ws_nhk/build/stm32_mavlink_udp' returned '0': CMAKE_PREFIX_PATH=/home/a/ws_nhk/install/stm32_mavlink_msgs:/home/a/ws_nhk/install/stm32_mavlink_udp:/home/a/ws_nhk/install/stm32_mavlink_uart:/home/a/ws_nhk/install/sakai_r2_config:/home/a/ws_nhk/install/moveit_runtime:/home/a/ws_nhk/install/moveit_r2_config:/home/a/ws_nhk/install/moveit_config:/home/a/ws_nhk/install/moveit2_tutorials:/home/a/ws_nhk/install/moveit:/home/a/ws_nhk/install/moveit_planners:/home/a/ws_nhk/install/pilz_industrial_motion_planner:/home/a/ws_nhk/install/moveit_task_constructor_visualization:/home/a/ws_nhk/install/moveit_task_constructor_demo:/home/a/ws_nhk/install/moveit_task_constructor_capabilities:/home/a/ws_nhk/install/moveit_task_constructor_core:/home/a/ws_nhk/install/moveit_setup_assistant:/home/a/ws_nhk/install/moveit_setup_srdf_plugins:/home/a/ws_nhk/install/moveit_setup_core_plugins:/home/a/ws_nhk/install/moveit_setup_controllers:/home/a/ws_nhk/install/moveit_setup_app_plugins:/home/a/ws_nhk/install/moveit_setup_framework:/home/a/ws_nhk/install/moveit_servo:/home/a/ws_nhk/install/moveit_ros:/home/a/ws_nhk/install/moveit_ros_visualization:/home/a/ws_nhk/install/moveit_hybrid_planning:/home/a/ws_nhk/install/moveit_ros_planning_interface:/home/a/ws_nhk/install/moveit_resources_prbt_pg70_support:/home/a/ws_nhk/install/moveit_resources_prbt_moveit_config:/home/a/ws_nhk/install/moveit_ros_move_group:/home/a/ws_nhk/install/moveit_kinematics:/home/a/ws_nhk/install/trac_ik:/home/a/ws_nhk/install/trac_ik_kinematics_plugin:/home/a/ws_nhk/install/trac_ik_lib:/home/a/ws_nhk/install/pilz_industrial_motion_planner_testutils:/home/a/ws_nhk/install/moveit_visual_tools:/home/a/ws_nhk/install/moveit_ros_control_interface:/home/a/ws_nhk/install/moveit_plugins:/home/a/ws_nhk/install/moveit_simple_controller_manager:/home/a/ws_nhk/install/moveit_ros_benchmarks:/home/a/ws_nhk/install/moveit_ros_warehouse:/home/a/ws_nhk/install/moveit_ros_robot_interaction:/home/a/ws_nhk/install/moveit_ros_perception:/home/a/ws_nhk/install/moveit_planners_ompl:/home/a/ws_nhk/install/moveit_ros_planning:/home/a/ws_nhk/install/moveit_ros_occupancy_map_monitor:/home/a/ws_nhk/install/moveit_resources_prbt_ikfast_manipulator_plugin:/home/a/ws_nhk/install/moveit_planners_chomp:/home/a/ws_nhk/install/moveit_chomp_optimizer_adapter:/home/a/ws_nhk/install/chomp_motion_planner:/home/a/ws_nhk/install/moveit_core:/home/a/ws_nhk/install/srdfdom:/home/a/ws_nhk/install/rviz_marker_tools:/home/a/ws_nhk/install/rosparam_shortcuts:/home/a/ws_nhk/install/r2_odrive:/home/a/ws_nhk/install/rogidrive_msg:/home/a/ws_nhk/install/nhk_bt:/home/a/ws_nhk/install/moveit_task_constructor_msgs:/home/a/ws_nhk/install/moveit_resources_prbt_support:/home/a/ws_nhk/install/moveit_resources:/home/a/ws_nhk/install/moveit_resources_pr2_description:/home/a/ws_nhk/install/moveit_resources_panda_moveit_config:/home/a/ws_nhk/install/moveit_resources_panda_description:/home/a/ws_nhk/install/moveit_resources_fanuc_moveit_config:/home/a/ws_nhk/install/moveit_resources_fanuc_description:/home/a/ws_nhk/install/moveit_common:/home/a/ws_nhk/install/dynamixel_sdk_examples:/home/a/ws_nhk/install/dynamixel_sdk_custom_interfaces:/home/a/ws_nhk/install/dynamixel_controller:/home/a/ws_nhk/install/dynamixel_sdk:/home/a/ws_nhk/install/arm_v20_description:/home/a/ws_nhk/install/arm_module_description:/home/a/ws_nhk/install/a_r2_description:/home/a/install/field_description_test:/home/a/ws_nhk/install/ikeyaMD_wizard:/home/a/ws_nhk/install/moveit_configs_utils:/home/a/ws_nhk/install/rogidrive:/home/a/ws_nhk/install/launch_param_builder:/home/a/ws_nhk/install/dynamixel_controller_gui:/home/a/ws_nhk/install/dynamixel_controller_client:/opt/ros/humble /usr/bin/cmake --install /home/a/ws_nhk/build/stm32_mavlink_udp[0m
[3.176s] [34mcolcon.colcon_core.environment[0m [1;30mLevel 1[0m checking '/home/a/ws_nhk/install/stm32_mavlink_udp/lib'
[3.177s] [34mcolcon.colcon_core.environment[0m [1;30mLevel 1[0m checking '/home/a/ws_nhk/install/stm32_mavlink_udp/bin'
[3.177s] [34mcolcon.colcon_core.environment[0m [1;30mLevel 1[0m checking '/home/a/ws_nhk/install/stm32_mavlink_udp/lib/pkgconfig/stm32_mavlink_udp.pc'
[3.177s] [34mcolcon.colcon_core.environment[0m [1;30mLevel 1[0m checking '/home/a/ws_nhk/install/stm32_mavlink_udp/lib/python3.10/site-packages'
[3.178s] [34mcolcon.colcon_core.environment[0m [1;30mLevel 1[0m checking '/home/a/ws_nhk/install/stm32_mavlink_udp/bin'
[3.178s] [34mcolcon.colcon_core.shell[0m [1;30mINFO[0m Creating package script '/home/a/ws_nhk/install/stm32_mavlink_udp/share/stm32_mavlink_udp/package.ps1'
[3.179s] [34mcolcon.colcon_core.shell[0m [1;30mINFO[0m Creating package descriptor '/home/a/ws_nhk/install/stm32_mavlink_udp/share/stm32_mavlink_udp/package.dsv'
[3.180s] [34mcolcon.colcon_core.shell[0m [1;30mINFO[0m Creating package script '/home/a/ws_nhk/install/stm32_mavlink_udp/share/stm32_mavlink_udp/package.sh'
[3.180s] [34mcolcon.colcon_core.shell[0m [1;30mINFO[0m Creating package script '/home/a/ws_nhk/install/stm32_mavlink_udp/share/stm32_mavlink_udp/package.bash'
[3.188s] [34mcolcon.colcon_core.shell[0m [1;30mINFO[0m Creating package script '/home/a/ws_nhk/install/stm32_mavlink_udp/share/stm32_mavlink_udp/package.zsh'
[3.189s] [34mcolcon.colcon_core.environment[0m [1;30mLevel 1[0m create_file_with_runtime_dependencies(/home/a/ws_nhk/install/stm32_mavlink_udp/share/colcon-core/packages/stm32_mavlink_udp)
[3.190s] [34mcolcon.colcon_core.environment[0m [1;30mLevel 1[0m create_environment_scripts_only(stm32_mavlink_udp)
[3.190s] [34mcolcon.colcon_core.environment[0m [1;30mLevel 1[0m checking '/home/a/ws_nhk/install/stm32_mavlink_udp' for CMake module files
[3.191s] [34mcolcon.colcon_core.environment[0m [1;30mLevel 1[0m checking '/home/a/ws_nhk/install/stm32_mavlink_udp' for CMake config files
[3.191s] [34mcolcon.colcon_core.shell[0m [1;30mLevel 1[0m create_environment_hook('stm32_mavlink_udp', 'cmake_prefix_path')
[3.191s] [34mcolcon.colcon_core.shell[0m [1;30mINFO[0m Creating environment hook '/home/a/ws_nhk/install/stm32_mavlink_udp/share/stm32_mavlink_udp/hook/cmake_prefix_path.ps1'
[3.192s] [34mcolcon.colcon_core.shell[0m [1;30mINFO[0m Creating environment descriptor '/home/a/ws_nhk/install/stm32_mavlink_udp/share/stm32_mavlink_udp/hook/cmake_prefix_path.dsv'
[3.193s] [34mcolcon.colcon_core.shell[0m [1;30mINFO[0m Creating environment hook '/home/a/ws_nhk/install/stm32_mavlink_udp/share/stm32_mavlink_udp/hook/cmake_prefix_path.sh'
[3.194s] [34mcolcon.colcon_core.environment[0m [1;30mLevel 1[0m checking '/home/a/ws_nhk/install/stm32_mavlink_udp/lib'
[3.194s] [34mcolcon.colcon_core.environment[0m [1;30mLevel 1[0m checking '/home/a/ws_nhk/install/stm32_mavlink_udp/bin'
[3.201s] [34mcolcon.colcon_core.environment[0m [1;30mLevel 1[0m checking '/home/a/ws_nhk/install/stm32_mavlink_udp/lib/pkgconfig/stm32_mavlink_udp.pc'
[3.201s] [34mcolcon.colcon_core.environment[0m [1;30mLevel 1[0m checking '/home/a/ws_nhk/install/stm32_mavlink_udp/lib/python3.10/site-packages'
[3.202s] [34mcolcon.colcon_core.environment[0m [1;30mLevel 1[0m checking '/home/a/ws_nhk/install/stm32_mavlink_udp/bin'
[3.202s] [34mcolcon.colcon_core.shell[0m [1;30mINFO[0m Creating package script '/home/a/ws_nhk/install/stm32_mavlink_udp/share/stm32_mavlink_udp/package.ps1'
[3.203s] [34mcolcon.colcon_core.shell[0m [1;30mINFO[0m Creating package descriptor '/home/a/ws_nhk/install/stm32_mavlink_udp/share/stm32_mavlink_udp/package.dsv'
[3.204s] [34mcolcon.colcon_core.shell[0m [1;30mINFO[0m Creating package script '/home/a/ws_nhk/install/stm32_mavlink_udp/share/stm32_mavlink_udp/package.sh'
[3.208s] [34mcolcon.colcon_core.shell[0m [1;30mINFO[0m Creating package script '/home/a/ws_nhk/install/stm32_mavlink_udp/share/stm32_mavlink_udp/package.bash'
[3.209s] [34mcolcon.colcon_core.shell[0m [1;30mINFO[0m Creating package script '/home/a/ws_nhk/install/stm32_mavlink_udp/share/stm32_mavlink_udp/package.zsh'
[3.210s] [34mcolcon.colcon_core.environment[0m [1;30mLevel 1[0m create_file_with_runtime_dependencies(/home/a/ws_nhk/install/stm32_mavlink_udp/share/colcon-core/packages/stm32_mavlink_udp)
[3.939s] [34mcolcon.colcon_core.task.python.build[0m [1;30mINFO[0m Building Python package in '/home/a/ws_nhk/src/moveit2/moveit_configs_utils'
[3.939s] [34mcolcon.colcon_core.shell[0m [1;30mINFO[0m Skip shell extension 'powershell' for command environment: Not usable outside of PowerShell
[3.939s] [34mcolcon.colcon_core.shell[0m [1;30mDEBUG[0m [32mSkip shell extension 'dsv' for command environment[0m
[3.965s] [34mcolcon.colcon_core.environment[0m [1;30mLevel 1[0m checking '/home/a/ws_nhk/install/rogidrive' for CMake module files
[3.966s] [34mcolcon.colcon_core.event_handler.log_command[0m [1;30mDEBUG[0m [32mInvoked command in '/home/a/ws_nhk/src/rogidrive/rogidrive' returned '0': CMAKE_PREFIX_PATH=/home/a/ws_nhk/install/rogidrive_msg:/home/a/ws_nhk/install/stm32_mavlink_udp:/home/a/ws_nhk/install/stm32_mavlink_uart:/home/a/ws_nhk/install/stm32_mavlink_msgs:/home/a/ws_nhk/install/sakai_r2_config:/home/a/ws_nhk/install/moveit_runtime:/home/a/ws_nhk/install/moveit_r2_config:/home/a/ws_nhk/install/moveit_config:/home/a/ws_nhk/install/moveit2_tutorials:/home/a/ws_nhk/install/moveit:/home/a/ws_nhk/install/moveit_planners:/home/a/ws_nhk/install/pilz_industrial_motion_planner:/home/a/ws_nhk/install/moveit_task_constructor_visualization:/home/a/ws_nhk/install/moveit_task_constructor_demo:/home/a/ws_nhk/install/moveit_task_constructor_capabilities:/home/a/ws_nhk/install/moveit_task_constructor_core:/home/a/ws_nhk/install/moveit_setup_assistant:/home/a/ws_nhk/install/moveit_setup_srdf_plugins:/home/a/ws_nhk/install/moveit_setup_core_plugins:/home/a/ws_nhk/install/moveit_setup_controllers:/home/a/ws_nhk/install/moveit_setup_app_plugins:/home/a/ws_nhk/install/moveit_setup_framework:/home/a/ws_nhk/install/moveit_servo:/home/a/ws_nhk/install/moveit_ros:/home/a/ws_nhk/install/moveit_ros_visualization:/home/a/ws_nhk/install/moveit_hybrid_planning:/home/a/ws_nhk/install/moveit_ros_planning_interface:/home/a/ws_nhk/install/moveit_resources_prbt_pg70_support:/home/a/ws_nhk/install/moveit_resources_prbt_moveit_config:/home/a/ws_nhk/install/moveit_ros_move_group:/home/a/ws_nhk/install/moveit_kinematics:/home/a/ws_nhk/install/trac_ik:/home/a/ws_nhk/install/trac_ik_kinematics_plugin:/home/a/ws_nhk/install/trac_ik_lib:/home/a/ws_nhk/install/pilz_industrial_motion_planner_testutils:/home/a/ws_nhk/install/moveit_visual_tools:/home/a/ws_nhk/install/moveit_ros_control_interface:/home/a/ws_nhk/install/moveit_plugins:/home/a/ws_nhk/install/moveit_simple_controller_manager:/home/a/ws_nhk/install/moveit_ros_benchmarks:/home/a/ws_nhk/install/moveit_ros_warehouse:/home/a/ws_nhk/install/moveit_ros_robot_interaction:/home/a/ws_nhk/install/moveit_ros_perception:/home/a/ws_nhk/install/moveit_planners_ompl:/home/a/ws_nhk/install/moveit_ros_planning:/home/a/ws_nhk/install/moveit_ros_occupancy_map_monitor:/home/a/ws_nhk/install/moveit_resources_prbt_ikfast_manipulator_plugin:/home/a/ws_nhk/install/moveit_planners_chomp:/home/a/ws_nhk/install/moveit_chomp_optimizer_adapter:/home/a/ws_nhk/install/chomp_motion_planner:/home/a/ws_nhk/install/moveit_core:/home/a/ws_nhk/install/srdfdom:/home/a/ws_nhk/install/rviz_marker_tools:/home/a/ws_nhk/install/rosparam_shortcuts:/home/a/ws_nhk/install/r2_odrive:/home/a/ws_nhk/install/nhk_bt:/home/a/ws_nhk/install/moveit_task_constructor_msgs:/home/a/ws_nhk/install/moveit_resources_prbt_support:/home/a/ws_nhk/install/moveit_resources:/home/a/ws_nhk/install/moveit_resources_pr2_description:/home/a/ws_nhk/install/moveit_resources_panda_moveit_config:/home/a/ws_nhk/install/moveit_resources_panda_description:/home/a/ws_nhk/install/moveit_resources_fanuc_moveit_config:/home/a/ws_nhk/install/moveit_resources_fanuc_description:/home/a/ws_nhk/install/moveit_common:/home/a/ws_nhk/install/dynamixel_sdk_examples:/home/a/ws_nhk/install/dynamixel_sdk_custom_interfaces:/home/a/ws_nhk/install/dynamixel_controller:/home/a/ws_nhk/install/dynamixel_sdk:/home/a/ws_nhk/install/arm_v20_description:/home/a/ws_nhk/install/arm_module_description:/home/a/ws_nhk/install/a_r2_description:/home/a/install/field_description_test LD_LIBRARY_PATH=/home/a/ws_nhk/install/rogidrive_msg/lib:/home/a/ws_nhk/install/stm32_mavlink_msgs/lib:/home/a/ws_nhk/install/pilz_industrial_motion_planner/lib:/home/a/ws_nhk/install/moveit_task_constructor_visualization/lib:/home/a/ws_nhk/install/moveit_task_constructor_demo/lib:/home/a/ws_nhk/install/moveit_task_constructor_capabilities/lib:/home/a/ws_nhk/install/moveit_task_constructor_core/lib:/home/a/ws_nhk/install/moveit_setup_assistant/lib:/home/a/ws_nhk/install/moveit_setup_srdf_plugins/lib:/home/a/ws_nhk/install/moveit_setup_core_plugins/lib:/home/a/ws_nhk/install/moveit_setup_controllers/lib:/home/a/ws_nhk/install/moveit_setup_app_plugins/lib:/home/a/ws_nhk/install/moveit_setup_framework/lib:/home/a/ws_nhk/install/moveit_servo/lib:/home/a/ws_nhk/install/moveit_ros_visualization/lib:/home/a/ws_nhk/install/moveit_hybrid_planning/lib:/home/a/ws_nhk/install/moveit_ros_planning_interface/lib:/home/a/ws_nhk/install/moveit_ros_move_group/lib:/home/a/ws_nhk/install/moveit_kinematics/lib:/home/a/ws_nhk/install/trac_ik_kinematics_plugin/lib:/home/a/ws_nhk/install/trac_ik_lib/lib:/home/a/ws_nhk/install/pilz_industrial_motion_planner_testutils/lib:/home/a/ws_nhk/install/moveit_visual_tools/lib:/home/a/ws_nhk/install/moveit_ros_control_interface/lib:/home/a/ws_nhk/install/moveit_simple_controller_manager/lib:/home/a/ws_nhk/install/moveit_ros_benchmarks/lib:/home/a/ws_nhk/install/moveit_ros_warehouse/lib:/home/a/ws_nhk/install/moveit_ros_robot_interaction/lib:/home/a/ws_nhk/install/moveit_ros_perception/lib:/home/a/ws_nhk/install/moveit_planners_ompl/lib:/home/a/ws_nhk/install/moveit_ros_planning/lib:/home/a/ws_nhk/install/moveit_ros_occupancy_map_monitor/lib:/home/a/ws_nhk/install/moveit_resources_prbt_ikfast_manipulator_plugin/lib:/home/a/ws_nhk/install/moveit_planners_chomp/lib:/home/a/ws_nhk/install/moveit_chomp_optimizer_adapter/lib:/home/a/ws_nhk/install/chomp_motion_planner/lib:/home/a/ws_nhk/install/moveit_core/lib:/home/a/ws_nhk/install/srdfdom/lib:/home/a/ws_nhk/install/rviz_marker_tools/lib:/home/a/ws_nhk/install/rosparam_shortcuts/lib:/home/a/ws_nhk/install/moveit_task_constructor_msgs/lib:/home/a/ws_nhk/install/dynamixel_sdk_custom_interfaces/lib:/home/a/ws_nhk/install/dynamixel_controller/lib:/home/a/ws_nhk/install/dynamixel_sdk/lib:/usr/local/lib:/usr/lib/x86_64-linux-gnu/gazebo-11/plugins:/opt/ros/humble/opt/rviz_ogre_vendor/lib:/opt/ros/humble/lib/x86_64-linux-gnu:/opt/ros/humble/lib PYTHONPATH=/home/a/ws_nhk/build/rogidrive/prefix_override:/usr/lib/python3/dist-packages/colcon_core/task/python/colcon_distutils_commands:/home/a/ws_nhk/install/rogidrive/lib/python3.10/site-packages:${PYTHONPATH} /usr/bin/python3 -W ignore:setup.py install is deprecated -W ignore:easy_install command is deprecated setup.py egg_info --egg-base ../../../build/rogidrive build --build-base /home/a/ws_nhk/build/rogidrive/build install --record /home/a/ws_nhk/build/rogidrive/install.log --single-version-externally-managed install_data[0m
[3.966s] [34mcolcon.colcon_core.environment[0m [1;30mLevel 1[0m checking '/home/a/ws_nhk/install/rogidrive' for CMake config files
[3.967s] [34mcolcon.colcon_core.environment[0m [1;30mLevel 1[0m checking '/home/a/ws_nhk/install/rogidrive/lib'
[3.967s] [34mcolcon.colcon_core.environment[0m [1;30mLevel 1[0m checking '/home/a/ws_nhk/install/rogidrive/bin'
[3.967s] [34mcolcon.colcon_core.environment[0m [1;30mLevel 1[0m checking '/home/a/ws_nhk/install/rogidrive/lib/pkgconfig/rogidrive.pc'
[3.968s] [34mcolcon.colcon_core.environment[0m [1;30mLevel 1[0m checking '/home/a/ws_nhk/install/rogidrive/lib/python3.10/site-packages'
[3.968s] [34mcolcon.colcon_core.shell[0m [1;30mLevel 1[0m create_environment_hook('rogidrive', 'pythonpath')
[3.968s] [34mcolcon.colcon_core.shell[0m [1;30mINFO[0m Creating environment hook '/home/a/ws_nhk/install/rogidrive/share/rogidrive/hook/pythonpath.ps1'
[3.969s] [34mcolcon.colcon_core.shell[0m [1;30mINFO[0m Creating environment descriptor '/home/a/ws_nhk/install/rogidrive/share/rogidrive/hook/pythonpath.dsv'
[3.969s] [34mcolcon.colcon_core.shell[0m [1;30mINFO[0m Creating environment hook '/home/a/ws_nhk/install/rogidrive/share/rogidrive/hook/pythonpath.sh'
[3.970s] [34mcolcon.colcon_core.environment[0m [1;30mLevel 1[0m checking '/home/a/ws_nhk/install/rogidrive/bin'
[3.970s] [34mcolcon.colcon_core.environment[0m [1;30mLevel 1[0m create_environment_scripts_only(rogidrive)
[3.971s] [34mcolcon.colcon_core.shell[0m [1;30mINFO[0m Creating package script '/home/a/ws_nhk/install/rogidrive/share/rogidrive/package.ps1'
[3.972s] [34mcolcon.colcon_core.shell[0m [1;30mINFO[0m Creating package descriptor '/home/a/ws_nhk/install/rogidrive/share/rogidrive/package.dsv'
[3.972s] [34mcolcon.colcon_core.shell[0m [1;30mINFO[0m Creating package script '/home/a/ws_nhk/install/rogidrive/share/rogidrive/package.sh'
[3.973s] [34mcolcon.colcon_core.shell[0m [1;30mINFO[0m Creating package script '/home/a/ws_nhk/install/rogidrive/share/rogidrive/package.bash'
[3.973s] [34mcolcon.colcon_core.shell[0m [1;30mINFO[0m Creating package script '/home/a/ws_nhk/install/rogidrive/share/rogidrive/package.zsh'
[3.973s] [34mcolcon.colcon_core.environment[0m [1;30mLevel 1[0m create_file_with_runtime_dependencies(/home/a/ws_nhk/install/rogidrive/share/colcon-core/packages/rogidrive)
[3.974s] [34mcolcon.colcon_core.environment[0m [1;30mLevel 1[0m checking '/home/a/ws_nhk/install/r2_odrive' for CMake module files
[3.975s] [34mcolcon.colcon_core.environment[0m [1;30mLevel 1[0m checking '/home/a/ws_nhk/install/r2_odrive' for CMake config files
[3.975s] [34mcolcon.colcon_core.shell[0m [1;30mLevel 1[0m create_environment_hook('r2_odrive', 'cmake_prefix_path')
[3.975s] [34mcolcon.colcon_core.shell[0m [1;30mINFO[0m Creating environment hook '/home/a/ws_nhk/install/r2_odrive/share/r2_odrive/hook/cmake_prefix_path.ps1'
[3.976s] [34mcolcon.colcon_core.shell[0m [1;30mINFO[0m Creating environment descriptor '/home/a/ws_nhk/install/r2_odrive/share/r2_odrive/hook/cmake_prefix_path.dsv'
[3.977s] [34mcolcon.colcon_core.event_handler.log_command[0m [1;30mDEBUG[0m [32mInvoked command in '/home/a/ws_nhk/src/r2_odrive' returned '0': CMAKE_PREFIX_PATH=/home/a/ws_nhk/install/rogidrive_msg:/home/a/ws_nhk/install/stm32_mavlink_udp:/home/a/ws_nhk/install/stm32_mavlink_uart:/home/a/ws_nhk/install/stm32_mavlink_msgs:/home/a/ws_nhk/install/sakai_r2_config:/home/a/ws_nhk/install/moveit_runtime:/home/a/ws_nhk/install/moveit_r2_config:/home/a/ws_nhk/install/moveit_config:/home/a/ws_nhk/install/moveit2_tutorials:/home/a/ws_nhk/install/moveit:/home/a/ws_nhk/install/moveit_planners:/home/a/ws_nhk/install/pilz_industrial_motion_planner:/home/a/ws_nhk/install/moveit_task_constructor_visualization:/home/a/ws_nhk/install/moveit_task_constructor_demo:/home/a/ws_nhk/install/moveit_task_constructor_capabilities:/home/a/ws_nhk/install/moveit_task_constructor_core:/home/a/ws_nhk/install/moveit_setup_assistant:/home/a/ws_nhk/install/moveit_setup_srdf_plugins:/home/a/ws_nhk/install/moveit_setup_core_plugins:/home/a/ws_nhk/install/moveit_setup_controllers:/home/a/ws_nhk/install/moveit_setup_app_plugins:/home/a/ws_nhk/install/moveit_setup_framework:/home/a/ws_nhk/install/moveit_servo:/home/a/ws_nhk/install/moveit_ros:/home/a/ws_nhk/install/moveit_ros_visualization:/home/a/ws_nhk/install/moveit_hybrid_planning:/home/a/ws_nhk/install/moveit_ros_planning_interface:/home/a/ws_nhk/install/moveit_resources_prbt_pg70_support:/home/a/ws_nhk/install/moveit_resources_prbt_moveit_config:/home/a/ws_nhk/install/moveit_ros_move_group:/home/a/ws_nhk/install/moveit_kinematics:/home/a/ws_nhk/install/trac_ik:/home/a/ws_nhk/install/trac_ik_kinematics_plugin:/home/a/ws_nhk/install/trac_ik_lib:/home/a/ws_nhk/install/pilz_industrial_motion_planner_testutils:/home/a/ws_nhk/install/moveit_visual_tools:/home/a/ws_nhk/install/moveit_ros_control_interface:/home/a/ws_nhk/install/moveit_plugins:/home/a/ws_nhk/install/moveit_simple_controller_manager:/home/a/ws_nhk/install/moveit_ros_benchmarks:/home/a/ws_nhk/install/moveit_ros_warehouse:/home/a/ws_nhk/install/moveit_ros_robot_interaction:/home/a/ws_nhk/install/moveit_ros_perception:/home/a/ws_nhk/install/moveit_planners_ompl:/home/a/ws_nhk/install/moveit_ros_planning:/home/a/ws_nhk/install/moveit_ros_occupancy_map_monitor:/home/a/ws_nhk/install/moveit_resources_prbt_ikfast_manipulator_plugin:/home/a/ws_nhk/install/moveit_planners_chomp:/home/a/ws_nhk/install/moveit_chomp_optimizer_adapter:/home/a/ws_nhk/install/chomp_motion_planner:/home/a/ws_nhk/install/moveit_core:/home/a/ws_nhk/install/srdfdom:/home/a/ws_nhk/install/rviz_marker_tools:/home/a/ws_nhk/install/rosparam_shortcuts:/home/a/ws_nhk/install/r2_odrive:/home/a/ws_nhk/install/nhk_bt:/home/a/ws_nhk/install/moveit_task_constructor_msgs:/home/a/ws_nhk/install/moveit_resources_prbt_support:/home/a/ws_nhk/install/moveit_resources:/home/a/ws_nhk/install/moveit_resources_pr2_description:/home/a/ws_nhk/install/moveit_resources_panda_moveit_config:/home/a/ws_nhk/install/moveit_resources_panda_description:/home/a/ws_nhk/install/moveit_resources_fanuc_moveit_config:/home/a/ws_nhk/install/moveit_resources_fanuc_description:/home/a/ws_nhk/install/moveit_common:/home/a/ws_nhk/install/dynamixel_sdk_examples:/home/a/ws_nhk/install/dynamixel_sdk_custom_interfaces:/home/a/ws_nhk/install/dynamixel_controller:/home/a/ws_nhk/install/dynamixel_sdk:/home/a/ws_nhk/install/arm_v20_description:/home/a/ws_nhk/install/arm_module_description:/home/a/ws_nhk/install/a_r2_description:/home/a/install/field_description_test LD_LIBRARY_PATH=/home/a/ws_nhk/install/rogidrive_msg/lib:/home/a/ws_nhk/install/stm32_mavlink_msgs/lib:/home/a/ws_nhk/install/pilz_industrial_motion_planner/lib:/home/a/ws_nhk/install/moveit_task_constructor_visualization/lib:/home/a/ws_nhk/install/moveit_task_constructor_demo/lib:/home/a/ws_nhk/install/moveit_task_constructor_capabilities/lib:/home/a/ws_nhk/install/moveit_task_constructor_core/lib:/home/a/ws_nhk/install/moveit_setup_assistant/lib:/home/a/ws_nhk/install/moveit_setup_srdf_plugins/lib:/home/a/ws_nhk/install/moveit_setup_core_plugins/lib:/home/a/ws_nhk/install/moveit_setup_controllers/lib:/home/a/ws_nhk/install/moveit_setup_app_plugins/lib:/home/a/ws_nhk/install/moveit_setup_framework/lib:/home/a/ws_nhk/install/moveit_servo/lib:/home/a/ws_nhk/install/moveit_ros_visualization/lib:/home/a/ws_nhk/install/moveit_hybrid_planning/lib:/home/a/ws_nhk/install/moveit_ros_planning_interface/lib:/home/a/ws_nhk/install/moveit_ros_move_group/lib:/home/a/ws_nhk/install/moveit_kinematics/lib:/home/a/ws_nhk/install/trac_ik_kinematics_plugin/lib:/home/a/ws_nhk/install/trac_ik_lib/lib:/home/a/ws_nhk/install/pilz_industrial_motion_planner_testutils/lib:/home/a/ws_nhk/install/moveit_visual_tools/lib:/home/a/ws_nhk/install/moveit_ros_control_interface/lib:/home/a/ws_nhk/install/moveit_simple_controller_manager/lib:/home/a/ws_nhk/install/moveit_ros_benchmarks/lib:/home/a/ws_nhk/install/moveit_ros_warehouse/lib:/home/a/ws_nhk/install/moveit_ros_robot_interaction/lib:/home/a/ws_nhk/install/moveit_ros_perception/lib:/home/a/ws_nhk/install/moveit_planners_ompl/lib:/home/a/ws_nhk/install/moveit_ros_planning/lib:/home/a/ws_nhk/install/moveit_ros_occupancy_map_monitor/lib:/home/a/ws_nhk/install/moveit_resources_prbt_ikfast_manipulator_plugin/lib:/home/a/ws_nhk/install/moveit_planners_chomp/lib:/home/a/ws_nhk/install/moveit_chomp_optimizer_adapter/lib:/home/a/ws_nhk/install/chomp_motion_planner/lib:/home/a/ws_nhk/install/moveit_core/lib:/home/a/ws_nhk/install/srdfdom/lib:/home/a/ws_nhk/install/rviz_marker_tools/lib:/home/a/ws_nhk/install/rosparam_shortcuts/lib:/home/a/ws_nhk/install/moveit_task_constructor_msgs/lib:/home/a/ws_nhk/install/dynamixel_sdk_custom_interfaces/lib:/home/a/ws_nhk/install/dynamixel_controller/lib:/home/a/ws_nhk/install/dynamixel_sdk/lib:/usr/local/lib:/usr/lib/x86_64-linux-gnu/gazebo-11/plugins:/opt/ros/humble/opt/rviz_ogre_vendor/lib:/opt/ros/humble/lib/x86_64-linux-gnu:/opt/ros/humble/lib PYTHONPATH=/home/a/ws_nhk/build/r2_odrive/prefix_override:/usr/lib/python3/dist-packages/colcon_core/task/python/colcon_distutils_commands:/home/a/ws_nhk/install/r2_odrive/lib/python3.10/site-packages:${PYTHONPATH} /usr/bin/python3 -W ignore:setup.py install is deprecated -W ignore:easy_install command is deprecated setup.py egg_info --egg-base ../../build/r2_odrive build --build-base /home/a/ws_nhk/build/r2_odrive/build install --record /home/a/ws_nhk/build/r2_odrive/install.log --single-version-externally-managed install_data[0m
[3.978s] [34mcolcon.colcon_core.shell[0m [1;30mINFO[0m Creating environment hook '/home/a/ws_nhk/install/r2_odrive/share/r2_odrive/hook/cmake_prefix_path.sh'
[3.978s] [34mcolcon.colcon_core.environment[0m [1;30mLevel 1[0m checking '/home/a/ws_nhk/install/r2_odrive/lib'
[3.978s] [34mcolcon.colcon_core.environment[0m [1;30mLevel 1[0m checking '/home/a/ws_nhk/install/r2_odrive/bin'
[3.979s] [34mcolcon.colcon_core.environment[0m [1;30mLevel 1[0m checking '/home/a/ws_nhk/install/r2_odrive/lib/pkgconfig/r2_odrive.pc'
[3.979s] [34mcolcon.colcon_core.environment[0m [1;30mLevel 1[0m checking '/home/a/ws_nhk/install/r2_odrive/lib/python3.10/site-packages'
[3.979s] [34mcolcon.colcon_core.shell[0m [1;30mLevel 1[0m create_environment_hook('r2_odrive', 'pythonpath')
[3.979s] [34mcolcon.colcon_core.shell[0m [1;30mINFO[0m Creating environment hook '/home/a/ws_nhk/install/r2_odrive/share/r2_odrive/hook/pythonpath.ps1'
[3.980s] [34mcolcon.colcon_core.shell[0m [1;30mINFO[0m Creating environment descriptor '/home/a/ws_nhk/install/r2_odrive/share/r2_odrive/hook/pythonpath.dsv'
[3.980s] [34mcolcon.colcon_core.shell[0m [1;30mINFO[0m Creating environment hook '/home/a/ws_nhk/install/r2_odrive/share/r2_odrive/hook/pythonpath.sh'
[3.981s] [34mcolcon.colcon_core.environment[0m [1;30mLevel 1[0m checking '/home/a/ws_nhk/install/r2_odrive/bin'
[3.981s] [34mcolcon.colcon_core.environment[0m [1;30mLevel 1[0m create_environment_scripts_only(r2_odrive)
[3.982s] [34mcolcon.colcon_core.shell[0m [1;30mINFO[0m Creating package script '/home/a/ws_nhk/install/r2_odrive/share/r2_odrive/package.ps1'
[3.983s] [34mcolcon.colcon_core.shell[0m [1;30mINFO[0m Creating package descriptor '/home/a/ws_nhk/install/r2_odrive/share/r2_odrive/package.dsv'
[3.983s] [34mcolcon.colcon_core.shell[0m [1;30mINFO[0m Creating package script '/home/a/ws_nhk/install/r2_odrive/share/r2_odrive/package.sh'
[3.984s] [34mcolcon.colcon_core.shell[0m [1;30mINFO[0m Creating package script '/home/a/ws_nhk/install/r2_odrive/share/r2_odrive/package.bash'
[3.985s] [34mcolcon.colcon_core.shell[0m [1;30mINFO[0m Creating package script '/home/a/ws_nhk/install/r2_odrive/share/r2_odrive/package.zsh'
[3.985s] [34mcolcon.colcon_core.environment[0m [1;30mLevel 1[0m create_file_with_runtime_dependencies(/home/a/ws_nhk/install/r2_odrive/share/colcon-core/packages/r2_odrive)
[4.199s] [34mcolcon.colcon_core.event_handler.log_command[0m [1;30mDEBUG[0m [32mInvoking command in '/home/a/ws_nhk/src/MAVLink_ros2/ikeyaMD_wizard': CMAKE_PREFIX_PATH=/home/a/ws_nhk/install/stm32_mavlink_uart:/home/a/ws_nhk/install/stm32_mavlink_msgs:/home/a/ws_nhk/install/stm32_mavlink_udp:/home/a/ws_nhk/install/sakai_r2_config:/home/a/ws_nhk/install/moveit_runtime:/home/a/ws_nhk/install/moveit_r2_config:/home/a/ws_nhk/install/moveit_config:/home/a/ws_nhk/install/moveit2_tutorials:/home/a/ws_nhk/install/moveit:/home/a/ws_nhk/install/moveit_planners:/home/a/ws_nhk/install/pilz_industrial_motion_planner:/home/a/ws_nhk/install/moveit_task_constructor_visualization:/home/a/ws_nhk/install/moveit_task_constructor_demo:/home/a/ws_nhk/install/moveit_task_constructor_capabilities:/home/a/ws_nhk/install/moveit_task_constructor_core:/home/a/ws_nhk/install/moveit_setup_assistant:/home/a/ws_nhk/install/moveit_setup_srdf_plugins:/home/a/ws_nhk/install/moveit_setup_core_plugins:/home/a/ws_nhk/install/moveit_setup_controllers:/home/a/ws_nhk/install/moveit_setup_app_plugins:/home/a/ws_nhk/install/moveit_setup_framework:/home/a/ws_nhk/install/moveit_servo:/home/a/ws_nhk/install/moveit_ros:/home/a/ws_nhk/install/moveit_ros_visualization:/home/a/ws_nhk/install/moveit_hybrid_planning:/home/a/ws_nhk/install/moveit_ros_planning_interface:/home/a/ws_nhk/install/moveit_resources_prbt_pg70_support:/home/a/ws_nhk/install/moveit_resources_prbt_moveit_config:/home/a/ws_nhk/install/moveit_ros_move_group:/home/a/ws_nhk/install/moveit_kinematics:/home/a/ws_nhk/install/trac_ik:/home/a/ws_nhk/install/trac_ik_kinematics_plugin:/home/a/ws_nhk/install/trac_ik_lib:/home/a/ws_nhk/install/pilz_industrial_motion_planner_testutils:/home/a/ws_nhk/install/moveit_visual_tools:/home/a/ws_nhk/install/moveit_ros_control_interface:/home/a/ws_nhk/install/moveit_plugins:/home/a/ws_nhk/install/moveit_simple_controller_manager:/home/a/ws_nhk/install/moveit_ros_benchmarks:/home/a/ws_nhk/install/moveit_ros_warehouse:/home/a/ws_nhk/install/moveit_ros_robot_interaction:/home/a/ws_nhk/install/moveit_ros_perception:/home/a/ws_nhk/install/moveit_planners_ompl:/home/a/ws_nhk/install/moveit_ros_planning:/home/a/ws_nhk/install/moveit_ros_occupancy_map_monitor:/home/a/ws_nhk/install/moveit_resources_prbt_ikfast_manipulator_plugin:/home/a/ws_nhk/install/moveit_planners_chomp:/home/a/ws_nhk/install/moveit_chomp_optimizer_adapter:/home/a/ws_nhk/install/chomp_motion_planner:/home/a/ws_nhk/install/moveit_core:/home/a/ws_nhk/install/srdfdom:/home/a/ws_nhk/install/rviz_marker_tools:/home/a/ws_nhk/install/rosparam_shortcuts:/home/a/ws_nhk/install/r2_odrive:/home/a/ws_nhk/install/rogidrive_msg:/home/a/ws_nhk/install/nhk_bt:/home/a/ws_nhk/install/moveit_task_constructor_msgs:/home/a/ws_nhk/install/moveit_resources_prbt_support:/home/a/ws_nhk/install/moveit_resources:/home/a/ws_nhk/install/moveit_resources_pr2_description:/home/a/ws_nhk/install/moveit_resources_panda_moveit_config:/home/a/ws_nhk/install/moveit_resources_panda_description:/home/a/ws_nhk/install/moveit_resources_fanuc_moveit_config:/home/a/ws_nhk/install/moveit_resources_fanuc_description:/home/a/ws_nhk/install/moveit_common:/home/a/ws_nhk/install/dynamixel_sdk_examples:/home/a/ws_nhk/install/dynamixel_sdk_custom_interfaces:/home/a/ws_nhk/install/dynamixel_controller:/home/a/ws_nhk/install/dynamixel_sdk:/home/a/ws_nhk/install/arm_v20_description:/home/a/ws_nhk/install/arm_module_description:/home/a/ws_nhk/install/a_r2_description:/home/a/install/field_description_test PYTHONPATH=/home/a/ws_nhk/build/ikeyaMD_wizard/prefix_override:/usr/lib/python3/dist-packages/colcon_core/task/python/colcon_distutils_commands:/home/a/ws_nhk/install/ikeyaMD_wizard/lib/python3.10/site-packages:${PYTHONPATH} /usr/bin/python3 -W ignore:setup.py install is deprecated -W ignore:easy_install command is deprecated setup.py egg_info --egg-base ../../../build/ikeyaMD_wizard build --build-base /home/a/ws_nhk/build/ikeyaMD_wizard/build install --record /home/a/ws_nhk/build/ikeyaMD_wizard/install.log --single-version-externally-managed install_data[0m
[4.699s] [34mcolcon.colcon_core.event_handler.log_command[0m [1;30mDEBUG[0m [32mInvoking command in '/home/a/ws_nhk/src/moveit2/moveit_configs_utils': AMENT_PREFIX_PATH=/home/a/ws_nhk/install/launch_param_builder:/home/a/ws_nhk/install/stm32_mavlink_udp:/home/a/ws_nhk/install/ikeyaMD_wizard:/home/a/ws_nhk/install/stm32_mavlink_uart:/home/a/ws_nhk/install/stm32_mavlink_msgs:/home/a/ws_nhk/install/sakai_r2_config:/home/a/ws_nhk/install/moveit_runtime:/home/a/ws_nhk/install/moveit_r2_config:/home/a/ws_nhk/install/moveit_config:/home/a/ws_nhk/install/moveit2_tutorials:/home/a/ws_nhk/install/moveit:/home/a/ws_nhk/install/moveit_planners:/home/a/ws_nhk/install/pilz_industrial_motion_planner:/home/a/ws_nhk/install/moveit_task_constructor_visualization:/home/a/ws_nhk/install/moveit_task_constructor_demo:/home/a/ws_nhk/install/moveit_task_constructor_capabilities:/home/a/ws_nhk/install/moveit_task_constructor_core:/home/a/ws_nhk/install/moveit_setup_assistant:/home/a/ws_nhk/install/moveit_setup_srdf_plugins:/home/a/ws_nhk/install/moveit_setup_core_plugins:/home/a/ws_nhk/install/moveit_setup_controllers:/home/a/ws_nhk/install/moveit_setup_app_plugins:/home/a/ws_nhk/install/moveit_setup_framework:/home/a/ws_nhk/install/moveit_servo:/home/a/ws_nhk/install/moveit_ros:/home/a/ws_nhk/install/moveit_ros_visualization:/home/a/ws_nhk/install/moveit_hybrid_planning:/home/a/ws_nhk/install/moveit_ros_planning_interface:/home/a/ws_nhk/install/moveit_resources_prbt_pg70_support:/home/a/ws_nhk/install/moveit_resources_prbt_moveit_config:/home/a/ws_nhk/install/moveit_ros_move_group:/home/a/ws_nhk/install/moveit_kinematics:/home/a/ws_nhk/install/trac_ik:/home/a/ws_nhk/install/trac_ik_kinematics_plugin:/home/a/ws_nhk/install/trac_ik_lib:/home/a/ws_nhk/install/pilz_industrial_motion_planner_testutils:/home/a/ws_nhk/install/moveit_visual_tools:/home/a/ws_nhk/install/moveit_ros_control_interface:/home/a/ws_nhk/install/moveit_plugins:/home/a/ws_nhk/install/moveit_simple_controller_manager:/home/a/ws_nhk/install/moveit_ros_benchmarks:/home/a/ws_nhk/install/moveit_ros_warehouse:/home/a/ws_nhk/install/moveit_ros_robot_interaction:/home/a/ws_nhk/install/moveit_ros_perception:/home/a/ws_nhk/install/moveit_planners_ompl:/home/a/ws_nhk/install/moveit_ros_planning:/home/a/ws_nhk/install/moveit_ros_occupancy_map_monitor:/home/a/ws_nhk/install/moveit_resources_prbt_ikfast_manipulator_plugin:/home/a/ws_nhk/install/moveit_planners_chomp:/home/a/ws_nhk/install/moveit_chomp_optimizer_adapter:/home/a/ws_nhk/install/chomp_motion_planner:/home/a/ws_nhk/install/moveit_core:/home/a/ws_nhk/install/moveit_configs_utils:/home/a/ws_nhk/install/srdfdom:/home/a/ws_nhk/install/rviz_marker_tools:/home/a/ws_nhk/install/rosparam_shortcuts:/home/a/ws_nhk/install/rogidrive:/home/a/ws_nhk/install/r2_odrive:/home/a/ws_nhk/install/rogidrive_msg:/home/a/ws_nhk/install/nhk_bt:/home/a/ws_nhk/install/moveit_task_constructor_msgs:/home/a/ws_nhk/install/moveit_resources_prbt_support:/home/a/ws_nhk/install/moveit_resources:/home/a/ws_nhk/install/moveit_resources_pr2_description:/home/a/ws_nhk/install/moveit_resources_panda_moveit_config:/home/a/ws_nhk/install/moveit_resources_panda_description:/home/a/ws_nhk/install/moveit_resources_fanuc_moveit_config:/home/a/ws_nhk/install/moveit_resources_fanuc_description:/home/a/ws_nhk/install/moveit_common:/home/a/ws_nhk/install/dynamixel_sdk_examples:/home/a/ws_nhk/install/dynamixel_sdk_custom_interfaces:/home/a/ws_nhk/install/dynamixel_controller_gui:/home/a/ws_nhk/install/dynamixel_controller:/home/a/ws_nhk/install/dynamixel_sdk:/home/a/ws_nhk/install/dynamixel_controller_client:/home/a/ws_nhk/install/arm_v20_description:/home/a/ws_nhk/install/arm_module_description:/home/a/ws_nhk/install/a_r2_description:/home/a/install/field_description_test:/opt/ros/humble CMAKE_PREFIX_PATH=/home/a/ws_nhk/install/srdfdom:/home/a/ws_nhk/install/stm32_mavlink_udp:/home/a/ws_nhk/install/stm32_mavlink_uart:/home/a/ws_nhk/install/stm32_mavlink_msgs:/home/a/ws_nhk/install/sakai_r2_config:/home/a/ws_nhk/install/moveit_runtime:/home/a/ws_nhk/install/moveit_r2_config:/home/a/ws_nhk/install/moveit_config:/home/a/ws_nhk/install/moveit2_tutorials:/home/a/ws_nhk/install/moveit:/home/a/ws_nhk/install/moveit_planners:/home/a/ws_nhk/install/pilz_industrial_motion_planner:/home/a/ws_nhk/install/moveit_task_constructor_visualization:/home/a/ws_nhk/install/moveit_task_constructor_demo:/home/a/ws_nhk/install/moveit_task_constructor_capabilities:/home/a/ws_nhk/install/moveit_task_constructor_core:/home/a/ws_nhk/install/moveit_setup_assistant:/home/a/ws_nhk/install/moveit_setup_srdf_plugins:/home/a/ws_nhk/install/moveit_setup_core_plugins:/home/a/ws_nhk/install/moveit_setup_controllers:/home/a/ws_nhk/install/moveit_setup_app_plugins:/home/a/ws_nhk/install/moveit_setup_framework:/home/a/ws_nhk/install/moveit_servo:/home/a/ws_nhk/install/moveit_ros:/home/a/ws_nhk/install/moveit_ros_visualization:/home/a/ws_nhk/install/moveit_hybrid_planning:/home/a/ws_nhk/install/moveit_ros_planning_interface:/home/a/ws_nhk/install/moveit_resources_prbt_pg70_support:/home/a/ws_nhk/install/moveit_resources_prbt_moveit_config:/home/a/ws_nhk/install/moveit_ros_move_group:/home/a/ws_nhk/install/moveit_kinematics:/home/a/ws_nhk/install/trac_ik:/home/a/ws_nhk/install/trac_ik_kinematics_plugin:/home/a/ws_nhk/install/trac_ik_lib:/home/a/ws_nhk/install/pilz_industrial_motion_planner_testutils:/home/a/ws_nhk/install/moveit_visual_tools:/home/a/ws_nhk/install/moveit_ros_control_interface:/home/a/ws_nhk/install/moveit_plugins:/home/a/ws_nhk/install/moveit_simple_controller_manager:/home/a/ws_nhk/install/moveit_ros_benchmarks:/home/a/ws_nhk/install/moveit_ros_warehouse:/home/a/ws_nhk/install/moveit_ros_robot_interaction:/home/a/ws_nhk/install/moveit_ros_perception:/home/a/ws_nhk/install/moveit_planners_ompl:/home/a/ws_nhk/install/moveit_ros_planning:/home/a/ws_nhk/install/moveit_ros_occupancy_map_monitor:/home/a/ws_nhk/install/moveit_resources_prbt_ikfast_manipulator_plugin:/home/a/ws_nhk/install/moveit_planners_chomp:/home/a/ws_nhk/install/moveit_chomp_optimizer_adapter:/home/a/ws_nhk/install/chomp_motion_planner:/home/a/ws_nhk/install/moveit_core:/home/a/ws_nhk/install/rviz_marker_tools:/home/a/ws_nhk/install/rosparam_shortcuts:/home/a/ws_nhk/install/r2_odrive:/home/a/ws_nhk/install/rogidrive_msg:/home/a/ws_nhk/install/nhk_bt:/home/a/ws_nhk/install/moveit_task_constructor_msgs:/home/a/ws_nhk/install/moveit_resources_prbt_support:/home/a/ws_nhk/install/moveit_resources:/home/a/ws_nhk/install/moveit_resources_pr2_description:/home/a/ws_nhk/install/moveit_resources_panda_moveit_config:/home/a/ws_nhk/install/moveit_resources_panda_description:/home/a/ws_nhk/install/moveit_resources_fanuc_moveit_config:/home/a/ws_nhk/install/moveit_resources_fanuc_description:/home/a/ws_nhk/install/moveit_common:/home/a/ws_nhk/install/dynamixel_sdk_examples:/home/a/ws_nhk/install/dynamixel_sdk_custom_interfaces:/home/a/ws_nhk/install/dynamixel_controller:/home/a/ws_nhk/install/dynamixel_sdk:/home/a/ws_nhk/install/arm_v20_description:/home/a/ws_nhk/install/arm_module_description:/home/a/ws_nhk/install/a_r2_description:/home/a/install/field_description_test LD_LIBRARY_PATH=/home/a/ws_nhk/install/srdfdom/lib:/home/a/ws_nhk/install/stm32_mavlink_msgs/lib:/home/a/ws_nhk/install/pilz_industrial_motion_planner/lib:/home/a/ws_nhk/install/moveit_task_constructor_visualization/lib:/home/a/ws_nhk/install/moveit_task_constructor_demo/lib:/home/a/ws_nhk/install/moveit_task_constructor_capabilities/lib:/home/a/ws_nhk/install/moveit_task_constructor_core/lib:/home/a/ws_nhk/install/moveit_setup_assistant/lib:/home/a/ws_nhk/install/moveit_setup_srdf_plugins/lib:/home/a/ws_nhk/install/moveit_setup_core_plugins/lib:/home/a/ws_nhk/install/moveit_setup_controllers/lib:/home/a/ws_nhk/install/moveit_setup_app_plugins/lib:/home/a/ws_nhk/install/moveit_setup_framework/lib:/home/a/ws_nhk/install/moveit_servo/lib:/home/a/ws_nhk/install/moveit_ros_visualization/lib:/home/a/ws_nhk/install/moveit_hybrid_planning/lib:/home/a/ws_nhk/install/moveit_ros_planning_interface/lib:/home/a/ws_nhk/install/moveit_ros_move_group/lib:/home/a/ws_nhk/install/moveit_kinematics/lib:/home/a/ws_nhk/install/trac_ik_kinematics_plugin/lib:/home/a/ws_nhk/install/trac_ik_lib/lib:/home/a/ws_nhk/install/pilz_industrial_motion_planner_testutils/lib:/home/a/ws_nhk/install/moveit_visual_tools/lib:/home/a/ws_nhk/install/moveit_ros_control_interface/lib:/home/a/ws_nhk/install/moveit_simple_controller_manager/lib:/home/a/ws_nhk/install/moveit_ros_benchmarks/lib:/home/a/ws_nhk/install/moveit_ros_warehouse/lib:/home/a/ws_nhk/install/moveit_ros_robot_interaction/lib:/home/a/ws_nhk/install/moveit_ros_perception/lib:/home/a/ws_nhk/install/moveit_planners_ompl/lib:/home/a/ws_nhk/install/moveit_ros_planning/lib:/home/a/ws_nhk/install/moveit_ros_occupancy_map_monitor/lib:/home/a/ws_nhk/install/moveit_resources_prbt_ikfast_manipulator_plugin/lib:/home/a/ws_nhk/install/moveit_planners_chomp/lib:/home/a/ws_nhk/install/moveit_chomp_optimizer_adapter/lib:/home/a/ws_nhk/install/chomp_motion_planner/lib:/home/a/ws_nhk/install/moveit_core/lib:/home/a/ws_nhk/install/rviz_marker_tools/lib:/home/a/ws_nhk/install/rosparam_shortcuts/lib:/home/a/ws_nhk/install/rogidrive_msg/lib:/home/a/ws_nhk/install/moveit_task_constructor_msgs/lib:/home/a/ws_nhk/install/dynamixel_sdk_custom_interfaces/lib:/home/a/ws_nhk/install/dynamixel_controller/lib:/home/a/ws_nhk/install/dynamixel_sdk/lib:/usr/local/lib:/usr/lib/x86_64-linux-gnu/gazebo-11/plugins:/opt/ros/humble/opt/rviz_ogre_vendor/lib:/opt/ros/humble/lib/x86_64-linux-gnu:/opt/ros/humble/lib PYTHONPATH=/home/a/ws_nhk/build/moveit_configs_utils/prefix_override:/usr/lib/python3/dist-packages/colcon_core/task/python/colcon_distutils_commands:/home/a/ws_nhk/install/moveit_configs_utils/lib/python3.10/site-packages:/home/a/ws_nhk/install/launch_param_builder/lib/python3.10/site-packages:/home/a/ws_nhk/install/ikeyaMD_wizard/lib/python3.10/site-packages:/home/a/ws_nhk/install/stm32_mavlink_msgs/local/lib/python3.10/dist-packages:/home/a/ws_nhk/install/moveit_task_constructor_core/local/lib/python3.10/dist-packages:/home/a/ws_nhk/install/moveit_configs_utils/lib/python3.10/site-packages:/home/a/ws_nhk/install/srdfdom/local/lib/python3.10/dist-packages:/home/a/ws_nhk/install/rogidrive/lib/python3.10/site-packages:/home/a/ws_nhk/install/r2_odrive/lib/python3.10/site-packages:/home/a/ws_nhk/install/rogidrive_msg/local/lib/python3.10/dist-packages:/home/a/ws_nhk/install/moveit_task_constructor_msgs/local/lib/python3.10/dist-packages:/home/a/ws_nhk/install/dynamixel_sdk_custom_interfaces/local/lib/python3.10/dist-packages:/home/a/ws_nhk/install/dynamixel_controller_gui/lib/python3.10/site-packages:/home/a/ws_nhk/install/dynamixel_controller/local/lib/python3.10/dist-packages:/home/a/ws_nhk/install/dynamixel_controller_client/lib/python3.10/site-packages:/opt/ros/humble/lib/python3.10/site-packages:/opt/ros/humble/local/lib/python3.10/dist-packages /usr/bin/python3 -W ignore:setup.py install is deprecated -W ignore:easy_install command is deprecated setup.py egg_info --egg-base ../../../build/moveit_configs_utils build --build-base /home/a/ws_nhk/build/moveit_configs_utils/build install --record /home/a/ws_nhk/build/moveit_configs_utils/install.log --single-version-externally-managed install_data[0m
[4.770s] [34mcolcon.colcon_core.environment[0m [1;30mLevel 1[0m checking '/home/a/ws_nhk/install/ikeyaMD_wizard' for CMake module files
[4.772s] [34mcolcon.colcon_core.environment[0m [1;30mLevel 1[0m checking '/home/a/ws_nhk/install/ikeyaMD_wizard' for CMake config files
[4.772s] [34mcolcon.colcon_core.environment[0m [1;30mLevel 1[0m checking '/home/a/ws_nhk/install/ikeyaMD_wizard/lib'
[4.773s] [34mcolcon.colcon_core.environment[0m [1;30mLevel 1[0m checking '/home/a/ws_nhk/install/ikeyaMD_wizard/bin'
[4.773s] [34mcolcon.colcon_core.environment[0m [1;30mLevel 1[0m checking '/home/a/ws_nhk/install/ikeyaMD_wizard/lib/pkgconfig/ikeyaMD_wizard.pc'
[4.773s] [34mcolcon.colcon_core.environment[0m [1;30mLevel 1[0m checking '/home/a/ws_nhk/install/ikeyaMD_wizard/lib/python3.10/site-packages'
[4.773s] [34mcolcon.colcon_core.shell[0m [1;30mLevel 1[0m create_environment_hook('ikeyaMD_wizard', 'pythonpath')
[4.773s] [34mcolcon.colcon_core.shell[0m [1;30mINFO[0m Creating environment hook '/home/a/ws_nhk/install/ikeyaMD_wizard/share/ikeyaMD_wizard/hook/pythonpath.ps1'
[4.771s] [34mcolcon.colcon_core.event_handler.log_command[0m [1;30mDEBUG[0m [32mInvoked command in '/home/a/ws_nhk/src/MAVLink_ros2/ikeyaMD_wizard' returned '0': CMAKE_PREFIX_PATH=/home/a/ws_nhk/install/stm32_mavlink_uart:/home/a/ws_nhk/install/stm32_mavlink_msgs:/home/a/ws_nhk/install/stm32_mavlink_udp:/home/a/ws_nhk/install/sakai_r2_config:/home/a/ws_nhk/install/moveit_runtime:/home/a/ws_nhk/install/moveit_r2_config:/home/a/ws_nhk/install/moveit_config:/home/a/ws_nhk/install/moveit2_tutorials:/home/a/ws_nhk/install/moveit:/home/a/ws_nhk/install/moveit_planners:/home/a/ws_nhk/install/pilz_industrial_motion_planner:/home/a/ws_nhk/install/moveit_task_constructor_visualization:/home/a/ws_nhk/install/moveit_task_constructor_demo:/home/a/ws_nhk/install/moveit_task_constructor_capabilities:/home/a/ws_nhk/install/moveit_task_constructor_core:/home/a/ws_nhk/install/moveit_setup_assistant:/home/a/ws_nhk/install/moveit_setup_srdf_plugins:/home/a/ws_nhk/install/moveit_setup_core_plugins:/home/a/ws_nhk/install/moveit_setup_controllers:/home/a/ws_nhk/install/moveit_setup_app_plugins:/home/a/ws_nhk/install/moveit_setup_framework:/home/a/ws_nhk/install/moveit_servo:/home/a/ws_nhk/install/moveit_ros:/home/a/ws_nhk/install/moveit_ros_visualization:/home/a/ws_nhk/install/moveit_hybrid_planning:/home/a/ws_nhk/install/moveit_ros_planning_interface:/home/a/ws_nhk/install/moveit_resources_prbt_pg70_support:/home/a/ws_nhk/install/moveit_resources_prbt_moveit_config:/home/a/ws_nhk/install/moveit_ros_move_group:/home/a/ws_nhk/install/moveit_kinematics:/home/a/ws_nhk/install/trac_ik:/home/a/ws_nhk/install/trac_ik_kinematics_plugin:/home/a/ws_nhk/install/trac_ik_lib:/home/a/ws_nhk/install/pilz_industrial_motion_planner_testutils:/home/a/ws_nhk/install/moveit_visual_tools:/home/a/ws_nhk/install/moveit_ros_control_interface:/home/a/ws_nhk/install/moveit_plugins:/home/a/ws_nhk/install/moveit_simple_controller_manager:/home/a/ws_nhk/install/moveit_ros_benchmarks:/home/a/ws_nhk/install/moveit_ros_warehouse:/home/a/ws_nhk/install/moveit_ros_robot_interaction:/home/a/ws_nhk/install/moveit_ros_perception:/home/a/ws_nhk/install/moveit_planners_ompl:/home/a/ws_nhk/install/moveit_ros_planning:/home/a/ws_nhk/install/moveit_ros_occupancy_map_monitor:/home/a/ws_nhk/install/moveit_resources_prbt_ikfast_manipulator_plugin:/home/a/ws_nhk/install/moveit_planners_chomp:/home/a/ws_nhk/install/moveit_chomp_optimizer_adapter:/home/a/ws_nhk/install/chomp_motion_planner:/home/a/ws_nhk/install/moveit_core:/home/a/ws_nhk/install/srdfdom:/home/a/ws_nhk/install/rviz_marker_tools:/home/a/ws_nhk/install/rosparam_shortcuts:/home/a/ws_nhk/install/r2_odrive:/home/a/ws_nhk/install/rogidrive_msg:/home/a/ws_nhk/install/nhk_bt:/home/a/ws_nhk/install/moveit_task_constructor_msgs:/home/a/ws_nhk/install/moveit_resources_prbt_support:/home/a/ws_nhk/install/moveit_resources:/home/a/ws_nhk/install/moveit_resources_pr2_description:/home/a/ws_nhk/install/moveit_resources_panda_moveit_config:/home/a/ws_nhk/install/moveit_resources_panda_description:/home/a/ws_nhk/install/moveit_resources_fanuc_moveit_config:/home/a/ws_nhk/install/moveit_resources_fanuc_description:/home/a/ws_nhk/install/moveit_common:/home/a/ws_nhk/install/dynamixel_sdk_examples:/home/a/ws_nhk/install/dynamixel_sdk_custom_interfaces:/home/a/ws_nhk/install/dynamixel_controller:/home/a/ws_nhk/install/dynamixel_sdk:/home/a/ws_nhk/install/arm_v20_description:/home/a/ws_nhk/install/arm_module_description:/home/a/ws_nhk/install/a_r2_description:/home/a/install/field_description_test PYTHONPATH=/home/a/ws_nhk/build/ikeyaMD_wizard/prefix_override:/usr/lib/python3/dist-packages/colcon_core/task/python/colcon_distutils_commands:/home/a/ws_nhk/install/ikeyaMD_wizard/lib/python3.10/site-packages:${PYTHONPATH} /usr/bin/python3 -W ignore:setup.py install is deprecated -W ignore:easy_install command is deprecated setup.py egg_info --egg-base ../../../build/ikeyaMD_wizard build --build-base /home/a/ws_nhk/build/ikeyaMD_wizard/build install --record /home/a/ws_nhk/build/ikeyaMD_wizard/install.log --single-version-externally-managed install_data[0m
[4.774s] [34mcolcon.colcon_core.shell[0m [1;30mINFO[0m Creating environment descriptor '/home/a/ws_nhk/install/ikeyaMD_wizard/share/ikeyaMD_wizard/hook/pythonpath.dsv'
[4.775s] [34mcolcon.colcon_core.shell[0m [1;30mINFO[0m Creating environment hook '/home/a/ws_nhk/install/ikeyaMD_wizard/share/ikeyaMD_wizard/hook/pythonpath.sh'
[4.776s] [34mcolcon.colcon_core.environment[0m [1;30mLevel 1[0m checking '/home/a/ws_nhk/install/ikeyaMD_wizard/bin'
[4.776s] [34mcolcon.colcon_core.environment[0m [1;30mLevel 1[0m create_environment_scripts_only(ikeyaMD_wizard)
[4.777s] [34mcolcon.colcon_core.shell[0m [1;30mINFO[0m Creating package script '/home/a/ws_nhk/install/ikeyaMD_wizard/share/ikeyaMD_wizard/package.ps1'
[4.777s] [34mcolcon.colcon_core.shell[0m [1;30mINFO[0m Creating package descriptor '/home/a/ws_nhk/install/ikeyaMD_wizard/share/ikeyaMD_wizard/package.dsv'
[4.778s] [34mcolcon.colcon_core.shell[0m [1;30mINFO[0m Creating package script '/home/a/ws_nhk/install/ikeyaMD_wizard/share/ikeyaMD_wizard/package.sh'
[4.778s] [34mcolcon.colcon_core.shell[0m [1;30mINFO[0m Creating package script '/home/a/ws_nhk/install/ikeyaMD_wizard/share/ikeyaMD_wizard/package.bash'
[4.779s] [34mcolcon.colcon_core.shell[0m [1;30mINFO[0m Creating package script '/home/a/ws_nhk/install/ikeyaMD_wizard/share/ikeyaMD_wizard/package.zsh'
[4.779s] [34mcolcon.colcon_core.environment[0m [1;30mLevel 1[0m create_file_with_runtime_dependencies(/home/a/ws_nhk/install/ikeyaMD_wizard/share/colcon-core/packages/ikeyaMD_wizard)
[5.304s] [34mcolcon.colcon_core.environment[0m [1;30mLevel 1[0m checking '/home/a/ws_nhk/install/moveit_configs_utils' for CMake module files
[5.305s] [34mcolcon.colcon_core.environment[0m [1;30mLevel 1[0m checking '/home/a/ws_nhk/install/moveit_configs_utils' for CMake config files
[5.306s] [34mcolcon.colcon_core.environment[0m [1;30mLevel 1[0m checking '/home/a/ws_nhk/install/moveit_configs_utils/lib'
[5.306s] [34mcolcon.colcon_core.environment[0m [1;30mLevel 1[0m checking '/home/a/ws_nhk/install/moveit_configs_utils/bin'
[5.306s] [34mcolcon.colcon_core.environment[0m [1;30mLevel 1[0m checking '/home/a/ws_nhk/install/moveit_configs_utils/lib/pkgconfig/moveit_configs_utils.pc'
[5.313s] [34mcolcon.colcon_core.environment[0m [1;30mLevel 1[0m checking '/home/a/ws_nhk/install/moveit_configs_utils/lib/python3.10/site-packages'
[5.314s] [34mcolcon.colcon_core.shell[0m [1;30mLevel 1[0m create_environment_hook('moveit_configs_utils', 'pythonpath')
[5.314s] [34mcolcon.colcon_core.shell[0m [1;30mINFO[0m Creating environment hook '/home/a/ws_nhk/install/moveit_configs_utils/share/moveit_configs_utils/hook/pythonpath.ps1'
[5.315s] [34mcolcon.colcon_core.event_handler.log_command[0m [1;30mDEBUG[0m [32mInvoked command in '/home/a/ws_nhk/src/moveit2/moveit_configs_utils' returned '0': AMENT_PREFIX_PATH=/home/a/ws_nhk/install/launch_param_builder:/home/a/ws_nhk/install/stm32_mavlink_udp:/home/a/ws_nhk/install/ikeyaMD_wizard:/home/a/ws_nhk/install/stm32_mavlink_uart:/home/a/ws_nhk/install/stm32_mavlink_msgs:/home/a/ws_nhk/install/sakai_r2_config:/home/a/ws_nhk/install/moveit_runtime:/home/a/ws_nhk/install/moveit_r2_config:/home/a/ws_nhk/install/moveit_config:/home/a/ws_nhk/install/moveit2_tutorials:/home/a/ws_nhk/install/moveit:/home/a/ws_nhk/install/moveit_planners:/home/a/ws_nhk/install/pilz_industrial_motion_planner:/home/a/ws_nhk/install/moveit_task_constructor_visualization:/home/a/ws_nhk/install/moveit_task_constructor_demo:/home/a/ws_nhk/install/moveit_task_constructor_capabilities:/home/a/ws_nhk/install/moveit_task_constructor_core:/home/a/ws_nhk/install/moveit_setup_assistant:/home/a/ws_nhk/install/moveit_setup_srdf_plugins:/home/a/ws_nhk/install/moveit_setup_core_plugins:/home/a/ws_nhk/install/moveit_setup_controllers:/home/a/ws_nhk/install/moveit_setup_app_plugins:/home/a/ws_nhk/install/moveit_setup_framework:/home/a/ws_nhk/install/moveit_servo:/home/a/ws_nhk/install/moveit_ros:/home/a/ws_nhk/install/moveit_ros_visualization:/home/a/ws_nhk/install/moveit_hybrid_planning:/home/a/ws_nhk/install/moveit_ros_planning_interface:/home/a/ws_nhk/install/moveit_resources_prbt_pg70_support:/home/a/ws_nhk/install/moveit_resources_prbt_moveit_config:/home/a/ws_nhk/install/moveit_ros_move_group:/home/a/ws_nhk/install/moveit_kinematics:/home/a/ws_nhk/install/trac_ik:/home/a/ws_nhk/install/trac_ik_kinematics_plugin:/home/a/ws_nhk/install/trac_ik_lib:/home/a/ws_nhk/install/pilz_industrial_motion_planner_testutils:/home/a/ws_nhk/install/moveit_visual_tools:/home/a/ws_nhk/install/moveit_ros_control_interface:/home/a/ws_nhk/install/moveit_plugins:/home/a/ws_nhk/install/moveit_simple_controller_manager:/home/a/ws_nhk/install/moveit_ros_benchmarks:/home/a/ws_nhk/install/moveit_ros_warehouse:/home/a/ws_nhk/install/moveit_ros_robot_interaction:/home/a/ws_nhk/install/moveit_ros_perception:/home/a/ws_nhk/install/moveit_planners_ompl:/home/a/ws_nhk/install/moveit_ros_planning:/home/a/ws_nhk/install/moveit_ros_occupancy_map_monitor:/home/a/ws_nhk/install/moveit_resources_prbt_ikfast_manipulator_plugin:/home/a/ws_nhk/install/moveit_planners_chomp:/home/a/ws_nhk/install/moveit_chomp_optimizer_adapter:/home/a/ws_nhk/install/chomp_motion_planner:/home/a/ws_nhk/install/moveit_core:/home/a/ws_nhk/install/moveit_configs_utils:/home/a/ws_nhk/install/srdfdom:/home/a/ws_nhk/install/rviz_marker_tools:/home/a/ws_nhk/install/rosparam_shortcuts:/home/a/ws_nhk/install/rogidrive:/home/a/ws_nhk/install/r2_odrive:/home/a/ws_nhk/install/rogidrive_msg:/home/a/ws_nhk/install/nhk_bt:/home/a/ws_nhk/install/moveit_task_constructor_msgs:/home/a/ws_nhk/install/moveit_resources_prbt_support:/home/a/ws_nhk/install/moveit_resources:/home/a/ws_nhk/install/moveit_resources_pr2_description:/home/a/ws_nhk/install/moveit_resources_panda_moveit_config:/home/a/ws_nhk/install/moveit_resources_panda_description:/home/a/ws_nhk/install/moveit_resources_fanuc_moveit_config:/home/a/ws_nhk/install/moveit_resources_fanuc_description:/home/a/ws_nhk/install/moveit_common:/home/a/ws_nhk/install/dynamixel_sdk_examples:/home/a/ws_nhk/install/dynamixel_sdk_custom_interfaces:/home/a/ws_nhk/install/dynamixel_controller_gui:/home/a/ws_nhk/install/dynamixel_controller:/home/a/ws_nhk/install/dynamixel_sdk:/home/a/ws_nhk/install/dynamixel_controller_client:/home/a/ws_nhk/install/arm_v20_description:/home/a/ws_nhk/install/arm_module_description:/home/a/ws_nhk/install/a_r2_description:/home/a/install/field_description_test:/opt/ros/humble CMAKE_PREFIX_PATH=/home/a/ws_nhk/install/srdfdom:/home/a/ws_nhk/install/stm32_mavlink_udp:/home/a/ws_nhk/install/stm32_mavlink_uart:/home/a/ws_nhk/install/stm32_mavlink_msgs:/home/a/ws_nhk/install/sakai_r2_config:/home/a/ws_nhk/install/moveit_runtime:/home/a/ws_nhk/install/moveit_r2_config:/home/a/ws_nhk/install/moveit_config:/home/a/ws_nhk/install/moveit2_tutorials:/home/a/ws_nhk/install/moveit:/home/a/ws_nhk/install/moveit_planners:/home/a/ws_nhk/install/pilz_industrial_motion_planner:/home/a/ws_nhk/install/moveit_task_constructor_visualization:/home/a/ws_nhk/install/moveit_task_constructor_demo:/home/a/ws_nhk/install/moveit_task_constructor_capabilities:/home/a/ws_nhk/install/moveit_task_constructor_core:/home/a/ws_nhk/install/moveit_setup_assistant:/home/a/ws_nhk/install/moveit_setup_srdf_plugins:/home/a/ws_nhk/install/moveit_setup_core_plugins:/home/a/ws_nhk/install/moveit_setup_controllers:/home/a/ws_nhk/install/moveit_setup_app_plugins:/home/a/ws_nhk/install/moveit_setup_framework:/home/a/ws_nhk/install/moveit_servo:/home/a/ws_nhk/install/moveit_ros:/home/a/ws_nhk/install/moveit_ros_visualization:/home/a/ws_nhk/install/moveit_hybrid_planning:/home/a/ws_nhk/install/moveit_ros_planning_interface:/home/a/ws_nhk/install/moveit_resources_prbt_pg70_support:/home/a/ws_nhk/install/moveit_resources_prbt_moveit_config:/home/a/ws_nhk/install/moveit_ros_move_group:/home/a/ws_nhk/install/moveit_kinematics:/home/a/ws_nhk/install/trac_ik:/home/a/ws_nhk/install/trac_ik_kinematics_plugin:/home/a/ws_nhk/install/trac_ik_lib:/home/a/ws_nhk/install/pilz_industrial_motion_planner_testutils:/home/a/ws_nhk/install/moveit_visual_tools:/home/a/ws_nhk/install/moveit_ros_control_interface:/home/a/ws_nhk/install/moveit_plugins:/home/a/ws_nhk/install/moveit_simple_controller_manager:/home/a/ws_nhk/install/moveit_ros_benchmarks:/home/a/ws_nhk/install/moveit_ros_warehouse:/home/a/ws_nhk/install/moveit_ros_robot_interaction:/home/a/ws_nhk/install/moveit_ros_perception:/home/a/ws_nhk/install/moveit_planners_ompl:/home/a/ws_nhk/install/moveit_ros_planning:/home/a/ws_nhk/install/moveit_ros_occupancy_map_monitor:/home/a/ws_nhk/install/moveit_resources_prbt_ikfast_manipulator_plugin:/home/a/ws_nhk/install/moveit_planners_chomp:/home/a/ws_nhk/install/moveit_chomp_optimizer_adapter:/home/a/ws_nhk/install/chomp_motion_planner:/home/a/ws_nhk/install/moveit_core:/home/a/ws_nhk/install/rviz_marker_tools:/home/a/ws_nhk/install/rosparam_shortcuts:/home/a/ws_nhk/install/r2_odrive:/home/a/ws_nhk/install/rogidrive_msg:/home/a/ws_nhk/install/nhk_bt:/home/a/ws_nhk/install/moveit_task_constructor_msgs:/home/a/ws_nhk/install/moveit_resources_prbt_support:/home/a/ws_nhk/install/moveit_resources:/home/a/ws_nhk/install/moveit_resources_pr2_description:/home/a/ws_nhk/install/moveit_resources_panda_moveit_config:/home/a/ws_nhk/install/moveit_resources_panda_description:/home/a/ws_nhk/install/moveit_resources_fanuc_moveit_config:/home/a/ws_nhk/install/moveit_resources_fanuc_description:/home/a/ws_nhk/install/moveit_common:/home/a/ws_nhk/install/dynamixel_sdk_examples:/home/a/ws_nhk/install/dynamixel_sdk_custom_interfaces:/home/a/ws_nhk/install/dynamixel_controller:/home/a/ws_nhk/install/dynamixel_sdk:/home/a/ws_nhk/install/arm_v20_description:/home/a/ws_nhk/install/arm_module_description:/home/a/ws_nhk/install/a_r2_description:/home/a/install/field_description_test LD_LIBRARY_PATH=/home/a/ws_nhk/install/srdfdom/lib:/home/a/ws_nhk/install/stm32_mavlink_msgs/lib:/home/a/ws_nhk/install/pilz_industrial_motion_planner/lib:/home/a/ws_nhk/install/moveit_task_constructor_visualization/lib:/home/a/ws_nhk/install/moveit_task_constructor_demo/lib:/home/a/ws_nhk/install/moveit_task_constructor_capabilities/lib:/home/a/ws_nhk/install/moveit_task_constructor_core/lib:/home/a/ws_nhk/install/moveit_setup_assistant/lib:/home/a/ws_nhk/install/moveit_setup_srdf_plugins/lib:/home/a/ws_nhk/install/moveit_setup_core_plugins/lib:/home/a/ws_nhk/install/moveit_setup_controllers/lib:/home/a/ws_nhk/install/moveit_setup_app_plugins/lib:/home/a/ws_nhk/install/moveit_setup_framework/lib:/home/a/ws_nhk/install/moveit_servo/lib:/home/a/ws_nhk/install/moveit_ros_visualization/lib:/home/a/ws_nhk/install/moveit_hybrid_planning/lib:/home/a/ws_nhk/install/moveit_ros_planning_interface/lib:/home/a/ws_nhk/install/moveit_ros_move_group/lib:/home/a/ws_nhk/install/moveit_kinematics/lib:/home/a/ws_nhk/install/trac_ik_kinematics_plugin/lib:/home/a/ws_nhk/install/trac_ik_lib/lib:/home/a/ws_nhk/install/pilz_industrial_motion_planner_testutils/lib:/home/a/ws_nhk/install/moveit_visual_tools/lib:/home/a/ws_nhk/install/moveit_ros_control_interface/lib:/home/a/ws_nhk/install/moveit_simple_controller_manager/lib:/home/a/ws_nhk/install/moveit_ros_benchmarks/lib:/home/a/ws_nhk/install/moveit_ros_warehouse/lib:/home/a/ws_nhk/install/moveit_ros_robot_interaction/lib:/home/a/ws_nhk/install/moveit_ros_perception/lib:/home/a/ws_nhk/install/moveit_planners_ompl/lib:/home/a/ws_nhk/install/moveit_ros_planning/lib:/home/a/ws_nhk/install/moveit_ros_occupancy_map_monitor/lib:/home/a/ws_nhk/install/moveit_resources_prbt_ikfast_manipulator_plugin/lib:/home/a/ws_nhk/install/moveit_planners_chomp/lib:/home/a/ws_nhk/install/moveit_chomp_optimizer_adapter/lib:/home/a/ws_nhk/install/chomp_motion_planner/lib:/home/a/ws_nhk/install/moveit_core/lib:/home/a/ws_nhk/install/rviz_marker_tools/lib:/home/a/ws_nhk/install/rosparam_shortcuts/lib:/home/a/ws_nhk/install/rogidrive_msg/lib:/home/a/ws_nhk/install/moveit_task_constructor_msgs/lib:/home/a/ws_nhk/install/dynamixel_sdk_custom_interfaces/lib:/home/a/ws_nhk/install/dynamixel_controller/lib:/home/a/ws_nhk/install/dynamixel_sdk/lib:/usr/local/lib:/usr/lib/x86_64-linux-gnu/gazebo-11/plugins:/opt/ros/humble/opt/rviz_ogre_vendor/lib:/opt/ros/humble/lib/x86_64-linux-gnu:/opt/ros/humble/lib PYTHONPATH=/home/a/ws_nhk/build/moveit_configs_utils/prefix_override:/usr/lib/python3/dist-packages/colcon_core/task/python/colcon_distutils_commands:/home/a/ws_nhk/install/moveit_configs_utils/lib/python3.10/site-packages:/home/a/ws_nhk/install/launch_param_builder/lib/python3.10/site-packages:/home/a/ws_nhk/install/ikeyaMD_wizard/lib/python3.10/site-packages:/home/a/ws_nhk/install/stm32_mavlink_msgs/local/lib/python3.10/dist-packages:/home/a/ws_nhk/install/moveit_task_constructor_core/local/lib/python3.10/dist-packages:/home/a/ws_nhk/install/moveit_configs_utils/lib/python3.10/site-packages:/home/a/ws_nhk/install/srdfdom/local/lib/python3.10/dist-packages:/home/a/ws_nhk/install/rogidrive/lib/python3.10/site-packages:/home/a/ws_nhk/install/r2_odrive/lib/python3.10/site-packages:/home/a/ws_nhk/install/rogidrive_msg/local/lib/python3.10/dist-packages:/home/a/ws_nhk/install/moveit_task_constructor_msgs/local/lib/python3.10/dist-packages:/home/a/ws_nhk/install/dynamixel_sdk_custom_interfaces/local/lib/python3.10/dist-packages:/home/a/ws_nhk/install/dynamixel_controller_gui/lib/python3.10/site-packages:/home/a/ws_nhk/install/dynamixel_controller/local/lib/python3.10/dist-packages:/home/a/ws_nhk/install/dynamixel_controller_client/lib/python3.10/site-packages:/opt/ros/humble/lib/python3.10/site-packages:/opt/ros/humble/local/lib/python3.10/dist-packages /usr/bin/python3 -W ignore:setup.py install is deprecated -W ignore:easy_install command is deprecated setup.py egg_info --egg-base ../../../build/moveit_configs_utils build --build-base /home/a/ws_nhk/build/moveit_configs_utils/build install --record /home/a/ws_nhk/build/moveit_configs_utils/install.log --single-version-externally-managed install_data[0m
[5.316s] [34mcolcon.colcon_core.shell[0m [1;30mINFO[0m Creating environment descriptor '/home/a/ws_nhk/install/moveit_configs_utils/share/moveit_configs_utils/hook/pythonpath.dsv'
[5.317s] [34mcolcon.colcon_core.shell[0m [1;30mINFO[0m Creating environment hook '/home/a/ws_nhk/install/moveit_configs_utils/share/moveit_configs_utils/hook/pythonpath.sh'
[5.321s] [34mcolcon.colcon_core.environment[0m [1;30mLevel 1[0m checking '/home/a/ws_nhk/install/moveit_configs_utils/bin'
[5.321s] [34mcolcon.colcon_core.environment[0m [1;30mLevel 1[0m create_environment_scripts_only(moveit_configs_utils)
[5.322s] [34mcolcon.colcon_core.shell[0m [1;30mINFO[0m Creating package script '/home/a/ws_nhk/install/moveit_configs_utils/share/moveit_configs_utils/package.ps1'
[5.323s] [34mcolcon.colcon_core.shell[0m [1;30mINFO[0m Creating package descriptor '/home/a/ws_nhk/install/moveit_configs_utils/share/moveit_configs_utils/package.dsv'
[5.328s] [34mcolcon.colcon_core.shell[0m [1;30mINFO[0m Creating package script '/home/a/ws_nhk/install/moveit_configs_utils/share/moveit_configs_utils/package.sh'
[5.329s] [34mcolcon.colcon_core.shell[0m [1;30mINFO[0m Creating package script '/home/a/ws_nhk/install/moveit_configs_utils/share/moveit_configs_utils/package.bash'
[5.330s] [34mcolcon.colcon_core.shell[0m [1;30mINFO[0m Creating package script '/home/a/ws_nhk/install/moveit_configs_utils/share/moveit_configs_utils/package.zsh'
[5.336s] [34mcolcon.colcon_core.environment[0m [1;30mLevel 1[0m create_file_with_runtime_dependencies(/home/a/ws_nhk/install/moveit_configs_utils/share/colcon-core/packages/moveit_configs_utils)
[7.661s] [34mcolcon.colcon_core.event_handler.log_command[0m [1;30mDEBUG[0m [32mInvoked command in '/home/a/ws_nhk/build/moveit_task_constructor_msgs' returned '0': CMAKE_PREFIX_PATH=${CMAKE_PREFIX_PATH}:/home/a/ws_nhk/install/ikeyaMD_wizard:/home/a/ws_nhk/install/moveit_configs_utils:/home/a/ws_nhk/install/rogidrive:/home/a/ws_nhk/install/launch_param_builder:/home/a/ws_nhk/install/dynamixel_controller_gui:/home/a/ws_nhk/install/dynamixel_controller_client:/opt/ros/humble /usr/bin/cmake --build /home/a/ws_nhk/build/moveit_task_constructor_msgs -- -j22 -l22[0m
[7.694s] [34mcolcon.colcon_core.event_handler.log_command[0m [1;30mDEBUG[0m [32mInvoking command in '/home/a/ws_nhk/build/moveit_task_constructor_msgs': CMAKE_PREFIX_PATH=${CMAKE_PREFIX_PATH}:/home/a/ws_nhk/install/ikeyaMD_wizard:/home/a/ws_nhk/install/moveit_configs_utils:/home/a/ws_nhk/install/rogidrive:/home/a/ws_nhk/install/launch_param_builder:/home/a/ws_nhk/install/dynamixel_controller_gui:/home/a/ws_nhk/install/dynamixel_controller_client:/opt/ros/humble /usr/bin/cmake --install /home/a/ws_nhk/build/moveit_task_constructor_msgs[0m
[9.609s] [34mcolcon.colcon_core.event_handler.log_command[0m [1;30mDEBUG[0m [32mInvoked command in '/home/a/ws_nhk/build/rs485_interface2' returned '0': CMAKE_PREFIX_PATH=/home/a/ws_nhk/install/stm32_mavlink_msgs:/home/a/ws_nhk/install/rogidrive_msg:/home/a/ws_nhk/install/stm32_mavlink_udp:/home/a/ws_nhk/install/stm32_mavlink_uart:/home/a/ws_nhk/install/sakai_r2_config:/home/a/ws_nhk/install/moveit_runtime:/home/a/ws_nhk/install/moveit_r2_config:/home/a/ws_nhk/install/moveit_config:/home/a/ws_nhk/install/moveit2_tutorials:/home/a/ws_nhk/install/moveit:/home/a/ws_nhk/install/moveit_planners:/home/a/ws_nhk/install/pilz_industrial_motion_planner:/home/a/ws_nhk/install/moveit_task_constructor_visualization:/home/a/ws_nhk/install/moveit_task_constructor_demo:/home/a/ws_nhk/install/moveit_task_constructor_capabilities:/home/a/ws_nhk/install/moveit_task_constructor_core:/home/a/ws_nhk/install/moveit_setup_assistant:/home/a/ws_nhk/install/moveit_setup_srdf_plugins:/home/a/ws_nhk/install/moveit_setup_core_plugins:/home/a/ws_nhk/install/moveit_setup_controllers:/home/a/ws_nhk/install/moveit_setup_app_plugins:/home/a/ws_nhk/install/moveit_setup_framework:/home/a/ws_nhk/install/moveit_servo:/home/a/ws_nhk/install/moveit_ros:/home/a/ws_nhk/install/moveit_ros_visualization:/home/a/ws_nhk/install/moveit_hybrid_planning:/home/a/ws_nhk/install/moveit_ros_planning_interface:/home/a/ws_nhk/install/moveit_resources_prbt_pg70_support:/home/a/ws_nhk/install/moveit_resources_prbt_moveit_config:/home/a/ws_nhk/install/moveit_ros_move_group:/home/a/ws_nhk/install/moveit_kinematics:/home/a/ws_nhk/install/trac_ik:/home/a/ws_nhk/install/trac_ik_kinematics_plugin:/home/a/ws_nhk/install/trac_ik_lib:/home/a/ws_nhk/install/pilz_industrial_motion_planner_testutils:/home/a/ws_nhk/install/moveit_visual_tools:/home/a/ws_nhk/install/moveit_ros_control_interface:/home/a/ws_nhk/install/moveit_plugins:/home/a/ws_nhk/install/moveit_simple_controller_manager:/home/a/ws_nhk/install/moveit_ros_benchmarks:/home/a/ws_nhk/install/moveit_ros_warehouse:/home/a/ws_nhk/install/moveit_ros_robot_interaction:/home/a/ws_nhk/install/moveit_ros_perception:/home/a/ws_nhk/install/moveit_planners_ompl:/home/a/ws_nhk/install/moveit_ros_planning:/home/a/ws_nhk/install/moveit_ros_occupancy_map_monitor:/home/a/ws_nhk/install/moveit_resources_prbt_ikfast_manipulator_plugin:/home/a/ws_nhk/install/moveit_planners_chomp:/home/a/ws_nhk/install/moveit_chomp_optimizer_adapter:/home/a/ws_nhk/install/chomp_motion_planner:/home/a/ws_nhk/install/moveit_core:/home/a/ws_nhk/install/srdfdom:/home/a/ws_nhk/install/rviz_marker_tools:/home/a/ws_nhk/install/rosparam_shortcuts:/home/a/ws_nhk/install/r2_odrive:/home/a/ws_nhk/install/nhk_bt:/home/a/ws_nhk/install/moveit_task_constructor_msgs:/home/a/ws_nhk/install/moveit_resources_prbt_support:/home/a/ws_nhk/install/moveit_resources:/home/a/ws_nhk/install/moveit_resources_pr2_description:/home/a/ws_nhk/install/moveit_resources_panda_moveit_config:/home/a/ws_nhk/install/moveit_resources_panda_description:/home/a/ws_nhk/install/moveit_resources_fanuc_moveit_config:/home/a/ws_nhk/install/moveit_resources_fanuc_description:/home/a/ws_nhk/install/moveit_common:/home/a/ws_nhk/install/dynamixel_sdk_examples:/home/a/ws_nhk/install/dynamixel_sdk_custom_interfaces:/home/a/ws_nhk/install/dynamixel_controller:/home/a/ws_nhk/install/dynamixel_sdk:/home/a/ws_nhk/install/arm_v20_description:/home/a/ws_nhk/install/arm_module_description:/home/a/ws_nhk/install/a_r2_description:/home/a/install/field_description_test:/home/a/ws_nhk/install/ikeyaMD_wizard:/home/a/ws_nhk/install/moveit_configs_utils:/home/a/ws_nhk/install/rogidrive:/home/a/ws_nhk/install/launch_param_builder:/home/a/ws_nhk/install/dynamixel_controller_gui:/home/a/ws_nhk/install/dynamixel_controller_client:/opt/ros/humble LD_LIBRARY_PATH=/home/a/ws_nhk/install/stm32_mavlink_msgs/lib:/home/a/ws_nhk/install/rogidrive_msg/lib:/home/a/ws_nhk/install/pilz_industrial_motion_planner/lib:/home/a/ws_nhk/install/moveit_task_constructor_visualization/lib:/home/a/ws_nhk/install/moveit_task_constructor_demo/lib:/home/a/ws_nhk/install/moveit_task_constructor_capabilities/lib:/home/a/ws_nhk/install/moveit_task_constructor_core/lib:/home/a/ws_nhk/install/moveit_setup_assistant/lib:/home/a/ws_nhk/install/moveit_setup_srdf_plugins/lib:/home/a/ws_nhk/install/moveit_setup_core_plugins/lib:/home/a/ws_nhk/install/moveit_setup_controllers/lib:/home/a/ws_nhk/install/moveit_setup_app_plugins/lib:/home/a/ws_nhk/install/moveit_setup_framework/lib:/home/a/ws_nhk/install/moveit_servo/lib:/home/a/ws_nhk/install/moveit_ros_visualization/lib:/home/a/ws_nhk/install/moveit_hybrid_planning/lib:/home/a/ws_nhk/install/moveit_ros_planning_interface/lib:/home/a/ws_nhk/install/moveit_ros_move_group/lib:/home/a/ws_nhk/install/moveit_kinematics/lib:/home/a/ws_nhk/install/trac_ik_kinematics_plugin/lib:/home/a/ws_nhk/install/trac_ik_lib/lib:/home/a/ws_nhk/install/pilz_industrial_motion_planner_testutils/lib:/home/a/ws_nhk/install/moveit_visual_tools/lib:/home/a/ws_nhk/install/moveit_ros_control_interface/lib:/home/a/ws_nhk/install/moveit_simple_controller_manager/lib:/home/a/ws_nhk/install/moveit_ros_benchmarks/lib:/home/a/ws_nhk/install/moveit_ros_warehouse/lib:/home/a/ws_nhk/install/moveit_ros_robot_interaction/lib:/home/a/ws_nhk/install/moveit_ros_perception/lib:/home/a/ws_nhk/install/moveit_planners_ompl/lib:/home/a/ws_nhk/install/moveit_ros_planning/lib:/home/a/ws_nhk/install/moveit_ros_occupancy_map_monitor/lib:/home/a/ws_nhk/install/moveit_resources_prbt_ikfast_manipulator_plugin/lib:/home/a/ws_nhk/install/moveit_planners_chomp/lib:/home/a/ws_nhk/install/moveit_chomp_optimizer_adapter/lib:/home/a/ws_nhk/install/chomp_motion_planner/lib:/home/a/ws_nhk/install/moveit_core/lib:/home/a/ws_nhk/install/srdfdom/lib:/home/a/ws_nhk/install/rviz_marker_tools/lib:/home/a/ws_nhk/install/rosparam_shortcuts/lib:/home/a/ws_nhk/install/moveit_task_constructor_msgs/lib:/home/a/ws_nhk/install/dynamixel_sdk_custom_interfaces/lib:/home/a/ws_nhk/install/dynamixel_controller/lib:/home/a/ws_nhk/install/dynamixel_sdk/lib:/usr/local/lib:/usr/lib/x86_64-linux-gnu/gazebo-11/plugins:/opt/ros/humble/opt/rviz_ogre_vendor/lib:/opt/ros/humble/lib/x86_64-linux-gnu:/opt/ros/humble/lib /usr/bin/cmake /home/a/ws_nhk/src/MAVLink_ros2/rs485_interface2 -DCMAKE_INSTALL_PREFIX=/home/a/ws_nhk/install/rs485_interface2[0m
[9.624s] [34mcolcon.colcon_core.event_handler.log_command[0m [1;30mDEBUG[0m [32mInvoking command in '/home/a/ws_nhk/build/rs485_interface2': CMAKE_PREFIX_PATH=/home/a/ws_nhk/install/stm32_mavlink_msgs:/home/a/ws_nhk/install/rogidrive_msg:/home/a/ws_nhk/install/stm32_mavlink_udp:/home/a/ws_nhk/install/stm32_mavlink_uart:/home/a/ws_nhk/install/sakai_r2_config:/home/a/ws_nhk/install/moveit_runtime:/home/a/ws_nhk/install/moveit_r2_config:/home/a/ws_nhk/install/moveit_config:/home/a/ws_nhk/install/moveit2_tutorials:/home/a/ws_nhk/install/moveit:/home/a/ws_nhk/install/moveit_planners:/home/a/ws_nhk/install/pilz_industrial_motion_planner:/home/a/ws_nhk/install/moveit_task_constructor_visualization:/home/a/ws_nhk/install/moveit_task_constructor_demo:/home/a/ws_nhk/install/moveit_task_constructor_capabilities:/home/a/ws_nhk/install/moveit_task_constructor_core:/home/a/ws_nhk/install/moveit_setup_assistant:/home/a/ws_nhk/install/moveit_setup_srdf_plugins:/home/a/ws_nhk/install/moveit_setup_core_plugins:/home/a/ws_nhk/install/moveit_setup_controllers:/home/a/ws_nhk/install/moveit_setup_app_plugins:/home/a/ws_nhk/install/moveit_setup_framework:/home/a/ws_nhk/install/moveit_servo:/home/a/ws_nhk/install/moveit_ros:/home/a/ws_nhk/install/moveit_ros_visualization:/home/a/ws_nhk/install/moveit_hybrid_planning:/home/a/ws_nhk/install/moveit_ros_planning_interface:/home/a/ws_nhk/install/moveit_resources_prbt_pg70_support:/home/a/ws_nhk/install/moveit_resources_prbt_moveit_config:/home/a/ws_nhk/install/moveit_ros_move_group:/home/a/ws_nhk/install/moveit_kinematics:/home/a/ws_nhk/install/trac_ik:/home/a/ws_nhk/install/trac_ik_kinematics_plugin:/home/a/ws_nhk/install/trac_ik_lib:/home/a/ws_nhk/install/pilz_industrial_motion_planner_testutils:/home/a/ws_nhk/install/moveit_visual_tools:/home/a/ws_nhk/install/moveit_ros_control_interface:/home/a/ws_nhk/install/moveit_plugins:/home/a/ws_nhk/install/moveit_simple_controller_manager:/home/a/ws_nhk/install/moveit_ros_benchmarks:/home/a/ws_nhk/install/moveit_ros_warehouse:/home/a/ws_nhk/install/moveit_ros_robot_interaction:/home/a/ws_nhk/install/moveit_ros_perception:/home/a/ws_nhk/install/moveit_planners_ompl:/home/a/ws_nhk/install/moveit_ros_planning:/home/a/ws_nhk/install/moveit_ros_occupancy_map_monitor:/home/a/ws_nhk/install/moveit_resources_prbt_ikfast_manipulator_plugin:/home/a/ws_nhk/install/moveit_planners_chomp:/home/a/ws_nhk/install/moveit_chomp_optimizer_adapter:/home/a/ws_nhk/install/chomp_motion_planner:/home/a/ws_nhk/install/moveit_core:/home/a/ws_nhk/install/srdfdom:/home/a/ws_nhk/install/rviz_marker_tools:/home/a/ws_nhk/install/rosparam_shortcuts:/home/a/ws_nhk/install/r2_odrive:/home/a/ws_nhk/install/nhk_bt:/home/a/ws_nhk/install/moveit_task_constructor_msgs:/home/a/ws_nhk/install/moveit_resources_prbt_support:/home/a/ws_nhk/install/moveit_resources:/home/a/ws_nhk/install/moveit_resources_pr2_description:/home/a/ws_nhk/install/moveit_resources_panda_moveit_config:/home/a/ws_nhk/install/moveit_resources_panda_description:/home/a/ws_nhk/install/moveit_resources_fanuc_moveit_config:/home/a/ws_nhk/install/moveit_resources_fanuc_description:/home/a/ws_nhk/install/moveit_common:/home/a/ws_nhk/install/dynamixel_sdk_examples:/home/a/ws_nhk/install/dynamixel_sdk_custom_interfaces:/home/a/ws_nhk/install/dynamixel_controller:/home/a/ws_nhk/install/dynamixel_sdk:/home/a/ws_nhk/install/arm_v20_description:/home/a/ws_nhk/install/arm_module_description:/home/a/ws_nhk/install/a_r2_description:/home/a/install/field_description_test:/home/a/ws_nhk/install/ikeyaMD_wizard:/home/a/ws_nhk/install/moveit_configs_utils:/home/a/ws_nhk/install/rogidrive:/home/a/ws_nhk/install/launch_param_builder:/home/a/ws_nhk/install/dynamixel_controller_gui:/home/a/ws_nhk/install/dynamixel_controller_client:/opt/ros/humble LD_LIBRARY_PATH=/home/a/ws_nhk/install/stm32_mavlink_msgs/lib:/home/a/ws_nhk/install/rogidrive_msg/lib:/home/a/ws_nhk/install/pilz_industrial_motion_planner/lib:/home/a/ws_nhk/install/moveit_task_constructor_visualization/lib:/home/a/ws_nhk/install/moveit_task_constructor_demo/lib:/home/a/ws_nhk/install/moveit_task_constructor_capabilities/lib:/home/a/ws_nhk/install/moveit_task_constructor_core/lib:/home/a/ws_nhk/install/moveit_setup_assistant/lib:/home/a/ws_nhk/install/moveit_setup_srdf_plugins/lib:/home/a/ws_nhk/install/moveit_setup_core_plugins/lib:/home/a/ws_nhk/install/moveit_setup_controllers/lib:/home/a/ws_nhk/install/moveit_setup_app_plugins/lib:/home/a/ws_nhk/install/moveit_setup_framework/lib:/home/a/ws_nhk/install/moveit_servo/lib:/home/a/ws_nhk/install/moveit_ros_visualization/lib:/home/a/ws_nhk/install/moveit_hybrid_planning/lib:/home/a/ws_nhk/install/moveit_ros_planning_interface/lib:/home/a/ws_nhk/install/moveit_ros_move_group/lib:/home/a/ws_nhk/install/moveit_kinematics/lib:/home/a/ws_nhk/install/trac_ik_kinematics_plugin/lib:/home/a/ws_nhk/install/trac_ik_lib/lib:/home/a/ws_nhk/install/pilz_industrial_motion_planner_testutils/lib:/home/a/ws_nhk/install/moveit_visual_tools/lib:/home/a/ws_nhk/install/moveit_ros_control_interface/lib:/home/a/ws_nhk/install/moveit_simple_controller_manager/lib:/home/a/ws_nhk/install/moveit_ros_benchmarks/lib:/home/a/ws_nhk/install/moveit_ros_warehouse/lib:/home/a/ws_nhk/install/moveit_ros_robot_interaction/lib:/home/a/ws_nhk/install/moveit_ros_perception/lib:/home/a/ws_nhk/install/moveit_planners_ompl/lib:/home/a/ws_nhk/install/moveit_ros_planning/lib:/home/a/ws_nhk/install/moveit_ros_occupancy_map_monitor/lib:/home/a/ws_nhk/install/moveit_resources_prbt_ikfast_manipulator_plugin/lib:/home/a/ws_nhk/install/moveit_planners_chomp/lib:/home/a/ws_nhk/install/moveit_chomp_optimizer_adapter/lib:/home/a/ws_nhk/install/chomp_motion_planner/lib:/home/a/ws_nhk/install/moveit_core/lib:/home/a/ws_nhk/install/srdfdom/lib:/home/a/ws_nhk/install/rviz_marker_tools/lib:/home/a/ws_nhk/install/rosparam_shortcuts/lib:/home/a/ws_nhk/install/moveit_task_constructor_msgs/lib:/home/a/ws_nhk/install/dynamixel_sdk_custom_interfaces/lib:/home/a/ws_nhk/install/dynamixel_controller/lib:/home/a/ws_nhk/install/dynamixel_sdk/lib:/usr/local/lib:/usr/lib/x86_64-linux-gnu/gazebo-11/plugins:/opt/ros/humble/opt/rviz_ogre_vendor/lib:/opt/ros/humble/lib/x86_64-linux-gnu:/opt/ros/humble/lib /usr/bin/cmake --build /home/a/ws_nhk/build/rs485_interface2 -- -j22 -l22[0m
[9.853s] [34mcolcon.colcon_core.environment[0m [1;30mLevel 1[0m create_environment_scripts_only(moveit_task_constructor_msgs)
[9.856s] [34mcolcon.colcon_core.environment[0m [1;30mLevel 1[0m checking '/home/a/ws_nhk/install/moveit_task_constructor_msgs' for CMake module files
[9.870s] [34mcolcon.colcon_core.environment[0m [1;30mLevel 1[0m checking '/home/a/ws_nhk/install/moveit_task_constructor_msgs' for CMake config files
[9.881s] [34mcolcon.colcon_core.event_handler.log_command[0m [1;30mDEBUG[0m [32mInvoked command in '/home/a/ws_nhk/build/moveit_task_constructor_msgs' returned '0': CMAKE_PREFIX_PATH=${CMAKE_PREFIX_PATH}:/home/a/ws_nhk/install/ikeyaMD_wizard:/home/a/ws_nhk/install/moveit_configs_utils:/home/a/ws_nhk/install/rogidrive:/home/a/ws_nhk/install/launch_param_builder:/home/a/ws_nhk/install/dynamixel_controller_gui:/home/a/ws_nhk/install/dynamixel_controller_client:/opt/ros/humble /usr/bin/cmake --install /home/a/ws_nhk/build/moveit_task_constructor_msgs[0m
[9.887s] [34mcolcon.colcon_core.shell[0m [1;30mLevel 1[0m create_environment_hook('moveit_task_constructor_msgs', 'cmake_prefix_path')
[9.889s] [34mcolcon.colcon_core.shell[0m [1;30mINFO[0m Creating environment hook '/home/a/ws_nhk/install/moveit_task_constructor_msgs/share/moveit_task_constructor_msgs/hook/cmake_prefix_path.ps1'
[9.897s] [34mcolcon.colcon_core.shell[0m [1;30mINFO[0m Creating environment descriptor '/home/a/ws_nhk/install/moveit_task_constructor_msgs/share/moveit_task_constructor_msgs/hook/cmake_prefix_path.dsv'
[9.905s] [34mcolcon.colcon_core.shell[0m [1;30mINFO[0m Creating environment hook '/home/a/ws_nhk/install/moveit_task_constructor_msgs/share/moveit_task_constructor_msgs/hook/cmake_prefix_path.sh'
[9.922s] [34mcolcon.colcon_core.environment[0m [1;30mLevel 1[0m checking '/home/a/ws_nhk/install/moveit_task_constructor_msgs/lib'
[9.923s] [34mcolcon.colcon_core.shell[0m [1;30mLevel 1[0m create_environment_hook('moveit_task_constructor_msgs', 'ld_library_path_lib')
[9.926s] [34mcolcon.colcon_core.shell[0m [1;30mINFO[0m Creating environment hook '/home/a/ws_nhk/install/moveit_task_constructor_msgs/share/moveit_task_constructor_msgs/hook/ld_library_path_lib.ps1'
[9.938s] [34mcolcon.colcon_core.shell[0m [1;30mINFO[0m Creating environment descriptor '/home/a/ws_nhk/install/moveit_task_constructor_msgs/share/moveit_task_constructor_msgs/hook/ld_library_path_lib.dsv'
[9.942s] [34mcolcon.colcon_core.shell[0m [1;30mINFO[0m Creating environment hook '/home/a/ws_nhk/install/moveit_task_constructor_msgs/share/moveit_task_constructor_msgs/hook/ld_library_path_lib.sh'
[9.946s] [34mcolcon.colcon_core.environment[0m [1;30mLevel 1[0m checking '/home/a/ws_nhk/install/moveit_task_constructor_msgs/bin'
[9.947s] [34mcolcon.colcon_core.environment[0m [1;30mLevel 1[0m checking '/home/a/ws_nhk/install/moveit_task_constructor_msgs/lib/pkgconfig/moveit_task_constructor_msgs.pc'
[9.949s] [34mcolcon.colcon_core.environment[0m [1;30mLevel 1[0m checking '/home/a/ws_nhk/install/moveit_task_constructor_msgs/lib/python3.10/site-packages'
[9.953s] [34mcolcon.colcon_core.environment[0m [1;30mLevel 1[0m checking '/home/a/ws_nhk/install/moveit_task_constructor_msgs/bin'
[9.957s] [34mcolcon.colcon_core.shell[0m [1;30mINFO[0m Creating package script '/home/a/ws_nhk/install/moveit_task_constructor_msgs/share/moveit_task_constructor_msgs/package.ps1'
[9.961s] [34mcolcon.colcon_core.shell[0m [1;30mINFO[0m Creating package descriptor '/home/a/ws_nhk/install/moveit_task_constructor_msgs/share/moveit_task_constructor_msgs/package.dsv'
[9.966s] [34mcolcon.colcon_core.shell[0m [1;30mINFO[0m Creating package script '/home/a/ws_nhk/install/moveit_task_constructor_msgs/share/moveit_task_constructor_msgs/package.sh'
[9.970s] [34mcolcon.colcon_core.shell[0m [1;30mINFO[0m Creating package script '/home/a/ws_nhk/install/moveit_task_constructor_msgs/share/moveit_task_constructor_msgs/package.bash'
[9.974s] [34mcolcon.colcon_core.shell[0m [1;30mINFO[0m Creating package script '/home/a/ws_nhk/install/moveit_task_constructor_msgs/share/moveit_task_constructor_msgs/package.zsh'
[9.977s] [34mcolcon.colcon_core.environment[0m [1;30mLevel 1[0m create_file_with_runtime_dependencies(/home/a/ws_nhk/install/moveit_task_constructor_msgs/share/colcon-core/packages/moveit_task_constructor_msgs)
[9.983s] [34mcolcon.colcon_core.environment[0m [1;30mLevel 1[0m create_environment_scripts_only(moveit_task_constructor_msgs)
[9.985s] [34mcolcon.colcon_core.environment[0m [1;30mLevel 1[0m checking '/home/a/ws_nhk/install/moveit_task_constructor_msgs' for CMake module files
[9.991s] [34mcolcon.colcon_core.environment[0m [1;30mLevel 1[0m checking '/home/a/ws_nhk/install/moveit_task_constructor_msgs' for CMake config files
[9.995s] [34mcolcon.colcon_core.shell[0m [1;30mLevel 1[0m create_environment_hook('moveit_task_constructor_msgs', 'cmake_prefix_path')
[9.998s] [34mcolcon.colcon_core.shell[0m [1;30mINFO[0m Creating environment hook '/home/a/ws_nhk/install/moveit_task_constructor_msgs/share/moveit_task_constructor_msgs/hook/cmake_prefix_path.ps1'
[10.002s] [34mcolcon.colcon_core.shell[0m [1;30mINFO[0m Creating environment descriptor '/home/a/ws_nhk/install/moveit_task_constructor_msgs/share/moveit_task_constructor_msgs/hook/cmake_prefix_path.dsv'
[10.006s] [34mcolcon.colcon_core.shell[0m [1;30mINFO[0m Creating environment hook '/home/a/ws_nhk/install/moveit_task_constructor_msgs/share/moveit_task_constructor_msgs/hook/cmake_prefix_path.sh'
[10.012s] [34mcolcon.colcon_core.environment[0m [1;30mLevel 1[0m checking '/home/a/ws_nhk/install/moveit_task_constructor_msgs/lib'
[10.013s] [34mcolcon.colcon_core.shell[0m [1;30mLevel 1[0m create_environment_hook('moveit_task_constructor_msgs', 'ld_library_path_lib')
[10.015s] [34mcolcon.colcon_core.shell[0m [1;30mINFO[0m Creating environment hook '/home/a/ws_nhk/install/moveit_task_constructor_msgs/share/moveit_task_constructor_msgs/hook/ld_library_path_lib.ps1'
[10.019s] [34mcolcon.colcon_core.shell[0m [1;30mINFO[0m Creating environment descriptor '/home/a/ws_nhk/install/moveit_task_constructor_msgs/share/moveit_task_constructor_msgs/hook/ld_library_path_lib.dsv'
[10.022s] [34mcolcon.colcon_core.shell[0m [1;30mINFO[0m Creating environment hook '/home/a/ws_nhk/install/moveit_task_constructor_msgs/share/moveit_task_constructor_msgs/hook/ld_library_path_lib.sh'
[10.026s] [34mcolcon.colcon_core.environment[0m [1;30mLevel 1[0m checking '/home/a/ws_nhk/install/moveit_task_constructor_msgs/bin'
[10.026s] [34mcolcon.colcon_core.environment[0m [1;30mLevel 1[0m checking '/home/a/ws_nhk/install/moveit_task_constructor_msgs/lib/pkgconfig/moveit_task_constructor_msgs.pc'
[10.028s] [34mcolcon.colcon_core.environment[0m [1;30mLevel 1[0m checking '/home/a/ws_nhk/install/moveit_task_constructor_msgs/lib/python3.10/site-packages'
[10.032s] [34mcolcon.colcon_core.environment[0m [1;30mLevel 1[0m checking '/home/a/ws_nhk/install/moveit_task_constructor_msgs/bin'
[10.035s] [34mcolcon.colcon_core.shell[0m [1;30mINFO[0m Creating package script '/home/a/ws_nhk/install/moveit_task_constructor_msgs/share/moveit_task_constructor_msgs/package.ps1'
[10.042s] [34mcolcon.colcon_core.shell[0m [1;30mINFO[0m Creating package descriptor '/home/a/ws_nhk/install/moveit_task_constructor_msgs/share/moveit_task_constructor_msgs/package.dsv'
[10.046s] [34mcolcon.colcon_core.shell[0m [1;30mINFO[0m Creating package script '/home/a/ws_nhk/install/moveit_task_constructor_msgs/share/moveit_task_constructor_msgs/package.sh'
[10.050s] [34mcolcon.colcon_core.shell[0m [1;30mINFO[0m Creating package script '/home/a/ws_nhk/install/moveit_task_constructor_msgs/share/moveit_task_constructor_msgs/package.bash'
[10.058s] [34mcolcon.colcon_core.shell[0m [1;30mINFO[0m Creating package script '/home/a/ws_nhk/install/moveit_task_constructor_msgs/share/moveit_task_constructor_msgs/package.zsh'
[10.063s] [34mcolcon.colcon_core.environment[0m [1;30mLevel 1[0m create_file_with_runtime_dependencies(/home/a/ws_nhk/install/moveit_task_constructor_msgs/share/colcon-core/packages/moveit_task_constructor_msgs)
[10.082s] [34mcolcon.colcon_core.event_handler.log_command[0m [1;30mDEBUG[0m [32mInvoked command in '/home/a/ws_nhk/build/rs485_motor_interface' returned '0': CMAKE_PREFIX_PATH=/home/a/ws_nhk/install/stm32_mavlink_msgs:/home/a/ws_nhk/install/stm32_mavlink_udp:/home/a/ws_nhk/install/stm32_mavlink_uart:/home/a/ws_nhk/install/sakai_r2_config:/home/a/ws_nhk/install/moveit_runtime:/home/a/ws_nhk/install/moveit_r2_config:/home/a/ws_nhk/install/moveit_config:/home/a/ws_nhk/install/moveit2_tutorials:/home/a/ws_nhk/install/moveit:/home/a/ws_nhk/install/moveit_planners:/home/a/ws_nhk/install/pilz_industrial_motion_planner:/home/a/ws_nhk/install/moveit_task_constructor_visualization:/home/a/ws_nhk/install/moveit_task_constructor_demo:/home/a/ws_nhk/install/moveit_task_constructor_capabilities:/home/a/ws_nhk/install/moveit_task_constructor_core:/home/a/ws_nhk/install/moveit_setup_assistant:/home/a/ws_nhk/install/moveit_setup_srdf_plugins:/home/a/ws_nhk/install/moveit_setup_core_plugins:/home/a/ws_nhk/install/moveit_setup_controllers:/home/a/ws_nhk/install/moveit_setup_app_plugins:/home/a/ws_nhk/install/moveit_setup_framework:/home/a/ws_nhk/install/moveit_servo:/home/a/ws_nhk/install/moveit_ros:/home/a/ws_nhk/install/moveit_ros_visualization:/home/a/ws_nhk/install/moveit_hybrid_planning:/home/a/ws_nhk/install/moveit_ros_planning_interface:/home/a/ws_nhk/install/moveit_resources_prbt_pg70_support:/home/a/ws_nhk/install/moveit_resources_prbt_moveit_config:/home/a/ws_nhk/install/moveit_ros_move_group:/home/a/ws_nhk/install/moveit_kinematics:/home/a/ws_nhk/install/trac_ik:/home/a/ws_nhk/install/trac_ik_kinematics_plugin:/home/a/ws_nhk/install/trac_ik_lib:/home/a/ws_nhk/install/pilz_industrial_motion_planner_testutils:/home/a/ws_nhk/install/moveit_visual_tools:/home/a/ws_nhk/install/moveit_ros_control_interface:/home/a/ws_nhk/install/moveit_plugins:/home/a/ws_nhk/install/moveit_simple_controller_manager:/home/a/ws_nhk/install/moveit_ros_benchmarks:/home/a/ws_nhk/install/moveit_ros_warehouse:/home/a/ws_nhk/install/moveit_ros_robot_interaction:/home/a/ws_nhk/install/moveit_ros_perception:/home/a/ws_nhk/install/moveit_planners_ompl:/home/a/ws_nhk/install/moveit_ros_planning:/home/a/ws_nhk/install/moveit_ros_occupancy_map_monitor:/home/a/ws_nhk/install/moveit_resources_prbt_ikfast_manipulator_plugin:/home/a/ws_nhk/install/moveit_planners_chomp:/home/a/ws_nhk/install/moveit_chomp_optimizer_adapter:/home/a/ws_nhk/install/chomp_motion_planner:/home/a/ws_nhk/install/moveit_core:/home/a/ws_nhk/install/srdfdom:/home/a/ws_nhk/install/rviz_marker_tools:/home/a/ws_nhk/install/rosparam_shortcuts:/home/a/ws_nhk/install/r2_odrive:/home/a/ws_nhk/install/rogidrive_msg:/home/a/ws_nhk/install/nhk_bt:/home/a/ws_nhk/install/moveit_task_constructor_msgs:/home/a/ws_nhk/install/moveit_resources_prbt_support:/home/a/ws_nhk/install/moveit_resources:/home/a/ws_nhk/install/moveit_resources_pr2_description:/home/a/ws_nhk/install/moveit_resources_panda_moveit_config:/home/a/ws_nhk/install/moveit_resources_panda_description:/home/a/ws_nhk/install/moveit_resources_fanuc_moveit_config:/home/a/ws_nhk/install/moveit_resources_fanuc_description:/home/a/ws_nhk/install/moveit_common:/home/a/ws_nhk/install/dynamixel_sdk_examples:/home/a/ws_nhk/install/dynamixel_sdk_custom_interfaces:/home/a/ws_nhk/install/dynamixel_controller:/home/a/ws_nhk/install/dynamixel_sdk:/home/a/ws_nhk/install/arm_v20_description:/home/a/ws_nhk/install/arm_module_description:/home/a/ws_nhk/install/a_r2_description:/home/a/install/field_description_test:/home/a/ws_nhk/install/ikeyaMD_wizard:/home/a/ws_nhk/install/moveit_configs_utils:/home/a/ws_nhk/install/rogidrive:/home/a/ws_nhk/install/launch_param_builder:/home/a/ws_nhk/install/dynamixel_controller_gui:/home/a/ws_nhk/install/dynamixel_controller_client:/opt/ros/humble /usr/bin/cmake /home/a/ws_nhk/src/MAVLink_ros2/rs485_motor_interface -DCMAKE_INSTALL_PREFIX=/home/a/ws_nhk/install/rs485_motor_interface[0m
[10.098s] [34mcolcon.colcon_core.event_handler.log_command[0m [1;30mDEBUG[0m [32mInvoking command in '/home/a/ws_nhk/build/rs485_motor_interface': CMAKE_PREFIX_PATH=/home/a/ws_nhk/install/stm32_mavlink_msgs:/home/a/ws_nhk/install/stm32_mavlink_udp:/home/a/ws_nhk/install/stm32_mavlink_uart:/home/a/ws_nhk/install/sakai_r2_config:/home/a/ws_nhk/install/moveit_runtime:/home/a/ws_nhk/install/moveit_r2_config:/home/a/ws_nhk/install/moveit_config:/home/a/ws_nhk/install/moveit2_tutorials:/home/a/ws_nhk/install/moveit:/home/a/ws_nhk/install/moveit_planners:/home/a/ws_nhk/install/pilz_industrial_motion_planner:/home/a/ws_nhk/install/moveit_task_constructor_visualization:/home/a/ws_nhk/install/moveit_task_constructor_demo:/home/a/ws_nhk/install/moveit_task_constructor_capabilities:/home/a/ws_nhk/install/moveit_task_constructor_core:/home/a/ws_nhk/install/moveit_setup_assistant:/home/a/ws_nhk/install/moveit_setup_srdf_plugins:/home/a/ws_nhk/install/moveit_setup_core_plugins:/home/a/ws_nhk/install/moveit_setup_controllers:/home/a/ws_nhk/install/moveit_setup_app_plugins:/home/a/ws_nhk/install/moveit_setup_framework:/home/a/ws_nhk/install/moveit_servo:/home/a/ws_nhk/install/moveit_ros:/home/a/ws_nhk/install/moveit_ros_visualization:/home/a/ws_nhk/install/moveit_hybrid_planning:/home/a/ws_nhk/install/moveit_ros_planning_interface:/home/a/ws_nhk/install/moveit_resources_prbt_pg70_support:/home/a/ws_nhk/install/moveit_resources_prbt_moveit_config:/home/a/ws_nhk/install/moveit_ros_move_group:/home/a/ws_nhk/install/moveit_kinematics:/home/a/ws_nhk/install/trac_ik:/home/a/ws_nhk/install/trac_ik_kinematics_plugin:/home/a/ws_nhk/install/trac_ik_lib:/home/a/ws_nhk/install/pilz_industrial_motion_planner_testutils:/home/a/ws_nhk/install/moveit_visual_tools:/home/a/ws_nhk/install/moveit_ros_control_interface:/home/a/ws_nhk/install/moveit_plugins:/home/a/ws_nhk/install/moveit_simple_controller_manager:/home/a/ws_nhk/install/moveit_ros_benchmarks:/home/a/ws_nhk/install/moveit_ros_warehouse:/home/a/ws_nhk/install/moveit_ros_robot_interaction:/home/a/ws_nhk/install/moveit_ros_perception:/home/a/ws_nhk/install/moveit_planners_ompl:/home/a/ws_nhk/install/moveit_ros_planning:/home/a/ws_nhk/install/moveit_ros_occupancy_map_monitor:/home/a/ws_nhk/install/moveit_resources_prbt_ikfast_manipulator_plugin:/home/a/ws_nhk/install/moveit_planners_chomp:/home/a/ws_nhk/install/moveit_chomp_optimizer_adapter:/home/a/ws_nhk/install/chomp_motion_planner:/home/a/ws_nhk/install/moveit_core:/home/a/ws_nhk/install/srdfdom:/home/a/ws_nhk/install/rviz_marker_tools:/home/a/ws_nhk/install/rosparam_shortcuts:/home/a/ws_nhk/install/r2_odrive:/home/a/ws_nhk/install/rogidrive_msg:/home/a/ws_nhk/install/nhk_bt:/home/a/ws_nhk/install/moveit_task_constructor_msgs:/home/a/ws_nhk/install/moveit_resources_prbt_support:/home/a/ws_nhk/install/moveit_resources:/home/a/ws_nhk/install/moveit_resources_pr2_description:/home/a/ws_nhk/install/moveit_resources_panda_moveit_config:/home/a/ws_nhk/install/moveit_resources_panda_description:/home/a/ws_nhk/install/moveit_resources_fanuc_moveit_config:/home/a/ws_nhk/install/moveit_resources_fanuc_description:/home/a/ws_nhk/install/moveit_common:/home/a/ws_nhk/install/dynamixel_sdk_examples:/home/a/ws_nhk/install/dynamixel_sdk_custom_interfaces:/home/a/ws_nhk/install/dynamixel_controller:/home/a/ws_nhk/install/dynamixel_sdk:/home/a/ws_nhk/install/arm_v20_description:/home/a/ws_nhk/install/arm_module_description:/home/a/ws_nhk/install/a_r2_description:/home/a/install/field_description_test:/home/a/ws_nhk/install/ikeyaMD_wizard:/home/a/ws_nhk/install/moveit_configs_utils:/home/a/ws_nhk/install/rogidrive:/home/a/ws_nhk/install/launch_param_builder:/home/a/ws_nhk/install/dynamixel_controller_gui:/home/a/ws_nhk/install/dynamixel_controller_client:/opt/ros/humble /usr/bin/cmake --build /home/a/ws_nhk/build/rs485_motor_interface -- -j22 -l22[0m
[14.417s] [34mcolcon.colcon_core.event_handler.log_command[0m [1;30mDEBUG[0m [32mInvoked command in '/home/a/ws_nhk/build/mavlink_wizard' returned '0': CMAKE_PREFIX_PATH=/home/a/ws_nhk/install/stm32_mavlink_uart:/home/a/ws_nhk/install/stm32_mavlink_msgs:/home/a/ws_nhk/install/stm32_mavlink_udp:/home/a/ws_nhk/install/sakai_r2_config:/home/a/ws_nhk/install/moveit_runtime:/home/a/ws_nhk/install/moveit_r2_config:/home/a/ws_nhk/install/moveit_config:/home/a/ws_nhk/install/moveit2_tutorials:/home/a/ws_nhk/install/moveit:/home/a/ws_nhk/install/moveit_planners:/home/a/ws_nhk/install/pilz_industrial_motion_planner:/home/a/ws_nhk/install/moveit_task_constructor_visualization:/home/a/ws_nhk/install/moveit_task_constructor_demo:/home/a/ws_nhk/install/moveit_task_constructor_capabilities:/home/a/ws_nhk/install/moveit_task_constructor_core:/home/a/ws_nhk/install/moveit_setup_assistant:/home/a/ws_nhk/install/moveit_setup_srdf_plugins:/home/a/ws_nhk/install/moveit_setup_core_plugins:/home/a/ws_nhk/install/moveit_setup_controllers:/home/a/ws_nhk/install/moveit_setup_app_plugins:/home/a/ws_nhk/install/moveit_setup_framework:/home/a/ws_nhk/install/moveit_servo:/home/a/ws_nhk/install/moveit_ros:/home/a/ws_nhk/install/moveit_ros_visualization:/home/a/ws_nhk/install/moveit_hybrid_planning:/home/a/ws_nhk/install/moveit_ros_planning_interface:/home/a/ws_nhk/install/moveit_resources_prbt_pg70_support:/home/a/ws_nhk/install/moveit_resources_prbt_moveit_config:/home/a/ws_nhk/install/moveit_ros_move_group:/home/a/ws_nhk/install/moveit_kinematics:/home/a/ws_nhk/install/trac_ik:/home/a/ws_nhk/install/trac_ik_kinematics_plugin:/home/a/ws_nhk/install/trac_ik_lib:/home/a/ws_nhk/install/pilz_industrial_motion_planner_testutils:/home/a/ws_nhk/install/moveit_visual_tools:/home/a/ws_nhk/install/moveit_ros_control_interface:/home/a/ws_nhk/install/moveit_plugins:/home/a/ws_nhk/install/moveit_simple_controller_manager:/home/a/ws_nhk/install/moveit_ros_benchmarks:/home/a/ws_nhk/install/moveit_ros_warehouse:/home/a/ws_nhk/install/moveit_ros_robot_interaction:/home/a/ws_nhk/install/moveit_ros_perception:/home/a/ws_nhk/install/moveit_planners_ompl:/home/a/ws_nhk/install/moveit_ros_planning:/home/a/ws_nhk/install/moveit_ros_occupancy_map_monitor:/home/a/ws_nhk/install/moveit_resources_prbt_ikfast_manipulator_plugin:/home/a/ws_nhk/install/moveit_planners_chomp:/home/a/ws_nhk/install/moveit_chomp_optimizer_adapter:/home/a/ws_nhk/install/chomp_motion_planner:/home/a/ws_nhk/install/moveit_core:/home/a/ws_nhk/install/srdfdom:/home/a/ws_nhk/install/rviz_marker_tools:/home/a/ws_nhk/install/rosparam_shortcuts:/home/a/ws_nhk/install/r2_odrive:/home/a/ws_nhk/install/rogidrive_msg:/home/a/ws_nhk/install/nhk_bt:/home/a/ws_nhk/install/moveit_task_constructor_msgs:/home/a/ws_nhk/install/moveit_resources_prbt_support:/home/a/ws_nhk/install/moveit_resources:/home/a/ws_nhk/install/moveit_resources_pr2_description:/home/a/ws_nhk/install/moveit_resources_panda_moveit_config:/home/a/ws_nhk/install/moveit_resources_panda_description:/home/a/ws_nhk/install/moveit_resources_fanuc_moveit_config:/home/a/ws_nhk/install/moveit_resources_fanuc_description:/home/a/ws_nhk/install/moveit_common:/home/a/ws_nhk/install/dynamixel_sdk_examples:/home/a/ws_nhk/install/dynamixel_sdk_custom_interfaces:/home/a/ws_nhk/install/dynamixel_controller:/home/a/ws_nhk/install/dynamixel_sdk:/home/a/ws_nhk/install/arm_v20_description:/home/a/ws_nhk/install/arm_module_description:/home/a/ws_nhk/install/a_r2_description:/home/a/install/field_description_test:/home/a/ws_nhk/install/ikeyaMD_wizard:/home/a/ws_nhk/install/moveit_configs_utils:/home/a/ws_nhk/install/rogidrive:/home/a/ws_nhk/install/launch_param_builder:/home/a/ws_nhk/install/dynamixel_controller_gui:/home/a/ws_nhk/install/dynamixel_controller_client:/opt/ros/humble /usr/bin/cmake /home/a/ws_nhk/src/MAVLink_ros2/mavlink_wizard -DCMAKE_INSTALL_PREFIX=/home/a/ws_nhk/install/mavlink_wizard[0m
[14.441s] [34mcolcon.colcon_core.event_handler.log_command[0m [1;30mDEBUG[0m [32mInvoking command in '/home/a/ws_nhk/build/mavlink_wizard': CMAKE_PREFIX_PATH=/home/a/ws_nhk/install/stm32_mavlink_uart:/home/a/ws_nhk/install/stm32_mavlink_msgs:/home/a/ws_nhk/install/stm32_mavlink_udp:/home/a/ws_nhk/install/sakai_r2_config:/home/a/ws_nhk/install/moveit_runtime:/home/a/ws_nhk/install/moveit_r2_config:/home/a/ws_nhk/install/moveit_config:/home/a/ws_nhk/install/moveit2_tutorials:/home/a/ws_nhk/install/moveit:/home/a/ws_nhk/install/moveit_planners:/home/a/ws_nhk/install/pilz_industrial_motion_planner:/home/a/ws_nhk/install/moveit_task_constructor_visualization:/home/a/ws_nhk/install/moveit_task_constructor_demo:/home/a/ws_nhk/install/moveit_task_constructor_capabilities:/home/a/ws_nhk/install/moveit_task_constructor_core:/home/a/ws_nhk/install/moveit_setup_assistant:/home/a/ws_nhk/install/moveit_setup_srdf_plugins:/home/a/ws_nhk/install/moveit_setup_core_plugins:/home/a/ws_nhk/install/moveit_setup_controllers:/home/a/ws_nhk/install/moveit_setup_app_plugins:/home/a/ws_nhk/install/moveit_setup_framework:/home/a/ws_nhk/install/moveit_servo:/home/a/ws_nhk/install/moveit_ros:/home/a/ws_nhk/install/moveit_ros_visualization:/home/a/ws_nhk/install/moveit_hybrid_planning:/home/a/ws_nhk/install/moveit_ros_planning_interface:/home/a/ws_nhk/install/moveit_resources_prbt_pg70_support:/home/a/ws_nhk/install/moveit_resources_prbt_moveit_config:/home/a/ws_nhk/install/moveit_ros_move_group:/home/a/ws_nhk/install/moveit_kinematics:/home/a/ws_nhk/install/trac_ik:/home/a/ws_nhk/install/trac_ik_kinematics_plugin:/home/a/ws_nhk/install/trac_ik_lib:/home/a/ws_nhk/install/pilz_industrial_motion_planner_testutils:/home/a/ws_nhk/install/moveit_visual_tools:/home/a/ws_nhk/install/moveit_ros_control_interface:/home/a/ws_nhk/install/moveit_plugins:/home/a/ws_nhk/install/moveit_simple_controller_manager:/home/a/ws_nhk/install/moveit_ros_benchmarks:/home/a/ws_nhk/install/moveit_ros_warehouse:/home/a/ws_nhk/install/moveit_ros_robot_interaction:/home/a/ws_nhk/install/moveit_ros_perception:/home/a/ws_nhk/install/moveit_planners_ompl:/home/a/ws_nhk/install/moveit_ros_planning:/home/a/ws_nhk/install/moveit_ros_occupancy_map_monitor:/home/a/ws_nhk/install/moveit_resources_prbt_ikfast_manipulator_plugin:/home/a/ws_nhk/install/moveit_planners_chomp:/home/a/ws_nhk/install/moveit_chomp_optimizer_adapter:/home/a/ws_nhk/install/chomp_motion_planner:/home/a/ws_nhk/install/moveit_core:/home/a/ws_nhk/install/srdfdom:/home/a/ws_nhk/install/rviz_marker_tools:/home/a/ws_nhk/install/rosparam_shortcuts:/home/a/ws_nhk/install/r2_odrive:/home/a/ws_nhk/install/rogidrive_msg:/home/a/ws_nhk/install/nhk_bt:/home/a/ws_nhk/install/moveit_task_constructor_msgs:/home/a/ws_nhk/install/moveit_resources_prbt_support:/home/a/ws_nhk/install/moveit_resources:/home/a/ws_nhk/install/moveit_resources_pr2_description:/home/a/ws_nhk/install/moveit_resources_panda_moveit_config:/home/a/ws_nhk/install/moveit_resources_panda_description:/home/a/ws_nhk/install/moveit_resources_fanuc_moveit_config:/home/a/ws_nhk/install/moveit_resources_fanuc_description:/home/a/ws_nhk/install/moveit_common:/home/a/ws_nhk/install/dynamixel_sdk_examples:/home/a/ws_nhk/install/dynamixel_sdk_custom_interfaces:/home/a/ws_nhk/install/dynamixel_controller:/home/a/ws_nhk/install/dynamixel_sdk:/home/a/ws_nhk/install/arm_v20_description:/home/a/ws_nhk/install/arm_module_description:/home/a/ws_nhk/install/a_r2_description:/home/a/install/field_description_test:/home/a/ws_nhk/install/ikeyaMD_wizard:/home/a/ws_nhk/install/moveit_configs_utils:/home/a/ws_nhk/install/rogidrive:/home/a/ws_nhk/install/launch_param_builder:/home/a/ws_nhk/install/dynamixel_controller_gui:/home/a/ws_nhk/install/dynamixel_controller_client:/opt/ros/humble /usr/bin/cmake --build /home/a/ws_nhk/build/mavlink_wizard -- -j22 -l22[0m
[15.176s] [34mcolcon.colcon_core.event_handler.log_command[0m [1;30mDEBUG[0m [32mInvoked command in '/home/a/ws_nhk/build/mavlink_wizard' returned '0': CMAKE_PREFIX_PATH=/home/a/ws_nhk/install/stm32_mavlink_uart:/home/a/ws_nhk/install/stm32_mavlink_msgs:/home/a/ws_nhk/install/stm32_mavlink_udp:/home/a/ws_nhk/install/sakai_r2_config:/home/a/ws_nhk/install/moveit_runtime:/home/a/ws_nhk/install/moveit_r2_config:/home/a/ws_nhk/install/moveit_config:/home/a/ws_nhk/install/moveit2_tutorials:/home/a/ws_nhk/install/moveit:/home/a/ws_nhk/install/moveit_planners:/home/a/ws_nhk/install/pilz_industrial_motion_planner:/home/a/ws_nhk/install/moveit_task_constructor_visualization:/home/a/ws_nhk/install/moveit_task_constructor_demo:/home/a/ws_nhk/install/moveit_task_constructor_capabilities:/home/a/ws_nhk/install/moveit_task_constructor_core:/home/a/ws_nhk/install/moveit_setup_assistant:/home/a/ws_nhk/install/moveit_setup_srdf_plugins:/home/a/ws_nhk/install/moveit_setup_core_plugins:/home/a/ws_nhk/install/moveit_setup_controllers:/home/a/ws_nhk/install/moveit_setup_app_plugins:/home/a/ws_nhk/install/moveit_setup_framework:/home/a/ws_nhk/install/moveit_servo:/home/a/ws_nhk/install/moveit_ros:/home/a/ws_nhk/install/moveit_ros_visualization:/home/a/ws_nhk/install/moveit_hybrid_planning:/home/a/ws_nhk/install/moveit_ros_planning_interface:/home/a/ws_nhk/install/moveit_resources_prbt_pg70_support:/home/a/ws_nhk/install/moveit_resources_prbt_moveit_config:/home/a/ws_nhk/install/moveit_ros_move_group:/home/a/ws_nhk/install/moveit_kinematics:/home/a/ws_nhk/install/trac_ik:/home/a/ws_nhk/install/trac_ik_kinematics_plugin:/home/a/ws_nhk/install/trac_ik_lib:/home/a/ws_nhk/install/pilz_industrial_motion_planner_testutils:/home/a/ws_nhk/install/moveit_visual_tools:/home/a/ws_nhk/install/moveit_ros_control_interface:/home/a/ws_nhk/install/moveit_plugins:/home/a/ws_nhk/install/moveit_simple_controller_manager:/home/a/ws_nhk/install/moveit_ros_benchmarks:/home/a/ws_nhk/install/moveit_ros_warehouse:/home/a/ws_nhk/install/moveit_ros_robot_interaction:/home/a/ws_nhk/install/moveit_ros_perception:/home/a/ws_nhk/install/moveit_planners_ompl:/home/a/ws_nhk/install/moveit_ros_planning:/home/a/ws_nhk/install/moveit_ros_occupancy_map_monitor:/home/a/ws_nhk/install/moveit_resources_prbt_ikfast_manipulator_plugin:/home/a/ws_nhk/install/moveit_planners_chomp:/home/a/ws_nhk/install/moveit_chomp_optimizer_adapter:/home/a/ws_nhk/install/chomp_motion_planner:/home/a/ws_nhk/install/moveit_core:/home/a/ws_nhk/install/srdfdom:/home/a/ws_nhk/install/rviz_marker_tools:/home/a/ws_nhk/install/rosparam_shortcuts:/home/a/ws_nhk/install/r2_odrive:/home/a/ws_nhk/install/rogidrive_msg:/home/a/ws_nhk/install/nhk_bt:/home/a/ws_nhk/install/moveit_task_constructor_msgs:/home/a/ws_nhk/install/moveit_resources_prbt_support:/home/a/ws_nhk/install/moveit_resources:/home/a/ws_nhk/install/moveit_resources_pr2_description:/home/a/ws_nhk/install/moveit_resources_panda_moveit_config:/home/a/ws_nhk/install/moveit_resources_panda_description:/home/a/ws_nhk/install/moveit_resources_fanuc_moveit_config:/home/a/ws_nhk/install/moveit_resources_fanuc_description:/home/a/ws_nhk/install/moveit_common:/home/a/ws_nhk/install/dynamixel_sdk_examples:/home/a/ws_nhk/install/dynamixel_sdk_custom_interfaces:/home/a/ws_nhk/install/dynamixel_controller:/home/a/ws_nhk/install/dynamixel_sdk:/home/a/ws_nhk/install/arm_v20_description:/home/a/ws_nhk/install/arm_module_description:/home/a/ws_nhk/install/a_r2_description:/home/a/install/field_description_test:/home/a/ws_nhk/install/ikeyaMD_wizard:/home/a/ws_nhk/install/moveit_configs_utils:/home/a/ws_nhk/install/rogidrive:/home/a/ws_nhk/install/launch_param_builder:/home/a/ws_nhk/install/dynamixel_controller_gui:/home/a/ws_nhk/install/dynamixel_controller_client:/opt/ros/humble /usr/bin/cmake --build /home/a/ws_nhk/build/mavlink_wizard -- -j22 -l22[0m
[15.196s] [34mcolcon.colcon_core.event_handler.log_command[0m [1;30mDEBUG[0m [32mInvoking command in '/home/a/ws_nhk/build/mavlink_wizard': CMAKE_PREFIX_PATH=/home/a/ws_nhk/install/stm32_mavlink_uart:/home/a/ws_nhk/install/stm32_mavlink_msgs:/home/a/ws_nhk/install/stm32_mavlink_udp:/home/a/ws_nhk/install/sakai_r2_config:/home/a/ws_nhk/install/moveit_runtime:/home/a/ws_nhk/install/moveit_r2_config:/home/a/ws_nhk/install/moveit_config:/home/a/ws_nhk/install/moveit2_tutorials:/home/a/ws_nhk/install/moveit:/home/a/ws_nhk/install/moveit_planners:/home/a/ws_nhk/install/pilz_industrial_motion_planner:/home/a/ws_nhk/install/moveit_task_constructor_visualization:/home/a/ws_nhk/install/moveit_task_constructor_demo:/home/a/ws_nhk/install/moveit_task_constructor_capabilities:/home/a/ws_nhk/install/moveit_task_constructor_core:/home/a/ws_nhk/install/moveit_setup_assistant:/home/a/ws_nhk/install/moveit_setup_srdf_plugins:/home/a/ws_nhk/install/moveit_setup_core_plugins:/home/a/ws_nhk/install/moveit_setup_controllers:/home/a/ws_nhk/install/moveit_setup_app_plugins:/home/a/ws_nhk/install/moveit_setup_framework:/home/a/ws_nhk/install/moveit_servo:/home/a/ws_nhk/install/moveit_ros:/home/a/ws_nhk/install/moveit_ros_visualization:/home/a/ws_nhk/install/moveit_hybrid_planning:/home/a/ws_nhk/install/moveit_ros_planning_interface:/home/a/ws_nhk/install/moveit_resources_prbt_pg70_support:/home/a/ws_nhk/install/moveit_resources_prbt_moveit_config:/home/a/ws_nhk/install/moveit_ros_move_group:/home/a/ws_nhk/install/moveit_kinematics:/home/a/ws_nhk/install/trac_ik:/home/a/ws_nhk/install/trac_ik_kinematics_plugin:/home/a/ws_nhk/install/trac_ik_lib:/home/a/ws_nhk/install/pilz_industrial_motion_planner_testutils:/home/a/ws_nhk/install/moveit_visual_tools:/home/a/ws_nhk/install/moveit_ros_control_interface:/home/a/ws_nhk/install/moveit_plugins:/home/a/ws_nhk/install/moveit_simple_controller_manager:/home/a/ws_nhk/install/moveit_ros_benchmarks:/home/a/ws_nhk/install/moveit_ros_warehouse:/home/a/ws_nhk/install/moveit_ros_robot_interaction:/home/a/ws_nhk/install/moveit_ros_perception:/home/a/ws_nhk/install/moveit_planners_ompl:/home/a/ws_nhk/install/moveit_ros_planning:/home/a/ws_nhk/install/moveit_ros_occupancy_map_monitor:/home/a/ws_nhk/install/moveit_resources_prbt_ikfast_manipulator_plugin:/home/a/ws_nhk/install/moveit_planners_chomp:/home/a/ws_nhk/install/moveit_chomp_optimizer_adapter:/home/a/ws_nhk/install/chomp_motion_planner:/home/a/ws_nhk/install/moveit_core:/home/a/ws_nhk/install/srdfdom:/home/a/ws_nhk/install/rviz_marker_tools:/home/a/ws_nhk/install/rosparam_shortcuts:/home/a/ws_nhk/install/r2_odrive:/home/a/ws_nhk/install/rogidrive_msg:/home/a/ws_nhk/install/nhk_bt:/home/a/ws_nhk/install/moveit_task_constructor_msgs:/home/a/ws_nhk/install/moveit_resources_prbt_support:/home/a/ws_nhk/install/moveit_resources:/home/a/ws_nhk/install/moveit_resources_pr2_description:/home/a/ws_nhk/install/moveit_resources_panda_moveit_config:/home/a/ws_nhk/install/moveit_resources_panda_description:/home/a/ws_nhk/install/moveit_resources_fanuc_moveit_config:/home/a/ws_nhk/install/moveit_resources_fanuc_description:/home/a/ws_nhk/install/moveit_common:/home/a/ws_nhk/install/dynamixel_sdk_examples:/home/a/ws_nhk/install/dynamixel_sdk_custom_interfaces:/home/a/ws_nhk/install/dynamixel_controller:/home/a/ws_nhk/install/dynamixel_sdk:/home/a/ws_nhk/install/arm_v20_description:/home/a/ws_nhk/install/arm_module_description:/home/a/ws_nhk/install/a_r2_description:/home/a/install/field_description_test:/home/a/ws_nhk/install/ikeyaMD_wizard:/home/a/ws_nhk/install/moveit_configs_utils:/home/a/ws_nhk/install/rogidrive:/home/a/ws_nhk/install/launch_param_builder:/home/a/ws_nhk/install/dynamixel_controller_gui:/home/a/ws_nhk/install/dynamixel_controller_client:/opt/ros/humble /usr/bin/cmake --install /home/a/ws_nhk/build/mavlink_wizard[0m
[15.348s] [34mcolcon.colcon_core.environment[0m [1;30mLevel 1[0m create_environment_scripts_only(mavlink_wizard)
[15.351s] [34mcolcon.colcon_core.environment[0m [1;30mLevel 1[0m checking '/home/a/ws_nhk/install/mavlink_wizard' for CMake module files
[15.354s] [34mcolcon.colcon_core.event_handler.log_command[0m [1;30mDEBUG[0m [32mInvoked command in '/home/a/ws_nhk/build/mavlink_wizard' returned '0': CMAKE_PREFIX_PATH=/home/a/ws_nhk/install/stm32_mavlink_uart:/home/a/ws_nhk/install/stm32_mavlink_msgs:/home/a/ws_nhk/install/stm32_mavlink_udp:/home/a/ws_nhk/install/sakai_r2_config:/home/a/ws_nhk/install/moveit_runtime:/home/a/ws_nhk/install/moveit_r2_config:/home/a/ws_nhk/install/moveit_config:/home/a/ws_nhk/install/moveit2_tutorials:/home/a/ws_nhk/install/moveit:/home/a/ws_nhk/install/moveit_planners:/home/a/ws_nhk/install/pilz_industrial_motion_planner:/home/a/ws_nhk/install/moveit_task_constructor_visualization:/home/a/ws_nhk/install/moveit_task_constructor_demo:/home/a/ws_nhk/install/moveit_task_constructor_capabilities:/home/a/ws_nhk/install/moveit_task_constructor_core:/home/a/ws_nhk/install/moveit_setup_assistant:/home/a/ws_nhk/install/moveit_setup_srdf_plugins:/home/a/ws_nhk/install/moveit_setup_core_plugins:/home/a/ws_nhk/install/moveit_setup_controllers:/home/a/ws_nhk/install/moveit_setup_app_plugins:/home/a/ws_nhk/install/moveit_setup_framework:/home/a/ws_nhk/install/moveit_servo:/home/a/ws_nhk/install/moveit_ros:/home/a/ws_nhk/install/moveit_ros_visualization:/home/a/ws_nhk/install/moveit_hybrid_planning:/home/a/ws_nhk/install/moveit_ros_planning_interface:/home/a/ws_nhk/install/moveit_resources_prbt_pg70_support:/home/a/ws_nhk/install/moveit_resources_prbt_moveit_config:/home/a/ws_nhk/install/moveit_ros_move_group:/home/a/ws_nhk/install/moveit_kinematics:/home/a/ws_nhk/install/trac_ik:/home/a/ws_nhk/install/trac_ik_kinematics_plugin:/home/a/ws_nhk/install/trac_ik_lib:/home/a/ws_nhk/install/pilz_industrial_motion_planner_testutils:/home/a/ws_nhk/install/moveit_visual_tools:/home/a/ws_nhk/install/moveit_ros_control_interface:/home/a/ws_nhk/install/moveit_plugins:/home/a/ws_nhk/install/moveit_simple_controller_manager:/home/a/ws_nhk/install/moveit_ros_benchmarks:/home/a/ws_nhk/install/moveit_ros_warehouse:/home/a/ws_nhk/install/moveit_ros_robot_interaction:/home/a/ws_nhk/install/moveit_ros_perception:/home/a/ws_nhk/install/moveit_planners_ompl:/home/a/ws_nhk/install/moveit_ros_planning:/home/a/ws_nhk/install/moveit_ros_occupancy_map_monitor:/home/a/ws_nhk/install/moveit_resources_prbt_ikfast_manipulator_plugin:/home/a/ws_nhk/install/moveit_planners_chomp:/home/a/ws_nhk/install/moveit_chomp_optimizer_adapter:/home/a/ws_nhk/install/chomp_motion_planner:/home/a/ws_nhk/install/moveit_core:/home/a/ws_nhk/install/srdfdom:/home/a/ws_nhk/install/rviz_marker_tools:/home/a/ws_nhk/install/rosparam_shortcuts:/home/a/ws_nhk/install/r2_odrive:/home/a/ws_nhk/install/rogidrive_msg:/home/a/ws_nhk/install/nhk_bt:/home/a/ws_nhk/install/moveit_task_constructor_msgs:/home/a/ws_nhk/install/moveit_resources_prbt_support:/home/a/ws_nhk/install/moveit_resources:/home/a/ws_nhk/install/moveit_resources_pr2_description:/home/a/ws_nhk/install/moveit_resources_panda_moveit_config:/home/a/ws_nhk/install/moveit_resources_panda_description:/home/a/ws_nhk/install/moveit_resources_fanuc_moveit_config:/home/a/ws_nhk/install/moveit_resources_fanuc_description:/home/a/ws_nhk/install/moveit_common:/home/a/ws_nhk/install/dynamixel_sdk_examples:/home/a/ws_nhk/install/dynamixel_sdk_custom_interfaces:/home/a/ws_nhk/install/dynamixel_controller:/home/a/ws_nhk/install/dynamixel_sdk:/home/a/ws_nhk/install/arm_v20_description:/home/a/ws_nhk/install/arm_module_description:/home/a/ws_nhk/install/a_r2_description:/home/a/install/field_description_test:/home/a/ws_nhk/install/ikeyaMD_wizard:/home/a/ws_nhk/install/moveit_configs_utils:/home/a/ws_nhk/install/rogidrive:/home/a/ws_nhk/install/launch_param_builder:/home/a/ws_nhk/install/dynamixel_controller_gui:/home/a/ws_nhk/install/dynamixel_controller_client:/opt/ros/humble /usr/bin/cmake --install /home/a/ws_nhk/build/mavlink_wizard[0m
[15.366s] [34mcolcon.colcon_core.environment[0m [1;30mLevel 1[0m checking '/home/a/ws_nhk/install/mavlink_wizard' for CMake config files
[15.368s] [34mcolcon.colcon_core.shell[0m [1;30mLevel 1[0m create_environment_hook('mavlink_wizard', 'cmake_prefix_path')
[15.370s] [34mcolcon.colcon_core.shell[0m [1;30mINFO[0m Creating environment hook '/home/a/ws_nhk/install/mavlink_wizard/share/mavlink_wizard/hook/cmake_prefix_path.ps1'
[15.375s] [34mcolcon.colcon_core.shell[0m [1;30mINFO[0m Creating environment descriptor '/home/a/ws_nhk/install/mavlink_wizard/share/mavlink_wizard/hook/cmake_prefix_path.dsv'
[15.379s] [34mcolcon.colcon_core.shell[0m [1;30mINFO[0m Creating environment hook '/home/a/ws_nhk/install/mavlink_wizard/share/mavlink_wizard/hook/cmake_prefix_path.sh'
[15.384s] [34mcolcon.colcon_core.environment[0m [1;30mLevel 1[0m checking '/home/a/ws_nhk/install/mavlink_wizard/lib'
[15.386s] [34mcolcon.colcon_core.environment[0m [1;30mLevel 1[0m checking '/home/a/ws_nhk/install/mavlink_wizard/bin'
[15.387s] [34mcolcon.colcon_core.environment[0m [1;30mLevel 1[0m checking '/home/a/ws_nhk/install/mavlink_wizard/lib/pkgconfig/mavlink_wizard.pc'
[15.389s] [34mcolcon.colcon_core.environment[0m [1;30mLevel 1[0m checking '/home/a/ws_nhk/install/mavlink_wizard/lib/python3.10/site-packages'
[15.393s] [34mcolcon.colcon_core.environment[0m [1;30mLevel 1[0m checking '/home/a/ws_nhk/install/mavlink_wizard/bin'
[15.398s] [34mcolcon.colcon_core.shell[0m [1;30mINFO[0m Creating package script '/home/a/ws_nhk/install/mavlink_wizard/share/mavlink_wizard/package.ps1'
[15.405s] [34mcolcon.colcon_core.shell[0m [1;30mINFO[0m Creating package descriptor '/home/a/ws_nhk/install/mavlink_wizard/share/mavlink_wizard/package.dsv'
[15.409s] [34mcolcon.colcon_core.shell[0m [1;30mINFO[0m Creating package script '/home/a/ws_nhk/install/mavlink_wizard/share/mavlink_wizard/package.sh'
[15.413s] [34mcolcon.colcon_core.shell[0m [1;30mINFO[0m Creating package script '/home/a/ws_nhk/install/mavlink_wizard/share/mavlink_wizard/package.bash'
[15.417s] [34mcolcon.colcon_core.shell[0m [1;30mINFO[0m Creating package script '/home/a/ws_nhk/install/mavlink_wizard/share/mavlink_wizard/package.zsh'
[15.420s] [34mcolcon.colcon_core.environment[0m [1;30mLevel 1[0m create_file_with_runtime_dependencies(/home/a/ws_nhk/install/mavlink_wizard/share/colcon-core/packages/mavlink_wizard)
[15.429s] [34mcolcon.colcon_core.environment[0m [1;30mLevel 1[0m create_environment_scripts_only(mavlink_wizard)
[15.432s] [34mcolcon.colcon_core.environment[0m [1;30mLevel 1[0m checking '/home/a/ws_nhk/install/mavlink_wizard' for CMake module files
[15.441s] [34mcolcon.colcon_core.environment[0m [1;30mLevel 1[0m checking '/home/a/ws_nhk/install/mavlink_wizard' for CMake config files
[15.443s] [34mcolcon.colcon_core.shell[0m [1;30mLevel 1[0m create_environment_hook('mavlink_wizard', 'cmake_prefix_path')
[15.448s] [34mcolcon.colcon_core.shell[0m [1;30mINFO[0m Creating environment hook '/home/a/ws_nhk/install/mavlink_wizard/share/mavlink_wizard/hook/cmake_prefix_path.ps1'
[15.456s] [34mcolcon.colcon_core.shell[0m [1;30mINFO[0m Creating environment descriptor '/home/a/ws_nhk/install/mavlink_wizard/share/mavlink_wizard/hook/cmake_prefix_path.dsv'
[15.460s] [34mcolcon.colcon_core.shell[0m [1;30mINFO[0m Creating environment hook '/home/a/ws_nhk/install/mavlink_wizard/share/mavlink_wizard/hook/cmake_prefix_path.sh'
[15.466s] [34mcolcon.colcon_core.environment[0m [1;30mLevel 1[0m checking '/home/a/ws_nhk/install/mavlink_wizard/lib'
[15.467s] [34mcolcon.colcon_core.environment[0m [1;30mLevel 1[0m checking '/home/a/ws_nhk/install/mavlink_wizard/bin'
[15.469s] [34mcolcon.colcon_core.environment[0m [1;30mLevel 1[0m checking '/home/a/ws_nhk/install/mavlink_wizard/lib/pkgconfig/mavlink_wizard.pc'
[15.471s] [34mcolcon.colcon_core.environment[0m [1;30mLevel 1[0m checking '/home/a/ws_nhk/install/mavlink_wizard/lib/python3.10/site-packages'
[15.488s] [34mcolcon.colcon_core.environment[0m [1;30mLevel 1[0m checking '/home/a/ws_nhk/install/mavlink_wizard/bin'
[15.495s] [34mcolcon.colcon_core.shell[0m [1;30mINFO[0m Creating package script '/home/a/ws_nhk/install/mavlink_wizard/share/mavlink_wizard/package.ps1'
[15.506s] [34mcolcon.colcon_core.shell[0m [1;30mINFO[0m Creating package descriptor '/home/a/ws_nhk/install/mavlink_wizard/share/mavlink_wizard/package.dsv'
[15.514s] [34mcolcon.colcon_core.shell[0m [1;30mINFO[0m Creating package script '/home/a/ws_nhk/install/mavlink_wizard/share/mavlink_wizard/package.sh'
[15.518s] [34mcolcon.colcon_core.shell[0m [1;30mINFO[0m Creating package script '/home/a/ws_nhk/install/mavlink_wizard/share/mavlink_wizard/package.bash'
[15.523s] [34mcolcon.colcon_core.shell[0m [1;30mINFO[0m Creating package script '/home/a/ws_nhk/install/mavlink_wizard/share/mavlink_wizard/package.zsh'
[15.527s] [34mcolcon.colcon_core.environment[0m [1;30mLevel 1[0m create_file_with_runtime_dependencies(/home/a/ws_nhk/install/mavlink_wizard/share/colcon-core/packages/mavlink_wizard)
[16.821s] [34mcolcon.colcon_parallel_executor.executor.parallel[0m [1;30mDEBUG[0m [32mrun_until_complete was interrupted[0m
[16.822s] [34mcolcon.colcon_parallel_executor.executor.parallel[0m [1;30mDEBUG[0m [32mrun_until_complete again[0m
[16.924s] [34mcolcon.colcon_core.environment[0m [1;30mLevel 1[0m create_environment_scripts_only(moveit_core)
[16.942s] [34mcolcon.colcon_core.environment[0m [1;30mLevel 1[0m checking '/home/a/ws_nhk/install/moveit_core' for CMake module files
[16.964s] [34mcolcon.colcon_core.environment[0m [1;30mLevel 1[0m checking '/home/a/ws_nhk/install/moveit_core' for CMake config files
[16.972s] [34mcolcon.colcon_core.shell[0m [1;30mLevel 1[0m create_environment_hook('moveit_core', 'cmake_prefix_path')
[16.974s] [34mcolcon.colcon_core.shell[0m [1;30mINFO[0m Creating environment hook '/home/a/ws_nhk/install/moveit_core/share/moveit_core/hook/cmake_prefix_path.ps1'
[16.987s] [34mcolcon.colcon_core.shell[0m [1;30mINFO[0m Creating environment descriptor '/home/a/ws_nhk/install/moveit_core/share/moveit_core/hook/cmake_prefix_path.dsv'
[16.991s] [34mcolcon.colcon_core.event_handler.log_command[0m [1;30mDEBUG[0m [32mInvoked command in '/home/a/ws_nhk/build/moveit_core' returned '-2': CMAKE_PREFIX_PATH=/home/a/ws_nhk/install/moveit_resources_panda_moveit_config:/home/a/ws_nhk/install/srdfdom:/home/a/ws_nhk/install/moveit_resources_pr2_description:/home/a/ws_nhk/install/moveit_resources_panda_description:/home/a/ws_nhk/install/moveit_common:/home/a/ws_nhk/install/stm32_mavlink_udp:/home/a/ws_nhk/install/stm32_mavlink_uart:/home/a/ws_nhk/install/stm32_mavlink_msgs:/home/a/ws_nhk/install/sakai_r2_config:/home/a/ws_nhk/install/moveit_runtime:/home/a/ws_nhk/install/moveit_r2_config:/home/a/ws_nhk/install/moveit_config:/home/a/ws_nhk/install/moveit2_tutorials:/home/a/ws_nhk/install/moveit:/home/a/ws_nhk/install/moveit_planners:/home/a/ws_nhk/install/pilz_industrial_motion_planner:/home/a/ws_nhk/install/moveit_task_constructor_visualization:/home/a/ws_nhk/install/moveit_task_constructor_demo:/home/a/ws_nhk/install/moveit_task_constructor_capabilities:/home/a/ws_nhk/install/moveit_task_constructor_core:/home/a/ws_nhk/install/moveit_setup_assistant:/home/a/ws_nhk/install/moveit_setup_srdf_plugins:/home/a/ws_nhk/install/moveit_setup_core_plugins:/home/a/ws_nhk/install/moveit_setup_controllers:/home/a/ws_nhk/install/moveit_setup_app_plugins:/home/a/ws_nhk/install/moveit_setup_framework:/home/a/ws_nhk/install/moveit_servo:/home/a/ws_nhk/install/moveit_ros:/home/a/ws_nhk/install/moveit_ros_visualization:/home/a/ws_nhk/install/moveit_hybrid_planning:/home/a/ws_nhk/install/moveit_ros_planning_interface:/home/a/ws_nhk/install/moveit_resources_prbt_pg70_support:/home/a/ws_nhk/install/moveit_resources_prbt_moveit_config:/home/a/ws_nhk/install/moveit_ros_move_group:/home/a/ws_nhk/install/moveit_kinematics:/home/a/ws_nhk/install/trac_ik:/home/a/ws_nhk/install/trac_ik_kinematics_plugin:/home/a/ws_nhk/install/trac_ik_lib:/home/a/ws_nhk/install/pilz_industrial_motion_planner_testutils:/home/a/ws_nhk/install/moveit_visual_tools:/home/a/ws_nhk/install/moveit_ros_control_interface:/home/a/ws_nhk/install/moveit_plugins:/home/a/ws_nhk/install/moveit_simple_controller_manager:/home/a/ws_nhk/install/moveit_ros_benchmarks:/home/a/ws_nhk/install/moveit_ros_warehouse:/home/a/ws_nhk/install/moveit_ros_robot_interaction:/home/a/ws_nhk/install/moveit_ros_perception:/home/a/ws_nhk/install/moveit_planners_ompl:/home/a/ws_nhk/install/moveit_ros_planning:/home/a/ws_nhk/install/moveit_ros_occupancy_map_monitor:/home/a/ws_nhk/install/moveit_resources_prbt_ikfast_manipulator_plugin:/home/a/ws_nhk/install/moveit_planners_chomp:/home/a/ws_nhk/install/moveit_chomp_optimizer_adapter:/home/a/ws_nhk/install/chomp_motion_planner:/home/a/ws_nhk/install/moveit_core:/home/a/ws_nhk/install/rviz_marker_tools:/home/a/ws_nhk/install/rosparam_shortcuts:/home/a/ws_nhk/install/r2_odrive:/home/a/ws_nhk/install/rogidrive_msg:/home/a/ws_nhk/install/nhk_bt:/home/a/ws_nhk/install/moveit_task_constructor_msgs:/home/a/ws_nhk/install/moveit_resources_prbt_support:/home/a/ws_nhk/install/moveit_resources:/home/a/ws_nhk/install/moveit_resources_fanuc_moveit_config:/home/a/ws_nhk/install/moveit_resources_fanuc_description:/home/a/ws_nhk/install/dynamixel_sdk_examples:/home/a/ws_nhk/install/dynamixel_sdk_custom_interfaces:/home/a/ws_nhk/install/dynamixel_controller:/home/a/ws_nhk/install/dynamixel_sdk:/home/a/ws_nhk/install/arm_v20_description:/home/a/ws_nhk/install/arm_module_description:/home/a/ws_nhk/install/a_r2_description:/home/a/install/field_description_test:/home/a/ws_nhk/install/ikeyaMD_wizard:/home/a/ws_nhk/install/moveit_configs_utils:/home/a/ws_nhk/install/rogidrive:/home/a/ws_nhk/install/launch_param_builder:/home/a/ws_nhk/install/dynamixel_controller_gui:/home/a/ws_nhk/install/dynamixel_controller_client:/opt/ros/humble LD_LIBRARY_PATH=/home/a/ws_nhk/install/srdfdom/lib:/home/a/ws_nhk/install/stm32_mavlink_msgs/lib:/home/a/ws_nhk/install/pilz_industrial_motion_planner/lib:/home/a/ws_nhk/install/moveit_task_constructor_visualization/lib:/home/a/ws_nhk/install/moveit_task_constructor_demo/lib:/home/a/ws_nhk/install/moveit_task_constructor_capabilities/lib:/home/a/ws_nhk/install/moveit_task_constructor_core/lib:/home/a/ws_nhk/install/moveit_setup_assistant/lib:/home/a/ws_nhk/install/moveit_setup_srdf_plugins/lib:/home/a/ws_nhk/install/moveit_setup_core_plugins/lib:/home/a/ws_nhk/install/moveit_setup_controllers/lib:/home/a/ws_nhk/install/moveit_setup_app_plugins/lib:/home/a/ws_nhk/install/moveit_setup_framework/lib:/home/a/ws_nhk/install/moveit_servo/lib:/home/a/ws_nhk/install/moveit_ros_visualization/lib:/home/a/ws_nhk/install/moveit_hybrid_planning/lib:/home/a/ws_nhk/install/moveit_ros_planning_interface/lib:/home/a/ws_nhk/install/moveit_ros_move_group/lib:/home/a/ws_nhk/install/moveit_kinematics/lib:/home/a/ws_nhk/install/trac_ik_kinematics_plugin/lib:/home/a/ws_nhk/install/trac_ik_lib/lib:/home/a/ws_nhk/install/pilz_industrial_motion_planner_testutils/lib:/home/a/ws_nhk/install/moveit_visual_tools/lib:/home/a/ws_nhk/install/moveit_ros_control_interface/lib:/home/a/ws_nhk/install/moveit_simple_controller_manager/lib:/home/a/ws_nhk/install/moveit_ros_benchmarks/lib:/home/a/ws_nhk/install/moveit_ros_warehouse/lib:/home/a/ws_nhk/install/moveit_ros_robot_interaction/lib:/home/a/ws_nhk/install/moveit_ros_perception/lib:/home/a/ws_nhk/install/moveit_planners_ompl/lib:/home/a/ws_nhk/install/moveit_ros_planning/lib:/home/a/ws_nhk/install/moveit_ros_occupancy_map_monitor/lib:/home/a/ws_nhk/install/moveit_resources_prbt_ikfast_manipulator_plugin/lib:/home/a/ws_nhk/install/moveit_planners_chomp/lib:/home/a/ws_nhk/install/moveit_chomp_optimizer_adapter/lib:/home/a/ws_nhk/install/chomp_motion_planner/lib:/home/a/ws_nhk/install/moveit_core/lib:/home/a/ws_nhk/install/rviz_marker_tools/lib:/home/a/ws_nhk/install/rosparam_shortcuts/lib:/home/a/ws_nhk/install/rogidrive_msg/lib:/home/a/ws_nhk/install/moveit_task_constructor_msgs/lib:/home/a/ws_nhk/install/dynamixel_sdk_custom_interfaces/lib:/home/a/ws_nhk/install/dynamixel_controller/lib:/home/a/ws_nhk/install/dynamixel_sdk/lib:/usr/local/lib:/usr/lib/x86_64-linux-gnu/gazebo-11/plugins:/opt/ros/humble/opt/rviz_ogre_vendor/lib:/opt/ros/humble/lib/x86_64-linux-gnu:/opt/ros/humble/lib /usr/bin/cmake --build /home/a/ws_nhk/build/moveit_core -- -j22 -l22[0m
[16.995s] [34mcolcon.colcon_core.shell[0m [1;30mINFO[0m Creating environment hook '/home/a/ws_nhk/install/moveit_core/share/moveit_core/hook/cmake_prefix_path.sh'
[17.000s] [34mcolcon.colcon_core.environment[0m [1;30mLevel 1[0m checking '/home/a/ws_nhk/install/moveit_core/lib'
[17.001s] [34mcolcon.colcon_core.shell[0m [1;30mLevel 1[0m create_environment_hook('moveit_core', 'ld_library_path_lib')
[17.003s] [34mcolcon.colcon_core.shell[0m [1;30mINFO[0m Creating environment hook '/home/a/ws_nhk/install/moveit_core/share/moveit_core/hook/ld_library_path_lib.ps1'
[17.008s] [34mcolcon.colcon_core.shell[0m [1;30mINFO[0m Creating environment descriptor '/home/a/ws_nhk/install/moveit_core/share/moveit_core/hook/ld_library_path_lib.dsv'
[17.013s] [34mcolcon.colcon_core.shell[0m [1;30mINFO[0m Creating environment hook '/home/a/ws_nhk/install/moveit_core/share/moveit_core/hook/ld_library_path_lib.sh'
[17.017s] [34mcolcon.colcon_core.environment[0m [1;30mLevel 1[0m checking '/home/a/ws_nhk/install/moveit_core/bin'
[17.018s] [34mcolcon.colcon_core.shell[0m [1;30mLevel 1[0m create_environment_hook('moveit_core', 'path')
[17.020s] [34mcolcon.colcon_core.shell[0m [1;30mINFO[0m Creating environment hook '/home/a/ws_nhk/install/moveit_core/share/moveit_core/hook/path.ps1'
[17.025s] [34mcolcon.colcon_core.shell[0m [1;30mINFO[0m Creating environment descriptor '/home/a/ws_nhk/install/moveit_core/share/moveit_core/hook/path.dsv'
[17.028s] [34mcolcon.colcon_core.shell[0m [1;30mINFO[0m Creating environment hook '/home/a/ws_nhk/install/moveit_core/share/moveit_core/hook/path.sh'
[17.034s] [34mcolcon.colcon_core.environment[0m [1;30mLevel 1[0m checking '/home/a/ws_nhk/install/moveit_core/lib/pkgconfig/moveit_core.pc'
[17.036s] [34mcolcon.colcon_core.environment[0m [1;30mLevel 1[0m checking '/home/a/ws_nhk/install/moveit_core/lib/python3.10/site-packages'
[17.039s] [34mcolcon.colcon_core.environment[0m [1;30mLevel 1[0m checking '/home/a/ws_nhk/install/moveit_core/bin'
[17.040s] [34mcolcon.colcon_core.shell[0m [1;30mLevel 1[0m create_environment_hook('moveit_core', 'pythonscriptspath')
[17.042s] [34mcolcon.colcon_core.shell[0m [1;30mINFO[0m Creating environment hook '/home/a/ws_nhk/install/moveit_core/share/moveit_core/hook/pythonscriptspath.ps1'
[17.046s] [34mcolcon.colcon_core.shell[0m [1;30mINFO[0m Creating environment descriptor '/home/a/ws_nhk/install/moveit_core/share/moveit_core/hook/pythonscriptspath.dsv'
[17.049s] [34mcolcon.colcon_core.shell[0m [1;30mINFO[0m Creating environment hook '/home/a/ws_nhk/install/moveit_core/share/moveit_core/hook/pythonscriptspath.sh'
[17.056s] [34mcolcon.colcon_core.shell[0m [1;30mINFO[0m Creating package script '/home/a/ws_nhk/install/moveit_core/share/moveit_core/package.ps1'
[17.062s] [34mcolcon.colcon_core.shell[0m [1;30mINFO[0m Creating package descriptor '/home/a/ws_nhk/install/moveit_core/share/moveit_core/package.dsv'
[17.068s] [34mcolcon.colcon_core.shell[0m [1;30mINFO[0m Creating package script '/home/a/ws_nhk/install/moveit_core/share/moveit_core/package.sh'
[17.072s] [34mcolcon.colcon_core.shell[0m [1;30mINFO[0m Creating package script '/home/a/ws_nhk/install/moveit_core/share/moveit_core/package.bash'
[17.078s] [34mcolcon.colcon_core.shell[0m [1;30mINFO[0m Creating package script '/home/a/ws_nhk/install/moveit_core/share/moveit_core/package.zsh'
[17.082s] [34mcolcon.colcon_core.environment[0m [1;30mLevel 1[0m create_file_with_runtime_dependencies(/home/a/ws_nhk/install/moveit_core/share/colcon-core/packages/moveit_core)
[17.565s] [34mcolcon.colcon_parallel_executor.executor.parallel[0m [1;30mDEBUG[0m [32mrun_until_complete finished[0m
[17.565s] [34mcolcon.colcon_parallel_executor.executor.parallel[0m [1;30mDEBUG[0m [32mclosing loop[0m
[17.566s] [34mcolcon.colcon_parallel_executor.executor.parallel[0m [1;30mDEBUG[0m [32mloop closed[0m
[17.566s] [34mcolcon.colcon_core.event_reactor[0m [1;30mDEBUG[0m [32mjoining thread[0m
[17.605s] [34mcolcon.colcon_core.plugin_system[0m [1;30mINFO[0m Skipping extension 'colcon_notification.desktop_notification.terminal_notifier': Not used on non-Darwin systems
[17.605s] [34mcolcon.colcon_core.plugin_system[0m [1;30mINFO[0m Skipping extension 'colcon_notification.desktop_notification.win32': Not used on non-Windows systems
[17.605s] [34mcolcon.colcon_notification.desktop_notification[0m [1;30mINFO[0m Sending desktop notification using 'notify2'
[17.640s] [34mcolcon.colcon_core.event_reactor[0m [1;30mDEBUG[0m [32mjoined thread[0m
[17.641s] [34mcolcon.colcon_core.shell[0m [1;30mINFO[0m Creating prefix script '/home/a/ws_nhk/install/local_setup.ps1'
[17.644s] [34mcolcon.colcon_core.shell[0m [1;30mINFO[0m Creating prefix util module '/home/a/ws_nhk/install/_local_setup_util_ps1.py'
[17.649s] [34mcolcon.colcon_core.shell[0m [1;30mINFO[0m Creating prefix chain script '/home/a/ws_nhk/install/setup.ps1'
[17.660s] [34mcolcon.colcon_core.shell[0m [1;30mINFO[0m Creating prefix script '/home/a/ws_nhk/install/local_setup.sh'
[17.662s] [34mcolcon.colcon_core.shell[0m [1;30mINFO[0m Creating prefix util module '/home/a/ws_nhk/install/_local_setup_util_sh.py'
[17.664s] [34mcolcon.colcon_core.shell[0m [1;30mINFO[0m Creating prefix chain script '/home/a/ws_nhk/install/setup.sh'
[17.675s] [34mcolcon.colcon_core.shell[0m [1;30mINFO[0m Creating prefix script '/home/a/ws_nhk/install/local_setup.bash'
[17.677s] [34mcolcon.colcon_core.shell[0m [1;30mINFO[0m Creating prefix chain script '/home/a/ws_nhk/install/setup.bash'
[17.687s] [34mcolcon.colcon_core.shell[0m [1;30mINFO[0m Creating prefix script '/home/a/ws_nhk/install/local_setup.zsh'
[17.689s] [34mcolcon.colcon_core.shell[0m [1;30mINFO[0m Creating prefix chain script '/home/a/ws_nhk/install/setup.zsh'
