[  0%] Built target stm32_mavlink_msgs__cpp
[ 12%] Built target stm32_mavlink_msgs__rosidl_generator_c
[ 12%] Built target ament_cmake_python_copy_stm32_mavlink_msgs
[ 24%] Built target stm32_mavlink_msgs__rosidl_typesupport_c
[ 36%] Built target stm32_mavlink_msgs__rosidl_typesupport_cpp
[ 49%] Built target stm32_mavlink_msgs__rosidl_typesupport_introspection_c
[ 77%] Built target stm32_mavlink_msgs__rosidl_typesupport_fastrtps_c
[ 85%] Built target stm32_mavlink_msgs__rosidl_typesupport_fastrtps_cpp
[ 86%] Built target stm32_mavlink_msgs__rosidl_typesupport_introspection_cpp
[ 86%] Built target stm32_mavlink_msgs
[ 86%] Built target stm32_mavlink_msgs__py
[ 98%] Built target stm32_mavlink_msgs__rosidl_generator_py
[ 99%] Built target stm32_mavlink_msgs__rosidl_typesupport_fastrtps_c__pyext
[ 99%] Built target stm32_mavlink_msgs__rosidl_typesupport_introspection_c__pyext
[100%] Built target stm32_mavlink_msgs__rosidl_typesupport_c__pyext
running egg_info
writing stm32_mavlink_msgs.egg-info/PKG-INFO
writing dependency_links to stm32_mavlink_msgs.egg-info/dependency_links.txt
writing top-level names to stm32_mavlink_msgs.egg-info/top_level.txt
reading manifest file 'stm32_mavlink_msgs.egg-info/SOURCES.txt'
writing manifest file 'stm32_mavlink_msgs.egg-info/SOURCES.txt'
[100%] Built target ament_cmake_python_build_stm32_mavlink_msgs_egg
-- Install configuration: "Release"
-- Up-to-date: /home/a/ws_nhk/install/stm32_mavlink_msgs/share/ament_index/resource_index/rosidl_interfaces/stm32_mavlink_msgs
-- Up-to-date: /home/a/ws_nhk/install/stm32_mavlink_msgs/include/stm32_mavlink_msgs/stm32_mavlink_msgs
-- Up-to-date: /home/a/ws_nhk/install/stm32_mavlink_msgs/include/stm32_mavlink_msgs/stm32_mavlink_msgs/msg
-- Up-to-date: /home/a/ws_nhk/install/stm32_mavlink_msgs/include/stm32_mavlink_msgs/stm32_mavlink_msgs/msg/robomaster_motor_command.h
-- Up-to-date: /home/a/ws_nhk/install/stm32_mavlink_msgs/include/stm32_mavlink_msgs/stm32_mavlink_msgs/msg/rs485_motor_command.h
-- Up-to-date: /home/a/ws_nhk/install/stm32_mavlink_msgs/include/stm32_mavlink_msgs/stm32_mavlink_msgs/msg/servo_command.h
-- Up-to-date: /home/a/ws_nhk/install/stm32_mavlink_msgs/include/stm32_mavlink_msgs/stm32_mavlink_msgs/msg/rs485_write_request.h
-- Up-to-date: /home/a/ws_nhk/install/stm32_mavlink_msgs/include/stm32_mavlink_msgs/stm32_mavlink_msgs/msg/encoder_config.h
-- Up-to-date: /home/a/ws_nhk/install/stm32_mavlink_msgs/include/stm32_mavlink_msgs/stm32_mavlink_msgs/msg/rs485_flash_save_request.h
-- Up-to-date: /home/a/ws_nhk/install/stm32_mavlink_msgs/include/stm32_mavlink_msgs/stm32_mavlink_msgs/msg/dc_motor_command.h
-- Up-to-date: /home/a/ws_nhk/install/stm32_mavlink_msgs/include/stm32_mavlink_msgs/stm32_mavlink_msgs/msg/rs485_read_request.h
-- Up-to-date: /home/a/ws_nhk/install/stm32_mavlink_msgs/include/stm32_mavlink_msgs/stm32_mavlink_msgs/msg/solenoid_command.h
-- Up-to-date: /home/a/ws_nhk/install/stm32_mavlink_msgs/include/stm32_mavlink_msgs/stm32_mavlink_msgs/msg/dc_motor_config.h
-- Up-to-date: /home/a/ws_nhk/install/stm32_mavlink_msgs/include/stm32_mavlink_msgs/stm32_mavlink_msgs/msg/rs485_motor_state.h
-- Up-to-date: /home/a/ws_nhk/install/stm32_mavlink_msgs/include/stm32_mavlink_msgs/stm32_mavlink_msgs/msg/rosidl_generator_c__visibility_control.h
-- Up-to-date: /home/a/ws_nhk/install/stm32_mavlink_msgs/include/stm32_mavlink_msgs/stm32_mavlink_msgs/msg/wtt12_l_status.h
-- Up-to-date: /home/a/ws_nhk/install/stm32_mavlink_msgs/include/stm32_mavlink_msgs/stm32_mavlink_msgs/msg/rs485_motor_config.h
-- Up-to-date: /home/a/ws_nhk/install/stm32_mavlink_msgs/include/stm32_mavlink_msgs/stm32_mavlink_msgs/msg/dc_motor_state.h
-- Up-to-date: /home/a/ws_nhk/install/stm32_mavlink_msgs/include/stm32_mavlink_msgs/stm32_mavlink_msgs/msg/servo_state.h
-- Up-to-date: /home/a/ws_nhk/install/stm32_mavlink_msgs/include/stm32_mavlink_msgs/stm32_mavlink_msgs/msg/rs485_read_response.h
-- Up-to-date: /home/a/ws_nhk/install/stm32_mavlink_msgs/include/stm32_mavlink_msgs/stm32_mavlink_msgs/msg/robomaster_motor_config.h
-- Up-to-date: /home/a/ws_nhk/install/stm32_mavlink_msgs/include/stm32_mavlink_msgs/stm32_mavlink_msgs/msg/detail
-- Up-to-date: /home/a/ws_nhk/install/stm32_mavlink_msgs/include/stm32_mavlink_msgs/stm32_mavlink_msgs/msg/detail/rs485_write_request__type_support.h
-- Up-to-date: /home/a/ws_nhk/install/stm32_mavlink_msgs/include/stm32_mavlink_msgs/stm32_mavlink_msgs/msg/detail/dc_motor_state__functions.c
-- Up-to-date: /home/a/ws_nhk/install/stm32_mavlink_msgs/include/stm32_mavlink_msgs/stm32_mavlink_msgs/msg/detail/robomaster_motor_state__type_support.h
-- Up-to-date: /home/a/ws_nhk/install/stm32_mavlink_msgs/include/stm32_mavlink_msgs/stm32_mavlink_msgs/msg/detail/robomaster_motor_command__functions.c
-- Up-to-date: /home/a/ws_nhk/install/stm32_mavlink_msgs/include/stm32_mavlink_msgs/stm32_mavlink_msgs/msg/detail/encoder_config__functions.c
-- Up-to-date: /home/a/ws_nhk/install/stm32_mavlink_msgs/include/stm32_mavlink_msgs/stm32_mavlink_msgs/msg/detail/robomaster_motor_command__type_support.h
-- Up-to-date: /home/a/ws_nhk/install/stm32_mavlink_msgs/include/stm32_mavlink_msgs/stm32_mavlink_msgs/msg/detail/encoder_config__struct.h
-- Up-to-date: /home/a/ws_nhk/install/stm32_mavlink_msgs/include/stm32_mavlink_msgs/stm32_mavlink_msgs/msg/detail/solenoid_status__type_support.h
-- Up-to-date: /home/a/ws_nhk/install/stm32_mavlink_msgs/include/stm32_mavlink_msgs/stm32_mavlink_msgs/msg/detail/encoder_config__functions.h
-- Up-to-date: /home/a/ws_nhk/install/stm32_mavlink_msgs/include/stm32_mavlink_msgs/stm32_mavlink_msgs/msg/detail/dc_motor_command__type_support.h
-- Up-to-date: /home/a/ws_nhk/install/stm32_mavlink_msgs/include/stm32_mavlink_msgs/stm32_mavlink_msgs/msg/detail/dc_motor_command__struct.h
-- Up-to-date: /home/a/ws_nhk/install/stm32_mavlink_msgs/include/stm32_mavlink_msgs/stm32_mavlink_msgs/msg/detail/rs485_motor_state__functions.c
-- Up-to-date: /home/a/ws_nhk/install/stm32_mavlink_msgs/include/stm32_mavlink_msgs/stm32_mavlink_msgs/msg/detail/rs485_motor_config__functions.h
-- Up-to-date: /home/a/ws_nhk/install/stm32_mavlink_msgs/include/stm32_mavlink_msgs/stm32_mavlink_msgs/msg/detail/limit_switch_status__struct.h
-- Up-to-date: /home/a/ws_nhk/install/stm32_mavlink_msgs/include/stm32_mavlink_msgs/stm32_mavlink_msgs/msg/detail/robomaster_motor_state__struct.h
-- Up-to-date: /home/a/ws_nhk/install/stm32_mavlink_msgs/include/stm32_mavlink_msgs/stm32_mavlink_msgs/msg/detail/solenoid_command__functions.h
-- Up-to-date: /home/a/ws_nhk/install/stm32_mavlink_msgs/include/stm32_mavlink_msgs/stm32_mavlink_msgs/msg/detail/servo_command__functions.h
-- Up-to-date: /home/a/ws_nhk/install/stm32_mavlink_msgs/include/stm32_mavlink_msgs/stm32_mavlink_msgs/msg/detail/rs485_motor_state__type_support.h
-- Up-to-date: /home/a/ws_nhk/install/stm32_mavlink_msgs/include/stm32_mavlink_msgs/stm32_mavlink_msgs/msg/detail/dc_motor_command__functions.h
-- Up-to-date: /home/a/ws_nhk/install/stm32_mavlink_msgs/include/stm32_mavlink_msgs/stm32_mavlink_msgs/msg/detail/servo_state__type_support.h
-- Up-to-date: /home/a/ws_nhk/install/stm32_mavlink_msgs/include/stm32_mavlink_msgs/stm32_mavlink_msgs/msg/detail/rs485_motor_command__functions.h
-- Up-to-date: /home/a/ws_nhk/install/stm32_mavlink_msgs/include/stm32_mavlink_msgs/stm32_mavlink_msgs/msg/detail/rs485_read_request__type_support.h
-- Up-to-date: /home/a/ws_nhk/install/stm32_mavlink_msgs/include/stm32_mavlink_msgs/stm32_mavlink_msgs/msg/detail/rs485_write_request__struct.h
-- Up-to-date: /home/a/ws_nhk/install/stm32_mavlink_msgs/include/stm32_mavlink_msgs/stm32_mavlink_msgs/msg/detail/rs485_read_request__struct.h
-- Up-to-date: /home/a/ws_nhk/install/stm32_mavlink_msgs/include/stm32_mavlink_msgs/stm32_mavlink_msgs/msg/detail/rs485_write_response__type_support.h
-- Up-to-date: /home/a/ws_nhk/install/stm32_mavlink_msgs/include/stm32_mavlink_msgs/stm32_mavlink_msgs/msg/detail/rs485_write_request__functions.h
-- Up-to-date: /home/a/ws_nhk/install/stm32_mavlink_msgs/include/stm32_mavlink_msgs/stm32_mavlink_msgs/msg/detail/robomaster_motor_command__functions.h
-- Up-to-date: /home/a/ws_nhk/install/stm32_mavlink_msgs/include/stm32_mavlink_msgs/stm32_mavlink_msgs/msg/detail/wtt12_l_status__type_support.h
-- Up-to-date: /home/a/ws_nhk/install/stm32_mavlink_msgs/include/stm32_mavlink_msgs/stm32_mavlink_msgs/msg/detail/solenoid_command__functions.c
-- Up-to-date: /home/a/ws_nhk/install/stm32_mavlink_msgs/include/stm32_mavlink_msgs/stm32_mavlink_msgs/msg/detail/rs485_motor_config__functions.c
-- Up-to-date: /home/a/ws_nhk/install/stm32_mavlink_msgs/include/stm32_mavlink_msgs/stm32_mavlink_msgs/msg/detail/servo_command__type_support.h
-- Up-to-date: /home/a/ws_nhk/install/stm32_mavlink_msgs/include/stm32_mavlink_msgs/stm32_mavlink_msgs/msg/detail/encoder_config__type_support.h
-- Up-to-date: /home/a/ws_nhk/install/stm32_mavlink_msgs/include/stm32_mavlink_msgs/stm32_mavlink_msgs/msg/detail/solenoid_status__functions.h
-- Up-to-date: /home/a/ws_nhk/install/stm32_mavlink_msgs/include/stm32_mavlink_msgs/stm32_mavlink_msgs/msg/detail/servo_command__struct.h
-- Up-to-date: /home/a/ws_nhk/install/stm32_mavlink_msgs/include/stm32_mavlink_msgs/stm32_mavlink_msgs/msg/detail/solenoid_command__type_support.h
-- Up-to-date: /home/a/ws_nhk/install/stm32_mavlink_msgs/include/stm32_mavlink_msgs/stm32_mavlink_msgs/msg/detail/rs485_motor_config__struct.h
-- Up-to-date: /home/a/ws_nhk/install/stm32_mavlink_msgs/include/stm32_mavlink_msgs/stm32_mavlink_msgs/msg/detail/servo_state__functions.c
-- Up-to-date: /home/a/ws_nhk/install/stm32_mavlink_msgs/include/stm32_mavlink_msgs/stm32_mavlink_msgs/msg/detail/rs485_write_response__struct.h
-- Up-to-date: /home/a/ws_nhk/install/stm32_mavlink_msgs/include/stm32_mavlink_msgs/stm32_mavlink_msgs/msg/detail/rs485_read_response__type_support.h
-- Up-to-date: /home/a/ws_nhk/install/stm32_mavlink_msgs/include/stm32_mavlink_msgs/stm32_mavlink_msgs/msg/detail/servo_state__struct.h
-- Up-to-date: /home/a/ws_nhk/install/stm32_mavlink_msgs/include/stm32_mavlink_msgs/stm32_mavlink_msgs/msg/detail/dc_motor_config__functions.c
-- Up-to-date: /home/a/ws_nhk/install/stm32_mavlink_msgs/include/stm32_mavlink_msgs/stm32_mavlink_msgs/msg/detail/rs485_write_response__functions.c
-- Up-to-date: /home/a/ws_nhk/install/stm32_mavlink_msgs/include/stm32_mavlink_msgs/stm32_mavlink_msgs/msg/detail/rs485_read_request__functions.h
-- Up-to-date: /home/a/ws_nhk/install/stm32_mavlink_msgs/include/stm32_mavlink_msgs/stm32_mavlink_msgs/msg/detail/dc_motor_config__type_support.h
-- Up-to-date: /home/a/ws_nhk/install/stm32_mavlink_msgs/include/stm32_mavlink_msgs/stm32_mavlink_msgs/msg/detail/servo_command__functions.c
-- Up-to-date: /home/a/ws_nhk/install/stm32_mavlink_msgs/include/stm32_mavlink_msgs/stm32_mavlink_msgs/msg/detail/rs485_motor_command__type_support.h
-- Up-to-date: /home/a/ws_nhk/install/stm32_mavlink_msgs/include/stm32_mavlink_msgs/stm32_mavlink_msgs/msg/detail/dc_motor_state__functions.h
-- Up-to-date: /home/a/ws_nhk/install/stm32_mavlink_msgs/include/stm32_mavlink_msgs/stm32_mavlink_msgs/msg/detail/rs485_flash_save_request__type_support.h
-- Up-to-date: /home/a/ws_nhk/install/stm32_mavlink_msgs/include/stm32_mavlink_msgs/stm32_mavlink_msgs/msg/detail/encoder_state__struct.h
-- Up-to-date: /home/a/ws_nhk/install/stm32_mavlink_msgs/include/stm32_mavlink_msgs/stm32_mavlink_msgs/msg/detail/dc_motor_config__struct.h
-- Up-to-date: /home/a/ws_nhk/install/stm32_mavlink_msgs/include/stm32_mavlink_msgs/stm32_mavlink_msgs/msg/detail/rs485_motor_command__functions.c
-- Up-to-date: /home/a/ws_nhk/install/stm32_mavlink_msgs/include/stm32_mavlink_msgs/stm32_mavlink_msgs/msg/detail/rs485_motor_state__struct.h
-- Up-to-date: /home/a/ws_nhk/install/stm32_mavlink_msgs/include/stm32_mavlink_msgs/stm32_mavlink_msgs/msg/detail/limit_switch_status__functions.h
-- Up-to-date: /home/a/ws_nhk/install/stm32_mavlink_msgs/include/stm32_mavlink_msgs/stm32_mavlink_msgs/msg/detail/solenoid_status__functions.c
-- Up-to-date: /home/a/ws_nhk/install/stm32_mavlink_msgs/include/stm32_mavlink_msgs/stm32_mavlink_msgs/msg/detail/robomaster_motor_state__functions.c
-- Up-to-date: /home/a/ws_nhk/install/stm32_mavlink_msgs/include/stm32_mavlink_msgs/stm32_mavlink_msgs/msg/detail/wtt12_l_status__struct.h
-- Up-to-date: /home/a/ws_nhk/install/stm32_mavlink_msgs/include/stm32_mavlink_msgs/stm32_mavlink_msgs/msg/detail/dc_motor_command__functions.c
-- Up-to-date: /home/a/ws_nhk/install/stm32_mavlink_msgs/include/stm32_mavlink_msgs/stm32_mavlink_msgs/msg/detail/limit_switch_status__functions.c
-- Up-to-date: /home/a/ws_nhk/install/stm32_mavlink_msgs/include/stm32_mavlink_msgs/stm32_mavlink_msgs/msg/detail/robomaster_motor_config__functions.h
-- Up-to-date: /home/a/ws_nhk/install/stm32_mavlink_msgs/include/stm32_mavlink_msgs/stm32_mavlink_msgs/msg/detail/rs485_read_request__functions.c
-- Up-to-date: /home/a/ws_nhk/install/stm32_mavlink_msgs/include/stm32_mavlink_msgs/stm32_mavlink_msgs/msg/detail/limit_switch_status__type_support.h
-- Up-to-date: /home/a/ws_nhk/install/stm32_mavlink_msgs/include/stm32_mavlink_msgs/stm32_mavlink_msgs/msg/detail/solenoid_command__struct.h
-- Up-to-date: /home/a/ws_nhk/install/stm32_mavlink_msgs/include/stm32_mavlink_msgs/stm32_mavlink_msgs/msg/detail/robomaster_motor_config__functions.c
-- Up-to-date: /home/a/ws_nhk/install/stm32_mavlink_msgs/include/stm32_mavlink_msgs/stm32_mavlink_msgs/msg/detail/encoder_state__functions.c
-- Up-to-date: /home/a/ws_nhk/install/stm32_mavlink_msgs/include/stm32_mavlink_msgs/stm32_mavlink_msgs/msg/detail/robomaster_motor_config__struct.h
-- Up-to-date: /home/a/ws_nhk/install/stm32_mavlink_msgs/include/stm32_mavlink_msgs/stm32_mavlink_msgs/msg/detail/robomaster_motor_command__struct.h
-- Up-to-date: /home/a/ws_nhk/install/stm32_mavlink_msgs/include/stm32_mavlink_msgs/stm32_mavlink_msgs/msg/detail/rs485_motor_state__functions.h
-- Up-to-date: /home/a/ws_nhk/install/stm32_mavlink_msgs/include/stm32_mavlink_msgs/stm32_mavlink_msgs/msg/detail/rs485_flash_save_request__functions.c
-- Up-to-date: /home/a/ws_nhk/install/stm32_mavlink_msgs/include/stm32_mavlink_msgs/stm32_mavlink_msgs/msg/detail/solenoid_status__struct.h
-- Up-to-date: /home/a/ws_nhk/install/stm32_mavlink_msgs/include/stm32_mavlink_msgs/stm32_mavlink_msgs/msg/detail/dc_motor_config__functions.h
-- Up-to-date: /home/a/ws_nhk/install/stm32_mavlink_msgs/include/stm32_mavlink_msgs/stm32_mavlink_msgs/msg/detail/robomaster_motor_config__type_support.h
-- Up-to-date: /home/a/ws_nhk/install/stm32_mavlink_msgs/include/stm32_mavlink_msgs/stm32_mavlink_msgs/msg/detail/rs485_write_response__functions.h
-- Up-to-date: /home/a/ws_nhk/install/stm32_mavlink_msgs/include/stm32_mavlink_msgs/stm32_mavlink_msgs/msg/detail/encoder_state__functions.h
-- Up-to-date: /home/a/ws_nhk/install/stm32_mavlink_msgs/include/stm32_mavlink_msgs/stm32_mavlink_msgs/msg/detail/rs485_flash_save_request__functions.h
-- Up-to-date: /home/a/ws_nhk/install/stm32_mavlink_msgs/include/stm32_mavlink_msgs/stm32_mavlink_msgs/msg/detail/dc_motor_state__type_support.h
-- Up-to-date: /home/a/ws_nhk/install/stm32_mavlink_msgs/include/stm32_mavlink_msgs/stm32_mavlink_msgs/msg/detail/rs485_motor_config__type_support.h
-- Up-to-date: /home/a/ws_nhk/install/stm32_mavlink_msgs/include/stm32_mavlink_msgs/stm32_mavlink_msgs/msg/detail/rs485_flash_save_request__struct.h
-- Up-to-date: /home/a/ws_nhk/install/stm32_mavlink_msgs/include/stm32_mavlink_msgs/stm32_mavlink_msgs/msg/detail/robomaster_motor_state__functions.h
-- Up-to-date: /home/a/ws_nhk/install/stm32_mavlink_msgs/include/stm32_mavlink_msgs/stm32_mavlink_msgs/msg/detail/rs485_read_response__functions.c
-- Up-to-date: /home/a/ws_nhk/install/stm32_mavlink_msgs/include/stm32_mavlink_msgs/stm32_mavlink_msgs/msg/detail/wtt12_l_status__functions.h
-- Up-to-date: /home/a/ws_nhk/install/stm32_mavlink_msgs/include/stm32_mavlink_msgs/stm32_mavlink_msgs/msg/detail/rs485_read_response__functions.h
-- Up-to-date: /home/a/ws_nhk/install/stm32_mavlink_msgs/include/stm32_mavlink_msgs/stm32_mavlink_msgs/msg/detail/rs485_write_request__functions.c
-- Up-to-date: /home/a/ws_nhk/install/stm32_mavlink_msgs/include/stm32_mavlink_msgs/stm32_mavlink_msgs/msg/detail/rs485_motor_command__struct.h
-- Up-to-date: /home/a/ws_nhk/install/stm32_mavlink_msgs/include/stm32_mavlink_msgs/stm32_mavlink_msgs/msg/detail/wtt12_l_status__functions.c
-- Up-to-date: /home/a/ws_nhk/install/stm32_mavlink_msgs/include/stm32_mavlink_msgs/stm32_mavlink_msgs/msg/detail/dc_motor_state__struct.h
-- Up-to-date: /home/a/ws_nhk/install/stm32_mavlink_msgs/include/stm32_mavlink_msgs/stm32_mavlink_msgs/msg/detail/servo_state__functions.h
-- Up-to-date: /home/a/ws_nhk/install/stm32_mavlink_msgs/include/stm32_mavlink_msgs/stm32_mavlink_msgs/msg/detail/encoder_state__type_support.h
-- Up-to-date: /home/a/ws_nhk/install/stm32_mavlink_msgs/include/stm32_mavlink_msgs/stm32_mavlink_msgs/msg/detail/rs485_read_response__struct.h
-- Up-to-date: /home/a/ws_nhk/install/stm32_mavlink_msgs/include/stm32_mavlink_msgs/stm32_mavlink_msgs/msg/rs485_write_response.h
-- Up-to-date: /home/a/ws_nhk/install/stm32_mavlink_msgs/include/stm32_mavlink_msgs/stm32_mavlink_msgs/msg/limit_switch_status.h
-- Up-to-date: /home/a/ws_nhk/install/stm32_mavlink_msgs/include/stm32_mavlink_msgs/stm32_mavlink_msgs/msg/encoder_state.h
-- Up-to-date: /home/a/ws_nhk/install/stm32_mavlink_msgs/include/stm32_mavlink_msgs/stm32_mavlink_msgs/msg/solenoid_status.h
-- Up-to-date: /home/a/ws_nhk/install/stm32_mavlink_msgs/include/stm32_mavlink_msgs/stm32_mavlink_msgs/msg/robomaster_motor_state.h
-- Up-to-date: /home/a/ws_nhk/install/stm32_mavlink_msgs/include/stm32_mavlink_msgs/stm32_mavlink_msgs/srv
-- Up-to-date: /home/a/ws_nhk/install/stm32_mavlink_msgs/include/stm32_mavlink_msgs/stm32_mavlink_msgs/srv/set_robomaster_motor_config.h
-- Up-to-date: /home/a/ws_nhk/install/stm32_mavlink_msgs/include/stm32_mavlink_msgs/stm32_mavlink_msgs/srv/get_dc_motor_config.h
-- Up-to-date: /home/a/ws_nhk/install/stm32_mavlink_msgs/include/stm32_mavlink_msgs/stm32_mavlink_msgs/srv/write_rs485_param.h
-- Up-to-date: /home/a/ws_nhk/install/stm32_mavlink_msgs/include/stm32_mavlink_msgs/stm32_mavlink_msgs/srv/set_encoder_config.h
-- Up-to-date: /home/a/ws_nhk/install/stm32_mavlink_msgs/include/stm32_mavlink_msgs/stm32_mavlink_msgs/srv/set_dc_motor_config.h
-- Up-to-date: /home/a/ws_nhk/install/stm32_mavlink_msgs/include/stm32_mavlink_msgs/stm32_mavlink_msgs/srv/read_rs485_param.h
-- Up-to-date: /home/a/ws_nhk/install/stm32_mavlink_msgs/include/stm32_mavlink_msgs/stm32_mavlink_msgs/srv/flash_save_rs485.h
-- Up-to-date: /home/a/ws_nhk/install/stm32_mavlink_msgs/include/stm32_mavlink_msgs/stm32_mavlink_msgs/srv/detail
-- Up-to-date: /home/a/ws_nhk/install/stm32_mavlink_msgs/include/stm32_mavlink_msgs/stm32_mavlink_msgs/srv/detail/get_dc_motor_config__functions.c
-- Up-to-date: /home/a/ws_nhk/install/stm32_mavlink_msgs/include/stm32_mavlink_msgs/stm32_mavlink_msgs/srv/detail/get_robomaster_motor_config__functions.h
-- Up-to-date: /home/a/ws_nhk/install/stm32_mavlink_msgs/include/stm32_mavlink_msgs/stm32_mavlink_msgs/srv/detail/write_rs485_param__functions.c
-- Up-to-date: /home/a/ws_nhk/install/stm32_mavlink_msgs/include/stm32_mavlink_msgs/stm32_mavlink_msgs/srv/detail/read_rs485_param__type_support.h
-- Up-to-date: /home/a/ws_nhk/install/stm32_mavlink_msgs/include/stm32_mavlink_msgs/stm32_mavlink_msgs/srv/detail/get_robomaster_motor_config__struct.h
-- Up-to-date: /home/a/ws_nhk/install/stm32_mavlink_msgs/include/stm32_mavlink_msgs/stm32_mavlink_msgs/srv/detail/set_encoder_config__struct.h
-- Up-to-date: /home/a/ws_nhk/install/stm32_mavlink_msgs/include/stm32_mavlink_msgs/stm32_mavlink_msgs/srv/detail/set_dc_motor_config__type_support.h
-- Up-to-date: /home/a/ws_nhk/install/stm32_mavlink_msgs/include/stm32_mavlink_msgs/stm32_mavlink_msgs/srv/detail/set_dc_motor_config__functions.h
-- Up-to-date: /home/a/ws_nhk/install/stm32_mavlink_msgs/include/stm32_mavlink_msgs/stm32_mavlink_msgs/srv/detail/set_robomaster_motor_config__struct.h
-- Up-to-date: /home/a/ws_nhk/install/stm32_mavlink_msgs/include/stm32_mavlink_msgs/stm32_mavlink_msgs/srv/detail/read_rs485_param__functions.c
-- Up-to-date: /home/a/ws_nhk/install/stm32_mavlink_msgs/include/stm32_mavlink_msgs/stm32_mavlink_msgs/srv/detail/set_robomaster_motor_config__functions.c
-- Up-to-date: /home/a/ws_nhk/install/stm32_mavlink_msgs/include/stm32_mavlink_msgs/stm32_mavlink_msgs/srv/detail/get_robomaster_motor_config__functions.c
-- Up-to-date: /home/a/ws_nhk/install/stm32_mavlink_msgs/include/stm32_mavlink_msgs/stm32_mavlink_msgs/srv/detail/set_dc_motor_config__functions.c
-- Up-to-date: /home/a/ws_nhk/install/stm32_mavlink_msgs/include/stm32_mavlink_msgs/stm32_mavlink_msgs/srv/detail/set_robomaster_motor_config__type_support.h
-- Up-to-date: /home/a/ws_nhk/install/stm32_mavlink_msgs/include/stm32_mavlink_msgs/stm32_mavlink_msgs/srv/detail/get_dc_motor_config__functions.h
-- Up-to-date: /home/a/ws_nhk/install/stm32_mavlink_msgs/include/stm32_mavlink_msgs/stm32_mavlink_msgs/srv/detail/set_servo_config__struct.h
-- Up-to-date: /home/a/ws_nhk/install/stm32_mavlink_msgs/include/stm32_mavlink_msgs/stm32_mavlink_msgs/srv/detail/write_rs485_param__struct.h
-- Up-to-date: /home/a/ws_nhk/install/stm32_mavlink_msgs/include/stm32_mavlink_msgs/stm32_mavlink_msgs/srv/detail/set_servo_config__functions.c
-- Up-to-date: /home/a/ws_nhk/install/stm32_mavlink_msgs/include/stm32_mavlink_msgs/stm32_mavlink_msgs/srv/detail/flash_save_rs485__functions.c
-- Up-to-date: /home/a/ws_nhk/install/stm32_mavlink_msgs/include/stm32_mavlink_msgs/stm32_mavlink_msgs/srv/detail/write_rs485_param__functions.h
-- Up-to-date: /home/a/ws_nhk/install/stm32_mavlink_msgs/include/stm32_mavlink_msgs/stm32_mavlink_msgs/srv/detail/read_rs485_param__functions.h
-- Up-to-date: /home/a/ws_nhk/install/stm32_mavlink_msgs/include/stm32_mavlink_msgs/stm32_mavlink_msgs/srv/detail/write_rs485_param__type_support.h
-- Up-to-date: /home/a/ws_nhk/install/stm32_mavlink_msgs/include/stm32_mavlink_msgs/stm32_mavlink_msgs/srv/detail/set_robomaster_motor_config__functions.h
-- Up-to-date: /home/a/ws_nhk/install/stm32_mavlink_msgs/include/stm32_mavlink_msgs/stm32_mavlink_msgs/srv/detail/set_encoder_config__functions.h
-- Up-to-date: /home/a/ws_nhk/install/stm32_mavlink_msgs/include/stm32_mavlink_msgs/stm32_mavlink_msgs/srv/detail/flash_save_rs485__functions.h
-- Up-to-date: /home/a/ws_nhk/install/stm32_mavlink_msgs/include/stm32_mavlink_msgs/stm32_mavlink_msgs/srv/detail/get_dc_motor_config__type_support.h
-- Up-to-date: /home/a/ws_nhk/install/stm32_mavlink_msgs/include/stm32_mavlink_msgs/stm32_mavlink_msgs/srv/detail/set_encoder_config__type_support.h
-- Up-to-date: /home/a/ws_nhk/install/stm32_mavlink_msgs/include/stm32_mavlink_msgs/stm32_mavlink_msgs/srv/detail/set_servo_config__functions.h
-- Up-to-date: /home/a/ws_nhk/install/stm32_mavlink_msgs/include/stm32_mavlink_msgs/stm32_mavlink_msgs/srv/detail/get_robomaster_motor_config__type_support.h
-- Up-to-date: /home/a/ws_nhk/install/stm32_mavlink_msgs/include/stm32_mavlink_msgs/stm32_mavlink_msgs/srv/detail/set_servo_config__type_support.h
-- Up-to-date: /home/a/ws_nhk/install/stm32_mavlink_msgs/include/stm32_mavlink_msgs/stm32_mavlink_msgs/srv/detail/set_dc_motor_config__struct.h
-- Up-to-date: /home/a/ws_nhk/install/stm32_mavlink_msgs/include/stm32_mavlink_msgs/stm32_mavlink_msgs/srv/detail/flash_save_rs485__struct.h
-- Up-to-date: /home/a/ws_nhk/install/stm32_mavlink_msgs/include/stm32_mavlink_msgs/stm32_mavlink_msgs/srv/detail/set_encoder_config__functions.c
-- Up-to-date: /home/a/ws_nhk/install/stm32_mavlink_msgs/include/stm32_mavlink_msgs/stm32_mavlink_msgs/srv/detail/flash_save_rs485__type_support.h
-- Up-to-date: /home/a/ws_nhk/install/stm32_mavlink_msgs/include/stm32_mavlink_msgs/stm32_mavlink_msgs/srv/detail/get_dc_motor_config__struct.h
-- Up-to-date: /home/a/ws_nhk/install/stm32_mavlink_msgs/include/stm32_mavlink_msgs/stm32_mavlink_msgs/srv/detail/read_rs485_param__struct.h
-- Up-to-date: /home/a/ws_nhk/install/stm32_mavlink_msgs/include/stm32_mavlink_msgs/stm32_mavlink_msgs/srv/get_robomaster_motor_config.h
-- Up-to-date: /home/a/ws_nhk/install/stm32_mavlink_msgs/include/stm32_mavlink_msgs/stm32_mavlink_msgs/srv/set_servo_config.h
-- Up-to-date: /home/a/ws_nhk/install/stm32_mavlink_msgs/share/stm32_mavlink_msgs/environment/library_path.sh
-- Up-to-date: /home/a/ws_nhk/install/stm32_mavlink_msgs/share/stm32_mavlink_msgs/environment/library_path.dsv
-- Up-to-date: /home/a/ws_nhk/install/stm32_mavlink_msgs/lib/libstm32_mavlink_msgs__rosidl_generator_c.so
-- Up-to-date: /home/a/ws_nhk/install/stm32_mavlink_msgs/include/stm32_mavlink_msgs/stm32_mavlink_msgs
-- Up-to-date: /home/a/ws_nhk/install/stm32_mavlink_msgs/include/stm32_mavlink_msgs/stm32_mavlink_msgs/msg
-- Up-to-date: /home/a/ws_nhk/install/stm32_mavlink_msgs/include/stm32_mavlink_msgs/stm32_mavlink_msgs/msg/rosidl_typesupport_fastrtps_c__visibility_control.h
-- Up-to-date: /home/a/ws_nhk/install/stm32_mavlink_msgs/include/stm32_mavlink_msgs/stm32_mavlink_msgs/msg/detail
-- Up-to-date: /home/a/ws_nhk/install/stm32_mavlink_msgs/include/stm32_mavlink_msgs/stm32_mavlink_msgs/msg/detail/rs485_motor_state__rosidl_typesupport_fastrtps_c.h
-- Up-to-date: /home/a/ws_nhk/install/stm32_mavlink_msgs/include/stm32_mavlink_msgs/stm32_mavlink_msgs/msg/detail/encoder_state__rosidl_typesupport_fastrtps_c.h
-- Up-to-date: /home/a/ws_nhk/install/stm32_mavlink_msgs/include/stm32_mavlink_msgs/stm32_mavlink_msgs/msg/detail/solenoid_status__rosidl_typesupport_fastrtps_c.h
-- Up-to-date: /home/a/ws_nhk/install/stm32_mavlink_msgs/include/stm32_mavlink_msgs/stm32_mavlink_msgs/msg/detail/rs485_write_request__rosidl_typesupport_fastrtps_c.h
-- Up-to-date: /home/a/ws_nhk/install/stm32_mavlink_msgs/include/stm32_mavlink_msgs/stm32_mavlink_msgs/msg/detail/rs485_motor_command__rosidl_typesupport_fastrtps_c.h
-- Up-to-date: /home/a/ws_nhk/install/stm32_mavlink_msgs/include/stm32_mavlink_msgs/stm32_mavlink_msgs/msg/detail/rs485_read_request__rosidl_typesupport_fastrtps_c.h
-- Up-to-date: /home/a/ws_nhk/install/stm32_mavlink_msgs/include/stm32_mavlink_msgs/stm32_mavlink_msgs/msg/detail/robomaster_motor_config__rosidl_typesupport_fastrtps_c.h
-- Up-to-date: /home/a/ws_nhk/install/stm32_mavlink_msgs/include/stm32_mavlink_msgs/stm32_mavlink_msgs/msg/detail/encoder_config__rosidl_typesupport_fastrtps_c.h
-- Up-to-date: /home/a/ws_nhk/install/stm32_mavlink_msgs/include/stm32_mavlink_msgs/stm32_mavlink_msgs/msg/detail/servo_command__rosidl_typesupport_fastrtps_c.h
-- Up-to-date: /home/a/ws_nhk/install/stm32_mavlink_msgs/include/stm32_mavlink_msgs/stm32_mavlink_msgs/msg/detail/rs485_write_response__rosidl_typesupport_fastrtps_c.h
-- Up-to-date: /home/a/ws_nhk/install/stm32_mavlink_msgs/include/stm32_mavlink_msgs/stm32_mavlink_msgs/msg/detail/rs485_motor_config__rosidl_typesupport_fastrtps_c.h
-- Up-to-date: /home/a/ws_nhk/install/stm32_mavlink_msgs/include/stm32_mavlink_msgs/stm32_mavlink_msgs/msg/detail/solenoid_command__rosidl_typesupport_fastrtps_c.h
-- Up-to-date: /home/a/ws_nhk/install/stm32_mavlink_msgs/include/stm32_mavlink_msgs/stm32_mavlink_msgs/msg/detail/dc_motor_config__rosidl_typesupport_fastrtps_c.h
-- Up-to-date: /home/a/ws_nhk/install/stm32_mavlink_msgs/include/stm32_mavlink_msgs/stm32_mavlink_msgs/msg/detail/rs485_flash_save_request__rosidl_typesupport_fastrtps_c.h
-- Up-to-date: /home/a/ws_nhk/install/stm32_mavlink_msgs/include/stm32_mavlink_msgs/stm32_mavlink_msgs/msg/detail/robomaster_motor_state__rosidl_typesupport_fastrtps_c.h
-- Up-to-date: /home/a/ws_nhk/install/stm32_mavlink_msgs/include/stm32_mavlink_msgs/stm32_mavlink_msgs/msg/detail/robomaster_motor_command__rosidl_typesupport_fastrtps_c.h
-- Up-to-date: /home/a/ws_nhk/install/stm32_mavlink_msgs/include/stm32_mavlink_msgs/stm32_mavlink_msgs/msg/detail/servo_state__rosidl_typesupport_fastrtps_c.h
-- Up-to-date: /home/a/ws_nhk/install/stm32_mavlink_msgs/include/stm32_mavlink_msgs/stm32_mavlink_msgs/msg/detail/dc_motor_state__rosidl_typesupport_fastrtps_c.h
-- Up-to-date: /home/a/ws_nhk/install/stm32_mavlink_msgs/include/stm32_mavlink_msgs/stm32_mavlink_msgs/msg/detail/wtt12_l_status__rosidl_typesupport_fastrtps_c.h
-- Up-to-date: /home/a/ws_nhk/install/stm32_mavlink_msgs/include/stm32_mavlink_msgs/stm32_mavlink_msgs/msg/detail/limit_switch_status__rosidl_typesupport_fastrtps_c.h
-- Up-to-date: /home/a/ws_nhk/install/stm32_mavlink_msgs/include/stm32_mavlink_msgs/stm32_mavlink_msgs/msg/detail/dc_motor_command__rosidl_typesupport_fastrtps_c.h
-- Up-to-date: /home/a/ws_nhk/install/stm32_mavlink_msgs/include/stm32_mavlink_msgs/stm32_mavlink_msgs/msg/detail/rs485_read_response__rosidl_typesupport_fastrtps_c.h
-- Up-to-date: /home/a/ws_nhk/install/stm32_mavlink_msgs/include/stm32_mavlink_msgs/stm32_mavlink_msgs/srv
-- Up-to-date: /home/a/ws_nhk/install/stm32_mavlink_msgs/include/stm32_mavlink_msgs/stm32_mavlink_msgs/srv/detail
-- Up-to-date: /home/a/ws_nhk/install/stm32_mavlink_msgs/include/stm32_mavlink_msgs/stm32_mavlink_msgs/srv/detail/set_encoder_config__rosidl_typesupport_fastrtps_c.h
-- Up-to-date: /home/a/ws_nhk/install/stm32_mavlink_msgs/include/stm32_mavlink_msgs/stm32_mavlink_msgs/srv/detail/read_rs485_param__rosidl_typesupport_fastrtps_c.h
-- Up-to-date: /home/a/ws_nhk/install/stm32_mavlink_msgs/include/stm32_mavlink_msgs/stm32_mavlink_msgs/srv/detail/write_rs485_param__rosidl_typesupport_fastrtps_c.h
-- Up-to-date: /home/a/ws_nhk/install/stm32_mavlink_msgs/include/stm32_mavlink_msgs/stm32_mavlink_msgs/srv/detail/set_servo_config__rosidl_typesupport_fastrtps_c.h
-- Up-to-date: /home/a/ws_nhk/install/stm32_mavlink_msgs/include/stm32_mavlink_msgs/stm32_mavlink_msgs/srv/detail/flash_save_rs485__rosidl_typesupport_fastrtps_c.h
-- Up-to-date: /home/a/ws_nhk/install/stm32_mavlink_msgs/include/stm32_mavlink_msgs/stm32_mavlink_msgs/srv/detail/get_robomaster_motor_config__rosidl_typesupport_fastrtps_c.h
-- Up-to-date: /home/a/ws_nhk/install/stm32_mavlink_msgs/include/stm32_mavlink_msgs/stm32_mavlink_msgs/srv/detail/set_dc_motor_config__rosidl_typesupport_fastrtps_c.h
-- Up-to-date: /home/a/ws_nhk/install/stm32_mavlink_msgs/include/stm32_mavlink_msgs/stm32_mavlink_msgs/srv/detail/get_dc_motor_config__rosidl_typesupport_fastrtps_c.h
-- Up-to-date: /home/a/ws_nhk/install/stm32_mavlink_msgs/include/stm32_mavlink_msgs/stm32_mavlink_msgs/srv/detail/set_robomaster_motor_config__rosidl_typesupport_fastrtps_c.h
-- Up-to-date: /home/a/ws_nhk/install/stm32_mavlink_msgs/lib/libstm32_mavlink_msgs__rosidl_typesupport_fastrtps_c.so
-- Up-to-date: /home/a/ws_nhk/install/stm32_mavlink_msgs/include/stm32_mavlink_msgs/stm32_mavlink_msgs
-- Up-to-date: /home/a/ws_nhk/install/stm32_mavlink_msgs/include/stm32_mavlink_msgs/stm32_mavlink_msgs/msg
-- Up-to-date: /home/a/ws_nhk/install/stm32_mavlink_msgs/include/stm32_mavlink_msgs/stm32_mavlink_msgs/msg/rosidl_typesupport_introspection_c__visibility_control.h
-- Up-to-date: /home/a/ws_nhk/install/stm32_mavlink_msgs/include/stm32_mavlink_msgs/stm32_mavlink_msgs/msg/detail
-- Up-to-date: /home/a/ws_nhk/install/stm32_mavlink_msgs/include/stm32_mavlink_msgs/stm32_mavlink_msgs/msg/detail/rs485_motor_config__rosidl_typesupport_introspection_c.h
-- Up-to-date: /home/a/ws_nhk/install/stm32_mavlink_msgs/include/stm32_mavlink_msgs/stm32_mavlink_msgs/msg/detail/robomaster_motor_state__type_support.c
-- Up-to-date: /home/a/ws_nhk/install/stm32_mavlink_msgs/include/stm32_mavlink_msgs/stm32_mavlink_msgs/msg/detail/rs485_motor_state__rosidl_typesupport_introspection_c.h
-- Up-to-date: /home/a/ws_nhk/install/stm32_mavlink_msgs/include/stm32_mavlink_msgs/stm32_mavlink_msgs/msg/detail/rs485_motor_state__type_support.c
-- Up-to-date: /home/a/ws_nhk/install/stm32_mavlink_msgs/include/stm32_mavlink_msgs/stm32_mavlink_msgs/msg/detail/dc_motor_state__type_support.c
-- Up-to-date: /home/a/ws_nhk/install/stm32_mavlink_msgs/include/stm32_mavlink_msgs/stm32_mavlink_msgs/msg/detail/solenoid_status__type_support.c
-- Up-to-date: /home/a/ws_nhk/install/stm32_mavlink_msgs/include/stm32_mavlink_msgs/stm32_mavlink_msgs/msg/detail/dc_motor_config__type_support.c
-- Up-to-date: /home/a/ws_nhk/install/stm32_mavlink_msgs/include/stm32_mavlink_msgs/stm32_mavlink_msgs/msg/detail/rs485_read_response__type_support.c
-- Up-to-date: /home/a/ws_nhk/install/stm32_mavlink_msgs/include/stm32_mavlink_msgs/stm32_mavlink_msgs/msg/detail/robomaster_motor_command__rosidl_typesupport_introspection_c.h
-- Up-to-date: /home/a/ws_nhk/install/stm32_mavlink_msgs/include/stm32_mavlink_msgs/stm32_mavlink_msgs/msg/detail/rs485_write_response__rosidl_typesupport_introspection_c.h
-- Up-to-date: /home/a/ws_nhk/install/stm32_mavlink_msgs/include/stm32_mavlink_msgs/stm32_mavlink_msgs/msg/detail/robomaster_motor_config__rosidl_typesupport_introspection_c.h
-- Up-to-date: /home/a/ws_nhk/install/stm32_mavlink_msgs/include/stm32_mavlink_msgs/stm32_mavlink_msgs/msg/detail/robomaster_motor_state__rosidl_typesupport_introspection_c.h
-- Up-to-date: /home/a/ws_nhk/install/stm32_mavlink_msgs/include/stm32_mavlink_msgs/stm32_mavlink_msgs/msg/detail/rs485_flash_save_request__type_support.c
-- Up-to-date: /home/a/ws_nhk/install/stm32_mavlink_msgs/include/stm32_mavlink_msgs/stm32_mavlink_msgs/msg/detail/rs485_flash_save_request__rosidl_typesupport_introspection_c.h
-- Up-to-date: /home/a/ws_nhk/install/stm32_mavlink_msgs/include/stm32_mavlink_msgs/stm32_mavlink_msgs/msg/detail/servo_state__rosidl_typesupport_introspection_c.h
-- Up-to-date: /home/a/ws_nhk/install/stm32_mavlink_msgs/include/stm32_mavlink_msgs/stm32_mavlink_msgs/msg/detail/dc_motor_config__rosidl_typesupport_introspection_c.h
-- Up-to-date: /home/a/ws_nhk/install/stm32_mavlink_msgs/include/stm32_mavlink_msgs/stm32_mavlink_msgs/msg/detail/wtt12_l_status__rosidl_typesupport_introspection_c.h
-- Up-to-date: /home/a/ws_nhk/install/stm32_mavlink_msgs/include/stm32_mavlink_msgs/stm32_mavlink_msgs/msg/detail/rs485_read_response__rosidl_typesupport_introspection_c.h
-- Up-to-date: /home/a/ws_nhk/install/stm32_mavlink_msgs/include/stm32_mavlink_msgs/stm32_mavlink_msgs/msg/detail/encoder_state__type_support.c
-- Up-to-date: /home/a/ws_nhk/install/stm32_mavlink_msgs/include/stm32_mavlink_msgs/stm32_mavlink_msgs/msg/detail/servo_state__type_support.c
-- Up-to-date: /home/a/ws_nhk/install/stm32_mavlink_msgs/include/stm32_mavlink_msgs/stm32_mavlink_msgs/msg/detail/encoder_config__type_support.c
-- Up-to-date: /home/a/ws_nhk/install/stm32_mavlink_msgs/include/stm32_mavlink_msgs/stm32_mavlink_msgs/msg/detail/rs485_write_request__rosidl_typesupport_introspection_c.h
-- Up-to-date: /home/a/ws_nhk/install/stm32_mavlink_msgs/include/stm32_mavlink_msgs/stm32_mavlink_msgs/msg/detail/solenoid_status__rosidl_typesupport_introspection_c.h
-- Up-to-date: /home/a/ws_nhk/install/stm32_mavlink_msgs/include/stm32_mavlink_msgs/stm32_mavlink_msgs/msg/detail/dc_motor_command__rosidl_typesupport_introspection_c.h
-- Up-to-date: /home/a/ws_nhk/install/stm32_mavlink_msgs/include/stm32_mavlink_msgs/stm32_mavlink_msgs/msg/detail/limit_switch_status__rosidl_typesupport_introspection_c.h
-- Up-to-date: /home/a/ws_nhk/install/stm32_mavlink_msgs/include/stm32_mavlink_msgs/stm32_mavlink_msgs/msg/detail/limit_switch_status__type_support.c
-- Up-to-date: /home/a/ws_nhk/install/stm32_mavlink_msgs/include/stm32_mavlink_msgs/stm32_mavlink_msgs/msg/detail/rs485_motor_config__type_support.c
-- Up-to-date: /home/a/ws_nhk/install/stm32_mavlink_msgs/include/stm32_mavlink_msgs/stm32_mavlink_msgs/msg/detail/dc_motor_command__type_support.c
-- Up-to-date: /home/a/ws_nhk/install/stm32_mavlink_msgs/include/stm32_mavlink_msgs/stm32_mavlink_msgs/msg/detail/encoder_state__rosidl_typesupport_introspection_c.h
-- Up-to-date: /home/a/ws_nhk/install/stm32_mavlink_msgs/include/stm32_mavlink_msgs/stm32_mavlink_msgs/msg/detail/wtt12_l_status__type_support.c
-- Up-to-date: /home/a/ws_nhk/install/stm32_mavlink_msgs/include/stm32_mavlink_msgs/stm32_mavlink_msgs/msg/detail/rs485_motor_command__rosidl_typesupport_introspection_c.h
-- Up-to-date: /home/a/ws_nhk/install/stm32_mavlink_msgs/include/stm32_mavlink_msgs/stm32_mavlink_msgs/msg/detail/robomaster_motor_config__type_support.c
-- Up-to-date: /home/a/ws_nhk/install/stm32_mavlink_msgs/include/stm32_mavlink_msgs/stm32_mavlink_msgs/msg/detail/rs485_write_response__type_support.c
-- Up-to-date: /home/a/ws_nhk/install/stm32_mavlink_msgs/include/stm32_mavlink_msgs/stm32_mavlink_msgs/msg/detail/servo_command__type_support.c
-- Up-to-date: /home/a/ws_nhk/install/stm32_mavlink_msgs/include/stm32_mavlink_msgs/stm32_mavlink_msgs/msg/detail/dc_motor_state__rosidl_typesupport_introspection_c.h
-- Up-to-date: /home/a/ws_nhk/install/stm32_mavlink_msgs/include/stm32_mavlink_msgs/stm32_mavlink_msgs/msg/detail/rs485_read_request__type_support.c
-- Up-to-date: /home/a/ws_nhk/install/stm32_mavlink_msgs/include/stm32_mavlink_msgs/stm32_mavlink_msgs/msg/detail/encoder_config__rosidl_typesupport_introspection_c.h
-- Up-to-date: /home/a/ws_nhk/install/stm32_mavlink_msgs/include/stm32_mavlink_msgs/stm32_mavlink_msgs/msg/detail/servo_command__rosidl_typesupport_introspection_c.h
-- Up-to-date: /home/a/ws_nhk/install/stm32_mavlink_msgs/include/stm32_mavlink_msgs/stm32_mavlink_msgs/msg/detail/rs485_read_request__rosidl_typesupport_introspection_c.h
-- Up-to-date: /home/a/ws_nhk/install/stm32_mavlink_msgs/include/stm32_mavlink_msgs/stm32_mavlink_msgs/msg/detail/solenoid_command__rosidl_typesupport_introspection_c.h
-- Up-to-date: /home/a/ws_nhk/install/stm32_mavlink_msgs/include/stm32_mavlink_msgs/stm32_mavlink_msgs/msg/detail/rs485_motor_command__type_support.c
-- Up-to-date: /home/a/ws_nhk/install/stm32_mavlink_msgs/include/stm32_mavlink_msgs/stm32_mavlink_msgs/msg/detail/robomaster_motor_command__type_support.c
-- Up-to-date: /home/a/ws_nhk/install/stm32_mavlink_msgs/include/stm32_mavlink_msgs/stm32_mavlink_msgs/msg/detail/solenoid_command__type_support.c
-- Up-to-date: /home/a/ws_nhk/install/stm32_mavlink_msgs/include/stm32_mavlink_msgs/stm32_mavlink_msgs/msg/detail/rs485_write_request__type_support.c
-- Up-to-date: /home/a/ws_nhk/install/stm32_mavlink_msgs/include/stm32_mavlink_msgs/stm32_mavlink_msgs/srv
-- Up-to-date: /home/a/ws_nhk/install/stm32_mavlink_msgs/include/stm32_mavlink_msgs/stm32_mavlink_msgs/srv/detail
-- Up-to-date: /home/a/ws_nhk/install/stm32_mavlink_msgs/include/stm32_mavlink_msgs/stm32_mavlink_msgs/srv/detail/write_rs485_param__type_support.c
-- Up-to-date: /home/a/ws_nhk/install/stm32_mavlink_msgs/include/stm32_mavlink_msgs/stm32_mavlink_msgs/srv/detail/write_rs485_param__rosidl_typesupport_introspection_c.h
-- Up-to-date: /home/a/ws_nhk/install/stm32_mavlink_msgs/include/stm32_mavlink_msgs/stm32_mavlink_msgs/srv/detail/get_dc_motor_config__type_support.c
-- Up-to-date: /home/a/ws_nhk/install/stm32_mavlink_msgs/include/stm32_mavlink_msgs/stm32_mavlink_msgs/srv/detail/set_dc_motor_config__type_support.c
-- Up-to-date: /home/a/ws_nhk/install/stm32_mavlink_msgs/include/stm32_mavlink_msgs/stm32_mavlink_msgs/srv/detail/get_robomaster_motor_config__type_support.c
-- Up-to-date: /home/a/ws_nhk/install/stm32_mavlink_msgs/include/stm32_mavlink_msgs/stm32_mavlink_msgs/srv/detail/set_robomaster_motor_config__type_support.c
-- Up-to-date: /home/a/ws_nhk/install/stm32_mavlink_msgs/include/stm32_mavlink_msgs/stm32_mavlink_msgs/srv/detail/flash_save_rs485__rosidl_typesupport_introspection_c.h
-- Up-to-date: /home/a/ws_nhk/install/stm32_mavlink_msgs/include/stm32_mavlink_msgs/stm32_mavlink_msgs/srv/detail/get_dc_motor_config__rosidl_typesupport_introspection_c.h
-- Up-to-date: /home/a/ws_nhk/install/stm32_mavlink_msgs/include/stm32_mavlink_msgs/stm32_mavlink_msgs/srv/detail/get_robomaster_motor_config__rosidl_typesupport_introspection_c.h
-- Up-to-date: /home/a/ws_nhk/install/stm32_mavlink_msgs/include/stm32_mavlink_msgs/stm32_mavlink_msgs/srv/detail/flash_save_rs485__type_support.c
-- Up-to-date: /home/a/ws_nhk/install/stm32_mavlink_msgs/include/stm32_mavlink_msgs/stm32_mavlink_msgs/srv/detail/read_rs485_param__type_support.c
-- Up-to-date: /home/a/ws_nhk/install/stm32_mavlink_msgs/include/stm32_mavlink_msgs/stm32_mavlink_msgs/srv/detail/set_servo_config__type_support.c
-- Up-to-date: /home/a/ws_nhk/install/stm32_mavlink_msgs/include/stm32_mavlink_msgs/stm32_mavlink_msgs/srv/detail/set_robomaster_motor_config__rosidl_typesupport_introspection_c.h
-- Up-to-date: /home/a/ws_nhk/install/stm32_mavlink_msgs/include/stm32_mavlink_msgs/stm32_mavlink_msgs/srv/detail/set_servo_config__rosidl_typesupport_introspection_c.h
-- Up-to-date: /home/a/ws_nhk/install/stm32_mavlink_msgs/include/stm32_mavlink_msgs/stm32_mavlink_msgs/srv/detail/set_encoder_config__rosidl_typesupport_introspection_c.h
-- Up-to-date: /home/a/ws_nhk/install/stm32_mavlink_msgs/include/stm32_mavlink_msgs/stm32_mavlink_msgs/srv/detail/set_encoder_config__type_support.c
-- Up-to-date: /home/a/ws_nhk/install/stm32_mavlink_msgs/include/stm32_mavlink_msgs/stm32_mavlink_msgs/srv/detail/set_dc_motor_config__rosidl_typesupport_introspection_c.h
-- Up-to-date: /home/a/ws_nhk/install/stm32_mavlink_msgs/include/stm32_mavlink_msgs/stm32_mavlink_msgs/srv/detail/read_rs485_param__rosidl_typesupport_introspection_c.h
-- Up-to-date: /home/a/ws_nhk/install/stm32_mavlink_msgs/lib/libstm32_mavlink_msgs__rosidl_typesupport_introspection_c.so
-- Up-to-date: /home/a/ws_nhk/install/stm32_mavlink_msgs/lib/libstm32_mavlink_msgs__rosidl_typesupport_c.so
-- Up-to-date: /home/a/ws_nhk/install/stm32_mavlink_msgs/include/stm32_mavlink_msgs/stm32_mavlink_msgs
-- Up-to-date: /home/a/ws_nhk/install/stm32_mavlink_msgs/include/stm32_mavlink_msgs/stm32_mavlink_msgs/msg
-- Up-to-date: /home/a/ws_nhk/install/stm32_mavlink_msgs/include/stm32_mavlink_msgs/stm32_mavlink_msgs/msg/dc_motor_state.hpp
-- Up-to-date: /home/a/ws_nhk/install/stm32_mavlink_msgs/include/stm32_mavlink_msgs/stm32_mavlink_msgs/msg/servo_command.hpp
-- Up-to-date: /home/a/ws_nhk/install/stm32_mavlink_msgs/include/stm32_mavlink_msgs/stm32_mavlink_msgs/msg/dc_motor_command.hpp
-- Up-to-date: /home/a/ws_nhk/install/stm32_mavlink_msgs/include/stm32_mavlink_msgs/stm32_mavlink_msgs/msg/robomaster_motor_config.hpp
-- Up-to-date: /home/a/ws_nhk/install/stm32_mavlink_msgs/include/stm32_mavlink_msgs/stm32_mavlink_msgs/msg/encoder_config.hpp
-- Up-to-date: /home/a/ws_nhk/install/stm32_mavlink_msgs/include/stm32_mavlink_msgs/stm32_mavlink_msgs/msg/wtt12_l_status.hpp
-- Up-to-date: /home/a/ws_nhk/install/stm32_mavlink_msgs/include/stm32_mavlink_msgs/stm32_mavlink_msgs/msg/encoder_state.hpp
-- Up-to-date: /home/a/ws_nhk/install/stm32_mavlink_msgs/include/stm32_mavlink_msgs/stm32_mavlink_msgs/msg/solenoid_command.hpp
-- Up-to-date: /home/a/ws_nhk/install/stm32_mavlink_msgs/include/stm32_mavlink_msgs/stm32_mavlink_msgs/msg/robomaster_motor_state.hpp
-- Up-to-date: /home/a/ws_nhk/install/stm32_mavlink_msgs/include/stm32_mavlink_msgs/stm32_mavlink_msgs/msg/dc_motor_config.hpp
-- Up-to-date: /home/a/ws_nhk/install/stm32_mavlink_msgs/include/stm32_mavlink_msgs/stm32_mavlink_msgs/msg/robomaster_motor_command.hpp
-- Up-to-date: /home/a/ws_nhk/install/stm32_mavlink_msgs/include/stm32_mavlink_msgs/stm32_mavlink_msgs/msg/servo_state.hpp
-- Up-to-date: /home/a/ws_nhk/install/stm32_mavlink_msgs/include/stm32_mavlink_msgs/stm32_mavlink_msgs/msg/rs485_read_request.hpp
-- Up-to-date: /home/a/ws_nhk/install/stm32_mavlink_msgs/include/stm32_mavlink_msgs/stm32_mavlink_msgs/msg/rosidl_generator_cpp__visibility_control.hpp
-- Up-to-date: /home/a/ws_nhk/install/stm32_mavlink_msgs/include/stm32_mavlink_msgs/stm32_mavlink_msgs/msg/rs485_motor_state.hpp
-- Up-to-date: /home/a/ws_nhk/install/stm32_mavlink_msgs/include/stm32_mavlink_msgs/stm32_mavlink_msgs/msg/rs485_write_response.hpp
-- Up-to-date: /home/a/ws_nhk/install/stm32_mavlink_msgs/include/stm32_mavlink_msgs/stm32_mavlink_msgs/msg/rs485_read_response.hpp
-- Up-to-date: /home/a/ws_nhk/install/stm32_mavlink_msgs/include/stm32_mavlink_msgs/stm32_mavlink_msgs/msg/rs485_flash_save_request.hpp
-- Up-to-date: /home/a/ws_nhk/install/stm32_mavlink_msgs/include/stm32_mavlink_msgs/stm32_mavlink_msgs/msg/limit_switch_status.hpp
-- Up-to-date: /home/a/ws_nhk/install/stm32_mavlink_msgs/include/stm32_mavlink_msgs/stm32_mavlink_msgs/msg/rs485_write_request.hpp
-- Up-to-date: /home/a/ws_nhk/install/stm32_mavlink_msgs/include/stm32_mavlink_msgs/stm32_mavlink_msgs/msg/rs485_motor_config.hpp
-- Up-to-date: /home/a/ws_nhk/install/stm32_mavlink_msgs/include/stm32_mavlink_msgs/stm32_mavlink_msgs/msg/detail
-- Up-to-date: /home/a/ws_nhk/install/stm32_mavlink_msgs/include/stm32_mavlink_msgs/stm32_mavlink_msgs/msg/detail/wtt12_l_status__traits.hpp
-- Up-to-date: /home/a/ws_nhk/install/stm32_mavlink_msgs/include/stm32_mavlink_msgs/stm32_mavlink_msgs/msg/detail/solenoid_command__builder.hpp
-- Up-to-date: /home/a/ws_nhk/install/stm32_mavlink_msgs/include/stm32_mavlink_msgs/stm32_mavlink_msgs/msg/detail/limit_switch_status__struct.hpp
-- Up-to-date: /home/a/ws_nhk/install/stm32_mavlink_msgs/include/stm32_mavlink_msgs/stm32_mavlink_msgs/msg/detail/encoder_state__type_support.hpp
-- Up-to-date: /home/a/ws_nhk/install/stm32_mavlink_msgs/include/stm32_mavlink_msgs/stm32_mavlink_msgs/msg/detail/rs485_motor_command__builder.hpp
-- Up-to-date: /home/a/ws_nhk/install/stm32_mavlink_msgs/include/stm32_mavlink_msgs/stm32_mavlink_msgs/msg/detail/solenoid_command__traits.hpp
-- Up-to-date: /home/a/ws_nhk/install/stm32_mavlink_msgs/include/stm32_mavlink_msgs/stm32_mavlink_msgs/msg/detail/rs485_flash_save_request__traits.hpp
-- Up-to-date: /home/a/ws_nhk/install/stm32_mavlink_msgs/include/stm32_mavlink_msgs/stm32_mavlink_msgs/msg/detail/limit_switch_status__type_support.hpp
-- Up-to-date: /home/a/ws_nhk/install/stm32_mavlink_msgs/include/stm32_mavlink_msgs/stm32_mavlink_msgs/msg/detail/rs485_motor_command__type_support.hpp
-- Up-to-date: /home/a/ws_nhk/install/stm32_mavlink_msgs/include/stm32_mavlink_msgs/stm32_mavlink_msgs/msg/detail/dc_motor_state__struct.hpp
-- Up-to-date: /home/a/ws_nhk/install/stm32_mavlink_msgs/include/stm32_mavlink_msgs/stm32_mavlink_msgs/msg/detail/limit_switch_status__builder.hpp
-- Up-to-date: /home/a/ws_nhk/install/stm32_mavlink_msgs/include/stm32_mavlink_msgs/stm32_mavlink_msgs/msg/detail/robomaster_motor_state__traits.hpp
-- Up-to-date: /home/a/ws_nhk/install/stm32_mavlink_msgs/include/stm32_mavlink_msgs/stm32_mavlink_msgs/msg/detail/rs485_motor_config__builder.hpp
-- Up-to-date: /home/a/ws_nhk/install/stm32_mavlink_msgs/include/stm32_mavlink_msgs/stm32_mavlink_msgs/msg/detail/servo_state__struct.hpp
-- Up-to-date: /home/a/ws_nhk/install/stm32_mavlink_msgs/include/stm32_mavlink_msgs/stm32_mavlink_msgs/msg/detail/dc_motor_config__type_support.hpp
-- Up-to-date: /home/a/ws_nhk/install/stm32_mavlink_msgs/include/stm32_mavlink_msgs/stm32_mavlink_msgs/msg/detail/rs485_read_response__type_support.hpp
-- Up-to-date: /home/a/ws_nhk/install/stm32_mavlink_msgs/include/stm32_mavlink_msgs/stm32_mavlink_msgs/msg/detail/rs485_read_response__builder.hpp
-- Up-to-date: /home/a/ws_nhk/install/stm32_mavlink_msgs/include/stm32_mavlink_msgs/stm32_mavlink_msgs/msg/detail/encoder_state__builder.hpp
-- Up-to-date: /home/a/ws_nhk/install/stm32_mavlink_msgs/include/stm32_mavlink_msgs/stm32_mavlink_msgs/msg/detail/dc_motor_state__traits.hpp
-- Up-to-date: /home/a/ws_nhk/install/stm32_mavlink_msgs/include/stm32_mavlink_msgs/stm32_mavlink_msgs/msg/detail/rs485_write_response__struct.hpp
-- Up-to-date: /home/a/ws_nhk/install/stm32_mavlink_msgs/include/stm32_mavlink_msgs/stm32_mavlink_msgs/msg/detail/robomaster_motor_config__type_support.hpp
-- Up-to-date: /home/a/ws_nhk/install/stm32_mavlink_msgs/include/stm32_mavlink_msgs/stm32_mavlink_msgs/msg/detail/solenoid_status__struct.hpp
-- Up-to-date: /home/a/ws_nhk/install/stm32_mavlink_msgs/include/stm32_mavlink_msgs/stm32_mavlink_msgs/msg/detail/dc_motor_config__builder.hpp
-- Up-to-date: /home/a/ws_nhk/install/stm32_mavlink_msgs/include/stm32_mavlink_msgs/stm32_mavlink_msgs/msg/detail/rs485_read_response__struct.hpp
-- Up-to-date: /home/a/ws_nhk/install/stm32_mavlink_msgs/include/stm32_mavlink_msgs/stm32_mavlink_msgs/msg/detail/dc_motor_config__struct.hpp
-- Up-to-date: /home/a/ws_nhk/install/stm32_mavlink_msgs/include/stm32_mavlink_msgs/stm32_mavlink_msgs/msg/detail/rs485_motor_command__struct.hpp
-- Up-to-date: /home/a/ws_nhk/install/stm32_mavlink_msgs/include/stm32_mavlink_msgs/stm32_mavlink_msgs/msg/detail/wtt12_l_status__struct.hpp
-- Up-to-date: /home/a/ws_nhk/install/stm32_mavlink_msgs/include/stm32_mavlink_msgs/stm32_mavlink_msgs/msg/detail/dc_motor_command__builder.hpp
-- Up-to-date: /home/a/ws_nhk/install/stm32_mavlink_msgs/include/stm32_mavlink_msgs/stm32_mavlink_msgs/msg/detail/dc_motor_command__struct.hpp
-- Up-to-date: /home/a/ws_nhk/install/stm32_mavlink_msgs/include/stm32_mavlink_msgs/stm32_mavlink_msgs/msg/detail/solenoid_status__traits.hpp
-- Up-to-date: /home/a/ws_nhk/install/stm32_mavlink_msgs/include/stm32_mavlink_msgs/stm32_mavlink_msgs/msg/detail/servo_state__traits.hpp
-- Up-to-date: /home/a/ws_nhk/install/stm32_mavlink_msgs/include/stm32_mavlink_msgs/stm32_mavlink_msgs/msg/detail/rs485_write_request__builder.hpp
-- Up-to-date: /home/a/ws_nhk/install/stm32_mavlink_msgs/include/stm32_mavlink_msgs/stm32_mavlink_msgs/msg/detail/robomaster_motor_config__traits.hpp
-- Up-to-date: /home/a/ws_nhk/install/stm32_mavlink_msgs/include/stm32_mavlink_msgs/stm32_mavlink_msgs/msg/detail/robomaster_motor_state__builder.hpp
-- Up-to-date: /home/a/ws_nhk/install/stm32_mavlink_msgs/include/stm32_mavlink_msgs/stm32_mavlink_msgs/msg/detail/rs485_write_request__type_support.hpp
-- Up-to-date: /home/a/ws_nhk/install/stm32_mavlink_msgs/include/stm32_mavlink_msgs/stm32_mavlink_msgs/msg/detail/rs485_motor_state__type_support.hpp
-- Up-to-date: /home/a/ws_nhk/install/stm32_mavlink_msgs/include/stm32_mavlink_msgs/stm32_mavlink_msgs/msg/detail/rs485_write_request__traits.hpp
-- Up-to-date: /home/a/ws_nhk/install/stm32_mavlink_msgs/include/stm32_mavlink_msgs/stm32_mavlink_msgs/msg/detail/rs485_read_response__traits.hpp
-- Up-to-date: /home/a/ws_nhk/install/stm32_mavlink_msgs/include/stm32_mavlink_msgs/stm32_mavlink_msgs/msg/detail/robomaster_motor_command__struct.hpp
-- Up-to-date: /home/a/ws_nhk/install/stm32_mavlink_msgs/include/stm32_mavlink_msgs/stm32_mavlink_msgs/msg/detail/servo_command__struct.hpp
-- Up-to-date: /home/a/ws_nhk/install/stm32_mavlink_msgs/include/stm32_mavlink_msgs/stm32_mavlink_msgs/msg/detail/wtt12_l_status__builder.hpp
-- Up-to-date: /home/a/ws_nhk/install/stm32_mavlink_msgs/include/stm32_mavlink_msgs/stm32_mavlink_msgs/msg/detail/servo_state__type_support.hpp
-- Up-to-date: /home/a/ws_nhk/install/stm32_mavlink_msgs/include/stm32_mavlink_msgs/stm32_mavlink_msgs/msg/detail/encoder_state__struct.hpp
-- Up-to-date: /home/a/ws_nhk/install/stm32_mavlink_msgs/include/stm32_mavlink_msgs/stm32_mavlink_msgs/msg/detail/dc_motor_state__builder.hpp
-- Up-to-date: /home/a/ws_nhk/install/stm32_mavlink_msgs/include/stm32_mavlink_msgs/stm32_mavlink_msgs/msg/detail/rs485_flash_save_request__type_support.hpp
-- Up-to-date: /home/a/ws_nhk/install/stm32_mavlink_msgs/include/stm32_mavlink_msgs/stm32_mavlink_msgs/msg/detail/encoder_config__traits.hpp
-- Up-to-date: /home/a/ws_nhk/install/stm32_mavlink_msgs/include/stm32_mavlink_msgs/stm32_mavlink_msgs/msg/detail/dc_motor_state__type_support.hpp
-- Up-to-date: /home/a/ws_nhk/install/stm32_mavlink_msgs/include/stm32_mavlink_msgs/stm32_mavlink_msgs/msg/detail/dc_motor_config__traits.hpp
-- Up-to-date: /home/a/ws_nhk/install/stm32_mavlink_msgs/include/stm32_mavlink_msgs/stm32_mavlink_msgs/msg/detail/dc_motor_command__traits.hpp
-- Up-to-date: /home/a/ws_nhk/install/stm32_mavlink_msgs/include/stm32_mavlink_msgs/stm32_mavlink_msgs/msg/detail/rs485_motor_state__builder.hpp
-- Up-to-date: /home/a/ws_nhk/install/stm32_mavlink_msgs/include/stm32_mavlink_msgs/stm32_mavlink_msgs/msg/detail/rs485_write_response__type_support.hpp
-- Up-to-date: /home/a/ws_nhk/install/stm32_mavlink_msgs/include/stm32_mavlink_msgs/stm32_mavlink_msgs/msg/detail/encoder_config__builder.hpp
-- Up-to-date: /home/a/ws_nhk/install/stm32_mavlink_msgs/include/stm32_mavlink_msgs/stm32_mavlink_msgs/msg/detail/rs485_motor_state__struct.hpp
-- Up-to-date: /home/a/ws_nhk/install/stm32_mavlink_msgs/include/stm32_mavlink_msgs/stm32_mavlink_msgs/msg/detail/rs485_read_request__type_support.hpp
-- Up-to-date: /home/a/ws_nhk/install/stm32_mavlink_msgs/include/stm32_mavlink_msgs/stm32_mavlink_msgs/msg/detail/rs485_read_request__traits.hpp
-- Up-to-date: /home/a/ws_nhk/install/stm32_mavlink_msgs/include/stm32_mavlink_msgs/stm32_mavlink_msgs/msg/detail/rs485_write_request__struct.hpp
-- Up-to-date: /home/a/ws_nhk/install/stm32_mavlink_msgs/include/stm32_mavlink_msgs/stm32_mavlink_msgs/msg/detail/rs485_read_request__struct.hpp
-- Up-to-date: /home/a/ws_nhk/install/stm32_mavlink_msgs/include/stm32_mavlink_msgs/stm32_mavlink_msgs/msg/detail/robomaster_motor_state__struct.hpp
-- Up-to-date: /home/a/ws_nhk/install/stm32_mavlink_msgs/include/stm32_mavlink_msgs/stm32_mavlink_msgs/msg/detail/servo_command__builder.hpp
-- Up-to-date: /home/a/ws_nhk/install/stm32_mavlink_msgs/include/stm32_mavlink_msgs/stm32_mavlink_msgs/msg/detail/solenoid_status__type_support.hpp
-- Up-to-date: /home/a/ws_nhk/install/stm32_mavlink_msgs/include/stm32_mavlink_msgs/stm32_mavlink_msgs/msg/detail/rs485_motor_config__traits.hpp
-- Up-to-date: /home/a/ws_nhk/install/stm32_mavlink_msgs/include/stm32_mavlink_msgs/stm32_mavlink_msgs/msg/detail/encoder_state__traits.hpp
-- Up-to-date: /home/a/ws_nhk/install/stm32_mavlink_msgs/include/stm32_mavlink_msgs/stm32_mavlink_msgs/msg/detail/limit_switch_status__traits.hpp
-- Up-to-date: /home/a/ws_nhk/install/stm32_mavlink_msgs/include/stm32_mavlink_msgs/stm32_mavlink_msgs/msg/detail/rs485_flash_save_request__struct.hpp
-- Up-to-date: /home/a/ws_nhk/install/stm32_mavlink_msgs/include/stm32_mavlink_msgs/stm32_mavlink_msgs/msg/detail/wtt12_l_status__type_support.hpp
-- Up-to-date: /home/a/ws_nhk/install/stm32_mavlink_msgs/include/stm32_mavlink_msgs/stm32_mavlink_msgs/msg/detail/solenoid_command__type_support.hpp
-- Up-to-date: /home/a/ws_nhk/install/stm32_mavlink_msgs/include/stm32_mavlink_msgs/stm32_mavlink_msgs/msg/detail/solenoid_status__builder.hpp
-- Up-to-date: /home/a/ws_nhk/install/stm32_mavlink_msgs/include/stm32_mavlink_msgs/stm32_mavlink_msgs/msg/detail/robomaster_motor_state__type_support.hpp
-- Up-to-date: /home/a/ws_nhk/install/stm32_mavlink_msgs/include/stm32_mavlink_msgs/stm32_mavlink_msgs/msg/detail/rs485_motor_command__traits.hpp
-- Up-to-date: /home/a/ws_nhk/install/stm32_mavlink_msgs/include/stm32_mavlink_msgs/stm32_mavlink_msgs/msg/detail/encoder_config__type_support.hpp
-- Up-to-date: /home/a/ws_nhk/install/stm32_mavlink_msgs/include/stm32_mavlink_msgs/stm32_mavlink_msgs/msg/detail/solenoid_command__struct.hpp
-- Up-to-date: /home/a/ws_nhk/install/stm32_mavlink_msgs/include/stm32_mavlink_msgs/stm32_mavlink_msgs/msg/detail/servo_command__traits.hpp
-- Up-to-date: /home/a/ws_nhk/install/stm32_mavlink_msgs/include/stm32_mavlink_msgs/stm32_mavlink_msgs/msg/detail/rs485_write_response__traits.hpp
-- Up-to-date: /home/a/ws_nhk/install/stm32_mavlink_msgs/include/stm32_mavlink_msgs/stm32_mavlink_msgs/msg/detail/servo_state__builder.hpp
-- Up-to-date: /home/a/ws_nhk/install/stm32_mavlink_msgs/include/stm32_mavlink_msgs/stm32_mavlink_msgs/msg/detail/robomaster_motor_command__builder.hpp
-- Up-to-date: /home/a/ws_nhk/install/stm32_mavlink_msgs/include/stm32_mavlink_msgs/stm32_mavlink_msgs/msg/detail/robomaster_motor_command__traits.hpp
-- Up-to-date: /home/a/ws_nhk/install/stm32_mavlink_msgs/include/stm32_mavlink_msgs/stm32_mavlink_msgs/msg/detail/rs485_write_response__builder.hpp
-- Up-to-date: /home/a/ws_nhk/install/stm32_mavlink_msgs/include/stm32_mavlink_msgs/stm32_mavlink_msgs/msg/detail/dc_motor_command__type_support.hpp
-- Up-to-date: /home/a/ws_nhk/install/stm32_mavlink_msgs/include/stm32_mavlink_msgs/stm32_mavlink_msgs/msg/detail/robomaster_motor_command__type_support.hpp
-- Up-to-date: /home/a/ws_nhk/install/stm32_mavlink_msgs/include/stm32_mavlink_msgs/stm32_mavlink_msgs/msg/detail/rs485_motor_config__struct.hpp
-- Up-to-date: /home/a/ws_nhk/install/stm32_mavlink_msgs/include/stm32_mavlink_msgs/stm32_mavlink_msgs/msg/detail/robomaster_motor_config__builder.hpp
-- Up-to-date: /home/a/ws_nhk/install/stm32_mavlink_msgs/include/stm32_mavlink_msgs/stm32_mavlink_msgs/msg/detail/rs485_motor_config__type_support.hpp
-- Up-to-date: /home/a/ws_nhk/install/stm32_mavlink_msgs/include/stm32_mavlink_msgs/stm32_mavlink_msgs/msg/detail/robomaster_motor_config__struct.hpp
-- Up-to-date: /home/a/ws_nhk/install/stm32_mavlink_msgs/include/stm32_mavlink_msgs/stm32_mavlink_msgs/msg/detail/rs485_flash_save_request__builder.hpp
-- Up-to-date: /home/a/ws_nhk/install/stm32_mavlink_msgs/include/stm32_mavlink_msgs/stm32_mavlink_msgs/msg/detail/encoder_config__struct.hpp
-- Up-to-date: /home/a/ws_nhk/install/stm32_mavlink_msgs/include/stm32_mavlink_msgs/stm32_mavlink_msgs/msg/detail/servo_command__type_support.hpp
-- Up-to-date: /home/a/ws_nhk/install/stm32_mavlink_msgs/include/stm32_mavlink_msgs/stm32_mavlink_msgs/msg/detail/rs485_motor_state__traits.hpp
-- Up-to-date: /home/a/ws_nhk/install/stm32_mavlink_msgs/include/stm32_mavlink_msgs/stm32_mavlink_msgs/msg/detail/rs485_read_request__builder.hpp
-- Up-to-date: /home/a/ws_nhk/install/stm32_mavlink_msgs/include/stm32_mavlink_msgs/stm32_mavlink_msgs/msg/rs485_motor_command.hpp
-- Up-to-date: /home/a/ws_nhk/install/stm32_mavlink_msgs/include/stm32_mavlink_msgs/stm32_mavlink_msgs/msg/solenoid_status.hpp
-- Up-to-date: /home/a/ws_nhk/install/stm32_mavlink_msgs/include/stm32_mavlink_msgs/stm32_mavlink_msgs/srv
-- Up-to-date: /home/a/ws_nhk/install/stm32_mavlink_msgs/include/stm32_mavlink_msgs/stm32_mavlink_msgs/srv/set_robomaster_motor_config.hpp
-- Up-to-date: /home/a/ws_nhk/install/stm32_mavlink_msgs/include/stm32_mavlink_msgs/stm32_mavlink_msgs/srv/get_dc_motor_config.hpp
-- Up-to-date: /home/a/ws_nhk/install/stm32_mavlink_msgs/include/stm32_mavlink_msgs/stm32_mavlink_msgs/srv/set_encoder_config.hpp
-- Up-to-date: /home/a/ws_nhk/install/stm32_mavlink_msgs/include/stm32_mavlink_msgs/stm32_mavlink_msgs/srv/read_rs485_param.hpp
-- Up-to-date: /home/a/ws_nhk/install/stm32_mavlink_msgs/include/stm32_mavlink_msgs/stm32_mavlink_msgs/srv/set_dc_motor_config.hpp
-- Up-to-date: /home/a/ws_nhk/install/stm32_mavlink_msgs/include/stm32_mavlink_msgs/stm32_mavlink_msgs/srv/write_rs485_param.hpp
-- Up-to-date: /home/a/ws_nhk/install/stm32_mavlink_msgs/include/stm32_mavlink_msgs/stm32_mavlink_msgs/srv/flash_save_rs485.hpp
-- Up-to-date: /home/a/ws_nhk/install/stm32_mavlink_msgs/include/stm32_mavlink_msgs/stm32_mavlink_msgs/srv/get_robomaster_motor_config.hpp
-- Up-to-date: /home/a/ws_nhk/install/stm32_mavlink_msgs/include/stm32_mavlink_msgs/stm32_mavlink_msgs/srv/detail
-- Up-to-date: /home/a/ws_nhk/install/stm32_mavlink_msgs/include/stm32_mavlink_msgs/stm32_mavlink_msgs/srv/detail/set_robomaster_motor_config__builder.hpp
-- Up-to-date: /home/a/ws_nhk/install/stm32_mavlink_msgs/include/stm32_mavlink_msgs/stm32_mavlink_msgs/srv/detail/flash_save_rs485__builder.hpp
-- Up-to-date: /home/a/ws_nhk/install/stm32_mavlink_msgs/include/stm32_mavlink_msgs/stm32_mavlink_msgs/srv/detail/set_servo_config__builder.hpp
-- Up-to-date: /home/a/ws_nhk/install/stm32_mavlink_msgs/include/stm32_mavlink_msgs/stm32_mavlink_msgs/srv/detail/write_rs485_param__builder.hpp
-- Up-to-date: /home/a/ws_nhk/install/stm32_mavlink_msgs/include/stm32_mavlink_msgs/stm32_mavlink_msgs/srv/detail/write_rs485_param__struct.hpp
-- Up-to-date: /home/a/ws_nhk/install/stm32_mavlink_msgs/include/stm32_mavlink_msgs/stm32_mavlink_msgs/srv/detail/set_dc_motor_config__traits.hpp
-- Up-to-date: /home/a/ws_nhk/install/stm32_mavlink_msgs/include/stm32_mavlink_msgs/stm32_mavlink_msgs/srv/detail/set_servo_config__traits.hpp
-- Up-to-date: /home/a/ws_nhk/install/stm32_mavlink_msgs/include/stm32_mavlink_msgs/stm32_mavlink_msgs/srv/detail/read_rs485_param__struct.hpp
-- Up-to-date: /home/a/ws_nhk/install/stm32_mavlink_msgs/include/stm32_mavlink_msgs/stm32_mavlink_msgs/srv/detail/set_encoder_config__type_support.hpp
-- Up-to-date: /home/a/ws_nhk/install/stm32_mavlink_msgs/include/stm32_mavlink_msgs/stm32_mavlink_msgs/srv/detail/write_rs485_param__traits.hpp
-- Up-to-date: /home/a/ws_nhk/install/stm32_mavlink_msgs/include/stm32_mavlink_msgs/stm32_mavlink_msgs/srv/detail/get_robomaster_motor_config__struct.hpp
-- Up-to-date: /home/a/ws_nhk/install/stm32_mavlink_msgs/include/stm32_mavlink_msgs/stm32_mavlink_msgs/srv/detail/set_servo_config__type_support.hpp
-- Up-to-date: /home/a/ws_nhk/install/stm32_mavlink_msgs/include/stm32_mavlink_msgs/stm32_mavlink_msgs/srv/detail/get_dc_motor_config__struct.hpp
-- Up-to-date: /home/a/ws_nhk/install/stm32_mavlink_msgs/include/stm32_mavlink_msgs/stm32_mavlink_msgs/srv/detail/read_rs485_param__type_support.hpp
-- Up-to-date: /home/a/ws_nhk/install/stm32_mavlink_msgs/include/stm32_mavlink_msgs/stm32_mavlink_msgs/srv/detail/set_dc_motor_config__builder.hpp
-- Up-to-date: /home/a/ws_nhk/install/stm32_mavlink_msgs/include/stm32_mavlink_msgs/stm32_mavlink_msgs/srv/detail/set_encoder_config__traits.hpp
-- Up-to-date: /home/a/ws_nhk/install/stm32_mavlink_msgs/include/stm32_mavlink_msgs/stm32_mavlink_msgs/srv/detail/flash_save_rs485__traits.hpp
-- Up-to-date: /home/a/ws_nhk/install/stm32_mavlink_msgs/include/stm32_mavlink_msgs/stm32_mavlink_msgs/srv/detail/get_dc_motor_config__builder.hpp
-- Up-to-date: /home/a/ws_nhk/install/stm32_mavlink_msgs/include/stm32_mavlink_msgs/stm32_mavlink_msgs/srv/detail/set_robomaster_motor_config__struct.hpp
-- Up-to-date: /home/a/ws_nhk/install/stm32_mavlink_msgs/include/stm32_mavlink_msgs/stm32_mavlink_msgs/srv/detail/flash_save_rs485__struct.hpp
-- Up-to-date: /home/a/ws_nhk/install/stm32_mavlink_msgs/include/stm32_mavlink_msgs/stm32_mavlink_msgs/srv/detail/set_servo_config__struct.hpp
-- Up-to-date: /home/a/ws_nhk/install/stm32_mavlink_msgs/include/stm32_mavlink_msgs/stm32_mavlink_msgs/srv/detail/flash_save_rs485__type_support.hpp
-- Up-to-date: /home/a/ws_nhk/install/stm32_mavlink_msgs/include/stm32_mavlink_msgs/stm32_mavlink_msgs/srv/detail/get_robomaster_motor_config__type_support.hpp
-- Up-to-date: /home/a/ws_nhk/install/stm32_mavlink_msgs/include/stm32_mavlink_msgs/stm32_mavlink_msgs/srv/detail/get_dc_motor_config__type_support.hpp
-- Up-to-date: /home/a/ws_nhk/install/stm32_mavlink_msgs/include/stm32_mavlink_msgs/stm32_mavlink_msgs/srv/detail/get_robomaster_motor_config__builder.hpp
-- Up-to-date: /home/a/ws_nhk/install/stm32_mavlink_msgs/include/stm32_mavlink_msgs/stm32_mavlink_msgs/srv/detail/set_dc_motor_config__struct.hpp
-- Up-to-date: /home/a/ws_nhk/install/stm32_mavlink_msgs/include/stm32_mavlink_msgs/stm32_mavlink_msgs/srv/detail/set_robomaster_motor_config__traits.hpp
-- Up-to-date: /home/a/ws_nhk/install/stm32_mavlink_msgs/include/stm32_mavlink_msgs/stm32_mavlink_msgs/srv/detail/write_rs485_param__type_support.hpp
-- Up-to-date: /home/a/ws_nhk/install/stm32_mavlink_msgs/include/stm32_mavlink_msgs/stm32_mavlink_msgs/srv/detail/set_encoder_config__builder.hpp
-- Up-to-date: /home/a/ws_nhk/install/stm32_mavlink_msgs/include/stm32_mavlink_msgs/stm32_mavlink_msgs/srv/detail/set_encoder_config__struct.hpp
-- Up-to-date: /home/a/ws_nhk/install/stm32_mavlink_msgs/include/stm32_mavlink_msgs/stm32_mavlink_msgs/srv/detail/read_rs485_param__builder.hpp
-- Up-to-date: /home/a/ws_nhk/install/stm32_mavlink_msgs/include/stm32_mavlink_msgs/stm32_mavlink_msgs/srv/detail/get_dc_motor_config__traits.hpp
-- Up-to-date: /home/a/ws_nhk/install/stm32_mavlink_msgs/include/stm32_mavlink_msgs/stm32_mavlink_msgs/srv/detail/get_robomaster_motor_config__traits.hpp
-- Up-to-date: /home/a/ws_nhk/install/stm32_mavlink_msgs/include/stm32_mavlink_msgs/stm32_mavlink_msgs/srv/detail/set_robomaster_motor_config__type_support.hpp
-- Up-to-date: /home/a/ws_nhk/install/stm32_mavlink_msgs/include/stm32_mavlink_msgs/stm32_mavlink_msgs/srv/detail/read_rs485_param__traits.hpp
-- Up-to-date: /home/a/ws_nhk/install/stm32_mavlink_msgs/include/stm32_mavlink_msgs/stm32_mavlink_msgs/srv/detail/set_dc_motor_config__type_support.hpp
-- Up-to-date: /home/a/ws_nhk/install/stm32_mavlink_msgs/include/stm32_mavlink_msgs/stm32_mavlink_msgs/srv/set_servo_config.hpp
-- Up-to-date: /home/a/ws_nhk/install/stm32_mavlink_msgs/include/stm32_mavlink_msgs/stm32_mavlink_msgs
-- Up-to-date: /home/a/ws_nhk/install/stm32_mavlink_msgs/include/stm32_mavlink_msgs/stm32_mavlink_msgs/msg
-- Up-to-date: /home/a/ws_nhk/install/stm32_mavlink_msgs/include/stm32_mavlink_msgs/stm32_mavlink_msgs/msg/detail
-- Up-to-date: /home/a/ws_nhk/install/stm32_mavlink_msgs/include/stm32_mavlink_msgs/stm32_mavlink_msgs/msg/detail/rs485_read_response__rosidl_typesupport_fastrtps_cpp.hpp
-- Up-to-date: /home/a/ws_nhk/install/stm32_mavlink_msgs/include/stm32_mavlink_msgs/stm32_mavlink_msgs/msg/detail/rs485_motor_config__rosidl_typesupport_fastrtps_cpp.hpp
-- Up-to-date: /home/a/ws_nhk/install/stm32_mavlink_msgs/include/stm32_mavlink_msgs/stm32_mavlink_msgs/msg/detail/dc_motor_config__rosidl_typesupport_fastrtps_cpp.hpp
-- Up-to-date: /home/a/ws_nhk/install/stm32_mavlink_msgs/include/stm32_mavlink_msgs/stm32_mavlink_msgs/msg/detail/robomaster_motor_command__rosidl_typesupport_fastrtps_cpp.hpp
-- Up-to-date: /home/a/ws_nhk/install/stm32_mavlink_msgs/include/stm32_mavlink_msgs/stm32_mavlink_msgs/msg/detail/encoder_state__rosidl_typesupport_fastrtps_cpp.hpp
-- Up-to-date: /home/a/ws_nhk/install/stm32_mavlink_msgs/include/stm32_mavlink_msgs/stm32_mavlink_msgs/msg/detail/wtt12_l_status__rosidl_typesupport_fastrtps_cpp.hpp
-- Up-to-date: /home/a/ws_nhk/install/stm32_mavlink_msgs/include/stm32_mavlink_msgs/stm32_mavlink_msgs/msg/detail/limit_switch_status__rosidl_typesupport_fastrtps_cpp.hpp
-- Up-to-date: /home/a/ws_nhk/install/stm32_mavlink_msgs/include/stm32_mavlink_msgs/stm32_mavlink_msgs/msg/detail/dc_motor_state__rosidl_typesupport_fastrtps_cpp.hpp
-- Up-to-date: /home/a/ws_nhk/install/stm32_mavlink_msgs/include/stm32_mavlink_msgs/stm32_mavlink_msgs/msg/detail/rs485_motor_state__rosidl_typesupport_fastrtps_cpp.hpp
-- Up-to-date: /home/a/ws_nhk/install/stm32_mavlink_msgs/include/stm32_mavlink_msgs/stm32_mavlink_msgs/msg/detail/rs485_flash_save_request__rosidl_typesupport_fastrtps_cpp.hpp
-- Up-to-date: /home/a/ws_nhk/install/stm32_mavlink_msgs/include/stm32_mavlink_msgs/stm32_mavlink_msgs/msg/detail/encoder_config__rosidl_typesupport_fastrtps_cpp.hpp
-- Up-to-date: /home/a/ws_nhk/install/stm32_mavlink_msgs/include/stm32_mavlink_msgs/stm32_mavlink_msgs/msg/detail/dc_motor_command__rosidl_typesupport_fastrtps_cpp.hpp
-- Up-to-date: /home/a/ws_nhk/install/stm32_mavlink_msgs/include/stm32_mavlink_msgs/stm32_mavlink_msgs/msg/detail/robomaster_motor_config__rosidl_typesupport_fastrtps_cpp.hpp
-- Up-to-date: /home/a/ws_nhk/install/stm32_mavlink_msgs/include/stm32_mavlink_msgs/stm32_mavlink_msgs/msg/detail/solenoid_status__rosidl_typesupport_fastrtps_cpp.hpp
-- Up-to-date: /home/a/ws_nhk/install/stm32_mavlink_msgs/include/stm32_mavlink_msgs/stm32_mavlink_msgs/msg/detail/rs485_read_request__rosidl_typesupport_fastrtps_cpp.hpp
-- Up-to-date: /home/a/ws_nhk/install/stm32_mavlink_msgs/include/stm32_mavlink_msgs/stm32_mavlink_msgs/msg/detail/robomaster_motor_state__rosidl_typesupport_fastrtps_cpp.hpp
-- Up-to-date: /home/a/ws_nhk/install/stm32_mavlink_msgs/include/stm32_mavlink_msgs/stm32_mavlink_msgs/msg/detail/servo_state__rosidl_typesupport_fastrtps_cpp.hpp
-- Up-to-date: /home/a/ws_nhk/install/stm32_mavlink_msgs/include/stm32_mavlink_msgs/stm32_mavlink_msgs/msg/detail/servo_command__rosidl_typesupport_fastrtps_cpp.hpp
-- Up-to-date: /home/a/ws_nhk/install/stm32_mavlink_msgs/include/stm32_mavlink_msgs/stm32_mavlink_msgs/msg/detail/dds_fastrtps
-- Up-to-date: /home/a/ws_nhk/install/stm32_mavlink_msgs/include/stm32_mavlink_msgs/stm32_mavlink_msgs/msg/detail/solenoid_command__rosidl_typesupport_fastrtps_cpp.hpp
-- Up-to-date: /home/a/ws_nhk/install/stm32_mavlink_msgs/include/stm32_mavlink_msgs/stm32_mavlink_msgs/msg/detail/rs485_motor_command__rosidl_typesupport_fastrtps_cpp.hpp
-- Up-to-date: /home/a/ws_nhk/install/stm32_mavlink_msgs/include/stm32_mavlink_msgs/stm32_mavlink_msgs/msg/detail/rs485_write_request__rosidl_typesupport_fastrtps_cpp.hpp
-- Up-to-date: /home/a/ws_nhk/install/stm32_mavlink_msgs/include/stm32_mavlink_msgs/stm32_mavlink_msgs/msg/detail/rs485_write_response__rosidl_typesupport_fastrtps_cpp.hpp
-- Up-to-date: /home/a/ws_nhk/install/stm32_mavlink_msgs/include/stm32_mavlink_msgs/stm32_mavlink_msgs/msg/rosidl_typesupport_fastrtps_cpp__visibility_control.h
-- Up-to-date: /home/a/ws_nhk/install/stm32_mavlink_msgs/include/stm32_mavlink_msgs/stm32_mavlink_msgs/srv
-- Up-to-date: /home/a/ws_nhk/install/stm32_mavlink_msgs/include/stm32_mavlink_msgs/stm32_mavlink_msgs/srv/detail
-- Up-to-date: /home/a/ws_nhk/install/stm32_mavlink_msgs/include/stm32_mavlink_msgs/stm32_mavlink_msgs/srv/detail/set_encoder_config__rosidl_typesupport_fastrtps_cpp.hpp
-- Up-to-date: /home/a/ws_nhk/install/stm32_mavlink_msgs/include/stm32_mavlink_msgs/stm32_mavlink_msgs/srv/detail/set_servo_config__rosidl_typesupport_fastrtps_cpp.hpp
-- Up-to-date: /home/a/ws_nhk/install/stm32_mavlink_msgs/include/stm32_mavlink_msgs/stm32_mavlink_msgs/srv/detail/set_robomaster_motor_config__rosidl_typesupport_fastrtps_cpp.hpp
-- Up-to-date: /home/a/ws_nhk/install/stm32_mavlink_msgs/include/stm32_mavlink_msgs/stm32_mavlink_msgs/srv/detail/get_dc_motor_config__rosidl_typesupport_fastrtps_cpp.hpp
-- Up-to-date: /home/a/ws_nhk/install/stm32_mavlink_msgs/include/stm32_mavlink_msgs/stm32_mavlink_msgs/srv/detail/flash_save_rs485__rosidl_typesupport_fastrtps_cpp.hpp
-- Up-to-date: /home/a/ws_nhk/install/stm32_mavlink_msgs/include/stm32_mavlink_msgs/stm32_mavlink_msgs/srv/detail/get_robomaster_motor_config__rosidl_typesupport_fastrtps_cpp.hpp
-- Up-to-date: /home/a/ws_nhk/install/stm32_mavlink_msgs/include/stm32_mavlink_msgs/stm32_mavlink_msgs/srv/detail/read_rs485_param__rosidl_typesupport_fastrtps_cpp.hpp
-- Up-to-date: /home/a/ws_nhk/install/stm32_mavlink_msgs/include/stm32_mavlink_msgs/stm32_mavlink_msgs/srv/detail/write_rs485_param__rosidl_typesupport_fastrtps_cpp.hpp
-- Up-to-date: /home/a/ws_nhk/install/stm32_mavlink_msgs/include/stm32_mavlink_msgs/stm32_mavlink_msgs/srv/detail/dds_fastrtps
-- Up-to-date: /home/a/ws_nhk/install/stm32_mavlink_msgs/include/stm32_mavlink_msgs/stm32_mavlink_msgs/srv/detail/set_dc_motor_config__rosidl_typesupport_fastrtps_cpp.hpp
-- Up-to-date: /home/a/ws_nhk/install/stm32_mavlink_msgs/lib/libstm32_mavlink_msgs__rosidl_typesupport_fastrtps_cpp.so
-- Up-to-date: /home/a/ws_nhk/install/stm32_mavlink_msgs/include/stm32_mavlink_msgs/stm32_mavlink_msgs
-- Up-to-date: /home/a/ws_nhk/install/stm32_mavlink_msgs/include/stm32_mavlink_msgs/stm32_mavlink_msgs/msg
-- Up-to-date: /home/a/ws_nhk/install/stm32_mavlink_msgs/include/stm32_mavlink_msgs/stm32_mavlink_msgs/msg/detail
-- Up-to-date: /home/a/ws_nhk/install/stm32_mavlink_msgs/include/stm32_mavlink_msgs/stm32_mavlink_msgs/msg/detail/servo_state__rosidl_typesupport_introspection_cpp.hpp
-- Up-to-date: /home/a/ws_nhk/install/stm32_mavlink_msgs/include/stm32_mavlink_msgs/stm32_mavlink_msgs/msg/detail/rs485_write_request__rosidl_typesupport_introspection_cpp.hpp
-- Up-to-date: /home/a/ws_nhk/install/stm32_mavlink_msgs/include/stm32_mavlink_msgs/stm32_mavlink_msgs/msg/detail/solenoid_command__rosidl_typesupport_introspection_cpp.hpp
-- Up-to-date: /home/a/ws_nhk/install/stm32_mavlink_msgs/include/stm32_mavlink_msgs/stm32_mavlink_msgs/msg/detail/encoder_config__type_support.cpp
-- Up-to-date: /home/a/ws_nhk/install/stm32_mavlink_msgs/include/stm32_mavlink_msgs/stm32_mavlink_msgs/msg/detail/dc_motor_command__rosidl_typesupport_introspection_cpp.hpp
-- Up-to-date: /home/a/ws_nhk/install/stm32_mavlink_msgs/include/stm32_mavlink_msgs/stm32_mavlink_msgs/msg/detail/rs485_write_request__type_support.cpp
-- Up-to-date: /home/a/ws_nhk/install/stm32_mavlink_msgs/include/stm32_mavlink_msgs/stm32_mavlink_msgs/msg/detail/rs485_read_response__type_support.cpp
-- Up-to-date: /home/a/ws_nhk/install/stm32_mavlink_msgs/include/stm32_mavlink_msgs/stm32_mavlink_msgs/msg/detail/robomaster_motor_command__type_support.cpp
-- Up-to-date: /home/a/ws_nhk/install/stm32_mavlink_msgs/include/stm32_mavlink_msgs/stm32_mavlink_msgs/msg/detail/rs485_read_response__rosidl_typesupport_introspection_cpp.hpp
-- Up-to-date: /home/a/ws_nhk/install/stm32_mavlink_msgs/include/stm32_mavlink_msgs/stm32_mavlink_msgs/msg/detail/rs485_motor_command__type_support.cpp
-- Up-to-date: /home/a/ws_nhk/install/stm32_mavlink_msgs/include/stm32_mavlink_msgs/stm32_mavlink_msgs/msg/detail/limit_switch_status__type_support.cpp
-- Up-to-date: /home/a/ws_nhk/install/stm32_mavlink_msgs/include/stm32_mavlink_msgs/stm32_mavlink_msgs/msg/detail/solenoid_command__type_support.cpp
-- Up-to-date: /home/a/ws_nhk/install/stm32_mavlink_msgs/include/stm32_mavlink_msgs/stm32_mavlink_msgs/msg/detail/servo_command__type_support.cpp
-- Up-to-date: /home/a/ws_nhk/install/stm32_mavlink_msgs/include/stm32_mavlink_msgs/stm32_mavlink_msgs/msg/detail/wtt12_l_status__type_support.cpp
-- Up-to-date: /home/a/ws_nhk/install/stm32_mavlink_msgs/include/stm32_mavlink_msgs/stm32_mavlink_msgs/msg/detail/robomaster_motor_command__rosidl_typesupport_introspection_cpp.hpp
-- Up-to-date: /home/a/ws_nhk/install/stm32_mavlink_msgs/include/stm32_mavlink_msgs/stm32_mavlink_msgs/msg/detail/servo_state__type_support.cpp
-- Up-to-date: /home/a/ws_nhk/install/stm32_mavlink_msgs/include/stm32_mavlink_msgs/stm32_mavlink_msgs/msg/detail/solenoid_status__type_support.cpp
-- Up-to-date: /home/a/ws_nhk/install/stm32_mavlink_msgs/include/stm32_mavlink_msgs/stm32_mavlink_msgs/msg/detail/rs485_motor_state__rosidl_typesupport_introspection_cpp.hpp
-- Up-to-date: /home/a/ws_nhk/install/stm32_mavlink_msgs/include/stm32_mavlink_msgs/stm32_mavlink_msgs/msg/detail/dc_motor_config__rosidl_typesupport_introspection_cpp.hpp
-- Up-to-date: /home/a/ws_nhk/install/stm32_mavlink_msgs/include/stm32_mavlink_msgs/stm32_mavlink_msgs/msg/detail/wtt12_l_status__rosidl_typesupport_introspection_cpp.hpp
-- Up-to-date: /home/a/ws_nhk/install/stm32_mavlink_msgs/include/stm32_mavlink_msgs/stm32_mavlink_msgs/msg/detail/robomaster_motor_config__type_support.cpp
-- Up-to-date: /home/a/ws_nhk/install/stm32_mavlink_msgs/include/stm32_mavlink_msgs/stm32_mavlink_msgs/msg/detail/dc_motor_state__type_support.cpp
-- Up-to-date: /home/a/ws_nhk/install/stm32_mavlink_msgs/include/stm32_mavlink_msgs/stm32_mavlink_msgs/msg/detail/dc_motor_state__rosidl_typesupport_introspection_cpp.hpp
-- Up-to-date: /home/a/ws_nhk/install/stm32_mavlink_msgs/include/stm32_mavlink_msgs/stm32_mavlink_msgs/msg/detail/dc_motor_config__type_support.cpp
-- Up-to-date: /home/a/ws_nhk/install/stm32_mavlink_msgs/include/stm32_mavlink_msgs/stm32_mavlink_msgs/msg/detail/limit_switch_status__rosidl_typesupport_introspection_cpp.hpp
-- Up-to-date: /home/a/ws_nhk/install/stm32_mavlink_msgs/include/stm32_mavlink_msgs/stm32_mavlink_msgs/msg/detail/rs485_read_request__rosidl_typesupport_introspection_cpp.hpp
-- Up-to-date: /home/a/ws_nhk/install/stm32_mavlink_msgs/include/stm32_mavlink_msgs/stm32_mavlink_msgs/msg/detail/robomaster_motor_config__rosidl_typesupport_introspection_cpp.hpp
-- Up-to-date: /home/a/ws_nhk/install/stm32_mavlink_msgs/include/stm32_mavlink_msgs/stm32_mavlink_msgs/msg/detail/rs485_motor_command__rosidl_typesupport_introspection_cpp.hpp
-- Up-to-date: /home/a/ws_nhk/install/stm32_mavlink_msgs/include/stm32_mavlink_msgs/stm32_mavlink_msgs/msg/detail/solenoid_status__rosidl_typesupport_introspection_cpp.hpp
-- Up-to-date: /home/a/ws_nhk/install/stm32_mavlink_msgs/include/stm32_mavlink_msgs/stm32_mavlink_msgs/msg/detail/rs485_motor_state__type_support.cpp
-- Up-to-date: /home/a/ws_nhk/install/stm32_mavlink_msgs/include/stm32_mavlink_msgs/stm32_mavlink_msgs/msg/detail/servo_command__rosidl_typesupport_introspection_cpp.hpp
-- Up-to-date: /home/a/ws_nhk/install/stm32_mavlink_msgs/include/stm32_mavlink_msgs/stm32_mavlink_msgs/msg/detail/robomaster_motor_state__rosidl_typesupport_introspection_cpp.hpp
-- Up-to-date: /home/a/ws_nhk/install/stm32_mavlink_msgs/include/stm32_mavlink_msgs/stm32_mavlink_msgs/msg/detail/rs485_write_response__type_support.cpp
-- Up-to-date: /home/a/ws_nhk/install/stm32_mavlink_msgs/include/stm32_mavlink_msgs/stm32_mavlink_msgs/msg/detail/encoder_state__type_support.cpp
-- Up-to-date: /home/a/ws_nhk/install/stm32_mavlink_msgs/include/stm32_mavlink_msgs/stm32_mavlink_msgs/msg/detail/rs485_flash_save_request__rosidl_typesupport_introspection_cpp.hpp
-- Up-to-date: /home/a/ws_nhk/install/stm32_mavlink_msgs/include/stm32_mavlink_msgs/stm32_mavlink_msgs/msg/detail/encoder_config__rosidl_typesupport_introspection_cpp.hpp
-- Up-to-date: /home/a/ws_nhk/install/stm32_mavlink_msgs/include/stm32_mavlink_msgs/stm32_mavlink_msgs/msg/detail/robomaster_motor_state__type_support.cpp
-- Up-to-date: /home/a/ws_nhk/install/stm32_mavlink_msgs/include/stm32_mavlink_msgs/stm32_mavlink_msgs/msg/detail/rs485_motor_config__rosidl_typesupport_introspection_cpp.hpp
-- Up-to-date: /home/a/ws_nhk/install/stm32_mavlink_msgs/include/stm32_mavlink_msgs/stm32_mavlink_msgs/msg/detail/rs485_read_request__type_support.cpp
-- Up-to-date: /home/a/ws_nhk/install/stm32_mavlink_msgs/include/stm32_mavlink_msgs/stm32_mavlink_msgs/msg/detail/encoder_state__rosidl_typesupport_introspection_cpp.hpp
-- Up-to-date: /home/a/ws_nhk/install/stm32_mavlink_msgs/include/stm32_mavlink_msgs/stm32_mavlink_msgs/msg/detail/rs485_write_response__rosidl_typesupport_introspection_cpp.hpp
-- Up-to-date: /home/a/ws_nhk/install/stm32_mavlink_msgs/include/stm32_mavlink_msgs/stm32_mavlink_msgs/msg/detail/rs485_flash_save_request__type_support.cpp
-- Up-to-date: /home/a/ws_nhk/install/stm32_mavlink_msgs/include/stm32_mavlink_msgs/stm32_mavlink_msgs/msg/detail/rs485_motor_config__type_support.cpp
-- Up-to-date: /home/a/ws_nhk/install/stm32_mavlink_msgs/include/stm32_mavlink_msgs/stm32_mavlink_msgs/msg/detail/dc_motor_command__type_support.cpp
-- Up-to-date: /home/a/ws_nhk/install/stm32_mavlink_msgs/include/stm32_mavlink_msgs/stm32_mavlink_msgs/srv
-- Up-to-date: /home/a/ws_nhk/install/stm32_mavlink_msgs/include/stm32_mavlink_msgs/stm32_mavlink_msgs/srv/detail
-- Up-to-date: /home/a/ws_nhk/install/stm32_mavlink_msgs/include/stm32_mavlink_msgs/stm32_mavlink_msgs/srv/detail/set_dc_motor_config__rosidl_typesupport_introspection_cpp.hpp
-- Up-to-date: /home/a/ws_nhk/install/stm32_mavlink_msgs/include/stm32_mavlink_msgs/stm32_mavlink_msgs/srv/detail/flash_save_rs485__type_support.cpp
-- Up-to-date: /home/a/ws_nhk/install/stm32_mavlink_msgs/include/stm32_mavlink_msgs/stm32_mavlink_msgs/srv/detail/set_robomaster_motor_config__rosidl_typesupport_introspection_cpp.hpp
-- Up-to-date: /home/a/ws_nhk/install/stm32_mavlink_msgs/include/stm32_mavlink_msgs/stm32_mavlink_msgs/srv/detail/write_rs485_param__type_support.cpp
-- Up-to-date: /home/a/ws_nhk/install/stm32_mavlink_msgs/include/stm32_mavlink_msgs/stm32_mavlink_msgs/srv/detail/set_encoder_config__rosidl_typesupport_introspection_cpp.hpp
-- Up-to-date: /home/a/ws_nhk/install/stm32_mavlink_msgs/include/stm32_mavlink_msgs/stm32_mavlink_msgs/srv/detail/set_servo_config__rosidl_typesupport_introspection_cpp.hpp
-- Up-to-date: /home/a/ws_nhk/install/stm32_mavlink_msgs/include/stm32_mavlink_msgs/stm32_mavlink_msgs/srv/detail/set_encoder_config__type_support.cpp
-- Up-to-date: /home/a/ws_nhk/install/stm32_mavlink_msgs/include/stm32_mavlink_msgs/stm32_mavlink_msgs/srv/detail/get_dc_motor_config__rosidl_typesupport_introspection_cpp.hpp
-- Up-to-date: /home/a/ws_nhk/install/stm32_mavlink_msgs/include/stm32_mavlink_msgs/stm32_mavlink_msgs/srv/detail/get_robomaster_motor_config__type_support.cpp
-- Up-to-date: /home/a/ws_nhk/install/stm32_mavlink_msgs/include/stm32_mavlink_msgs/stm32_mavlink_msgs/srv/detail/write_rs485_param__rosidl_typesupport_introspection_cpp.hpp
-- Up-to-date: /home/a/ws_nhk/install/stm32_mavlink_msgs/include/stm32_mavlink_msgs/stm32_mavlink_msgs/srv/detail/get_robomaster_motor_config__rosidl_typesupport_introspection_cpp.hpp
-- Up-to-date: /home/a/ws_nhk/install/stm32_mavlink_msgs/include/stm32_mavlink_msgs/stm32_mavlink_msgs/srv/detail/set_dc_motor_config__type_support.cpp
-- Up-to-date: /home/a/ws_nhk/install/stm32_mavlink_msgs/include/stm32_mavlink_msgs/stm32_mavlink_msgs/srv/detail/read_rs485_param__type_support.cpp
-- Up-to-date: /home/a/ws_nhk/install/stm32_mavlink_msgs/include/stm32_mavlink_msgs/stm32_mavlink_msgs/srv/detail/get_dc_motor_config__type_support.cpp
-- Up-to-date: /home/a/ws_nhk/install/stm32_mavlink_msgs/include/stm32_mavlink_msgs/stm32_mavlink_msgs/srv/detail/set_robomaster_motor_config__type_support.cpp
-- Up-to-date: /home/a/ws_nhk/install/stm32_mavlink_msgs/include/stm32_mavlink_msgs/stm32_mavlink_msgs/srv/detail/flash_save_rs485__rosidl_typesupport_introspection_cpp.hpp
-- Up-to-date: /home/a/ws_nhk/install/stm32_mavlink_msgs/include/stm32_mavlink_msgs/stm32_mavlink_msgs/srv/detail/read_rs485_param__rosidl_typesupport_introspection_cpp.hpp
-- Up-to-date: /home/a/ws_nhk/install/stm32_mavlink_msgs/include/stm32_mavlink_msgs/stm32_mavlink_msgs/srv/detail/set_servo_config__type_support.cpp
-- Up-to-date: /home/a/ws_nhk/install/stm32_mavlink_msgs/lib/libstm32_mavlink_msgs__rosidl_typesupport_introspection_cpp.so
-- Up-to-date: /home/a/ws_nhk/install/stm32_mavlink_msgs/lib/libstm32_mavlink_msgs__rosidl_typesupport_cpp.so
-- Up-to-date: /home/a/ws_nhk/install/stm32_mavlink_msgs/share/stm32_mavlink_msgs/environment/pythonpath.sh
-- Up-to-date: /home/a/ws_nhk/install/stm32_mavlink_msgs/share/stm32_mavlink_msgs/environment/pythonpath.dsv
-- Up-to-date: /home/a/ws_nhk/install/stm32_mavlink_msgs/local/lib/python3.10/dist-packages/stm32_mavlink_msgs-1.0.0-py3.10.egg-info
-- Installing: /home/a/ws_nhk/install/stm32_mavlink_msgs/local/lib/python3.10/dist-packages/stm32_mavlink_msgs-1.0.0-py3.10.egg-info/top_level.txt
-- Installing: /home/a/ws_nhk/install/stm32_mavlink_msgs/local/lib/python3.10/dist-packages/stm32_mavlink_msgs-1.0.0-py3.10.egg-info/SOURCES.txt
-- Installing: /home/a/ws_nhk/install/stm32_mavlink_msgs/local/lib/python3.10/dist-packages/stm32_mavlink_msgs-1.0.0-py3.10.egg-info/PKG-INFO
-- Installing: /home/a/ws_nhk/install/stm32_mavlink_msgs/local/lib/python3.10/dist-packages/stm32_mavlink_msgs-1.0.0-py3.10.egg-info/dependency_links.txt
-- Up-to-date: /home/a/ws_nhk/install/stm32_mavlink_msgs/local/lib/python3.10/dist-packages/stm32_mavlink_msgs
-- Up-to-date: /home/a/ws_nhk/install/stm32_mavlink_msgs/local/lib/python3.10/dist-packages/stm32_mavlink_msgs/libstm32_mavlink_msgs__rosidl_generator_py.so
-- Up-to-date: /home/a/ws_nhk/install/stm32_mavlink_msgs/local/lib/python3.10/dist-packages/stm32_mavlink_msgs/stm32_mavlink_msgs_s__rosidl_typesupport_c.cpython-310-x86_64-linux-gnu.so
-- Up-to-date: /home/a/ws_nhk/install/stm32_mavlink_msgs/local/lib/python3.10/dist-packages/stm32_mavlink_msgs/_stm32_mavlink_msgs_s.ep.rosidl_typesupport_introspection_c.c
-- Up-to-date: /home/a/ws_nhk/install/stm32_mavlink_msgs/local/lib/python3.10/dist-packages/stm32_mavlink_msgs/msg
-- Up-to-date: /home/a/ws_nhk/install/stm32_mavlink_msgs/local/lib/python3.10/dist-packages/stm32_mavlink_msgs/msg/_servo_command_s.c
-- Up-to-date: /home/a/ws_nhk/install/stm32_mavlink_msgs/local/lib/python3.10/dist-packages/stm32_mavlink_msgs/msg/_rs485_write_response.py
-- Up-to-date: /home/a/ws_nhk/install/stm32_mavlink_msgs/local/lib/python3.10/dist-packages/stm32_mavlink_msgs/msg/_rs485_motor_state.py
-- Up-to-date: /home/a/ws_nhk/install/stm32_mavlink_msgs/local/lib/python3.10/dist-packages/stm32_mavlink_msgs/msg/_rs485_flash_save_request.py
-- Up-to-date: /home/a/ws_nhk/install/stm32_mavlink_msgs/local/lib/python3.10/dist-packages/stm32_mavlink_msgs/msg/_servo_command.py
-- Up-to-date: /home/a/ws_nhk/install/stm32_mavlink_msgs/local/lib/python3.10/dist-packages/stm32_mavlink_msgs/msg/_servo_state_s.c
-- Up-to-date: /home/a/ws_nhk/install/stm32_mavlink_msgs/local/lib/python3.10/dist-packages/stm32_mavlink_msgs/msg/_rs485_motor_config_s.c
-- Up-to-date: /home/a/ws_nhk/install/stm32_mavlink_msgs/local/lib/python3.10/dist-packages/stm32_mavlink_msgs/msg/_robomaster_motor_state.py
-- Up-to-date: /home/a/ws_nhk/install/stm32_mavlink_msgs/local/lib/python3.10/dist-packages/stm32_mavlink_msgs/msg/_robomaster_motor_config_s.c
-- Up-to-date: /home/a/ws_nhk/install/stm32_mavlink_msgs/local/lib/python3.10/dist-packages/stm32_mavlink_msgs/msg/_rs485_read_request_s.c
-- Up-to-date: /home/a/ws_nhk/install/stm32_mavlink_msgs/local/lib/python3.10/dist-packages/stm32_mavlink_msgs/msg/_limit_switch_status_s.c
-- Up-to-date: /home/a/ws_nhk/install/stm32_mavlink_msgs/local/lib/python3.10/dist-packages/stm32_mavlink_msgs/msg/_dc_motor_config.py
-- Up-to-date: /home/a/ws_nhk/install/stm32_mavlink_msgs/local/lib/python3.10/dist-packages/stm32_mavlink_msgs/msg/_dc_motor_state.py
-- Up-to-date: /home/a/ws_nhk/install/stm32_mavlink_msgs/local/lib/python3.10/dist-packages/stm32_mavlink_msgs/msg/_dc_motor_config_s.c
-- Up-to-date: /home/a/ws_nhk/install/stm32_mavlink_msgs/local/lib/python3.10/dist-packages/stm32_mavlink_msgs/msg/_robomaster_motor_state_s.c
-- Up-to-date: /home/a/ws_nhk/install/stm32_mavlink_msgs/local/lib/python3.10/dist-packages/stm32_mavlink_msgs/msg/_robomaster_motor_command_s.c
-- Up-to-date: /home/a/ws_nhk/install/stm32_mavlink_msgs/local/lib/python3.10/dist-packages/stm32_mavlink_msgs/msg/_solenoid_command_s.c
-- Up-to-date: /home/a/ws_nhk/install/stm32_mavlink_msgs/local/lib/python3.10/dist-packages/stm32_mavlink_msgs/msg/_encoder_config.py
-- Up-to-date: /home/a/ws_nhk/install/stm32_mavlink_msgs/local/lib/python3.10/dist-packages/stm32_mavlink_msgs/msg/_rs485_write_request.py
-- Up-to-date: /home/a/ws_nhk/install/stm32_mavlink_msgs/local/lib/python3.10/dist-packages/stm32_mavlink_msgs/msg/_dc_motor_command.py
-- Up-to-date: /home/a/ws_nhk/install/stm32_mavlink_msgs/local/lib/python3.10/dist-packages/stm32_mavlink_msgs/msg/_rs485_read_response_s.c
-- Up-to-date: /home/a/ws_nhk/install/stm32_mavlink_msgs/local/lib/python3.10/dist-packages/stm32_mavlink_msgs/msg/_limit_switch_status.py
-- Up-to-date: /home/a/ws_nhk/install/stm32_mavlink_msgs/local/lib/python3.10/dist-packages/stm32_mavlink_msgs/msg/__init__.py
-- Up-to-date: /home/a/ws_nhk/install/stm32_mavlink_msgs/local/lib/python3.10/dist-packages/stm32_mavlink_msgs/msg/_robomaster_motor_config.py
-- Up-to-date: /home/a/ws_nhk/install/stm32_mavlink_msgs/local/lib/python3.10/dist-packages/stm32_mavlink_msgs/msg/_wtt12_l_status.py
-- Up-to-date: /home/a/ws_nhk/install/stm32_mavlink_msgs/local/lib/python3.10/dist-packages/stm32_mavlink_msgs/msg/_rs485_motor_command.py
-- Up-to-date: /home/a/ws_nhk/install/stm32_mavlink_msgs/local/lib/python3.10/dist-packages/stm32_mavlink_msgs/msg/_rs485_flash_save_request_s.c
-- Up-to-date: /home/a/ws_nhk/install/stm32_mavlink_msgs/local/lib/python3.10/dist-packages/stm32_mavlink_msgs/msg/_dc_motor_state_s.c
-- Up-to-date: /home/a/ws_nhk/install/stm32_mavlink_msgs/local/lib/python3.10/dist-packages/stm32_mavlink_msgs/msg/_rs485_read_response.py
-- Up-to-date: /home/a/ws_nhk/install/stm32_mavlink_msgs/local/lib/python3.10/dist-packages/stm32_mavlink_msgs/msg/_servo_state.py
-- Up-to-date: /home/a/ws_nhk/install/stm32_mavlink_msgs/local/lib/python3.10/dist-packages/stm32_mavlink_msgs/msg/_wtt12_l_status_s.c
-- Up-to-date: /home/a/ws_nhk/install/stm32_mavlink_msgs/local/lib/python3.10/dist-packages/stm32_mavlink_msgs/msg/_rs485_motor_command_s.c
-- Up-to-date: /home/a/ws_nhk/install/stm32_mavlink_msgs/local/lib/python3.10/dist-packages/stm32_mavlink_msgs/msg/_rs485_write_response_s.c
-- Up-to-date: /home/a/ws_nhk/install/stm32_mavlink_msgs/local/lib/python3.10/dist-packages/stm32_mavlink_msgs/msg/_rs485_motor_config.py
-- Up-to-date: /home/a/ws_nhk/install/stm32_mavlink_msgs/local/lib/python3.10/dist-packages/stm32_mavlink_msgs/msg/_rs485_motor_state_s.c
-- Up-to-date: /home/a/ws_nhk/install/stm32_mavlink_msgs/local/lib/python3.10/dist-packages/stm32_mavlink_msgs/msg/_encoder_state.py
-- Up-to-date: /home/a/ws_nhk/install/stm32_mavlink_msgs/local/lib/python3.10/dist-packages/stm32_mavlink_msgs/msg/_rs485_read_request.py
-- Up-to-date: /home/a/ws_nhk/install/stm32_mavlink_msgs/local/lib/python3.10/dist-packages/stm32_mavlink_msgs/msg/_encoder_state_s.c
-- Up-to-date: /home/a/ws_nhk/install/stm32_mavlink_msgs/local/lib/python3.10/dist-packages/stm32_mavlink_msgs/msg/_encoder_config_s.c
-- Up-to-date: /home/a/ws_nhk/install/stm32_mavlink_msgs/local/lib/python3.10/dist-packages/stm32_mavlink_msgs/msg/_dc_motor_command_s.c
-- Up-to-date: /home/a/ws_nhk/install/stm32_mavlink_msgs/local/lib/python3.10/dist-packages/stm32_mavlink_msgs/msg/_robomaster_motor_command.py
-- Up-to-date: /home/a/ws_nhk/install/stm32_mavlink_msgs/local/lib/python3.10/dist-packages/stm32_mavlink_msgs/msg/_solenoid_command.py
-- Up-to-date: /home/a/ws_nhk/install/stm32_mavlink_msgs/local/lib/python3.10/dist-packages/stm32_mavlink_msgs/msg/_rs485_write_request_s.c
-- Up-to-date: /home/a/ws_nhk/install/stm32_mavlink_msgs/local/lib/python3.10/dist-packages/stm32_mavlink_msgs/msg/_solenoid_status_s.c
-- Up-to-date: /home/a/ws_nhk/install/stm32_mavlink_msgs/local/lib/python3.10/dist-packages/stm32_mavlink_msgs/msg/_solenoid_status.py
-- Up-to-date: /home/a/ws_nhk/install/stm32_mavlink_msgs/local/lib/python3.10/dist-packages/stm32_mavlink_msgs/_stm32_mavlink_msgs_s.ep.rosidl_typesupport_fastrtps_c.c
-- Up-to-date: /home/a/ws_nhk/install/stm32_mavlink_msgs/local/lib/python3.10/dist-packages/stm32_mavlink_msgs/stm32_mavlink_msgs_s__rosidl_typesupport_fastrtps_c.cpython-310-x86_64-linux-gnu.so
-- Up-to-date: /home/a/ws_nhk/install/stm32_mavlink_msgs/local/lib/python3.10/dist-packages/stm32_mavlink_msgs/stm32_mavlink_msgs_s__rosidl_typesupport_introspection_c.cpython-310-x86_64-linux-gnu.so
-- Up-to-date: /home/a/ws_nhk/install/stm32_mavlink_msgs/local/lib/python3.10/dist-packages/stm32_mavlink_msgs/__init__.py
-- Up-to-date: /home/a/ws_nhk/install/stm32_mavlink_msgs/local/lib/python3.10/dist-packages/stm32_mavlink_msgs/_stm32_mavlink_msgs_s.ep.rosidl_typesupport_c.c
-- Up-to-date: /home/a/ws_nhk/install/stm32_mavlink_msgs/local/lib/python3.10/dist-packages/stm32_mavlink_msgs/srv
-- Up-to-date: /home/a/ws_nhk/install/stm32_mavlink_msgs/local/lib/python3.10/dist-packages/stm32_mavlink_msgs/srv/_flash_save_rs485_s.c
-- Up-to-date: /home/a/ws_nhk/install/stm32_mavlink_msgs/local/lib/python3.10/dist-packages/stm32_mavlink_msgs/srv/_read_rs485_param_s.c
-- Up-to-date: /home/a/ws_nhk/install/stm32_mavlink_msgs/local/lib/python3.10/dist-packages/stm32_mavlink_msgs/srv/_read_rs485_param.py
-- Up-to-date: /home/a/ws_nhk/install/stm32_mavlink_msgs/local/lib/python3.10/dist-packages/stm32_mavlink_msgs/srv/_set_dc_motor_config_s.c
-- Up-to-date: /home/a/ws_nhk/install/stm32_mavlink_msgs/local/lib/python3.10/dist-packages/stm32_mavlink_msgs/srv/_set_encoder_config.py
-- Up-to-date: /home/a/ws_nhk/install/stm32_mavlink_msgs/local/lib/python3.10/dist-packages/stm32_mavlink_msgs/srv/_set_servo_config.py
-- Up-to-date: /home/a/ws_nhk/install/stm32_mavlink_msgs/local/lib/python3.10/dist-packages/stm32_mavlink_msgs/srv/_get_robomaster_motor_config.py
-- Up-to-date: /home/a/ws_nhk/install/stm32_mavlink_msgs/local/lib/python3.10/dist-packages/stm32_mavlink_msgs/srv/_set_robomaster_motor_config.py
-- Up-to-date: /home/a/ws_nhk/install/stm32_mavlink_msgs/local/lib/python3.10/dist-packages/stm32_mavlink_msgs/srv/_get_robomaster_motor_config_s.c
-- Up-to-date: /home/a/ws_nhk/install/stm32_mavlink_msgs/local/lib/python3.10/dist-packages/stm32_mavlink_msgs/srv/_set_robomaster_motor_config_s.c
-- Up-to-date: /home/a/ws_nhk/install/stm32_mavlink_msgs/local/lib/python3.10/dist-packages/stm32_mavlink_msgs/srv/_write_rs485_param_s.c
-- Up-to-date: /home/a/ws_nhk/install/stm32_mavlink_msgs/local/lib/python3.10/dist-packages/stm32_mavlink_msgs/srv/_write_rs485_param.py
-- Up-to-date: /home/a/ws_nhk/install/stm32_mavlink_msgs/local/lib/python3.10/dist-packages/stm32_mavlink_msgs/srv/__init__.py
-- Up-to-date: /home/a/ws_nhk/install/stm32_mavlink_msgs/local/lib/python3.10/dist-packages/stm32_mavlink_msgs/srv/_get_dc_motor_config_s.c
-- Up-to-date: /home/a/ws_nhk/install/stm32_mavlink_msgs/local/lib/python3.10/dist-packages/stm32_mavlink_msgs/srv/_flash_save_rs485.py
-- Up-to-date: /home/a/ws_nhk/install/stm32_mavlink_msgs/local/lib/python3.10/dist-packages/stm32_mavlink_msgs/srv/_get_dc_motor_config.py
-- Up-to-date: /home/a/ws_nhk/install/stm32_mavlink_msgs/local/lib/python3.10/dist-packages/stm32_mavlink_msgs/srv/_set_servo_config_s.c
-- Up-to-date: /home/a/ws_nhk/install/stm32_mavlink_msgs/local/lib/python3.10/dist-packages/stm32_mavlink_msgs/srv/_set_dc_motor_config.py
-- Up-to-date: /home/a/ws_nhk/install/stm32_mavlink_msgs/local/lib/python3.10/dist-packages/stm32_mavlink_msgs/srv/_set_encoder_config_s.c
Listing '/home/a/ws_nhk/install/stm32_mavlink_msgs/local/lib/python3.10/dist-packages/stm32_mavlink_msgs'...
Listing '/home/a/ws_nhk/install/stm32_mavlink_msgs/local/lib/python3.10/dist-packages/stm32_mavlink_msgs/msg'...
Listing '/home/a/ws_nhk/install/stm32_mavlink_msgs/local/lib/python3.10/dist-packages/stm32_mavlink_msgs/srv'...
-- Up-to-date: /home/a/ws_nhk/install/stm32_mavlink_msgs/local/lib/python3.10/dist-packages/stm32_mavlink_msgs/stm32_mavlink_msgs_s__rosidl_typesupport_fastrtps_c.cpython-310-x86_64-linux-gnu.so
-- Up-to-date: /home/a/ws_nhk/install/stm32_mavlink_msgs/local/lib/python3.10/dist-packages/stm32_mavlink_msgs/stm32_mavlink_msgs_s__rosidl_typesupport_introspection_c.cpython-310-x86_64-linux-gnu.so
-- Up-to-date: /home/a/ws_nhk/install/stm32_mavlink_msgs/local/lib/python3.10/dist-packages/stm32_mavlink_msgs/stm32_mavlink_msgs_s__rosidl_typesupport_c.cpython-310-x86_64-linux-gnu.so
-- Up-to-date: /home/a/ws_nhk/install/stm32_mavlink_msgs/lib/libstm32_mavlink_msgs__rosidl_generator_py.so
-- Up-to-date: /home/a/ws_nhk/install/stm32_mavlink_msgs/share/stm32_mavlink_msgs/msg/ServoCommand.idl
-- Up-to-date: /home/a/ws_nhk/install/stm32_mavlink_msgs/share/stm32_mavlink_msgs/msg/ServoState.idl
-- Up-to-date: /home/a/ws_nhk/install/stm32_mavlink_msgs/share/stm32_mavlink_msgs/msg/EncoderState.idl
-- Up-to-date: /home/a/ws_nhk/install/stm32_mavlink_msgs/share/stm32_mavlink_msgs/msg/EncoderConfig.idl
-- Up-to-date: /home/a/ws_nhk/install/stm32_mavlink_msgs/share/stm32_mavlink_msgs/msg/RobomasterMotorCommand.idl
-- Up-to-date: /home/a/ws_nhk/install/stm32_mavlink_msgs/share/stm32_mavlink_msgs/msg/RobomasterMotorState.idl
-- Up-to-date: /home/a/ws_nhk/install/stm32_mavlink_msgs/share/stm32_mavlink_msgs/msg/RobomasterMotorConfig.idl
-- Up-to-date: /home/a/ws_nhk/install/stm32_mavlink_msgs/share/stm32_mavlink_msgs/msg/DCMotorCommand.idl
-- Up-to-date: /home/a/ws_nhk/install/stm32_mavlink_msgs/share/stm32_mavlink_msgs/msg/DCMotorState.idl
-- Up-to-date: /home/a/ws_nhk/install/stm32_mavlink_msgs/share/stm32_mavlink_msgs/msg/DCMotorConfig.idl
-- Up-to-date: /home/a/ws_nhk/install/stm32_mavlink_msgs/share/stm32_mavlink_msgs/msg/RS485MotorCommand.idl
-- Up-to-date: /home/a/ws_nhk/install/stm32_mavlink_msgs/share/stm32_mavlink_msgs/msg/RS485MotorState.idl
-- Up-to-date: /home/a/ws_nhk/install/stm32_mavlink_msgs/share/stm32_mavlink_msgs/msg/RS485MotorConfig.idl
-- Up-to-date: /home/a/ws_nhk/install/stm32_mavlink_msgs/share/stm32_mavlink_msgs/msg/RS485ReadRequest.idl
-- Up-to-date: /home/a/ws_nhk/install/stm32_mavlink_msgs/share/stm32_mavlink_msgs/msg/RS485ReadResponse.idl
-- Up-to-date: /home/a/ws_nhk/install/stm32_mavlink_msgs/share/stm32_mavlink_msgs/msg/RS485WriteRequest.idl
-- Up-to-date: /home/a/ws_nhk/install/stm32_mavlink_msgs/share/stm32_mavlink_msgs/msg/RS485WriteResponse.idl
-- Up-to-date: /home/a/ws_nhk/install/stm32_mavlink_msgs/share/stm32_mavlink_msgs/msg/RS485FlashSaveRequest.idl
-- Up-to-date: /home/a/ws_nhk/install/stm32_mavlink_msgs/share/stm32_mavlink_msgs/msg/LimitSwitchStatus.idl
-- Up-to-date: /home/a/ws_nhk/install/stm32_mavlink_msgs/share/stm32_mavlink_msgs/msg/WTT12LStatus.idl
-- Up-to-date: /home/a/ws_nhk/install/stm32_mavlink_msgs/share/stm32_mavlink_msgs/msg/SolenoidCommand.idl
-- Up-to-date: /home/a/ws_nhk/install/stm32_mavlink_msgs/share/stm32_mavlink_msgs/msg/SolenoidStatus.idl
-- Up-to-date: /home/a/ws_nhk/install/stm32_mavlink_msgs/share/stm32_mavlink_msgs/srv/SetServoConfig.idl
-- Up-to-date: /home/a/ws_nhk/install/stm32_mavlink_msgs/share/stm32_mavlink_msgs/srv/SetEncoderConfig.idl
-- Up-to-date: /home/a/ws_nhk/install/stm32_mavlink_msgs/share/stm32_mavlink_msgs/srv/SetRobomasterMotorConfig.idl
-- Up-to-date: /home/a/ws_nhk/install/stm32_mavlink_msgs/share/stm32_mavlink_msgs/srv/GetRobomasterMotorConfig.idl
-- Up-to-date: /home/a/ws_nhk/install/stm32_mavlink_msgs/share/stm32_mavlink_msgs/srv/SetDCMotorConfig.idl
-- Up-to-date: /home/a/ws_nhk/install/stm32_mavlink_msgs/share/stm32_mavlink_msgs/srv/GetDCMotorConfig.idl
-- Up-to-date: /home/a/ws_nhk/install/stm32_mavlink_msgs/share/stm32_mavlink_msgs/srv/ReadRS485Param.idl
-- Up-to-date: /home/a/ws_nhk/install/stm32_mavlink_msgs/share/stm32_mavlink_msgs/srv/WriteRS485Param.idl
-- Up-to-date: /home/a/ws_nhk/install/stm32_mavlink_msgs/share/stm32_mavlink_msgs/srv/FlashSaveRS485.idl
-- Up-to-date: /home/a/ws_nhk/install/stm32_mavlink_msgs/share/stm32_mavlink_msgs/msg/ServoCommand.msg
-- Up-to-date: /home/a/ws_nhk/install/stm32_mavlink_msgs/share/stm32_mavlink_msgs/msg/ServoState.msg
-- Up-to-date: /home/a/ws_nhk/install/stm32_mavlink_msgs/share/stm32_mavlink_msgs/msg/EncoderState.msg
-- Up-to-date: /home/a/ws_nhk/install/stm32_mavlink_msgs/share/stm32_mavlink_msgs/msg/EncoderConfig.msg
-- Up-to-date: /home/a/ws_nhk/install/stm32_mavlink_msgs/share/stm32_mavlink_msgs/msg/RobomasterMotorCommand.msg
-- Up-to-date: /home/a/ws_nhk/install/stm32_mavlink_msgs/share/stm32_mavlink_msgs/msg/RobomasterMotorState.msg
-- Up-to-date: /home/a/ws_nhk/install/stm32_mavlink_msgs/share/stm32_mavlink_msgs/msg/RobomasterMotorConfig.msg
-- Up-to-date: /home/a/ws_nhk/install/stm32_mavlink_msgs/share/stm32_mavlink_msgs/msg/DCMotorCommand.msg
-- Up-to-date: /home/a/ws_nhk/install/stm32_mavlink_msgs/share/stm32_mavlink_msgs/msg/DCMotorState.msg
-- Up-to-date: /home/a/ws_nhk/install/stm32_mavlink_msgs/share/stm32_mavlink_msgs/msg/DCMotorConfig.msg
-- Up-to-date: /home/a/ws_nhk/install/stm32_mavlink_msgs/share/stm32_mavlink_msgs/msg/RS485MotorCommand.msg
-- Up-to-date: /home/a/ws_nhk/install/stm32_mavlink_msgs/share/stm32_mavlink_msgs/msg/RS485MotorState.msg
-- Up-to-date: /home/a/ws_nhk/install/stm32_mavlink_msgs/share/stm32_mavlink_msgs/msg/RS485MotorConfig.msg
-- Up-to-date: /home/a/ws_nhk/install/stm32_mavlink_msgs/share/stm32_mavlink_msgs/msg/RS485ReadRequest.msg
-- Up-to-date: /home/a/ws_nhk/install/stm32_mavlink_msgs/share/stm32_mavlink_msgs/msg/RS485ReadResponse.msg
-- Up-to-date: /home/a/ws_nhk/install/stm32_mavlink_msgs/share/stm32_mavlink_msgs/msg/RS485WriteRequest.msg
-- Up-to-date: /home/a/ws_nhk/install/stm32_mavlink_msgs/share/stm32_mavlink_msgs/msg/RS485WriteResponse.msg
-- Up-to-date: /home/a/ws_nhk/install/stm32_mavlink_msgs/share/stm32_mavlink_msgs/msg/RS485FlashSaveRequest.msg
-- Up-to-date: /home/a/ws_nhk/install/stm32_mavlink_msgs/share/stm32_mavlink_msgs/msg/LimitSwitchStatus.msg
-- Up-to-date: /home/a/ws_nhk/install/stm32_mavlink_msgs/share/stm32_mavlink_msgs/msg/WTT12LStatus.msg
-- Up-to-date: /home/a/ws_nhk/install/stm32_mavlink_msgs/share/stm32_mavlink_msgs/msg/SolenoidCommand.msg
-- Up-to-date: /home/a/ws_nhk/install/stm32_mavlink_msgs/share/stm32_mavlink_msgs/msg/SolenoidStatus.msg
-- Up-to-date: /home/a/ws_nhk/install/stm32_mavlink_msgs/share/stm32_mavlink_msgs/srv/SetServoConfig.srv
-- Up-to-date: /home/a/ws_nhk/install/stm32_mavlink_msgs/share/stm32_mavlink_msgs/srv/SetServoConfig_Request.msg
-- Up-to-date: /home/a/ws_nhk/install/stm32_mavlink_msgs/share/stm32_mavlink_msgs/srv/SetServoConfig_Response.msg
-- Up-to-date: /home/a/ws_nhk/install/stm32_mavlink_msgs/share/stm32_mavlink_msgs/srv/SetEncoderConfig.srv
-- Up-to-date: /home/a/ws_nhk/install/stm32_mavlink_msgs/share/stm32_mavlink_msgs/srv/SetEncoderConfig_Request.msg
-- Up-to-date: /home/a/ws_nhk/install/stm32_mavlink_msgs/share/stm32_mavlink_msgs/srv/SetEncoderConfig_Response.msg
-- Up-to-date: /home/a/ws_nhk/install/stm32_mavlink_msgs/share/stm32_mavlink_msgs/srv/SetRobomasterMotorConfig.srv
-- Up-to-date: /home/a/ws_nhk/install/stm32_mavlink_msgs/share/stm32_mavlink_msgs/srv/SetRobomasterMotorConfig_Request.msg
-- Up-to-date: /home/a/ws_nhk/install/stm32_mavlink_msgs/share/stm32_mavlink_msgs/srv/SetRobomasterMotorConfig_Response.msg
-- Up-to-date: /home/a/ws_nhk/install/stm32_mavlink_msgs/share/stm32_mavlink_msgs/srv/GetRobomasterMotorConfig.srv
-- Up-to-date: /home/a/ws_nhk/install/stm32_mavlink_msgs/share/stm32_mavlink_msgs/srv/GetRobomasterMotorConfig_Request.msg
-- Up-to-date: /home/a/ws_nhk/install/stm32_mavlink_msgs/share/stm32_mavlink_msgs/srv/GetRobomasterMotorConfig_Response.msg
-- Up-to-date: /home/a/ws_nhk/install/stm32_mavlink_msgs/share/stm32_mavlink_msgs/srv/SetDCMotorConfig.srv
-- Up-to-date: /home/a/ws_nhk/install/stm32_mavlink_msgs/share/stm32_mavlink_msgs/srv/SetDCMotorConfig_Request.msg
-- Up-to-date: /home/a/ws_nhk/install/stm32_mavlink_msgs/share/stm32_mavlink_msgs/srv/SetDCMotorConfig_Response.msg
-- Up-to-date: /home/a/ws_nhk/install/stm32_mavlink_msgs/share/stm32_mavlink_msgs/srv/GetDCMotorConfig.srv
-- Up-to-date: /home/a/ws_nhk/install/stm32_mavlink_msgs/share/stm32_mavlink_msgs/srv/GetDCMotorConfig_Request.msg
-- Up-to-date: /home/a/ws_nhk/install/stm32_mavlink_msgs/share/stm32_mavlink_msgs/srv/GetDCMotorConfig_Response.msg
-- Up-to-date: /home/a/ws_nhk/install/stm32_mavlink_msgs/share/stm32_mavlink_msgs/srv/ReadRS485Param.srv
-- Up-to-date: /home/a/ws_nhk/install/stm32_mavlink_msgs/share/stm32_mavlink_msgs/srv/ReadRS485Param_Request.msg
-- Up-to-date: /home/a/ws_nhk/install/stm32_mavlink_msgs/share/stm32_mavlink_msgs/srv/ReadRS485Param_Response.msg
-- Up-to-date: /home/a/ws_nhk/install/stm32_mavlink_msgs/share/stm32_mavlink_msgs/srv/WriteRS485Param.srv
-- Up-to-date: /home/a/ws_nhk/install/stm32_mavlink_msgs/share/stm32_mavlink_msgs/srv/WriteRS485Param_Request.msg
-- Up-to-date: /home/a/ws_nhk/install/stm32_mavlink_msgs/share/stm32_mavlink_msgs/srv/WriteRS485Param_Response.msg
-- Up-to-date: /home/a/ws_nhk/install/stm32_mavlink_msgs/share/stm32_mavlink_msgs/srv/FlashSaveRS485.srv
-- Up-to-date: /home/a/ws_nhk/install/stm32_mavlink_msgs/share/stm32_mavlink_msgs/srv/FlashSaveRS485_Request.msg
-- Up-to-date: /home/a/ws_nhk/install/stm32_mavlink_msgs/share/stm32_mavlink_msgs/srv/FlashSaveRS485_Response.msg
-- Up-to-date: /home/a/ws_nhk/install/stm32_mavlink_msgs/share/ament_index/resource_index/package_run_dependencies/stm32_mavlink_msgs
-- Up-to-date: /home/a/ws_nhk/install/stm32_mavlink_msgs/share/ament_index/resource_index/parent_prefix_path/stm32_mavlink_msgs
-- Up-to-date: /home/a/ws_nhk/install/stm32_mavlink_msgs/share/stm32_mavlink_msgs/environment/ament_prefix_path.sh
-- Up-to-date: /home/a/ws_nhk/install/stm32_mavlink_msgs/share/stm32_mavlink_msgs/environment/ament_prefix_path.dsv
-- Up-to-date: /home/a/ws_nhk/install/stm32_mavlink_msgs/share/stm32_mavlink_msgs/environment/path.sh
-- Up-to-date: /home/a/ws_nhk/install/stm32_mavlink_msgs/share/stm32_mavlink_msgs/environment/path.dsv
-- Up-to-date: /home/a/ws_nhk/install/stm32_mavlink_msgs/share/stm32_mavlink_msgs/local_setup.bash
-- Up-to-date: /home/a/ws_nhk/install/stm32_mavlink_msgs/share/stm32_mavlink_msgs/local_setup.sh
-- Up-to-date: /home/a/ws_nhk/install/stm32_mavlink_msgs/share/stm32_mavlink_msgs/local_setup.zsh
-- Up-to-date: /home/a/ws_nhk/install/stm32_mavlink_msgs/share/stm32_mavlink_msgs/local_setup.dsv
-- Installing: /home/a/ws_nhk/install/stm32_mavlink_msgs/share/stm32_mavlink_msgs/package.dsv
-- Up-to-date: /home/a/ws_nhk/install/stm32_mavlink_msgs/share/ament_index/resource_index/packages/stm32_mavlink_msgs
-- Up-to-date: /home/a/ws_nhk/install/stm32_mavlink_msgs/share/stm32_mavlink_msgs/cmake/export_stm32_mavlink_msgs__rosidl_generator_cExport.cmake
-- Up-to-date: /home/a/ws_nhk/install/stm32_mavlink_msgs/share/stm32_mavlink_msgs/cmake/export_stm32_mavlink_msgs__rosidl_generator_cExport-release.cmake
-- Up-to-date: /home/a/ws_nhk/install/stm32_mavlink_msgs/share/stm32_mavlink_msgs/cmake/export_stm32_mavlink_msgs__rosidl_typesupport_fastrtps_cExport.cmake
-- Up-to-date: /home/a/ws_nhk/install/stm32_mavlink_msgs/share/stm32_mavlink_msgs/cmake/export_stm32_mavlink_msgs__rosidl_typesupport_fastrtps_cExport-release.cmake
-- Up-to-date: /home/a/ws_nhk/install/stm32_mavlink_msgs/share/stm32_mavlink_msgs/cmake/stm32_mavlink_msgs__rosidl_typesupport_introspection_cExport.cmake
-- Up-to-date: /home/a/ws_nhk/install/stm32_mavlink_msgs/share/stm32_mavlink_msgs/cmake/stm32_mavlink_msgs__rosidl_typesupport_introspection_cExport-release.cmake
-- Up-to-date: /home/a/ws_nhk/install/stm32_mavlink_msgs/share/stm32_mavlink_msgs/cmake/stm32_mavlink_msgs__rosidl_typesupport_cExport.cmake
-- Up-to-date: /home/a/ws_nhk/install/stm32_mavlink_msgs/share/stm32_mavlink_msgs/cmake/stm32_mavlink_msgs__rosidl_typesupport_cExport-release.cmake
-- Up-to-date: /home/a/ws_nhk/install/stm32_mavlink_msgs/share/stm32_mavlink_msgs/cmake/export_stm32_mavlink_msgs__rosidl_generator_cppExport.cmake
-- Up-to-date: /home/a/ws_nhk/install/stm32_mavlink_msgs/share/stm32_mavlink_msgs/cmake/export_stm32_mavlink_msgs__rosidl_typesupport_fastrtps_cppExport.cmake
-- Up-to-date: /home/a/ws_nhk/install/stm32_mavlink_msgs/share/stm32_mavlink_msgs/cmake/export_stm32_mavlink_msgs__rosidl_typesupport_fastrtps_cppExport-release.cmake
-- Up-to-date: /home/a/ws_nhk/install/stm32_mavlink_msgs/share/stm32_mavlink_msgs/cmake/stm32_mavlink_msgs__rosidl_typesupport_introspection_cppExport.cmake
-- Up-to-date: /home/a/ws_nhk/install/stm32_mavlink_msgs/share/stm32_mavlink_msgs/cmake/stm32_mavlink_msgs__rosidl_typesupport_introspection_cppExport-release.cmake
-- Up-to-date: /home/a/ws_nhk/install/stm32_mavlink_msgs/share/stm32_mavlink_msgs/cmake/stm32_mavlink_msgs__rosidl_typesupport_cppExport.cmake
-- Up-to-date: /home/a/ws_nhk/install/stm32_mavlink_msgs/share/stm32_mavlink_msgs/cmake/stm32_mavlink_msgs__rosidl_typesupport_cppExport-release.cmake
-- Up-to-date: /home/a/ws_nhk/install/stm32_mavlink_msgs/share/stm32_mavlink_msgs/cmake/export_stm32_mavlink_msgs__rosidl_generator_pyExport.cmake
-- Up-to-date: /home/a/ws_nhk/install/stm32_mavlink_msgs/share/stm32_mavlink_msgs/cmake/export_stm32_mavlink_msgs__rosidl_generator_pyExport-release.cmake
-- Up-to-date: /home/a/ws_nhk/install/stm32_mavlink_msgs/share/stm32_mavlink_msgs/cmake/rosidl_cmake-extras.cmake
-- Up-to-date: /home/a/ws_nhk/install/stm32_mavlink_msgs/share/stm32_mavlink_msgs/cmake/ament_cmake_export_dependencies-extras.cmake
-- Up-to-date: /home/a/ws_nhk/install/stm32_mavlink_msgs/share/stm32_mavlink_msgs/cmake/ament_cmake_export_include_directories-extras.cmake
-- Up-to-date: /home/a/ws_nhk/install/stm32_mavlink_msgs/share/stm32_mavlink_msgs/cmake/ament_cmake_export_libraries-extras.cmake
-- Up-to-date: /home/a/ws_nhk/install/stm32_mavlink_msgs/share/stm32_mavlink_msgs/cmake/ament_cmake_export_targets-extras.cmake
-- Up-to-date: /home/a/ws_nhk/install/stm32_mavlink_msgs/share/stm32_mavlink_msgs/cmake/rosidl_cmake_export_typesupport_targets-extras.cmake
-- Up-to-date: /home/a/ws_nhk/install/stm32_mavlink_msgs/share/stm32_mavlink_msgs/cmake/rosidl_cmake_export_typesupport_libraries-extras.cmake
-- Up-to-date: /home/a/ws_nhk/install/stm32_mavlink_msgs/share/stm32_mavlink_msgs/cmake/stm32_mavlink_msgsConfig.cmake
-- Up-to-date: /home/a/ws_nhk/install/stm32_mavlink_msgs/share/stm32_mavlink_msgs/cmake/stm32_mavlink_msgsConfig-version.cmake
-- Up-to-date: /home/a/ws_nhk/install/stm32_mavlink_msgs/share/stm32_mavlink_msgs/package.xml
